Lx,Lz,alpha,gamma,id,norm,shear,dissipation,residual
13.75,9.333333333333334,0.4569589314312426,0.6731984257692414,1,0.25962967028452544,1.4240806455756014,1.5362574452197282,1.1287559478159237e-12
12.5,8.333333333333334,0.5026548245743669,0.7539822368615503,1,0.25491191030679194,1.4400297067047743,1.5864946350803897,2.401625940008357e-9
11.25,7.333333333333333,0.5585053606381855,0.85679799643358,1,0.29669095420965064,1.5179082665276584,1.5388731578979544,3.1121447044528537e-9
11.25,7.333333333333333,0.5585053606381855,0.85679799643358,2,0.382486090961572,1.9032397844725855,1.882516731039767,2.8958618691961023e-9
11.25,7.333333333333333,0.5585053606381855,0.85679799643358,3,0.25214137217256605,1.4570067976613919,1.6498673670853718,7.016732764596865e-13
11.25,7.333333333333333,0.5585053606381855,0.85679799643358,4,0.3764301805244133,1.573828850719355,1.6933478457923918,7.589090430913992e-11
10.0,6.333333333333333,0.6283185307179586,0.9920818906073031,1,0.2502191306998844,1.4736903811675386,1.7275913269218357,8.333002468442748e-10
10.0,6.333333333333333,0.6283185307179586,0.9920818906073031,2,0.3158494811748279,1.5489324058797165,1.593236345241446,6.804452485964048e-10
7.5,4.333333333333333,0.8377580409572781,1.4499658401183662,1,0.1672169150776924,1.221073524999148,1.433138061612579,3.6691056077423235e-12
7.5,4.333333333333333,0.8377580409572781,1.4499658401183662,2,0.19403539635645775,1.3150230612032818,1.5800956089421545,1.701794647265518e-9
8.75,5.333333333333333,0.7180783208205241,1.1780972450961724,1,0.24357146322136478,1.4772842660810706,1.7853090434181311,3.368009455320963e-10
6.25,3.3333333333333335,1.0053096491487339,1.8849555921538759,1,0.10488779190304433,1.1269705050020855,1.2194901264041063,9.912853333780217e-9
6.25,3.3333333333333335,1.0053096491487339,1.8849555921538759,2,0.22000801647316828,1.3021326557484394,1.296162192120754,2.6635514368108652e-11
5.0,2.0,1.2566370614359172,3.141592653589793,1,0.12620354579599066,1.0653770108586418,1.072245144208797,1.0623556277067944e-10
13.75,9.666666666666666,0.4569589314312426,0.6499846869496124,1,0.27125631099828545,1.454347851871471,1.5636487675691673,2.0935909637211518e-8
13.75,9.666666666666666,0.4569589314312426,0.6499846869496124,2,0.4237044896363557,1.6301906106351094,1.7580465412046982,7.433533557351067e-14
12.5,8.666666666666666,0.5026548245743669,0.7249829200591831,1,0.26651063716898327,1.4750196249866705,1.6170485655934694,4.009762354957398e-9
12.5,8.666666666666666,0.5026548245743669,0.7249829200591831,2,0.4099327126300744,1.6740516669923144,1.800075691583475,2.36671382064677e-12
11.25,7.666666666666667,0.5585053606381855,0.8195459096321199,1,0.2643445444779662,1.5001479926869221,1.6870302616346136,1.6510269135493667e-13
11.25,7.666666666666667,0.5585053606381855,0.8195459096321199,2,0.2931806936302893,1.5524898568672714,1.5556630420170623,1.9602986761979513e-11
11.25,7.666666666666667,0.5585053606381855,0.8195459096321199,3,0.39524916646643315,1.9361470176519264,1.904420249302489,1.2352663995782622e-11
11.25,7.666666666666667,0.5585053606381855,0.8195459096321199,4,0.37805587034729776,1.5667578043584665,1.675061838217156,1.4289444017927394e-11
10.0,6.666666666666667,0.6283185307179586,0.9424777960769379,1,0.34144804953773455,1.826481994951763,1.797683801506368,7.512868790440623e-14
10.0,6.666666666666667,0.6283185307179586,0.9424777960769379,2,0.2649983030378787,1.534890318433477,1.7840894767498572,3.29478506475435e-14
10.0,6.666666666666667,0.6283185307179586,0.9424777960769379,3,0.2847481476608471,1.4184885889494707,1.4556549452159786,2.282193882390447e-9
10.0,6.666666666666667,0.6283185307179586,0.9424777960769379,4,0.3579258211337271,1.8732826656362072,1.7494087821719828,2.1324305462732047e-11
10.0,6.666666666666667,0.6283185307179586,0.9424777960769379,5,0.38374872605307525,1.639168104089185,1.7960258918385457,1.2219642802476215e-9
8.75,5.666666666666667,0.7180783208205241,1.1087974071493387,1,0.2667364134735476,1.581108542721613,1.9091940276900372,1.6332389486317964e-10
7.5,4.666666666666667,0.8377580409572781,1.3463968515384828,1,0.25615762050448554,1.5797675901320543,1.96702390603305,8.018741538577415e-14
6.25,3.6666666666666665,1.0053096491487339,1.71359599286716,1,0.14551059282660428,1.199883376148175,1.3851420006666473,2.9777639579139362e-9
6.25,3.6666666666666665,1.0053096491487339,1.71359599286716,2,0.2963337334143479,1.8198539938990757,1.7763390807879806,1.1306050917419395e-10
5.0,2.3333333333333335,1.2566370614359172,2.6927937030769655,1,0.12356520024135376,1.0549940485258005,1.0585801928562324,3.4159455711048555e-8
5.0,2.3333333333333335,1.2566370614359172,2.6927937030769655,2,0.10753953053815056,1.2925868305129766,1.3375342592164308,4.535424028400456e-9
5.0,2.3333333333333335,1.2566370614359172,2.6927937030769655,3,0.298690865344149,2.8897397254055788,2.640594796483943,4.409948668562549e-11
5.0,2.3333333333333335,1.2566370614359172,2.6927937030769655,4,0.2856240256239005,1.2744725984853016,1.2816694911681785,7.919880611705494e-10
13.75,10.0,0.4569589314312426,0.6283185307179586,1,0.2823925979753741,1.4818956766283131,1.5880157589196977,4.931593275097537e-13
12.5,9.0,0.5026548245743669,0.6981317007977318,1,0.2772875281140789,1.5057476313821005,1.6426702355965455,9.575805587146538e-9
11.25,8.0,0.5585053606381855,0.7853981633974483,1,0.3094709929843315,1.7060465095084132,1.672264717935931,9.64619180646353e-9
11.25,8.0,0.5585053606381855,0.7853981633974483,2,0.2750337526905914,1.5358757934692187,1.7150047148474188,8.378381827990815e-11
10.0,7.0,0.6283185307179586,0.8975979010256552,1,0.5565799781496222,2.7337671327559394,2.759975197362224,5.828355892469521e-14
10.0,7.0,0.6283185307179586,0.8975979010256552,2,0.2690260721164893,1.3712127351515235,1.4007923447458177,5.317255057771053e-9
10.0,7.0,0.6283185307179586,0.8975979010256552,3,0.2764869156947258,1.5806678871747035,1.8196346830382377,7.175372168316528e-13
10.0,7.0,0.6283185307179586,0.8975979010256552,4,0.3533763009686367,1.8878404975281997,1.8628722302310783,2.042286323539031e-12
10.0,7.0,0.6283185307179586,0.8975979010256552,5,0.37729754277443267,1.5772443253991495,1.6966895282230523,1.2150489136307087e-11
8.75,6.0,0.7180783208205241,1.0471975511965976,1,0.2822586646891135,1.6565074674886375,1.9770349930697475,1.1213727957428e-8
8.75,6.0,0.7180783208205241,1.0471975511965976,2,0.25792965048748107,1.3394853158740003,1.3788186784740768,2.0819825379118703e-12
7.5,5.0,0.8377580409572781,1.2566370614359172,1,0.2849690416085232,1.7420821929914703,2.139226873507214,3.0101722131003626e-12
6.25,4.0,1.0053096491487339,1.5707963267948966,1,0.26334212550880587,1.70798352687517,2.1265206177488025,5.5273055594814476e-14
5.0,2.6666666666666665,1.2566370614359172,2.356194490192345,1,0.10752576692597048,1.2082683428191927,1.3006680587807162,5.236200916914739e-13
5.0,2.6666666666666665,1.2566370614359172,2.356194490192345,2,0.12868512034011945,1.0599852321677345,1.0604209133309108,1.8631168160981738e-10
5.0,2.6666666666666665,1.2566370614359172,2.356194490192345,3,0.33051240221682615,1.3234942015236357,1.3421374263768717,1.8674773410023087e-12
12.5,9.333333333333334,0.5026548245743669,0.6731984257692414,1,0.28756531784619294,1.5334167621583548,1.6650124544181928,3.947372338566547e-9
11.25,8.333333333333334,0.5585053606381855,0.7539822368615503,1,0.28485522932423685,1.5666628444421897,1.7373881752783595,3.30671254718362e-11
10.0,7.333333333333333,0.6283185307179586,0.85679799643358,1,0.3634759908385735,1.9293271666864937,1.897678832691701,1.1500936920143393e-9
10.0,7.333333333333333,0.6283185307179586,0.85679799643358,2,0.26177625849570757,1.3657057616765675,1.3869228946313232,9.263311313796646e-11
10.0,7.333333333333333,0.6283185307179586,0.85679799643358,3,0.28623335104234887,1.6170965826068502,1.8435578882933092,1.4621155866813855e-8
8.75,6.333333333333333,0.7180783208205241,0.9920818906073031,1,0.23690793652432718,1.2701354429858829,1.3021644036198936,1.0788139292770963e-8
8.75,6.333333333333333,0.7180783208205241,0.9920818906073031,2,0.29302237392191843,1.7164935189014,1.9535225458734105,3.333531544922894e-8
7.5,5.333333333333333,0.8377580409572781,1.1780972450961724,1,0.2244087128889412,1.273346350784566,1.3122337092358765,2.7423986895646492e-11
7.5,5.333333333333333,0.8377580409572781,1.1780972450961724,2,0.3025858217969911,1.8505243321636287,2.2322501309982252,4.598861993558365e-10
7.5,5.333333333333333,0.8377580409572781,1.1780972450961724,3,0.32777511345280386,1.6969217669285943,1.7386452380434156,3.4406601506333405e-13
6.25,4.333333333333333,1.0053096491487339,1.4499658401183662,1,0.2967086474317013,1.9242170859095422,2.3374617061083742,2.8276155873037985e-10
5.0,3.0,1.2566370614359172,2.0943951023931953,1,0.152250709964996,1.0999439702923761,1.0940401729539557,2.0242166420372956e-8
5.0,3.0,1.2566370614359172,2.0943951023931953,2,0.14219064471905268,1.2633641930574395,1.4527239309287432,8.562648130066977e-10
12.5,9.666666666666666,0.5026548245743669,0.6499846869496124,1,0.2975481958869116,1.5588584886935875,1.6851504062650644,6.062565068870234e-9
11.25,8.666666666666666,0.5585053606381855,0.7249829200591831,1,0.2941780198340296,1.594061146783535,1.756301219804103,4.4076911262843185e-14
11.25,8.666666666666666,0.5585053606381855,0.7249829200591831,2,0.3933121145677552,1.5843908292266882,1.677907022041473,6.776693802151601e-9
10.0,7.666666666666667,0.6283185307179586,0.8195459096321199,1,0.29501204340843107,1.6475466503447787,1.8607512722470092,9.13344754290525e-12
10.0,7.666666666666667,0.6283185307179586,0.8195459096321199,2,0.2616006316837076,1.3986755637815034,1.4082695562700778,1.1182867241813115e-9
10.0,7.666666666666667,0.6283185307179586,0.8195459096321199,3,0.37316759188327003,1.9601373160231141,1.9151598179410994,4.2871499265015113e-14
8.75,6.666666666666667,0.7180783208205241,0.9424777960769379,1,0.3344024440112698,1.8904928502833833,1.8650827121007993,2.523530910795601e-13
8.75,6.666666666666667,0.7180783208205241,0.9424777960769379,2,0.22600965342325055,1.2403172797380022,1.2669061141203681,7.560751678875889e-11
8.75,6.666666666666667,0.7180783208205241,0.9424777960769379,3,0.3030654011893772,1.7525388908793211,2.0390412885389155,6.815934620744475e-10
7.5,5.666666666666667,0.8377580409572781,1.1087974071493387,1,0.3936424295410963,1.9933463288415632,2.044011825984951,5.142576330862325e-10
7.5,5.666666666666667,0.8377580409572781,1.1087974071493387,2,0.20411261625411586,1.2076975576881883,1.2383360630407045,1.2884991978849274e-11
7.5,5.666666666666667,0.8377580409572781,1.1087974071493387,3,0.42877149759863553,2.3720412362184056,2.4368511101866934,8.501875995124476e-14
7.5,5.666666666666667,0.8377580409572781,1.1087974071493387,4,0.315509260922259,1.9330019984827906,2.2900620769774975,9.287639571162422e-10
6.25,4.666666666666667,1.0053096491487339,1.3463968515384828,1,0.2004486213401961,1.249853753124127,1.2895534340182429,2.0088635953413766e-12
6.25,4.666666666666667,1.0053096491487339,1.3463968515384828,2,0.2981489722913851,1.6557339995502063,1.7027886548772098,1.690000142081989e-12
12.5,10.0,0.5026548245743669,0.6283185307179586,1,0.3073724783149778,1.5826703970715483,1.703814763490135,2.1391589860199732e-8
12.5,10.0,0.5026548245743669,0.6283185307179586,2,0.4136418475284215,1.5871982943287035,1.6859731859038516,8.511500974659507e-14
5.0,3.3333333333333335,1.2566370614359172,1.8849555921538759,1,0.26088418019977877,1.853507404904915,2.229182753379235,4.625548098295704e-10
11.25,9.0,0.5585053606381855,0.6981317007977318,1,0.30322826562256944,1.6191008518225887,1.773069838414978,1.3224684296161863e-9
11.25,9.0,0.5585053606381855,0.6981317007977318,2,0.3953743962841668,1.562142932878953,1.6471062461252353,1.0826198501461831e-8
10.0,8.0,0.6283185307179586,0.7853981633974483,1,0.30326153027776165,1.6740832147432934,1.8740768036440052,1.4906214907323043e-14
10.0,8.0,0.6283185307179586,0.7853981633974483,2,0.27022387042277396,1.4887909254945906,1.4779823695486534,1.926432679470044e-11
10.0,8.0,0.6283185307179586,0.7853981633974483,3,0.38368302633904383,1.985738325376182,1.9199130014404022,7.193523931180595e-11
8.75,7.0,0.7180783208205241,0.8975979010256552,1,0.22059903742812584,1.2309568285319612,1.2526764457199309,2.5120844090287666e-9
8.75,7.0,0.7180783208205241,0.8975979010256552,2,0.34884633720372155,1.9687438493751306,1.9426649905740176,5.2303691178077855e-9
8.75,7.0,0.7180783208205241,0.8975979010256552,3,0.552836550159005,3.1973778339405605,3.342403219583963,8.566094341152172e-12
8.75,7.0,0.7180783208205241,0.8975979010256552,4,0.33738676194664047,1.8596617298021199,1.7065029610892508,1.994078621079324e-13
8.75,7.0,0.7180783208205241,0.8975979010256552,5,0.31107429612288395,1.7851689952850753,2.0514484581790766,2.2365312107905176e-13
7.5,6.0,0.8377580409572781,1.0471975511965976,1,0.19253142636406415,1.1742345800239524,1.1995601001003924,1.7221744006977517e-12
7.5,6.0,0.8377580409572781,1.0471975511965976,2,0.32595799130745917,1.998934080943358,2.327854947865415,1.939277719577903e-9
6.25,5.0,1.0053096491487339,1.2566370614359172,1,0.17817378668113107,1.1771547928460189,1.206392884271423,3.777927993217121e-12
6.25,5.0,1.0053096491487339,1.2566370614359172,2,0.41938507786072093,2.563312236723148,2.284733779127367,5.54015743536866e-9
11.25,9.333333333333334,0.5585053606381855,0.6731984257692414,1,0.312152493299903,1.642499006529441,1.788562269422564,5.990919805771062e-13
11.25,9.333333333333334,0.5585053606381855,0.6731984257692414,2,0.3981308313048732,1.5454116547369572,1.623140924916142,6.300349465301412e-13
5.0,3.6666666666666665,1.2566370614359172,1.71359599286716,1,0.37253024821613745,2.9492417590504134,2.9264303466540715,7.016056049315658e-11
5.0,3.6666666666666665,1.2566370614359172,1.71359599286716,2,0.3672287197085944,2.3461096242320725,2.245854024579952,4.942030096626753e-11
10.0,8.333333333333334,0.6283185307179586,0.7539822368615503,1,0.3006039760338052,1.7191978655398898,1.6611603503509758,5.890008298960914e-10
10.0,8.333333333333334,0.6283185307179586,0.7539822368615503,2,0.3112487139865257,1.6980572289193356,1.885311086208801,3.89270799090006e-9
14.166666666666666,3.0,0.4435189628597355,2.0943951023931953,1,0.21892554888085963,1.5710748581008218,1.6344328437263274,1.1839934739060692e-8
14.166666666666666,3.0,0.4435189628597355,2.0943951023931953,2,0.16085732442472908,1.333720026292861,1.378312335868743,4.3785464899700105e-13
8.75,7.333333333333333,0.7180783208205241,0.85679799643358,1,0.3183160613591363,1.8116003085714916,2.0575218559603927,7.716727278405095e-14
8.75,7.333333333333333,0.7180783208205241,0.85679799643358,2,0.21979842346820538,1.2395488708787619,1.255842472892339,7.645393484411908e-9
8.75,7.333333333333333,0.7180783208205241,0.85679799643358,3,0.586952187865744,2.943774465736763,2.9280452258687437,1.673285690940476e-12
8.75,7.333333333333333,0.7180783208205241,0.85679799643358,4,0.41151945195435136,1.970600619726535,2.035915296043161,3.350282945042757e-12
8.75,7.333333333333333,0.7180783208205241,0.85679799643358,5,0.3602823858393747,2.021812962441359,1.9852521334043502,2.4866618915554253e-11
7.5,6.333333333333333,0.8377580409572781,0.9920818906073031,1,0.326328235833686,1.9323309156709596,2.159736715595862,5.592094394607468e-9
7.5,6.333333333333333,0.8377580409572781,0.9920818906073031,2,0.18537588861678383,1.1555729728149462,1.1770579171994142,1.346021740835339e-10
7.5,6.333333333333333,0.8377580409572781,0.9920818906073031,3,0.3285147502132261,2.02376087093137,2.117584444212212,7.470670837873051e-10
6.25,5.333333333333333,1.0053096491487339,1.1780972450961724,1,0.16557734902251414,1.1405665651874979,1.1637202525764851,4.4475361412777396e-11
11.25,9.666666666666666,0.5585053606381855,0.6499846869496124,1,0.3210511069173422,1.6647782072613495,1.8033725787973984,4.221361180890018e-11
11.25,9.666666666666666,0.5585053606381855,0.6499846869496124,2,0.4012677595750686,1.532262213601621,1.6038429953864033,6.932755412663989e-15
5.0,4.0,1.2566370614359172,1.5707963267948966,1,0.19077141573462897,1.2813691613802165,1.3257479772813183,3.6022354360935723e-9
5.0,4.0,1.2566370614359172,1.5707963267948966,2,0.3251045778030476,2.325779767238803,2.6288091940405436,3.3274629175065403e-9
5.0,4.0,1.2566370614359172,1.5707963267948966,3,0.2504381530730722,1.538756433434696,1.5927087376942337,9.513369326402824e-11
10.0,8.666666666666666,0.6283185307179586,0.7249829200591831,1,0.31914412764631456,1.7203954270306698,1.8955955580024448,8.543831626674126e-14
14.166666666666666,3.3333333333333335,0.4435189628597355,1.8849555921538759,1,0.12384564303962588,1.178269907610407,1.2160265184236916,1.3629078159467158e-8
14.166666666666666,3.3333333333333335,0.4435189628597355,1.8849555921538759,2,0.2905094675661864,1.8589333156708174,1.9473110189464409,2.1065147405815415e-8
8.75,7.666666666666667,0.7180783208205241,0.8195459096321199,1,0.325145534929847,1.83387580956309,2.060117446036897,1.807991167947784e-9
8.75,7.666666666666667,0.7180783208205241,0.8195459096321199,2,0.2243481804269573,1.2716278319476992,1.2802574022829216,2.315457339807863e-9
8.75,7.666666666666667,0.7180783208205241,0.8195459096321199,3,0.5373875731526899,2.728006160983763,2.7228954804131025,5.478250426086293e-12
8.75,7.666666666666667,0.7180783208205241,0.8195459096321199,4,0.3702033690062944,2.060470130654006,2.004794585322406,1.3021153356361836e-12
7.5,6.666666666666667,0.8377580409572781,0.9424777960769379,1,0.18127298080393245,1.1465602164869042,1.164921599480047,2.626710660518171e-11
7.5,6.666666666666667,0.8377580409572781,0.9424777960769379,2,0.3834725931303375,1.5532375384077386,1.663132017117896,1.5063255673644045e-10
7.5,6.666666666666667,0.8377580409572781,0.9424777960769379,3,0.3354397365766179,1.9659424145850006,1.9685142058794045,2.6726853125050663e-13
7.5,6.666666666666667,0.8377580409572781,0.9424777960769379,4,0.3431763078945725,2.0977968390190713,2.369634739414396,5.827614291728699e-10
7.5,6.666666666666667,0.8377580409572781,0.9424777960769379,5,0.3369902990461474,1.9309971530785468,2.1253962515615856,3.8989116782229694e-13
11.25,10.0,0.5585053606381855,0.6283185307179586,1,0.3299978295821259,1.6863387236465424,1.8179285003007966,7.142824299514561e-9
11.25,10.0,0.5585053606381855,0.6283185307179586,2,0.4046248367980648,1.5217219492260603,1.588055087422664,6.990576046284037e-13
6.25,5.666666666666667,1.0053096491487339,1.1087974071493387,1,0.15750784220736094,1.118790206684749,1.1379803233468466,5.382931388637275e-9
6.25,5.666666666666667,1.0053096491487339,1.1087974071493387,2,0.35631456835292574,1.8346668888745237,1.8436430384137017,1.4411452315365764e-8
10.0,9.0,0.6283185307179586,0.6981317007977318,1,0.327062218287382,1.7417629713497553,1.9056863748679667,1.2335868058216637e-13
5.0,4.333333333333333,1.2566370614359172,1.4499658401183662,1,0.15898272583756412,1.1699769028644786,1.1986861302697254,8.422057766410761e-11
5.0,4.333333333333333,1.2566370614359172,1.4499658401183662,2,0.28720328409983514,1.688872298905362,1.7253590262199685,3.405675708858785e-8
14.166666666666666,3.6666666666666665,0.4435189628597355,1.71359599286716,1,0.11196513988173427,1.126512948439434,1.162603091851868,8.042709568524503e-10
14.166666666666666,3.6666666666666665,0.4435189628597355,1.71359599286716,2,0.3283882698158479,2.004549882950486,2.1094467979500937,1.3651734071985732e-14
8.75,8.0,0.7180783208205241,0.7853981633974483,1,0.23658252117874848,1.344067847011002,1.3393355796107822,2.3034645309536246e-9
8.75,8.0,0.7180783208205241,0.7853981633974483,2,0.4921046961548489,2.4350027662503537,2.4379834589496685,1.5664597423878328e-11
8.75,8.0,0.7180783208205241,0.7853981633974483,3,0.3889807861997662,1.498137936750226,1.5588645644835046,1.3591308059254787e-14
8.75,8.0,0.7180783208205241,0.7853981633974483,4,0.37947437492976294,2.0884595758600284,2.0016412247245836,1.552368999611163e-14
8.75,8.0,0.7180783208205241,0.7853981633974483,5,0.33181917121835175,1.8536607250976287,2.0613669980202234,3.438104844502987e-11
7.5,7.0,0.8377580409572781,0.8975979010256552,1,0.1798306063232058,1.1459393367508146,1.161313254186729,1.39199885672017e-10
7.5,7.0,0.8377580409572781,0.8975979010256552,2,0.3582286688365608,2.1008999674793336,2.0930246907786385,2.4915229117625453e-9
7.5,7.0,0.8377580409572781,0.8975979010256552,3,0.3284255772663873,1.947381614443929,1.7743752612201826,4.165987445686981e-10
6.25,6.0,1.0053096491487339,1.0471975511965976,1,0.1522406024854401,1.1052846671060979,1.1216931334174556,5.794678836216193e-12
10.0,9.333333333333334,0.6283185307179586,0.6731984257692414,1,0.33604385824600636,1.763721073259946,1.9168630425532058,1.5511967961634774e-10
10.0,9.333333333333334,0.6283185307179586,0.6731984257692414,2,0.3979964955223919,1.485022182153548,1.5328014338785452,2.5495944896220083e-9
14.166666666666666,4.0,0.4435189628597355,1.5707963267948966,1,0.10626867734928344,1.099940984065207,1.1350336745286889,4.83466768505122e-13
12.916666666666666,3.0,0.48644015281390346,2.0943951023931953,1,0.1341970327386341,1.251943777087006,1.2921386631436778,3.7511792956347076e-13
12.916666666666666,3.0,0.48644015281390346,2.0943951023931953,2,0.24819063772060773,1.75286824165875,1.8245195532436609,1.2985300521943164e-11
5.0,4.666666666666667,1.2566370614359172,1.3463968515384828,1,0.14401296598997398,1.125346216494584,1.146463650829869,1.405538366179175e-9
5.0,4.666666666666667,1.2566370614359172,1.3463968515384828,2,0.3884158327312778,2.9159470971608483,2.9507908068941093,1.3767702477990215e-8
5.0,4.666666666666667,1.2566370614359172,1.3463968515384828,3,0.3088019878785813,1.756661842373483,1.7778148683657369,2.195617999939415e-10
8.75,8.333333333333334,0.7180783208205241,0.7539822368615503,1,0.26090897628251336,1.4977500743301313,1.4653120715790164,9.410437763722759e-12
8.75,8.333333333333334,0.7180783208205241,0.7539822368615503,2,0.3928345780376487,1.4858752906023458,1.5378404663157708,9.187856275454883e-9
8.75,8.333333333333334,0.7180783208205241,0.7539822368615503,3,0.3385294188042311,1.8723156036126425,2.062845167084517,3.842513201556082e-11
7.5,7.333333333333333,0.8377580409572781,0.85679799643358,1,0.18134747840555174,1.1551426082683092,1.1669768373554628,1.469175593161677e-11
7.5,7.333333333333333,0.8377580409572781,0.85679799643358,2,0.35849036372870974,2.169467012323408,2.388979307791786,2.596949529197831e-11
7.5,7.333333333333333,0.8377580409572781,0.85679799643358,3,0.32833538872284695,1.4659493574264097,1.5152612831041863,7.560888126529716e-11
6.25,6.333333333333333,1.0053096491487339,0.9920818906073031,1,0.14901054200667443,1.0973674828364621,1.1116674026371327,1.0512898801673567e-13
6.25,6.333333333333333,1.0053096491487339,0.9920818906073031,2,0.4118032444681828,2.8468550174296303,2.842257338702917,1.7005519514843033e-9
10.0,9.666666666666666,0.6283185307179586,0.6499846869496124,1,0.40185273903494845,1.4770580086337541,1.5197672921236984,1.1857594331163318e-11
10.0,9.666666666666666,0.6283185307179586,0.6499846869496124,2,0.3485188193496479,1.7886978865930723,1.931045796127692,1.1585071313842123e-10
14.166666666666666,4.333333333333333,0.4435189628597355,1.4499658401183662,1,0.10360352588355212,1.084728601063031,1.1193171427552688,1.5879502608634132e-8
12.916666666666666,3.3333333333333335,0.48644015281390346,1.8849555921538759,1,0.11318592566206308,1.155083809299625,1.1936087735842031,5.013681075267286e-12
12.916666666666666,3.3333333333333335,0.48644015281390346,1.8849555921538759,2,0.30344652450043935,1.9929452008392257,2.0818556183419212,1.3646893280568325e-8
5.0,5.0,1.2566370614359172,1.2566370614359172,1,0.13480880464313186,1.100180092985149,1.1168065896631594,3.8226609714695927e-13
8.75,8.666666666666666,0.7180783208205241,0.7249829200591831,1,0.3454266432885328,1.8909465033632369,2.0657028258704395,3.3842719565105663e-9
7.5,7.666666666666667,0.8377580409572781,0.8195459096321199,1,0.18703983898785975,1.1794456606595674,1.1860076919994271,9.987302228525447e-11
7.5,7.666666666666667,0.8377580409572781,0.8195459096321199,2,0.36613532549611244,2.200330723550634,2.3961726473304976,3.008680264488024e-11
7.5,7.666666666666667,0.8377580409572781,0.8195459096321199,3,0.3932226626537561,1.4908908502785434,1.5524786036745963,1.0737136813348611e-9
6.25,6.666666666666667,1.0053096491487339,0.9424777960769379,1,0.14750236486894236,1.094019051840045,1.106535108662825,2.864445511984741e-13
6.25,6.666666666666667,1.0053096491487339,0.9424777960769379,2,0.29201986653411605,1.698448488332551,1.7146864662069974,9.957273655599853e-10
6.25,6.666666666666667,1.0053096491487339,0.9424777960769379,3,0.3345451155551599,2.0953562339017564,1.980397999421924,4.0558360053851773e-13
6.25,6.666666666666667,1.0053096491487339,0.9424777960769379,4,0.3869110752459723,1.520822055206647,1.6138667201828696,1.5117955829666132e-14
6.25,6.666666666666667,1.0053096491487339,0.9424777960769379,5,0.36826615676604973,2.2122994672779646,2.2492527978657417,2.6834032019561268e-11
6.25,6.666666666666667,1.0053096491487339,0.9424777960769379,6,0.37520484389920145,2.4856114599824126,2.6702356894465824,1.754575625768168e-10
10.0,10.0,0.6283185307179586,0.6283185307179586,1,0.3587431084790419,1.8104718590292974,1.944430699867129,2.701464868589846e-9
10.0,10.0,0.6283185307179586,0.6283185307179586,2,0.40564327448482657,1.4700585369144665,1.5082949594329276,5.194339403690954e-13
14.166666666666666,4.666666666666667,0.4435189628597355,1.3463968515384828,1,0.10283121372377793,1.0757739352702258,1.1103668096494799,6.429645551116221e-8
11.666666666666666,2.6666666666666665,0.5385587406153931,2.356194490192345,1,0.22231353467552153,1.5696754616252724,1.5911393819519477,1.4953439724860945e-9
12.916666666666666,3.6666666666666665,0.48644015281390346,1.71359599286716,1,0.10487334355404442,1.1141819235161168,1.1520716407819402,1.371690870264573e-8
12.916666666666666,3.6666666666666665,0.48644015281390346,1.71359599286716,2,0.33651686862790275,2.1376845146062236,2.239105773063127,3.894087009845369e-13
5.0,5.333333333333333,1.2566370614359172,1.1780972450961724,1,0.12878490898425968,1.0844360450056814,1.098168254453912,2.0916486203891757e-11
5.0,5.333333333333333,1.2566370614359172,1.1780972450961724,2,0.4048142029759579,3.173907589838336,3.046821731160815,1.1495686439780416e-8
8.75,9.0,0.7180783208205241,0.6981317007977318,1,0.3526420331764351,1.910500289647198,2.0708337041773417,1.9087320810245867e-10
7.5,8.0,0.8377580409572781,0.7853981633974483,1,0.19978178948985903,1.232363599403104,1.2293998572532847,1.7025109335700675e-11
7.5,8.0,0.8377580409572781,0.7853981633974483,2,0.3741127192911271,2.230799012070627,2.4047031045778766,5.090921039173674e-9
14.166666666666666,5.0,0.4435189628597355,1.2566370614359172,1,0.10344528055866106,1.0707785264827308,1.1059106393765303,2.846206656596009e-11
6.25,7.0,1.0053096491487339,0.8975979010256552,1,0.14773035185632805,1.09534808408083,1.1060750388482512,7.244591262914001e-14
6.25,7.0,1.0053096491487339,0.8975979010256552,2,0.29734462010692775,1.7011876455684158,1.7349813569921593,2.8592215248987472e-11
6.25,7.0,1.0053096491487339,0.8975979010256552,3,0.34621252478217907,2.0151248920768117,2.0897290202171344,2.0113502581566366e-12
6.25,7.0,1.0053096491487339,0.8975979010256552,4,0.3692012555855167,2.3068062955959245,2.1653308645907146,4.16919294815168e-11
6.25,7.0,1.0053096491487339,0.8975979010256552,5,0.4315932865159611,3.023970419984677,2.9575750019928844,4.7370658971219e-13
12.916666666666666,4.0,0.48644015281390346,1.5707963267948966,1,0.10112331831524733,1.0925288538643882,1.1301241508768083,6.466871884755862e-9
11.666666666666666,3.0,0.5385587406153931,2.0943951023931953,1,0.1182268034722776,1.2068895615921647,1.2462542731456219,3.074057360846609e-8
11.666666666666666,3.0,0.5385587406153931,2.0943951023931953,2,0.2694838517966254,1.929143661347873,1.9980054730843553,9.348101685582614e-11
8.75,9.333333333333334,0.7180783208205241,0.6731984257692414,1,0.36031919875946977,1.9319307115118312,2.079094765436396,1.1202053602068437e-11
8.75,9.333333333333334,0.7180783208205241,0.6731984257692414,2,0.40452077584441004,1.4573068049071074,1.4897671839549833,3.036583983819603e-11
5.0,5.666666666666667,1.2566370614359172,1.1087974071493387,1,0.12484484840109718,1.0742195517452613,1.0859749610565994,5.62041085888032e-10
5.0,5.666666666666667,1.2566370614359172,1.1087974071493387,2,0.3751479652641986,1.943663681756313,1.966674664161145,7.0595045520601075e-9
7.5,8.333333333333334,0.8377580409572781,0.7539822368615503,1,0.40106605032705733,1.4663323194709927,1.5088594701210667,3.5141406985769415e-9
7.5,8.333333333333334,0.8377580409572781,0.7539822368615503,2,0.38274753621984625,2.2635151322258755,2.4171390220179667,1.2598707773878795e-10
7.5,8.333333333333334,0.8377580409572781,0.7539822368615503,3,0.22507618957823325,1.3466660101348242,1.3240419239541805,1.0565700793221312e-8
14.166666666666666,5.333333333333333,0.4435189628597355,1.1780972450961724,1,0.10521753710786294,1.0686383181437002,1.1048876068614506,1.4796067341938155e-8
6.25,7.333333333333333,1.0053096491487339,0.85679799643358,1,0.15010624561401942,1.1028015132448568,1.1112749362191725,2.539591753517917e-10
6.25,7.333333333333333,1.0053096491487339,0.85679799643358,2,0.30299538795894276,1.7205064654965403,1.761677387757066,3.352469490547302e-10
6.25,7.333333333333333,1.0053096491487339,0.85679799643358,3,0.34531121104391466,1.9849285547814997,2.0677688612442253,8.263176754695177e-10
6.25,7.333333333333333,1.0053096491487339,0.85679799643358,4,0.3868413009968491,2.2376847255931223,2.3478334473212352,1.0502169669111809e-9
6.25,7.333333333333333,1.0053096491487339,0.85679799643358,5,0.45017283139031217,2.2767277756186863,2.221914656244949,6.709983067313116e-11
12.916666666666666,4.333333333333333,0.48644015281390346,1.4499658401183662,1,0.09988204953067956,1.0802724350951947,1.118078894263489,3.4679586513978934e-12
12.916666666666666,4.333333333333333,0.48644015281390346,1.4499658401183662,2,0.37757693638129863,2.436122045681442,2.504834452163922,6.080912571330364e-15
11.666666666666666,3.3333333333333335,0.5385587406153931,1.8849555921538759,1,0.10470500012460399,1.1367147738628498,1.1766952406843776,8.601555722984681e-9
11.666666666666666,3.3333333333333335,0.5385587406153931,1.8849555921538759,2,0.3172200890710351,2.1565954616230822,2.2367397493246317,3.7533132540650786e-9
8.75,9.666666666666666,0.7180783208205241,0.6499846869496124,1,0.3686700080828557,1.9565033031997578,2.0916496446521045,2.4142274269912483e-11
8.75,9.666666666666666,0.7180783208205241,0.6499846869496124,2,0.4082720140635581,1.4499284638871308,1.4773870473063302,2.639659587992584e-9
5.0,6.0,1.2566370614359172,1.0471975511965976,1,0.12244014734151994,1.0677211916775908,1.0780530940819373,1.206240128683957e-10
5.0,6.0,1.2566370614359172,1.0471975511965976,2,0.39212161488858654,2.872256031087103,2.9295155577547596,3.736612985592682e-12
5.0,6.0,1.2566370614359172,1.0471975511965976,3,0.3781264267458327,1.9216442291069367,1.9270377207609495,9.462508844725491e-14
7.5,8.666666666666666,0.8377580409572781,0.7249829200591831,1,0.27019939858147385,1.596761862749042,1.5296039931881298,1.1805176825667822e-8
7.5,8.666666666666666,0.8377580409572781,0.7249829200591831,2,0.4707122040053798,2.3581204628044428,2.3445052745471386,8.580625942548704e-14
14.166666666666666,5.666666666666667,0.4435189628597355,1.1087974071493387,1,0.10807911067815557,1.0688727766594988,1.1068934826668388,1.532524335421701e-10
6.25,7.666666666666667,1.0053096491487339,0.8195459096321199,1,0.15575135655385683,1.1203488982643424,1.1252313235856177,5.627578104549362e-11
6.25,7.666666666666667,1.0053096491487339,0.8195459096321199,2,0.3457507299190723,1.9699826422645805,2.0554192740348016,4.122135100346615e-12
6.25,7.666666666666667,1.0053096491487339,0.8195459096321199,3,0.3075249094397066,1.7383890612247992,1.782303252938449,3.3449290778721615e-11
6.25,7.666666666666667,1.0053096491487339,0.8195459096321199,4,0.395534533369875,2.55674766801097,2.687815600915517,2.9875865025700983e-13
12.916666666666666,4.666666666666667,0.48644015281390346,1.3463968515384828,1,0.10036892852746043,1.0735020601660747,1.1121592813079395,1.3663761917465247e-10
11.666666666666666,3.6666666666666665,0.5385587406153931,1.71359599286716,1,0.09923464756726247,1.1041634013583022,1.1445037410693408,5.062069595239717e-9
11.666666666666666,3.6666666666666665,0.5385587406153931,1.71359599286716,2,0.34613591689924605,2.3050754113205363,2.392198200124635,8.524528616714775e-11
8.75,10.0,0.7180783208205241,0.6283185307179586,1,0.37811527655118254,1.9865573096422653,2.11076145707747,1.3720756767063424e-8
8.75,10.0,0.7180783208205241,0.6283185307179586,2,0.4119157180657069,1.4434250652496092,1.4664002497873552,1.7396421396739712e-10
10.416666666666666,2.6666666666666665,0.6031857894892403,2.356194490192345,1,0.13642887924846162,1.3326253088769189,1.369128779230821,2.0381157525839996e-9
10.416666666666666,2.6666666666666665,0.6031857894892403,2.356194490192345,2,0.21399111972214024,1.720502299085171,1.7693265848022743,3.1950237008551484e-8
5.0,6.333333333333333,1.2566370614359172,0.9920818906073031,1,0.1213024081091861,1.064100033162347,1.0733332131814426,4.387048709934811e-12
5.0,6.333333333333333,1.2566370614359172,0.9920818906073031,2,0.39245900019581037,1.4203662038480696,1.3963859985425109,2.4816702672382222e-8
5.0,6.333333333333333,1.2566370614359172,0.9920818906073031,3,0.3758878807897358,1.905733226888889,1.8773773028989291,7.289101026470275e-12
7.5,9.0,0.8377580409572781,0.6981317007977318,1,0.40870712884221133,1.4486511009422496,1.4769739289279826,1.9850502611185636e-8
7.5,9.0,0.8377580409572781,0.6981317007977318,2,0.4040219387677981,2.350191264708955,2.466908502352015,9.378101528707898e-13
14.166666666666666,6.0,0.4435189628597355,1.0471975511965976,1,0.11208563415693523,1.0714190458547872,1.1119984003860202,1.0343157741018991e-8
12.916666666666666,5.0,0.48644015281390346,1.2566370614359172,1,0.10227178194489066,1.0704728665429182,1.110747490786931,6.930309480477981e-11
6.25,8.0,1.0053096491487339,0.7853981633974483,1,0.31128127642155057,1.7543632620218976,1.798273332770444,1.5516768922133676e-9
6.25,8.0,1.0053096491487339,0.7853981633974483,2,0.1673254497960852,1.1580807909477444,1.1560229106808038,3.023320563288997e-10
6.25,8.0,1.0053096491487339,0.7853981633974483,3,0.4057809492161407,1.4725703389934401,1.5150831410618582,9.596626232471008e-13
6.25,8.0,1.0053096491487339,0.7853981633974483,4,0.4028013005339674,2.579924528251614,2.6934236352589163,2.223179659223821e-14
6.25,8.0,1.0053096491487339,0.7853981633974483,5,0.43875564159661035,2.9383146144832732,2.902245903441591,1.6074089226550285e-10
6.25,8.0,1.0053096491487339,0.7853981633974483,6,0.3944315598406286,2.248183252786797,2.354337207387648,1.2827295112355298e-8
6.25,8.0,1.0053096491487339,0.7853981633974483,7,0.34692482209374426,1.9631486723367957,2.048666090091083,1.6239954143600376e-9
6.25,8.0,1.0053096491487339,0.7853981633974483,8,0.40363577770695797,2.430239600917639,2.331873764497762,1.1486933323892497e-13
11.666666666666666,4.0,0.5385587406153931,1.5707963267948966,1,0.09732726419832656,1.0868407309635586,1.1278179639529446,1.9395651622865189e-13
11.666666666666666,4.0,0.5385587406153931,1.5707963267948966,2,0.36468643711020093,2.452791511420604,2.5246193448810947,2.4838492579167014e-12
10.416666666666666,3.0,0.6031857894892403,2.0943951023931953,1,0.10674744416836368,1.1753107028710823,1.2154216750953564,8.812419716859153e-11
10.416666666666666,3.0,0.6031857894892403,2.0943951023931953,2,0.2905391019793476,2.140028335185547,2.1912171370029654,2.8161961636613906e-9
10.416666666666666,3.0,0.6031857894892403,2.0943951023931953,3,0.16921480517759183,1.2009782446789536,1.2228702321313538,2.1430243171139087e-9
5.0,6.666666666666667,1.2566370614359172,0.9424777960769379,1,0.12135894744209726,1.0631255891437699,1.0714047269193652,6.2874822894654274e-9
5.0,6.666666666666667,1.2566370614359172,0.9424777960769379,2,0.3827104773002398,1.495695276097946,1.5464796616464396,1.9265324061049048e-12
5.0,6.666666666666667,1.2566370614359172,0.9424777960769379,3,0.3870712995949096,1.9381753735074254,1.900990952414318,9.489111461154124e-11
5.0,6.666666666666667,1.2566370614359172,0.9424777960769379,4,0.43518635205347855,2.3551081143190187,2.26571736736007,2.185065950620229e-9
7.5,9.333333333333334,0.8377580409572781,0.6731984257692414,1,0.4188666719221109,2.4189512249524787,2.516468285440016,3.2375739686338407e-13
7.5,9.333333333333334,0.8377580409572781,0.6731984257692414,2,0.47005045749790825,2.304803923988505,2.3537833038242506,1.8959220225286005e-10
14.166666666666666,6.333333333333333,0.4435189628597355,0.9920818906073031,1,0.11742653628944627,1.0766089376943873,1.1207576073974157,7.574056179241149e-11
12.916666666666666,5.333333333333333,0.48644015281390346,1.1780972450961724,1,0.10552898823053461,1.0704751727054433,1.1133132596846391,3.4771594598792384e-8
6.25,8.333333333333334,1.0053096491487339,0.7539822368615503,1,0.190664469966708,1.2419331336548187,1.2246174691537504,3.00006605574803e-8
6.25,8.333333333333334,1.0053096491487339,0.7539822368615503,2,0.3147571434855584,1.770158424870797,1.8124653334925607,2.472417683921899e-13
6.25,8.333333333333334,1.0053096491487339,0.7539822368615503,3,0.47616343033127384,2.4940927088969342,2.3820467400352263,1.76354436246209e-8
6.25,8.333333333333334,1.0053096491487339,0.7539822368615503,4,0.41014482290839044,1.4651216471653683,1.4992868862531668,3.091624007047492e-13
6.25,8.333333333333334,1.0053096491487339,0.7539822368615503,5,0.34842376449692924,1.9606114971782556,2.044617557824499,4.184581880345226e-9
6.25,8.333333333333334,1.0053096491487339,0.7539822368615503,6,0.4833652035378314,2.5488055723552767,2.7078323535969475,6.514863442754045e-10
11.666666666666666,4.333333333333333,0.5385587406153931,1.4499658401183662,1,0.09765256470287433,1.0775259975302212,1.1198258165759882,1.1504069071828315e-9
10.416666666666666,3.3333333333333335,0.6031857894892403,1.8849555921538759,1,0.09812527805847333,1.122165740177717,1.1644730731874722,9.861875861760574e-12
10.416666666666666,3.3333333333333335,0.6031857894892403,1.8849555921538759,2,0.33347653093678375,2.365836228200598,2.421995931731181,3.86319964351764e-9
5.0,7.0,1.2566370614359172,0.8975979010256552,1,0.12273906086260913,1.0651552752852913,1.0724252086828059,3.523031218298271e-8
5.0,7.0,1.2566370614359172,0.8975979010256552,2,0.3882389184417962,1.4916544242586713,1.5340331625752825,2.4613738272276147e-8
5.0,7.0,1.2566370614359172,0.8975979010256552,3,0.39949381909255116,1.9673666988927068,1.9296284944299296,1.5393859808911219e-10
5.0,7.0,1.2566370614359172,0.8975979010256552,4,0.3588339483620681,2.122337111002437,2.2285593574653997,2.628342313666733e-12
7.5,9.666666666666666,0.8377580409572781,0.6499846869496124,1,0.4159216590987898,1.4355954381070373,1.4527022978279542,6.417505890979341e-11
14.166666666666666,6.666666666666667,0.4435189628597355,0.9424777960769379,1,0.12447836291853638,1.085310088284555,1.134410784862102,5.646280854850838e-10
12.916666666666666,5.666666666666667,0.48644015281390346,1.1087974071493387,1,0.11028344849762951,1.073481324452843,1.1201310723327809,3.651326072596503e-11
6.25,8.666666666666666,1.0053096491487339,0.7249829200591831,1,0.23472470015575828,1.4304251140150612,1.3787952999171313,8.042955529746366e-10
6.25,8.666666666666666,1.0053096491487339,0.7249829200591831,2,0.34991428322935253,1.9598698260126202,2.0409570736357496,1.9248110293346667e-8
6.25,8.666666666666666,1.0053096491487339,0.7249829200591831,3,0.4738792974220054,2.4398387532282,2.606711694663261,8.145117467041351e-9
6.25,8.666666666666666,1.0053096491487339,0.7249829200591831,4,0.4221161012622497,2.6701093604566166,2.731195034968734,1.2288774796430033e-9
6.25,8.666666666666666,1.0053096491487339,0.7249829200591831,5,0.4142924000065496,1.4586394091567652,1.4853360386584058,2.062763203437988e-14
6.25,8.666666666666666,1.0053096491487339,0.7249829200591831,6,0.4823006199409282,2.6248089389696503,2.7887756988620787,3.3681397269876114e-11
6.25,8.666666666666666,1.0053096491487339,0.7249829200591831,7,0.3183963424564491,1.787527980025967,1.827508762585746,3.2096026954116897e-10
11.666666666666666,4.666666666666667,0.5385587406153931,1.3463968515384828,1,0.09975352555932958,1.0733051236862248,1.1179245061265544,2.881844186065367e-12
10.416666666666666,3.6666666666666665,0.6031857894892403,1.71359599286716,1,0.09516857073549007,1.0965185908177575,1.1404055556668025,2.0828395687846713e-8
7.5,10.0,0.8377580409572781,0.6283185307179586,1,0.419359507711333,1.4303636318630581,1.4426637730990504,1.538156693200334e-8
7.5,10.0,0.8377580409572781,0.6283185307179586,2,0.4886314957142822,2.489162542932336,2.625786407290568,1.1864978106976647e-13
14.166666666666666,7.0,0.4435189628597355,0.8975979010256552,1,0.13391353243173773,1.0993126622946547,1.1553544447661601,2.7082125231972384e-13
5.0,7.333333333333333,1.2566370614359172,0.85679799643358,1,0.12588052011715448,1.0714484397826238,1.0773338913128974,3.178156279392345e-10
5.0,7.333333333333333,1.2566370614359172,0.85679799643358,2,0.3939116741815423,1.4884329094621658,1.5242844969563225,1.4314187858323704e-11
5.0,7.333333333333333,1.2566370614359172,0.85679799643358,3,0.3596178778892805,2.103112064327569,2.220948088239391,7.593455518712218e-10
9.166666666666666,2.6666666666666665,0.6854383971468639,2.356194490192345,1,0.11441292320406984,1.2525226732793946,1.2875849058361994,2.2070802964954974e-9
9.166666666666666,2.6666666666666665,0.6854383971468639,2.356194490192345,2,0.24936423537489014,2.010538512427293,2.0372462601603214,1.457102134219418e-8
12.916666666666666,6.0,0.48644015281390346,1.0471975511965976,1,0.11693942799564959,1.0801866680921204,1.1324446520593479,7.27153685558655e-13
6.25,9.0,1.0053096491487339,0.6981317007977318,1,0.3090886295772369,1.856271563297551,1.7240183421741961,9.263884111777344e-11
6.25,9.0,1.0053096491487339,0.6981317007977318,2,0.3226314495486921,1.808152269570412,1.845960706532939,5.401006118129899e-12
6.25,9.0,1.0053096491487339,0.6981317007977318,3,0.47589885282885436,2.5492954880427416,2.728397192478994,3.0806215380865714e-13
6.25,9.0,1.0053096491487339,0.6981317007977318,4,0.35105680841200126,1.958866302669564,2.0354333146499672,1.1555182293701056e-8
11.666666666666666,5.0,0.5385587406153931,1.2566370614359172,1,0.10359069816741871,1.073086830638116,1.1214098379489719,8.676493699485133e-14
11.666666666666666,5.0,0.5385587406153931,1.2566370614359172,2,0.29212997600255153,1.9231637618697122,1.9076298750531826,5.681107198714372e-10
10.416666666666666,4.0,0.6031857894892403,1.5707963267948966,1,0.09524834986708804,1.083363789433128,1.1293536765941337,1.3516174089813215e-8
10.416666666666666,4.0,0.6031857894892403,1.5707963267948966,2,0.3738289618314321,2.669695948361741,2.7037356109571564,2.445027127759377e-9
14.166666666666666,7.333333333333333,0.4435189628597355,0.85679799643358,1,0.14681669364356897,1.1220422357492341,1.1878648754795145,7.486430950927765e-10
5.0,7.666666666666667,1.2566370614359172,0.8195459096321199,1,0.1318448345393439,1.085205964884051,1.0886564923527637,1.49386203095514e-8
5.0,7.666666666666667,1.2566370614359172,0.8195459096321199,2,0.3973337405204961,2.2967739663331166,2.4426709608070794,1.3407747010322377e-8
5.0,7.666666666666667,1.2566370614359172,0.8195459096321199,3,0.4320498741067231,2.148413788582525,2.07674649191524,1.3887978566915528e-13
5.0,7.666666666666667,1.2566370614359172,0.8195459096321199,4,0.4400226696611249,2.520762318447807,2.754043451617132,6.350881134232355e-12
9.166666666666666,3.0,0.6854383971468639,2.0943951023931953,1,0.09841167063671959,1.1520727534448227,1.194488908147361,6.66630724734994e-11
9.166666666666666,3.0,0.6854383971468639,2.0943951023931953,2,0.18897428695351604,1.1838867205538592,1.1958262110188471,2.1759932007621353e-8
9.166666666666666,3.0,0.6854383971468639,2.0943951023931953,3,0.31494436255558533,2.414744295988649,2.42410216730677,2.694984026235778e-12
12.916666666666666,6.333333333333333,0.48644015281390346,0.9920818906073031,1,0.12636249992726037,1.0925329861518633,1.1532531243067643,8.409331345496266e-9
11.666666666666666,5.333333333333333,0.5385587406153931,1.1780972450961724,1,0.1094893058088629,1.07696169733628,1.1310438950574047,3.4320638535756575e-12
11.666666666666666,5.333333333333333,0.5385587406153931,1.1780972450961724,2,0.28977444753920284,1.934824125438301,1.9160260798305144,2.2809117832101348e-8
6.25,9.333333333333334,1.0053096491487339,0.6731984257692414,1,0.3280289210075793,1.8343388693612743,1.871346322418912,4.459806808255119e-12
6.25,9.333333333333334,1.0053096491487339,0.6731984257692414,2,0.42197141167760566,1.4478776545455756,1.4616216097044505,1.8897384128568167e-8
6.25,9.333333333333334,1.0053096491487339,0.6731984257692414,3,0.47084212556789246,2.4822866945571613,2.6711522073741145,4.591464753432389e-11
10.416666666666666,4.333333333333333,0.6031857894892403,1.4499658401183662,1,0.09762721903388125,1.0774824039821835,1.1268296622683744,9.557913902165479e-10
10.416666666666666,4.333333333333333,0.6031857894892403,1.4499658401183662,2,0.24881053848308474,1.6363665408473476,1.6856702214849122,2.7319187293891375e-10
14.166666666666666,7.666666666666667,0.4435189628597355,0.8195459096321199,1,0.1642192604151379,1.1584073044902086,1.237137577314281,1.5062427559752128e-9
5.0,8.0,1.2566370614359172,0.7853981633974483,1,0.1431842718148152,1.1147960889633504,1.1130457324331102,5.811251263138993e-9
5.0,8.0,1.2566370614359172,0.7853981633974483,2,0.36444573144282494,2.1033326128389143,2.2281645030599773,3.7978715173163485e-10
5.0,8.0,1.2566370614359172,0.7853981633974483,3,0.4052167054971887,1.4819271501819378,1.506415904379378,4.604773521817101e-12
12.916666666666666,6.666666666666667,0.48644015281390346,0.9424777960769379,1,0.14035601728047206,1.1153548104150788,1.1894989063556374,1.0774035983028935e-10
9.166666666666666,3.3333333333333335,0.6854383971468639,1.8849555921538759,1,0.09359822120913504,1.1114252283685893,1.1576620628484748,3.898957277834149e-9
9.166666666666666,3.3333333333333335,0.6854383971468639,1.8849555921538759,2,0.35316480599260314,2.633599525226714,2.6444888839444505,1.0515759377123672e-8
11.666666666666666,5.666666666666667,0.5385587406153931,1.1087974071493387,1,0.11835974109649311,1.086517095280686,1.1498105475702345,2.2524430810812125e-9
6.25,9.666666666666666,1.0053096491487339,0.6499846869496124,1,0.3491053191773184,1.9397074299705332,1.9983976546434636,6.322435325134162e-11
6.25,9.666666666666666,1.0053096491487339,0.6499846869496124,2,0.4668288982178457,2.423313787516642,2.61696847408324,1.3191062790237418e-9
6.25,9.666666666666666,1.0053096491487339,0.6499846869496124,3,0.4255368269542404,1.443379545900882,1.4514442094320132,5.718242119199944e-9
6.25,9.666666666666666,1.0053096491487339,0.6499846869496124,4,0.4576726370288051,2.2529078122268196,2.3893723024144053,3.503206380361343e-11
10.416666666666666,4.666666666666667,0.6031857894892403,1.3463968515384828,1,0.23902505747802824,1.5895053828617471,1.6746545547399814,2.8247117930383237e-13
10.416666666666666,4.666666666666667,0.6031857894892403,1.3463968515384828,2,0.10232146578107446,1.077122200383846,1.1319057461601412,4.7259786707043685e-11
14.166666666666666,8.0,0.4435189628597355,0.7853981633974483,1,0.1846954667209942,1.208321177436677,1.3001908610611188,1.8908317355334684e-9
5.0,8.333333333333334,1.2566370614359172,0.7539822368615503,1,0.16601552931154276,1.1835981857737734,1.1690818298475933,5.421051511442508e-8
5.0,8.333333333333334,1.2566370614359172,0.7539822368615503,2,0.3691976536645833,2.223149143122993,2.2261227047589873,9.619878943202672e-11
5.0,8.333333333333334,1.2566370614359172,0.7539822368615503,3,0.45133198295819865,2.3038684782720535,2.4481158319985195,1.3138339414254713e-10
5.0,8.333333333333334,1.2566370614359172,0.7539822368615503,4,0.44161932247830515,2.4186033406938687,2.657717296492909,8.37065618603749e-11
5.0,8.333333333333334,1.2566370614359172,0.7539822368615503,5,0.4106290830484669,1.4783050945632712,1.4971146871964265,1.3604525515603914e-9
12.916666666666666,7.0,0.48644015281390346,0.8975979010256552,1,0.16182485418247947,1.1592904424139316,1.2547203575900707,3.3680542624275544e-9
9.166666666666666,3.6666666666666665,0.6854383971468639,1.71359599286716,1,0.09326142676446651,1.0920904147883237,1.1418671503290856,4.262954687549672e-8
9.166666666666666,3.6666666666666665,0.6854383971468639,1.71359599286716,2,0.3706558489305933,2.759465560378595,2.774548802161576,1.4493779775261123e-12
7.916666666666667,2.6666666666666665,0.7936655124858425,2.356194490192345,1,0.10193552109596461,1.2079856978130301,1.2458425652426335,8.72169517047972e-10
7.916666666666667,2.6666666666666665,0.7936655124858425,2.356194490192345,2,0.21084751224282888,1.1503862158866052,1.1581526583651118,1.3324021825266906e-12
7.916666666666667,2.6666666666666665,0.7936655124858425,2.356194490192345,3,0.28471997440509433,2.3773797217397528,2.3407541538210856,1.6274906206305146e-11
6.25,10.0,1.0053096491487339,0.6283185307179586,1,0.46355777858631386,2.3713805744658605,2.565420713223613,8.6874523010182e-12
11.666666666666666,6.0,0.5385587406153931,1.0471975511965976,1,0.13253959185541286,1.1070280026894763,1.1864237029468114,1.343711159735824e-13
11.666666666666666,6.0,0.5385587406153931,1.0471975511965976,2,0.29571620368566864,1.9738439334691722,1.940152434941735,1.2911099109740044e-8
10.416666666666666,5.0,0.6031857894892403,1.2566370614359172,1,0.11007083676660784,1.0827650646577838,1.1466130829875474,7.390090275827297e-10
10.416666666666666,5.0,0.6031857894892403,1.2566370614359172,2,0.24704642388219503,1.6339409054983827,1.7224284409043005,2.5145635878585466e-11
14.166666666666666,8.333333333333334,0.4435189628597355,0.7539822368615503,1,0.20425657026204572,1.2611910929558041,1.361904865921728,6.654632250871156e-9
14.166666666666666,8.333333333333334,0.4435189628597355,0.7539822368615503,2,0.40025562820459737,1.6059618633265145,1.7487511958798136,1.0430999907821159e-8
12.916666666666666,7.333333333333333,0.48644015281390346,0.85679799643358,1,0.18857646686162294,1.2277127252528461,1.3468772053844091,2.6277474749965436e-12
5.0,8.666666666666666,1.2566370614359172,0.7249829200591831,1,0.2106126326574594,1.3462917752804537,1.300492991183092,2.4219373695186022e-8
5.0,8.666666666666666,1.2566370614359172,0.7249829200591831,2,0.3709590113354361,2.129335752424884,2.2472264686443015,8.017955659525017e-9
5.0,8.666666666666666,1.2566370614359172,0.7249829200591831,3,0.4157876659990324,1.4744878747654833,1.4874810254645725,1.2600429171819941e-11
5.0,8.666666666666666,1.2566370614359172,0.7249829200591831,4,0.44187035744802566,2.376762078142895,2.612865314479591,7.432955623866571e-15
5.0,8.666666666666666,1.2566370614359172,0.7249829200591831,5,0.37239039297803905,2.2164771246376653,2.240002985214117,4.158990906137767e-9
9.166666666666666,4.0,0.6854383971468639,1.5707963267948966,1,0.09603834103837858,1.0838013004428533,1.1386022968046143,3.883102563126127e-9
9.166666666666666,4.0,0.6854383971468639,1.5707963267948966,2,0.24864918716464837,1.617939944625632,1.653169063560405,1.9079615422486237e-11
11.666666666666666,6.333333333333333,0.5385587406153931,0.9920818906073031,1,0.15811980050007632,1.1564602760977687,1.2677561735364216,4.14828731869872e-9
7.916666666666667,3.0,0.7936655124858425,2.0943951023931953,1,0.1866660479040653,1.1577520234572891,1.1629467481857092,4.302186601514137e-8
7.916666666666667,3.0,0.7936655124858425,2.0943951023931953,2,0.09323521997326457,1.1362864642602581,1.1837996763477279,1.787547198843359e-10
6.666666666666667,2.0,0.9424777960769379,3.141592653589793,1,0.18101775717917168,1.1327821542972942,1.1478439440441353,1.8322487950665594e-11
10.416666666666666,5.333333333333333,0.6031857894892403,1.1780972450961724,1,0.12323869544878972,1.0987575046663953,1.1793936847985178,2.7708870344872487e-12
14.166666666666666,8.666666666666666,0.4435189628597355,0.7249829200591831,1,0.22121961353948924,1.3089650918650084,1.4137252015631554,2.8734017027174597e-8
14.166666666666666,8.666666666666666,0.4435189628597355,0.7249829200591831,2,0.40863150647279917,1.6203896412812375,1.7619740069836,6.161859302762666e-10
12.916666666666666,7.666666666666667,0.48644015281390346,0.8195459096321199,1,0.21137334045600106,1.2954892814591061,1.4281310867902877,1.394503063080114e-10
12.916666666666666,7.666666666666667,0.48644015281390346,0.8195459096321199,2,0.38550547447021377,1.5983074637678234,1.7385434518899066,4.878888442468482e-9
5.0,9.0,1.2566370614359172,0.6981317007977318,1,0.28115895992365764,1.678162437380721,1.5684384677261982,6.326432892726334e-13
5.0,9.0,1.2566370614359172,0.6981317007977318,2,0.3745627985609804,2.1543692337272646,2.2578797094871508,6.16863434382022e-12
5.0,9.0,1.2566370614359172,0.6981317007977318,3,0.4489999192541982,2.256271330507878,2.386209045752235,2.0123592221324363e-12
5.0,9.0,1.2566370614359172,0.6981317007977318,4,0.42066692247121623,1.4705840886352093,1.4776823191081772,6.285476022775002e-9
5.0,9.0,1.2566370614359172,0.6981317007977318,5,0.37536973776516314,2.2008790163998198,2.2545069451178947,2.1817161247715743e-9
5.0,9.0,1.2566370614359172,0.6981317007977318,6,0.4419757157263129,2.3388294032540475,2.5691061919568075,4.690665558881035e-13
5.0,9.0,1.2566370614359172,0.6981317007977318,7,0.40656953322209294,2.3255741714219287,2.445918028557959,1.1257897872130386e-10
5.0,9.0,1.2566370614359172,0.6981317007977318,8,0.29695088334094766,1.758394922128274,1.660761917461234,1.0221397317759346e-10
9.166666666666666,4.333333333333333,0.6854383971468639,1.4499658401183662,1,0.10208931980101607,1.0836197959134402,1.1467549554510548,7.352993068829243e-12
9.166666666666666,4.333333333333333,0.6854383971468639,1.4499658401183662,2,0.21343368118410805,1.4561761997871279,1.5826516407676896,1.267709125466198e-11
9.166666666666666,4.333333333333333,0.6854383971468639,1.4499658401183662,3,0.4545900591859478,3.262055120010784,3.1775976509709816,3.425244148977593e-11
11.666666666666666,6.666666666666667,0.5385587406153931,0.9424777960769379,1,0.1943684692589888,1.2521815011685185,1.4065592289750397,2.446968547790847e-8
11.666666666666666,6.666666666666667,0.5385587406153931,0.9424777960769379,2,0.3727584584069459,1.851150467439873,1.8206257987384906,2.8308361600199073e-9
7.916666666666667,3.3333333333333335,0.7936655124858425,1.8849555921538759,1,0.09214292228578048,1.1061211096884227,1.1601854831787761,2.746678538642118e-12
7.916666666666667,3.3333333333333335,0.7936655124858425,1.8849555921538759,2,0.1397857325598731,1.1607861591223083,1.1998218604636222,8.629535305392401e-10
14.166666666666666,9.0,0.4435189628597355,0.6981317007977318,1,0.23601344191147508,1.3504594652869153,1.456099357677132,4.680244739266112e-13
14.166666666666666,9.0,0.4435189628597355,0.6981317007977318,2,0.41685433776155356,1.6323059296705462,1.773050119117715,2.966362184042933e-13
6.666666666666667,2.3333333333333335,0.9424777960769379,2.6927937030769655,1,0.1673392500250307,1.0978207905118385,1.1062282395592145,2.386371053321613e-12
6.666666666666667,2.3333333333333335,0.9424777960769379,2.6927937030769655,2,0.11600211247016753,1.3398819985265153,1.358694693723591,2.2182487730980303e-13
6.666666666666667,2.3333333333333335,0.9424777960769379,2.6927937030769655,3,0.22391142935456607,2.0394961124900757,2.0031575792250083,1.3791038893876537e-10
10.416666666666666,5.666666666666667,0.6031857894892403,1.1087974071493387,1,0.15073386094469282,1.1470002470516296,1.267985689161292,1.1031728025794168e-8
12.916666666666666,8.0,0.48644015281390346,0.7853981633974483,1,0.44870496087566153,1.8060937988516252,2.0461608783012593,3.4740579854376967e-14
12.916666666666666,8.0,0.48644015281390346,0.7853981633974483,2,0.2290493913130956,1.3510197620054545,1.4880365308826338,1.3314283952794363e-11
12.916666666666666,8.0,0.48644015281390346,0.7853981633974483,3,0.38827331277961674,1.5985499106840941,1.7288491286336913,7.719139383251324e-9
5.0,9.333333333333334,1.2566370614359172,0.6731984257692414,1,0.32152736557931466,1.8806035143266162,1.7992626618933187,8.249529249927486e-13
5.0,9.333333333333334,1.2566370614359172,0.6731984257692414,2,0.3323794977041506,1.9082177878775002,1.7949321802235705,2.4738583061438466e-8
5.0,9.333333333333334,1.2566370614359172,0.6731984257692414,3,0.4420242579999046,2.3040238212830433,2.525687503391876,3.027338704355879e-10
5.0,9.333333333333334,1.2566370614359172,0.6731984257692414,4,0.44821867460264797,2.239481382462539,2.36076931271202,1.6407764304903326e-11
5.0,9.333333333333334,1.2566370614359172,0.6731984257692414,5,0.42526889843676674,1.4667059526942317,1.467941807802997,5.346945404332035e-10
5.0,9.333333333333334,1.2566370614359172,0.6731984257692414,6,0.4223609746958597,2.520181796315108,2.2536180900904057,1.5221051720731384e-12
9.166666666666666,4.666666666666667,0.6854383971468639,1.3463968515384828,1,0.11328364176845471,1.0935196879132802,1.1723515945326388,1.4148427790780708e-8
9.166666666666666,4.666666666666667,0.6854383971468639,1.3463968515384828,2,0.22152365039010322,1.4774358843189421,1.6414897899722476,3.993371904839665e-9
11.666666666666666,7.0,0.5385587406153931,0.8975979010256552,1,0.22077101803705987,1.3386319137412694,1.5129812249293213,1.499550320576113e-8
11.666666666666666,7.0,0.5385587406153931,0.8975979010256552,2,0.384638660956794,1.8916651987367916,1.877894174208035,1.601736911116725e-9
11.666666666666666,7.0,0.5385587406153931,0.8975979010256552,3,0.323422403633507,1.6201339207096126,1.64861444362859,3.023358202527972e-8
14.166666666666666,9.333333333333334,0.4435189628597355,0.6731984257692414,1,0.2493265227294638,1.3867034325564225,1.4914091004918995,1.8553972693775023e-12
14.166666666666666,9.333333333333334,0.4435189628597355,0.6731984257692414,2,0.42244127194506687,1.633527303645499,1.770970222848306,1.1167384194940294e-13
7.916666666666667,3.6666666666666665,0.7936655124858425,1.71359599286716,1,0.09558415940518063,1.0942245246669016,1.1563767096958288,1.6786418945923514e-13
7.916666666666667,3.6666666666666665,0.7936655124858425,1.71359599286716,2,0.38065266124131286,2.989087421108477,2.9593956626227085,4.8626294556337445e-12
10.416666666666666,6.0,0.6031857894892403,1.0471975511965976,1,0.20143898493168444,1.2828806765734206,1.4817779666248931,1.0289536096489903e-8
6.666666666666667,2.6666666666666665,0.9424777960769379,2.356194490192345,1,0.16543474551281573,1.09542232552122,1.0991833950383547,5.895498672369133e-10
6.666666666666667,2.6666666666666665,0.9424777960769379,2.356194490192345,2,0.0957425969587404,1.183143982750157,1.2293110850626725,7.192361415673836e-11
12.916666666666666,8.333333333333334,0.48644015281390346,0.7539822368615503,1,0.24357529065170758,1.396406986396064,1.5330346052336083,6.794182737147241e-14
5.0,9.666666666666666,1.2566370614359172,0.6499846869496124,1,0.41414378401126783,2.4062665073113605,2.2020310005895647,1.7943542656170454e-11
5.0,9.666666666666666,1.2566370614359172,0.6499846869496124,2,0.3459777896924652,1.9203980436760824,1.8352770982828266,3.732412174209098e-11
5.0,9.666666666666666,1.2566370614359172,0.6499846869496124,3,0.44743497033702273,2.2263743782422725,2.3392477299995615,7.412984278177137e-10
5.0,9.666666666666666,1.2566370614359172,0.6499846869496124,4,0.3377855560275121,1.9642844459349829,1.8699820066390036,8.358951806893689e-9
5.0,9.666666666666666,1.2566370614359172,0.6499846869496124,5,0.42961339144863964,1.462951000239554,1.4584805443081168,7.189053301448853e-9
9.166666666666666,5.0,0.6854383971468639,1.2566370614359172,1,0.13846884066106532,1.1319663846179426,1.2515654308187212,1.3415934631191743e-10
9.166666666666666,5.0,0.6854383971468639,1.2566370614359172,2,0.23435641398680235,1.5176027970303911,1.7058547551676564,4.3980370443622426e-14
11.666666666666666,7.333333333333333,0.5385587406153931,0.85679799643358,1,0.2388495652788641,1.402203726761626,1.580632072466497,1.0977464354791243e-9
11.666666666666666,7.333333333333333,0.5385587406153931,0.85679799643358,2,0.3079923733097226,1.5788443457322172,1.5965007765154586,1.1991353378937013e-8
14.166666666666666,9.666666666666666,0.4435189628597355,0.6499846869496124,1,0.4265597630003958,1.6288190946507095,1.7620614655993077,4.732809732981039e-13
14.166666666666666,9.666666666666666,0.4435189628597355,0.6499846869496124,2,0.2616638210164286,1.4188864485375992,1.5216636172006037,6.66562168423028e-10
7.916666666666667,4.0,0.7936655124858425,1.5707963267948966,1,0.10418159781229723,1.0955761694097366,1.1718818167628486,6.993092515062039e-8
7.916666666666667,4.0,0.7936655124858425,1.5707963267948966,2,0.18123923866106798,1.3136727381046862,1.4588188964558724,9.34126641390683e-13
10.416666666666666,6.333333333333333,0.6031857894892403,0.9920818906073031,1,0.2324090430541854,1.3951409455096089,1.6238547170777904,3.5406242525867772e-9
10.416666666666666,6.333333333333333,0.6031857894892403,0.9920818906073031,2,0.3337162174704879,1.7359691249548246,1.6589669711888724,2.2444711863490294e-12
10.416666666666666,6.333333333333333,0.6031857894892403,0.9920818906073031,3,0.3021982058064978,2.0268996306791536,1.9838552099763072,5.285853237439485e-9
12.916666666666666,8.666666666666666,0.48644015281390346,0.7249829200591831,1,0.25625587044322423,1.4346319852795444,1.5685202620486645,1.0657514673204641e-8
6.666666666666667,3.0,0.9424777960769379,2.0943951023931953,1,0.09314441063750509,1.1315434347196225,1.1916546958678944,2.0121049008948154e-10
6.666666666666667,3.0,0.9424777960769379,2.0943951023931953,2,0.17342913394014237,1.1300617601011724,1.1297516791340134,6.948342399857813e-12
5.0,10.0,1.2566370614359172,0.6283185307179586,1,0.35331478846581826,1.9022952747926682,1.844503964011997,5.6728956341545234e-12
5.0,10.0,1.2566370614359172,0.6283185307179586,2,0.35740046281167737,2.068353856278912,1.95718532815678,2.7124092765714053e-9
5.0,10.0,1.2566370614359172,0.6283185307179586,3,0.39204631331161927,2.2870152970943147,2.113657603261692,2.3012557719968847e-9
5.0,10.0,1.2566370614359172,0.6283185307179586,4,0.44222499655333375,2.2410460988993925,2.4335128635307735,9.514295063863672e-10
11.666666666666666,7.666666666666667,0.5385587406153931,0.8195459096321199,1,0.3054536787411596,1.6213621789714536,1.61818509037772,1.0388367124222388e-10
11.666666666666666,7.666666666666667,0.5385587406153931,0.8195459096321199,2,0.25287516332005655,1.4512042897811601,1.6270109785075397,2.2713062266671964e-11
14.166666666666666,10.0,0.4435189628597355,0.6283185307179586,1,0.2733611147393408,1.4479695524500253,1.5482987349496025,2.2669352483316316e-10
9.166666666666666,5.333333333333333,0.6854383971468639,1.1780972450961724,1,0.20887319069365237,1.3219085874947107,1.5743808433087834,2.4060030426245215e-10
7.916666666666667,4.333333333333333,0.7936655124858425,1.4499658401183662,1,0.1965545689995413,1.347082194178023,1.566971132024685,1.0529398759840854e-9
7.916666666666667,4.333333333333333,0.7936655124858425,1.4499658401183662,2,0.12449703789164732,1.1208025361263037,1.2324241917162309,9.817688092210196e-9
10.416666666666666,6.666666666666667,0.6031857894892403,0.9424777960769379,1,0.2509554616875439,1.4686311445333142,1.7007023908444083,5.011624111227784e-9
10.416666666666666,6.666666666666667,0.6031857894892403,0.9424777960769379,2,0.39112872016976613,1.690471950204361,1.8737194545066373,1.8156404686292137e-8
10.416666666666666,6.666666666666667,0.6031857894892403,0.9424777960769379,3,0.34635522925290224,1.817674209033918,1.7893154919592615,3.627930717765763e-11
10.416666666666666,6.666666666666667,0.6031857894892403,0.9424777960769379,4,0.3030927526708179,1.4932995693706266,1.5328594549590067,2.6488394591994873e-11
12.916666666666666,9.0,0.48644015281390346,0.6981317007977318,1,0.2678222808133259,1.46780070520644,1.5978119815389933,3.929882873669958e-9
6.666666666666667,3.3333333333333335,0.9424777960769379,1.8849555921538759,1,0.09809790496189247,1.1143817203876887,1.1895644423323093,9.978536202938738e-8
6.666666666666667,3.3333333333333335,0.9424777960769379,1.8849555921538759,2,0.2061286761642878,1.2704591026600491,1.2743077779518448,7.104299047979706e-14
5.416666666666667,2.0,1.1599726720946928,3.141592653589793,1,0.13674676276768735,1.076139361435219,1.0846487578133084,1.4524688122634708e-8
5.416666666666667,2.0,1.1599726720946928,3.141592653589793,2,0.27408202271112797,1.3202355812589759,1.3297910777482431,5.6747782840711366e-15
11.666666666666666,8.0,0.5385587406153931,0.7853981633974483,1,0.26475830985280685,1.491020988883421,1.6612794167887488,8.520186569954623e-12
9.166666666666666,5.666666666666667,0.6854383971468639,1.1087974071493387,1,0.24667261313939196,1.4756977152551745,1.7737389787516564,3.025647924708142e-11
9.166666666666666,5.666666666666667,0.6854383971468639,1.1087974071493387,2,0.2615650073324298,1.615668173680242,1.8143421403617692,1.844847008142815e-8
10.416666666666666,7.0,0.6031857894892403,0.8975979010256552,1,0.2840648627971532,1.4276224631775407,1.459256077434061,1.6173471772403505e-11
10.416666666666666,7.0,0.6031857894892403,0.8975979010256552,2,0.264480717397454,1.5218273628357608,1.748037168378905,1.0890968850520382e-11
10.416666666666666,7.0,0.6031857894892403,0.8975979010256552,3,0.4018136029479401,1.9438419196697168,2.0185836874464513,3.211141555633278e-10
10.416666666666666,7.0,0.6031857894892403,0.8975979010256552,4,0.35773463901788166,1.873577289983592,1.8503624299303119,8.967705369165782e-10
7.916666666666667,4.666666666666667,0.7936655124858425,1.3463968515384828,1,0.21439051697715317,1.368994893071829,1.676711212122737,1.8505105217510877e-9
12.916666666666666,9.333333333333334,0.48644015281390346,0.6731984257692414,1,0.27870145848563876,1.4973309049124013,1.6229598228662756,2.807602505189771e-8
12.916666666666666,9.333333333333334,0.48644015281390346,0.6731984257692414,2,0.4145129814491883,1.6353414964618374,1.754870192491341,1.3079778170124302e-14
6.666666666666667,3.6666666666666665,0.9424777960769379,1.71359599286716,1,0.12362959371029035,1.1469437003059915,1.264494184041304,4.536493428808323e-10
6.666666666666667,3.6666666666666665,0.9424777960769379,1.71359599286716,2,0.11370323554039564,1.1253742914275389,1.2319925864998855,8.525543358813847e-9
11.666666666666666,8.333333333333334,0.5385587406153931,0.7539822368615503,1,0.4007858017566877,1.6695720601411526,1.7839069766052533,8.640676526848747e-11
11.666666666666666,8.333333333333334,0.5385587406153931,0.7539822368615503,2,0.27542502279094544,1.524771298149561,1.6882247081903032,2.6761221204856316e-12
5.416666666666667,2.3333333333333335,1.1599726720946928,2.6927937030769655,1,0.28048097454976445,2.667110745683123,2.480818505214922,4.974090009076012e-10
5.416666666666667,2.3333333333333335,1.1599726720946928,2.6927937030769655,2,0.13244803165616006,1.0625480947114656,1.0671485967604508,4.054205139510288e-9
5.416666666666667,2.3333333333333335,1.1599726720946928,2.6927937030769655,3,0.10620926726264994,1.290471093132516,1.3251746911860969,1.3159299511889091e-10
5.416666666666667,2.3333333333333335,1.1599726720946928,2.6927937030769655,4,0.28544676022572274,1.2754792713176324,1.2828218314544533,5.896566957373497e-10
9.166666666666666,6.0,0.6854383971468639,1.0471975511965976,1,0.2664317931124315,1.5655034431800066,1.8665179295042273,1.2354677671921343e-10
9.166666666666666,6.0,0.6854383971468639,1.0471975511965976,2,0.3001277618008732,1.4927513109850314,1.53812561429767,1.1392040724832002e-8
9.166666666666666,6.0,0.6854383971468639,1.0471975511965976,3,0.27558524145817764,1.683710454596189,1.85471676133032,5.673966630475464e-13
10.416666666666666,7.333333333333333,0.6031857894892403,0.85679799643358,1,0.275520896468034,1.5632312781883564,1.779845626705939,9.895174238380967e-9
10.416666666666666,7.333333333333333,0.6031857894892403,0.85679799643358,2,0.27438808466825326,1.414224623943778,1.4363993850313985,5.8240462173650344e-9
10.416666666666666,7.333333333333333,0.6031857894892403,0.85679799643358,3,0.3906454934725178,1.7172539264216176,1.829085082138381,3.9718814612751966e-9
10.416666666666666,7.333333333333333,0.6031857894892403,0.85679799643358,4,0.36761404893887634,1.911641808953316,1.8829397816530107,2.5746906016803687e-13
12.916666666666666,9.666666666666666,0.48644015281390346,0.6499846869496124,1,0.289157421333543,1.524197791096516,1.6452810113822827,6.088809300803978e-11
12.916666666666666,9.666666666666666,0.48644015281390346,0.6499846869496124,2,0.4160056296088916,1.6179029014121835,1.7312470680411427,3.9983709560042534e-12
7.916666666666667,5.0,0.7936655124858425,1.2566370614359172,1,0.26293849223998433,1.5954894871564405,1.9699440275471645,3.112309141722696e-13
6.666666666666667,4.0,0.9424777960769379,1.5707963267948966,1,0.21200119753465263,1.4094478898394265,1.7493990105341308,1.4727197850962876e-10
11.666666666666666,8.666666666666666,0.5385587406153931,0.7249829200591831,1,0.28537915393269914,1.5543662226085004,1.710572831718169,1.0533111826847888e-12
9.166666666666666,6.333333333333333,0.6854383971468639,0.9920818906073031,1,0.2799633693623823,1.6268846724572559,1.9183082422660678,5.541250438806476e-11
9.166666666666666,6.333333333333333,0.6854383971468639,0.9920818906073031,2,0.26054218694410053,1.337916906768872,1.3745156103066838,2.1620081724294772e-10
9.166666666666666,6.333333333333333,0.6854383971468639,0.9920818906073031,3,0.4058013315210472,2.054352315720979,2.143804287139702,2.888900905102519e-9
9.166666666666666,6.333333333333333,0.6854383971468639,0.9920818906073031,4,0.389111027192801,1.8313864671664946,1.9413454864415811,4.24893748356842e-12
5.416666666666667,2.6666666666666665,1.1599726720946928,2.356194490192345,1,0.1362510398352557,1.06659417397295,1.067737832229555,2.4695494376378914e-13
5.416666666666667,2.6666666666666665,1.1599726720946928,2.356194490192345,2,0.09987733129063106,1.1876220321121542,1.2587920543761806,1.0376057271826808e-9
5.416666666666667,2.6666666666666665,1.1599726720946928,2.356194490192345,3,0.322573196627829,1.3089973062326123,1.3231577045390401,7.032210582235823e-11
12.916666666666666,10.0,0.48644015281390346,0.6283185307179586,1,0.299362708927143,1.549094894090631,1.6656598417980404,8.604503878437511e-9
12.916666666666666,10.0,0.48644015281390346,0.6283185307179586,2,0.4180593954056889,1.603261846965181,1.711228028251829,2.2903607909173387e-9
10.416666666666666,7.666666666666667,0.6031857894892403,0.8195459096321199,1,0.27248295401845235,1.4462423912329967,1.4549878880738703,8.125101252839641e-12
10.416666666666666,7.666666666666667,0.6031857894892403,0.8195459096321199,2,0.378189647133956,1.5457051949412204,1.6387768925862924,1.1207390191876158e-8
10.416666666666666,7.666666666666667,0.6031857894892403,0.8195459096321199,3,0.3774984121832275,1.940820270342084,1.8998460341869698,1.0777140045689609e-9
10.416666666666666,7.666666666666667,0.6031857894892403,0.8195459096321199,4,0.2852065038576826,1.597246743779818,1.802781022397947,4.602220682286766e-9
10.416666666666666,7.666666666666667,0.6031857894892403,0.8195459096321199,5,0.40747922835521055,1.9233145000654415,1.9849513899004771,1.2338893474905423e-11
7.916666666666667,5.333333333333333,0.7936655124858425,1.1780972450961724,1,0.2855745106288806,1.7192185629116667,2.0948969562680793,7.752683005870275e-13
7.916666666666667,5.333333333333333,0.7936655124858425,1.1780972450961724,2,0.26746079912579324,1.4135814860056586,1.4612816705804925,1.7186900747641714e-9
11.666666666666666,9.0,0.5385587406153931,0.6981317007977318,1,0.29491894411577063,1.5810470976025053,1.7299861909114236,9.03493452041984e-14
11.666666666666666,9.0,0.5385587406153931,0.6981317007977318,2,0.39931475018063867,1.5948014283366385,1.6917959506064189,1.0216403132829553e-8
6.666666666666667,4.333333333333333,0.9424777960769379,1.4499658401183662,1,0.2751667919722102,1.7434723322047956,2.164160202188629,1.9838315837082676e-13
9.166666666666666,6.666666666666667,0.6854383971468639,0.9424777960769379,1,0.24441993275792193,1.2882663551604139,1.3182921010592283,1.358695388611243e-13
9.166666666666666,6.666666666666667,0.6854383971468639,0.9424777960769379,2,0.3355417706634124,1.8638999737865065,1.8361436405702558,8.16616436232926e-13
9.166666666666666,6.666666666666667,0.6854383971468639,0.9424777960769379,3,0.290471678718871,1.6723643254859444,1.948973363547689,2.8904632622347303e-12
9.166666666666666,6.666666666666667,0.6854383971468639,0.9424777960769379,4,0.38040650332990955,1.5992853248576624,1.7329866128946367,1.3174171717690126e-10
14.583333333333334,3.0,0.43084699249231445,2.0943951023931953,1,0.18367647005110277,1.4142364089629278,1.4650243434910484,9.863662006220532e-12
14.583333333333334,3.0,0.43084699249231445,2.0943951023931953,2,0.19567395336359744,1.4622095194724853,1.5170023996038149,9.789519589111632e-10
10.416666666666666,8.0,0.6031857894892403,0.7853981633974483,1,0.29413267674327714,1.6264333913616584,1.8204887901488878,5.76922551921024e-11
10.416666666666666,8.0,0.6031857894892403,0.7853981633974483,2,0.389312481761194,1.9691283018980932,1.906938528179204,1.8521617476093635e-11
10.416666666666666,8.0,0.6031857894892403,0.7853981633974483,3,0.2807398849796216,1.544953001102699,1.5297417524207944,5.031070403206749e-12
10.416666666666666,8.0,0.6031857894892403,0.7853981633974483,4,0.3817534511094069,1.5399893371907312,1.6245611662472497,7.822585405068008e-9
10.416666666666666,8.0,0.6031857894892403,0.7853981633974483,5,0.37967921535652277,2.0614192450546946,1.9783814869610084,2.166354013730262e-9
5.416666666666667,3.0,1.1599726720946928,2.0943951023931953,1,0.11059595032651218,1.1684219850672437,1.2780888111381898,5.860497855425704e-9
5.416666666666667,3.0,1.1599726720946928,2.0943951023931953,2,0.1570072561242875,1.1062049872779334,1.1015093159677707,1.6327040085873687e-8
7.916666666666667,5.666666666666667,0.7936655124858425,1.1087974071493387,1,0.3006857990240903,1.8059598709522562,2.166430803132225,3.47197657680003e-11
7.916666666666667,5.666666666666667,0.7936655124858425,1.1087974071493387,2,0.22629691232861848,1.2620657002038635,1.298028436507586,5.289153802631245e-13
11.666666666666666,9.333333333333334,0.5385587406153931,0.6731984257692414,1,0.3042324145589481,1.6056609590830169,1.7475333158684743,9.161694851215091e-12
11.666666666666666,9.333333333333334,0.5385587406153931,0.6731984257692414,2,0.40109867098145086,1.5733538793187187,1.6628802282682869,1.203787830288232e-9
6.666666666666667,4.666666666666667,0.9424777960769379,1.3463968515384828,1,0.24013056787370882,1.3775198404196516,1.4285370923539205,1.5982542968096085e-10
9.166666666666666,7.0,0.6854383971468639,0.8975979010256552,1,0.23635364798098604,1.2710724206563737,1.295359269090901,5.608653946628628e-15
9.166666666666666,7.0,0.6854383971468639,0.8975979010256552,2,0.34896085017393397,1.9359086201773954,1.9091882328479035,2.2492074459547667e-10
9.166666666666666,7.0,0.6854383971468639,0.8975979010256552,3,0.34749840480371436,1.8736466984772993,1.7268624627604123,4.706911224570546e-14
9.166666666666666,7.0,0.6854383971468639,0.8975979010256552,4,0.29930969009805075,1.7078681509945683,1.9674022132728886,5.583541994323048e-10
14.583333333333334,3.3333333333333335,0.43084699249231445,1.8849555921538759,1,0.12799259536335422,1.1874156924225812,1.225080187788322,8.964649486280127e-10
14.583333333333334,3.3333333333333335,0.43084699249231445,1.8849555921538759,2,0.28608566481486747,1.8184375755606008,1.9052952245789232,6.902058561385397e-10
10.416666666666666,8.333333333333334,0.6031857894892403,0.7539822368615503,1,0.30264490552526474,1.652399260310018,1.8351402527750091,6.99112836401073e-12
5.416666666666667,3.3333333333333335,1.1599726720946928,1.8849555921538759,1,0.1977220848040113,1.4374776709452732,1.7596096904755858,5.591227517013479e-10
5.416666666666667,3.3333333333333335,1.1599726720946928,1.8849555921538759,2,0.3721600753172043,3.169142724739527,3.0035716930541696,1.641764572323077e-10
7.916666666666667,6.0,0.7936655124858425,1.0471975511965976,1,0.2098445804462638,1.2109370379433373,1.2401733659944363,2.9926750400578747e-10
7.916666666666667,6.0,0.7936655124858425,1.0471975511965976,2,0.3122248531857039,1.8725159604020019,2.2107750515093594,1.2481826258415894e-13
7.916666666666667,6.0,0.7936655124858425,1.0471975511965976,3,0.3573740143640793,2.4661688630703704,2.406237658609955,9.269367114305994e-12
7.916666666666667,6.0,0.7936655124858425,1.0471975511965976,4,0.3264578938235179,2.309947886451007,2.238656553707395,1.581721540778688e-13
11.666666666666666,9.666666666666666,0.5385587406153931,0.6499846869496124,1,0.31344475773490943,1.6288120123741014,1.7639325635899594,1.5870111015640255e-10
11.666666666666666,9.666666666666666,0.5385587406153931,0.6499846869496124,2,0.40360330974537467,1.5570746435159273,1.6401781037220222,5.750766209925634e-15
6.666666666666667,5.0,0.9424777960769379,1.2566370614359172,1,0.1985403792450561,1.2238951239905531,1.2592478581323205,1.0518603696390642e-11
6.666666666666667,5.0,0.9424777960769379,1.2566370614359172,2,0.3175782628149508,2.0315304422938185,2.409621372288526,1.8163482204881064e-8
9.166666666666666,7.333333333333333,0.6854383971468639,0.85679799643358,1,0.2339178868908775,1.2771784064724572,1.2951936840928127,9.551747018262976e-12
9.166666666666666,7.333333333333333,0.6854383971468639,0.85679799643358,2,0.3598723813872669,1.9848481908698312,1.9488822938299406,7.928617693518592e-11
9.166666666666666,7.333333333333333,0.6854383971468639,0.85679799643358,3,0.30719568066973596,1.7368114780721338,1.9785864566474929,9.701442972598537e-11
9.166666666666666,7.333333333333333,0.6854383971468639,0.85679799643358,4,0.380182071756467,1.5365859251484502,1.6253885065305138,5.465894978511037e-13
14.583333333333334,3.6666666666666665,0.43084699249231445,1.71359599286716,1,0.11466373970088185,1.1311878484469595,1.1667917232961855,1.9173390422446295e-12
14.583333333333334,3.6666666666666665,0.43084699249231445,1.71359599286716,2,0.32583659781836327,1.9659785834112018,2.0703317689854472,3.1266240517122192e-12
10.416666666666666,8.666666666666666,0.6031857894892403,0.7249829200591831,1,0.3109567283726859,1.676212734774325,1.848096583430871,1.3759609771687612e-12
5.416666666666667,3.6666666666666665,1.1599726720946928,1.71359599286716,1,0.27842735509923344,1.9033415328074665,2.303337642998657,4.582897066760832e-12
7.916666666666667,6.333333333333333,0.7936655124858425,0.9920818906073031,1,0.2002421808141376,1.1844733719945013,1.2090058193334936,9.630116361510196e-12
7.916666666666667,6.333333333333333,0.7936655124858425,0.9920818906073031,2,0.3217626438734566,1.9255331910400189,2.2385481259924305,1.1774706455646177e-9
7.916666666666667,6.333333333333333,0.7936655124858425,0.9920818906073031,3,0.31568375953040423,1.8664695527073214,2.1075291227328945,5.605596391943819e-11
11.666666666666666,10.0,0.5385587406153931,0.6283185307179586,1,0.32264431776575614,1.6509507439181945,1.779689220109966,1.389861140208479e-9
11.666666666666666,10.0,0.5385587406153931,0.6283185307179586,2,0.40654502448043794,1.5443777744866556,1.6219886424513503,9.877880181709777e-9
6.666666666666667,5.333333333333333,0.9424777960769379,1.1780972450961724,1,0.18136824287252765,1.1705972097027462,1.1980271972754486,2.7565706894894454e-10
6.666666666666667,5.333333333333333,0.9424777960769379,1.1780972450961724,2,0.41007312541970314,2.4492742724874406,2.1988568538262587,7.61436491263882e-9
9.166666666666666,7.666666666666667,0.6854383971468639,0.8195459096321199,1,0.2372926114256253,1.3107265128674386,1.3199934353205602,1.4805059685309673e-14
9.166666666666666,7.666666666666667,0.6854383971468639,0.8195459096321199,2,0.31456431568211957,1.7614465810727788,1.9857059116856652,1.0193701246205307e-8
9.166666666666666,7.666666666666667,0.6854383971468639,0.8195459096321199,3,0.3696636256056874,2.0204727642380034,1.9678362315204665,1.378914002150275e-10
14.583333333333334,4.0,0.43084699249231445,1.5707963267948966,1,0.10826328029300208,1.1027777611135596,1.1371730984907245,2.0707619044952882e-12
10.416666666666666,9.0,0.6031857894892403,0.6981317007977318,1,0.31920696889465255,1.6986182642904362,1.8602442080813617,4.459529691270366e-9
13.333333333333334,3.0,0.47123889803846897,2.0943951023931953,1,0.14117957342119458,1.2724055535200562,1.3134250923276451,1.0355545905431496e-12
13.333333333333334,3.0,0.47123889803846897,2.0943951023931953,2,0.24009263722998284,1.696224837465054,1.7663903336523168,1.9523489033791965e-8
5.416666666666667,4.0,1.1599726720946928,1.5707963267948966,1,0.3803108952269893,2.960451614345911,2.9772195073000756,3.092886344718038e-13
5.416666666666667,4.0,1.1599726720946928,1.5707963267948966,2,0.34962501326550266,2.165139703461623,2.220518371459793,3.400210661586938e-11
7.916666666666667,6.666666666666667,0.7936655124858425,0.9424777960769379,1,0.33513541565993704,1.949358014728654,1.9366520710912023,6.15334757842942e-14
7.916666666666667,6.666666666666667,0.7936655124858425,0.9424777960769379,2,0.19467979378449274,1.1715853896069213,1.1923706516617627,7.1177703015539225e-9
7.916666666666667,6.666666666666667,0.7936655124858425,0.9424777960769379,3,0.38223897002998247,1.564475269396549,1.679228023531837,2.586373927966714e-10
7.916666666666667,6.666666666666667,0.7936655124858425,0.9424777960769379,4,0.4269187272723591,2.1558801437239348,2.1418678553562502,7.070224313137424e-14
7.916666666666667,6.666666666666667,0.7936655124858425,0.9424777960769379,5,0.3131487372896432,1.8220458174603422,1.6908182738055535,1.9914401134486498e-10
6.666666666666667,5.666666666666667,0.9424777960769379,1.1087974071493387,1,0.17095375483168318,1.1412208374530628,1.1636624150003054,5.978201748237349e-10
6.666666666666667,5.666666666666667,0.9424777960769379,1.1087974071493387,2,0.3869407838017131,1.9573876322097652,2.004529560481744,2.5494171073667035e-12
14.583333333333334,4.333333333333333,0.43084699249231445,1.4499658401183662,1,0.10512503959802873,1.086530099538677,1.12023219097246,4.4705686939351893e-13
9.166666666666666,8.0,0.6854383971468639,0.7853981633974483,1,0.2484401864648565,1.3891408853301392,1.3831879257697226,1.723954697620443e-9
9.166666666666666,8.0,0.6854383971468639,0.7853981633974483,2,0.37921544082459474,2.0467782942662627,1.968628898249448,1.204681141083716e-8
9.166666666666666,8.0,0.6854383971468639,0.7853981633974483,3,0.3216981952418638,1.7833754132483834,1.9908966270207573,3.737846032336287e-11
10.416666666666666,9.333333333333334,0.6031857894892403,0.6731984257692414,1,0.3968344736084714,1.500084671386936,1.5560535313136663,9.097412108283162e-11
10.416666666666666,9.333333333333334,0.6031857894892403,0.6731984257692414,2,0.3274911409430969,1.7201603088793982,1.8721837744278849,2.0560220907812325e-10
13.333333333333334,3.3333333333333335,0.47123889803846897,1.8849555921538759,1,0.11647216636644646,1.1621974727284152,1.2003899639867202,2.4944418634090743e-8
13.333333333333334,3.3333333333333335,0.47123889803846897,1.8849555921538759,2,0.29912520678189847,1.9457050627139463,2.035236624746088,2.993791113015381e-12
7.916666666666667,7.0,0.7936655124858425,0.8975979010256552,1,0.19233762610103627,1.1693986110315737,1.1866670233139986,5.185408471350822e-10
7.916666666666667,7.0,0.7936655124858425,0.8975979010256552,2,0.3532359717539135,2.0509925038754773,2.032764963587299,4.2749751782719337e-13
7.916666666666667,7.0,0.7936655124858425,0.8975979010256552,3,0.3377014734798501,2.0038331583025055,2.2648457630122527,1.6637092457258862e-11
7.916666666666667,7.0,0.7936655124858425,0.8975979010256552,4,0.3269418752407769,1.890307625790586,1.724161202323591,1.0764040035793323e-13
5.416666666666667,4.333333333333333,1.1599726720946928,1.4499658401183662,1,0.17976158340121715,1.2190486633489275,1.2554567851672618,9.970322519066246e-13
5.416666666666667,4.333333333333333,1.1599726720946928,1.4499658401183662,2,0.28264707224879126,1.6474621632641995,1.6934222958234808,8.813113183916049e-14
5.416666666666667,4.333333333333333,1.1599726720946928,1.4499658401183662,3,0.3838364011138796,2.9720491692370574,2.9846470645604253,6.321981167146011e-14
5.416666666666667,4.333333333333333,1.1599726720946928,1.4499658401183662,4,0.3283463232442283,2.2803005985039384,2.603450860765811,3.583572246365107e-11
14.583333333333334,4.666666666666667,0.43084699249231445,1.3463968515384828,1,0.1039682220620673,1.0768657381843934,1.1103643146895372,6.049485457254171e-10
10.416666666666666,9.666666666666666,0.6031857894892403,0.6499846869496124,1,0.3401239778258345,1.7459852176138542,1.8867073251733442,3.7080030324679517e-9
9.166666666666666,8.333333333333334,0.6854383971468639,0.7539822368615503,1,0.2723309153338746,1.5583327765030957,1.5202891343946665,2.062720140452043e-12
9.166666666666666,8.333333333333334,0.6854383971468639,0.7539822368615503,2,0.32878830758714556,1.8037752243261935,1.9956082581094179,4.3823233967504626e-13
9.166666666666666,8.333333333333334,0.6854383971468639,0.7539822368615503,3,0.3903142476273481,1.4935987459810376,1.54959754009182,6.048906571587273e-11
6.666666666666667,6.0,0.9424777960769379,1.0471975511965976,1,0.16423140549412088,1.1235388479896882,1.1425384125427092,7.685550920645931e-10
6.666666666666667,6.0,0.9424777960769379,1.0471975511965976,2,0.3832586914591672,2.6583259316856664,2.6698022780252932,6.227489049612291e-9
6.666666666666667,6.0,0.9424777960769379,1.0471975511965976,3,0.39881576870595886,2.7555998567794306,2.8082944609562794,6.889083525853366e-10
6.666666666666667,6.0,0.9424777960769379,1.0471975511965976,4,0.5085976518532366,3.5336676111628846,3.3956250455788086,2.4861361843091467e-9
6.666666666666667,6.0,0.9424777960769379,1.0471975511965976,5,0.33829362216352493,2.086716132239587,2.3140467957031823,8.356272636091202e-9
6.666666666666667,6.0,0.9424777960769379,1.0471975511965976,6,0.34967654744296633,2.265393777410998,2.540192854240879,7.858283761288893e-12
6.666666666666667,6.0,0.9424777960769379,1.0471975511965976,7,0.3886624563344485,1.9243620794460607,1.955986766481153,6.21393069820106e-12
13.333333333333334,3.6666666666666665,0.47123889803846897,1.71359599286716,1,0.10707455800694012,1.1180252628778102,1.1552540698804796,9.355975375692563e-12
13.333333333333334,3.6666666666666665,0.47123889803846897,1.71359599286716,2,0.3336899129214079,2.0900173801344804,2.1935920936547806,1.496373661703738e-12
7.916666666666667,7.333333333333333,0.7936655124858425,0.85679799643358,1,0.19336452577478727,1.1789824477753015,1.192166229505991,2.883359155687125e-10
7.916666666666667,7.333333333333333,0.7936655124858425,0.85679799643358,2,0.3656770662049962,2.1111149786224486,2.083958656960235,1.376977015497612e-10
7.916666666666667,7.333333333333333,0.7936655124858425,0.85679799643358,3,0.3448813807795874,2.0333836664679668,2.269583043282945,3.934059682729091e-11
7.916666666666667,7.333333333333333,0.7936655124858425,0.85679799643358,4,0.38696688597573253,1.5147509766684835,1.592020123872324,2.8358394160001426e-10
7.916666666666667,7.333333333333333,0.7936655124858425,0.85679799643358,5,0.3449919071278153,1.9805087799157457,1.7910937121541899,7.375202456397299e-11
5.416666666666667,4.666666666666667,1.1599726720946928,1.3463968515384828,1,0.15910040172883264,1.1530773049865775,1.1790665226100443,5.109428530997688e-12
5.416666666666667,4.666666666666667,1.1599726720946928,1.3463968515384828,2,0.34313111371284377,2.410761388410476,2.6816542149729257,1.8806107554910932e-8
5.416666666666667,4.666666666666667,1.1599726720946928,1.3463968515384828,3,0.3075831157033673,1.734361996648465,1.763768426667772,1.1511644386315858e-8
12.083333333333334,2.6666666666666665,0.5199877495596898,2.356194490192345,1,0.2629713350111053,1.6523043527580703,1.6575347402414158,4.5308562179189475e-10
14.583333333333334,5.0,0.43084699249231445,1.2566370614359172,1,0.10422217825239699,1.0712914221570782,1.1050801614127186,8.316072264503759e-9
10.416666666666666,10.0,0.6031857894892403,0.6283185307179586,1,0.3509797932317793,1.7685682151135547,1.8996363017962883,1.4985408224020537e-8
9.166666666666666,8.666666666666666,0.6854383971468639,0.7249829200591831,1,0.3359684786079438,1.8235286334613448,2.0008256998420544,1.5248032482365152e-8
6.666666666666667,6.333333333333333,0.9424777960769379,0.9920818906073031,1,0.16001927852914835,1.1131990183014109,1.129618035686891,3.895302537456255e-13
6.666666666666667,6.333333333333333,0.9424777960769379,0.9920818906073031,2,0.4012706860011352,2.7560415317691436,2.752842271747549,7.87790152344026e-9
6.666666666666667,6.333333333333333,0.9424777960769379,0.9920818906073031,3,0.3827279754111183,1.5580411172341029,1.6815205428508595,2.1153670569350718e-12
13.333333333333334,4.0,0.47123889803846897,1.5707963267948966,1,0.1026966269779217,1.094816574767968,1.131500252155521,3.474119001955848e-8
13.333333333333334,4.0,0.47123889803846897,1.5707963267948966,2,0.3558836800297833,2.2174670136087125,2.3193221357802143,4.67510450482593e-12
7.916666666666667,7.666666666666667,0.7936655124858425,0.8195459096321199,1,0.1989401083791374,1.206013055169066,1.2132298877371706,2.2967340095813163e-11
7.916666666666667,7.666666666666667,0.7936655124858425,0.8195459096321199,2,0.375649000279093,2.1564057791867257,2.1056205680952473,6.540789095154448e-14
7.916666666666667,7.666666666666667,0.7936655124858425,0.8195459096321199,3,0.44721403525001685,2.3374367809725634,2.2542515452287644,1.679398336938757e-10
5.416666666666667,5.0,1.1599726720946928,1.2566370614359172,1,0.14726847713999774,1.1193807692224291,1.1394964987540663,5.710568520617279e-10
5.416666666666667,5.0,1.1599726720946928,1.2566370614359172,2,0.3552319673893658,2.5187491070908417,2.7400244913975804,2.342772219009903e-11
14.583333333333334,5.333333333333333,0.43084699249231445,1.1780972450961724,1,0.10561550391727591,1.0685911664476584,1.10318275613631,1.3909557734757181e-8
12.083333333333334,3.0,0.5199877495596898,2.0943951023931953,1,0.12292571932505299,1.2199476728670602,1.2593819656026537,1.768780613241191e-8
12.083333333333334,3.0,0.5199877495596898,2.0943951023931953,2,0.26262975914149905,1.8679943131267904,1.939116672911669,1.0851919026334613e-11
9.166666666666666,9.0,0.6854383971468639,0.6981317007977318,1,0.3433398222284977,1.843326155623288,2.0072399673366057,4.42876140353353e-10
9.166666666666666,9.0,0.6854383971468639,0.6981317007977318,2,0.3981960703422373,1.473319919073524,1.5154096591942035,1.2445403312430597e-8
6.666666666666667,6.666666666666667,0.9424777960769379,0.9424777960769379,1,0.30012232109535153,1.7272029475423212,1.751062261633796,9.438394022124524e-12
6.666666666666667,6.666666666666667,0.9424777960769379,0.9424777960769379,2,0.15783029686831998,1.1085492429146453,1.122808230801728,1.7459759921292098e-10
6.666666666666667,6.666666666666667,0.9424777960769379,0.9424777960769379,3,0.32783443891186514,2.032297317560616,1.8979108915122658,1.0013570089843942e-11
6.666666666666667,6.666666666666667,0.9424777960769379,0.9424777960769379,4,0.3859822713561248,1.5307855749310337,1.6304489485306561,2.5695289632161526e-8
13.333333333333334,4.333333333333333,0.47123889803846897,1.4499658401183662,1,0.1009747293670742,1.0815912983573581,1.1182169337446255,2.9167586441555625e-11
13.333333333333334,4.333333333333333,0.47123889803846897,1.4499658401183662,2,0.3756553426859342,2.375622376780874,2.4536072371261914,5.540542183062844e-10
7.916666666666667,8.0,0.7936655124858425,0.7853981633974483,1,0.21188939491453068,1.2653047032498352,1.261915556561318,1.3665710895041434e-11
7.916666666666667,8.0,0.7936655124858425,0.7853981633974483,2,0.3589632770946706,2.082936175786989,2.274150648663443,2.6644430575648863e-10
7.916666666666667,8.0,0.7936655124858425,0.7853981633974483,3,0.38370080486405933,2.1925619946460815,2.0663685138066024,6.684502696202833e-10
7.916666666666667,8.0,0.7936655124858425,0.7853981633974483,4,0.4394292332826432,2.34626134952142,2.2337741914709612,8.199806701272985e-9
14.583333333333334,5.666666666666667,0.43084699249231445,1.1087974071493387,1,0.10803841005866453,1.0681907757852704,1.1041420712790326,7.707809469684378e-11
5.416666666666667,5.333333333333333,1.1599726720946928,1.1780972450961724,1,0.13965343393772364,1.0990883976131172,1.1154959275196052,4.9865143881067683e-8
5.416666666666667,5.333333333333333,1.1599726720946928,1.1780972450961724,2,0.408747297341882,1.4361711868507365,1.424422179492489,2.0406819217125485e-8
12.083333333333334,3.3333333333333335,0.5199877495596898,1.8849555921538759,1,0.10731473378547117,1.1423842391948245,1.1817990674704606,2.523861881966119e-13
12.083333333333334,3.3333333333333335,0.5199877495596898,1.8849555921538759,2,0.3124309475327105,2.097800914041075,2.1822285176147145,1.7994214758079296e-10
9.166666666666666,9.333333333333334,0.6854383971468639,0.6731984257692414,1,0.35099195373569364,1.8637646416665055,2.01539633800417,2.3858236304563366e-10
9.166666666666666,9.333333333333334,0.6854383971468639,0.6731984257692414,2,0.40209391033485564,1.464824524324178,1.5012879981429217,7.3441076190139514e-9
6.666666666666667,7.0,0.9424777960769379,0.8975979010256552,1,0.15760619338311813,1.1094848359164993,1.1216099363790892,1.6753533234525897e-13
6.666666666666667,7.0,0.9424777960769379,0.8975979010256552,2,0.3397612068185932,1.9677640658618105,2.0282279119900353,1.1054643563866693e-11
6.666666666666667,7.0,0.9424777960769379,0.8975979010256552,3,0.30684494940804746,1.741612761131668,1.7836728401804138,2.535822459487276e-9
6.666666666666667,7.0,0.9424777960769379,0.8975979010256552,4,0.37405088054981145,2.201485666744711,2.2566810912426165,4.934943604240791e-12
13.333333333333334,4.666666666666667,0.47123889803846897,1.3463968515384828,1,0.1010174141629282,1.074073849637987,1.1112214813667118,1.4536233596836425e-11
7.916666666666667,8.333333333333334,0.7936655124858425,0.7539822368615503,1,0.23730238192842473,1.392156655081786,1.3670329812920818,5.1681444909649064e-9
7.916666666666667,8.333333333333334,0.7936655124858425,0.7539822368615503,2,0.3664464274712516,2.1078296766651987,2.2791321388479333,1.8718456066608775e-10
14.583333333333334,6.0,0.43084699249231445,1.0471975511965976,1,0.11149406869150491,1.069912823849774,1.1078632100960801,2.051084595612023e-12
5.416666666666667,5.666666666666667,1.1599726720946928,1.1087974071493387,1,0.1346286532571937,1.086135137829269,1.1000364820866007,3.552577253107098e-11
5.416666666666667,5.666666666666667,1.1599726720946928,1.1087974071493387,2,0.3706005416927009,2.2530275037490632,2.428569812622068,1.5075492831984606e-11
5.416666666666667,5.666666666666667,1.1599726720946928,1.1087974071493387,3,0.37095976625122706,2.545777270833451,2.717886967499953,8.287867835155138e-13
5.416666666666667,5.666666666666667,1.1599726720946928,1.1087974071493387,4,0.44705883063517765,1.4284060754025192,1.4095829981793129,2.1864166164981776e-10
5.416666666666667,5.666666666666667,1.1599726720946928,1.1087974071493387,5,0.37841529686891423,1.9439022433325575,1.974422985991788,7.812433632214455e-10
5.416666666666667,5.666666666666667,1.1599726720946928,1.1087974071493387,6,0.3650031504683534,2.199797875567803,2.418107515666146,1.2621983857196515e-11
12.083333333333334,3.6666666666666665,0.5199877495596898,1.71359599286716,1,0.10095124011647327,1.1072525746625703,1.1466853385267741,9.296961376793123e-12
12.083333333333334,3.6666666666666665,0.5199877495596898,1.71359599286716,2,0.3427092007800358,2.244853382623848,2.338203779039312,1.5540352638971787e-12
9.166666666666666,9.666666666666666,0.6854383971468639,0.6499846869496124,1,0.3591799952034248,1.8854377949687797,2.025849995676852,1.3249182301427736e-11
9.166666666666666,9.666666666666666,0.6854383971468639,0.6499846869496124,2,0.40590939703396234,1.4572933857114547,1.4887880943098963,1.2168175332148845e-9
6.666666666666667,7.333333333333333,0.9424777960769379,0.85679799643358,1,0.1597458810485528,1.1175161710211172,1.1270101799921035,6.97087053428495e-9
6.666666666666667,7.333333333333333,0.9424777960769379,0.85679799643358,2,0.3134729578258848,1.7678892336552787,1.819130827911132,2.4870065167071276e-10
6.666666666666667,7.333333333333333,0.9424777960769379,0.85679799643358,3,0.3753261312808957,2.307118147654485,2.1370135766207135,1.2749836847469589e-14
6.666666666666667,7.333333333333333,0.9424777960769379,0.85679799643358,4,0.4442767839508406,3.012540233978968,2.971538274585652,9.634925571733923e-9
6.666666666666667,7.333333333333333,0.9424777960769379,0.85679799643358,5,0.3366423804439632,1.9223854399546285,1.9906373201059657,2.5480144044562844e-8
6.666666666666667,7.333333333333333,0.9424777960769379,0.85679799643358,6,0.37999136329992017,2.4192027067630377,2.5939446722581367,1.7799499039583039e-9
10.833333333333334,2.6666666666666665,0.5799863360473464,2.356194490192345,1,0.1498531965917114,1.385016190895329,1.4239747897082626,9.561635868903855e-13
10.833333333333334,2.6666666666666665,0.5799863360473464,2.356194490192345,2,0.19750538051680372,1.6151735951284838,1.6641912694317886,1.7054763311752002e-11
13.333333333333334,5.0,0.47123889803846897,1.2566370614359172,1,0.10244544152088199,1.070335675232385,1.108670768599866,1.3881191194851911e-12
7.916666666666667,8.666666666666666,0.7936655124858425,0.7249829200591831,1,0.2832137774163228,1.6715913491053291,1.5954528242588522,1.966343667480807e-8
7.916666666666667,8.666666666666666,0.7936655124858425,0.7249829200591831,2,0.3748534550273582,2.1377001310867643,2.290664676935852,5.835229414232587e-9
14.583333333333334,6.333333333333333,0.43084699249231445,0.9920818906073031,1,0.11609121169939078,1.0739053988841605,1.1146341468447758,2.06196788499682e-9
12.083333333333334,4.0,0.5199877495596898,1.5707963267948966,1,0.09842859051690477,1.0885283065158289,1.1282488011245162,1.4049489448660014e-11
9.166666666666666,10.0,0.6854383971468639,0.6283185307179586,1,0.3691867949944072,1.9082487521158418,2.0391457849580092,9.823297497229883e-11
9.166666666666666,10.0,0.6854383971468639,0.6283185307179586,2,0.40962464685805955,1.4506379980631159,1.477702457544856,4.4334573026444665e-13
5.416666666666667,6.0,1.1599726720946928,1.0471975511965976,1,0.13143161793346375,1.0778996784737505,1.0900063428002027,4.529861126990244e-8
5.416666666666667,6.0,1.1599726720946928,1.0471975511965976,2,0.3670954309717684,1.8778633615526417,1.8644546068420689,5.883156450568094e-10
5.416666666666667,6.0,1.1599726720946928,1.0471975511965976,3,0.3996768974722788,1.4063694308652226,1.3840308875435214,6.287973700197658e-11
5.416666666666667,6.0,1.1599726720946928,1.0471975511965976,4,0.41796205988124724,3.0649717847750777,2.9983540912928244,3.0798471398021672e-12
6.666666666666667,7.666666666666667,0.9424777960769379,0.8195459096321199,1,0.16541341799315284,1.1370123487367103,1.1424151571174834,3.3713360224769306e-8
6.666666666666667,7.666666666666667,0.9424777960769379,0.8195459096321199,2,0.3198885787909437,1.7974109296705685,1.8541348698963425,2.4575788332092032e-8
6.666666666666667,7.666666666666667,0.9424777960769379,0.8195459096321199,3,0.387373368815097,2.4459691417799085,2.6009571387203683,1.0484256405927062e-9
6.666666666666667,7.666666666666667,0.9424777960769379,0.8195459096321199,4,0.33416185450870906,1.8895763959725445,1.9581828601971376,5.128484546659795e-11
6.666666666666667,7.666666666666667,0.9424777960769379,0.8195459096321199,5,0.38784781748560493,2.2278497123009773,2.312356508703574,1.0305828416150476e-9
10.833333333333334,3.0,0.5799863360473464,2.0943951023931953,1,0.11019191801287122,1.184773268290796,1.2244820775471505,7.614143386265847e-10
10.833333333333334,3.0,0.5799863360473464,2.0943951023931953,2,0.15337457365013007,1.2026543981515105,1.2299899963286907,2.610928202032419e-8
10.833333333333334,3.0,0.5799863360473464,2.0943951023931953,3,0.28330285036514413,2.064087520276173,2.1233038128876456,3.494735083138221e-10
13.333333333333334,5.333333333333333,0.47123889803846897,1.1780972450961724,1,0.10513128009946236,1.069518208399502,1.1098232817990705,4.689784510580678e-11
14.583333333333334,6.666666666666667,0.43084699249231445,0.9424777960769379,1,0.12206724387897701,1.0806906265786616,1.125203756671565,1.2879339255747859e-8
7.916666666666667,9.0,0.7936655124858425,0.6981317007977318,1,0.38512021089693615,2.17897555141382,2.3148047352771868,4.5195778374330396e-10
7.916666666666667,9.0,0.7936655124858425,0.6981317007977318,2,0.4058533008115573,1.452701457326557,1.4841436392920349,4.027409940400771e-11
12.083333333333334,4.333333333333333,0.5199877495596898,1.4499658401183662,1,0.09820106056170312,1.0782127438140021,1.1188203853667567,8.370694190218379e-11
5.416666666666667,6.333333333333333,1.1599726720946928,0.9920818906073031,1,0.12968851990538596,1.073179346187819,1.0839063059050376,8.139194807066107e-10
5.416666666666667,6.333333333333333,1.1599726720946928,0.9920818906073031,2,0.379497765564976,1.9113611760779503,1.8893520900326382,3.775941305030269e-11
5.416666666666667,6.333333333333333,1.1599726720946928,0.9920818906073031,3,0.387777059118372,2.734240808552086,2.8444430253377915,5.977821424924305e-12
6.666666666666667,8.0,0.9424777960769379,0.7853981633974483,1,0.17736170157467357,1.1790569642305941,1.176749534857043,1.2523771135080497e-13
6.666666666666667,8.0,0.9424777960769379,0.7853981633974483,2,0.392929513610509,2.2420597131200983,2.321831838649729,1.946024438958011e-8
6.666666666666667,8.0,0.9424777960769379,0.7853981633974483,3,0.3951111423925776,2.472902193938901,2.608902297603994,1.718316294957404e-14
6.666666666666667,8.0,0.9424777960769379,0.7853981633974483,4,0.40313205392150064,1.4718360989321426,1.5174141652275408,2.858354204213607e-9
13.333333333333334,5.666666666666667,0.47123889803846897,1.1087974071493387,1,0.10912419106911737,1.0713970564574948,1.1146477400382182,1.6080177487343475e-13
10.833333333333334,3.3333333333333335,0.5799863360473464,1.8849555921538759,1,0.10010870336676946,1.126613541584667,1.1680201602030222,2.445227134282303e-9
10.833333333333334,3.3333333333333335,0.5799863360473464,1.8849555921538759,2,0.32769331981948857,2.290023522099588,2.356291580920039,5.361779453404722e-12
14.583333333333334,7.0,0.43084699249231445,0.8975979010256552,1,0.12984484914898953,1.0913519980264583,1.1410125415323935,1.0579316535592615e-10
7.916666666666667,9.333333333333334,0.7936655124858425,0.6731984257692414,1,0.4095595410957967,1.445044966223463,1.4706933510032376,1.8987781208257705e-10
7.916666666666667,9.333333333333334,0.7936655124858425,0.6731984257692414,2,0.39899977569929174,2.2423386708780164,2.3615500577056467,6.557497244277666e-12
12.083333333333334,4.666666666666667,0.5199877495596898,1.3463968515384828,1,0.09970070111326036,1.073066696379502,1.1153981521852248,1.6155773128259422e-11
5.416666666666667,6.666666666666667,1.1599726720946928,0.9424777960769379,1,0.12926966350811817,1.0715780739928724,1.081116978665016,3.805158399243749e-10
5.416666666666667,6.666666666666667,1.1599726720946928,0.9424777960769379,2,0.37764093962698564,2.351783189494105,2.3245709285679164,2.1615560058648486e-13
5.416666666666667,6.666666666666667,1.1599726720946928,0.9424777960769379,3,0.35662681919041056,2.1324327096495654,2.20896168922953,1.30841119262154e-10
5.416666666666667,6.666666666666667,1.1599726720946928,0.9424777960769379,4,0.39250131131612354,1.954825641973723,1.9239214683490031,7.401437385585534e-9
6.666666666666667,8.333333333333334,0.9424777960769379,0.7539822368615503,1,0.20141706991240022,1.2715592069252741,1.252747195977911,3.1264798659663606e-9
6.666666666666667,8.333333333333334,0.9424777960769379,0.7539822368615503,2,0.4073084398237661,1.463029984717512,1.499998006878176,3.6787516347885305e-14
6.666666666666667,8.333333333333334,0.9424777960769379,0.7539822368615503,3,0.4035022276532204,2.5031642329275456,2.620042748239278,4.9733923348874545e-15
6.666666666666667,8.333333333333334,0.9424777960769379,0.7539822368615503,4,0.47381297068279044,2.4537218156386413,2.3666587832748283,7.87354185807448e-9
13.333333333333334,6.0,0.47123889803846897,1.0471975511965976,1,0.11465983099298924,1.07629947586054,1.1238069003934108,1.1766145287897436e-13
10.833333333333334,3.6666666666666665,0.5799863360473464,1.71359599286716,1,0.09632788176017985,1.0987753977802155,1.1413082652092177,2.0072386876270784e-10
14.583333333333334,7.333333333333333,0.43084699249231445,0.85679799643358,1,0.14011367080372392,1.1079132929210953,1.164600775793266,9.069611731438997e-12
7.916666666666667,9.666666666666666,0.7936655124858425,0.6499846869496124,1,0.4195898681790257,2.344527118886252,2.445768506783833,8.466812419304028e-10
12.083333333333334,5.0,0.5199877495596898,1.2566370614359172,1,0.10277703160624999,1.0717486885752312,1.1169052386087364,6.272739555942916e-13
5.416666666666667,7.0,1.1599726720946928,0.8975979010256552,1,0.13027343208317857,1.0734011931986287,1.0817089010638041,2.8128763785508877e-10
5.416666666666667,7.0,1.1599726720946928,0.8975979010256552,2,0.2828388704160521,1.67227097285217,1.681897137000607,3.6036793364774827e-11
5.416666666666667,7.0,1.1599726720946928,0.8975979010256552,3,0.39156267275952905,1.4957761321117018,1.5549071927984994,4.466733487281988e-10
5.416666666666667,7.0,1.1599726720946928,0.8975979010256552,4,0.4810964902086008,2.6105782323645634,2.747338099488539,6.771879958395201e-10
5.416666666666667,7.0,1.1599726720946928,0.8975979010256552,5,0.3910029455533392,2.280761241442569,2.4209260679329407,2.613062689320817e-10
5.416666666666667,7.0,1.1599726720946928,0.8975979010256552,6,0.3501798333464957,2.1911412334163503,2.121857428970176,3.133593133944601e-12
5.416666666666667,7.0,1.1599726720946928,0.8975979010256552,7,0.39886379224886165,2.7585360567977393,2.8485231727061566,2.019708061632232e-14
5.416666666666667,7.0,1.1599726720946928,0.8975979010256552,8,0.35471853868317565,2.079811255977388,2.182809587364442,3.300595651791599e-14
6.666666666666667,8.666666666666666,0.9424777960769379,0.7249829200591831,1,0.24599446349098275,1.477180860533782,1.4216659932880569,1.505507580643402e-9
6.666666666666667,8.666666666666666,0.9424777960769379,0.7249829200591831,2,0.41315962089098557,2.5427492193217685,2.6385264315070955,2.518450227352093e-13
13.333333333333334,6.333333333333333,0.47123889803846897,0.9920818906073031,1,0.12225172143881892,1.085312877676663,1.1389918379348045,3.204118216466685e-10
9.583333333333334,2.6666666666666665,0.6556367277056959,2.356194490192345,1,0.23825000190652112,1.9097292330037199,1.9475295023727108,1.432954387043464e-8
9.583333333333334,2.6666666666666665,0.6556367277056959,2.356194490192345,2,0.12024363372095197,1.2732850719343156,1.3082693485182626,8.904924991400679e-10
14.583333333333334,7.666666666666667,0.43084699249231445,0.8195459096321199,1,0.15378954154170474,1.1337067622719794,1.1997895634914535,3.1241819052696273e-9
10.833333333333334,4.0,0.5799863360473464,1.5707963267948966,1,0.09570634044194931,1.0842142336151024,1.1282683114280148,1.637715972912021e-10
10.833333333333334,4.0,0.5799863360473464,1.5707963267948966,2,0.3705669629954556,2.594312251406628,2.642282357950889,2.009734579719736e-11
7.916666666666667,10.0,0.7936655124858425,0.6283185307179586,1,0.41665324853167063,1.432627528442646,1.44840294955543,5.885353749377071e-13
12.083333333333334,5.333333333333333,0.5199877495596898,1.1780972450961724,1,0.10757394803624265,1.073982129029903,1.123486904111516,2.421287867464243e-10
5.416666666666667,7.333333333333333,1.1599726720946928,0.85679799643358,1,0.1331245732106127,1.0799536954022417,1.0866290344080372,2.4875010805060707e-8
5.416666666666667,7.333333333333333,1.1599726720946928,0.85679799643358,2,0.28691708533071575,1.6805477823898063,1.6940179705279403,9.440166037948638e-9
5.416666666666667,7.333333333333333,1.1599726720946928,0.85679799643358,3,0.3553079598973561,2.0602490192700165,2.1723036388775627,4.252026825664611e-9
13.333333333333334,6.666666666666667,0.47123889803846897,0.9424777960769379,1,0.1329183863739268,1.1010006471568858,1.1638850977986541,8.749135381591943e-10
6.666666666666667,9.0,0.9424777960769379,0.6981317007977318,1,0.3338622799805777,2.0096551928214867,1.8515583302919407,5.548723383148144e-10
6.666666666666667,9.0,0.9424777960769379,0.6981317007977318,2,0.4366992419100586,2.7044659360157954,2.7397541640131644,2.2080741280733986e-11
6.666666666666667,9.0,0.9424777960769379,0.6981317007977318,3,0.4275121213196843,2.622825748445975,2.68529285587627,4.72913531460686e-13
14.583333333333334,8.0,0.43084699249231445,0.7853981633974483,1,0.17117289663645455,1.1718141630671635,1.2490600086127397,9.430503642921378e-13
14.583333333333334,8.0,0.43084699249231445,0.7853981633974483,2,0.47702850706418903,2.176895125963003,2.2455857857061776,5.09225007132974e-10
9.583333333333334,3.0,0.6556367277056959,2.0943951023931953,1,0.18565395737253224,1.191047215494698,1.2057170231910626,2.2882532546974306e-10
9.583333333333334,3.0,0.6556367277056959,2.0943951023931953,2,0.10086474205334463,1.1590115068574873,1.2004444569177564,2.944923188911448e-12
9.583333333333334,3.0,0.6556367277056959,2.0943951023931953,3,0.30626289562856407,2.3143276055414264,2.341032939061809,1.173755956154665e-8
10.833333333333334,4.333333333333333,0.5799863360473464,1.4499658401183662,1,0.09730783366951724,1.0770763279131232,1.1236426507995885,4.686777451318291e-13
10.833333333333334,4.333333333333333,0.5799863360473464,1.4499658401183662,2,0.2729321912529426,1.763234066715583,1.7769839750424072,8.646049392965172e-9
10.833333333333334,4.333333333333333,0.5799863360473464,1.4499658401183662,3,0.39267963638681364,2.790168954388854,2.7951217287508436,4.903415834142721e-9
12.083333333333334,5.666666666666667,0.5199877495596898,1.1087974071493387,1,0.11460133479843825,1.0805036263850791,1.1366768291058564,3.4891945160263907e-10
5.416666666666667,7.666666666666667,1.1599726720946928,0.8195459096321199,1,0.13888430126295792,1.0946078789834064,1.098521628188951,8.550221300813292e-11
5.416666666666667,7.666666666666667,1.1599726720946928,0.8195459096321199,2,0.29198922137276195,1.7033556419907656,1.714557991788124,5.141729492677146e-9
5.416666666666667,7.666666666666667,1.1599726720946928,0.8195459096321199,3,0.35709994398543377,2.053809853360115,2.170193060507528,3.892124923346838e-12
5.416666666666667,7.666666666666667,1.1599726720946928,0.8195459096321199,4,0.4336307684482493,2.601814374582897,2.794279803469979,7.382394250944724e-15
5.416666666666667,7.666666666666667,1.1599726720946928,0.8195459096321199,5,0.4024683783298328,1.4835724917632047,1.5245098736867535,1.0725396544979067e-9
13.333333333333334,7.0,0.47123889803846897,0.8975979010256552,1,0.1485329357571055,1.1290978785291104,1.2061133701156908,2.9078127849850954e-13
6.666666666666667,9.333333333333334,0.9424777960769379,0.6731984257692414,1,0.41883056100766475,1.4433923394525385,1.459887200338343,1.6211443790184096e-13
14.583333333333334,8.333333333333334,0.43084699249231445,0.7539822368615503,1,0.19026303799836777,1.2191430934674568,1.30637765890824,1.0173975839891352e-10
10.833333333333334,4.666666666666667,0.5799863360473464,1.3463968515384828,1,0.10094865865284854,1.0751562798632803,1.1257974659616166,7.143939910473118e-12
9.583333333333334,3.3333333333333335,0.6556367277056959,1.8849555921538759,1,0.09484436650179132,1.114533096602188,1.1591948153803928,5.274156945999761e-8
9.583333333333334,3.3333333333333335,0.6556367277056959,1.8849555921538759,2,0.3462438419050981,2.5376699864987327,2.566208295654399,1.7825626608778709e-13
12.083333333333334,6.0,0.5199877495596898,1.0471975511965976,1,0.12508052723837743,1.093869687049017,1.160738478963842,3.298667586701635e-13
13.333333333333334,7.333333333333333,0.47123889803846897,0.85679799643358,1,0.1706781310958613,1.178215756803719,1.2749003877259095,2.214336807916339e-12
5.416666666666667,8.0,1.1599726720946928,0.7853981633974483,1,0.15008956979481503,1.1260618729402627,1.1243012224693547,1.6838462359365303e-12
5.416666666666667,8.0,1.1599726720946928,0.7853981633974483,2,0.39712424267801427,2.2706319408974185,2.4086127881401738,2.175353413695498e-11
5.416666666666667,8.0,1.1599726720946928,0.7853981633974483,3,0.296377837504203,1.7255447337145196,1.73104125900604,1.6033525389752907e-9
5.416666666666667,8.0,1.1599726720946928,0.7853981633974483,4,0.4429343637782903,2.5313981494028805,2.750872941133283,5.30379559600421e-11
5.416666666666667,8.0,1.1599726720946928,0.7853981633974483,5,0.35953785718592135,2.0545953679215874,2.1728361115577925,2.8550324825587913e-13
6.666666666666667,9.666666666666666,0.9424777960769379,0.6499846869496124,1,0.4223515830040239,1.4384687636686806,1.4494066545417674,7.633069355257009e-14
14.583333333333334,8.666666666666666,0.43084699249231445,0.7249829200591831,1,0.20822820563872552,1.267025174857003,1.3605268590400244,3.811708485614639e-12
14.583333333333334,8.666666666666666,0.43084699249231445,0.7249829200591831,2,0.4101217770342494,1.614602722398859,1.7605372307542873,7.719551856041818e-13
10.833333333333334,5.0,0.5799863360473464,1.2566370614359172,1,0.10697531469601715,1.0781572442239933,1.1353558297942032,4.717440742767027e-12
10.833333333333334,5.0,0.5799863360473464,1.2566370614359172,2,0.25527524905031745,1.6884413169132222,1.748507407979774,2.5399595387554643e-8
9.583333333333334,3.6666666666666665,0.6556367277056959,1.71359599286716,1,0.09358317108567038,1.0930951731128031,1.1405010600810976,4.816618337321791e-9
12.083333333333334,6.333333333333333,0.5199877495596898,0.9920818906073031,1,0.14199231165675016,1.1217397876676989,1.207423842749916,5.430548252165079e-13
8.333333333333334,2.6666666666666665,0.7539822368615503,2.356194490192345,1,0.10538497892699575,1.2204557255802113,1.256934340110193,2.0555370149951467e-8
8.333333333333334,2.6666666666666665,0.7539822368615503,2.356194490192345,2,0.2722958517809498,2.2419927512338718,2.2322570759553244,3.05340426730069e-8
13.333333333333334,7.666666666666667,0.47123889803846897,0.8195459096321199,1,0.19478125951304034,1.2423467599947489,1.3565559802628835,5.117339334586715e-10
14.583333333333334,9.0,0.43084699249231445,0.6981317007977318,1,0.22419193883119745,1.3104981119382377,1.406774380647259,2.705871414915392e-8
6.666666666666667,10.0,0.9424777960769379,0.6283185307179586,1,0.4257347357427341,1.4341551160873092,1.4400164222459568,9.053395153017102e-11
5.416666666666667,8.333333333333334,1.1599726720946928,0.7539822368615503,1,0.3005812232728592,1.7484694831381047,1.7455396993872043,1.1749610499533176e-11
5.416666666666667,8.333333333333334,1.1599726720946928,0.7539822368615503,2,0.17264823819065792,1.1978337839083018,1.182725348231733,4.6416338829826345e-8
5.416666666666667,8.333333333333334,1.1599726720946928,0.7539822368615503,3,0.41266053049978185,2.490091704665569,2.442844940020339,2.894210776126879e-9
5.416666666666667,8.333333333333334,1.1599726720946928,0.7539822368615503,4,0.3623070991335026,2.0598873585169817,2.17805040539152,1.7841056451491985e-13
5.416666666666667,8.333333333333334,1.1599726720946928,0.7539822368615503,5,0.3993851284256,2.271823171482553,2.408012426932989,4.010876699102401e-10
5.416666666666667,8.333333333333334,1.1599726720946928,0.7539822368615503,6,0.44548421795668397,2.477985073114726,2.7052484517023148,3.661084603805837e-10
10.833333333333334,5.333333333333333,0.5799863360473464,1.1780972450961724,1,0.11656730937723371,1.0879078414889052,1.1561703125819274,8.016619716745975e-10
10.833333333333334,5.333333333333333,0.5799863360473464,1.1780972450961724,2,0.27266700974533725,1.819522986662142,1.8436531669138927,3.1185120605911466e-13
9.583333333333334,4.0,0.6556367277056959,1.5707963267948966,1,0.09531301057839062,1.0829999125435135,1.1341708562850334,6.093106965516486e-8
9.583333333333334,4.0,0.6556367277056959,1.5707963267948966,2,0.38074987657888465,2.823911383779995,2.8277307525369384,1.739001225175789e-8
12.083333333333334,6.666666666666667,0.5199877495596898,0.9424777960769379,1,0.17048683977995646,1.1838226949422426,1.3027648561107699,4.762446677005847e-9
8.333333333333334,3.0,0.7539822368615503,2.0943951023931953,1,0.09455302846125377,1.1406380396237312,1.1859789287884808,3.6206785561215467e-12
8.333333333333334,3.0,0.7539822368615503,2.0943951023931953,2,0.18907267344043993,1.166955257057519,1.1742316436392572,1.4701052549291718e-8
8.333333333333334,3.0,0.7539822368615503,2.0943951023931953,3,0.3341797257346623,2.645443475532896,2.608078756565037,8.726809094577778e-14
14.583333333333334,9.333333333333334,0.43084699249231445,0.6731984257692414,1,0.23848998050869746,1.3489208484374626,1.4456673092681736,1.228365357334088e-11
14.583333333333334,9.333333333333334,0.43084699249231445,0.6731984257692414,2,0.42393256908830823,1.6264678769235448,1.7676362165721982,2.342021799378431e-8
13.333333333333334,8.0,0.47123889803846897,0.7853981633974483,1,0.21496508830708966,1.3019469456448134,1.425073538576543,3.0790607546243995e-8
13.333333333333334,8.0,0.47123889803846897,0.7853981633974483,2,0.38862955479583805,1.592579375466637,1.725916960956066,2.3471761434325974e-8
5.416666666666667,8.666666666666666,1.1599726720946928,0.7249829200591831,1,0.21631751609711686,1.3640759766502972,1.3173954316933287,3.302047861269844e-9
5.416666666666667,8.666666666666666,1.1599726720946928,0.7249829200591831,2,0.36521542129587564,2.068348770529835,2.1844468795742698,9.334220827480958e-11
5.416666666666667,8.666666666666666,1.1599726720946928,0.7249829200591831,3,0.3052162732114015,1.7745449625503829,1.760893421688324,9.134132944998396e-11
5.416666666666667,8.666666666666666,1.1599726720946928,0.7249829200591831,4,0.4023894650323885,2.279795600759892,2.412114193460903,2.8072425385741606e-10
5.416666666666667,8.666666666666666,1.1599726720946928,0.7249829200591831,5,0.44649039964089776,2.430192411782247,2.659647168642863,5.041829260678302e-12
7.083333333333333,2.0,0.887037925719471,3.141592653589793,1,0.211715052680179,1.1833982299955332,1.2018439952257118,7.541422366453542e-9
7.083333333333333,2.0,0.887037925719471,3.141592653589793,2,0.2356760526690858,1.2299402436888909,1.249259143518573,9.652048769578586e-10
10.833333333333334,5.666666666666667,0.5799863360473464,1.1087974071493387,1,0.13328646214418172,1.1121016351583963,1.2018041463977907,7.721945024625682e-11
9.583333333333334,4.333333333333333,0.6556367277056959,1.4499658401183662,1,0.2225154540949076,1.5034110106202143,1.6046569134593827,4.240138675088965e-12
9.583333333333334,4.333333333333333,0.6556367277056959,1.4499658401183662,2,0.09979555803478463,1.0803930039100078,1.137599803582296,1.2887936121803442e-8
12.083333333333334,7.0,0.5199877495596898,0.8975979010256552,1,0.20171838485056648,1.2722368695777253,1.4218824646905808,1.118382821677967e-12
14.583333333333334,9.666666666666666,0.43084699249231445,0.6499846869496124,1,0.2516106160496691,1.3830362308198845,1.4788918803878457,8.729627963702405e-12
14.583333333333334,9.666666666666666,0.43084699249231445,0.6499846869496124,2,0.42908201931356726,1.6252207260682383,1.76307456700667,1.625826622663243e-10
13.333333333333334,8.333333333333334,0.47123889803846897,0.7539822368615503,1,0.23135127527026425,1.351714453868862,1.4774668455643107,7.418835464460043e-11
13.333333333333334,8.333333333333334,0.47123889803846897,0.7539822368615503,2,0.44574911917525006,2.134971529842451,2.162631941878659,4.362469757767223e-13
13.333333333333334,8.333333333333334,0.47123889803846897,0.7539822368615503,3,0.40135082741768124,1.6314800468472659,1.7704486289553167,2.350115673865976e-14
8.333333333333334,3.3333333333333335,0.7539822368615503,1.8849555921538759,1,0.09214975381387239,1.1070479160707039,1.1577807632128017,1.4850722778691364e-8
8.333333333333334,3.3333333333333335,0.7539822368615503,1.8849555921538759,2,0.36742847862360994,2.840233438214783,2.8095895910786743,4.042066677724953e-12
5.416666666666667,9.0,1.1599726720946928,0.6981317007977318,1,0.28677232728318297,1.7132982560970658,1.6000989531909509,8.301493881380788e-10
5.416666666666667,9.0,1.1599726720946928,0.6981317007977318,2,0.3108227840881,1.8061540729478902,1.7790972485619607,1.6646670715448415e-8
5.416666666666667,9.0,1.1599726720946928,0.6981317007977318,3,0.3681278208998121,2.0794171763501206,2.1909900744879938,1.1157500745279454e-9
5.416666666666667,9.0,1.1599726720946928,0.6981317007977318,4,0.45170305512613346,2.2613546318553386,2.3976002579535214,2.2464645757791515e-9
10.833333333333334,6.0,0.5799863360473464,1.0471975511965976,1,0.16859902494804466,1.185308021833609,1.3262400268588697,4.5922179255929383e-11
7.083333333333333,2.3333333333333335,0.887037925719471,2.6927937030769655,1,0.12401363478149606,1.3770422642022089,1.3930980684226704,2.3500996733073866e-12
7.083333333333333,2.3333333333333335,0.887037925719471,2.6927937030769655,2,0.1837684998890498,1.117430893333888,1.127483441182474,7.119759405078894e-10
7.083333333333333,2.3333333333333335,0.887037925719471,2.6927937030769655,3,0.26563110820853536,1.2414615653924856,1.2532995780828307,3.2014689542934282e-9
9.583333333333334,4.666666666666667,0.6556367277056959,1.3463968515384828,1,0.10786057606083738,1.0851773116732086,1.1528184695808819,1.1614958214546171e-12
9.583333333333334,4.666666666666667,0.6556367277056959,1.3463968515384828,2,0.22604948622795787,1.5111723948316444,1.645902708025485,1.1810277146841448e-13
12.083333333333334,7.333333333333333,0.5199877495596898,0.85679799643358,1,0.22396867826060735,1.345168903337205,1.5067839977297044,3.5584431522597065e-8
12.083333333333334,7.333333333333333,0.5199877495596898,0.85679799643358,2,0.38295567152846105,1.6080922033966227,1.7527201679335458,3.772123968246884e-9
12.083333333333334,7.333333333333333,0.5199877495596898,0.85679799643358,3,0.32325657621246373,1.6649655559186591,1.6748775848240376,3.036721478242572e-11
14.583333333333334,10.0,0.43084699249231445,0.6283185307179586,1,0.26393147357248486,1.4137327327847695,1.5079297790588195,1.2261992183141887e-13
13.333333333333334,8.666666666666666,0.47123889803846897,0.7249829200591831,1,0.24532761066569417,1.3934499318714904,1.5184464079372813,1.693851048986767e-8
8.333333333333334,3.6666666666666665,0.7539822368615503,1.71359599286716,1,0.09405963334871646,1.0923074801084536,1.1490423225569644,6.645566155281223e-11
5.416666666666667,9.333333333333334,1.1599726720946928,0.6731984257692414,1,0.33645969418806393,1.9604990416530141,1.8307803528714648,2.70019153247575e-13
5.416666666666667,9.333333333333334,1.1599726720946928,0.6731984257692414,2,0.4258132086608705,1.460501216856245,1.467559532899943,2.0910442480395158e-8
5.416666666666667,9.333333333333334,1.1599726720946928,0.6731984257692414,3,0.3709078119921901,2.0932122984948998,2.1965317017532326,4.826944677788758e-11
5.416666666666667,9.333333333333334,1.1599726720946928,0.6731984257692414,4,0.4468276633439536,2.346630051968273,2.570189679254481,1.2273251331165406e-9
5.416666666666667,9.333333333333334,1.1599726720946928,0.6731984257692414,5,0.45057535705788515,2.240349603594572,2.363873483998124,1.3239232813110919e-9
5.416666666666667,9.333333333333334,1.1599726720946928,0.6731984257692414,6,0.343151992213446,2.0032461184900767,1.9910271778619393,4.989250151769476e-10
10.833333333333334,6.333333333333333,0.5799863360473464,0.9920818906073031,1,0.21068208232526026,1.3108400289093802,1.506662599165391,8.419596684572394e-10
9.583333333333334,5.0,0.6556367277056959,1.2566370614359172,1,0.12277196341584867,1.1030304124985917,1.1917122724806335,2.5746551424095065e-9
9.583333333333334,5.0,0.6556367277056959,1.2566370614359172,2,0.23742496195016977,1.5552206152753056,1.7042400193358689,9.639913631041318e-13
7.083333333333333,2.6666666666666665,0.887037925719471,2.356194490192345,1,0.09704721718406091,1.1892226067632543,1.2316912371585917,1.8737877103019064e-10
7.083333333333333,2.6666666666666665,0.887037925719471,2.356194490192345,2,0.17778795371082992,1.1092092076540339,1.1140751076023103,1.2289037323034623e-9
7.083333333333333,2.6666666666666665,0.887037925719471,2.356194490192345,3,0.31217888809641464,2.6930697898041234,2.582596784471928,4.294269844005698e-9
7.083333333333333,2.6666666666666665,0.887037925719471,2.356194490192345,4,0.30192088922541416,1.2793749478973797,1.2905982793872461,9.886323274696375e-10
12.083333333333334,7.666666666666667,0.5199877495596898,0.8195459096321199,1,0.24039972015228786,1.4009799928314806,1.5642819944471025,2.0345079769875472e-8
13.333333333333334,9.0,0.47123889803846897,0.6981317007977318,1,0.2578275098001378,1.4293236163590346,1.5518290719988552,1.6635231310107683e-10
13.333333333333334,9.0,0.47123889803846897,0.6981317007977318,2,0.4159808468301732,1.653840072253634,1.787245080798098,2.1019220383763065e-12
8.333333333333334,4.0,0.7539822368615503,1.5707963267948966,1,0.09994935149383591,1.0891487054618625,1.1554190591014177,1.4664567805170761e-12
8.333333333333334,4.0,0.7539822368615503,1.5707963267948966,2,0.19321581369668328,1.3642048236464124,1.4838413223965703,3.9272597718323446e-10
5.416666666666667,9.666666666666666,1.1599726720946928,0.6499846869496124,1,0.3732392644618035,2.111764039113461,2.1982069880086823,3.361520980311219e-11
5.416666666666667,9.666666666666666,1.1599726720946928,0.6499846869496124,2,0.3282843681662068,1.8919049826361771,1.8575118481038446,2.0242452928482143e-12
5.416666666666667,9.666666666666666,1.1599726720946928,0.6499846869496124,3,0.369143620039265,2.1358523641489087,2.1618197741928906,2.5451865555225635e-9
5.416666666666667,9.666666666666666,1.1599726720946928,0.6499846869496124,4,0.4466284756190856,2.3096225948217075,2.525798879478012,7.156656279434287e-12
10.833333333333334,6.666666666666667,0.5799863360473464,0.9424777960769379,1,0.2351482181303567,1.4003092413446439,1.6119721569273144,3.0334815398392363e-13
10.833333333333334,6.666666666666667,0.5799863360473464,0.9424777960769379,2,0.35274544302766714,1.8166582963988276,1.7888743332422479,1.511313968720592e-8
10.833333333333334,6.666666666666667,0.5799863360473464,0.9424777960769379,3,0.3192678844993894,1.5704296451459927,1.6103350033231538,1.0564321313587573e-10
9.583333333333334,5.333333333333333,0.6556367277056959,1.1780972450961724,1,0.16140134659334002,1.176518969767819,1.3304755793418166,7.491699763192039e-11
9.583333333333334,5.333333333333333,0.6556367277056959,1.1780972450961724,2,0.25088163644270867,1.6170256650916301,1.7623717322497192,1.3305816829811892e-8
7.083333333333333,3.0,0.887037925719471,2.0943951023931953,1,0.1785592912891773,1.1390969568315699,1.1405015928213649,1.6265805326337967e-10
7.083333333333333,3.0,0.887037925719471,2.0943951023931953,2,0.09231756907890018,1.1312838244996772,1.1857012859974387,2.8645343636439374e-11
12.083333333333334,8.0,0.5199877495596898,0.7853981633974483,1,0.25378951486188706,1.445545617000223,1.6059323458131574,1.5503480963930286e-9
13.333333333333334,9.333333333333334,0.47123889803846897,0.6731984257692414,1,0.26940748637158507,1.460938141102699,1.580090169839305,3.1425587857348174e-11
5.416666666666667,10.0,1.1599726720946928,0.6283185307179586,1,0.43345844670187866,1.4529270394579579,1.4486765824773704,4.958402513447326e-9
5.416666666666667,10.0,1.1599726720946928,0.6283185307179586,2,0.44953656739134584,2.222068942866924,2.302473320310825,6.485857580729268e-13
8.333333333333334,4.333333333333333,0.7539822368615503,1.4499658401183662,1,0.11210780743135904,1.0990243375231579,1.1841764464364852,2.4736634680814657e-9
8.333333333333334,4.333333333333333,0.7539822368615503,1.4499658401183662,2,0.2005953798053833,1.380034185937246,1.5637752809032435,1.0501382389764702e-8
10.833333333333334,7.0,0.5799863360473464,0.8975979010256552,1,0.2515348354390766,1.4628883770954129,1.6745178165837498,6.927265780657716e-10
10.833333333333334,7.0,0.5799863360473464,0.8975979010256552,2,0.36375673972264955,1.8670107252868138,1.8459618287834247,1.5690341944242017e-10
10.833333333333334,7.0,0.5799863360473464,0.8975979010256552,3,0.29748879330718664,1.4855981706231813,1.5182319550864856,3.171040736188201e-9
10.833333333333334,7.0,0.5799863360473464,0.8975979010256552,4,0.39847973655380525,2.0362934061134963,2.0170935424242744,5.138621110115758e-12
9.583333333333334,5.666666666666667,0.6556367277056959,1.1087974071493387,1,0.22142607121773797,1.3630355480086425,1.6178688671500694,3.746352465737367e-8
9.583333333333334,5.666666666666667,0.6556367277056959,1.1087974071493387,2,0.265298144979364,1.6993793784660487,1.8183519273179174,1.0983101561515259e-8
12.083333333333334,8.333333333333334,0.5199877495596898,0.7539822368615503,1,0.265484779888445,1.4827093860711293,1.6380883838629203,1.4782640751919318e-11
12.083333333333334,8.333333333333334,0.5199877495596898,0.7539822368615503,2,0.40780268311935625,1.7018580574916156,1.8265393966062353,5.287569120489054e-9
7.083333333333333,3.3333333333333335,0.887037925719471,1.8849555921538759,1,0.09461182550145512,1.1087559567921828,1.1739049946134505,9.749310432236718e-13
7.083333333333333,3.3333333333333335,0.887037925719471,1.8849555921538759,2,0.19087142461043752,1.240203621468226,1.2542092722714915,8.177786092776979e-12
13.333333333333334,9.666666666666666,0.47123889803846897,0.6499846869496124,1,0.2804083054315294,1.4894181127320831,1.6048276768108747,5.138569555986806e-10
13.333333333333334,9.666666666666666,0.47123889803846897,0.6499846869496124,2,0.4201834151876867,1.6270536321519915,1.7482987387464322,4.091688286656724e-10
8.333333333333334,4.666666666666667,0.7539822368615503,1.3463968515384828,1,0.14607019546076452,1.1555924300420595,1.303127709814001,1.7323000755680793e-12
8.333333333333334,4.666666666666667,0.7539822368615503,1.3463968515384828,2,0.21523676509799758,1.4068676387105046,1.6515462438443058,1.6715507077877153e-8
5.833333333333333,2.0,1.0771174812307862,3.141592653589793,1,0.14885057521011763,1.0897771320551508,1.1001540402600307,3.368722957181073e-9
10.833333333333334,7.333333333333333,0.5799863360473464,0.85679799643358,1,0.2642528907095446,1.5103281805908586,1.715797483066755,3.195483326052431e-8
10.833333333333334,7.333333333333333,0.5799863360473464,0.85679799643358,2,0.28586960092092667,1.4645470792073034,1.4867811276902,6.044939754096713e-11
10.833333333333334,7.333333333333333,0.5799863360473464,0.85679799643358,3,0.37588868352094845,1.5652355804554865,1.6772709240148425,8.528006094677749e-9
10.833333333333334,7.333333333333333,0.5799863360473464,0.85679799643358,4,0.37365005323704004,1.9019623035618265,1.876694194274444,7.250249911045838e-10
9.583333333333334,6.0,0.6556367277056959,1.0471975511965976,1,0.248991944440281,1.4768644041725074,1.753254879982054,1.4144417429793934e-10
9.583333333333334,6.0,0.6556367277056959,1.0471975511965976,2,0.2846695407972084,1.8719490473956135,1.9088128083608706,2.047393692390968e-9
9.583333333333334,6.0,0.6556367277056959,1.0471975511965976,3,0.4800624160368153,2.3257033583689557,2.413183279461118,4.764213381995805e-9
12.083333333333334,8.666666666666666,0.5199877495596898,0.7249829200591831,1,0.27618689718722145,1.5148242224936168,1.6642873710803605,1.6328558038878857e-8
13.333333333333334,10.0,0.47123889803846897,0.6283185307179586,1,0.29104873483829696,1.5155630923983292,1.6271059052268555,8.575041013864927e-11
13.333333333333334,10.0,0.47123889803846897,0.6283185307179586,2,0.4224548794955696,1.6142135012120116,1.7302899001523226,2.4752443288357837e-14
7.083333333333333,3.6666666666666665,0.887037925719471,1.71359599286716,1,0.13557576282154757,1.1753815459260897,1.2807716621127918,7.021123603212739e-8
7.083333333333333,3.6666666666666665,0.887037925719471,1.71359599286716,2,0.10352255872490099,1.106679349635952,1.1893151356023555,2.025851080572132e-10
8.333333333333334,5.0,0.7539822368615503,1.2566370614359172,1,0.23327553573496582,1.4367296312899132,1.7611535132668399,4.9797166486758e-9
10.833333333333334,7.666666666666667,0.5799863360473464,0.8195459096321199,1,0.28276265658951394,1.4966659867229408,1.5034373754147383,8.331810109852544e-11
10.833333333333334,7.666666666666667,0.5799863360473464,0.8195459096321199,2,0.3902637868660199,1.672206658255996,1.7872680097287406,2.8658696180281036e-10
10.833333333333334,7.666666666666667,0.5799863360473464,0.8195459096321199,3,0.2750511768930946,1.548523771549317,1.7452789496353893,4.84795093176871e-13
12.083333333333334,9.0,0.5199877495596898,0.6981317007977318,1,0.2862957284914324,1.5433936003533426,1.686633220822745,4.213890061104764e-10
12.083333333333334,9.0,0.5199877495596898,0.6981317007977318,2,0.40433750064624585,1.6240015835963149,1.7319178078223154,6.034387351087984e-10
5.833333333333333,2.3333333333333335,1.0771174812307862,2.6927937030769655,1,0.10743906597361594,1.2986228400237354,1.3262848078148415,6.273866123097157e-9
5.833333333333333,2.3333333333333335,1.0771174812307862,2.6927937030769655,2,0.14252655673259113,1.071830301686277,1.0775576142665333,3.208330891475823e-9
5.833333333333333,2.3333333333333335,1.0771174812307862,2.6927937030769655,3,0.2835127941922906,1.2728090961086567,1.2807535994073993,4.4233182234544603e-14
5.833333333333333,2.3333333333333335,1.0771174812307862,2.6927937030769655,4,0.2609575579341326,2.4366160616659625,2.311862133375625,5.077927350768764e-13
9.583333333333334,6.333333333333333,0.6556367277056959,0.9920818906073031,1,0.26571681509736156,1.5495905380986428,1.8239053215805585,6.608591234237835e-10
9.583333333333334,6.333333333333333,0.6556367277056959,0.9920818906073031,2,0.28831409342150643,1.4331730866158003,1.4744752352103079,2.6316588064928964e-8
9.583333333333334,6.333333333333333,0.6556367277056959,0.9920818906073031,3,0.30793965127281225,2.089082611907848,2.0373679262090127,1.8178853773219545e-12
7.083333333333333,4.0,0.887037925719471,1.5707963267948966,1,0.1673248798511336,1.2480334090633651,1.449228186569652,3.307845788890005e-8
7.083333333333333,4.0,0.887037925719471,1.5707963267948966,2,0.12948507422275032,1.142438605468942,1.276136340866805,1.3594033512187598e-9
15.0,3.3333333333333335,0.41887902047863906,1.8849555921538759,1,0.13250245511621678,1.197476746323207,1.2351467719540121,2.840700575851988e-9
15.0,3.3333333333333335,0.41887902047863906,1.8849555921538759,2,0.2814906043373993,1.7792594908796022,1.8640961911458336,1.3274681259829545e-10
10.833333333333334,8.0,0.5799863360473464,0.7853981633974483,1,0.2923880342759237,1.6105292026231723,1.5886615980390986,1.2824841435405932e-12
10.833333333333334,8.0,0.5799863360473464,0.7853981633974483,2,0.28477545327996506,1.5807411924804526,1.767806360452171,1.1764957432990009e-8
10.833333333333334,8.0,0.5799863360473464,0.7853981633974483,3,0.38291020636064677,1.5676153566892128,1.664263270381087,4.870734107146819e-11
8.333333333333334,5.333333333333333,0.7539822368615503,1.1780972450961724,1,0.43373404329563886,2.2624720226048485,2.454909493130678,2.0323536848697782e-8
8.333333333333334,5.333333333333333,0.7539822368615503,1.1780972450961724,2,0.40915822977252175,2.3525501000743234,2.1505792021492374,1.9366425161350023e-10
12.083333333333334,9.333333333333334,0.5199877495596898,0.6731984257692414,1,0.2960563771213154,1.5694270871668827,1.706452965588272,4.99643841816919e-12
5.833333333333333,2.6666666666666665,1.0771174812307862,2.356194490192345,1,0.14488046395870005,1.0745642796840056,1.076487633051708,2.680722047751036e-10
5.833333333333333,2.6666666666666665,1.0771174812307862,2.356194490192345,2,0.35632110853879745,3.236580401630428,2.9781436236433714,2.2149134147174973e-11
5.833333333333333,2.6666666666666665,1.0771174812307862,2.356194490192345,3,0.09653704167841537,1.1805025744366624,1.239591032964105,3.626178419312889e-12
5.833333333333333,2.6666666666666665,1.0771174812307862,2.356194490192345,4,0.31791027774970104,1.3017646122701527,1.3140497006958272,1.8967214537389326e-9
9.583333333333334,6.666666666666667,0.6556367277056959,0.9424777960769379,1,0.2779778214937653,1.6016357593473172,1.8655948898757253,6.490704545884455e-13
9.583333333333334,6.666666666666667,0.6556367277056959,0.9424777960769379,2,0.26447856491957616,1.3481162836915097,1.3818209264786774,3.188557165094775e-8
9.583333333333334,6.666666666666667,0.6556367277056959,0.9424777960769379,3,0.3812464917062416,1.6153045616748454,1.758566167023554,6.077044512443948e-12
9.583333333333334,6.666666666666667,0.6556367277056959,0.9424777960769379,4,0.33786866213083916,1.8421700994094734,1.813451222552568,2.0319896336170585e-10
7.083333333333333,4.333333333333333,0.887037925719471,1.4499658401183662,1,0.2424940990513074,1.5308632797319721,1.9155938860292068,2.6485824631880795e-8
15.0,3.6666666666666665,0.41887902047863906,1.71359599286716,1,0.11754049074349111,1.1361778008605736,1.171347747453481,1.9168510522191413e-10
15.0,3.6666666666666665,0.41887902047863906,1.71359599286716,2,0.3233014192123067,1.9297016063296049,2.03287865117911,1.618914682203412e-8
12.083333333333334,9.666666666666666,0.5199877495596898,0.6499846869496124,1,0.30562773082461075,1.5936315128393799,1.7246231571944581,5.7471117682442445e-9
10.833333333333334,8.333333333333334,0.5799863360473464,0.7539822368615503,1,0.2938902607354809,1.6089550151951943,1.7861349795921388,3.1686598039935514e-8
8.333333333333334,5.666666666666667,0.7539822368615503,1.1087974071493387,1,0.28438874277594145,1.6887541403990805,2.038199136661568,3.343715690927235e-14
8.333333333333334,5.666666666666667,0.7539822368615503,1.1087974071493387,2,0.2582870463621681,1.3569510082411804,1.3996261217377137,2.2324893283589526e-11
8.333333333333334,5.666666666666667,0.7539822368615503,1.1087974071493387,3,0.3952660162402093,1.9841819792251858,2.0663960890647797,1.564246195285545e-10
9.583333333333334,7.0,0.6556367277056959,0.8975979010256552,1,0.28795741542569275,1.6415781879625047,1.891710301796358,7.687123450775601e-14
9.583333333333334,7.0,0.6556367277056959,0.8975979010256552,2,0.36725637187742105,1.9334583103671412,1.7887762063254613,1.1238873251325504e-10
9.583333333333334,7.0,0.6556367277056959,0.8975979010256552,3,0.3504743560744571,1.9088090840998442,1.882595835739425,2.1304755041108782e-13
9.583333333333334,7.0,0.6556367277056959,0.8975979010256552,4,0.2527813327465702,1.318177870125738,1.3451667124797646,1.1968981294388118e-11
5.833333333333333,3.0,1.0771174812307862,2.0943951023931953,1,0.16236546800903964,1.1134504819788185,1.1100879591669603,4.2491941485297185e-10
5.833333333333333,3.0,1.0771174812307862,2.0943951023931953,2,0.10023693752685837,1.1444380910351137,1.2271240044120368,8.804578555580693e-11
7.083333333333333,4.666666666666667,0.887037925719471,1.3463968515384828,1,0.28180831002005957,1.7519647058819792,2.1645546008934344,1.9780223970961055e-8
15.0,4.0,0.41887902047863906,1.5707963267948966,1,0.11039673214034589,1.1058021046944355,1.1395569719714809,7.556154189475585e-9
12.083333333333334,10.0,0.5199877495596898,0.6283185307179586,1,0.3151185491677163,1.6165229759330446,1.741748941188058,5.3014107208699604e-9
12.083333333333334,10.0,0.5199877495596898,0.6283185307179586,2,0.40965274258009304,1.566966134535837,1.6555546665246446,3.8509576779138403e-13
10.833333333333334,8.666666666666666,0.5799863360473464,0.7249829200591831,1,0.30267241963559194,1.6344400194487165,1.801943211326501,1.737210620500383e-8
10.833333333333334,8.666666666666666,0.5799863360473464,0.7249829200591831,2,0.39000540874867673,1.5468792553043074,1.6272285720081001,1.685182286742639e-10
8.333333333333334,6.0,0.7539822368615503,1.0471975511965976,1,0.23070243946302094,1.2615334991534426,1.2953683655212629,9.776205287085509e-10
8.333333333333334,6.0,0.7539822368615503,1.0471975511965976,2,0.2974517734334179,1.7571514285945269,2.091409987730458,3.6041605327809383e-13
9.583333333333334,7.333333333333333,0.6556367277056959,0.85679799643358,1,0.2481159159082521,1.319572890138734,1.3393001627766254,1.3709737917026645e-8
9.583333333333334,7.333333333333333,0.6556367277056959,0.85679799643358,2,0.2966752560355427,1.6738923561372823,1.9088586494657345,3.8465516895192733e-13
9.583333333333334,7.333333333333333,0.6556367277056959,0.85679799643358,3,0.4882747438180459,2.4140654807445436,2.407499095561719,5.30995633152779e-10
9.583333333333334,7.333333333333333,0.6556367277056959,0.85679799643358,4,0.40448457472400323,1.9186382084407896,1.9990897892091328,9.760697858602364e-13
5.833333333333333,3.3333333333333335,1.0771174812307862,1.8849555921538759,1,0.23569745668868025,1.343221296759487,1.3270275177309077,1.0551602518885699e-10
5.833333333333333,3.3333333333333335,1.0771174812307862,1.8849555921538759,2,0.1205440289365039,1.1612274529134714,1.2925935254677754,7.920926604428372e-8
13.75,3.0,0.4569589314312426,2.0943951023931953,1,0.14964509555110483,1.29804834870828,1.340388613350922,2.3130255342125373e-8
13.75,3.0,0.4569589314312426,2.0943951023931953,2,0.23076957819490587,1.6373685850129185,1.7048773203552052,9.41802669615373e-9
15.0,4.333333333333333,0.41887902047863906,1.4499658401183662,1,0.10677849720039724,1.0884809209869553,1.1213700781569644,1.5339789499529358e-13
15.0,4.333333333333333,0.41887902047863906,1.4499658401183662,2,0.3707780367711372,2.170140396099914,2.272789876760558,4.853795048197585e-14
7.083333333333333,5.0,0.887037925719471,1.2566370614359172,1,0.22663458263405045,1.301460560854407,1.3447569775051578,6.221671014669122e-9
7.083333333333333,5.0,0.887037925719471,1.2566370614359172,2,0.43909827752397945,2.244359928267172,2.5088511046844193,6.276358051035365e-13
10.833333333333334,9.0,0.5799863360473464,0.6981317007977318,1,0.31129691376008667,1.658062228891119,1.8163044252639575,3.1421153005540103e-10
10.833333333333334,9.0,0.5799863360473464,0.6981317007977318,2,0.39328731278957607,1.5324998055097727,1.6052194022109245,3.7654327431240206e-9
8.333333333333334,6.333333333333333,0.7539822368615503,0.9920818906073031,1,0.21716370889744013,1.2213216749705458,1.2493394694175168,1.3793588127010164e-8
8.333333333333334,6.333333333333333,0.7539822368615503,0.9920818906073031,2,0.4128796201487197,2.133875851123663,2.21094557267473,1.9504440626861574e-8
8.333333333333334,6.333333333333333,0.7539822368615503,0.9920818906073031,3,0.40670083166923665,2.048666232819886,2.054305808072783,6.955976668525997e-9
8.333333333333334,6.333333333333333,0.7539822368615503,0.9920818906073031,4,0.30771288162460764,1.8092508882306673,2.1231773208397486,5.615102755800203e-13
8.333333333333334,6.333333333333333,0.7539822368615503,0.9920818906073031,5,0.4936804549323417,2.962076384768764,3.076742180166225,9.91847203322745e-15
9.583333333333334,7.666666666666667,0.6556367277056959,0.8195459096321199,1,0.2498354831091654,1.3533530362002029,1.3630213904330035,2.4479180654453152e-15
9.583333333333334,7.666666666666667,0.6556367277056959,0.8195459096321199,2,0.30469405432513197,1.7012561155410002,1.9208480417579747,2.0662769359788557e-10
9.583333333333334,7.666666666666667,0.6556367277056959,0.8195459096321199,3,0.4178982091524522,2.2004988834161336,2.1261168731295705,8.301768298723797e-12
9.583333333333334,7.666666666666667,0.6556367277056959,0.8195459096321199,4,0.3706249213583474,1.9869130811618634,1.938000158813836,4.4512677945713996e-11
9.583333333333334,7.666666666666667,0.6556367277056959,0.8195459096321199,5,0.4064199818280963,1.9012495831359053,1.977548617722206,1.588594903158525e-10
15.0,4.666666666666667,0.41887902047863906,1.3463968515384828,1,0.10524586013526897,1.078102814491861,1.1106062425706935,3.9278706437162654e-8
5.833333333333333,3.6666666666666665,1.0771174812307862,1.71359599286716,1,0.2422032335292267,1.6251544377456897,2.0231697848386068,1.4065228899466939e-9
13.75,3.3333333333333335,0.4569589314312426,1.8849555921538759,1,0.12001679720932569,1.1698992011025031,1.2078341893256739,4.816494418844208e-13
13.75,3.3333333333333335,0.4569589314312426,1.8849555921538759,2,0.29483396921431276,1.901199786030576,1.9905068443866927,2.6727128305062366e-10
7.083333333333333,5.333333333333333,0.887037925719471,1.1780972450961724,1,0.20017530726914504,1.2114999102298822,1.2440481262710033,1.129790432360413e-8
7.083333333333333,5.333333333333333,0.887037925719471,1.1780972450961724,2,0.31727363964942684,1.9862379593693755,2.3563820011085204,3.5987537165180117e-14
7.083333333333333,5.333333333333333,0.887037925719471,1.1780972450961724,3,0.33546490296161036,1.745547042454628,1.7797705196037223,2.7255265759458483e-9
7.083333333333333,5.333333333333333,0.887037925719471,1.1780972450961724,4,0.45300065005601864,1.7807484393413242,2.082153752901882,3.656373149962483e-12
7.083333333333333,5.333333333333333,0.887037925719471,1.1780972450961724,5,0.40234851177652964,2.3786684715178597,2.1416523653975252,1.9974086865913384e-10
10.833333333333334,9.333333333333334,0.5799863360473464,0.6731984257692414,1,0.3198803247495211,1.6804383064668904,1.8299336256440644,2.957594582939436e-12
8.333333333333334,6.666666666666667,0.7539822368615503,0.9424777960769379,1,0.3163180695108707,1.85001407003054,2.141293909794454,3.4707852166623517e-10
8.333333333333334,6.666666666666667,0.7539822368615503,0.9424777960769379,2,0.3174638485990517,1.8874559191372513,2.0016914210272265,6.788638688348431e-11
8.333333333333334,6.666666666666667,0.7539822368615503,0.9424777960769379,3,0.20949999867734606,1.202223098137391,1.225736239696507,2.9018538937521118e-8
8.333333333333334,6.666666666666667,0.7539822368615503,0.9424777960769379,4,0.31478478009282745,1.8105459197770828,2.0256500625769607,9.409905373911518e-10
8.333333333333334,6.666666666666667,0.7539822368615503,0.9424777960769379,5,0.3343494618740779,1.9201035510543776,1.8992432665363372,6.228106149122987e-11
8.333333333333334,6.666666666666667,0.7539822368615503,0.9424777960769379,6,0.3811930066019477,1.5754345537175607,1.6955087942388853,1.7545071032665744e-9
9.583333333333334,8.0,0.6556367277056959,0.7853981633974483,1,0.31235415456512483,1.7254155656300347,1.9300546622107209,3.6148373264814787e-9
9.583333333333334,8.0,0.6556367277056959,0.7853981633974483,2,0.25962600623218013,1.437345700119607,1.4294778671205544,1.5138561118495173e-10
9.583333333333334,8.0,0.6556367277056959,0.7853981633974483,3,0.384296263105482,1.5141781384758688,1.584011814516257,4.992641496769216e-14
9.583333333333334,8.0,0.6556367277056959,0.7853981633974483,4,0.3805345629736636,2.012330476534589,1.9410456503180273,5.146324276531811e-13
15.0,5.0,0.41887902047863906,1.2566370614359172,1,0.10516090337158047,1.0719686703288618,1.1045489324498718,9.375808760641682e-9
13.75,3.6666666666666665,0.4569589314312426,1.71359599286716,1,0.10943726400823116,1.1221312183118233,1.1587618878161365,1.1343250481600707e-11
5.833333333333333,4.0,1.0771174812307862,1.5707963267948966,1,0.2896159459030129,1.9230433857705118,2.334388599802716,3.110428457054209e-11
7.083333333333333,5.666666666666667,0.887037925719471,1.1087974071493387,1,0.18622999504574372,1.169791326807316,1.196002161767875,6.878424129279653e-10
7.083333333333333,5.666666666666667,0.887037925719471,1.1087974071493387,2,0.39007990194642345,1.9720517609398847,2.0217060927768404,1.279847010403144e-10
7.083333333333333,5.666666666666667,0.887037925719471,1.1087974071493387,3,0.3286893552030208,2.065617655323072,2.4043414426017904,1.571352300860804e-9
10.833333333333334,9.666666666666666,0.5799863360473464,0.6499846869496124,1,0.32850539558508346,1.7020297941199585,1.8433297057168463,4.1274823239574065e-9
10.833333333333334,9.666666666666666,0.5799863360473464,0.6499846869496124,2,0.40032290734787285,1.5098076843847963,1.5702667095933012,9.71145362021882e-10
8.333333333333334,7.0,0.7539822368615503,0.8975979010256552,1,0.32388699130106474,1.8822953970598044,2.150294599506614,5.499636431793455e-9
8.333333333333334,7.0,0.7539822368615503,0.8975979010256552,2,0.38204685621586293,1.5444392581585809,1.6417602670761204,1.1012406200360066e-11
8.333333333333334,7.0,0.7539822368615503,0.8975979010256552,3,0.2059047676920647,1.1974005660002598,1.2167776043161371,1.6533496894573008e-9
8.333333333333334,7.0,0.7539822368615503,0.8975979010256552,4,0.35021174065040067,2.0070794704241957,1.9834691791205645,2.1866043106401963e-9
8.333333333333334,7.0,0.7539822368615503,0.8975979010256552,5,0.3262561888397758,1.8510810391442867,2.007555390681685,1.909739024688995e-10
9.583333333333334,8.333333333333334,0.6556367277056959,0.7539822368615503,1,0.2845114284866022,1.627579677527663,1.5817298950380285,1.5874842577695954e-10
9.583333333333334,8.333333333333334,0.6556367277056959,0.7539822368615503,2,0.3198724415714923,1.747570122992943,1.9380142959028226,1.2309935452545432e-12
15.0,5.333333333333333,0.41887902047863906,1.1780972450961724,1,0.10621128341424957,1.0687517837236016,1.1018724679358436,2.998604753812982e-8
13.75,4.0,0.4569589314312426,1.5707963267948966,1,0.10441273977970968,1.0972877544973978,1.1331406865082523,2.078992174972877e-8
13.75,4.0,0.4569589314312426,1.5707963267948966,2,0.3542243586461109,2.168541569711846,2.27450307964272,3.291115765973372e-10
10.833333333333334,10.0,0.5799863360473464,0.6283185307179586,1,0.3423428515505546,1.7277973715306985,1.8561857540005298,2.616036296685637e-10
7.083333333333333,6.0,0.887037925719471,1.0471975511965976,1,0.17753944490746376,1.146005986339227,1.1679539010371096,1.014938634878735e-12
7.083333333333333,6.0,0.887037925719471,1.0471975511965976,2,0.3765526315229503,1.8941873432011023,1.9056422549139653,1.4059739535558658e-8
7.083333333333333,6.0,0.887037925719471,1.0471975511965976,3,0.3383313132433632,2.1302028586210007,2.4372591503963648,3.1337518018691116e-11
5.833333333333333,4.333333333333333,1.0771174812307862,1.4499658401183662,1,0.2102673009710574,1.3084298789651205,1.3556371361189339,1.0754513318841026e-10
5.833333333333333,4.333333333333333,1.0771174812307862,1.4499658401183662,2,0.3136001531862808,2.0986539065310676,2.4778718996632145,7.632883300748002e-9
8.333333333333334,7.333333333333333,0.7539822368615503,0.85679799643358,1,0.2062055312847888,1.2069285028385104,1.2215991713822667,9.382016217335344e-11
8.333333333333334,7.333333333333333,0.7539822368615503,0.85679799643358,2,0.33080877994685237,1.9081899913083267,2.1533510908280578,4.969202151245313e-11
8.333333333333334,7.333333333333333,0.7539822368615503,0.85679799643358,3,0.36219809278418225,2.064343710034843,2.029684765436291,7.874840458181772e-10
8.333333333333334,7.333333333333333,0.7539822368615503,0.85679799643358,4,0.38456482176673457,1.5224329932987097,1.6031055989229026,5.211602648667997e-9
12.5,3.0,0.5026548245743669,2.0943951023931953,1,0.12819828932675573,1.2347780237700343,1.2744731274388612,2.8478603322425183e-11
12.5,3.0,0.5026548245743669,2.0943951023931953,2,0.25560153051189766,1.809629299103103,1.8816277713484202,2.917206446903195e-14
9.583333333333334,8.666666666666666,0.6556367277056959,0.7249829200591831,1,0.3273927233197987,1.7685749614761421,1.9457373906724635,4.978760001368941e-10
9.583333333333334,8.666666666666666,0.6556367277056959,0.7249829200591831,2,0.3919770687819539,1.4919690203874008,1.5455358284894045,2.147729009253233e-8
15.0,5.666666666666667,0.41887902047863906,1.1087974071493387,1,0.10825242934873237,1.0677960481978692,1.1019413130828468,7.353410461957143e-13
15.0,5.666666666666667,0.41887902047863906,1.1087974071493387,2,0.5343403391527135,2.8965220220393384,2.9548291008924066,1.9000177691701469e-13
13.75,4.333333333333333,0.4569589314312426,1.4499658401183662,1,0.10221806473695635,1.0830801253534894,1.1186388003019712,2.8285384577542064e-11
7.083333333333333,6.333333333333333,0.887037925719471,0.9920818906073031,1,0.1720734047168963,1.1322917033406794,1.1510913811173429,6.451749058316865e-13
7.083333333333333,6.333333333333333,0.887037925719471,0.9920818906073031,2,0.33713793630562877,1.9855805231185255,2.198253788595906,1.2087996986493544e-9
7.083333333333333,6.333333333333333,0.887037925719471,0.9920818906073031,3,0.33860308463009464,2.042546109591685,2.170903601015191,1.317457047049172e-9
5.833333333333333,4.666666666666667,1.0771174812307862,1.3463968515384828,1,0.17719499678688436,1.1914654616083522,1.2234671862445854,3.997261076481701e-9
8.333333333333334,7.666666666666667,0.7539822368615503,0.8195459096321199,1,0.21144693192009825,1.2366710810681623,1.244588547815987,5.616434020304608e-9
8.333333333333334,7.666666666666667,0.7539822368615503,0.8195459096321199,2,0.3878919672054492,1.5051703312271958,1.572917213098796,2.292963707999746e-9
8.333333333333334,7.666666666666667,0.7539822368615503,0.8195459096321199,3,0.33736876467403853,1.9295742884887523,2.1530219070112757,1.3788708047388866e-13
9.583333333333334,9.0,0.6556367277056959,0.6981317007977318,1,0.33501587086200996,1.7890668355464565,1.9539069073100588,1.4100829804493568e-10
15.0,6.0,0.41887902047863906,1.0471975511965976,1,0.1112476951814149,1.068835493570423,1.1045382991530368,6.7623688151619854e-9
12.5,3.3333333333333335,0.5026548245743669,1.8849555921538759,1,0.11013832878786829,1.1484953667285036,1.1874270229333217,5.768181340157372e-14
12.5,3.3333333333333335,0.5026548245743669,1.8849555921538759,2,0.3078607439035188,2.0434530894330845,2.13072791437323,2.9071224040231556e-13
13.75,4.666666666666667,0.4569589314312426,1.3463968515384828,1,0.1018434841910223,1.074838023846103,1.1106401557502006,3.1241670157023434e-8
7.083333333333333,6.666666666666667,0.887037925719471,0.9424777960769379,1,0.16904742888061403,1.125849936285128,1.142047944262275,1.4515822742423951e-12
7.083333333333333,6.666666666666667,0.887037925719471,0.9424777960769379,2,0.31052017599763077,1.7803064569849922,1.8088918701605483,1.3089628001879733e-9
7.083333333333333,6.666666666666667,0.887037925719471,0.9424777960769379,3,0.3197720377414692,1.9456106978135497,1.8079474889244693,4.121449995668171e-9
5.833333333333333,5.0,1.0771174812307862,1.2566370614359172,1,0.16152349605491148,1.1441726902723353,1.1684337142276486,2.1787876354283882e-13
5.833333333333333,5.0,1.0771174812307862,1.2566370614359172,2,0.3247724064168828,1.7648719645814888,1.7886848613268453,1.6169927663212223e-13
5.833333333333333,5.0,1.0771174812307862,1.2566370614359172,3,0.34306046359331754,2.3429786277673488,2.6322681757551543,3.4427499883864895e-14
15.0,6.333333333333333,0.41887902047863906,0.9920818906073031,1,0.11524984270693805,1.0718916190472567,1.1097717164106335,6.784446825423167e-13
9.583333333333334,9.333333333333334,0.6556367277056959,0.6731984257692414,1,0.3438253707202949,1.8103634818435324,1.9636726097113968,3.10462952374608e-10
9.583333333333334,9.333333333333334,0.6556367277056959,0.6731984257692414,2,0.39984753326683087,1.4737150569067765,1.5151313512712332,1.3295528034301697e-8
8.333333333333334,8.0,0.7539822368615503,0.7853981633974483,1,0.22427556562206202,1.3026161000274705,1.2986753015132166,6.208581946433003e-15
8.333333333333334,8.0,0.7539822368615503,0.7853981633974483,2,0.34380970133906485,1.9483050348398265,2.1515453666004714,3.4061029054776832e-9
8.333333333333334,8.0,0.7539822368615503,0.7853981633974483,3,0.39160411950416035,1.490847281710732,1.5481345298190936,5.151739690738308e-9
12.5,3.6666666666666665,0.5026548245743669,1.71359599286716,1,0.10283197760296116,1.110592310113939,1.1492132455739736,6.803811532729546e-8
12.5,3.6666666666666665,0.5026548245743669,1.71359599286716,2,0.3395118973650393,2.1891691362658072,2.287235189496805,3.891197768412354e-9
13.75,5.0,0.4569589314312426,1.2566370614359172,1,0.10284604312066237,1.0704505658095957,1.1070867885059537,1.621668858864679e-10
7.083333333333333,7.0,0.887037925719471,0.8975979010256552,1,0.1682838599937169,1.126184685399278,1.1398521918349838,2.7477896066486576e-13
7.083333333333333,7.0,0.887037925719471,0.8975979010256552,2,0.3320097511786908,1.4915131801419217,1.5401355428787502,1.980199420256342e-8
7.083333333333333,7.0,0.887037925719471,0.8975979010256552,3,0.34501761483881965,1.5826811790908313,1.6495155313261545,1.3294614372058003e-10
7.083333333333333,7.0,0.887037925719471,0.8975979010256552,4,0.33596443067991466,2.042501820911144,1.8625471751443223,1.0543462625238105e-11
7.083333333333333,7.0,0.887037925719471,0.8975979010256552,5,0.38809068596799096,1.5183377849090802,1.6041822370969099,1.313713930563462e-13
7.083333333333333,7.0,0.887037925719471,0.8975979010256552,6,0.365430168379224,2.1548633368343237,2.1681703411294806,1.3309223304280325e-9
5.833333333333333,5.333333333333333,1.0771174812307862,1.1780972450961724,1,0.1518334349286592,1.1174083682587042,1.136928839785345,9.483048668038335e-13
5.833333333333333,5.333333333333333,1.0771174812307862,1.1780972450961724,2,0.3410197217557405,1.8062685421287648,1.8183959753619119,1.6433714116721286e-12
15.0,6.666666666666667,0.41887902047863906,0.9424777960769379,1,0.12040740801524387,1.0772703633464729,1.1180880917479439,1.5792005499179586e-12
11.25,2.6666666666666665,0.5585053606381855,2.356194490192345,1,0.18899248051049494,1.5181235627932501,1.5560814730007668,7.179364713881008e-11
9.583333333333334,9.666666666666666,0.6556367277056959,0.6499846869496124,1,0.35527358134116793,1.833399378547419,1.976435096356582,1.1262060127773108e-9
9.583333333333334,9.666666666666666,0.6556367277056959,0.6499846869496124,2,0.40370226610407994,1.4660429806036683,1.5024749094553767,4.987163626243286e-10
8.333333333333334,8.333333333333334,0.7539822368615503,0.7539822368615503,1,0.24930658494761776,1.4425854324708205,1.4143007311418336,1.278768877984787e-8
8.333333333333334,8.333333333333334,0.7539822368615503,0.7539822368615503,2,0.3954728191193208,1.4786062356134153,1.5271712876114445,2.4981531224991184e-12
8.333333333333334,8.333333333333334,0.7539822368615503,0.7539822368615503,3,0.3503605952301413,1.9662430945058615,2.150925867460039,5.946237586045279e-12
12.5,4.0,0.5026548245743669,1.5707963267948966,1,0.09969795033958558,1.0904295779731257,1.1290310436121611,7.179364676746095e-12
12.5,4.0,0.5026548245743669,1.5707963267948966,2,0.3598052954779154,2.3269253650884445,2.416652891473367,1.0810119735252337e-10
13.75,5.333333333333333,0.4569589314312426,1.1780972450961724,1,0.10504406686341762,1.068930173942901,1.1070651860337086,1.3677152859234211e-8
7.083333333333333,7.333333333333333,0.887037925719471,0.85679799643358,1,0.17015086782436717,1.1348244669083642,1.1454339727443266,4.702913740154377e-10
7.083333333333333,7.333333333333333,0.887037925719471,0.85679799643358,2,0.3919633948028447,1.5001448404816806,1.5709668780436246,2.0869428947333064e-12
5.833333333333333,5.666666666666667,1.0771174812307862,1.1087974071493387,1,0.14547698187715563,1.1007733645739188,1.1171379068987224,1.4779547079872825e-11
5.833333333333333,5.666666666666667,1.0771174812307862,1.1087974071493387,2,0.42153607735385196,3.186501977750962,3.081676521189096,1.1551741092518825e-11
5.833333333333333,5.666666666666667,1.0771174812307862,1.1087974071493387,3,0.36295867304403795,2.5017935290328395,2.713368762662935,3.0713842332457686e-13
15.0,7.0,0.41887902047863906,0.8975979010256552,1,0.126992779122375,1.085648697443533,1.1303803435387647,2.7908527310953988e-14
9.583333333333334,10.0,0.6556367277056959,0.6283185307179586,1,0.3652557995162165,1.8547752842008083,1.9895203706549314,4.302292317563414e-13
9.583333333333334,10.0,0.6556367277056959,0.6283185307179586,2,0.4074699760782041,1.4592678589630885,1.4912787428623597,2.4219878574546543e-13
11.25,3.0,0.5585053606381855,2.0943951023931953,1,0.11400388208678564,1.195244844458343,1.2347048935797138,1.0568479380636681e-8
11.25,3.0,0.5585053606381855,2.0943951023931953,2,0.27632764682963307,1.9941539826509127,2.0591439356645482,1.35604166893286e-8
12.5,4.333333333333333,0.5026548245743669,1.4499658401183662,1,0.09895195688681863,1.079138854903099,1.1182625466210678,1.4564116333281212e-10
8.333333333333334,8.666666666666666,0.7539822368615503,0.7249829200591831,1,0.2992301844666211,1.766585793323618,1.677110420257379,1.3540941376546609e-8
8.333333333333334,8.666666666666666,0.7539822368615503,0.7249829200591831,2,0.5813489236428591,2.6508939775618323,2.8564495045058704,6.712341100601464e-12
8.333333333333334,8.666666666666666,0.7539822368615503,0.7249829200591831,3,0.3993706102403637,1.4679911931017222,1.5091154368824173,5.710334777461065e-9
8.333333333333334,8.666666666666666,0.7539822368615503,0.7249829200591831,4,0.3572567976574956,1.9852604464790655,2.1530053833279226,6.130900297653204e-13
13.75,5.666666666666667,0.4569589314312426,1.1087974071493387,1,0.10841992957224289,1.0699092383501274,1.1103309154734962,6.970296875902635e-9
7.083333333333333,7.666666666666667,0.887037925719471,0.8195459096321199,1,0.17584991601748878,1.1565849783725877,1.1625443233897108,1.7811871556967086e-8
7.083333333333333,7.666666666666667,0.887037925719471,0.8195459096321199,2,0.3960349909688664,1.4854974122014952,1.54412130542467,1.9891222365453094e-14
7.083333333333333,7.666666666666667,0.887037925719471,0.8195459096321199,3,0.4581138251932993,2.3825764440436714,2.297697425671098,1.3382893757381136e-8
15.0,7.333333333333333,0.41887902047863906,0.85679799643358,1,0.1354501408418304,1.0982712406472765,1.1482036551575,3.0692621962131626e-10
5.833333333333333,6.0,1.0771174812307862,1.0471975511965976,1,0.38334990363213783,1.91582873445862,1.9359121887119575,1.3729243523640768e-9
5.833333333333333,6.0,1.0771174812307862,1.0471975511965976,2,0.1413485163011509,1.0902813913428968,1.1044046880098368,4.1579379106024434e-8
5.833333333333333,6.0,1.0771174812307862,1.0471975511965976,3,0.4121970922665918,2.875087622206685,2.888460609372573,1.696501933990166e-13
5.833333333333333,6.0,1.0771174812307862,1.0471975511965976,4,0.3699894684537618,2.506816041149192,2.6946629601880128,7.718217276390981e-11
5.833333333333333,6.0,1.0771174812307862,1.0471975511965976,5,0.3693544903294541,1.8777199736051786,1.8708366450123488,2.2424785207064634e-8
12.5,4.666666666666667,0.5026548245743669,1.3463968515384828,1,0.09991996432057595,1.0731524010730042,1.113520506467164,1.7545346691940331e-9
12.5,4.666666666666667,0.5026548245743669,1.3463968515384828,2,0.40881838659630376,2.7071880062402665,2.728607542450452,2.5035786992603392e-11
8.333333333333334,9.0,0.7539822368615503,0.6981317007977318,1,0.4032260690215078,1.4587247061987918,1.4933863140625734,8.225661271258294e-9
8.333333333333334,9.0,0.7539822368615503,0.6981317007977318,2,0.36478493074195456,2.0074566443362682,2.1597432453407714,2.066191074838448e-11
11.25,3.3333333333333335,0.5585053606381855,1.8849555921538759,1,0.10230336266723085,1.13146243654448,1.172101449158326,3.809620439273828e-8
13.75,6.0,0.4569589314312426,1.0471975511965976,1,0.11310191017393025,1.0734824785968977,1.1171890975605674,5.7092191820347433e-11
15.0,7.666666666666667,0.41887902047863906,0.8195459096321199,1,0.14642278346452944,1.1172274200474546,1.1740084577355323,2.8976613507464136e-9
7.083333333333333,8.0,0.887037925719471,0.7853981633974483,1,0.18821650720579225,1.2037066777161336,1.201097205085356,4.336158680948874e-12
7.083333333333333,8.0,0.887037925719471,0.7853981633974483,2,0.3913153159576593,2.241355572253637,2.2765089554278424,1.0863293151871706e-9
12.5,5.0,0.5026548245743669,1.2566370614359172,1,0.10236400826411145,1.0709172517841077,1.1134355449382334,2.811354813840799e-13
5.833333333333333,6.333333333333333,1.0771174812307862,0.9920818906073031,1,0.3833685020507746,1.9209791480835385,1.9053663926763984,1.956721530287961e-13
5.833333333333333,6.333333333333333,1.0771174812307862,0.9920818906073031,2,0.1389218525217007,1.0841712327561404,1.096581624962564,1.6694378922950023e-11
8.333333333333334,9.333333333333334,0.7539822368615503,0.6731984257692414,1,0.37342517368638567,2.03602913905114,2.174121680782741,1.54154594048788e-12
8.333333333333334,9.333333333333334,0.7539822368615503,0.6731984257692414,2,0.4874044309758745,2.7321084313648365,2.8072235327755717,2.4591166852598275e-9
11.25,3.6666666666666665,0.5585053606381855,1.71359599286716,1,0.09768949233251531,1.1013324832142324,1.1426965985685542,1.7988538786080313e-13
13.75,6.333333333333333,0.4569589314312426,0.9920818906073031,1,0.11940297633557191,1.0802657618164164,1.1286176720700167,7.285149878536117e-8
15.0,8.0,0.41887902047863906,0.7853981633974483,1,0.1605350989138159,1.1452914520943454,1.2106376380205872,1.0755668247707417e-8
7.083333333333333,8.333333333333334,0.887037925719471,0.7539822368615503,1,0.21299018853776516,1.306432229628888,1.2858693256032194,4.556626709733175e-11
7.083333333333333,8.333333333333334,0.887037925719471,0.7539822368615503,2,0.3946006374671754,2.3915842176590276,2.5275897349363543,1.3706985633030252e-8
12.5,5.333333333333333,0.5026548245743669,1.1780972450961724,1,0.10630814829509154,1.0719083757419934,1.117755845955058,2.6308021431108614e-11
8.333333333333334,9.666666666666666,0.7539822368615503,0.6499846869496124,1,0.3844465213500689,2.0789791928923904,2.2037672472099654,2.440197727971894e-10
5.833333333333333,6.666666666666667,1.0771174812307862,0.9424777960769379,1,0.13799136377225316,1.0818032031979425,1.0927510904432067,1.3030804010743795e-8
5.833333333333333,6.666666666666667,1.0771174812307862,0.9424777960769379,2,0.3532957794125226,2.104994900984311,2.1694126536534415,5.435470315581687e-9
5.833333333333333,6.666666666666667,1.0771174812307862,0.9424777960769379,3,0.28740606262410523,1.7044297472941095,1.7067883449912884,1.550841656719963e-8
5.833333333333333,6.666666666666667,1.0771174812307862,0.9424777960769379,4,0.3810038040884565,2.260938226324346,2.3665541058949033,1.2635780158497633e-8
13.75,6.666666666666667,0.4569589314312426,0.9424777960769379,1,0.12793040012271273,1.091718827059509,1.1467058863270225,1.5815288056955876e-13
11.25,4.0,0.5585053606381855,1.5707963267948966,1,0.09641144879462946,1.0853908135781853,1.1277966684240714,1.846244695983119e-11
11.25,4.0,0.5585053606381855,1.5707963267948966,2,0.367508113212959,2.5217676457390876,2.5823886903643674,2.5789607264321293e-14
10.0,2.6666666666666665,0.6283185307179586,2.356194490192345,1,0.1273390218451591,1.2989078496025015,1.3343060420381012,1.3748196022868322e-10
15.0,8.333333333333334,0.41887902047863906,0.7539822368615503,1,0.17746410120984576,1.183529858060936,1.2580368505539252,2.8260500818289142e-9
7.083333333333333,8.666666666666666,0.887037925719471,0.7249829200591831,1,0.25791293357506645,1.5325744784610529,1.4720267511634462,1.2537088263640405e-9
7.083333333333333,8.666666666666666,0.887037925719471,0.7249829200591831,2,0.4043370441522736,2.4296141086992558,2.5464655145167905,2.970334937429142e-9
8.333333333333334,10.0,0.7539822368615503,0.6283185307179586,1,0.40594073428136357,2.1858612816677425,2.2960875235548643,6.01386957426065e-11
8.333333333333334,10.0,0.7539822368615503,0.6283185307179586,2,0.41423750393760445,1.437285240164944,1.4566002061853451,6.844687408874324e-15
12.5,5.666666666666667,0.5026548245743669,1.1087974071493387,1,0.1120357332888992,1.076389851636312,1.1272275822294733,3.693218817430168e-12
13.75,7.0,0.4569589314312426,0.8975979010256552,1,0.13979275054558413,1.1109532115437737,1.1756305396694808,2.274638169950854e-13
5.833333333333333,7.0,1.0771174812307862,0.8975979010256552,1,0.13861953737625535,1.0834081998810896,1.0928662100481803,9.912729568259253e-12
5.833333333333333,7.0,1.0771174812307862,0.8975979010256552,2,0.28907351355226113,1.67602192858892,1.6997007400436224,6.230277053563055e-11
5.833333333333333,7.0,1.0771174812307862,0.8975979010256552,3,0.41759873511736256,2.070375859039815,2.0342031302344012,1.7429562397727488e-9
5.833333333333333,7.0,1.0771174812307862,0.8975979010256552,4,0.3905817052402992,2.6346460418909485,2.7653558794451216,7.943909636377138e-9
11.25,4.333333333333333,0.5585053606381855,1.4499658401183662,1,0.09733922819287737,1.0771246968586357,1.1213830360999217,7.758400828486212e-8
10.0,3.0,0.6283185307179586,2.0943951023931953,1,0.17938818252914718,1.1968922456868623,1.2147705187154156,5.05381260765265e-9
10.0,3.0,0.6283185307179586,2.0943951023931953,2,0.10364302884815005,1.1667465012198033,1.2074242424510278,5.991978476061784e-13
10.0,3.0,0.6283185307179586,2.0943951023931953,3,0.29815657885238095,2.2230804604127457,2.2635805483351907,3.794450434243456e-11
15.0,8.666666666666666,0.41887902047863906,0.7249829200591831,1,0.19523883191352306,1.2276443415134797,1.309592224826278,5.3915099007303916e-14
7.083333333333333,9.0,0.887037925719471,0.6981317007977318,1,0.41186368210471724,1.4474274425101983,1.4727954067992368,2.0868146534709117e-10
12.5,6.0,0.5026548245743669,1.0471975511965976,1,0.12023647102257586,1.0856931594050794,1.1441176874222723,3.85772357340617e-12
13.75,7.333333333333333,0.4569589314312426,0.85679799643358,1,0.156607409956138,1.1438378765359865,1.2224975721490399,8.493669711464365e-12
11.25,4.666666666666667,0.5585053606381855,1.3463968515384828,1,0.10013940382652087,1.0739564303919837,1.121293145524646,7.955703452853286e-8
11.25,4.666666666666667,0.5585053606381855,1.3463968515384828,2,0.2629628627179043,1.7208202265129597,1.7542304308790497,2.5786335974885603e-9
5.833333333333333,7.333333333333333,1.0771174812307862,0.85679799643358,1,0.4927912224956411,2.6825412105086097,2.81332049673087,5.467441532163819e-12
5.833333333333333,7.333333333333333,1.0771174812307862,0.85679799643358,2,0.1412243399566233,1.090358223094078,1.097894706712636,1.211800506812244e-12
5.833333333333333,7.333333333333333,1.0771174812307862,0.85679799643358,3,0.3508819342546575,2.0251212441551045,2.1234031103337623,1.4422878666068677e-9
5.833333333333333,7.333333333333333,1.0771174812307862,0.85679799643358,4,0.2947361404229151,1.6953439770894931,1.7247545076338735,1.827569360131591e-11
5.833333333333333,7.333333333333333,1.0771174812307862,0.85679799643358,5,0.39192101016310854,2.4352774308765213,2.32097402256346,8.071688290923488e-13
5.833333333333333,7.333333333333333,1.0771174812307862,0.85679799643358,6,0.3966283750309142,2.649949968654278,2.767189361450071,7.680685260537784e-12
15.0,9.0,0.41887902047863906,0.6981317007977318,1,0.2119749535077589,1.2712262629994098,1.3576452064936042,2.6165041604922816e-11
15.0,9.0,0.41887902047863906,0.6981317007977318,2,0.4211048058762884,1.6225125258656174,1.7733598680595035,2.9236716724886423e-10
10.0,3.3333333333333335,0.6283185307179586,1.8849555921538759,1,0.09636396900588903,1.1181299029231846,1.1615056407235917,2.719858303033571e-11
10.0,3.3333333333333335,0.6283185307179586,1.8849555921538759,2,0.339662627549579,2.4483277647597115,2.4919584257405063,1.8812632511493415e-10
7.083333333333333,9.333333333333334,0.887037925719471,0.6731984257692414,1,0.4155165274932281,1.4411282778376253,1.460478788161884,2.308146253457417e-10
12.5,6.333333333333333,0.5026548245743669,0.9920818906073031,1,0.13245263948439065,1.1034862984380083,1.17408155816383,2.7617658931462338e-12
13.75,7.666666666666667,0.4569589314312426,0.8195459096321199,1,0.1782610733989812,1.1947414098123503,1.2900123273527553,2.270872444967974e-12
11.25,5.0,0.5585053606381855,1.2566370614359172,1,0.10492583604976088,1.0751191034848477,1.127343270863776,9.383788476842433e-11
11.25,5.0,0.5585053606381855,1.2566370614359172,2,0.2700118898479538,1.7814198207519127,1.8063127291698389,9.011168722279541e-14
5.833333333333333,7.666666666666667,1.0771174812307862,0.8195459096321199,1,0.1468900314361506,1.1062867397645106,1.1106755683515002,5.880502138023192e-11
5.833333333333333,7.666666666666667,1.0771174812307862,0.8195459096321199,2,0.3522032700871015,2.015500834230545,2.1172579693365634,2.494361446529772e-10
5.833333333333333,7.666666666666667,1.0771174812307862,0.8195459096321199,3,0.2993964623264069,1.7147504244375646,1.7450168064221585,8.09326331723555e-11
15.0,9.333333333333334,0.41887902047863906,0.6731984257692414,1,0.2271873034415665,1.3111333011304154,1.3994741601202612,2.8640705434852506e-9
15.0,9.333333333333334,0.41887902047863906,0.6731984257692414,2,0.4264945383210947,1.6226613637441436,1.768792712239898,1.231144677390462e-9
10.0,3.6666666666666665,0.6283185307179586,1.71359599286716,1,0.09423973655524973,1.094603948658753,1.1400875789100935,4.227259666784299e-9
10.0,3.6666666666666665,0.6283185307179586,1.71359599286716,2,0.3621216602860736,2.5935728620537137,2.638784992013788,9.319891336316708e-14
7.083333333333333,9.666666666666666,0.887037925719471,0.6499846869496124,1,0.4190383488782455,1.4356816275206135,1.4496006951614018,4.856843483469271e-13
12.5,6.666666666666667,0.5026548245743669,0.9424777960769379,1,0.15200855730457363,1.139683526289128,1.2311411368724772,1.2335440439324748e-12
13.75,8.0,0.4569589314312426,0.7853981633974483,1,0.19986851209734138,1.2532005844971157,1.3609799729577357,9.662636287936163e-13
13.75,8.0,0.4569589314312426,0.7853981633974483,2,0.39436716064636995,1.6067206118071244,1.75299772444716,1.7060685150596554e-12
11.25,5.333333333333333,0.5585053606381855,1.1780972450961724,1,0.11232396559099396,1.0813078697916911,1.141351766970743,1.140888089406056e-11
11.25,5.333333333333333,0.5585053606381855,1.1780972450961724,2,0.2831498009902663,1.8936967645638538,1.8900236701141102,2.5121123304827985e-13
5.833333333333333,8.0,1.0771174812307862,0.7853981633974483,1,0.15819745865703902,1.1404811576469998,1.1386106929127662,2.5276258087317943e-8
5.833333333333333,8.0,1.0771174812307862,0.7853981633974483,2,0.3031809466716607,1.732211371510583,1.7601824407168345,1.746223284224615e-8
5.833333333333333,8.0,1.0771174812307862,0.7853981633974483,3,0.3542149912322436,2.0132956044409633,2.116206438543914,1.0488228987359401e-10
5.833333333333333,8.0,1.0771174812307862,0.7853981633974483,4,0.3957915241628065,2.2572278850936853,2.38191525119881,6.167570719698069e-11
5.833333333333333,8.0,1.0771174812307862,0.7853981633974483,5,0.40753147090984115,1.4750429070371884,1.5138048589795319,5.860207912607051e-13
15.0,9.666666666666666,0.41887902047863906,0.6499846869496124,1,0.24111443678197736,1.346962201099322,1.435525079343524,1.2901769105429324e-8
8.75,2.6666666666666665,0.7180783208205241,2.356194490192345,1,0.10951648950804659,1.2351660300235172,1.270728053974774,3.1772830753995935e-8
8.75,2.6666666666666665,0.7180783208205241,2.356194490192345,2,0.2605955184108346,2.120408902400426,2.131526038629162,1.0963001175164433e-10
10.0,4.0,0.6283185307179586,1.5707963267948966,1,0.09509073062246014,1.0829187158361715,1.1312310033390827,7.572672355240407e-13
10.0,4.0,0.6283185307179586,1.5707963267948966,2,0.37724372058376365,2.7467741172931355,2.7659197318644075,4.5373986634840985e-11
13.75,8.333333333333334,0.4569589314312426,0.7539822368615503,1,0.21818512399453707,1.3062475563667821,1.4199965848205867,2.772954024896355e-11
12.5,7.0,0.5026548245743669,0.8975979010256552,1,0.1806743453682933,1.2083085819933692,1.329616732579508,4.513954173859204e-12
11.25,5.666666666666667,0.5585053606381855,1.1087974071493387,1,0.12403974431821846,1.0958623445293123,1.1693312839994123,1.8499874333545083e-10
15.0,10.0,0.41887902047863906,0.6283185307179586,1,0.2541023713006652,1.3792360597129312,1.4669875674675308,2.5956402043330507e-10
5.833333333333333,8.333333333333334,1.0771174812307862,0.7539822368615503,1,0.18098730985704287,1.217376802188368,1.2013073781277939,2.809906734714899e-9
5.833333333333333,8.333333333333334,1.0771174812307862,0.7539822368615503,2,0.4197708242878277,2.7436349315229482,2.7928922454159886,1.0239703217901054e-12
5.833333333333333,8.333333333333334,1.0771174812307862,0.7539822368615503,3,0.3066354559191135,1.7496619402896845,1.7731676168447965,1.5210236569361874e-10
5.833333333333333,8.333333333333334,1.0771174812307862,0.7539822368615503,4,0.41213725856512295,1.4689385682341245,1.4998321922631677,2.673370035241799e-10
5.833333333333333,8.333333333333334,1.0771174812307862,0.7539822368615503,5,0.42669669157604473,2.821581977424054,2.8322985603370094,2.6380133339971764e-12
8.75,3.0,0.7180783208205241,2.0943951023931953,1,0.18996400355235601,1.175756708041889,1.1852643919652213,1.0294117152197969e-8
8.75,3.0,0.7180783208205241,2.0943951023931953,2,0.09629728677715402,1.14593336859441,1.1896215958572787,5.8568164776538746e-12
8.75,3.0,0.7180783208205241,2.0943951023931953,3,0.3242516906373121,2.525044231576638,2.513118162582797,8.984950080828033e-12
10.0,4.333333333333333,0.6283185307179586,1.4499658401183662,1,0.09840144218132914,1.0785012010782,1.131292307006206,2.0119041259259187e-11
10.0,4.333333333333333,0.6283185307179586,1.4499658401183662,2,0.2339040865211385,1.5609439768572309,1.6371250646917979,1.0131727729414018e-10
13.75,8.666666666666666,0.4569589314312426,0.7249829200591831,1,0.23364980069106195,1.351448001781872,1.4667436874663706,9.766572334010236e-12
13.75,8.666666666666666,0.4569589314312426,0.7249829200591831,2,0.4099423419149951,1.6368813404780886,1.7775407832262795,1.2671414648612175e-8
12.5,7.333333333333333,0.5026548245743669,0.85679799643358,1,0.20711741402517628,1.286019775022548,1.4278188452184297,2.8148485174138422e-9
11.25,6.0,0.5585053606381855,1.0471975511965976,1,0.1451210969818099,1.1313446942366578,1.2317912438514134,2.045103391895754e-9
11.25,6.0,0.5585053606381855,1.0471975511965976,2,0.29263887969753494,1.965308747351013,1.9365694177891808,1.0242235809105893e-11
5.833333333333333,8.666666666666666,1.0771174812307862,0.7249829200591831,1,0.22462437345820194,1.3925510526879745,1.343861709825768,1.3025304362869108e-8
5.833333333333333,8.666666666666666,1.0771174812307862,0.7249829200591831,2,0.3102472668460089,1.7689727425641224,1.7865685091871106,2.8936521146226725e-8
5.833333333333333,8.666666666666666,1.0771174812307862,0.7249829200591831,3,0.41649064857729506,1.4634389579317988,1.487126237137663,9.68997334695632e-10
5.833333333333333,8.666666666666666,1.0771174812307862,0.7249829200591831,4,0.403120324046224,2.2782941261275225,2.392616868106483,1.44522723813265e-9
5.833333333333333,8.666666666666666,1.0771174812307862,0.7249829200591831,5,0.4591828920396583,2.5280546343313315,2.733252650044272,3.921421242022775e-9
8.75,3.3333333333333335,0.7180783208205241,1.8849555921538759,1,0.0926746768596427,1.1088867459412874,1.1570940391635869,5.618177424087977e-11
10.0,4.666666666666667,0.6283185307179586,1.3463968515384828,1,0.10448798388261266,1.0802274065796336,1.1404150216756428,1.7784008285997366e-12
10.0,4.666666666666667,0.6283185307179586,1.3463968515384828,2,0.23177122279946244,1.5475621909859538,1.6565914013586696,7.850416468265453e-13
13.75,9.0,0.4569589314312426,0.6981317007977318,1,0.2472374473142133,1.3901924495137337,1.5045804338757804,3.760421092299164e-11
13.75,9.0,0.4569589314312426,0.6981317007977318,2,0.4491683258236219,2.0683533306774713,2.1092183554038124,7.528918910176508e-11
12.5,7.666666666666667,0.5026548245743669,0.8195459096321199,1,0.22664168528931591,1.3490152474705497,1.4980465972069932,1.1659638001291737e-11
12.5,7.666666666666667,0.5026548245743669,0.8195459096321199,2,0.3808399753805538,1.5821159944601932,1.70949603681787,1.6670438375775669e-12
11.25,6.333333333333333,0.5585053606381855,0.9920818906073031,1,0.18376136121053285,1.2233477002493816,1.3761254737746973,9.871326952072654e-10
7.5,2.3333333333333335,0.8377580409572781,2.6927937030769655,1,0.2083998181855336,1.150296358571515,1.1624207663107011,4.3717047550845886e-8
7.5,2.3333333333333335,0.8377580409572781,2.6927937030769655,2,0.13768278420721444,1.4420759694114682,1.4561995047424876,3.1283701263075477e-10
5.833333333333333,9.0,1.0771174812307862,0.6981317007977318,1,0.31444363263363884,1.7916296051396414,1.8026160258706398,4.3778510566575734e-13
5.833333333333333,9.0,1.0771174812307862,0.6981317007977318,2,0.3613810779820386,2.0258808635923966,2.122659963661329,4.5305196280310354e-11
5.833333333333333,9.0,1.0771174812307862,0.6981317007977318,3,0.4572110664157766,2.463253321496567,2.6758023370751194,1.9796288323284904e-8
5.833333333333333,9.0,1.0771174812307862,0.6981317007977318,4,0.42123745834788595,2.473516503379651,2.2264065124352177,4.104126738406388e-12
5.833333333333333,9.0,1.0771174812307862,0.6981317007977318,5,0.4104679517589487,2.325759092543622,2.413380631709832,1.099177147301916e-9
8.75,3.6666666666666665,0.7180783208205241,1.71359599286716,1,0.09336985008691237,1.0917436693158584,1.1445284962147926,9.348969690886183e-14
8.75,3.6666666666666665,0.7180783208205241,1.71359599286716,2,0.3745659854860027,2.8420905969192773,2.841203220248044,6.175865057876059e-10
10.0,5.0,0.6283185307179586,1.2566370614359172,1,0.11484942174988062,1.0900963127642793,1.163471873108159,7.801956861822932e-11
10.0,5.0,0.6283185307179586,1.2566370614359172,2,0.2414690582609764,1.5922527511275837,1.7092667434895712,6.449031886380803e-13
12.5,8.0,0.5026548245743669,0.7853981633974483,1,0.24194893293061628,1.398966578111244,1.548339799644502,7.04796244236451e-11
11.25,6.666666666666667,0.5585053606381855,0.9424777960769379,1,0.21660799779750456,1.3279975403112985,1.514354286872802,4.0914128845344254e-10
11.25,6.666666666666667,0.5585053606381855,0.9424777960769379,2,0.3610326172064734,1.8253795595977378,1.7976511030317137,5.362766840471912e-9
11.25,6.666666666666667,0.5585053606381855,0.9424777960769379,3,0.3369155392878969,1.6663216699462229,1.702474275072567,3.191818977117129e-9
11.25,6.666666666666667,0.5585053606381855,0.9424777960769379,4,0.3255781904838813,2.0826210544919297,2.025456371140705,1.851731205183803e-13
7.5,2.6666666666666665,0.8377580409572781,2.356194490192345,1,0.19230672074755154,1.1265621547742108,1.1327190921788064,1.7813932385719667e-10
7.5,2.6666666666666665,0.8377580409572781,2.356194490192345,2,0.09914528998066453,1.1975736036820461,1.2373694337156032,1.7655288860375402e-13
7.5,2.6666666666666665,0.8377580409572781,2.356194490192345,3,0.2939847011278181,1.2684139735065654,1.2799456037936596,2.0574106899239908e-12
5.833333333333333,9.333333333333334,1.0771174812307862,0.6731984257692414,1,0.31961745343345116,1.8186668693320371,1.8236157198009109,2.123320100488852e-12
5.833333333333333,9.333333333333334,1.0771174812307862,0.6731984257692414,2,0.32770170119739067,1.9310628132888525,1.8215027331915488,9.438035893480777e-10
5.833333333333333,9.333333333333334,1.0771174812307862,0.6731984257692414,3,0.3634605574218707,2.032441030696323,2.1232790797138206,3.064169196460699e-9
5.833333333333333,9.333333333333334,1.0771174812307862,0.6731984257692414,4,0.3644520977740368,2.1698600433445945,1.9915660092620517,3.9522334760981755e-11
5.833333333333333,9.333333333333334,1.0771174812307862,0.6731984257692414,5,0.45576938529817496,2.409178743380511,2.6234750564849323,2.4579989113735944e-13
10.0,5.333333333333333,0.6283185307179586,1.1780972450961724,1,0.1349961831288612,1.119669527925017,1.2220668870630527,2.4817286508763525e-13
8.75,4.0,0.7180783208205241,1.5707963267948966,1,0.09746669026140482,1.0856494662860279,1.145245202702073,4.903281458645633e-12
8.75,4.0,0.7180783208205241,1.5707963267948966,2,0.38780529701111155,2.969388650776688,2.944855128340617,1.6819095701638475e-11
8.75,4.0,0.7180783208205241,1.5707963267948966,3,0.21090208893277912,1.4400574105161896,1.529879012867997,6.841505760328872e-13
11.25,7.0,0.5585053606381855,0.8975979010256552,1,0.37200521451031326,1.8703853436043256,1.8520080433548212,4.573207324768828e-12
11.25,7.0,0.5585053606381855,0.8975979010256552,2,0.23717076000091944,1.4022237164162359,1.5968782089177798,2.383993117785825e-10
11.25,7.0,0.5585053606381855,0.8975979010256552,3,0.3099376077101278,1.5468141751534499,1.5787950011572418,1.1228421585781679e-10
11.25,7.0,0.5585053606381855,0.8975979010256552,4,0.38504174979652384,1.6370185590042072,1.7958303126923378,1.9392891184431693e-12
5.833333333333333,9.666666666666666,1.0771174812307862,0.6499846869496124,1,0.45254267894255196,2.229221835705165,2.344453362401657,5.557403037102883e-13
5.833333333333333,9.666666666666666,1.0771174812307862,0.6499846869496124,2,0.3260890880864851,1.8501735369038386,1.8526844234507416,1.7507633772564138e-10
5.833333333333333,9.666666666666666,1.0771174812307862,0.6499846869496124,3,0.428170415721607,1.4496993629280546,1.454721681502273,4.944711846864554e-13
7.5,3.0,0.8377580409572781,2.0943951023931953,1,0.09243791937429423,1.1330610195517026,1.1834825730363612,9.647079079623037e-9
7.5,3.0,0.8377580409572781,2.0943951023931953,2,0.18306344476257896,1.148392025357141,1.1516319013653302,6.009953133004583e-11
7.5,3.0,0.8377580409572781,2.0943951023931953,3,0.3554292451630493,2.9126523001195803,2.812900099965149,2.029835006989208e-10
10.0,5.666666666666667,0.6283185307179586,1.1087974071493387,1,0.18579572053250817,1.2374500142521758,1.4249460109269987,1.091649283484721e-12
10.0,5.666666666666667,0.6283185307179586,1.1087974071493387,2,0.2708600303712043,1.7844618618146468,1.844791135005768,2.866349141594455e-12
8.75,4.333333333333333,0.7180783208205241,1.4499658401183662,1,0.10580712502819437,1.0890997299019638,1.1607319016590008,1.2955689879504881e-11
8.75,4.333333333333333,0.7180783208205241,1.4499658401183662,2,0.20619413125013433,1.415782332395999,1.5691718987453953,1.0950078177267447e-11
5.833333333333333,10.0,1.0771174812307862,0.6283185307179586,1,0.3647593457014074,2.0407589777091015,2.1059840678692674,4.4669641814894323e-11
5.833333333333333,10.0,1.0771174812307862,0.6283185307179586,2,0.3344898751766003,1.888885125976787,1.8976317337082054,3.2151518618923183e-13
5.833333333333333,10.0,1.0771174812307862,0.6283185307179586,3,0.43167985394244907,1.4459105317975456,1.4455584772944308,6.051785360379231e-13
7.5,3.3333333333333335,0.8377580409572781,1.8849555921538759,1,0.17128332726537693,1.2065235423569718,1.2317081940665395,1.5424190843982862e-12
7.5,3.3333333333333335,0.8377580409572781,1.8849555921538759,2,0.09284959313883585,1.1064679184631503,1.165087183540201,6.805096493435019e-9
8.75,4.666666666666667,0.7180783208205241,1.3463968515384828,1,0.12293814095115282,1.1096511960102173,1.2080270864004605,1.5042898076816616e-12
8.75,4.666666666666667,0.7180783208205241,1.3463968515384828,2,0.2179915650352527,1.4437748820483696,1.643205919316245,2.8888873838218105e-12
10.0,6.0,0.6283185307179586,1.0471975511965976,1,0.22827678173784607,1.3842766691474568,1.6285083046669944,2.1562171952741914e-10
6.25,2.0,1.0053096491487339,3.141592653589793,1,0.16309144267850936,1.1075897087581354,1.120114505284313,4.869418202623878e-13
7.5,3.6666666666666665,0.8377580409572781,1.71359599286716,1,0.09840855256872758,1.0983558061610135,1.1683951132594141,1.0805913001767465e-10
7.5,3.6666666666666665,0.8377580409572781,1.71359599286716,2,0.15453957744406085,1.2223056698962245,1.314418239623809,1.2024069155510803e-8
7.5,3.6666666666666665,0.8377580409572781,1.71359599286716,3,0.24236315567046862,1.5153821717492635,1.533043464956898,9.262941060169464e-12
8.75,5.0,0.7180783208205241,1.2566370614359172,1,0.18296591138382215,1.2428919638597162,1.4587705725327784,1.4262969790433118e-9
8.75,5.0,0.7180783208205241,1.2566370614359172,2,0.23167170630783365,1.4725799091368672,1.7141551912428117,1.9532294452137512e-8
7.5,4.0,0.8377580409572781,1.5707963267948966,1,0.11185848732717968,1.108335096807081,1.2018537406269711,1.5390477915771173e-13
7.5,4.0,0.8377580409572781,1.5707963267948966,2,0.17281894938707737,1.2765000146188785,1.4475922318962502,1.815471297849163e-11
6.25,2.3333333333333335,1.0053096491487339,2.6927937030769655,1,0.15399633348002584,1.0832952154057653,1.0902812258191121,4.924230837359527e-11
6.25,2.3333333333333335,1.0053096491487339,2.6927937030769655,2,0.1106990111660613,1.314950323410933,1.3375252662576835,2.270215283021933e-13
6.25,2.3333333333333335,1.0053096491487339,2.6927937030769655,3,0.24200984430017722,2.224983076178202,2.151012208586179,7.965391369078282e-10
6.25,2.6666666666666665,1.0053096491487339,2.356194490192345,1,0.09543827936583665,1.1798623506696304,1.231258393238185,3.989101918144747e-9
6.25,2.6666666666666665,1.0053096491487339,2.356194490192345,2,0.15456745864001664,1.0840663631408871,1.0868560445933309,3.6208605604027056e-8
6.25,2.6666666666666665,1.0053096491487339,2.356194490192345,3,0.31329028730566794,1.2951247560125714,1.3065179787940038,2.5902966134791096e-11
6.25,3.0,1.0053096491487339,2.0943951023931953,1,0.09542323132060668,1.1350139135143897,1.2036836639238404,4.140395605290956e-12
6.25,3.0,1.0053096491487339,2.0943951023931953,2,0.16794035818659367,1.1214593078128356,1.1195589673369073,9.983863152540037e-14
