Re,shear
263.2478014416453,2.9268043602955007
264.66201498958094,2.927865314362231
266.076228538501,2.9289869177667582
267.49044208830486,2.930162776297188
268.9046556389057,2.931387223874103
270.3188691902284,2.932655210955608
271.73308274220733,2.9339622144143096
273.147296294785,2.935304164044677
274.56150984791077,2.9366773820986873
275.9757234015397,2.9380785331350836
277.38993695563187,2.939504582111793
278.80415051015154,2.940952759125487
280.21836406506685,2.9424205295553816
281.63257762034897,2.9439055686340794
283.0467911759719,2.9454057396712816
284.4610047319122,2.946919075311535
285.8752182881485,2.948443761327672
287.2894318446614,2.949978122546476
288.70364540143316,2.951520610576802
290.1178589584475,2.9530697930703167
291.53207251568966,2.9546243442912576
292.9462860731459,2.9561830368105
294.3604996308037,2.9577447341695526
295.7747131886514,2.959308384385114
297.1889267466782,2.96087301418595
298.6031403048742,2.962437723890059
300.0173538632302,2.9640016828446587
301.4315674217376,2.9655641253631484
302.8457809803884,2.9671243471027458
304.25999453917507,2.968681701834975
305.67420809809073,2.970235598568168
307.08842165712883,2.971785498986913
308.50263521628324,2.973330915178478
309.9168487755482,2.9748714076209577
311.33106233491833,2.976406583410939
312.7452758943885,2.9779360947127977
314.1594894539539,2.979459637413661
315.57370301361,2.980976949971258
316.98791657335244,2.9824878096368472
318.40213013317606,2.9839920455998183
319.79126665543293,2.9854630170737586
321.20548021540924,2.9869537371248223
322.61969377545665,2.9884375306173436
324.03390733557177,2.989914376264548
325.4481208957513,2.991384292044056
326.862334455992,2.992847335366
328.2765480162909,2.994303603405731
329.690761576645,2.99575323360626
331.1049751370514,2.9971964043578394
332.5191886975072,2.9986333358642696
333.9334022580097,3.0000642912073716
335.34761581855616,3.0014895776237367
336.7618293791438,3.0029095480106522
338.17604293976996,3.004324602681087
339.5902565004319,3.0057351913913655
341.00447006112694,3.0071418156689194
342.4186836218523,3.008545031472621
343.8328971826052,3.0099454522235036
345.2471107433828,3.011343752250235
346.661324304182,3.012740670701092
348.07553786499983,3.0141370159838448
349.489751425833,3.0155336708049507
350.9039649866781,3.016931597893149
352.31817854753155,3.018331846507439
353.7323921083895,3.019735559849052
355.1466056692478,3.0211439835192664
356.56081923010197,3.022558475193464
357.9750327909471,3.023980515716704
359.3892463517779,3.025411721868338
360.8034599125884,3.026853861097679
362.217673473372,3.028308868599502
363.63188703412135,3.029778867183728
365.04610059482826,3.0312661905018485
366.4603141554833,3.0327734103331374
367.8745277160757,3.0343033688141015
369.2887412765933,3.0358592167320486
370.702954837022,3.0374444593175713
372.1171683973452,3.039063011389214
373.5313819575437,3.0407192642717185
374.94559551759477,3.042418167684085
376.3598090774713,3.044165330874679
377.7740226371409,3.0459671487998348
379.1882361965642,3.0478309613251664
380.6024497556933,3.049765256613935
382.0166633144689,3.051779934616423
383.4308768728165,3.053886653815632
384.845090430642,3.0560992957156112
386.2593039878239,3.058434599804543
387.6735175442028,3.0609130521016006
389.08773109956513,3.0635601629313842
390.50194465361767,3.0664083645822355
391.91615820594603,3.069499940670995
393.3303717559437,3.072891767260667
394.74458530268464,3.0766634556739407
396.15879884413124,3.080932456103545
396.2355045062156,3.0811814053919018
397.6497180404373,3.0861787200000537
399.0639315614418,3.0922143585456876
400.1746402360706,3.0981297977188658
400.85042631327656,3.1025755438405094
401.39878946848626,3.1069772699988474
401.7840923932382,3.110779630380325
402.0548223614911,3.11404792372891
402.2450485653165,3.1168454692790135
402.3787094478265,3.119231761184695
402.4726251630759,3.1212613871609496
402.53861425671505,3.122983532181394
402.5849809345793,3.1244418950362722
402.61756007996837,3.125674875877755
402.6404515266097,3.126715927140017
402.6565359896337,3.1275939907193684
402.6678375803126,3.1283339687139775
402.6757785241168,3.1289571934111655
402.6813581363015,3.129481875486123
402.6852785776564,3.129923518663
402.68803321576513,3.130295295364722
402.6899687113253,3.1306083820411654
402.6913286425907,3.1308722555676463
402.69228415771835,3.131094953860655
402.6929555122077,3.1312833050796733
402.69342720342087,3.1314426257298296
402.69375006991373,3.1315751378565446
402.6939710580472,3.131684942865491
402.69412230455924,3.1317759512868997
402.6942258088235,3.131851407803492
402.6942966306058,3.131914009374134
402.6943450789113,3.1319660216617593
402.6943782098931,3.132009293953553
402.6944008566067,3.132044788745702
402.69441635705516,3.132072807131359
402.6944265956753,3.1321005079078144
402.69443342142205,3.1321189750921516
402.69443815669456,3.132131786459689
402.69444114528784,3.132148198286625
402.6944436373183,3.1321618832441795
402.69444525018116,3.132197114362251
402.6944462891891,3.1321967098274412
402.69444698186106,3.132196440137574
402.6944484037921,3.132195886512769
402.6944487092,3.1322087239325933
402.69444558900165,3.132251484917816
402.69442599024376,3.132321708450968
402.6943987929159,3.1323761401367958
402.69424527279244,3.132550661705113
402.694029171587,3.132700678605082
402.68380142363964,3.1347055226057554
402.65430852423856,3.137089614514172
402.61178675212153,3.139255277766291
402.3665624904601,3.146518755958971
402.0130093206622,3.15319165629886
400.5987961556241,3.170520581989789
399.184582816868,3.18310489722391
397.77036941701004,3.1937223632732343
396.356155984698,3.2031657865648278
394.94194253182087,3.21179441775754
393.5277290645174,3.2198066341712823
392.1135155863969,3.2273252844507576
390.6993020997751,3.2344324207324497
389.285088606235,3.241185873716956
387.870875106912,3.247628072307614
386.4566616026522,3.2537911258014995
385.04244809410557,3.259699936803095
383.62823458178457,3.265374202385195
382.2140210661019,3.2708297520781087
380.79980754739614,3.276079472062143
379.38559402594944,3.2811339613139343
377.97138050200033,3.286002008547541
376.5571669757528,3.2906909460731844
375.14295344738326,3.2952069171411638
373.72873991704574,3.2995550812453454
372.31452638487593,3.3037397741594914
370.9003128509943,3.307764634445255
369.48609931550857,3.3116327048012604
368.0718857785158,3.3153465143203995
366.6576722401039,3.3189081461184298
365.24345870035313,3.3223192936593104
363.82924515933695,3.3255813082841064
362.4150316171232,3.3286952398492717
361.0008180737747,3.331661871935746
359.5866045293501,3.3344817527544994
358.1723909839042,3.3371552226188093
356.7581774374887,3.3396824386561565
355.3439638901524,3.3420633972790297
353.9297503419417,3.344297954812575
352.5155367929009,3.3463858465816165
351.1013232430724,3.348326704682445
349.687109692497,3.3501200746050985
348.27289614121423,3.351765430822741
346.8586825892622,3.3532621914271927
345.44446903667796,3.354609731860846
344.03025548349774,3.3558073977722533
342.6160419297568,3.356854517007978
341.20182837548975,3.357750410741502
339.7876148207305,3.3584944037348503
338.3734012655122,3.359085833725122
336.9591877098676,3.359524059929338
335.54497415382883,3.359808470663675
334.1307605974276,3.3599384900772917
332.71654704069493,3.3599135840082206
331.30233348367216,3.359733263387383
331.21258826069896,3.359716567460493
329.7983747033787,3.3593704951798045
328.38416114581935,3.3588681683941886
326.96994758805,3.3582092649724915
325.5557340300992,3.35739352138187
324.1415204719951,3.356420733753433
322.72730691376523,3.3552907583042173
321.31309335543665,3.3540035111682776
319.8988797970358,3.3525589676921577
318.4846662385886,3.350957161249976
317.0704526801204,3.3491981816340517
315.65623912165603,3.3472821730750204
314.2420255632196,3.345209331943732
312.82781200483487,3.3429799041837214
311.4135984465248,3.340594182519853
309.999384888312,3.3380525034843407
308.58517133021843,3.335355244295965
307.1709577722655,3.33250281962423
305.7567442144742,3.3294956782629685
304.34253065686494,3.3263342997338174
302.9283170994577,3.3230191908316984
301.51410354227187,3.3195508821198625
300.09988998532674,3.3159299243732363
298.685676428641,3.312156884962847
297.27146287223303,3.3082323441653685
295.85724931612106,3.3041568913732964
294.44303576032297,3.299931121172248
293.02882220485657,3.2955556292403436
291.6146086497395,3.291031008013281
290.20039509498946,3.286357842044133
288.78618154062417,3.2815367029707776
287.37196798666156,3.2765681439838286
285.9577544331198,3.271452693665406
284.5435408800176,3.266190849039389
283.1293273273741,3.2607830676405762
281.71511377520926,3.2552297583664465
280.300900223544,3.2495312708228945
278.8866866724004,3.2436878828098736
277.4724731218021,3.237699785509649
276.05825957177456,3.2315670658366575
274.6440460223454,3.225289685276118
273.22983247354495,3.2188674543679516
271.815618925407,3.212300001775781
270.4014053779694,3.2055867365950093
268.9871918312749,3.198726802182194
267.57297828537236,3.1917190192908262
266.15876474031813,3.184561815634355
264.7445511961778,3.1772531380889477
263.3303376530285,3.1697903424961367
261.9161241109618,3.1621700542628224
260.5019105700874,3.1543879904343672
259.08769703053815,3.146438730229515
257.6734834924769,3.13831541551549
256.2592699561054,3.1300093542527936
254.8450564216771,3.1215094866190674
253.4308428895151,3.1128016518483745
252.01662936003845,3.1038675572836545
250.60241583380156,3.094683286965276
249.18820231155567,3.085217068870493
247.7739887943485,3.0754257895064
246.35977528369403,3.0652492635134783
244.9455617818791,3.0546001719662623
243.53134829255166,3.0433448055915937
242.11713482203027,3.031261555290954
240.74749811105897,3.0183803961505187
239.78513396111242,3.0082105764189513
239.10893659120725,3.0001282339395496
238.6338120011333,2.9936644234462175
238.29996957798966,2.9884647800557147
238.06539792988227,2.984259712532123
237.90057809115584,2.9808425972418258
237.78476879869075,2.978053850767253
237.70339637125466,2.9757692698453813
237.6462207292816,2.973891458164821
237.60604676346267,2.9723434874424925
237.57781888828058,2.971064180210683
237.55798483735447,2.9700045745967456
237.5440486393714,2.969125255023978
237.53425652023117,2.968394321007667
237.52737620472345,2.9677858291984283
237.5225418446333,2.96727858885329
237.51914505872847,2.966855223161341
237.51675837288946,2.9665014320384238
237.5150814259408,2.9662054087066663
237.51390317162165,2.965957374444787
237.5130753201193,2.9657492046269245
237.5124936769985,2.965574125398164
237.51208503140492,2.965426464834416
237.51179794124116,2.9653018400662026
237.51160145614062,2.9651983565299527
237.51146699462407,2.9651126939993278
237.51137499205151,2.965041723208006
237.51131205544908,2.9649828609149607
237.5112690167301,2.9649339727474606
237.51123960003753,2.9648932853123564
237.51121951003307,2.964859293446959
237.51120580893982,2.9648307973290895
237.5111964781994,2.9648074818714028
237.51119005979658,2.964789483823332
237.51118597628746,2.9647698537161173
237.51118312984647,2.9647561704009817
237.51118142290207,2.96474256037615
237.5111801491167,2.9647324040697747
237.5111788757567,2.964708697149161
237.5111793476,2.964690275990474
237.51120705858565,2.9645816321350456
237.51124579405618,2.964514503118629
237.51135535449268,2.9643935358310953
237.55387643424152,2.9599446831273544
237.6151823097344,2.9573988497009998
237.79195874418295,2.953066324496789
239.20617178055107,2.9394534699714034
240.6203851308956,2.9331914790715854
242.03459856037747,2.929230062172631
243.44881202688856,2.926521136430545
244.8630255149026,2.9246269938253913
246.27723901696245,2.9233148917010423
247.69145252891002,2.9224434720643533
249.10566604818928,2.9219191951714087
250.5198795731165,2.92167631637334
251.93409310252375,2.9216665051762574
253.34830663556767,2.921852974686744
254.76252017161943,2.922206935322439
256.17673371019765,2.9227053383352484
257.59094725092575,2.923329378379134
259.0051607935036,2.924063464636297
260.4193743376881,2.924894492901522
261.83358788327985,2.9258113175712728
263.2478014301131,2.9268043602871145
264.6620149780487,2.927865314353306
266.0762285269688,2.928986917757382
267.49044207677264,2.9301627762873785
268.9046556273735,2.931387223863932
270.31886917869616,2.932655210945102
271.7330827306751,2.933962214403493
273.1472962832528,2.9353041640335897
274.56150983637855,2.9366773820873755
275.9757233900075,2.9380785331235524
277.38993694409965,2.9395045821000707
278.8041504986193,2.940952759113597
280.21836405353463,2.9424205295433437
281.63257760881675,2.9439055686219047
283.0467911644397,2.9454057396590017
284.46100472038,2.946919075299138
285.8752182766163,2.94844376131521
287.2894318331292,2.9499781225339206
288.70364538990094,2.951520610564197
290.1178589469153,2.9530697930576637
291.53207250415744,2.9546243442785594
292.9462860616137,2.9561830367977926
294.3604996192715,2.957744734156798
295.77471317711917,2.9593083843723553
297.18892673514597,2.960873014173195
298.603140293342,2.9624377238773016
300.017353851698,2.9640016828319045
301.4315674102054,2.9655641253504164
302.84578096885616,2.967124347090028
304.25999452764285,2.9686817018222826
305.6742080865585,2.9702355985554982
307.0884216455966,2.971785498974283
308.502635204751,2.973330915165897
309.916848764016,2.9748714076084077
311.3310623233861,2.9764065833984388
312.7452758828563,2.97793609470036
314.15948944242166,2.97945963740126
315.57370300207776,2.980976949958915
316.9879165618202,2.982487809624267
318.40213012164384,2.9839920455875952
319.7912672339566,2.985463017684987
321.2054807939329,2.9869537377332334
322.6196943539803,2.9884375312228864
324.03390791409544,2.9899143768672762
325.44812147427496,2.991384292643936
326.8623350345157,2.992847335963101
328.2765485948146,2.9943036040000974
329.69076215516867,2.995753234197944
331.10497571557505,2.997196404946923
332.5191892760309,2.9986333364508364
333.9334028365334,3.0000642917915568
335.34761639707983,3.00148957820568
336.7618299576675,3.0029095485904977
338.1760435182936,3.004324603258995
339.5902570789556,3.005735191967573
341.00447063965066,3.0071418162436023
342.41868420037605,3.0085450320460243
343.83289776112895,3.009945452795907
345.2471113219065,3.011343752821901
346.66132488270574,3.012740671272369
348.07553844352356,3.014137016555052
349.4897520043567,3.0155336713764984
350.9039655652018,3.016931598465424
352.31817912605527,3.0183318470808764
353.7323926869132,3.0197355604241536
355.1466062477715,3.0211439840965415
356.5608198086257,3.0225584757735326
357.97503336947085,3.0239805163001923
359.3892469303016,3.025411722455937
360.8034604911121,3.026853861690121
362.2176740518957,3.0283088691976454
363.6318876126451,3.0297788677884667
365.046101173352,3.0312661911141605
366.460314734007,3.0327734109541504
367.87452829459943,3.0343033694450594
369.28874185511705,3.035859217374299
370.7029554155457,3.0374444599725945
372.11716897586894,3.0390630120587416
373.53138253606744,3.0407192649576236
374.9455960961185,3.042418168388538
376.35980965599504,3.044165331600117
377.7740232156646,3.0459671495490745
379.18823677508794,3.047830962101401
380.60245033421705,3.049765257420924
382.0166638929926,3.05177993545854
383.4308774513402,3.05388665469807
384.84509100916574,3.056099296644571
386.2593045663476,3.058434600787613
387.67351812272653,3.060913053148015
389.08773167808886,3.063560164052867
390.5019452321414,3.066408365793861
391.91615878446976,3.0694999419925613
393.3303723344674,3.0728917687194204
394.74458588120837,3.0766634573090723
396.15879942265116,3.080932455264127
396.20714097267233,3.0810891174368082
397.6213545070801,3.0860698167994403
399.0355680285174,3.092079487810892
400.1746404708292,3.098129797899348
400.8033357143033,3.1022363788229153
401.3657022237877,3.1066834340616363
401.7608444925329,3.1105264493057203
402.0384879965321,3.1138307710606212
402.23357194053045,3.116659931426622
402.37064607502884,3.119073741979215
402.4669600842889,3.121127163572755
402.53463431989735,3.1228697742349403
402.582185049197,3.1243456613504352
402.6155961587961,3.1255935938175865
402.63907217839545,3.1266473641917463
402.6555673869073,3.127536221720796
402.66715758460225,3.1282853420297667
402.6753013158089,3.1289162980117666
402.6810234149355,3.1294475101007366
402.6850439735994,3.129894663609265
402.68786895833614,3.1302710873047253
402.6898538823955,3.130588091686038
402.69124854420636,3.130855268194606
402.6922284624827,3.13108075245615
402.69291696366196,3.131271455857721
402.6934007028754,3.1314327604199574
402.6937318169314,3.131566912887977
402.6939584510241,3.1316780653426854
402.6941135625669,3.131770176039308
402.6942197127325,3.131846529875999
402.6942923458637,3.1319098523841125
402.69434203441153,3.1319624048926626
402.694376015706,3.1320060663637816
402.694399243847,3.1320424040965715
402.69441510972933,3.13207269279374
402.69442593656044,3.1320978226308207
402.6944331145233,3.1321181904688884
402.6944380719586,3.132132257446029
402.6944412420431,3.132148427817102
402.69444385221215,3.132161742099704
402.6944450558455,3.1321859170676847
402.69444605832626,3.1321903126813817
402.6944467266468,3.1321932430905597
402.6944484604912,3.132200845540884
402.6944486706329,3.132209392523558
402.6944455211847,3.1322518370180843
402.69442592078366,3.132321877811449
402.6943987231988,3.132376259552217
402.6942452028902,3.132550720687283
402.6940291016698,3.132700719761111
402.6838013537115,3.1347055308649185
402.65430845430956,3.1370896188247923
402.61178668219236,3.1392552808057506
402.36656242053084,3.1465187575441425
402.01300925073286,3.153191657434656
400.5987960856947,3.1705205826872533
399.18458274693853,3.183104897787832
397.7703693470806,3.193722363765192
396.3561559147685,3.203165787009557
394.9419424618914,3.211794418167709
393.52772899458796,3.2198066345544807
392.11351551646743,3.2273252848118124
390.6993020298456,3.2344324210747137
389.2850885363055,3.241185874042888
387.87087503698257,3.247628072619029
386.45666153272276,3.253791126099793
385.0424480241761,3.2596999370893194
383.6282345118551,3.2653742026602472
382.21402099617245,3.2708297523427152
380.7998074774667,3.276079472316829
379.38559395602,3.28113396155919
377.9713804320709,3.286002008783782
376.55716690582335,3.290690946300712
375.1429533774538,3.2952069173602627
373.7287398471163,3.2995550814562895
372.3145263149465,3.303739774362428
370.9003127810648,3.3077646346403986
369.4860992455791,3.31163270498869
368.07188570858636,3.3153465145002796
366.65767217017446,3.318908146290811
365.2434586304237,3.3223192938243016
363.8292450894075,3.325581308441753
362.41503154719373,3.328695239999604
361.00081800384527,3.331661872078812
359.58660445942064,3.3344817528903055
358.17239091397477,3.337155222747388
356.75817736755926,3.3396824387775084
355.34396382022294,3.34206339739315
353.92975027201226,3.3442979549194507
352.51553672297143,3.34638584668122
351.10132317314293,3.3483267047747796
349.68710962256756,3.3501200746901505
348.2728960712848,3.3517654309004326
346.8586825193327,3.3532621914975165
345.4444689667485,3.354609731923774
344.0302554135683,3.355807397827787
342.61604185982736,3.3568545170560333
341.2018283055603,3.357750410782053
339.787614750801,3.35849440376787
338.37340119558274,3.3590858337505685
336.95918763993814,3.35952405994722
335.5449740838994,3.3598084706739098
334.1307605274981,3.359938490079889
332.7165469707655,3.3599135831935354
331.30233341374293,3.3597332671664537
330.808958234325,3.3596337082143357
329.3947446769335,3.3592430756113183
327.98053111931125,3.358696090677583
326.5663175614872,3.3579924478582255
325.15210400348985,3.357131900569523
323.7378904453471,3.356114262075467
322.3236768870863,3.3549394057356383
320.90946332873443,3.353607264677808
319.49524977031774,3.3521178309505433
318.081036211862,3.350471154211518
316.6668226533924,3.3486673400070623
315.2526090949335,3.3467065476961597
313.83839553650944,3.344588988070569
312.4241819781437,3.3423149207190104
311.00996841985915,3.339884651179726
309.5957548616782,3.3372985279210576
308.1815413036226,3.3345569391849743
306.7673277457137,3.3316603097228925
305.35311418797227,3.3286090974478353
303.93890063041863,3.3254037900199647
302.5246870730726,3.3220449013775832
301.1104735159536,3.318532968217566
299.6962599590806,3.3148685464231025
298.28204640247225,3.3110522074288222
296.86783284614694,3.3070845345046456
295.45361929012273,3.302966118932116
294.0394057344175,3.298697556035876
292.625192179049,3.2942794410225966
291.2109786240349,3.28971236456672
289.79676506939285,3.2849969080680124
288.3825515151407,3.2801336384883024
286.9683379612963,3.2751231026542533
285.5541244078781,3.2699658208885487
284.13991085490477,3.264662279801648
282.7256973023958,3.2592129240395393
281.3114837503714,3.253618146737815
279.8972701988527,3.2478782783758575
278.48305664786227,3.2419935736554004
277.0688430974242,3.2359641959390513
275.65462954756447,3.2297901986733977
274.2404159983115,3.223471503078928
272.82620244969655,3.217007871208023
271.41198890175446,3.2103988732356363
269.9977753545243,3.2036438475419255
268.58356180805055,3.1967418517405943
267.169348262384,3.189691602269083
265.7551347175835,3.1824913994300443
264.34092117371756,3.175139033780652
262.9267076308672,3.1676316683874126
261.51249408912867,3.1599656895159867
260.09828054861777,3.1521365155209136
258.68406700947514,3.1441383495752198
257.2698534718736,3.1359638556712603
255.8556399360282,3.127603727731792
254.4414264022102,3.1190461064162176
253.02721287076687,3.110275773146742
251.61299934215114,3.101273008156739
250.19878581696605,3.0920119233644514
248.78457229603504,3.0824579387482394
247.37035878051728,3.0725637887820647
245.9561452721075,3.0622628431391945
244.54193177340287,3.0514571164722364
243.12771828861878,3.039993626133254
241.7135048256556,3.027611199647534
240.46388563263275,3.015505127311239
239.58585082364286,3.0059306493311166
238.9689067849786,2.998308725166147
238.5354160701751,2.992203591487421
238.23082735367967,2.987285412661499
238.01681058659534,2.983302785518071
237.8664334692312,2.980062643676897
237.76077223844422,2.97741557473631
237.6865302647014,2.9752450608454066
237.6343647785134,2.9734595569547757
237.59771115826015,2.97198662413582
237.57195682551497,2.970768555975849
237.5538607892583,2.9697590945586394
237.54114579330223,2.9689209458234465
237.53221174196975,2.968223884921403
237.5259343409616,2.9676432998993825
237.52152361398876,2.9671590633025318
237.51842449062937,2.9667546508746905
237.51624695519487,2.96641644779211
237.51471696640328,2.9661331981884462
237.51364197149758,2.965895564754663
237.51288667504048,2.965695773095183
237.51235601330737,2.965527321132699
237.5119831894588,2.965385186789225
237.5117280147717,2.9652671954331815
237.51155337686754,2.965169547645975
237.51143387121843,2.9650886669683714
237.5113521071132,2.965021601723069
237.5112961798041,2.964965912178963
237.51125794007473,2.9649195781153743
237.51123180969427,2.9648809229876436
237.5112139705672,2.964848549335176
237.51120180989102,2.9648212741311584
237.51119354135903,2.9647980810752586
237.51118794481167,2.964778228374283
237.51118416769734,2.964761361884691
237.51118152658464,2.9647451149232382
237.51117887867278,2.964708697159414
237.51117937153197,2.9646900348700593
237.51120708439032,2.96458157742768
237.51124581998246,2.9645144661997795
237.51135538042737,2.9643935130112724
237.55387646018147,2.9599446817238526
237.61518233567443,2.9573988488329706
237.79195877012302,2.9530663240023802
239.20617180649117,2.939453469821159
240.6203851568357,2.9331914789827986
242.03459858631757,2.9292300621133123
243.44881205282866,2.9265211363892396
244.8630255408427,2.924626993796532
246.27723904290255,2.9233148916813683
247.69145255485012,2.9224434720517882
249.10566607412937,2.9219191951645476
250.5198795990566,2.921676316371151
251.93409312846384,2.921666505177975
253.34830666150776,2.9218529746917685
254.76252019755952,2.9222069353303257
256.17673373613775,2.922705338345591
257.59094727686585,2.923329378391636
259.0051608194437,2.924063464650682
260.4193743636282,2.9248944929175726
261.83358790921994,2.925811317588811
263.2478014560532,2.9268043603059932
264.6620150039888,2.9278653143733537
266.0762285529089,2.928986917778457
267.49044210271273,2.9301627763094205
268.90465565331357,2.931387223886799
270.31886920463626,2.9326552109687274
271.7330827566152,2.933962214427817
273.1472963091929,2.9353041640584996
274.56150986231864,2.9366773821128174
275.9757234159476,2.9380785331494828
277.38993697003974,2.939504582126432
278.8041505245594,2.9409527591403424
280.2183640794747,2.9424205295704375
281.63257763475684,2.9439055686492965
283.0467911903798,2.945405739686638
284.4610047463201,2.946919075327016
285.8752183025564,2.9484437613432677
287.2894318590693,2.9499781225621478
288.70364541584104,2.9515206105925422
290.1178589728554,2.9530697930861263
291.53207253009754,2.9546243443071214
292.9462860875538,2.956183036826409
294.3604996452116,2.9577447341854652
295.77471320305926,2.95930838440105
297.18892676108607,2.960873014201898
298.6031403192821,2.9624377239059942
300.0173538776381,2.9640016828605766
301.4315674361455,2.9655641253790437
302.84578099479626,2.9671243471186344
304.25999455358294,2.9686817018508194
305.6742081124986,2.9702355985839795
307.0884216715367,2.9717854990026717
308.5026352306911,2.9733309151941896
309.9168487899561,2.9748714076366256
311.3310623493262,2.976406583426554
312.7452759087964,2.9779360947283506
314.15948946836176,2.979459637429148
315.57370302801786,2.9809769499866867
316.9879165877603,2.982487809652212
318.40213014758393,2.98399204561509
319.79126586905073,2.9854630162429134
321.20547942902704,2.986953736297828
322.61969298907445,2.9884375297941936
324.03390654918957,2.9899143754452524
325.4481201093691,2.9913842912285933
326.8623336696098,2.9928473345543507
328.2765472299087,2.9943036025978413
329.6907607902628,2.9957532328020076
331.1049743506692,2.997196403557103
332.519187911125,2.998633335066952
333.9334014716275,3.000064290413297
335.34761503217396,3.001489576832721
336.7618285927616,3.0029095472224574
338.17604215338775,3.0043246018955245
339.5902557140497,3.005735190608158
341.00446927474474,3.00714181488776
342.4186828354701,3.008545030693183
343.832896396223,3.0099454514454616
345.2471099570006,3.0113437514731487
346.6613235177998,3.012740669924563
348.07553707861763,3.014137015207395
349.4897506394508,3.0155336700280917
350.9039642002959,3.016931597115279
352.31817776114934,3.0183318457279578
353.7323913220073,3.0197355590673207
355.1466048828656,3.0211439827345377
356.56081844371977,3.0225584744049634
357.9750320045649,3.0239805149235774
359.3892455653957,3.025411721069626
360.8034591262062,3.0268538602924044
362.2176726869898,3.028308867786489
363.63188624773915,3.029778866361748
365.04609980844606,3.031266189669517
366.4603133691011,3.032773409488997
367.8745269296935,3.03430336795648
369.2887404902111,3.0358592158590985
370.7029540506398,3.037444458427204
372.117167610963,3.03906301047918
373.5313811711615,3.0407192633393816
374.94559473121257,3.042418166726547
376.3598082910891,3.044165329888612
377.7740218507587,3.045967147781416
379.188235410182,3.0478309602700286
380.6024489693111,3.0497652555169807
382.01666252808667,3.051779933471719
383.4308760864343,3.0538866526161406
384.8450896442598,3.05609929445286
386.2593032014417,3.0584345984682724
387.6735167578206,3.06091305067915
389.08773031318293,3.0635601614069095
390.50194386723547,3.0664083629352596
391.91615741956383,3.069499938874537
393.3303709695615,3.0728917652777232
394.74458451630244,3.076663453451785
396.1587980577472,3.0809324574835038
396.26453358349914,3.0812761444696304
397.67874711752853,3.086290599824343
399.09296063808335,3.0923530952115454
400.1746427923646,3.0981297993031824
400.8986157881136,3.102928060433611
401.43264838422306,3.107282537701083
401.8078820571481,3.1110425610916708
402.0715369467679,3.114273364080884
402.2567919036122,3.1170380321744133
402.3869597794895,3.1193957201967755
402.4784211617696,3.1214006212034024
402.5426857381165,3.1231015068160435
402.5878406977919,3.1245416685920855
402.61956843914976,3.1257591211341125
402.6418616535998,3.1267869617929414
402.6575257735867,3.127653811908663
402.66853201361056,3.128384288454034
402.67626543165125,3.128999472937259
402.6816992275264,3.129517357345816
402.68551721222445,3.129953255925329
402.6881998599894,3.1303201777063534
402.69008477211844,3.1306291586857675
402.69140916135154,3.1308895551812905
402.6923397031707,3.131109301571263
402.6929935103898,3.131295136762429
402.6934528721861,3.131452308767248
402.6937672985552,3.1315830056269873
402.6939825090302,3.131691274798974
402.69412980053175,3.1317809725865846
402.694230597543,3.1318552981949934
402.69429956629415,3.1319169050048923
402.6943467465916,3.131967992558263
402.69437901120654,3.1320103797977907
402.69440106501423,3.1320455777245337
402.69441612818315,3.1320749293708405
402.69442639923074,3.1320996268200805
402.6944332206033,3.132118504657763
402.69443793838695,3.1321315609090847
402.69444094306755,3.132147199956275
402.69444343065044,3.1321601475641683
402.69444514699813,3.13219562891876
402.6944461838194,3.132194475959063
402.69444687503363,3.1321937073192383
402.6944482465877,3.1321921821319925
402.69444870936445,3.132208723933228
402.69444558814695,3.132251489365081
402.6944259893683,3.132321710606801
402.6943987920371,3.1323761416395564
402.6942452719113,3.132550662449574
402.6940291707057,3.1327006791239707
402.6838014227582,3.1347055227099077
402.65430852335714,3.137089614568512
402.6117867512401,3.139255277804693
402.3665624895787,3.1465187559789403
402.0130093197808,3.1531916563131928
400.5987961547427,3.170520581998542
399.1845828159866,3.1831048972310407
397.77036941612863,3.1937223632794303
396.35615598381656,3.2031657865704433
394.94194253093946,3.211794417762704
393.527729063636,3.2198066341761336
392.1135155855155,3.227325284455328
390.69930209889367,3.23443242073674
389.28508860535356,3.241185873721063
387.8708751060306,3.2476280723115463
386.4566616017708,3.253791125805267
385.04244809322415,3.2596999368066952
383.62823458090315,3.265374202388657
382.2140210652205,3.2708297520814718
380.7998075465147,3.276079472065354
379.38559402506803,3.2811339613170483
377.9713805011189,3.2860020085505113
376.5571669748714,3.2906909460760367
375.14295344650185,3.295206917143915
373.72873991616433,3.29955508124801
372.3145263839945,3.303739774162058
370.90031285011287,3.307764634447719
369.48609931462715,3.3116327048036163
368.0718857776344,3.3153465143226826
366.6576722392225,3.3189081461206023
365.2434586994717,3.3223192936614026
363.82924515845554,3.3255813082861083
362.4150316162418,3.328695239851182
361.0008180728933,3.3316618719375386
359.5866045284687,3.334481752756205
358.1723909830228,3.3371552226204364
356.7581774366073,3.3396824386576967
355.343963889271,3.3420633972804583
353.9297503410603,3.3442979548139258
352.5155367920195,3.346385846582884
351.101323242191,3.3483267046836107
349.6871096916156,3.3501200746061657
348.2728961403328,3.351765430823729
346.85868258838076,3.353262191428097
345.44446903579654,3.3546097318616424
344.0302554826163,3.355807397772966
342.6160419288754,3.356854517008586
341.20182837460834,3.357750410742017
339.78761481984907,3.3584944037352744
338.3734012646308,3.359085833725431
336.9591877089862,3.3595240599295697
335.5449741529474,3.3598084706638014
334.13076059654617,3.359938490077331
332.7165470398135,3.3599135840081455
331.30233348279074,3.359733263387213
331.21258825981755,3.359716567460331
329.7983747024973,3.359370495179545
328.38416114493793,3.358868168393805
326.9699475871686,3.3582092649720114
325.5557340292178,3.3573935213813115
324.14152047111367,3.356420733752778
322.7273069128838,3.3552907583034566
321.31309335455524,3.3540035111674404
319.8988797961544,3.352558967691206
318.4846662377072,3.350957161248928
317.070452679239,3.3491981816329015
315.6562391207746,3.3472821730737694
314.2420255623382,3.3452093319423866
312.82781200395345,3.3429799041822856
311.4135984456434,3.3405941825183354
309.9993848874306,3.3380525034826976
308.585171329337,3.3353552442942425
307.1709577713841,3.332502819622402
305.7567442135928,3.3294956782610434
304.3425306559835,3.3263342997317826
302.92831709857626,3.323019190829577
301.51410354139045,3.319550882117648
300.0998899844453,3.315929924370944
298.6856764277596,3.3121568849604555
297.2714628713516,3.30823234416287
295.85724931523964,3.304156891370707
294.44303575944156,3.299931121169581
293.02882220397515,3.295555629237574
291.6146086488581,3.2910310080104135
290.20039509410805,3.2863578420411854
288.78618153974276,3.281536702967725
287.37196798578015,3.276568143980681
285.9577544322384,3.271452693662168
284.5435408791362,3.2661908490360765
283.12932732649267,3.2607830676371727
281.71511377432785,3.2552297583629306
280.30090022266256,3.249531270819281
278.886686671519,3.2436878828061904
277.4724731209207,3.237699785505874
276.05825957089314,3.2315670658327984
274.64404602146396,3.225289685272166
273.22983247266353,3.218867454363912
271.8156189245256,3.212300001771633
270.401405377088,3.2055867365907935
268.9871918303935,3.1987268021778723
267.57297828449094,3.191719019286422
266.1587647394367,3.184561815629846
264.74455119529637,3.1772531380843465
263.3303376521471,3.1697903424914404
261.9161241100804,3.162170054258032
260.50191056920596,3.1543879904294596
259.08769702965674,3.1464387302245074
257.6734834915955,3.138315415510363
256.259269955224,3.1300093542475693
254.8450564207957,3.121509486613704
253.4308428886337,3.112801651842869
252.01662935915704,3.1038675572780168
250.60241583292014,3.094683286959461
249.18820231067426,3.085217068864507
247.77398879346708,3.0754257895001795
246.35977528281262,3.0652492635070114
244.94556178099768,3.054600171959472
243.53134829167024,3.043344805584344
242.11713482114885,3.0312615552830904
240.74749811017756,3.018380396141711
239.785133960231,3.0082105764090232
239.10893659032584,3.000128233928295
238.63381200025188,2.9936644234333496
238.29996957710824,2.988464780040953
238.06539792900085,2.9842597125151027
237.90057809027442,2.9808425972220727
237.78476879780933,2.9780538507442507
237.70339637037324,2.9757692698185494
237.64622072840018,2.9738914581333633
237.60604676258126,2.972343487405541
237.57781888739916,2.9710641801671542
237.55798483647305,2.970004574545346
237.54404863848998,2.9691252549632035
237.53425651934975,2.9683943209356203
237.52737620384204,2.9677858291132164
237.52254184375192,2.9672785887519284
237.5191450578471,2.9668552230410423
237.5167583720081,2.966501431895585
237.51508142505946,2.9662054085363065
237.51390317074035,2.965957374240906
237.51307531923803,2.9657492043834193
237.5124936761173,2.9655741251066665
237.5120850305238,2.9654264644829134
237.51179794036014,2.965301839645621
237.51160145525984,2.965198356021442
237.51146699374357,2.9651126933858567
237.51137499117146,2.9650417224643277
237.5113120545697,2.9649828600122747
237.5112690158517,2.9649339716468788
237.51123959916077,2.9648932839776214
237.5112195091573,2.9648592919186596
237.5112058080617,2.964830795413663
237.5111964773435,2.9648074776423834
237.5111900591814,2.9647894748582138
237.51118597548995,2.9647698518732075
237.5111831286439,2.964756172187011
237.5111814220776,2.9647425532668024
237.5111801485393,2.9647323900420517
237.51117887711635,2.9647086971537306
237.51117935844644,2.964690166491173
237.5112070702829,2.9645816073335403
237.51124580580856,2.964514486380688
237.51135536624886,2.9643935254848737
237.5538764460001,2.9599446824910682
237.615182321493,2.957398849307561
237.79195875594158,2.953066324272676
239.2061717923097,2.9394534699033006
240.62038514265424,2.9331914790313443
242.0345985721361,2.929230062145741
243.4488120386472,2.9265211364118193
244.86302552666123,2.9246269938123204
246.27723902872108,2.92331489169213
247.69145254066865,2.9224434720586663
249.1056660599479,2.9219191951682975
250.51987958487513,2.921676316372345
251.93409311428238,2.9216665051770354
253.3483066473263,2.9218529746890276
254.76252018337806,2.922206935326015
256.1767337219563,2.922705338339946
257.5909472626844,2.9233293783848016
259.0051608052622,2.9240634646428205
260.41937434944674,2.924894492908807
261.8335878950385,2.9258113175792086
263.24780144187173,2.9268043602956757
264.66201498980735,2.927865314362401
266.07622853872743,2.9289869177669328
267.49044208853127,2.9301627762973625
268.9046556391321,2.931387223874301
270.3188691904548,2.9326552109558275
271.73308274243374,2.9339622144145086
273.1472962950114,2.9353041640448962
274.5615098481372,2.9366773820989067
275.9757234017661,2.9380785331353123
277.3899369558583,2.939504582112022
278.80415051037795,2.9409527591257314
280.21836406529326,2.9424205295556183
281.6325776205754,2.94390556863432
283.0467911761983,2.9454057396715276
284.46100473213863,2.9469190753117838
285.8752182883749,2.9484437613279315
287.2894318448878,2.9499781225467108
288.70364540165957,2.9515206105770457
290.11785895867393,2.9530697930705534
291.53207251591607,2.954624344291502
292.94628607337233,2.956183036810759
294.3604996310301,2.9577447341698058
295.7747131888778,2.959308384385359
297.1889267469046,2.9608730141861974
298.6031403051006,2.9624377238903064
300.0173538634566,2.9640016828449136
301.431567421964,2.9655641253634024
302.8457809806148,2.9671243471030073
304.2599945394015,2.968681701835221
305.67420809831714,2.97023559856841
307.08842165735524,2.971785498987164
308.50263521650965,2.9733309151787237
309.9168487757746,2.9748714076211966
311.33106233514474,2.9764065834111895
312.7452758946149,2.977936094713047
314.1594894541803,2.979459637413893
315.5737030138364,2.9809769499715024
316.98791657357884,2.982487809637087
318.40213013340247,2.983992045600063
319.79126665565934,2.9854630170739975
321.20548021563565,2.9869537371250625
322.61969377568306,2.988437530617541
324.0339073357982,2.9899143762647844
325.4481208959777,2.9913842920442697
326.86233445621843,2.9928473353662164
328.2765480165173,2.994303603405964
329.6907615768714,2.9957532336064823
331.1049751372778,2.9971964043580672
332.5191886977336,2.9986333358644965
333.93340225823613,3.000064291207615
335.3476158187826,3.0014895776239623
336.7618293793702,3.0029095480108743
338.17604293999636,3.0043246026813217
339.5902565006583,3.0057351913916044
341.00447006135335,3.0071418156691436
342.41868362207873,3.008545031472815
343.83289718283163,3.009945452223734
345.2471107436092,3.011343752250455
346.6613243044084,3.0127406707013202
348.07553786522624,3.0141370159840726
349.4897514260594,3.0155336708051856
350.9039649869045,3.0169315978933793
352.31817854775795,3.0183318465076727
353.7323921086159,3.0197355598492837
355.1466056694742,3.021143983519485
356.5608192303284,3.0225584751936925
357.97503279117353,3.0239805157169415
359.3892463520043,3.0254117218685543
360.8034599128148,3.0268538610978966
362.2176734735984,3.0283088685997583
363.63188703434776,3.029778867183966
365.04610059505467,3.0312661905020932
366.4603141557097,3.032773410333381
367.8745277163021,3.034303368814362
369.28874127681974,3.03585921673231
370.7029548372484,3.0374444593178245
372.1171683975716,3.0390630113894845
373.5313819577701,3.0407192642719942
374.9455955178212,3.0424181676843562
376.3598090776977,3.044165330874967
377.7740226373673,3.045967148800112
379.1882361967906,3.047830961325443
380.60244975591974,3.0497652566142435
382.0166633146953,3.051779934616734
383.4308768730429,3.0538866538159866
384.8450904308684,3.056099295715975
386.2593039880503,3.0584345998049405
387.6735175444292,3.0609130521019794
389.08773109979154,3.0635601629318088
390.5019446538441,3.0664083645827187
391.91615820617244,3.069499940671463
393.3303717561701,3.072891767261216
394.74458530291105,3.0766634556745664
396.15879884435765,3.080932456104239
396.235504506442,3.0811814053926305
397.6497180406637,3.086178720000942
399.0639315616682,3.09221435854675
400.174640236297,3.098129797720239
400.85042631350296,3.1025755438421685
401.39878946871266,3.1069772700009177
401.7840923934646,3.110779630382922
402.0548223617175,3.1140479237319716
402.2450485655429,3.116845469282703
402.3787094480529,3.1192317611890608
402.4726251633023,3.121261387166256
402.53861425694146,3.122983532187703
402.5849809348057,3.1244418950440958
402.6175600801948,3.1256748758873023
402.6404515268361,3.126715927151343
402.6565359898601,3.1275939907330628
402.667837580539,3.128333968730701
402.67577852434323,3.128957193430406
402.68135813652793,3.129481875509437
402.6852785778828,3.1299235186906045
402.68803321599154,3.1302952953984775
402.6899687115517,3.1306083820825252
402.6913286428171,3.130872255615137
402.69228415794475,3.1310949539181383
402.6929555124341,3.1312833051485263
402.6934272036473,3.1314426258142145
402.69375007014014,3.1315751379528467
402.6939710582736,3.131684942989642
402.69412230478554,3.1317759514387005
402.6942258090497,3.1318514079903395
402.6942966308319,3.1319140095937
402.69434507913724,3.131966021922817
402.6943782101191,3.1320092942580433
402.6944008568322,3.13204478926267
402.69441635727077,3.13207280833509
402.6944265958962,3.1321005086098683
402.69443342164647,3.132118975459729
402.6944381569447,3.1321317866582605
402.6944411455105,3.13214819977096
402.69444363744645,3.132161885407706
402.69444525023766,3.1321971138934677
402.6944462892464,3.132196709862495
402.6944469819189,3.132196440508518
402.6944484038937,3.132195887556599
402.6944487092393,3.1322087239329273
402.69444558884624,3.132251485683603
402.69442599008494,3.1323217088485986
402.69439879275643,3.1323761404118526
402.69424527263254,3.1325506618380716
402.6940291714271,3.1327006787000204
402.68380142347974,3.1347055226245963
402.65430852407866,3.1370896145242133
402.61178675196163,3.1392552777732727
402.3665624903002,3.1465187559625485
402.0130093205023,3.153191656301446
400.5987961554642,3.170520581991425
399.1845828167081,3.1831048972252414
397.77036941685014,3.1937223632743543
396.3561559845381,3.20316578656584
394.94194253166097,3.211794417758461
393.5277290643575,3.2198066341721687
392.113515586237,3.2273252844515747
390.6993020996152,3.234432420733229
389.2850886060751,3.2411858737176993
387.8708751067521,3.2476280723083293
386.4566616024923,3.253791125802194
385.04244809394567,3.259699936803742
383.62823458162467,3.265374202385836
382.214021065942,3.2708297520787277
380.79980754723624,3.2760794720627215
379.38559402578954,3.281133961314505
377.97138050184043,3.2860020085480857
376.5571669755929,3.290690946073694
375.14295344722336,3.295206917141657
373.72873991688584,3.2995550812458343
372.31452638471603,3.303739774159972
370.9003128508344,3.3077646344456935
369.48609931534867,3.3116327048016982
368.0718857783559,3.315346514320816
366.657672239944,3.318908146118816
365.24345870019323,3.322319293659702
363.82924515917705,3.32558130828449
362.4150316169633,3.3286952398496097
361.0008180736148,3.331661871936086
359.5866045291902,3.334481752754792
358.1723909837443,3.3371552226190992
356.7581774373288,3.3396824386564425
355.3439638899925,3.342063397279284
353.9297503417818,3.3442979548128404
352.515536792741,3.3463858465818572
351.1013232429125,3.348326704682647
349.6871096923371,3.350120074605299
348.27289614105433,3.351765430822927
346.8586825891023,3.353262191427362
345.44446903651806,3.354609731860997
344.03025548333784,3.3558073977723932
342.6160419295969,3.3568545170080912
341.20182837532985,3.357750410741583
339.7876148205706,3.3584944037349356
338.3734012653523,3.3590858337251706
336.9591877097077,3.3595240599293983
335.54497415366893,3.359808470663687
334.1307605972677,3.3599384900772975
332.71654704053503,3.359913584008192
331.30233348351226,3.3597332633873367
331.21258826053906,3.359716567460454
329.7983747032188,3.3593704951797605
328.38416114565945,3.358868168394111
326.9699475878901,3.358209264972399
325.5557340299393,3.3573935213817894
324.1415204718352,3.3564207337533065
322.72730691360533,3.355290758304068
321.31309335527675,3.3540035111681425
319.8988797968759,3.3525589676920124
318.4846662384287,3.350957161249784
317.0704526799605,3.349198181633836
315.6562391214961,3.3472821730748
314.2420255630597,3.345209331943511
312.82781200467497,3.342979904183462
311.4135984463649,3.34059418251958
309.9993848881521,3.3380525034840405
308.58517133005853,3.3353552442956524
307.1709577721056,3.3325028196238975
305.7567442143143,3.329495678262613
304.34253065670504,3.3263342997334506
302.9283170992978,3.323019190831295
301.51410354211197,3.319550882119463
300.09988998516684,3.3159299243728135
298.6856764284811,3.3121568849624223
297.27146287207313,3.308232344164911
295.85724931596116,3.3041568913728367
294.44303576016307,3.299931121171764
293.02882220469667,3.295555629239841
291.6146086495796,3.2910310080127547
290.20039509482956,3.2863578420436146
288.78618154046427,3.2815367029702154
287.37196798650166,3.276568143983262
285.9577544329599,3.271452693664812
284.5435408798577,3.2661908490387814
283.1293273272142,3.260783067639966
281.71511377504936,3.255229758365793
280.3009002233841,3.2495312708222497
278.8866866722405,3.243687882809202
277.4724731216422,3.237699785508968
276.05825957161466,3.231567065835977
274.6440460221855,3.2252896852754045
273.22983247338504,3.2188674543672273
271.8156189252471,3.212300001775022
270.4014053778095,3.205586736594244
268.987191831115,3.1987268021814086
267.57297828521246,3.191719019290028
266.15876474015823,3.1845618156335407
264.7445511960179,3.177253138088114
263.3303376528686,3.16979034249528
261.9161241108019,3.162170054261952
260.5019105699275,3.1543879904334764
259.08769703037825,3.1464387302286094
257.673483492317,3.1383154155145645
256.2592699559455,3.130009354251864
254.84505642151723,3.1215094866180935
253.43084288935523,3.112801651847367
252.01662935987858,3.103867557282639
250.6024158336417,3.094683286964217
249.1882023113958,3.0852170688694134
247.77398879418863,3.0754257895052692
246.35977528353416,3.065249263512312
244.94556178171922,3.0546001719650464
243.53134829239178,3.0433448055902663
242.1171348218704,3.031261555289533
240.7474981108991,3.0183803961489275
239.78513396095255,3.0082105764171283
239.10893659104738,3.0001282339375033
238.63381200097342,2.993664423443876
238.29996957782978,2.9884647800530217
238.0653979297224,2.9842597125290675
237.90057809099596,2.980842597238237
237.78476879853088,2.9780538507630716
237.70339637109478,2.9757692698404705
237.64622072912172,2.9738914581591214
237.6060467633028,2.97234348743579
237.5778188881207,2.9710641802028217
237.5579848371946,2.9700045745874375
237.54404863921152,2.9691252550130294
237.5342565200713,2.9683943209945602
237.52737620456358,2.9677858291828763
237.52254184447344,2.967278588835044
237.51914505856863,2.966855223139571
237.5167583727296,2.966501432012934
237.51508142578095,2.9662054086759886
237.5139031714618,2.9659573744078367
237.51307531995946,2.965749204583189
237.51249367683866,2.965574125345104
237.51208503124508,2.9654264647701343
237.5117979410813,2.9653018399899183
237.51160145598084,2.9651983564384494
237.51146699446434,2.9651126938894854
237.51137499189187,2.9650417230731723
237.51131205528952,2.964982860755974
237.51126901657074,2.9649339725497987
237.51123959987842,2.9648932850743575
237.51121950987425,2.9648592931658078
237.51120580878072,2.9648307969826098
237.51119647804333,2.9648074811671212
237.51119005968386,2.9647894822325798
237.51118597614325,2.9647698533562763
237.51118312963058,2.9647561706602095
237.51118142275465,2.9647425590239376
237.51118014901576,2.964732401478156
237.51117887600114,2.964708697150164
237.511179349506,2.9646902567056825
237.51120706064157,2.9645816277739443
237.5112457961218,2.9645145001792765
237.51135535655897,2.964393534012906
237.55387643630823,2.9599446830156717
237.6151823118011,2.95739884963189
237.79195874624966,2.953066324457386
239.2061717826178,2.9394534699594344
240.62038513296233,2.9331914790645075
242.0345985624442,2.9292300621678997
243.44881202895527,2.926521136427257
244.86302551696932,2.924626993823095
246.27723901902917,2.923314891699486
247.69145253097673,2.9224434720633683
249.105666050256,2.9219191951708683
250.5198795751832,2.9216763163731527
251.93409310459046,2.921666505176387
253.34830663763438,2.921852974687139
254.76252017368614,2.922206935323069
256.17673371226437,2.9227053383360655
257.59094725299246,2.923329378380128
259.0051607955703,2.9240634646374426
260.4193743397548,2.9248944929027925
261.83358788534656,2.9258113175726628
263.2478014321798,2.9268043602886236
264.66201498011543,2.927865314354904
266.0762285290355,2.928986917759074
267.49044207883935,2.930162776289137
268.9046556294402,2.9313872238657463
270.3188691807629,2.9326552109469866
271.7330827327418,2.9339622144054314
273.1472962853195,2.935304164035577
274.56150983844526,2.9366773820893997
275.9757233920742,2.9380785331256183
277.38993694616636,2.939504582102172
278.80415050068603,2.9409527591157216
280.21836405560134,2.9424205295455086
281.63257761088346,2.9439055686240754
283.0467911665064,2.9454057396611972
284.4610047224467,2.9469190753013605
285.875218278683,2.9484437613174546
287.2894318351959,2.9499781225361668
288.70364539196765,2.951520610566453
290.117858948982,2.9530697930599272
291.53207250622415,2.9546243442808295
292.9462860636804,2.9561830368000592
294.3604996213382,2.957744734159088
295.7747131791859,2.959308384374647
297.1889267372127,2.960873014175467
298.6031402954087,2.962437723879572
300.0173538537647,2.9640016828341897
301.4315674122721,2.9655641253526976
302.8457809709229,2.9671243470923145
304.25999452970956,2.9686817018245595
305.6742080886252,2.9702355985577884
307.0884216476633,2.9717854989765415
308.50263520681773,2.973330915168151
309.9168487660827,2.9748714076106513
311.3310623254528,2.9764065834006814
312.745275884923,2.9779360947025877
314.1594894444884,2.979459637403481
315.5737030041445,2.9809769499611285
316.9879165638869,2.982487809626766
318.40213012371055,2.983992045589758
319.79126584517735,2.985463016217689
321.20547940515365,2.986953736272727
322.61969296520107,2.9884375297692136
324.0339065253162,2.9899143754203843
325.4481200854957,2.9913842912038335
326.86233364573644,2.992847334529708
328.27654720603533,2.994303602573317
329.6907607663894,2.995753232777576
331.1049743267958,2.9971964035328202
332.51918788725163,2.9986333350427374
333.93340144775414,3.0000642903891745
335.3476150083006,3.001489576808706
336.76182856888823,3.002909547198538
338.17604212951437,3.004324601871683
339.5902556901763,3.005735190584356
341.00446925087135,3.0071418148640325
342.41868281159674,3.008545030669521
343.83289637234964,3.0099454514218205
345.2471099331272,3.0113437514495587
346.66132349392643,3.0127406699009884
348.07553705474425,3.0141370151838367
349.4897506155774,3.015533670004512
350.9039641764225,3.0169315970916615
352.31817773727596,3.0183318457043073
353.7323912981339,3.0197355590436046
355.1466048589922,3.0211439827107127
356.5608184198464,3.0225584743810185
357.97503198069154,3.0239805148995
359.3892455415223,3.025411721045402
360.8034591023328,3.02685386026793
362.2176726631164,3.0283088677618197
363.63188622386576,3.029778866336792
365.0460997845727,3.0312661896442563
366.4603133452277,3.0327734094633745
367.8745269058201,3.034303367930449
369.28874046633774,3.035859215832598
370.7029540267664,3.0374444584001727
372.1171675870896,3.0390630104515517
373.53138114728813,3.040719263311067
374.9455947073392,3.0424181666974692
376.3598082672157,3.0441653298586675
377.7740218268853,3.0459671477505066
379.18823538630863,3.0478309602380023
380.60244894543774,3.049765255483712
382.0166625042133,3.051779933436975
383.4308760625609,3.0538866525797035
384.84508962038643,3.05609929441453
386.2593031775683,3.0584345984277133
387.6735167339472,3.060913050635986
389.08773028930955,3.063560161360609
390.5019438433621,3.0664083628852925
391.91615739569045,3.0694999388199835
393.3303709456881,3.0728917652175194
394.74458449242906,3.0766634533843358
396.15879803387384,3.0809324574063157
396.2645336017726,3.0812761445293275
397.678747135802,3.086290599894887
399.0929606563568,3.092353095299102
400.17464281063803,3.0981297994123818
400.89861587086034,3.102928061043705
401.4326484669698,3.107282538452918
401.80788213989484,3.1110425620131505
402.07153702951456,3.1142733652052446
402.2567919863589,3.11703803354125
402.38695986223615,3.1193957218530204
402.47842124451626,3.121400623205252
402.54268582086314,3.1231015092304912
402.5878407805385,3.1245416714991556
402.6195685218963,3.1257591246290213
402.64186173634624,3.126786965989772
402.65752585633305,3.1276538169437416
402.66853209635667,3.128384294490284
402.676265514397,3.1289994801713865
402.6816993102717,3.129517366011396
402.6855172949691,3.129953266305745
402.68819994273315,3.13032019014341
402.6900848548608,3.130629173597537
402.691409244092,3.130889573076776
402.69233978590836,3.131109323084194
402.6929935931232,3.131295162691339
402.6934529549138,3.131452339939654
402.69376738127403,3.1315830433519682
402.693982591736,3.131691320450956
402.69412988321847,3.131781027846619
402.69423068020177,3.131855365094352
402.6942996489118,3.1319169860473672
402.6943468291486,3.131968090765018
402.694379093675,3.13201049870278
402.69440114736085,3.1320457215884394
402.6944162103466,3.132075106957692
402.6944264808958,3.1320998552059596
402.69443330201875,3.132118756200816
402.69443802039393,3.1321318305854775
402.69444102377213,3.132147533767853
402.69444354167365,3.1321606986322843
402.69444521443614,3.1321967019664205
402.6944462524648,3.1321958737471722
402.6944469444839,3.1321953216010052
402.6944483295207,3.1321942165119365
402.69444871096874,3.132208723930945
402.69444557787136,3.132251542745477
402.69442597884336,3.132321736257719
402.69439878147324,3.132376159740216
402.6942452613194,3.1325506713884113
402.6940291601115,3.132700685361283
402.6838014121624,3.1347055239609554
402.6543085127612,3.13708961522158
402.6117867406441,3.139255278265323
402.3665624789827,3.146518756219096
402.0130093091848,3.153191656485287
400.59879614414666,3.170520582104278
399.18458280539056,3.1831048973164986
397.7703694055326,3.1937223633539746
396.35615597322055,3.20316578663782
394.94194252034345,3.211794417824882
393.52772905304,3.2198066342341702
392.11351557491946,3.2273252845099902
390.69930208829766,3.2344324207886133
389.28508859475755,3.241185873770455
387.8708750954346,3.247628072358726
386.4566615911748,3.253791125850461
385.04244808262814,3.2596999368500734
383.62823457030714,3.2653742024303343
382.2140210546245,3.2708297521215477
380.7998075359187,3.27607947210392
379.385594014472,3.281133961354193
377.9713804905229,3.286002008586305
376.5571669642754,3.290690946110508
375.14295343590584,3.2952069171771226
373.7287399055683,3.2995550812799737
372.3145263733985,3.303739774192827
370.90031283951686,3.3077646344772873
369.48609930403114,3.3116327048320136
368.0718857670384,3.3153465143499354
366.6576722286265,3.318908146146729
365.2434586888757,3.322319293686383
363.8292451478595,3.3255813083099834
362.41503160564577,3.3286952398739618
361.0008180622973,3.331661871959205
359.5866045178727,3.3344817527767883
358.1723909724268,3.33715522263992
356.7581774260113,3.339682438676075
355.34396387867497,3.342063397297744
353.9297503304643,3.3442979548301346
352.51553678142346,3.346385846597973
351.10132323159496,3.348326704697593
349.6871096810196,3.3501200746190576
348.2728961297368,3.351765430835494
346.85868257778475,3.3532621914387417
345.44446902520053,3.3546097318711823
344.0302554720203,3.355807397781379
342.6160419182794,3.3568545170158663
341.20182836401233,3.3577504107481744
339.78761480925306,3.358494403740273
338.3734012540348,3.3590858337292926
336.95918769839017,3.359524059932285
335.5449741423514,3.3598084706653593
334.13076058595016,3.359938490077718
332.7165470292175,3.3599135840073853
331.3023334721949,3.3597332639952318
330.9234934911544,3.3596585115009767
329.50927993378286,3.3592805265306858
328.09506637617824,3.3587462165151907
326.6808528183695,3.3580552711823306
325.2666392603851,3.357207439130974
323.8524257022531,3.356202528760773
322.4382121440009,3.355040408569125
321.0239985856554,3.353721006868122
319.609785027243,3.3522443109773823
318.19557146878947,3.3506103659478046
316.78135791032,3.3488192728722206
315.3671443518594,3.3468711868361476
313.9529307934316,3.3447663145608386
312.5387172350603,3.342504911786451
311.1245036767683,3.3400872804401254
309.71029011857814,3.3375137656291765
308.2960765605116,3.3347847524945444
306.8818630025901,3.331900662954417
305.4676494448343,3.3288619523623617
304.0534358872647,3.3256691060977652
302.6392223299011,3.322322636100993
301.225008772763,3.318823077357956
299.81079521586935,3.3151709843323283
298.3965816592389,3.31136692733624
296.98236810289,3.3074114888217556
295.56815454684073,3.3033052595670647
294.15394099110904,3.2990488347212743
292.7397274357126,3.2946428096609996
291.3255138806691,3.2900877755993427
289.9113003259963,3.285384314873032
288.49708677171185,3.2805329958172664
287.08287321783376,3.2755343671164274
285.66865966438036,3.2703889514955136
284.2544461113703,3.265097238586919
282.840232558823,3.259659676771413
281.42601900675857,3.2540766637474188
280.0118054551981,3.2483485355278705
278.597591904164,3.242475553494673
277.18337835368027,3.236457889054566
275.7691648037727,3.230295605331056
274.3549512544695,3.223988635187395
272.9407377058016,3.2175367546983376
271.52652415780364,3.2109395509570167
270.11231061051427,3.2041963828036257
268.69809706397746,3.197306332667761
267.28388351824344,3.1902681471894767
265.8696699733703,3.1830801635761903
264.45545642942585,3.175740217685227
263.0412428864899,3.1682455284790616
261.6270293446573,3.1605925516078286
260.21281580404207,3.1527767921526957
258.79860226478263,3.144792562568566
257.38438872704893,3.1366326658644215
255.9701751910521,3.128287974808109
254.55596165705813,3.119746863268605
253.14174812540728,3.110994421766813
251.72753459654248,3.1020113484523852
250.31332107105246,3.0927723343139757
248.89910754973926,3.0832436266105243
247.48489403372895,3.0733791882981603
246.07068052466227,3.063114306527629
244.6564670250431,3.0523541928900384
243.24225353891532,3.0409517011411946
241.82804007368546,3.0286578252249123
240.54436868721803,3.0163300800540966
239.6424073791602,3.0065852409099936
239.00865157891147,2.998831484823591
238.5633482154304,2.992623590079908
238.2504594366192,2.9876247284619124
238.03061069769356,2.9835783101437907
237.8761357923518,2.980287400937553
237.76759528389,2.977599685377351
237.69133020890646,2.9753964511172133
237.63774320694094,2.973584481885946
237.60009077008002,2.972090056471828
237.57363462688446,2.9708544773665624
237.5550454691511,2.969830715289521
237.5419839853324,2.96898087203885
237.53280647704895,2.968274247054305
237.52635801290828,2.9676858522915026
237.52182708970585,2.9671952623334548
237.5186435112935,2.966785717031038
237.51640663399436,2.966443415773006
237.514834948829,2.966156958233629
237.51373065588274,2.965916897825111
237.5129547727852,2.965715382311081
237.51240964490648,2.9655458618942285
237.51202665654625,2.9654028493706557
237.51175759434767,2.965282106348977
237.5115734506128,2.9651817909117715
237.51144743774645,2.9650986901291487
237.5113612191665,2.9650297708193065
237.51130224260805,2.964972522520339
237.5112619157944,2.9649248401449753
237.51123435842413,2.9648849834433975
237.51121554331303,2.9648519623798633
237.5112026775103,2.9648256623098996
237.51119421433683,2.964800830077612
237.51118835048314,2.9647836246431307
237.5111846620797,2.964764259269499
237.51118190272172,2.964749771700732
237.51117887828994,2.964708697157816
237.51117936813006,2.9646900690493494
237.51120708072312,2.964581585208166
237.51124581629796,2.964514471446517
237.51135537674168,2.9643935162559196
237.55387645649503,2.9599446819232904
237.61518233198797,2.9573988489562515
237.79195876643655,2.9530663240726813
239.2061718028047,2.939453469842531
240.62038515314924,2.933191478995411
242.0345985826311,2.9292300621217295
243.4488120491422,2.9265211363951122
244.86302553715623,2.924626993800647
246.27723903921608,2.923314891684161
247.69145255116365,2.922443472053585
249.1056660704429,2.9219191951655303
250.51987959537013,2.921676316371463
251.93409312477738,2.921666505177739
253.3483066578213,2.9218529746910606
254.76252019387306,2.9222069353292115
256.1767337324513,2.922705338344115
257.5909472731794,2.923329378389873
259.0051608157572,2.924063464648637
260.41937435994174,2.9248944929153042
261.8335879055335,2.925811317586313
263.24780145236673,2.926804360303289
264.66201500030235,2.9278653143705062
266.07622854922244,2.928986917775476
267.49044209902627,2.930162776306286
268.9046556496271,2.931387223883549
270.3188692009498,2.932655210965374
271.73308275292874,2.933962214424345
273.1472963055064,2.935304164054969
274.5615098586322,2.936677382109207
275.9757234122611,2.93807853314581
277.3899369663533,2.93950458212268
278.80415052087295,2.9409527591365388
280.21836407578826,2.942420529566585
281.6325776310704,2.9439055686454
283.0467911866933,2.945405739682702
284.46100474263363,2.9469190753230547
285.8752182988699,2.948443761339265
287.2894318553828,2.9499781225581234
288.7036454121546,2.951520610588526
290.11785896916894,2.95306979308208
291.53207252641107,2.954624344303052
292.94628608386734,2.956183036822325
294.3604996415251,2.9577447341813956
295.7747131993728,2.9593083843969685
297.1889267573996,2.960873014197804
298.6031403155956,2.9624377239019077
300.0173538739516,2.9640016828565043
301.431567432459,2.9655641253749954
302.8457809911098,2.9671243471145567
304.2599945498965,2.968681701846756
305.67420810881214,2.970235598579931
307.08842166785024,2.971785498998652
308.50263522700465,2.973330915190187
309.9168487862696,2.974871407632607
311.33106234563974,2.9764065834225475
312.7452759051099,2.9779360947243783
314.1594894646753,2.9794596374251876
315.5737030243314,2.980976949982735
316.98791658407384,2.982487809648294
318.40213014389747,2.983992045611171
319.79126586536427,2.985463016239005
321.20547942534057,2.9869537362939442
322.619692985388,2.9884375297903225
324.0339065455031,2.989914375441427
325.4481201056826,2.9913842912247954
326.86233366592336,2.9928473345505426
328.27654722622225,2.994303602594031
329.69076078657633,2.995753232798241
331.1049743469827,2.9971964035533536
332.51918790743855,2.9986333350632046
333.93340146794105,3.0000642904095667
335.3476150284875,3.0014895768289884
336.76182858907515,3.0029095472187906
338.1760421497013,3.004324601891855
339.59025571036324,3.005735190604489
341.00446927105827,3.007141814884081
342.41868283178366,3.008545030689523
343.83289639253655,3.009945451441787
345.2471099533141,3.01134375146951
346.66132351411335,3.012740669920916
348.07553707493116,3.014137015203762
349.4897506357643,3.015533670024449
350.9039641966094,3.0169315971116304
352.3181777574629,3.018331845724317
353.7323913183208,3.0197355590636485
355.1466048791791,3.021143982730844
356.5608184400333,3.0225584744012743
357.97503200087846,3.023980514919882
359.38924556170923,3.0254117210658937
360.8034591225197,3.026853860288609
362.2176726833033,3.0283088677826675
363.6318862440527,3.0297788663578884
365.0460998047596,3.0312661896656308
366.4603133654146,3.0327734094850345
367.87452692600704,3.0343033679524365
369.28874048652466,3.0358592158550173
370.7029540469533,3.0374444584230327
372.11716760727654,3.0390630104749152
373.53138116747505,3.0407192633349927
374.9455947275261,3.0424181667220522
376.35980828740264,3.044165329883961
377.7740218470722,3.0459671477766466
379.18823540649555,3.047830960265077
380.60244896562466,3.0497652555118626
382.0166625244002,3.0517799334663533
383.43087608274783,3.0538866526104953
384.84508964057335,3.0560992944469283
386.25930319775523,3.0584345984620107
387.67351675413414,3.0609130506725175
389.08773030949646,3.063560161399769
390.501943863549,3.0664083629275622
391.91615741587736,3.0694999388661066
393.33037096587503,3.0728917652684307
394.744584512616,3.076663453441384
396.15879805406075,3.0809324574715773
396.2645335798127,3.0812761444575574
397.67874711384206,3.0862905998100674
399.0929606343969,3.092353095193892
400.1746427886781,3.0981297992811108
400.89861578442714,3.10292806040635
401.4326483805366,3.1072825376676447
401.80788205346164,3.1110425610506236
402.0715369430814,3.114273364030775
402.25679189992576,3.1170380321136366
402.386959775803,3.119395720122996
402.4784211580831,3.1214006211143484
402.54268573443005,3.1231015067083256
402.58784069410547,3.1245416684626064
402.61956843546335,3.125759120978239
402.6418616499134,3.1267869616059834
402.65752576990036,3.127653811684205
402.6685320099242,3.1283842881850057
402.6762654279649,3.1289994726152703
402.6816992238401,3.129517356959711
402.68551720853816,3.12995325546297
402.6881998563032,3.1303201771521865
402.69008476843226,3.1306291580209256
402.6914091576655,3.1308895543842454
402.69233969948476,3.1311093006138124
402.692993506704,3.1312951356053107
402.6934528685006,3.1314523073770824
402.69376729487004,3.1315830039458517
402.6939825053456,3.1316912727643818
402.694129796848,3.131780970127287
402.69423059386054,3.131855295215682
402.6942995626134,3.131916901397037
402.69434674291387,3.131967988160496
402.69437900753275,3.1320103746418972
402.6944010613369,3.132045572094771
402.6944161244962,3.132074920133633
402.6944263957669,3.1320996010390765
402.69443321691386,3.1321184998060696
402.6944379339678,3.1321315689429006
402.69444093928746,3.132147176413862
402.6944434288252,3.1321601052841035
402.6944451469291,3.132195636579281
402.6944461837028,3.1321944726676145
402.6944468748852,3.1321936967264907
402.6944482469208,3.1321921564401833
402.6944487110535,3.1322087239296956
402.69444557738956,3.132251545326187
402.6944259783493,3.1323217374649035
402.69439878097734,3.1323761605885765
402.6942452608222,3.132550671807169
402.69402915961416,3.1327006856551565
402.68380141166494,3.1347055240200596
402.6543085122637,3.1370896152523633
402.6117867401466,3.1392552782869547
402.3665624784852,3.1465187562304133
402.0130093086873,3.153191656493375
400.59879614364917,3.1705205821092104
399.18458280489307,3.183104897320476
397.7703694050351,3.193722363357463
396.35615597272306,3.2031657866409793
394.94194251984595,3.211794417827791
393.5277290525425,3.219806634236917
392.11351557442197,3.227325284512601
390.69930208780016,3.2344324207910558
389.28508859426006,3.2411858737727592
387.8708750949371,3.247628072360944
386.4566615906773,3.2537911258525822
385.04244808213065,3.259699936852116
383.62823456980965,3.2653742024322963
382.214021054127,3.2708297521234253
380.7998075354212,3.2760794721057507
379.3855940139745,3.2811339613559425
377.9713804900254,3.2860020085879924
376.5571669637779,3.2906909461121283
375.14295343540834,3.2952069171786875
373.7287399050708,3.299555081281477
372.314526372901,3.3037397741942627
370.90031283901936,3.3077646344786884
369.48609930353365,3.3116327048333534
368.0718857665409,3.3153465143512095
366.657672228129,3.318908146147952
365.2434586883782,3.3223192936875705
363.82924514736203,3.325581308311095
362.4150316051483,3.328695239875035
361.0008180617998,3.3316618719602475
359.5866045173752,3.3344817527777515
358.1723909719293,3.337155222640822
356.7581774255138,3.3396824386769426
355.3439638781775,3.34206339729857
353.9297503299668,3.3442979548308953
352.51553678092597,3.346385846598693
351.10132323109747,3.3483267046982617
349.6871096805221,3.3501200746196886
348.2728961292393,3.3517654308360583
346.85868257728725,3.3532621914392515
345.44446902470304,3.3546097318716215
344.0302554715228,3.355807397781755
342.6160419177819,3.3568545170162034
341.20182836351484,3.357750410748461
339.78761480875556,3.3584944037405147
338.3734012535373,3.3590858337294724
336.9591876978927,3.359524059932414
335.5449741418539,3.359808470665444
334.13076058545266,3.3599384900777354
332.71654702872,3.3599135840073493
331.3023334716973,3.359733264729967
331.10405341285764,3.3596955353944624
329.689839855518,3.359337483964895
328.2756262979415,3.358823151267737
326.8614127401572,3.358152219615784
325.4471991821937,3.3573244300259244
324.03298562407895,3.3563395832334577
322.6187720658406,3.3551975400669534
321.2045585075055,3.353898221236199
319.7903449491002,3.3524416065887976
318.37613139065047,3.350827733890719
316.9619178321817,3.349056697186787
315.5477042737186,3.3471286447942727
314.1334907152853,3.3450437769825916
312.71927715690543,3.342802343387021
311.3050635986021,3.3404046402018777
309.89085004039765,3.3378510071940526
308.4766364823141,3.335141824572524
307.06242292437287,3.3322775097444595
305.6482093665948,3.3292585139830795
304.2339958090003,3.3260853190261717
302.81978225160935,3.3227584336176452
301.4055686944414,3.3192783899985328
299.9913551375155,3.315645740346373
298.5771415808504,3.311861053154517
297.1629280244646,3.3079249095348917
295.7487144683761,3.3038378994195536
294.33450091260283,3.2996006176258232
292.92028735716264,3.295213659739942
291.5060738020731,3.2906776177614634
290.091860247352,3.285993075436235
288.677646693017,3.2811606031894516
287.26343313908603,3.2761807525504665
285.8492195855774,3.271054049936785
284.43500603250965,3.2657809896366192
283.0207924799022,3.260362025793357
281.60657892777493,3.2547975631528505
280.1923653761489,3.2490879462798845
278.77815182504634,3.243233446884128
277.3639382744909,3.237234248811165
275.94972472450826,3.231090430148729
274.5355111751262,3.22480194176333
273.1212976263754,3.2183685814094214
271.7070840782898,3.211789962331257
270.2928705309077,3.2050654749866623
268.87865698427214,3.198194240141364
267.46444343843257,3.191175051075077
266.050229893446,3.18400630195976
264.6360163493788,3.176685898540759
263.22180280630914,3.1692111459656838
261.80758926432975,3.161578606796729
260.39337572355197,3.1537839196458863
258.97916218411075,3.1458215650754084
257.5649486461715,3.137684559714644
256.15073510993943,3.1293640508065765
254.7365215756726,3.120848769583961
253.32230804370042,3.1121242793473334
251.9080945144507,3.1031719160209628
250.49388098849047,3.093967251828884
249.0796674665895,3.0844777885778356
247.6654539498241,3.074659343865868
246.2512404397543,3.0644500828626913
244.83702693874545,3.05375997826821
243.42281345058828,3.042450481124243
242.00859998198527,3.0302902133777856
240.67123724194,3.0176158043654264
239.73155013735126,3.0076046955658624
239.07128661045851,2.9996450148002203
238.6073578066577,2.9932766976240557
238.28138201243553,2.988151943500058
238.05233778768894,2.9840060266964983
237.89140174840392,2.9806359484166896
237.77832137629065,2.9778848431244116
237.69886640272927,2.9756305600349293
237.64303804425606,2.973777264623725
237.60381073632206,2.972249226327002
237.5762480226681,2.9709861934347788
237.55688134212568,2.969939925189313
237.54327353817422,2.969071571962608
237.5337121624531,2.9683496806410865
237.52699397694968,2.967748663918142
237.52227353620208,2.967247616194853
237.51895679480813,2.9668293903523493
237.51662635160417,2.9664798723045456
237.51498892309658,2.966187406605698
237.51383843610145,2.965942338183332
237.5130300950999,2.9657366438200716
237.51246216089606,2.9655636330885304
237.51206314779398,2.9654177028778035
237.51178282586244,2.965294524078001
237.51159097406858,2.965192222024972
237.51145968440986,2.9651075163479916
237.51136985329643,2.9650373135661443
237.51130840337765,2.96497905966043
237.5112663826434,2.964930637662028
237.51123766353237,2.9648902630462963
237.51121805343905,2.9648564774434734
237.51120467849296,2.9648286340058485
237.51119551824223,2.9648068800672647
237.51118955586605,2.9647849910787483
237.511185396226,2.9647697202688454
237.51118286673503,2.9647527312763144
237.51117893203755,2.964726304399816
237.51117893203755,2.9647086973386667
237.51117895701077,2.964694721793319
237.5111800140591,2.9646877481857397
237.51118642962786,2.9646454231023034
237.51180968755708,2.964114484452479
237.51268642572933,2.9637917829752425
237.51521514910218,2.963213490821813
237.63782671865857,2.956682078352326
237.81460317603594,2.952644593983875
239.2288162257841,2.9393229948952744
240.6430295781043,2.9331142500892
242.05724300838867,2.929178426825924
243.47145647533355,2.9264851880370952
244.8856699636188,2.9246018640645515
246.29988346586399,2.9232977652015926
247.71409697794607,2.9224325475290245
249.1283104973273,2.921913237388202
250.5425240223344,2.921674434282986
251.95673755180582,2.9216680305952876
253.37095108490237,2.921857390986675
254.78516462099805,2.9222138330197778
256.19937815961345,2.9227143861409086
257.6135917003734,2.9233403036018677
259.02780524297873,2.924076039493637
260.4420187871873,2.924908524698565
261.8562323328002,2.9258266414903638
263.27044587965213,2.926820833987769
264.6846594276044,2.9278828138561277
266.09887297653944,2.929005334257747
267.5130865263567,2.930182013654501
268.92730007696963,2.9314071966532005
270.3415136283033,2.93267584280089
271.75572718029224,2.933983436762347
273.16994073287907,2.9353259150617346
274.5841542860132,2.936699605802723
275.9983678396498,2.9381011786644815
277.41258139374906,2.9395276031122757
278.82679494827534,2.940976113232357
280.2410085031967,2.942444177953751
281.65522205848447,2.943929475683266
283.0694356141127,2.9454298725822925
284.4836491700579,2.946943403868756
285.8978627262988,2.9484682576477024
287.31207628281595,2.9500027608681894
288.7262898395917,2.9515453670780234
290.14050339660986,2.953094645706988
291.5547169538556,2.9546492726560656
292.96893051131514,2.95620802200819
294.38314406897604,2.957769758706518
295.7973576268265,2.959333432071711
297.132735324601,2.960810836751147
298.04687668406274,2.9618223090002367
298.6726580090348,2.9625146264965707
299.10104062472374,2.962988471180359
299.3942926891412,2.9633127912397446
299.5950402688394,2.963534777467392
299.73246331080327,2.9636867245931118
299.82653713471143,2.9637907335410034
299.8909359736413,2.9638619299180773
299.93502061146313,2.963910666117996
299.9651990327542,2.963944027968787
299.98585786441566,2.9639668656447498
300.0,2.9639824965022434
300.0,2.9639824965022434
300.01414213558434,2.9639981324793214
300.0348009672459,2.964020969392233
300.0649793885372,2.9640543289657777
300.10906402635965,2.964103059363267
300.1734628652909,2.964174241981448
300.26753668920225,2.9642782195595574
300.4049597311731,2.9644300968200503
300.60570731088666,2.9646519297398557
300.8989593753376,2.9649759167276137
301.3273419910988,2.965449043128723
301.9531233162266,2.9661398220353434
302.86726467602284,2.9671480263290357
304.2026423745155,2.9686186081720627
305.61685593342605,2.970172655961676
307.0310694924594,2.971722728272704
308.4452830516093,2.973268335189233
309.85949661086994,2.9748090352629593
311.273710170236,2.97634443373147
312.6879237297022,2.9778741809589695
314.1021372892639,2.9793979710831597
315.51635084891643,2.980915540855407
316.93056440865547,2.98242666866392
318.34477796847693,2.9839311737308183
318.4021305568932,2.9839920459468345
319.81634411679516,2.9854895084734805
321.23055767677283,2.98698010885212
322.6447712368215,2.9884637792118305
324.0589847969378,2.9899405017028298
325.47319835711846,2.991410294999981
326.8874119173603,2.9928732172151977
328.3016254776602,2.9943293662329715
329.71583903801525,2.995778880215936
331.13005259842254,2.997221938287689
332.5442661588792,2.998658761402508
333.9584797193825,3.000089613413407
335.3726932799297,3.001514802352834
336.78690684051804,3.002934681942826
338.20112040114486,3.004349653354586
339.61533396180744,3.0057601672412697
341.02954752250304,3.0071667260713015
342.44376108322894,3.0085698867949526
343.8579746439823,3.0099702638820083
345.2721882047602,3.011368532774964
346.68640176555976,3.012765433809989
348.1006153263778,3.0141617766665028
349.51482888721114,3.0155584454179936
350.92904244805635,3.0169564042683925
352.34325600890986,3.018356704075126
353.75746956976775,3.019760489778243
355.1716831306259,3.0211690088782324
356.5858966914799,3.0225836211334416
358.0001102523247,3.024005809682819
359.414323813155,3.0254371938428175
360.82853737396493,3.026879543881033
362.2427509347478,3.028334798137105
363.65696449549625,3.0298050829464227
365.07117805620203,3.031292735932347
366.4853916168557,3.032800333371401
367.8996051774465,3.0343307225199077
369.3138187379622,3.0358870600268424
370.72803229838854,3.0374728578747057
372.14224585870903,3.039092038709879
373.5564594189043,3.0407490029957063
374.9706729789514,3.042448711201138
376.3848865388233,3.044196785323726
377.79910009848726,3.045999635576964
379.21331365790377,3.047864620266413
380.6275272170245,3.0498002500882078
382.04174077578966,3.0518164528667806
383.4559543341243,3.053924922046587
384.8701678919333,3.0561395836761407
386.28438144909376,3.0584772350291907
387.69859500544413,3.0609584386703226
389.1128085607675,3.0636088088400526
390.5270221147649,3.0664609230938917
391.94123566701154,3.0695572754810625
393.3554492168805,3.0729550606815113
394.76966276340147,3.076734400395239
396.1587982983278,3.080932457271162
397.5730118317827,3.085885134749126
398.9872253521812,3.091851151665694
400.17464093612176,3.098129798304807
401.5888543592436,3.1087565809372606
402.29596096488854,3.117701641833785
402.54118541417796,3.123057842086863
402.6262291439748,3.1260472617330466
402.6852152106594,3.129915514044706
402.69032918583287,3.130673845067169
402.6938759407193,3.131635431434989
402.6941833298844,3.1318188026655216
402.69440179824403,3.132046081569615
402.6944404119509,3.132145031604449
402.6944470280164,3.1321849301738744
402.69444821170686,3.132192068488387
402.69444841378186,3.1322087244285104
402.69444644442575,3.1322287912685542
402.6944449009516,3.1322445185654955
402.69444258574043,3.132268109510818
402.6944383017192,3.1322830455796034
402.6944324275489,3.1323035256391893
402.6944235027307,3.1323258790056183
402.6944104482631,3.132354382419325
402.6943913180019,3.132388487410181
402.6943633167102,3.132429032728119
402.6943223607454,3.1324775310351645
402.69426248216047,3.132535764901143
402.69417496233376,3.1326058405302324
402.69404706484084,3.13269029323945
402.6938601841043,3.1327921847908238
402.69358714094324,3.1329152161753107
402.69318823190156,3.133063865746021
402.6926054571066,3.1332428784160107
402.6917760078141,3.1334549313497737
402.6905954914139,3.1337062666535678
402.68891533748155,3.1340049491730535
402.68652410002653,3.1343605877763947
402.6831208488853,3.1347846749550037
402.6782773000844,3.1352909970767344
402.6713839197497,3.1358961352327746
402.6615732191753,3.136620081683326
402.64761058835467,3.1374870039129874
402.6277389302548,3.138526197966093
402.59945754430936,3.1397732860242646
402.55920743340175,3.141271731149773
402.5019234327591,3.1430747665423726
402.4203967997909,3.145247869448892
402.30436805194324,3.147871953347698
402.139235893528,3.151047507995333
401.90421976038124,3.1548999848471158
401.56974475341275,3.159586797541386
401.09371987602174,3.1653063568938613
400.41624122156816,3.172309513534402
399.4520535497493,3.1809134527274727
398.07982160204085,3.1915170245434967
396.665608174322,3.201178130519412
395.25139472481146,3.2099643952968013
393.83718126006994,3.2180990968092953
392.42296778396474,3.2257176506194227
391.00875429897724,3.2329092207580743
389.5945408067966,3.23973600078355
388.1803273086284,3.24624326217781
386.7661138053666,3.252465055155007
385.3519002976949,3.2584276584470446
383.9376867861501,3.2641517756128846
382.5234732711631,3.269653991874945
381.1092597530861,3.2749477737432704
379.695046232212,3.280044174724284
378.28083270878756,3.2849523457986303
376.8666191830234,3.2896799125513865
375.4524056551013,3.2942332590187764
374.0381921251797,3.2986177449159175
372.6239785933979,3.302837874431364
371.2097650598794,3.3068974292591187
369.79555152473444,3.3107995748669943
368.3813379880623,3.3145469465029818
366.9671244499527,3.3181417197066394
365.55291091048736,3.3215856688693983
364.1386973697412,3.324880216506849
362.72448382778316,3.328026475266721
361.31027028467713,3.3310252842193417
359.89605674048255,3.333877240622739
358.48184319525507,3.3365827280825613
357.067629649047,3.3391419418187476
355.6534161019077,3.3415549115890486
354.23920255388407,3.3438215226910724
352.8249890050209,3.345941535364737
351.4107754553609,3.347914602835856
349.9965619049453,3.349740288178573
348.5823483538137,3.3514180801225435
347.16813480200466,3.3529474078923145
345.7539212495554,3.3543276551336896
344.33970769650233,3.355558172959826
342.9254941428809,3.356638292131421
341.51128058872587,3.3575673343749024
340.09706703407124,3.358344622834299
338.6828534789504,3.358969491649969
337.26863992339617,3.359441294656847
335.8544263674408,3.359759413197482
334.440212811116,3.359923263049466
333.02599925445304,3.3599323004722432
331.6117856974826,3.3597860273859084
331.3023334637519,3.359733262088043
329.8881199064583,3.3593970963124486
328.47390634891303,3.358904695532236
327.05969279115595,3.3582557368318007
325.64547923321567,3.3574499529209016
324.23126567512026,3.3564871361254194
322.8170521168974,3.355367138848393
321.4028385585741,3.354089873437189
319.98862500017685,3.352655311511165
318.5744114417316,3.3510634828056736
317.16019788326383,3.3493144735879934
315.74598432479826,3.347408424699357
314.33177076635917,3.3453455292754555
312.9175572079703,3.3431260301948185
311.50334364965465,3.340750217300238
310.08913009143487,3.3382184244352877
308.6749165333329,3.335531026331908
307.2607029753703,3.3326884353809705
305.84648941756797,3.329691098311132
304.43227585994634,3.326539492796081
303.0180623025255,3.3232341240036805
301.60384874532497,3.3197755210939635
300.18963518836387,3.316164233665962
298.77542163166095,3.3124008281463455
297.36120807523474,3.3084858841041824
295.9469945191033,3.3044199904684812
294.5327809632847,3.3002037416150047
293.11856740779666,3.2958377332785496
291.7043538526568,3.291322558234891
290.29014029788294,3.2866588016821967
288.8759267434927,3.2818470362364724
287.461713189504,3.2768878164346944
286.047499635935,3.2717816726179616
284.63328608280443,3.2665291040370024
283.2190725301313,3.261130570990317
281.8048589779356,3.255586485760901
280.39064542623817,3.249897202067529
278.97643187506105,3.2440630026804103
277.5622183244277,3.238084084769909
276.14800477436347,3.2319605424552704
274.73379122489587,3.225692345888782
273.31957767605513,3.219279316045229
271.9053641278748,3.2127210941709694
270.4911505803924,3.206017104567711
269.0769370336504,3.199166509019675
267.6627234876973,3.1921681506856117
266.24850994258895,3.185020484624588
264.83429639839045,3.1777214912347693
263.4200828551782,3.1702685676579514
262.00586931304287,3.1626583904783816
260.59165577209313,3.1548867405810004
259.1774422324606,3.146948277437253
257.7632286943063,3.138836244718998
256.34901515782985,3.1305420809247484
254.934801623282,3.122054895772984
253.5205880909823,3.113360752125689
252.10637456134523,3.104441657896859
250.69216103491948,3.095274110563587
249.27794751244912,3.0858269233611977
247.8637339949739,3.0760578418034994
246.44952048400236,3.065908001141932
245.03530698183195,3.05529224000298
243.62109349219736,3.0440806771900957
242.20688002175424,3.032059357499566
240.79266658414417,3.0188304412863904
239.37845321500942,3.0034737454280322
237.96424008364738,2.9822232250193794
237.61068708549087,2.972535900085642
237.5509014667947,2.969575967036529
237.53016796511372,2.9680453752979945
237.51578747385477,2.9663364327466653
237.51329405281385,2.9658081533833176
237.51152009088193,2.9651482124372364
237.5112128751212,2.9648463603086936
237.51118651405486,2.964772655931843
237.51118202896603,2.9647485620372827
237.51117920500383,2.9647171306562794
237.51117933579658,2.964706962018397
237.5111807298436,2.9646816378281247
237.51118325322048,2.9646613647721534
237.51118702810993,2.964642691270668
237.51119261807122,2.96462226109621
237.511200872782,2.96459862653088
237.511213017858,2.9645709998263285
237.5112308380228,2.9645384109336543
237.51125694290755,2.964499674338905
237.51129514677808,2.964453397536128
237.51135102263262,2.964397929748961
237.51143271220133,2.964331298050565
237.51155210939604,2.964251137406581
237.51172658916664,2.964154609384399
237.51198153306183,2.964038306032119
237.5123540199285,2.963898678152587
237.51288420216932,2.963733816353617
237.51363881630255,2.9635391496542858
237.51471284019934,2.9633088161482704
237.5162414471196,2.9630359532842308
237.5184170159428,2.9627125217183914
237.52151334049242,2.9623291126625606
237.52592008427786,2.961874739507264
237.5321918165028,2.961336617558701
237.54111780012622,2.9606999401809935
237.5538213142396,2.959947666166003
237.5719010096806,2.9590603427800044
237.5976320863466,2.9580160031485354
237.63425260875044,2.9567901974468906
237.68637099032148,2.9553562476128796
237.7605459250646,2.9536858589976336
237.86611174629837,2.9517502850105384
238.01635307721222,2.9495223299728597
238.23017659354034,2.946979601124881
238.53449027619993,2.9441095959486283
238.96758956364653,2.940917450986306
239.58397652390644,2.9374374981274882
240.4612185002125,2.933750179960585
241.70970933547022,2.9300063484253394
243.1239227971687,2.9270600863272502
244.53813628195638,2.9250041271845433
245.9523497816256,2.9235731736063144
247.36656329176867,2.92261010361549
248.78077680964967,2.9220126903690793
250.19499033346676,2.9217099566322
251.60920386197398,2.92165020691767
253.02341739427513,2.921794378672159
254.43763092970457,2.9221120805852325
255.85184446775466,2.922579099217484
257.2660580080295,2.923175759081982
258.6802715502146,2.9238858042267655
260.09448509405604,2.924695611940033
261.50869863934577,2.925593625467987
262.92291218591134,2.9265699355192067
264.3371257336084,2.927615965480923
265.75133928231475,2.928724230571724
267.1655528319261,2.929888150757079
268.57976638235294,2.9311019034534223
269.9939799335176,2.9323603061451498
271.40819348535257,2.933658721811179
272.82240703779865,2.9349929819688763
274.23662059080374,2.9363593234844805
275.65083414432166,2.937754336256395
277.0650476983115,2.9391749195700965
278.47926125273665,2.9406182454318452
279.8934748075643,2.942081727565829
281.3076883627651,2.9435629950429787
282.72190191831237,2.945059869725349
284.13611547418213,2.946570346874781
285.5503290303526,2.9480925784025187
286.96454258680393,2.9496248583367244
288.378756143518,2.9511656101623434
289.7929697004783,2.9527133757509754
291.2071832576696,2.9542668056475914
292.62139681507807,2.955824650520948
294.0356103726908,2.9573857536170514
295.44982393049605,2.95894904408088
296.8640374884828,2.9605135310337305
298.27825104664095,2.9620782983105505
299.6924646049611,2.9636424997769035
301.1066781634346,2.9652053551571425
302.52089172205325,2.966766146315132
303.93510528080947,2.9683242139384465
305.3493188396962,2.969878954583372
306.76353239870684,2.9714298180441814
308.17774595783516,2.972976305016255
309.5919595170753,2.9745179650258993
311.00617307642176,2.9760543946050175
312.4203866358694,2.9775852356906594
313.83460019541343,2.97911017423427
315.2488137550491,2.980628939006031
316.66302731477214,2.982141300584164
318.0772408745783,2.9836470705196856
318.40213044580315,2.983992045855409
319.8163440057051,2.9854895083376034
321.2305575656828,2.9869801087353034
322.64477112573144,2.9884637790955484
324.05898468584775,2.9899405015870997
325.4731982460284,2.9914102948848047
326.8874118062702,2.992873217100552
328.30162536657014,2.994329366118853
329.7158389269252,2.99577888010234
331.1300524873325,2.9972219381745866
332.54426604778916,2.998658761289878
333.95847960829246,3.0000896133012454
335.37269316883965,3.0015148022410996
336.786906729428,3.0029346818314795
338.2011202900548,3.0043496532436067
339.6153338507174,3.0057601671306307
341.029547411413,3.007166725960952
342.4437609721389,3.0085698866848554
343.85797453289223,3.0099702637720873
345.27218809367014,3.0113685326652013
346.6864016544697,3.0127654337002885
348.10061521528775,3.014161776556829
349.5148287761211,3.0155584453082445
350.9290423369663,3.0169564041585066
352.3432558978198,3.0183567039649897
353.7574694586777,3.019760489667809
355.17168301953586,3.021169008767365
356.58589658038983,3.0225836210220494
358.00011014123464,3.0240058095707716
359.41432370206496,3.02543719372997
360.8285372628749,3.0268795437672655
362.24275082365773,3.02833479802222
363.6569643844062,3.0298050828302885
365.07117794511197,3.031292735814732
366.4853915057656,3.032800333252136
367.89960506635646,3.0343307223987055
369.31381862687215,3.03588705990348
370.7280321872985,3.0374728577488597
372.142245747619,3.039092038581256
373.55645930781424,3.040749002863957
374.97067286786137,3.0424487110658056
376.38488642773325,3.044196785184334
377.7990999873972,3.0459996354330343
379.2133135468137,3.0478646201172435
380.62752710593446,3.0498002499331265
382.0417406646996,3.051816452704944
383.45595422303427,3.0539249218770146
384.87016778084325,3.0561395834975786
386.2843813380037,3.058477234840213
387.6985948943541,3.0609584384691546
389.11280844967746,3.063608808624404
390.52702200367486,3.0664609228608968
391.9412355559215,3.069557275226834
393.35544910579046,3.072955060400855
394.7696626523114,3.0767344000806203
396.15879831367823,3.0809324573206545
397.57301184713316,3.085885134807597
398.98722536753166,3.091851151737866
400.1746409514722,3.0981297983968172
401.58885437459406,3.1087565810878175
402.295960980239,3.117701642100645
402.5411854295284,3.1230578425325537
402.62622915932525,3.1260472624135645
402.6852152260097,3.129915515936729
402.6903292011829,3.1306738479159257
402.6938759560663,3.131635439118418
402.6941833452271,3.131818813964783
402.69440181354685,3.132046108130663
402.6944404270828,3.1321450964434923
402.6944470424578,3.132185055457218
402.69444822591043,3.132192203895414
402.6944488480886,3.132208723701488
402.6944465071971,3.1322278661437273
402.6944449530483,3.1322405750641167
402.69444262182503,3.132259638444728
402.6944388213871,3.1322786965107086
402.6944332040743,3.1322987502096344
402.6944249461721,3.132322105108801
402.69441282333815,3.1323496822841106
402.69439505728104,3.1323823724399205
402.69436905112593,3.1324213515297874
402.69433100998367,3.132468036659169
402.69427538948815,3.1325241158326094
402.694194089994,3.1325916155033364
402.69407527924704,3.1326729778590825
402.69390167248594,3.1327711514068732
402.69364801998825,3.1328897004308596
402.693277436858,3.1330329380822057
402.6927360405799,3.1332054340040054
402.691965481212,3.1334097635328884
402.6908687769722,3.1336519368937843
402.68930790452623,3.133939718222164
402.6870864285039,3.134282356290672
402.68392478185746,3.1346909102171607
402.6794250846007,3.135178642623127
402.67302107381545,3.1357614991607834
402.6639068440212,3.136458698116561
402.65093543045907,3.137293460343615
402.63247447281407,3.138293918898889
402.60620079581855,3.139494260183714
402.5688080563629,3.1409361652965817
402.5155906668596,3.1426706432132696
402.4398516349713,3.1447603782779536
402.3320598011076,3.1472827555672462
402.17865041882703,3.150333780964813
401.9603181408589,3.154033178504273
401.6495875968029,3.1585310201293457
401.2073558393005,3.164016301340614
400.577971553408,3.170727860083268
399.68223178734877,3.1789677915429744
398.4074148996673,3.189116662626532
396.9932014786479,3.199028953252211
395.5789880334549,3.207993394542284
394.16477457182845,3.216264685851086
392.7505610980966,3.223993585596201
391.3363476149937,3.2312777496252614
389.92213412435785,3.238184497790429
388.50792062748775,3.2447624009795866
387.09370712533854,3.2510477406186027
385.679493618636,3.257068365033586
384.2652801079467,3.262846118296186
382.8510665937232,3.2683984372081847
381.43685307633405,3.2737394391078447
380.0226395560844,3.278880685098041
378.6084260332308,3.283831729202635
377.19421250799144,3.2886005221933714
375.77999898055435,3.2931937142802505
374.3657854510829,3.2976168859016943
372.9515719197205,3.3018747264451185
371.537358386594,3.305971174650736
370.1231448518166,3.3099095304244237
368.7089313154899,3.3136925450597277
367.2947177777057,3.3173224949850972
365.88050423854753,3.320801242827688
364.4662906980917,3.324130288637065
363.05207715640853,3.327310813422778
361.637863613563,3.3303437166520142
360.22365006961553,3.333229648972126
358.8094365246225,3.3359690411356064
357.3952229786371,3.3385621298827153
355.98100943170925,3.341008981366078
354.5667958838864,3.3433095125658054
353.1525823352138,3.345463511038559
351.7383687857347,3.347470653257849
350.32415523549054,3.3493305217371745
348.90994168452136,3.3510426210728315
347.49572813286585,3.3526063930012673
346.08151458056165,3.3540212305335273
344.66730102764524,3.355286491203218
343.2530874741524,3.356401509446844
341.8388739201179,3.3573656081216434
340.424660365576,3.358178109158856
339.0104468105602,3.358838343345223
337.59623325510347,3.3593456592258524
336.18201969923814,3.359699431122595
334.7678061429961,3.3598990662661503
333.3535925864087,3.3599440110463608
331.93937902950677,3.359833756390386
331.3023334205775,3.3597332638933395
329.88811986328403,3.3593970962997943
328.47390630573875,3.358904695514801
327.05969274798167,3.3582557368095625
325.6454791900414,3.357449952893909
324.231265631946,3.3564871360936177
322.8170520737231,3.3553671388117823
321.4028385153998,3.354089873395782
319.98862495700257,3.3526553114649555
318.57441139855734,3.35106348275469
317.16019784008955,3.3493144735322202
315.745984281624,3.347408424638781
314.3317707231849,3.3453455292100855
312.917557164796,3.343126030124681
311.50334360648037,3.340750217225337
310.0891300482606,3.338218424355606
308.67491649015864,3.335531026247488
307.260702932196,3.332688435291837
305.8464893743937,3.3296910982172663
304.43227581677206,3.326539492697515
303.0180622593512,3.3232341239004097
301.6038487021507,3.319775520986041
300.1896351451896,3.3161642335534105
298.77542158848667,3.312400828029147
297.36120803206046,3.3084858839823683
295.94699447592905,3.304419990342056
294.53278092011044,3.3002037414839975
293.1185673646224,3.2958377331430015
291.70435380948254,3.2913225580947603
290.29014025470866,3.2866588015375515
288.8759267003184,3.28184703608731
287.4617131463297,3.276887816281062
286.04749959276074,3.271781672459825
284.63328603963015,3.2665291038744235
283.21907248695703,3.261130570823299
281.80485893476134,3.2555864855894123
280.3906453830639,3.24989720189164
278.97643183188677,3.244063002500087
277.5622182812534,3.2380840845851777
276.1480047311892,3.2319605422661097
274.7337911817216,3.2256923456951996
273.31957763288085,3.2192793158472295
271.9053640847005,3.212721093968518
270.4911505372181,3.2060171043607983
269.0769369904761,3.1991665088082755
267.662723444523,3.192168150469697
266.24850989941467,3.1850204844040815
264.83429635521617,3.177721491009611
263.4200828120039,3.1702685674280255
262.0058692698686,3.1626583902436085
260.59165572891885,3.154886740341232
259.1774421892863,3.146948277192294
257.763228651132,3.138836244468631
256.3490151146556,3.1305420806686497
254.93480158010772,3.122054895510802
253.52058804780802,3.113360751856932
252.10637451817095,3.104441657620915
250.6921609917452,3.095274110279633
249.27794746927484,3.085826923068129
247.86373395179962,3.0760578414997988
246.44952044082808,3.065908000825478
245.03530693865767,3.055292239670616
243.62109344902308,3.0440806768368613
242.20687997857996,3.0320593571169034
240.7926665409699,3.0188304408571796
239.37845317183513,3.0034737449067044
237.96424004047313,2.9822232241119
237.61068704231667,2.9725358983148062
237.55090142362064,2.969575964318618
237.53016792194,2.9680453714319235
237.51578743068268,2.966336425048482
237.5132940096443,2.965808142103743
237.51152004773303,2.9651481845355585
237.51121283209923,2.964846272571446
237.51118647157193,2.9647724744102053
237.5111819880223,2.964748291582524
237.51117917488324,2.964716540118483
237.51117927313265,2.9647072538771093
237.51118058368695,2.9646832055587664
237.51118293883184,2.9646634451078624
237.5111865077649,2.9646449926872425
237.51119180608083,2.9646249451156335
237.51119963582337,2.9646018390599114
237.5112111604682,2.9645748554143188
237.5112280747932,2.964543044079372
237.51125285679097,2.9645052498483757
237.51128912842822,2.9644601138747078
237.51134218183972,2.9644060255865545
237.5114197484974,2.9643410607203173
237.51153312302344,2.964262912870856
237.51169880493563,2.964168813985049
237.5119408969585,2.964055440454226
237.51229460983893,2.963919330533505
237.5127980729591,2.963758619263978
237.51351466045287,2.963568846710776
237.51453456484515,2.963344292276991
237.51598614889255,2.9630782569787986
237.5180520987671,2.9627628903491443
237.52099241363163,2.962389000671184
237.5251771244347,2.961945849040027
237.53113285931977,2.961420930637033
237.53960911552903,2.9607997507887545
237.55167257758598,2.9600656095297
237.5688413509391,2.9591994174776173
237.59327600328788,2.9581795792487693
237.62805145460115,2.9569820003308482
237.67754393099315,2.9555803019685856
237.74798167748182,2.9539463700455713
237.84822873238727,2.952051423394808
237.99090039505703,2.9498678716763633
238.19395075953315,2.9473723525950914
238.48293209246833,2.9445505052885643
238.8942103797764,2.9414042662368227
239.47954169262601,2.9379627814054525
240.31258527152207,2.9342984218425006
241.49817294756815,2.9305498578108207
242.9123864045652,2.9274355011840303
244.3265998865826,2.925267040567098
245.7408133843614,2.9237544055486904
247.15502689314178,2.9227288405473137
248.5692404099973,2.922081837785978
249.98345393301636,2.9217386916020214
251.3976674608859,2.9216453349926645
252.81188099266654,2.921761115303276
254.22609452766358,2.9220545297181255
255.64030806534916,2.922500561142571
257.05452160531297,2.923078936526694
258.46873514722984,2.9237729449875793
259.88294869083774,2.9245686104069906
261.29716223592254,2.925454096649487
262.7113757823071,2.9264192701531533
264.12558932984314,2.9274553718208267
265.5398028784055,2.9285547665838143
266.95401642788755,2.929710749287185
268.3682299781976,2.9309173921524385
269.7824435292564,2.932169423428165
271.19665708099507,2.933462129773929
272.6108706333532,2.9347912769416067
274.02508418627775,2.936153044730659
275.4392977397217,2.9375439731994017
276.8535112936434,2.9389609178413307
278.2677248480056,2.9404010119664896
279.681938402775,2.9418616349232263
281.09615195792173,2.943340385090693
282.5103655134188,2.9448350567974906
283.92457906924176,2.94634362049303
285.33879262536857,2.947864205631304
286.7530061817791,2.949395085830145
288.16721973845495,2.9509346659505127
289.5814332953794,2.9524814708043836
290.99564685253705,2.954034135251631
292.40986040991385,2.955591395487457
293.8240739674968,2.9571520813548124
295.23828752527396,2.9587151095439532
296.6525010832342,2.9602794775632786
298.0667146413673,2.9618442583832283
299.4809281996638,2.9634085956714618
300.8951417581149,2.9649716995481645
302.3093553167123,2.9665328428026907
303.7235688754484,2.9680913575201417
305.137782434316,2.9696466320748476
306.55199599330854,2.9711981084533257
307.9662095524196,2.972745279875091
309.3804231116434,2.9742876886842313
310.7946366709743,2.9758249244886334
312.20885023040717,2.977356622527186
313.6230637899371,2.9788824622483294
315.03727734955936,2.9804021660861073
316.4514909092696,2.981915498422552
317.8657044690636,2.983422264726392
318.40212932546655,2.983992044973273
319.8163428853685,2.9854895072688192
321.23055644534617,2.986980107557184
322.64477000539483,2.9884637779229464
324.05898356551114,2.989940500420008
325.4731971256918,2.9914102937231757
326.8874106859336,2.992873215944325
328.30162424623353,2.99432936496794
329.7158378065886,2.995778878956615
331.1300513669959,2.9972219370338955
332.54426492745256,2.9986587601540236
333.95847848795586,3.000089612170017
335.37269204850304,3.001514801114216
336.7869056090914,3.002934680708662
338.2011191697182,3.004349652124493
339.61533273038077,3.005760166014866
341.0295462910764,3.007166724848105
342.44375985180227,3.0085698855744476
343.8579734125556,3.009970262663646
345.27218697333353,3.0113685315581478
346.6864005341331,3.012765432593991
348.10061409495114,3.014161775450642
349.5148276557845,3.0155584442014445
350.9290412166297,3.0169564030502607
352.3432547774832,3.0183567028544775
353.7574683383411,3.019760488554013
355.17168189919926,3.021169007649311
356.5858954600532,3.0225836198985947
358.00010902089804,3.024005808440704
359.41432258172836,3.025437192591937
360.82853614253827,3.026879542619785
362.2427497033211,3.0283347968637124
363.6569632640696,3.029805081658981
365.07117682477536,3.0312927346286656
366.485390385429,3.0328003320491854
367.89960394601985,3.034330721176491
369.31381750653554,3.0358870586593762
370.7280310669619,3.0374728564799276
372.14224462728237,3.0390920372842056
373.55645818747763,3.0407490015350707
374.97067174752476,3.04244870970092
376.38488530739664,3.0441967837787227
377.7990988670606,3.045999633981209
379.2133124264771,3.047864618613052
380.62752598559786,3.0498002483692273
382.041739544363,3.051816451072831
383.45595310269766,3.0539249201666188
384.87016666050664,3.056139581696868
386.2843802176671,3.0584772329345036
387.69859377401747,3.0609584364403233
389.11280732934085,3.0636088064497584
390.52702088333825,3.066460920511128
391.9412344355849,3.0695572726633342
393.35544798545385,3.0729550575705633
394.7696615319748,3.0767343969076872
396.1587982891596,3.0809324572404537
397.57301182261455,3.085885134714213
398.98722534301305,3.091851151622552
400.17464096910044,3.098129798502447
401.5888543922223,3.108756581260745
402.2959609978672,3.1177016424072432
402.54118544715664,3.123057843044137
402.6262291769534,3.1260472631950798
402.68521524363763,3.1299155181100105
402.6903292188105,3.1306738511866423
402.6938759736903,3.131635447943343
402.6941833628461,3.1318188269380354
402.6944018311201,3.1320461386166687
402.6944404444595,3.1321451709437573
402.6944470590403,3.1321851994354803
402.6944482422191,3.132192359505973
402.69444864040554,3.1322087240492764
402.6944465846235,3.132226662520089
402.6944451486409,3.1322391927065025
402.694442994667,3.1322579879862382
402.6944394253164,3.1322762192462923
402.6944341694521,3.132295550885494
402.6944264396235,3.1323182150580506
402.6944150868276,3.132344954923898
402.6943984453091,3.132376628818911
402.694374081767,3.132414385649895
402.6943384400586,3.132459598899688
402.69428632458306,3.132513902299924
402.69421014517167,3.1325792573768707
402.6940988138073,3.13265802799312
402.69393613290555,3.132753067791032
402.6936984408894,3.132867826058519
402.69335117282355,3.1330064763858956
402.6928438351896,3.133173439540118
402.69212174808746,3.13337120598709
402.69109402958287,3.1336055888189667
402.68963133764527,3.1338840970228
402.6875495921358,3.1342156736864712
402.6845868099722,3.1346110100083457
402.6803701366684,3.135082924054478
402.67436892559834,3.135646822329386
402.6658279603895,3.1363212667832796
402.6536724170223,3.1371286760682935
402.6363726058828,3.1380961984834728
402.6117514726468,3.1392568058056893
402.5767106335329,3.1406506731973503
402.5268404686716,3.14232693203168
402.4558652069841,3.1443459117542343
402.35485317097834,3.1467820258931485
402.21109279713903,3.149727508285642
402.0064929881407,3.1532972691648578
401.71530649411136,3.1576352130074072
401.30088982883683,3.162922423869142
400.71109198248683,3.1693876291876637
399.8716916375406,3.1773201694704825
398.6770570144467,3.1870850092626117
397.2628435995545,3.1972226543914766
395.8486301582006,3.206343563562663
394.434416699307,3.2147331693258345
393.02020322763616,3.222556738516359
391.60598974615704,3.229919779430764
390.1917762568441,3.2368942770488536
388.77756276108033,3.243531768860718
387.3633492598758,3.249870523573332
385.9491357539936,3.2559397768669585
384.53492224402646,3.2617623745382414
383.12070873044615,3.2673564973365625
381.7064952136353,3.272736828542692
380.29228169390996,3.2779153688632703
378.87806817153495,3.282902020122363
377.4638546467352,3.2877050128016903
376.04964111970384,3.292331225395442
374.63542759060863,3.2967864271473446
373.2212140595965,3.3010754654860825
371.80700052679725,3.3052024128826494
370.3927869923265,3.3091706835048784
368.97857345628785,3.3129831271126635
367.56435991877487,3.3166421056194086
366.1501463798726,3.3201495563299366
364.7359328396586,3.323507044855754
363.32171929820424,3.3267158099778924
361.9075057555755,3.3297768021881713
360.49329221183365,3.3326907172389455
359.0790786670358,3.3354580257279562
357.6648651212356,3.3380789995113487
356.2506515744837,3.3405537355583563
354.836438026828,3.342882177720561
353.42222447831404,3.3450641367759495
352.0080109289854,3.3470993090215995
350.593797378884,3.3489872936166654
349.17958382805006,3.350727608822587
347.7653702765225,3.3523197072429247
346.35115672433915,3.3537629901299932
344.9369431715367,3.355056820800112
343.52272961815106,3.356200537178544
342.1085160642172,3.357193463481747
340.69430250976944,3.358034921036022
339.28008895484146,3.3587242382257587
337.8658753994663,3.3592607595643553
336.4516618436764,3.3596438538815128
335.03744828750376,3.3598729216241603
333.62323473097985,3.3599474012744155
332.20902117413556,3.359866774892737
331.3023334321543,3.3597332646796603
329.8881198748609,3.3593970954450696
328.47390631731565,3.358904695519482
327.0596927595586,3.3582557368155235
325.6454792016183,3.3574499529011304
324.2312656435229,3.356487136102141
322.8170520853,3.3553671388215807
321.4028385269767,3.3540898734068785
319.9886249685795,3.3526553114773545
318.57441141013425,3.3510634827683594
317.16019785166645,3.3493144735471683
315.7459842932009,3.347408424655005
314.3317707347618,3.3453455292276137
312.9175571763729,3.34312603014348
311.5033436180573,3.3407502172454118
310.0891300598375,3.338218424376973
308.67491650173554,3.33553102627015
307.2607029437729,3.3326884353157333
305.8464893859706,3.3296910982424346
304.43227582834896,3.3265394927239478
303.0180622709281,3.3232341239281333
301.6038487137276,3.319775521014977
300.1896351567665,3.316164233583595
298.77542160006357,3.3124008280605786
297.36120804363736,3.3084858840150244
295.94699448750595,3.3044199903759455
294.53278093168734,3.300203741519117
293.1185673761993,3.2958377331793427
291.70435382105944,3.291322558132347
290.29014026628556,3.2866588015763436
288.8759267118953,3.2818470361273047
287.4617131579066,3.2768878163222483
286.04749960433764,3.271781672502223
284.63328605120705,3.266529103918025
283.21907249853393,3.2611305708680702
281.80485894633824,3.2555864856354066
280.3906453946408,3.249897201938808
278.9764318434637,3.244063002548436
277.5622182928303,3.2380840846347163
276.1480047427661,3.231960542316844
274.7337911932985,3.2256923457471
273.31957764445775,3.2192793159003212
271.9053640962774,3.212721094022809
270.491150548795,3.206017104416291
269.076937002053,3.1991665088649626
267.6627234560999,3.192168150527595
266.2485099109916,3.185020484463208
264.83429636679307,3.177721491070004
263.4200828235808,3.1702685674896895
262.0058692814455,3.162658390306567
260.59165574049575,3.1548867404055363
259.1774422008632,3.146948277257989
257.7632286627089,3.13883624453577
256.3490151262325,3.130542080737312
254.93480159168462,3.12205489558111
253.52058805938492,3.1133607519290023
252.10637452974785,3.104441657694912
250.6921610033221,3.0952741103557653
249.27794748085174,3.085826923146709
247.86373396337652,3.076057841581236
246.44952045240498,3.0659080009103246
245.03530695023457,3.0552922397597335
243.62109346059998,3.044080676931571
242.20687999015686,3.032059357219517
240.7926665525468,3.0188304409722737
239.37845318341203,3.003473745046496
237.96424005205,2.982223224355245
237.6106870538935,2.972535898789607
237.55090143519746,2.969575965047488
237.53016793351674,2.968045372468519
237.51578744225898,2.9663364271128003
237.51329402121993,2.9658081451276717
237.5115200593031,2.965148192017268
237.51121284363526,2.964846296106203
237.51118648296324,2.9647725231217685
237.5111819989991,2.9647483642337384
237.51117918292442,2.964716699470954
237.511179248164,2.964708698402028
237.5111794865651,2.96468486961398
237.5111840541322,2.964657040861428
237.51118771841857,2.9646402024979297
237.5111931666133,2.9646205888724553
237.51120121835277,2.96459776433141
237.51121306158737,2.9645709291713223
237.51123043694437,2.9645390922778745
237.51125588989422,2.9645011090202473
237.51129314005885,2.964455626149892
237.51134762183295,2.9644010256850843
237.51142727432205,2.964335367507605
237.51154369534416,2.964256322232682
237.51171382724783,2.9641610913218335
237.51196241959363,2.964046312428273
237.5123256279854,2.963908480412363
237.51284260502888,2.963745714051811
237.51357842546827,2.9635534972623194
237.5146257021427,2.963326039669939
237.51611624239038,2.9630565605863706
237.51823763470733,2.9627371145443124
237.5212568552408,2.9623584001598835
237.52555386458155,2.96190955301162
237.5316694227384,2.9613779261494235
237.54037313942337,2.9607488661953054
237.55276032322638,2.960005499303155
237.57038981736676,2.9591285506264757
237.59548016753922,2.9580962347514075
237.6311888079952,2.9568842748041635
237.68200939917577,2.955466137403907
237.75433731863285,2.953813613196956
237.85727446770886,2.951897933782901
238.00377467240475,2.9496917027956306
238.21227381789586,2.947172041629381
238.50900985597582,2.944325521494095
238.9313246396513,2.9411556883407117
239.53236309413765,2.937694300901307
240.38776107701904,2.934017801853387
241.60516354082606,2.930271012691488
243.01937700025093,2.9272431137754418
244.43359048369086,2.9251322989063664
245.84780398243825,2.923661420139392
247.2620174919156,2.9226677528977723
248.6762310092949,2.9220460323039026
250.09044453272114,2.9217234721542367
251.50465806091574,2.9216472236955067
252.91887159296152,2.921777449727474
254.3330851281787,2.9220832166751256
255.74729866604977,2.922539918564123
257.1615122061718,2.9231275877498213
258.575725748225,2.9238297456726197
259.9899392919516,2.9246325965674878
261.40415283714054,2.925524446790015
262.81836638361705,2.9264952771011314
264.2325799312349,2.9275364213824107
265.6467934798704,2.928640321106794
267.0610070294181,2.929800334819432
268.4752205797874,2.931010588279209
269.88943413089993,2.9322658551357033
271.3036476826875,2.933561460866785
272.71786123509025,2.934893204665664
274.13207478805566,2.9362572953427915
275.54628834153715,2.9376502982878043
276.9605018954934,2.9390690912467905
278.3747154498875,2.9405108271890477
279.78892900468645,2.9419729029239168
281.20314255986057,2.943452932417454
282.6173561153831,2.9449487239788
284.03156967122976,2.946458260654169
285.4457832273787,2.94797968329699
286.8599967838099,2.949511275883898
288.27421034050514,2.951051452726645
289.68842389744776,2.952598747293
291.1026374546225,2.9541518024001174
292.5168510120153,2.9557093615849057
293.93106456961334,2.9572702614880724
295.3452781274047,2.9588334251159156
296.75949168537835,2.9603978558651862
298.1737052435242,2.961962632214597
299.5879188018327,2.9635269030014513
301.0021323602951,2.965089883213939
302.41634591890323,2.966650850240481
303.83055947764956,2.968209140525457
305.24477303652685,2.9697641465888616
306.6589865955285,2.9713153143728155
308.0732001546483,2.9728621408837657
309.48741371388036,2.974404172103591
310.90162727321916,2.975941001146705
312.31584083265955,2.977472266643715
313.73005439219656,2.978997651335507
315.1442679518256,2.980516880863701
316.5584815115423,2.9820297227465726
317.97269507134246,2.9835359855310593
318.4021299001114,2.983992045425251
319.81634346001334,2.9854895077641057
321.230557019991,2.986980108161468
322.6447705800397,2.98846377852441
324.058984140156,2.9899405010186317
325.47319770033664,2.991410294318994
326.88741126057846,2.9928732165373813
328.3016248208784,2.994329365558274
329.7158383812334,2.995778879544268
331.1300519416407,2.997221937618977
332.5442655020974,2.9986587607366477
333.9584790626007,3.0000896127502465
335.3726926231479,3.0015148016922213
336.7869061837362,3.002934681284577
338.20111974436304,3.004349652698524
339.6153333050256,3.005760166587171
341.0295468657212,3.0071667254189274
342.4437604264471,3.00856988614401
343.85797398720047,3.0099702632321836
345.2721875479784,3.0113685321259664
346.68640110877794,3.0127654331614413
348.100614669596,3.0141617760180193
349.5148282304293,3.0155584447691437
350.9290417912745,3.0169564036187047
352.34325535212804,3.0183567034240966
353.7574689129859,3.01976048912531
355.1716824738441,3.0211690082227896
356.58589603469807,3.0225836204748306
358.0001095955429,3.0240058090203354
359.4143231563732,3.0254371931756454
360.8285367171831,3.026879543208359
362.24275027796597,3.0283347974579216
363.65696383871443,3.029805082259758
365.0711773994202,3.031292735237039
366.48539096007386,3.032800332666197
367.8996045206647,3.0343307218034163
369.3138180811804,3.035887059297485
370.7280316416067,3.037472857130794
372.1422452019272,3.0390920379494992
373.5564587621225,3.04074900221668
374.9706723221696,3.0424487104009943
376.3848858820415,3.04419678449971
377.79909944170544,3.0459996347258578
379.21331300112195,3.0478646193845798
380.6275265602427,3.0498002491714034
382.04174011900784,3.051816451909981
383.4559536773425,3.053924921043907
384.8701672351515,3.0561395826204802
386.28438079231194,3.058477233911974
387.6985943486623,3.0609584374809424
389.1128079039857,3.063608807565178
390.5270214579831,3.0664609217163923
391.9412350102297,3.069557273978205
393.3554485600987,3.0729550590223034
394.76966210661965,3.076734398535162
396.1587982737487,3.080932457191138
397.5730118072036,3.08588513465553
398.9872253276021,3.091851151550097
400.1746409536895,3.0981297984100067
401.58885437681135,3.1087565811095814
402.2959609824563,3.1177016421392914
402.5411854317457,3.1230578425968725
402.62622916154254,3.126047262511927
402.6852152282269,3.1299155162104157
402.6903292034001,3.1306738483274574
402.693875958283,3.131635440226053
402.6941833474432,3.131818815593833
402.69440181575715,3.132046111961744
402.6944404292684,3.132145105787724
402.6944470445445,3.1321850734522365
402.69444822796305,3.1321922233390866
402.69444869039944,3.132208723965645
402.69444822020847,3.1322279790537557
402.6944464138629,3.132231276166045
402.69444518027,3.132233527836193
402.6944434952622,3.1322601771817955
402.6944404759175,3.132273214526065
402.69443663860625,3.1322897837991763
402.6944307440502,3.1323063932406363
402.69442216746285,3.1323305600012863
402.6944091961383,3.1323571070156135
402.69439022337684,3.1323901717478253
402.69436245621233,3.132430122802802
402.69432184284364,3.132478075294375
402.6942624656681,3.1325357696699956
402.694175679055,3.1326053080795817
402.69404885313855,3.1326892071907686
402.6938635380938,3.132790506893751
402.69359278232184,3.1329128857987114
402.6931972148532,3.1330607980340135
402.69261932153944,3.1332389668456813
402.6917968196329,3.1334500496089515
402.690626190802,3.133700260978587
402.6889601088917,3.1339976280906754
402.6865888987624,3.1343517159119667
402.68321415052884,3.1347739649871613
402.6784111670796,3.135278099556136
402.6715755193644,3.135880625819264
402.6618469838635,3.1366014451961237
402.6480012903841,3.1374646143441614
402.628296057517,3.138499293365334
402.60025152797186,3.1397409367510893
402.560338511103,3.141232799522699
402.50353426270755,3.1430278552220954
402.4226904131506,3.1451912550000745
402.3076334026689,3.147803500246425
402.143884220891,3.1509645568638853
401.9108363401161,3.154799206975128
401.5791625499492,3.1594640061278234
401.107124364342,3.165156264933759
400.43531956967433,3.172125431578767
399.4792069351523,3.1806869334983525
398.11846738058927,3.191237501480266
396.7042539536225,3.2009270672198196
395.2900405046029,3.209733719715902
393.8758270402179,3.2178841504652054
392.46161356438563,3.225515468581196
391.04740007961567,3.2327177854177274
389.63318658761386,3.2395538707798583
388.2189730895963,3.246069369177761
386.80475958646383,3.252298584228508
385.39054607890495,3.258267973580155
383.97633256745985,3.263998371193387
382.5621190525619,3.2695064599085724
381.14790553456527,3.274805781007623
379.73369201376414,3.27990744642765
378.3194784904064,3.284820653625177
376.90526496470363,3.2895530657418073
375.4910514368383,3.2941110975979364
374.0768379069694,3.2985001344687435
372.6626243752367,3.3027247020137467
371.24841084176416,3.306788600152604
369.8341973066623,3.3106950099693426
368.4199837700306,3.314446580202373
367.00577023195916,3.3180454981276535
365.5915566925299,3.3214935484064814
364.17734315181775,3.324792162582631
362.76312960989196,3.327942461266083
361.3489160668165,3.3309452905626955
359.9347025226509,3.3338012539495363
358.52048897745095,3.336510740523047
357.10627543126895,3.339073950336883
355.69206188415444,3.341490917383243
354.2778483361544,3.34376153064286
352.8636347873136,3.345885553527499
351.4494212376748,3.3478626419582134
350.0352076872793,3.3496923612579597
348.62099413616676,3.351374201986584
347.2067805843757,3.3529075948055196
345.79256703194346,3.3542919244287694
344.37835347890643,3.3555265426927074
342.96413992530006,3.3566107807598375
341.54992637115913,3.3575439604605943
340.1357128165177,3.358325404768982
338.7214992614091,3.3589544474052735
337.30728570586626,3.359430441558298
335.8930721499214,3.3597527677228576
334.4788585936063,3.3599208406511556
333.06464503695213,3.3599341154237257
331.6504314799897,3.3597920926515226
331.30233336801086,3.359733268423737
329.88811981071757,3.359397095456812
328.47390625317234,3.358904695493601
327.05969269541527,3.358255736782542
325.645479137475,3.357449952861047
324.23126557937957,3.3564871360548967
322.8170520211567,3.355367138767236
321.4028384628334,3.3540898733453823
319.98862490443616,3.3526553114087134
318.57441134599094,3.3510634826926093
317.16019778752315,3.3493144734642737
315.74598422905757,3.3474084245649998
314.3317706706185,3.3453455291304905
312.9175571122296,3.3431260300392727
311.50334355391396,3.3407502171341292
310.0891299956942,3.3382184242586055
308.67491643759223,3.335531026144725
307.2607028796296,3.332688435183286
305.8464893218273,3.3296910981030043
304.43227576420566,3.3265394925775054
303.0180622067848,3.323234123774717
301.6038486495843,3.3197755208546362
300.1896350926232,3.3161642334163424
298.77542153592026,3.3124008278864396
297.36120797949405,3.308485883834022
295.94699442336264,3.3044199901881304
294.53278086754403,3.300203741324484
293.118567312056,3.295837732977938
291.70435375691613,3.291322557924179
290.29014020214225,3.2866588013614697
288.875926647752,3.2818470359057073
287.4617130937633,3.2768878160939847
286.04749954019434,3.2717816722673128
284.63328598706374,3.266529103676457
283.2190724343906,3.2611305706199145
281.80485888219494,3.255586485380645
280.3906453304975,3.2498972016774763
278.97643177932036,3.2440630022805537
277.562218228687,3.2380840843602443
276.1480046786228,3.2319605420358215
274.7337911291552,3.2256923454595183
273.31957758031444,3.2192793156061694
271.9053640321341,3.21272109372206
270.4911504846517,3.206017104108903
269.0769369379097,3.199166508550908
267.6627233919566,3.1921681502068164
266.24850984684826,3.1850204841355945
264.83429630264976,3.177721490735467
263.4200827594375,3.1702685671481055
262.0058692173022,3.162658389957777
260.59165567635245,3.1548867400492866
259.1774421367199,3.1469482768940398
257.7632285985656,3.138836244163785
256.34901506208917,3.130542080356838
254.9348015275413,3.1220548951915816
253.5205879952416,3.113360751529718
252.10637446560455,3.1044416572849367
250.6921609391788,3.0952741099338934
249.27794741670843,3.0858269227112847
247.8637338992332,3.076057841130044
246.44952038826167,3.0659080004401784
245.03530688609126,3.0552922392659565
243.62109339645667,3.044080676406784
242.20687992601356,3.032059356651021
240.79266648840348,3.018830440334604
239.37845311926876,3.003473744271976
237.96423998790675,2.98222322300698
237.61068698975038,2.972535896158763
237.55090137105452,2.9695759610095465
237.53016786937425,2.968045366724734
237.51578737811892,2.966336415676677
237.51329395708362,2.965808128369139
237.5115199951975,2.965148150562237
237.51121277971836,2.964846165677081
237.5111864198505,2.9647722527894427
237.51118193819883,2.9647479604432467
237.51117913868163,2.9647158078970843
237.51117916853426,2.964708698134052
237.51118031647596,2.964686355426047
237.51118243814557,2.9646668948479578
237.51118573092464,2.964648549558695
237.51119063895996,2.9646289485681203
237.51119789979126,2.9646065151882928
237.51120859435534,2.9645803711596166
237.51122429724046,2.964549595141339
237.5112473103568,2.964513071802248
237.51128099852195,2.9644694864019163
237.51133027834146,2.964417282440454
237.5114023327727,2.9643546019089975
237.51150765520222,2.964279218645025
237.51166157472568,2.964188461269578
237.51188648433038,2.9640791222862646
237.512215097192,2.9639478607298075
237.51268283799823,2.963792872588524
237.51334858552076,2.9636098515424676
237.51429613448323,2.96339327237935
237.5156447422948,2.9631366625421673
237.51756413639853,2.962832433354861
237.52029587309536,2.9624716943875313
237.52418373545348,2.9620440511256727
237.52971699563346,2.9615373887072383
237.53759198584302,2.9609376483612717
237.54879972612875,2.9602286087977268
237.56475063625572,2.959391693186186
237.5874520256589,2.9584058347175803
237.61976069714498,2.957247451929348
237.66574245248302,2.9558906114809065
237.73118374076267,2.954307494435866
237.82431983633887,2.95246933728385
237.9568711816835,2.95034809766154
238.145518310533,2.947919206150086
238.41400095851245,2.9451659215263097
238.79610551737684,2.942086022024318
239.33991677988735,2.938701855193953
240.11386902311904,2.935075144675942
241.21535791022285,2.9313284100384536
242.62957136025784,2.927969982881527
244.0437848382899,2.925641278834747
245.45799833337782,2.9240136461941244
246.87221184023545,2.9229007787607233
248.2864253556538,2.9221848857652115
249.7006388775604,2.9217858300485053
251.1148524045448,2.9216461267874942
252.5290659356053,2.921722850709896
253.94327947000582,2.9219829209603585
255.3574930071898,2.9224001856800097
256.77170654672636,2.9229535318942172
258.18592008827534,2.923625611744152
259.6001336315635,2.9244019559290284
261.0143471763682,2.92527033955994
262.4285607225055,2.9262203178006994
263.842774269822,2.9272428788476175
265.2569878181882,2.9283301799323582
266.67120136749406,2.9294753432957608
268.0854149176452,2.9306722962817133
269.4996284685601,2.9319156444253416
270.9138420201679,2.9332005695799994
272.32805557240664,2.9345227472995394
273.74226912522187,2.9358782792079934
275.15648267856545,2.9372636371632126
276.5706962323947,2.938675616795794
277.9849097866716,2.9401112985698514
279.3991233413621,2.941568014930543
280.8133368964356,2.9430433224164894
282.2275504518646,2.9445349778520047
283.64176400762426,2.94604091791485
285.05597756369195,2.9475592415156164
286.4701911200472,2.9490881945326595
287.8844046766714,2.9506261565325254
289.2986182335474,2.9521716291728843
290.7128317906596,2.953723226038697
292.12704534799366,2.9552796637056606
293.5412589055364,2.9568397538595885
294.9554724632756,2.9584023963284585
296.3696860212001,2.9599665729072764
297.78389957929943,2.961531341874624
299.198113137564,2.9630958331153345
300.61232669598485,2.964659243777021
302.02654025455365,2.9662208343987126
303.44075381326263,2.9677799254592134
304.8549673721045,2.969335894300321
306.2691809310725,2.970888172386573
307.68339449016037,2.9724362428688327
309.09760804936207,2.9739796384237476
310.511821608672,2.975517939345022
311.92603516808487,2.9770507718664567
313.34024872759574,2.978577806699504
314.7544622871999,2.9800987577707674
316.1686758468928,2.9816133811479046
317.5828894066704,2.983121474143787
318.40213002634357,2.983992045525827
319.8163435862455,2.985489508001648
321.2305571462232,2.986980108294207
322.64477070627186,2.9884637786565316
324.05898426638817,2.9899405011501257
325.4731978265688,2.9914102944498837
326.88741138681064,2.992873216667659
328.30162494711055,2.994329365687955
329.7158385074656,2.9957788796733658
331.1300520678729,2.997221937747507
332.5442656283296,2.998658760864611
333.9584791888329,3.000089612877708
335.37269274938006,3.001514801819201
336.7869063099684,3.002934681411095
338.2011198705952,3.0043496528246254
339.6153334312578,3.0057601667128826
341.0295469919534,3.00716672554429
342.4437605526793,3.0085698862691066
343.85797411343265,3.00997026335709
345.27218767421056,3.011368532250701
346.6864012350101,3.0127654332860994
348.10061479582816,3.0141617761426622
349.5148283566615,3.0155584448938497
350.9290419175067,3.016956403743571
352.3432554783602,3.0183567035491943
353.7574690392181,3.0197604892507957
355.1716826000763,3.021169008348771
356.58589616093025,3.02258362060138
358.00010972177506,3.024005809147657
359.4143232826054,3.0254371933038757
360.8285368434153,3.026879543337646
362.24275040419815,3.0283347975884616
363.6569639649466,3.029805082391741
365.0711775256524,3.0312927353706565
366.48539108630604,3.0328003328017523
367.8996046468969,3.0343307219411306
369.31381820741257,3.0358870594376985
370.7280317678389,3.0374728572737824
372.1422453281594,3.039092038095637
373.55645888835465,3.0407490023664145
374.9706724484018,3.0424487105547597
376.38488600827367,3.0441967846580873
377.7990995679376,3.0459996348894576
379.2133131273541,3.0478646195540735
380.6275266864749,3.049800249347595
382.04174024524,3.051816452093874
383.4559538035747,3.0539249212366304
384.87016736138366,3.0561395828233984
386.2843809185441,3.0584772341267032
387.6985944748945,3.0609584377095405
389.1128080302179,3.0636088078101986
390.5270215842153,3.0664609219811236
391.9412351364619,3.069557274267044
393.3554486863309,3.07295505934119
394.76966223285183,3.076734398892683
396.1587982735403,3.080932457190559
397.5730118069952,3.0858851346547733
398.98722532739373,3.091851151549099
400.1746409534811,3.098129798408789
401.58885437660297,3.1087565811075497
402.2959609822479,3.11770164213565
402.5411854315373,3.123057842590817
402.62622916133415,3.126047262502768
402.68521522801854,3.1299155161847505
402.6903292031917,3.130673848288502
402.6938759580746,3.1316354401241755
402.69418334723485,3.1318188154442055
402.6944018155494,3.132046111603025
402.6944404290629,3.1321451049265723
402.69444704434767,3.1321850718369793
402.6944482277692,3.1321922215975335
402.69444870223833,3.1322087239458436
402.69444889834057,3.132212332781888
402.69444843249426,3.1322235948915127
402.69444723060127,3.132216952625713
402.69444679044284,3.132214520088574
402.69444613020516,3.1322108712828283
402.6944460277016,3.13219505589944
402.69444469652103,3.1321711600958544
402.6944424962741,3.1321558502782647
402.69443957791754,3.1321355436907017
402.69443473230274,3.132122364624453
402.69442785923894,3.132103671317858
402.6944175496433,3.1320756313579845
402.69440194578715,3.1320467445406655
402.69437914043425,3.132010624333147
402.69434577561833,3.1319668355019665
402.6942969845955,3.131914344768961
402.69422566138036,3.1318512802244256
402.69412142408197,3.1317753588601565
402.6939691063878,3.131683866283378
402.6937465532235,3.131573539938979
402.69342140036525,3.131440450452332
402.6929463691099,3.1312804808356405
402.6922702610074,3.1310913933509843
402.69130798048633,3.130867852677463
402.68993842068005,3.130603004411207
402.68798922175847,3.1302887811424176
402.6852150810114,3.129915672340467
402.6812668834927,3.1294724628426382
402.6756477687305,3.1289459355658638
402.6676506048558,3.1283205352945953
402.65626900177256,3.1275779921601554
402.6400706650967,3.1266969061963983
402.61701715347766,3.125652298529978
402.58420735721745,3.1244151411099366
402.5375124170404,3.1229518862307324
402.47105614048627,3.121224030472612
402.37647553052295,3.119187766187408
402.24186836986905,3.116793798195045
402.0502954230049,3.1139874339646156
401.7776487700779,3.110709089839065
401.3896180197203,3.1068953859573636
400.8373726231353,3.102481008696203
400.1746401754632,3.098129797669092
399.0560680282176,3.0921768993231242
397.6418545070925,3.0861484869691465
396.227640972819,3.0811557918390413
396.1587983530979,3.080932457049798
394.74458481165465,3.0766634542865594
393.3303712649137,3.0728917660224884
391.91615771491604,3.069499939549235
390.5019441625877,3.066408363553847
389.08773060853514,3.0635601619794954
387.6735170531728,3.0609130512134
386.2593034967939,3.0584345989701553
384.845089939612,3.056099294927144
383.4308763817865,3.0538866530666473
382.0166628234389,3.0517799339016523
380.60244926466333,3.04976525592898
379.1882357055342,3.0478309606663236
377.7740221461109,3.045967148163916
376.3598085864413,3.0441653302589677
374.9455950265648,3.042418167086188
373.5313814665137,3.0407192636895477
372.1171679063152,3.0390630108209846
370.702954345992,3.037444458761622
369.28874078556333,3.035859216186959
367.8745272250457,3.0343033682785876
366.4603136644533,3.032773409806048
365.04610010379827,3.0312661899821367
363.63188654309135,3.0297788666704606
362.217672982342,3.028308868091843
360.8034594215584,3.0268538605948416
359.3892458607479,3.0254117213696174
357.97503229991713,3.023980515221465
356.560818739072,3.022558474701114
355.1466051782178,3.0211439830292495
353.7323916173595,3.019735559360923
352.31817805650155,3.0183318460207196
350.9039644956481,3.016931597407442
349.489750934803,3.0155336703198805
348.07553737396984,3.014137015499025
346.661323813152,3.012740670216204
345.2471102523528,3.011343751765005
343.83289669157523,3.0099454517376736
342.41868313082233,3.0085450309859256
341.00446957009694,3.0071418151811518
339.5902560094019,3.005735190902313
338.17604244873996,3.004324602190557
336.7618288881138,3.0029095475184975
335.34761532752617,3.001489577129805
333.9334017669797,3.0000642907115367
332.5191882064772,2.998633335366386
331.1049746460214,2.9971964038578562
329.690761085615,2.9957532331040677
328.2765475252609,2.994303602901276
326.86233396496203,2.992847334859193
325.4481204047213,2.991384291534872
324.0339068445418,2.989914375752968
322.61969328442666,2.9884375301033463
321.20547972437924,2.9869537366084287
319.79126616440294,2.985463016554948
318.4021301479083,2.9839920456154427
316.98791658808466,2.9824878096524117
315.5737030283422,2.980976949987035
314.1594894686861,2.9794596374294855
312.7452759091207,2.97793609472871
311.33106234965055,2.976406583426903
309.9168487902804,2.974871407636961
308.50263523101546,2.9733309151945626
307.08842167186106,2.971785499003027
305.67420811282295,2.970235598584343
304.2599945539073,2.9686817018511853
302.8457809951206,2.9671243471189777
301.43156743646983,2.9655641253794203
300.0173538779624,2.9640016828609435
298.60314031960644,2.9624377239063513
297.1889267614104,2.960873014202254
295.7747132033836,2.959308384401403
294.3604996455359,2.957744734185836
292.94628608787815,2.956183036826756
291.5320725304219,2.954624344307466
290.11785897317975,2.95306979308647
288.7036454161654,2.951520610592901
287.28943185939363,2.9499781225624933
285.87521830288074,2.948443761343616
284.46100474664445,2.9469190753273633
283.04679119070414,2.945405739686974
281.6325776350812,2.9439055686496167
280.2183640797991,2.9424205295707653
278.80415052488377,2.940952759140675
277.3899369703641,2.939504582126756
275.97572341627193,2.9380785331498096
274.561509862643,2.9366773821131384
273.14729630951723,2.935304164058814
271.73308275693955,2.9339622144281163
270.3188692049606,2.9326552109690267
268.9046556536379,2.931387223887099
267.4904421030371,2.9301627763096834
266.07622855323325,2.9289869177787344
264.66201500431316,2.927865314373604
263.24780145637754,2.92680436030621
261.8335879095443,2.9258113175890204
260.41937436395256,2.9248944929177814
259.00516081976804,2.9240634646508634
257.5909472771902,2.923329378391788
256.1767337364621,2.92270533834571
254.76252019788387,2.9222069353304256
253.3483066618321,2.921852974691838
251.9340931287882,2.9216665051780017
250.51987959938094,2.921676316371112
249.10566607445372,2.9219191951644543
247.69145255517446,2.9224434720516377
246.2772390432269,2.9233148916811245
244.86302554116705,2.9246269937961777
243.448812053153,2.926521136388719
242.03459858664192,2.929230062112559
240.62038515716006,2.9331914789816818
239.20617180681552,2.9394534698193024
237.79195877044737,2.953066323996216
237.61518233599878,2.957398848822108
237.55387646050582,2.9599446817061956
237.51135538075164,2.964393512726274
237.51124582030664,2.964514465738829
237.51120708471294,2.9645815767399153
237.51117937183113,2.9646900318500915
237.51117887871965,2.9647086971595105
237.51118152675184,2.9647451153768127
237.51118416782944,2.964761362487908
237.511187944948,2.964778228967913
237.51119354149859,2.9647980815258475
237.51120181003168,2.9648212744776625
237.51121397070838,2.9648485496172814
237.5112318098358,2.96488092321972
237.51125794021655,2.964919578303352
237.51129617994613,2.964965912330057
237.51135210725533,2.965021601847912
237.51143387136065,2.965088667073485
237.51155337700982,2.9651695477331526
237.511728014914,2.965267195504596
237.51198318960112,2.965385186848178
237.51235601344973,2.9655273211826154
237.51288667518284,2.9656957731363383
237.51364197163994,2.9658955647898644
237.51471696654568,2.966133198217376
237.51624695533727,2.966416447816882
237.51842449077176,2.966754650894895
237.52152361413115,2.9671590633193636
237.525934341104,2.967643299913794
237.53221174211214,2.9682238849336255
237.54114579344463,2.9689209458336077
237.5538607894007,2.9697590945673387
237.57195682565737,2.97076855598311
237.59771115840255,2.971986624142096
237.6343647786558,2.9734595569600257
237.68653026484378,2.975245060849924
237.7607722385866,2.977415574740185
237.8664334693736,2.9800626436802267
238.01681058673773,2.9833027855209417
238.23082735382206,2.9872854126639377
238.5354160703175,2.9922035914895644
238.968906785121,2.998308725168011
239.58585082378525,3.0059306493327824
240.46388563277515,3.01550512731268
241.713504825798,3.0276111996488453
243.12771828876117,3.0399936261344385
244.54193177354526,3.0514571164733693
245.9561452722499,3.062262843140264
247.37035878065967,3.072563788783084
248.78457229617743,3.0824579387492177
250.19878581710844,3.0920119233653813
251.61299934229353,3.101273008157663
253.02721287090927,3.1102757731476394
254.4414264023526,3.119046106417101
255.8556399361706,3.1276037277326396
257.269853472016,3.1359638556721037
258.68406700961754,3.1441383495760395
260.09828054876016,3.152136515521713
261.51249408927106,3.15996568951676
262.9267076310096,3.167631668388176
264.34092117385995,3.1751390337814125
265.75513471772587,3.1824913994307846
267.1693482625264,3.1896916022698085
268.58356180819294,3.1967418517412933
269.9977753546667,3.203643847542608
271.41198890189685,3.2103988732363082
272.82620244983895,3.217007871208667
274.2404159984539,3.2234715030795638
275.65462954770686,3.22979019867401
277.06884309756657,3.235964195939683
278.48305664800466,3.2419935736559986
279.8972701989951,3.2478782783764473
281.3114837505138,3.2536181467383987
282.7256973025382,3.259212924040112
284.13991085504716,3.264662279802181
285.55412440802047,3.269965820889073
286.9683379614387,3.2751231026547707
288.38255151528307,3.28013363848881
289.79676506953524,3.2849969080684915
291.2109786241773,3.289712364567181
292.6251921791914,3.294279441023055
294.0394057345599,3.2986975560363256
295.4536192902651,3.302966118932535
296.86783284628933,3.3070845345050444
298.28204640261464,3.3110522074292126
299.69625995922297,3.314868546423496
301.11047351609596,3.3185329682179145
302.524687073215,3.3220449013779327
303.938900630561,3.3254037900203044
305.35311418811466,3.3286090974481475
306.7673277458561,3.3316603097231843
308.181541303765,3.3345569391852425
309.5957548618206,3.3372985279213214
311.00996842000154,3.3398846511799705
312.4241819782861,3.3423149207192515
313.83839553665183,3.3445889880707647
315.2526090950759,3.3467065476963684
316.6668226535348,3.348667340007246
318.0810362120044,3.3504711542116965
319.49524977046013,3.352117830950681
320.9094633288768,3.353607264677958
322.3236768872287,3.354939405735748
323.7378904454895,3.356114262075567
325.15210400363225,3.3571319005696125
326.5663175616296,3.3579924478582965
327.98053111945364,3.3586960906776353
329.3947446770759,3.3592430756113774
330.8089582344674,3.35963370821437
331.3023334138853,3.359733267166485
332.71654697090787,3.3599135831935265
334.1307605276405,3.359938490079884
335.54497408404177,3.3598084706739106
336.95918764008053,3.3595240599471965
338.37340119572514,3.3590858337505245
339.7876147509434,3.3584944037678137
341.2018283057027,3.3577504107819736
342.61604185996976,3.3568545170559307
344.0302554137107,3.355807397827651
345.4444689668909,3.3546097319236643
346.8586825194751,3.3532621914974
348.27289607142717,3.351765430900284
349.68710962270995,3.3501200746899653
351.1013231732853,3.3483267047746073
352.5155367231138,3.3463858466810232
353.92975027215465,3.3442979549192415
355.34396382036533,3.34206339739291
356.75817736770165,3.3396824387772517
358.17239091411716,3.337155222747115
359.58660445956303,3.334481752890041
361.00081800398766,3.33166187207852
362.4150315473361,3.3286952399992993
363.8292450895499,3.32558130844142
365.24345863056607,3.3223192938239543
366.65767217031686,3.3189081462904544
368.07188570872876,3.315346514499887
369.4860992457215,3.3116327049883125
370.9003127812072,3.3077646346399834
372.31452631508887,3.303739774362032
373.7287398472587,3.299555081455842
375.1429533775962,3.295206917359834
376.55716690596574,3.2906909463002347
377.97138043221327,3.286002008783298
379.3855939561624,3.281133961558705
380.7998074776091,3.276079472316285
382.21402099631484,3.270829752342158
383.6282345119975,3.2653742026596984
385.0424480243185,3.2596999370887376
386.45666153286516,3.2537911260991583
387.87087503712496,3.247628072618405
389.2850885364479,3.241185874042235
390.699302029988,3.234432421074032
392.1135155166098,3.2273252848110725
393.52772899473035,3.2198066345537213
394.9419424620338,3.2117944181668854
396.3561559149109,3.203165787008654
397.770369347223,3.193722363764207
399.1845827470809,3.183104897786665
400.5987960858371,3.170520582685835
402.01300925087526,3.1531916574323584
402.36656242067323,3.1465187575409277
402.61178668233475,3.1392552807996617
402.65430845445195,3.1370896188162614
402.6838013538539,3.1347055308483918
402.6940291018122,3.1327007196797414
402.6942452030326,3.132550720571325
402.6943987233408,3.1323762593007993
402.6944259209252,3.132321877474468
402.6944455213233,3.1322518363547505
402.6944486707537,3.1322093907242743
402.69444846040733,3.132200838753388
402.69444672605886,3.1321932363034857
402.6944460577248,3.132190306686915
402.69444505522375,3.1321859122621643
402.6944438515078,3.1321617370210566
402.694441241302,3.1321484240818678
402.6944380711839,3.132132255399221
402.69443311377375,3.1321181883267903
402.6944259358135,3.1320978202548537
402.69441510897354,3.1320726911566488
402.6943992430898,3.1320424028138025
402.6943760149478,3.132006065305234
402.6943420336526,3.131962404013623
402.6942923451042,3.1319098516632016
402.69421971197266,3.1318465292837607
402.69411356180683,3.1317701755455896
402.6939584502639,3.1316780649320135
402.69373181617107,3.131566912552985
402.693400702115,3.131432760138634
402.6929169629015,3.13127145562624
402.6922284617222,3.1310807522638138
402.69124854344585,3.1308552680339976
402.6898538816349,3.1305880915515507
402.6878689575755,3.130271087193713
402.6850439728388,3.1298946635159313
402.68102341417483,3.129447510023582
402.67530131504816,3.128916297946722
402.6671575838415,3.128285341975841
402.6555673861466,3.1275362216760536
402.6390721776347,3.1266473641541284
402.6155961580354,3.1255935937860473
402.58218504843626,3.1243456613246274
402.5346343191366,3.1228697742131644
402.4669600835282,3.1211271635548905
402.3706460742681,3.1190737419644026
402.2335719397697,3.116659931414411
402.0384879957714,3.1138307710505506
401.76084449177216,3.110526449297449
401.365702223027,3.1066834340548724
400.80333571354254,3.1022363788174405
400.1746404700685,3.098129797894774
399.03556802775665,3.0920794878072675
397.6213545063194,3.086069816796508
396.2071409719116,3.081089117434347
396.1587994218904,3.0809324552616677
394.74458588044763,3.0766634573069505
393.3303723337067,3.0728917687175037
391.916158783709,3.0694999419908116
390.50194523138066,3.066408365792268
389.0877316773281,3.0635601640513865
387.6735181219658,3.060913053146644
386.2593045655869,3.0584346007863097
384.845091008405,3.0560992966433767
383.4308774505795,3.0538866546969063
382.01666389223186,3.051779935457433
380.6024503334563,3.049765257419861
379.1882367743272,3.04783096210038
377.7740232149039,3.045967149548068
376.3598096552343,3.0441653315991752
374.94559609535776,3.0424181683876
373.5313825353067,3.0407192649567207
372.1171689751082,3.039063012057849
370.702955414785,3.037444459971728
369.2887418543563,3.0358592173734484
367.8745282938387,3.034303369444217
366.46031473324626,3.0327734109533324
365.04610117259125,3.031266191113352
363.63188761188434,3.0297788677876607
362.21767405113496,3.028308869196852
360.80346049035137,3.0268538616893443
359.3892469295409,3.025411722455154
357.9750333687101,3.0239805162994386
356.56081980786496,3.022558475772774
355.14660624701077,3.0211439840957826
353.7323926861525,3.0197355604234075
352.31817912529453,3.0183318470801215
350.9039655644411,3.016931598464675
349.489752003596,3.015533671375756
348.0755384427628,3.014137016554315
346.661324881945,3.0127406712716147
345.2471113211458,3.011343752821141
343.8328977603682,3.0099454527951615
342.4186841996153,3.0085450320452725
341.0044706388899,3.007141816242841
339.59025707819484,3.005735191966809
338.1760435175329,3.004324603258247
336.76182995690675,3.002909548589734
335.3476163963191,3.0014895782049114
333.93340283577265,3.0000642917908102
332.51918927527015,2.9986333364500837
331.1049757148143,2.997196404946137
329.69076215440793,2.995753234197161
328.27654859405385,2.9943036039993194
326.86233503375496,2.9928473359623005
325.4481214735142,2.9913842926431586
324.0339079133347,2.9899143768664747
322.6196943532196,2.9884375312220994
321.20548079317217,2.986953737732424
319.79126723319587,2.9854630176841868
318.4021301208831,2.983992045586799
316.9879165610595,2.982487809623459
315.573703001317,2.9809769499581096
314.1594894416609,2.9794596374004314
312.74527588209554,2.9779360946995332
311.33106232262537,2.976406583397604
309.91684876325525,2.9748714076075795
308.5026352039903,2.9733309151650698
307.0884216448359,2.9717854989734453
305.6742080857978,2.970235598554682
304.2599945268821,2.968681701821448
302.8457809680954,2.9671243470891797
301.43156740944465,2.965564125349582
300.01735385093724,2.9640016828310696
298.60314029258126,2.9624377238764485
297.18892673438523,2.9608730141723516
295.77471317635843,2.959308384371525
294.36049961851074,2.957744734155961
292.94628606085297,2.9561830367969444
291.5320725033967,2.9546243442777187
290.11785894615457,2.953069793056824
288.7036453891402,2.9515206105633602
287.28943183236845,2.949978122533101
285.87521827585556,2.9484437613143815
284.46100471961927,2.9469190752983305
283.04679116367896,2.94540573965819
281.632577608056,2.9439055686211093
280.2183640527739,2.942420529542548
278.8041504978586,2.9409527591128004
277.3899369433389,2.939504582099274
275.97572338924675,2.9380785331228108
274.5615098356178,2.936677382086623
273.14729628249205,2.935304164032863
271.7330827299144,2.933962214402776
270.3188691779354,2.9326552109443997
268.90465562661274,2.931387223863264
267.4904420760119,2.930162776286738
266.07622852620807,2.928986917756764
264.662014977288,2.9278653143527267
263.24780142935236,2.926804360286572
261.8335878825191,2.9258113175707483
260.4193743369274,2.924894492901047
259.00516079274286,2.924063464635875
257.590947250165,2.92332937837876
256.1767337094369,2.92270533833494
254.7625201708587,2.9222069353222118
253.34830663480693,2.9218529746865975
251.934093101763,2.921666505176211
250.51987957235576,2.921676316373401
249.10566604742854,2.921919195171608
247.69145252814928,2.9224434720647285
246.27723901620172,2.923314891701618
244.86302551414187,2.924626993826253
243.44881202612783,2.926521136431748
242.03459855961674,2.929230062174382
240.62038513013488,2.933191479074187
239.20617177979034,2.939453469975806
237.7919587434222,2.9530663245112745
237.61518230897366,2.957398849726548
237.55387643348078,2.9599446831685867
237.51135535373209,2.964393536499447
237.51124579329584,2.9645145042022634
237.51120705782884,2.964581633733937
237.51117934689844,2.9646902830942734
237.51117887566565,2.964708697148807
237.5111823498425,2.964755516115047
237.511185266696,2.9647677215278936
237.51118904438536,2.964783529060905
237.5111948259372,2.9648020798854775
237.51120332431537,2.964824946384481
237.5112158181876,2.9648522164168174
237.51123414245865,2.9648847082776664
237.5112609795925,2.9649236168221345
237.51130025038432,2.964970356533219
237.51135768298673,2.9650266165633
237.5114416454341,2.9650944361505127
237.51156436202047,2.9651762821370906
237.51174369018858,2.9652751417428904
237.5120057175519,2.965394182793653
237.5123786937957,2.965535211901282
237.5129095723204,2.965702408944641
237.51366517566547,2.9659011826096555
237.51474060641888,2.96613798980538
237.5162712148776,2.966420571530355
237.51844963178453,2.966758239996617
237.5215500093507,2.9671622320884694
237.52596252109785,2.9676461484089303
237.53224246204795,2.968226502908802
237.54118012812165,2.968923416143498
237.55390026850435,2.9697614963099577
237.57200362625778,2.970770967584034
237.59776837892116,2.971989126572387
237.63443682877676,2.97346223730185
237.6866234204371,2.9752480164563258
237.76089543147566,2.9774189183073445
237.86659941133317,2.9800665096492196
238.01703736916832,2.9833073383747384
238.23114072440663,2.9872908578940267
238.53585267315967,2.9922101902995086
238.96951877210995,2.998316814381333
239.58671241749025,3.0059406684928693
240.46510246675712,3.015517655559318
241.71522723774098,3.0276270053561922
243.129440700739,3.040008077238395
244.5436541855436,3.0514706382552315
245.9578676842622,3.062275671832972
247.37208119268197,3.0725760705170555
248.7862947082072,3.0824697705112842
250.20050822914402,3.092023372756159
251.61472175433371,3.1012841239932314
253.02893528295323,3.110286591616267
254.4431488143997,3.1190566548800067
255.8573623482204,3.1276140271873776
257.27157588406806,3.1359739224137586
258.6857894216716,3.1441481963542497
260.10000296081597,3.1521461523688026
261.51421650132846,3.159975124353893
262.92843004306843,3.1676409074775704
264.3426435859201,3.175148082069247
265.7568571297872,3.182500260810642
267.17107067458886,3.18970027978754
268.5852842202564,3.19675034775587
269.9994977667311,3.203652163853487
271.4137113139621,3.210407011185184
272.82792486190505,3.2170158317611097
274.2421384105208,3.2234792868911053
275.6563519597745,3.2297978061438775
277.07056550963495,3.2359716272546106
278.4847790600737,3.242000828826362
279.8989926110648,3.24788535726602
281.3132061625841,3.253625049089089
282.72741971460914,3.259219649492611
284.14163326711866,3.2646688279133613
285.5558468200925,3.26997219114662
286.9700603735112,3.2751292944897537
288.3842739273561,3.280139651286437
289.7984874816088,3.2850027411775446
291.2127010362513,3.289718017308162
292.62691459126586,3.294284912695529
294.0411281466348,3.298702845925577
295.4553417023404,3.302971226315433
296.869555258365,3.30708945865575
298.28376881469063,3.3110569476242944
299.6979823712993,3.3148731019469095
301.11219592817264,3.318537338365744
302.52640948529194,3.3220490854629157
303.94062304263826,3.325407787376397
305.35483660019213,3.328612907434871
306.76905015793375,3.3316639317298984
308.1832637158428,3.3345603726354502
309.59747727389856,3.3373017722768474
311.0116908320797,3.33988770594509
312.42590439036434,3.342317785444668
313.8401179487302,3.344591662357673
315.25433150715435,3.3467090312000236
316.6685450656132,3.3486696324406977
318.0827586240828,3.350473255349079
319.49697218253857,3.3521197406302474
320.9111857409552,3.3536089828048397
322.325399299307,3.35494093228429
323.73961285756764,3.356115597091155
325.1538264157102,3.3571330441700087
326.5680399737074,3.3579934002343785
327.9822535315312,3.3586968520934315
