step,Re,rank,eig_real,eig_imag
1,300.0,1,0.061981281487398066,0.0
1,300.0,2,-0.01949801274494476,-0.09525540965352915
1,300.0,3,-0.01949801274494476,0.09525540965352915
1,300.0,4,-0.036858800178914075,0.0
1,300.0,5,-0.05296429339536009,-0.04233474981501228
1,300.0,6,-0.05296429339536009,0.04233474981501228
1,300.0,7,-0.06424379572207856,-0.12855313507435276
1,300.0,8,-0.06424379572207856,0.12855313507435276
1,300.0,9,-0.07330754964030244,-0.7137938935715538
1,300.0,10,-0.07330754964030244,0.7137938935715538
1,300.0,11,-0.07428135526045808,0.0
1,300.0,12,-0.0757910581352248,-0.5342634702862865
1,300.0,13,-0.0757910581352248,0.5342634702862865
1,300.0,14,-0.08553982795677684,-0.9123239510510811
1,300.0,15,-0.08553982795677684,0.9123239510510811
1,300.0,16,-0.09150357555277622,-0.5870420213973753
1,300.0,17,-0.09150357555277622,0.5870420213973753
1,300.0,18,-0.09198815967078819,-0.2085896246498649
1,300.0,19,-0.09198815967078819,0.2085896246498649
1,300.0,20,-0.09212248300929746,-0.2978535682786351
1,300.0,21,-0.09212248300929746,0.2978535682786351
1,300.0,22,-0.10902774288761505,-1.2645121453937376
1,300.0,23,-0.10902774288761505,1.2645121453937376
1,300.0,24,-0.11552746560661958,0.0
1,300.0,25,-0.1220313826075907,-0.040496012122275646
1,300.0,26,-0.1220313826075907,0.040496012122275646
1,300.0,27,-0.1281902752976783,-0.48000892908694903
1,300.0,28,-0.1281902752976783,0.48000892908694903
1,300.0,29,-0.13194948390286637,-0.32807589325246095
1,300.0,30,-0.13194948390286637,0.32807589325246095
1,300.0,31,-0.13787422297585916,-0.24446188368066926
1,300.0,32,-0.13787422297585916,0.24446188368066926
1,300.0,33,-0.13850868345561496,-0.14122997567222836
1,300.0,34,-0.13850868345561496,0.14122997567222836
1,300.0,35,-0.1403861791453846,0.0
1,300.0,36,-0.15023576118411267,-0.6656805172008713
1,300.0,37,-0.15023576118411267,0.6656805172008713
1,300.0,38,-0.15929237300710447,-0.5777057535542796
1,300.0,39,-0.15929237300710447,0.5777057535542796
1,300.0,40,-0.1627002491879047,0.0
2,299.0,1,0.06187064221829993,0.0
2,299.0,2,-0.020133908219039414,-0.09512225792816503
2,299.0,3,-0.020133908219039414,0.09512225792816503
2,299.0,4,-0.036951862570914734,0.0
2,299.0,5,-0.053639473361792145,-0.0422789220488804
2,299.0,6,-0.053639473361792145,0.0422789220488804
2,299.0,7,-0.06420167186395682,-0.12924516975607547
2,299.0,8,-0.06420167186395682,0.12924516975607547
2,299.0,9,-0.07301876320858243,0.0
2,299.0,10,-0.0741285346383212,-0.7143931078734914
2,299.0,11,-0.0741285346383212,0.7143931078734914
2,299.0,12,-0.07677142879054819,-0.5345144910062813
2,299.0,13,-0.07677142879054819,0.5345144910062813
2,299.0,14,-0.08630610336544953,-0.9122969253310619
2,299.0,15,-0.08630610336544953,0.9122969253310619
2,299.0,16,-0.0921273737259978,-0.5867606654018908
2,299.0,17,-0.0921273737259978,0.5867606654018908
2,299.0,18,-0.09273387119906146,-0.29739792019597727
2,299.0,19,-0.09273387119906146,0.29739792019597727
2,299.0,20,-0.09308534321530484,-0.20936662318600135
2,299.0,21,-0.09308534321530484,0.20936662318600135
2,299.0,22,-0.1096741194671993,-1.264125866583169
2,299.0,23,-0.1096741194671993,1.264125866583169
2,299.0,24,-0.11624182305117192,0.0
2,299.0,25,-0.12241156934933042,-0.040409858191054984
2,299.0,26,-0.12241156934933042,0.040409858191054984
2,299.0,27,-0.12844079050099255,-0.4795073977505013
2,299.0,28,-0.12844079050099255,0.4795073977505013
2,299.0,29,-0.131682542227206,-0.3281071824173098
2,299.0,30,-0.131682542227206,0.3281071824173098
2,299.0,31,-0.13837886669584837,-0.2441312676820734
2,299.0,32,-0.13837886669584837,0.2441312676820734
2,299.0,33,-0.13873590318024995,-0.14147592318638796
2,299.0,34,-0.13873590318024995,0.14147592318638796
2,299.0,35,-0.14103463811715847,0.0
2,299.0,36,-0.15078009388593944,-0.6654365006116199
2,299.0,37,-0.15078009388593944,0.6654365006116199
2,299.0,38,-0.1593174764737234,-0.5782806924589978
2,299.0,39,-0.1593174764737234,0.5782806924589978
2,299.0,40,-0.16311264948941367,0.0
3,298.0,1,0.06175713620589283,0.0
3,298.0,2,-0.020785990359967317,-0.09498681511369285
3,298.0,3,-0.020785990359967317,0.09498681511369285
3,298.0,4,-0.03704788166290083,0.0
3,298.0,5,-0.054348799878265186,-0.04224008393346738
3,298.0,6,-0.054348799878265186,0.04224008393346738
3,298.0,7,-0.06414662404274052,-0.12993983407309664
3,298.0,8,-0.06414662404274052,0.12993983407309664
3,298.0,9,-0.07167966928875892,0.0
3,298.0,10,-0.0749611810856654,-0.7150078454629485
3,298.0,11,-0.0749611810856654,0.7150078454629485
3,298.0,12,-0.07776112810102517,-0.5347642371145278
3,298.0,13,-0.07776112810102517,0.5347642371145278
3,298.0,14,-0.08707690617751483,-0.9122683713787336
3,298.0,15,-0.08707690617751483,0.9122683713787336
3,298.0,16,-0.09274856564825987,-0.5864758504492805
3,298.0,17,-0.09274856564825987,0.5864758504492805
3,298.0,18,-0.0933491685004954,-0.296919129064424
3,298.0,19,-0.0933491685004954,0.296919129064424
3,298.0,20,-0.09421037203331535,-0.21017273741869175
3,298.0,21,-0.09421037203331535,0.21017273741869175
3,298.0,22,-0.11032247837386311,-1.2637358448661826
3,298.0,23,-0.11032247837386311,1.2637358448661826
3,298.0,24,-0.11696696548070924,0.0
3,298.0,25,-0.12279328276106856,-0.040306497973407206
3,298.0,26,-0.12279328276106856,0.040306497973407206
3,298.0,27,-0.12868153409817928,-0.47901642032586117
3,298.0,28,-0.12868153409817928,0.47901642032586117
3,298.0,29,-0.1314554128616235,-0.3281594619367364
3,298.0,30,-0.1314554128616235,0.3281594619367364
3,298.0,31,-0.13887978753740093,-0.24378711036383605
3,298.0,32,-0.13887978753740093,0.24378711036383605
3,298.0,33,-0.13894125760183068,-0.1416998312811013
3,298.0,34,-0.13894125760183068,0.1416998312811013
3,298.0,35,-0.14170440982524468,0.0
3,298.0,36,-0.1513276768596708,-0.6651896689645557
3,298.0,37,-0.1513276768596708,0.6651896689645557
3,298.0,38,-0.15935513030164528,-0.5788424456119465
3,298.0,39,-0.15935513030164528,0.5788424456119465
3,298.0,40,-0.1635188924682947,0.0
4,297.0,1,0.061640649925988396,0.0
4,297.0,2,-0.02145453218577075,-0.094849075655827
4,297.0,3,-0.02145453218577075,0.094849075655827
4,297.0,4,-0.037147173702577654,0.0
4,297.0,5,-0.05509305863353701,-0.04222350005805669
4,297.0,6,-0.05509305863353701,0.04222350005805669
4,297.0,7,-0.06407899602275544,-0.13063746469104448
4,297.0,8,-0.06407899602275544,0.13063746469104448
4,297.0,9,-0.07026119017079498,0.0
4,297.0,10,-0.07580586115625376,-0.7156384999448999
4,297.0,11,-0.07580586115625376,0.7156384999448999
4,297.0,12,-0.07876040766394697,-0.5350124401406393
4,297.0,13,-0.07876040766394697,0.5350124401406393
4,297.0,14,-0.08785226027791393,-0.912238228199513
4,297.0,15,-0.08785226027791393,0.912238228199513
4,297.0,16,-0.09336676583204678,-0.5861879068078273
4,297.0,17,-0.09336676583204678,0.5861879068078273
4,297.0,18,-0.09396710777352354,-0.29641605804356036
4,297.0,19,-0.09396710777352354,0.29641605804356036
4,297.0,20,-0.09536377659535514,-0.21100992726015055
4,297.0,21,-0.09536377659535514,0.21100992726015055
4,297.0,22,-0.11097279860544572,-1.2633420803374795
4,297.0,23,-0.11097279860544572,1.2633420803374795
4,297.0,24,-0.11770483442043374,0.0
4,297.0,25,-0.12317682479621499,-0.040185632149967995
4,297.0,26,-0.12317682479621499,0.040185632149967995
4,297.0,27,-0.12891323553649553,-0.4785367169600704
4,297.0,28,-0.12891323553649553,0.4785367169600704
4,297.0,29,-0.1312645908477196,-0.3282315835406438
4,297.0,30,-0.1312645908477196,0.3282315835406438
4,297.0,31,-0.13912836036241366,-0.1419013333846754
4,297.0,32,-0.13912836036241366,0.1419013333846754
4,297.0,33,-0.1393762933049731,-0.24342829446688816
4,297.0,34,-0.1393762933049731,0.24342829446688816
4,297.0,35,-0.14239478095143077,0.0
4,297.0,36,-0.15187851771124022,-0.6649399137571141
4,297.0,37,-0.15187851771124022,0.6649399137571141
4,297.0,38,-0.15940677496717187,-0.5793924820073922
4,297.0,39,-0.15940677496717187,0.5793924820073922
4,297.0,40,-0.1639185794819726,0.0
5,296.0,1,0.061521067643060874,0.0
5,296.0,2,-0.02213979694577397,-0.09470904501879811
5,296.0,3,-0.02213979694577397,0.09470904501879811
5,296.0,4,-0.03725011901016261,0.0
5,296.0,5,-0.05587207113771621,-0.042235224221836606
5,296.0,6,-0.05587207113771621,0.042235224221836606
5,296.0,7,-0.06399915165894007,-0.13133841853788955
5,296.0,8,-0.06399915165894007,0.13133841853788955
5,296.0,9,-0.06876235444269725,0.0
5,296.0,10,-0.07666295765283115,-0.7162854725649694
5,296.0,11,-0.07666295765283115,0.7162854725649694
5,296.0,12,-0.07976952372917959,-0.5352587956826333
5,296.0,13,-0.07976952372917959,0.5352587956826333
5,296.0,14,-0.08863218856228275,-0.9122064298014098
5,296.0,15,-0.08863218856228275,0.9122064298014098
5,296.0,16,-0.09398158370098775,-0.5858972262184159
5,296.0,17,-0.09398158370098775,0.5858972262184159
5,296.0,18,-0.09458624535570179,-0.29588761151717374
5,296.0,19,-0.09458624535570179,0.29588761151717374
5,296.0,20,-0.09654607333215795,-0.21188028681069576
5,296.0,21,-0.09654607333215795,0.21188028681069576
5,296.0,22,-0.11162505766443603,-1.2629445748829546
5,296.0,23,-0.11162505766443603,1.2629445748829546
5,296.0,24,-0.1184574024583027,0.0
5,296.0,25,-0.12356243832209005,-0.040046997747460795
5,296.0,26,-0.12356243832209005,0.040046997747460795
5,296.0,27,-0.1291366718663437,-0.4780689291500931
5,296.0,28,-0.1291366718663437,0.4780689291500931
5,296.0,29,-0.13110733634032917,-0.32832273920321103
5,296.0,30,-0.13110733634032917,0.32832273920321103
5,296.0,31,-0.1393004579835629,-0.14208051658944684
5,296.0,32,-0.1393004579835629,0.14208051658944684
5,296.0,33,-0.13986767773130843,-0.24305362154891139
5,296.0,34,-0.13986767773130843,0.24305362154891139
5,296.0,35,-0.1431049894735021,0.0
5,296.0,36,-0.15243262489188414,-0.6646871210826877
5,296.0,37,-0.15243262489188414,0.6646871210826877
5,296.0,38,-0.15947361084134304,-0.5799321657439173
5,296.0,39,-0.15947361084134304,0.5799321657439173
5,296.0,40,-0.1643113393732766,0.0
6,295.0,1,0.06139827147312849,0.0
6,295.0,2,-0.022842036127038917,-0.09456674209473301
6,295.0,3,-0.022842036127038917,0.09456674209473301
6,295.0,4,-0.03735718069306966,0.0
6,295.0,5,-0.05668430998308607,-0.042281917813095815
6,295.0,6,-0.05668430998308607,0.042281917813095815
6,295.0,7,-0.06390747923602608,-0.1320430715328563
6,295.0,8,-0.06390747923602608,0.1320430715328563
6,295.0,9,-0.0671848489552275,0.0
6,295.0,10,-0.07753286427269625,-0.7169491721546081
6,295.0,11,-0.07753286427269625,0.7169491721546081
6,295.0,12,-0.08078873557341859,-0.5355029597930517
6,295.0,13,-0.08078873557341859,0.5355029597930517
6,295.0,14,-0.08941671282447841,-0.9121729048755797
6,295.0,15,-0.08941671282447841,0.9121729048755797
6,295.0,16,-0.09459262785709016,-0.5856042678523969
6,295.0,17,-0.09459262785709016,0.5856042678523969
6,295.0,18,-0.09520495145757861,-0.29533275631545486
6,295.0,19,-0.09520495145757861,0.29533275631545486
6,295.0,20,-0.09775775790725494,-0.2127860596630618
6,295.0,21,-0.09775775790725494,0.2127860596630618
6,295.0,22,-0.11227923155081304,-1.2625433322604305
6,295.0,23,-0.11227923155081304,1.2625433322604305
6,295.0,24,-0.11922669385767264,0.0
6,295.0,25,-0.12395029956060954,-0.039890368019952785
6,295.0,26,-0.12395029956060954,0.039890368019952785
6,295.0,27,-0.129352656779749,-0.47761361541638264
6,295.0,28,-0.129352656779749,0.47761361541638264
6,295.0,29,-0.13098152989921985,-0.32843234529832654
6,295.0,30,-0.13098152989921985,0.32843234529832654
6,295.0,31,-0.13946042264522274,-0.14223779286572855
6,295.0,32,-0.13946042264522274,0.14223779286572855
6,295.0,33,-0.14035323848764814,-0.2426617963147887
6,295.0,34,-0.14035323848764814,0.2426617963147887
6,295.0,35,-0.1438342001971109,0.0
6,295.0,36,-0.15299000784662656,-0.6644311715552492
6,295.0,37,-0.15299000784662656,0.6644311715552492
6,295.0,38,-0.15955664125810848,-0.5804627353335535
6,295.0,39,-0.15955664125810848,0.5804627353335535
6,295.0,40,-0.1646968476867858,0.0
7,294.0,1,0.0612721416079256,0.0
7,294.0,2,-0.023561487351359302,-0.09442220207509844
7,294.0,3,-0.023561487351359302,0.09442220207509844
7,294.0,4,-0.03746893055834075,0.0
7,294.0,5,-0.0575265312057508,-0.04237047516016904
7,294.0,6,-0.0575265312057508,0.04237047516016904
7,294.0,7,-0.06380439598680838,-0.13275181706466013
7,294.0,8,-0.06380439598680838,0.13275181706466013
7,294.0,9,-0.0655337257470623,0.0
7,294.0,10,-0.0784159857750468,-0.7176300144551238
7,294.0,11,-0.0784159857750468,0.7176300144551238
7,294.0,12,-0.08181830331340362,-0.5357445449493188
7,294.0,13,-0.08181830331340362,0.5357445449493188
7,294.0,14,-0.09020585363111702,-0.9121375765008486
7,294.0,15,-0.09020585363111702,0.9121375765008486
7,294.0,16,-0.09519951145742422,-0.5853095646704304
7,294.0,17,-0.09519951145742422,0.5853095646704304
7,294.0,18,-0.09582140181261173,-0.2947505454359784
7,294.0,19,-0.09582140181261173,0.2947505454359784
7,294.0,20,-0.09899929459960666,-0.2137296572718146
7,294.0,21,-0.09899929459960666,0.2137296572718146
7,294.0,22,-0.11293529475227923,-1.262138358261881
7,294.0,23,-0.11293529475227923,1.262138358261881
7,294.0,24,-0.12001480690067477,0.0
7,294.0,25,-0.12434051056238571,-0.03971555315960808
7,294.0,26,-0.12434051056238571,0.03971555315960808
7,294.0,27,-0.12956202943095924,-0.4771712488733628
7,294.0,28,-0.12956202943095924,0.4771712488733628
7,294.0,29,-0.13088556029934095,-0.3285599575517125
7,294.0,30,-0.13088556029934095,0.3285599575517125
7,294.0,31,-0.13961077171873595,-0.1423737956095208
7,294.0,32,-0.13961077171873595,0.1423737956095208
7,294.0,33,-0.14083230379706124,-0.24225140629693304
7,294.0,34,-0.14083230379706124,0.24225140629693304
7,294.0,35,-0.14458147062477897,0.0
7,294.0,36,-0.15355067727711946,-0.664171940291468
7,294.0,37,-0.15355067727711946,0.664171940291468
7,294.0,38,-0.15965670913221763,-0.5809852921418759
7,294.0,39,-0.15965670913221763,0.5809852921418759
7,294.0,40,-0.1650748529664221,0.0
8,293.0,1,0.0611425565935197,0.0
8,293.0,2,-0.024298372312581182,-0.09427547972044951
8,293.0,3,-0.024298372312581182,0.09427547972044951
8,293.0,4,-0.03758608576822316,0.0
8,293.0,5,-0.05839353375871914,-0.04250743740432083
8,293.0,6,-0.05839353375871914,0.04250743740432083
8,293.0,7,-0.06369035241295673,-0.13346506446883444
8,293.0,8,-0.06369035241295673,0.13346506446883444
8,293.0,9,-0.06381784531316204,0.0
8,293.0,10,-0.07931273811266888,-0.7183284212735176
8,293.0,11,-0.07931273811266888,0.7183284212735176
8,293.0,12,-0.08285848512857778,-0.5359831158006902
8,293.0,13,-0.08285848512857778,0.5359831158006902
8,293.0,14,-0.0909996301850002,-0.9121003618427714
8,293.0,15,-0.0909996301850002,0.9121003618427714
8,293.0,16,-0.09580185868808497,-0.5850137297994918
8,293.0,17,-0.09580185868808497,0.5850137297994918
8,293.0,18,-0.09643357082734469,-0.2941401438951885
8,293.0,19,-0.09643357082734469,0.2941401438951885
8,293.0,20,-0.10027109947457874,-0.21471368165709687
8,293.0,21,-0.10027109947457874,0.21471368165709687
8,293.0,22,-0.11359322024434282,-1.2617296608889104
8,293.0,23,-0.11359322024434282,1.2617296608889104
8,293.0,24,-0.12082393871350659,0.0
8,293.0,25,-0.1247330916539166,-0.03952240198955961
8,293.0,26,-0.1247330916539166,0.03952240198955961
8,293.0,27,-0.12976564338934254,-0.4767422165769781
8,293.0,28,-0.12976564338934254,0.4767422165769781
8,293.0,29,-0.13081823445182655,-0.3287052068652336
8,293.0,30,-0.13081823445182655,0.3287052068652336
8,293.0,31,-0.13975370204617893,-0.1424893014723016
8,293.0,32,-0.13975370204617893,0.1424893014723016
8,293.0,33,-0.14130427087608488,-0.24182089507731763
8,293.0,34,-0.14130427087608488,0.24182089507731763
8,293.0,35,-0.14534570452931111,0.0
8,293.0,36,-0.1541146454449588,-0.6639092969280826
8,293.0,37,-0.1541146454449588,0.6639092969280826
8,293.0,38,-0.15977452697327776,-0.5815007954493187
8,293.0,39,-0.15977452697327776,0.5815007954493187
8,293.0,40,-0.16544521244670385,0.0
9,292.0,1,0.061009393671817194,0.0
9,292.0,2,-0.025052894824719195,-0.09412665304028094
9,292.0,3,-0.025052894824719195,0.09412665304028094
9,292.0,4,-0.03770956197561702,0.0
9,292.0,5,-0.059278180053734315,-0.042698250030207816
9,292.0,6,-0.059278180053734315,0.042698250030207816
9,292.0,7,-0.0620497823371989,0.0
9,292.0,8,-0.06356583628534289,-0.1341832374133183
9,292.0,9,-0.06356583628534289,0.1341832374133183
9,292.0,10,-0.08022354851982887,-0.7190448194445853
9,292.0,11,-0.08022354851982887,0.7190448194445853
9,292.0,12,-0.08390953378834513,-0.5362181847474501
9,292.0,13,-0.08390953378834513,0.5362181847474501
9,292.0,14,-0.09179806017665113,-0.9120611718489408
9,292.0,15,-0.09179806017665113,0.9120611718489408
9,292.0,16,-0.09639931243771235,-0.5847174627776244
9,292.0,17,-0.09639931243771235,0.5847174627776244
9,292.0,18,-0.09703922602493438,-0.29350085659263214
9,292.0,19,-0.09703922602493438,0.29350085659263214
9,292.0,20,-0.10157351357422159,-0.2157409531407938
9,292.0,21,-0.10157351357422159,0.2157409531407938
9,292.0,22,-0.11425297950220815,-1.2613172505425456
9,292.0,23,-0.11425297950220815,1.2613172505425456
9,292.0,24,-0.12165641345791105,0.0
9,292.0,25,-0.12512797388331423,-0.03931080492192701
9,292.0,26,-0.12512797388331423,0.03931080492192701
9,292.0,27,-0.1299643560486336,-0.47632682052337966
9,292.0,28,-0.1299643560486336,0.47632682052337966
9,292.0,29,-0.13077870246165557,-0.3288677502652188
9,292.0,30,-0.13077870246165557,0.3288677502652188
9,292.0,31,-0.13989113019604638,-0.14258517457680628
9,292.0,32,-0.13989113019604638,0.14258517457680628
9,292.0,33,-0.14176866075995392,-0.24136852724291205
9,292.0,34,-0.14176866075995392,0.24136852724291205
9,292.0,35,-0.1461255893096811,0.0
9,292.0,36,-0.15468192651983032,-0.6636431056800416
9,292.0,37,-0.15468192651983032,0.6636431056800416
9,292.0,38,-0.15991070068472807,-0.5820100619430383
9,292.0,39,-0.15991070068472807,0.5820100619430383
9,292.0,40,-0.1658079403733737,0.0
10,291.0,1,0.06087252919453172,0.0
10,291.0,2,-0.025825239062855512,-0.09397582738265668
10,291.0,3,-0.025825239062855512,0.09397582738265668
10,291.0,4,-0.037840552568665406,0.0
10,291.0,5,-0.06017177717527337,-0.04294651471310337
10,291.0,6,-0.06017177717527337,0.04294651471310337
10,291.0,7,-0.06024498485378486,0.0
10,291.0,8,-0.06343137620560918,-0.13490677210486907
10,291.0,9,-0.06343137620560918,0.13490677210486907
10,291.0,10,-0.0811488555469212,-0.7197796395701378
10,291.0,11,-0.0811488555469212,0.7197796395701378
10,291.0,12,-0.08497169237111253,-0.536449207436882
10,291.0,13,-0.08497169237111253,0.536449207436882
10,291.0,14,-0.09260115962318383,-0.9120199109434022
10,291.0,15,-0.09260115962318383,0.9120199109434022
10,291.0,16,-0.0969915432607097,-0.5844215554803286
10,291.0,17,-0.0969915432607097,0.5844215554803286
10,291.0,18,-0.09763592332507914,-0.2928321582932728
10,291.0,19,-0.09763592332507914,0.2928321582932728
10,291.0,20,-0.1029067602837788,-0.21681454340010928
10,291.0,21,-0.1029067602837788,0.21681454340010928
10,291.0,22,-0.11491454252664318,-1.2609011402283274
10,291.0,23,-0.11491454252664318,1.2609011402283274
10,291.0,24,-0.12251471497748051,0.0
10,291.0,25,-0.125524991528647,-0.03908069850522371
10,291.0,26,-0.125524991528647,0.03908069850522371
10,291.0,27,-0.13015901876692165,-0.4759252801134005
10,291.0,28,-0.13015901876692165,0.4759252801134005
10,291.0,29,-0.13076639326504924,-0.3290472336456865
10,291.0,30,-0.13076639326504924,0.3290472336456865
10,291.0,31,-0.14002473292304848,-0.14266232902294199
10,291.0,32,-0.14002473292304848,0.14266232902294199
10,291.0,33,-0.14222519599327368,-0.24089234326714853
10,291.0,34,-0.14222519599327368,0.24089234326714853
10,291.0,35,-0.14691951181807014,0.0
10,291.0,36,-0.15525253697780086,-0.6633732254459523
10,291.0,37,-0.15525253697780086,0.6633732254459523
10,291.0,38,-0.16006574781021338,-0.5825137680838754
10,291.0,39,-0.16006574781021338,0.5825137680838754
10,291.0,40,-0.16616327327415625,0.0
11,290.0,1,0.06073183912045428,0.0
11,290.0,2,-0.026615568089067215,-0.09382313991772015
11,290.0,3,-0.026615568089067215,0.09382313991772015
11,290.0,4,-0.03798065088197358,0.0
11,290.0,5,-0.058420189757352685,0.0
11,290.0,6,-0.061064808789971226,-0.04325344925419231
11,290.0,7,-0.061064808789971226,0.04325344925419231
11,290.0,8,-0.06328754461703284,-0.13563611523881758
11,290.0,9,-0.06328754461703284,0.13563611523881758
11,290.0,10,-0.08208910903061535,-0.7205333145028262
11,290.0,11,-0.08208910903061535,0.7205333145028262
11,290.0,12,-0.08604518905853827,-0.5366755782975537
11,290.0,13,-0.08604518905853827,0.5366755782975537
11,290.0,14,-0.09340894269371397,-0.9119764767233016
11,290.0,15,-0.09340894269371397,0.9119764767233016
11,290.0,16,-0.09757825970067409,-0.5841268975030208
11,290.0,17,-0.09757825970067409,0.5841268975030208
11,290.0,18,-0.09822100248816537,-0.29213372624043116
11,290.0,19,-0.09822100248816537,0.29213372624043116
11,290.0,20,-0.1042708778774129,-0.21793781302801823
11,290.0,21,-0.1042708778774129,0.21793781302801823
11,290.0,22,-0.11557787788640034,-1.2604813457777748
11,290.0,23,-0.11557787788640034,1.2604813457777748
11,290.0,24,-0.12340152531096724,0.0
11,290.0,25,-0.12592387479133985,-0.03883207193272395
11,290.0,26,-0.12592387479133985,0.03883207193272395
11,290.0,27,-0.13035046795239547,-0.4755377358550924
11,290.0,28,-0.13035046795239547,0.4755377358550924
11,290.0,29,-0.13078095801529838,-0.32924326435870815
11,290.0,30,-0.13078095801529838,0.32924326435870815
11,290.0,31,-0.1401559844309607,-0.1427217054542006
11,290.0,32,-0.1401559844309607,0.1427217054542006
11,290.0,33,-0.14267391054029782,-0.2403901031041037
11,290.0,34,-0.14267391054029782,0.2403901031041037
11,290.0,35,-0.14772544552519545,0.0
11,290.0,36,-0.15582649605532017,-0.663099509967694
11,290.0,37,-0.15582649605532017,0.663099509967694
11,290.0,38,-0.1602401109900588,-0.5830124542906389
11,290.0,39,-0.1602401109900588,0.5830124542906389
11,290.0,40,-0.16651175788155023,0.0
12,289.0,1,0.060587199608216735,0.0
12,289.0,2,-0.027424022762724674,-0.09366876448075641
12,289.0,3,-0.027424022762724674,0.09366876448075641
12,289.0,4,-0.03813204640499949,0.0
12,289.0,5,-0.05659137279248864,0.0
12,289.0,6,-0.06194786308512594,-0.043617737999201794
12,289.0,7,-0.06194786308512594,0.043617737999201794
12,289.0,8,-0.0631349601626813,-0.13637172162980485
12,289.0,9,-0.0631349601626813,0.13637172162980485
12,289.0,10,-0.08304476998639798,-0.7213062775372059
12,289.0,11,-0.08304476998639798,0.7213062775372059
12,289.0,12,-0.08713023089152735,-0.5368966262784841
12,289.0,13,-0.08713023089152735,0.5368966262784841
12,289.0,14,-0.09422142152052146,-0.911930759661837
12,289.0,15,-0.09422142152052146,0.911930759661837
12,289.0,16,-0.09815922001548467,-0.5838344807313753
12,289.0,17,-0.09815922001548467,0.5838344807313753
12,289.0,18,-0.09879158194938154,-0.291405476534835
12,289.0,19,-0.09879158194938154,0.291405476534835
12,289.0,20,-0.10566561351477805,-0.21911445027923182
12,289.0,21,-0.10566561351477805,0.21911445027923182
12,289.0,22,-0.11624295278006291,-1.2600578860875278
12,289.0,23,-0.11624295278006291,1.2600578860875278
12,289.0,24,-0.12431977098491442,0.0
12,289.0,25,-0.12632424288099015,-0.03856497593581683
12,289.0,26,-0.12632424288099015,0.03856497593581683
12,289.0,27,-0.1305395172464414,-0.4751642540526704
12,289.0,28,-0.1305395172464414,0.4751642540526704
12,289.0,29,-0.1308222196270581,-0.32945539242938193
12,289.0,30,-0.1308222196270581,0.32945539242938193
12,289.0,31,-0.14028618873514653,-0.1427642578718881
12,289.0,32,-0.14028618873514653,0.1427642578718881
12,289.0,33,-0.14311530553868662,-0.23985921920309683
12,289.0,34,-0.14311530553868662,0.23985921920309683
12,289.0,35,-0.14854079957692776,0.0
12,289.0,36,-0.1564038262655365,-0.6628218080518443
12,289.0,37,-0.1564038262655365,0.6628218080518443
12,289.0,38,-0.1604341673949958,-0.5835065302511373
12,289.0,39,-0.1604341673949958,0.5835065302511373
12,289.0,40,-0.16685436907517653,0.0
13,288.0,1,0.060438487718272337,0.0
13,288.0,2,-0.028250721137365393,-0.09351291671966919
13,288.0,3,-0.028250721137365393,0.09351291671966919
13,288.0,4,-0.038297855701732615,0.0
13,288.0,5,-0.054771663912716664,0.0
13,288.0,6,-0.06281251085588627,-0.044035821500030645
13,288.0,7,-0.06281251085588627,0.044035821500030645
13,288.0,8,-0.06297428930216493,-0.1371140514822178
13,288.0,9,-0.06297428930216493,0.1371140514822178
13,288.0,10,-0.08401631040808458,-0.7220989602664825
13,288.0,11,-0.08401631040808458,0.7220989602664825
13,288.0,12,-0.08822699638843985,-0.5371116110140941
13,288.0,13,-0.08822699638843985,0.5371116110140941
13,288.0,14,-0.09503860599531949,-0.9118826428225906
13,288.0,15,-0.09503860599531949,0.9118826428225906
13,288.0,16,-0.09873424530471214,-0.5835454027864888
13,288.0,17,-0.09873424530471214,0.5835454027864888
13,288.0,18,-0.0993445523863213,-0.2906476062661971
13,288.0,19,-0.0993445523863213,0.2906476062661971
13,288.0,20,-0.10709025807739403,-0.22034850230317832
13,288.0,21,-0.10709025807739403,0.22034850230317832
13,288.0,22,-0.11690973312065302,-1.2596307833770777
13,288.0,23,-0.11690973312065302,1.2596307833770777
13,288.0,24,-0.12527267977409465,0.0
13,288.0,25,-0.12672559781556775,-0.03827953453978771
13,288.0,26,-0.12672559781556775,0.03827953453978771
13,288.0,27,-0.13072695089345157,-0.4748048322231468
13,288.0,28,-0.13072695089345157,0.4748048322231468
13,288.0,29,-0.13089012775738143,-0.32968309947258506
13,288.0,30,-0.13089012775738143,0.32968309947258506
13,288.0,31,-0.14041650654609428,-0.14279094751722957
13,288.0,32,-0.14041650654609428,0.14279094751722957
13,288.0,33,-0.1435505707051934,-0.23929668436063262
13,288.0,34,-0.1435505707051934,0.23929668436063262
13,288.0,35,-0.1493622175192161,0.0
13,288.0,36,-0.15698455398416233,-0.6625399638614601
13,288.0,37,-0.15698455398416233,0.6625399638614601
13,288.0,38,-0.16064823486107163,-0.5839962809293827
13,288.0,39,-0.16064823486107163,0.5839962809293827
13,288.0,40,-0.16719266701493818,0.0
14,287.0,1,0.06028558223941031,0.0
14,287.0,2,-0.02909575844321933,-0.09335585946991287
14,287.0,3,-0.02909575844321933,0.09335585946991287
14,287.0,4,-0.038482716223243084,0.0
14,287.0,5,-0.052969536100815506,0.0
14,287.0,6,-0.06280624711660229,-0.13786356728393603
14,287.0,7,-0.06280624711660229,0.13786356728393603
14,287.0,8,-0.06365191552656682,-0.04450251214274218
14,287.0,9,-0.06365191552656682,0.04450251214274218
14,287.0,10,-0.08500421295619331,-0.7229117900581253
14,287.0,11,-0.08500421295619331,0.7229117900581253
14,287.0,12,-0.08933562695490212,-0.5373197196975911
14,287.0,13,-0.08933562695490212,0.5373197196975911
14,287.0,14,-0.09586050354995729,-0.9118320015912845
14,287.0,15,-0.09586050354995729,0.9118320015912845
14,287.0,16,-0.09930323398454605,-0.5832608689857828
14,287.0,17,-0.09930323398454605,0.5832608689857828
14,287.0,18,-0.09987656883576271,-0.28986064445195986
14,287.0,19,-0.09987656883576271,0.28986064445195986
14,287.0,20,-0.108543391876641,-0.22164437909146198
14,287.0,21,-0.108543391876641,0.22164437909146198
14,287.0,22,-0.11757818364674771,-1.259200063466556
14,287.0,23,-0.11757818364674771,1.259200063466556
14,287.0,24,-0.12626385184766636,0.0
14,287.0,25,-0.12712731942147418,-0.03797596020724612
14,287.0,26,-0.12712731942147418,0.03797596020724612
14,287.0,27,-0.13091351832966114,-0.47445940498965095
14,287.0,28,-0.13091351832966114,0.47445940498965095
14,287.0,29,-0.1309847190588334,-0.32992579442167114
14,287.0,30,-0.1309847190588334,0.32992579442167114
14,287.0,31,-0.14054797679034228,-0.14280274130268
14,287.0,32,-0.14054797679034228,0.14280274130268
14,287.0,33,-0.1439818995484129,-0.2386990101727653
14,287.0,34,-0.1439818995484129,0.2386990101727653
14,287.0,35,-0.15018531048616124,0.0
14,287.0,36,-0.157568710113338,-0.6622538172870079
14,287.0,37,-0.157568710113338,0.6622538172870079
14,287.0,38,-0.16088257538738376,-0.584481873010795
14,287.0,39,-0.16088257538738376,0.584481873010795
14,287.0,40,-0.16752900412625626,0.0
15,286.0,1,0.060128364656944676,0.0
15,286.0,2,-0.029959207744057297,-0.09319790825856096
15,286.0,3,-0.029959207744057297,0.09319790825856096
15,286.0,4,-0.03869394146237432,0.0
15,286.0,5,-0.05118715609995818,0.0
15,286.0,6,-0.06263159725478615,-0.13862073033458278
15,286.0,7,-0.06263159725478615,0.13862073033458278
15,286.0,8,-0.06446108158260908,-0.04501173016258256
15,286.0,9,-0.06446108158260908,0.04501173016258256
15,286.0,10,-0.08600897051384156,-0.7237451870954968
15,286.0,11,-0.08600897051384156,0.7237451870954968
15,286.0,12,-0.09045621706418985,-0.5375200650126778
15,286.0,13,-0.09045621706418985,0.5375200650126778
15,286.0,14,-0.09668711892112797,-0.9117787034324591
15,286.0,15,-0.09668711892112797,0.9117787034324591
15,286.0,16,-0.09986617748199904,-0.5829821924165782
15,286.0,17,-0.09986617748199904,0.5829821924165782
15,286.0,18,-0.10038404217723564,-0.2890455160769065
15,286.0,19,-0.10038404217723564,0.2890455160769065
15,286.0,20,-0.1100225004959732,-0.22300678832695556
15,286.0,21,-0.1100225004959732,0.22300678832695556
15,286.0,22,-0.1182482680644134,-1.2587657560756005
15,286.0,23,-0.1182482680644134,1.2587657560756005
15,286.0,24,-0.12729735121701316,0.0
15,286.0,25,-0.12752866223309647,-0.03765457292319552
15,286.0,26,-0.12752866223309647,0.03765457292319552
15,286.0,27,-0.13109992997468273,-0.4741278502198588
15,286.0,28,-0.13109992997468273,0.4741278502198588
15,286.0,29,-0.1311060828293506,-0.3301828150689568
15,286.0,30,-0.1311060828293506,0.3301828150689568
15,286.0,31,-0.14068153328120486,-0.1428006128744482
15,286.0,32,-0.14068153328120486,0.1428006128744482
15,286.0,33,-0.14441293588102083,-0.2380622131391739
15,286.0,34,-0.14441293588102083,0.2380622131391739
15,286.0,35,-0.15100430719897984,0.0
15,286.0,36,-0.15815633083291192,-0.6619632044063831
15,286.0,37,-0.15815633083291192,0.6619632044063831
15,286.0,38,-0.16113739659031528,-0.5849633616346449
15,286.0,39,-0.16113739659031528,0.5849633616346449
15,286.0,40,-0.16786679269470928,0.0
16,285.0,1,0.05996672028136341,0.0
16,285.0,2,-0.03084112133841594,-0.0930394368206693
16,285.0,3,-0.03084112133841594,0.0930394368206693
16,285.0,4,-0.038944030148373825,0.0
16,285.0,5,-0.04941802021751795,0.0
16,285.0,6,-0.06245115100198166,-0.1393859969473975
16,285.0,7,-0.06245115100198166,0.1393859969473975
16,285.0,8,-0.06523678341226433,-0.045557169522887006
16,285.0,9,-0.06523678341226433,0.045557169522887006
16,285.0,10,-0.08703108558532002,-0.7245995609272979
16,285.0,11,-0.08703108558532002,0.7245995609272979
16,285.0,12,-0.0915888032632429,-0.5377116845410999
16,285.0,13,-0.0915888032632429,0.5377116845410999
16,285.0,14,-0.0975184538987196,-0.9117226076800775
16,285.0,15,-0.0975184538987196,0.9117226076800775
16,285.0,16,-0.10042317692485483,-0.5827107916811209
16,285.0,17,-0.10042317692485483,0.5827107916811209
16,285.0,18,-0.10086313256670275,-0.288203624832342
16,285.0,19,-0.10086313256670275,0.288203624832342
16,285.0,20,-0.11152341353753464,-0.2244405174035803
16,285.0,21,-0.11152341353753464,0.2244405174035803
16,285.0,22,-0.11891994922476878,-1.258327895144541
16,285.0,23,-0.11891994922476878,1.258327895144541
16,285.0,24,-0.1279287552731223,-0.03731582376432098
16,285.0,25,-0.1279287552731223,0.03731582376432098
16,285.0,26,-0.12837782675539752,0.0
16,285.0,27,-0.13125433225061642,-0.33045343426358087
16,285.0,28,-0.13125433225061642,0.33045343426358087
16,285.0,29,-0.13128685417050812,-0.4738099952053309
16,285.0,30,-0.13128685417050812,0.4738099952053309
16,285.0,31,-0.1408180172509117,-0.14278554489668605
16,285.0,32,-0.1408180172509117,0.14278554489668605
16,285.0,33,-0.14484939359188542,-0.23738192668617422
16,285.0,34,-0.14484939359188542,0.23738192668617422
16,285.0,35,-0.15181160284507417,0.0
16,285.0,36,-0.15874745844992394,-0.661667958044235
16,285.0,37,-0.15874745844992394,0.661667958044235
16,285.0,38,-0.16141285164197317,-0.5854406973211422
16,285.0,39,-0.16141285164197317,0.5854406973211422
16,285.0,40,-0.16821084028586702,0.0
17,284.0,1,0.059800538862301335,0.0
17,284.0,2,-0.03174153352243733,-0.0928808824111725
17,284.0,3,-0.03174153352243733,0.0928808824111725
17,284.0,4,-0.039257074970540755,0.0
17,284.0,5,-0.047641091963438506,0.0
17,284.0,6,-0.06226576469952618,-0.14015981568298752
17,284.0,7,-0.06226576469952618,0.14015981568298752
17,284.0,8,-0.06597729239142619,-0.046132786349287094
17,284.0,9,-0.06597729239142619,0.046132786349287094
17,284.0,10,-0.0880710701420229,-0.7254753082358424
17,284.0,11,-0.0880710701420229,0.7254753082358424
17,284.0,12,-0.09273335249409424,-0.5378935427105911
17,284.0,13,-0.09273335249409424,0.5378935427105911
17,284.0,14,-0.09835450713036072,-0.9116635653896298
17,284.0,15,-0.09835450713036072,0.9116635653896298
17,284.0,16,-0.10097445970523172,-0.5824481851033453
17,284.0,17,-0.10097445970523172,0.5824481851033453
17,284.0,18,-0.10130975121308333,-0.2873369596523446
17,284.0,19,-0.10130975121308333,0.2873369596523446
17,284.0,20,-0.11303953536135862,-0.22594990778931065
17,284.0,21,-0.11303953536135862,0.22594990778931065
17,284.0,22,-0.11959318938687624,-1.2578865190735893
17,284.0,23,-0.11959318938687624,1.2578865190735893
17,284.0,24,-0.12832660585345645,-0.03696032275826598
17,284.0,25,-0.12832660585345645,0.03696032275826598
17,284.0,26,-0.12951067855694762,0.0
17,284.0,27,-0.13142958131978236,-0.33073686996402063
17,284.0,28,-0.13142958131978236,0.33073686996402063
17,284.0,29,-0.13147491507597536,-0.473505622753697
17,284.0,30,-0.13147491507597536,0.473505622753697
17,284.0,31,-0.14095818644621394,-0.1427585309951979
17,284.0,32,-0.14095818644621394,0.1427585309951979
17,284.0,33,-0.14529987280116818,-0.23665378905845647
17,284.0,34,-0.14529987280116818,0.23665378905845647
17,284.0,35,-0.15259719432504165,0.0
17,284.0,36,-0.15934214198241486,-0.6613679083483361
17,284.0,37,-0.15934214198241486,0.6613679083483361
17,284.0,38,-0.16170903870287914,-0.5859137341384434
17,284.0,39,-0.16170903870287914,0.5859137341384434
17,284.0,40,-0.16856774830952712,0.0
18,283.0,1,0.059629718823288096,0.0
18,283.0,2,-0.032660461334681895,-0.09272275130556545
18,283.0,3,-0.032660461334681895,0.09272275130556545
18,283.0,4,-0.039690169200528855,0.0
18,283.0,5,-0.04580011009921765,0.0
18,283.0,6,-0.06207634022603012,-0.14094261803403646
18,283.0,7,-0.06207634022603012,0.14094261803403646
18,283.0,8,-0.06668202444387208,-0.04673308716112587
18,283.0,9,-0.06668202444387208,0.04673308716112587
18,283.0,10,-0.08912944214384899,-0.7263728012664085
18,283.0,11,-0.08912944214384899,0.7263728012664085
18,283.0,12,-0.09388974811225918,-0.5380645323018024
18,283.0,13,-0.09388974811225918,0.5380645323018024
18,283.0,14,-0.09919527355378595,-0.9116014191541746
18,283.0,15,-0.09919527355378595,0.9116014191541746
18,283.0,16,-0.10152040002057842,-0.5821959853527882
18,283.0,17,-0.10152040002057842,0.5821959853527882
18,283.0,18,-0.10171957453457432,-0.2864482420782027
18,283.0,19,-0.10171957453457432,0.2864482420782027
18,283.0,20,-0.11456092002927791,-0.22753774215492714
18,283.0,21,-0.11456092002927791,0.22753774215492714
18,283.0,22,-0.12026795030784462,-1.2574416715002075
18,283.0,23,-0.12026795030784462,1.2574416715002075
18,283.0,24,-0.12872111036214712,-0.03658887512362172
18,283.0,25,-0.12872111036214712,0.03658887512362172
18,283.0,26,-0.1307022914020169,0.0
18,283.0,27,-0.13163192729316053,-0.33103229505361503
18,283.0,28,-0.13163192729316053,0.33103229505361503
18,283.0,29,-0.1316646920528738,-0.4732144767928438
18,283.0,30,-0.1316646920528738,0.4732144767928438
18,283.0,31,-0.1411027220651454,-0.14272058005136892
18,283.0,32,-0.1411027220651454,0.14272058005136892
18,283.0,33,-0.14577680578402824,-0.2358743745114412
18,283.0,34,-0.14577680578402824,0.2358743745114412
18,283.0,35,-0.1533479995614898,0.0
18,283.0,36,-0.159940439710828,-0.6610628839417722
18,283.0,37,-0.159940439710828,0.6610628839417722
18,283.0,38,-0.16202599703760356,-0.58638223241588
18,283.0,39,-0.16202599703760356,0.58638223241588
18,283.0,40,-0.1689463478154701,0.0
19,282.0,1,0.05945416501269224,0.0
19,282.0,2,-0.03359791154516294,-0.09256562303119552
19,282.0,3,-0.03359791154516294,0.09256562303119552
19,282.0,4,-0.04046432048226954,0.0
19,282.0,5,-0.04367335088479969,0.0
19,282.0,6,-0.061883817150390236,-0.14173482156163814
19,282.0,7,-0.061883817150390236,0.14173482156163814
19,282.0,8,-0.06735119731247657,-0.0473532557812962
19,282.0,9,-0.06735119731247657,0.0473532557812962
19,282.0,10,-0.09020672788150119,-0.7272923926345753
19,282.0,11,-0.09020672788150119,0.7272923926345753
19,282.0,12,-0.09505777879634665,-0.5382234847165271
19,282.0,13,-0.09505777879634665,0.5382234847165271
19,282.0,14,-0.10004074451358966,-0.9115360032010955
19,282.0,15,-0.10004074451358966,0.9115360032010955
19,282.0,16,-0.10206153143288137,-0.5819558830952459
19,282.0,17,-0.10206153143288137,0.5819558830952459
19,282.0,18,-0.10208810110209304,-0.2855410969740047
19,282.0,19,-0.10208810110209304,0.2855410969740047
19,282.0,20,-0.11607349049174254,-0.22920322171836854
19,282.0,21,-0.11607349049174254,0.22920322171836854
19,282.0,22,-0.12094419382523275,-1.2569934010998958
19,282.0,23,-0.12094419382523275,1.2569934010998958
19,282.0,24,-0.1291110713934561,-0.03620251631700246
19,282.0,25,-0.1291110713934561,0.03620251631700246
19,282.0,26,-0.13185671886542738,-0.47293626804272004
19,282.0,27,-0.13185671886542738,0.47293626804272004
19,282.0,28,-0.1318614384319899,-0.33133885241732186
19,282.0,29,-0.1318614384319899,0.33133885241732186
19,282.0,30,-0.1319603902550715,0.0
19,282.0,31,-0.14125223303869044,-0.14267271414863705
19,282.0,32,-0.14125223303869044,0.14267271414863705
19,282.0,33,-0.14629721974029347,-0.23504300149319732
19,282.0,34,-0.14629721974029347,0.23504300149319732
19,282.0,35,-0.15404709671015357,0.0
19,282.0,36,-0.1605424182576251,-0.6607527123230077
19,282.0,37,-0.1605424182576251,0.6607527123230077
19,282.0,38,-0.16236370802906652,-0.5868458722943055
19,282.0,39,-0.16236370802906652,0.5868458722943055
19,282.0,40,-0.16935808710722552,0.0
20,281.0,1,0.05927379330387399,0.0
20,281.0,2,-0.03455388293426652,-0.09241015500288535
20,281.0,3,-0.03455388293426652,0.09241015500288535
20,281.0,4,-0.04141933397232929,-0.0016820980580490516
20,281.0,5,-0.04141933397232929,0.0016820980580490516
20,281.0,6,-0.06168917178446815,-0.14253682069094079
20,281.0,7,-0.06168917178446815,0.14253682069094079
20,281.0,8,-0.06798554032707174,-0.04798916368841961
20,281.0,9,-0.06798554032707174,0.04798916368841961
20,281.0,10,-0.09130345805065435,-0.7282344025708608
20,281.0,11,-0.09130345805065435,0.7282344025708608
20,281.0,12,-0.09623712487849649,-0.5383691779950911
20,281.0,13,-0.09623712487849649,0.5383691779950911
20,281.0,14,-0.10089090717643534,-0.9114671433553192
20,281.0,15,-0.10089090717643534,0.9114671433553192
20,281.0,16,-0.10241075701711544,-0.2846202799765978
20,281.0,17,-0.10241075701711544,0.2846202799765978
20,281.0,18,-0.10259856540905896,-0.5817296337936823
20,281.0,19,-0.10259856540905896,0.5817296337936823
20,281.0,20,-0.11755917164537515,-0.23093876651539022
20,281.0,21,-0.11755917164537515,0.23093876651539022
20,281.0,22,-0.12162188206513957,-1.2565417623901058
20,281.0,23,-0.12162188206513957,1.2565417623901058
20,281.0,24,-0.12949522788771292,-0.03580255737629506
20,281.0,25,-0.12949522788771292,0.03580255737629506
20,281.0,26,-0.13205148463206717,-0.47267067880161234
20,281.0,27,-0.13205148463206717,0.47267067880161234
20,281.0,28,-0.13211814629075033,-0.3316556653779065
20,281.0,29,-0.13211814629075033,0.3316556653779065
20,281.0,30,-0.13329459081449915,0.0
20,281.0,31,-0.14140725992350506,-0.14261597086982328
20,281.0,32,-0.14140725992350506,0.14261597086982328
20,281.0,33,-0.14688251405911124,-0.23416466506192732
20,281.0,34,-0.14688251405911124,0.23416466506192732
20,281.0,35,-0.15467292800700239,0.0
20,281.0,36,-0.16114815536743793,-0.6604372212747883
20,281.0,37,-0.16114815536743793,0.6604372212747883
20,281.0,38,-0.16272209107109428,-0.5873042564020541
20,281.0,39,-0.16272209107109428,0.5873042564020541
20,281.0,40,-0.1698172370518448,0.0
21,280.0,1,0.059088532235203356,0.0
21,280.0,2,-0.03552837171259508,-0.09225708614352132
21,280.0,3,-0.03552837171259508,0.09225708614352132
21,280.0,4,-0.040795539379468546,-0.002645340295568148
21,280.0,5,-0.040795539379468546,0.002645340295568148
21,280.0,6,-0.06149341213540936,-0.14334898366788407
21,280.0,7,-0.06149341213540936,0.14334898366788407
21,280.0,8,-0.0685860718944572,-0.04863731640106616
21,280.0,9,-0.0685860718944572,0.04863731640106616
21,280.0,10,-0.09242016638900649,-0.729199113509212
21,280.0,11,-0.09242016638900649,0.729199113509212
21,280.0,12,-0.09742734752461876,-0.5385003514730706
21,280.0,13,-0.09742734752461876,0.5385003514730706
21,280.0,14,-0.10174574427243946,-0.911394657236735
21,280.0,15,-0.10174574427243946,0.911394657236735
21,280.0,16,-0.10268309865427296,-0.28369193095701284
21,280.0,17,-0.10268309865427296,0.28369193095701284
21,280.0,18,-0.10313240386369256,-0.5815190367195798
21,280.0,19,-0.10313240386369256,0.5815190367195798
21,280.0,20,-0.1189982189163222,-0.2327262543636628
21,280.0,21,-0.1189982189163222,0.2327262543636628
21,280.0,22,-0.12230097793735811,-1.2560868160831384
21,280.0,23,-0.12230097793735811,1.2560868160831384
21,280.0,24,-0.12987229866758107,-0.03539062955768308
21,280.0,25,-0.12987229866758107,0.03539062955768308
21,280.0,26,-0.13224943490762306,-0.47241736746437113
21,280.0,27,-0.13224943490762306,0.47241736746437113
21,280.0,28,-0.1324020419010455,-0.3319818490314852
21,280.0,29,-0.1324020419010455,0.3319818490314852
21,280.0,30,-0.13471732305371978,0.0
21,280.0,31,-0.14156827776159925,-0.1425514017932993
21,280.0,32,-0.14156827776159925,0.1425514017932993
21,280.0,33,-0.14755594027698907,-0.23325350302733464
21,280.0,34,-0.14755594027698907,0.23325350302733464
21,280.0,35,-0.15519852095020542,0.0
21,280.0,36,-0.16175774112906005,-0.6601162400083422
21,280.0,37,-0.16175774112906005,0.6601162400083422
21,280.0,38,-0.1631010021310036,-0.5877569175532539
21,280.0,39,-0.1631010021310036,0.5877569175532539
21,280.0,40,-0.17034068689279205,0.0
22,279.0,1,0.058898325596145835,0.0
22,279.0,2,-0.03652137673353073,-0.09210723999841092
22,279.0,3,-0.03652137673353073,0.09210723999841092
22,279.0,4,-0.04019625931763147,-0.0031684922268965165
22,279.0,5,-0.04019625931763147,0.0031684922268965165
22,279.0,6,-0.06129757335572016,-0.14417164844877187
22,279.0,7,-0.06129757335572016,0.14417164844877187
22,279.0,8,-0.06915393955541668,-0.049294768629855136
22,279.0,9,-0.06915393955541668,0.049294768629855136
22,279.0,10,-0.09355738731770787,-0.7301867620726809
22,279.0,11,-0.09355738731770787,0.7301867620726809
22,279.0,12,-0.0986278800872183,-0.5386157238209986
22,279.0,13,-0.0986278800872183,0.5386157238209986
22,279.0,14,-0.10260523376137104,-0.9113183545706917
22,279.0,15,-0.10260523376137104,0.9113183545706917
22,279.0,16,-0.10290115068519759,-0.2827638347637882
22,279.0,17,-0.10290115068519759,0.2827638347637882
22,279.0,18,-0.10366414879358714,-0.5813259104779608
22,279.0,19,-0.10366414879358714,0.5813259104779608
22,279.0,20,-0.12037453866184797,-0.23453490949027034
22,279.0,21,-0.12037453866184797,0.23453490949027034
22,279.0,22,-0.12298144566669345,-1.2556286295578356
22,279.0,23,-0.12298144566669345,1.2556286295578356
22,279.0,24,-0.1302410438913299,-0.03496872833504688
22,279.0,25,-0.1302410438913299,0.03496872833504688
22,279.0,26,-0.13245097338996842,-0.4721759724882367
22,279.0,27,-0.13245097338996842,0.4721759724882367
22,279.0,28,-0.13271307494903356,-0.33231651933055145
22,279.0,29,-0.13271307494903356,0.33231651933055145
22,279.0,30,-0.13624548613311024,0.0
22,279.0,31,-0.14173569882871795,-0.1424800704127569
22,279.0,32,-0.14173569882871795,0.1424800704127569
22,279.0,33,-0.14833694343043433,-0.232334609095703
22,279.0,34,-0.14833694343043433,0.232334609095703
22,279.0,35,-0.1555905873843665,0.0
22,279.0,36,-0.16237127974015292,-0.6597896005578126
22,279.0,37,-0.16237127974015292,0.6597896005578126
22,279.0,38,-0.16350023215755985,-0.588203324975421
22,279.0,39,-0.16350023215755985,0.588203324975421
22,279.0,40,-0.17094710271039482,0.0
23,278.0,1,0.0587031353488968,0.0
23,278.0,2,-0.0375329047476991,-0.09196152728193813
23,278.0,3,-0.0375329047476991,0.09196152728193813
23,278.0,4,-0.03962031249438977,-0.0034716299136198243
23,278.0,5,-0.03962031249438977,0.0034716299136198243
23,278.0,6,-0.061102713175534604,-0.14500511872999267
23,278.0,7,-0.061102713175534604,0.14500511872999267
23,278.0,8,-0.0696903111901975,-0.04995903035966819
23,278.0,9,-0.0696903111901975,0.04995903035966819
23,278.0,10,-0.09471565309061625,-0.7311975299703898
23,278.0,11,-0.09471565309061625,0.7311975299703898
23,278.0,12,-0.0998380231593194,-0.5387140148503458
23,278.0,13,-0.0998380231593194,0.5387140148503458
23,278.0,14,-0.10306192377387922,-0.2818456268068413
23,278.0,15,-0.10306192377387922,0.2818456268068413
23,278.0,16,-0.10346934849450573,-0.911238037666619
23,278.0,17,-0.10346934849450573,0.911238037666619
23,278.0,18,-0.10419510697656506,-0.5811520647130647
23,278.0,19,-0.10419510697656506,0.5811520647130647
23,278.0,20,-0.12168215265724044,-0.23632396497669184
23,278.0,21,-0.12168215265724044,0.23632396497669184
23,278.0,22,-0.12366325141351839,-1.2551672773557052
23,278.0,23,-0.12366325141351839,1.2551672773557052
23,278.0,24,-0.13060034715151897,-0.034539250591786544
23,278.0,25,-0.13060034715151897,0.034539250591786544
23,278.0,26,-0.13265646406422982,-0.47194611585172247
23,278.0,27,-0.13265646406422982,0.47194611585172247
23,278.0,28,-0.13305115507053578,-0.33265879993439096
23,278.0,29,-0.13305115507053578,0.33265879993439096
23,278.0,30,-0.1379036892080515,0.0
23,278.0,31,-0.14190987553763623,-0.1424030490500092
23,278.0,32,-0.14190987553763623,0.1424030490500092
23,278.0,33,-0.14923417073112144,-0.2314411327229003
23,278.0,34,-0.14923417073112144,0.2314411327229003
23,278.0,35,-0.1558077331165446,0.0
23,278.0,36,-0.16298889149894524,-0.6594571393529066
23,278.0,37,-0.16298889149894524,0.6594571393529066
23,278.0,38,-0.1639195059076261,-0.5886428899534347
23,278.0,39,-0.1639195059076261,0.5886428899534347
23,278.0,40,-0.17165535743590304,0.0
24,277.0,1,0.05850294491091992,0.0
24,277.0,2,-0.038562975375109304,-0.09182094795155428
24,277.0,3,-0.038562975375109304,0.09182094795155428
24,277.0,4,-0.03906659901448215,-0.0036228136304856176
24,277.0,5,-0.03906659901448215,0.0036228136304856176
24,277.0,6,-0.060909907527212676,-0.14584966007842928
24,277.0,7,-0.060909907527212676,0.14584966007842928
24,277.0,8,-0.07019630475609454,-0.050627975821703884
24,277.0,9,-0.07019630475609454,0.050627975821703884
24,277.0,10,-0.09589549037189785,-0.7322315337011454
24,277.0,11,-0.09589549037189785,0.7322315337011454
24,277.0,12,-0.10105694460091941,-0.5387939705158871
24,277.0,13,-0.10105694460091941,0.5387939705158871
24,277.0,14,-0.10316413231279262,-0.2809488373285965
24,277.0,15,-0.10316413231279262,0.2809488373285965
24,277.0,16,-0.10433805587797533,-0.9111535020988215
24,277.0,17,-0.10433805587797533,0.9111535020988215
24,277.0,18,-0.1047267884122403,-0.580999268760619
24,277.0,19,-0.1047267884122403,0.580999268760619
24,277.0,20,-0.12292800724984101,-0.23805045315684123
24,277.0,21,-0.12292800724984101,0.23805045315684123
24,277.0,22,-0.12434636399404121,-1.2547028416992136
24,277.0,23,-0.12434636399404121,1.2547028416992136
24,277.0,24,-0.13094931957878103,-0.034105016972000995
24,277.0,25,-0.13094931957878103,0.034105016972000995
24,277.0,26,-0.13286623370825273,-0.4717274060244193
24,277.0,27,-0.13286623370825273,0.4717274060244193
24,277.0,28,-0.1334161544265136,-0.33300782666360546
24,277.0,29,-0.1334161544265136,0.33300782666360546
24,277.0,30,-0.1397313877127458,0.0
24,277.0,31,-0.14209110373948858,-0.14232141488788938
24,277.0,32,-0.14209110373948858,0.14232141488788938
24,277.0,33,-0.1502419285423055,-0.2306064189512732
24,277.0,34,-0.1502419285423055,0.2306064189512732
24,277.0,35,-0.15579522225396003,0.0
24,277.0,36,-0.1636107150502259,-0.6591186989783833
24,277.0,37,-0.1636107150502259,0.6591186989783833
24,277.0,38,-0.16435848121913132,-0.589074970732044
24,277.0,39,-0.16435848121913132,0.589074970732044
24,277.0,40,-0.17248247712504275,0.0
25,276.0,1,0.05829776281977935,0.0
25,276.0,2,-0.038534142914577615,-0.003651931799763736
25,276.0,3,-0.038534142914577615,0.003651931799763736
25,276.0,4,-0.03961162541142824,-0.09168659297397662
25,276.0,5,-0.03961162541142824,0.09168659297397662
25,276.0,6,-0.060720246557657495,-0.14670549606944996
25,276.0,7,-0.060720246557657495,0.14670549606944996
25,276.0,8,-0.07067294562036969,-0.05129976082824047
25,276.0,9,-0.07067294562036969,0.05129976082824047
25,276.0,10,-0.09709741615319364,-0.7332888129606988
25,276.0,11,-0.09709741615319364,0.7332888129606988
25,276.0,12,-0.10228368568882168,-0.5388543901049748
25,276.0,13,-0.10228368568882168,0.5388543901049748
25,276.0,14,-0.10320906829365004,-0.28008662669455864
25,276.0,15,-0.10320906829365004,0.28008662669455864
25,276.0,16,-0.10521131754548319,-0.9110645376279921
25,276.0,17,-0.10521131754548319,0.9110645376279921
25,276.0,18,-0.10526089733286813,-0.5808692184460784
25,276.0,19,-0.10526089733286813,0.5808692184460784
25,276.0,20,-0.1241281044193547,-0.23967757857118355
25,276.0,21,-0.1241281044193547,0.23967757857118355
25,276.0,22,-0.12503075571130987,-1.2542354130290423
25,276.0,23,-0.12503075571130987,1.2542354130290423
25,276.0,24,-0.13128742416099354,-0.03366926904625869
25,276.0,25,-0.13128742416099354,0.03366926904625869
25,276.0,26,-0.13308057469662893,-0.47151944047950894
25,276.0,27,-0.13308057469662893,0.47151944047950894
25,276.0,28,-0.1338079108147726,-0.3333627495773629
25,276.0,29,-0.1338079108147726,0.3333627495773629
25,276.0,30,-0.1418015726254522,0.0
25,276.0,31,-0.14227962657423326,-0.1422362452565955
25,276.0,32,-0.14227962657423326,0.1422362452565955
25,276.0,33,-0.15134315655993802,-0.22985588177434435
25,276.0,34,-0.15134315655993802,0.22985588177434435
25,276.0,35,-0.15546802233189985,0.0
25,276.0,36,-0.1642369099149001,-0.658774130127234
25,276.0,37,-0.1642369099149001,0.658774130127234
25,276.0,38,-0.16481674870369875,-0.5894988765315483
25,276.0,39,-0.16481674870369875,0.5894988765315483
25,276.0,40,-0.1734417243234355,0.0
26,275.0,1,0.058087626795802975,0.0
26,275.0,2,-0.03802211577739182,-0.003572085447660261
26,275.0,3,-0.03802211577739182,0.003572085447660261
26,275.0,4,-0.0406789120229965,-0.09155964601472323
26,275.0,5,-0.0406789120229965,0.09155964601472323
26,275.0,6,-0.06053483119231148,-0.14757280428615435
26,275.0,7,-0.06053483119231148,0.14757280428615435
26,275.0,8,-0.07112114304812016,-0.05197275013315497
26,275.0,9,-0.07112114304812016,0.05197275013315497
26,275.0,10,-0.09832193291257312,-0.7343693176570921
26,275.0,11,-0.09832193291257312,0.7343693176570921
26,275.0,12,-0.10320147452785136,-0.27927306509308386
26,275.0,13,-0.10320147452785136,0.27927306509308386
26,275.0,14,-0.10351717423167751,-0.5388941541797798
26,275.0,15,-0.10351717423167751,0.5388941541797798
26,275.0,16,-0.10579931494553027,-0.580763502636845
26,275.0,17,-0.10579931494553027,0.580763502636845
26,275.0,18,-0.10608908905055926,-0.9109709294070448
26,275.0,19,-0.10608908905055926,0.9109709294070448
26,275.0,20,-0.1252997423569256,-0.2411788340947125
26,275.0,21,-0.1252997423569256,0.2411788340947125
26,275.0,22,-0.12571640330794384,-1.2537650905547295
26,275.0,23,-0.12571640330794384,1.2537650905547295
26,275.0,24,-0.1316146134063817,-0.033235629753189284
26,275.0,25,-0.1316146134063817,0.033235629753189284
26,275.0,26,-0.13329974805405778,-0.47132180779146526
26,275.0,27,-0.13329974805405778,0.47132180779146526
26,275.0,28,-0.13422623069446693,-0.33372273282432474
26,275.0,29,-0.13422623069446693,0.33372273282432474
26,275.0,30,-0.1424756389409611,-0.1421486122931493
26,275.0,31,-0.1424756389409611,0.1421486122931493
26,275.0,32,-0.14428692566657414,0.0
26,275.0,33,-0.15251629059972205,-0.2292035967409548
26,275.0,34,-0.15251629059972205,0.2292035967409548
26,275.0,35,-0.15464552126301825,0.0
26,275.0,36,-0.16486765933331066,-0.65842329375109
26,275.0,37,-0.16486765933331066,0.65842329375109
26,275.0,38,-0.16529383178860646,-0.5899138705556194
26,275.0,39,-0.16529383178860646,0.5899138705556194
26,275.0,40,-0.17454152838769765,0.0
27,274.0,1,0.057872608208478324,0.0
27,274.0,2,-0.03752984774617976,-0.0033853073282244382
27,274.0,3,-0.03752984774617976,0.0033853073282244382
27,274.0,4,-0.04176491431535484,-0.09144138533789875
27,274.0,5,-0.04176491431535484,0.09144138533789875
27,274.0,6,-0.060354770367735955,-0.14845171198599266
27,274.0,7,-0.060354770367735955,0.14845171198599266
27,274.0,8,-0.0715416798166997,-0.052645454474408424
27,274.0,9,-0.0715416798166997,0.052645454474408424
27,274.0,10,-0.09956952290987425,-0.7354728934526971
27,274.0,11,-0.09956952290987425,0.7354728934526971
27,274.0,12,-0.10315013233034404,-0.27852190752306727
27,274.0,13,-0.10315013233034404,0.27852190752306727
27,274.0,14,-0.10475624498868545,-0.5389122515133506
27,274.0,15,-0.10475624498868545,0.5389122515133506
27,274.0,16,-0.10634407358687156,-0.580683571460454
27,274.0,17,-0.10634407358687156,0.580683571460454
27,274.0,18,-0.10697131959139472,-0.9108724595196387
27,274.0,19,-0.10697131959139472,0.9108724595196387
27,274.0,20,-0.12640328905149514,-1.2532919828112536
27,274.0,21,-0.12640328905149514,1.2532919828112536
27,274.0,22,-0.12645501063165776,-0.2425377153625133
27,274.0,23,-0.12645501063165776,0.2425377153625133
27,274.0,24,-0.13193146673595257,-0.032808016967876656
27,274.0,25,-0.13193146673595257,0.032808016967876656
27,274.0,26,-0.1335239867212355,-0.4711340893702799
27,274.0,27,-0.1335239867212355,0.4711340893702799
27,274.0,28,-0.1346708916310363,-0.3340869525026556
27,274.0,29,-0.1346708916310363,0.3340869525026556
27,274.0,30,-0.14267929259187204,-0.14205957706624966
27,274.0,31,-0.14267929259187204,0.14205957706624966
27,274.0,32,-0.14798226309473209,0.0
27,274.0,33,-0.15252878264398573,0.0
27,274.0,34,-0.15374115575403247,-0.22865380589145914
27,274.0,35,-0.15374115575403247,0.22865380589145914
27,274.0,36,-0.16550317345240642,-0.6580660634078803
27,274.0,37,-0.16550317345240642,0.6580660634078803
27,274.0,38,-0.16578918700415035,-0.5903191719033791
27,274.0,39,-0.16578918700415035,0.5903191719033791
27,274.0,40,-0.17578559965954726,0.0
28,273.0,1,0.05765281693906436,0.0
28,273.0,2,-0.0370568303589357,-0.0030820841758178114
28,273.0,3,-0.0370568303589357,0.0030820841758178114
28,273.0,4,-0.04286973267668498,-0.09133318623880791
28,273.0,5,-0.04286973267668498,0.09133318623880791
28,273.0,6,-0.060181178989063375,-0.1493422912051485
28,273.0,7,-0.060181178989063375,0.1493422912051485
28,273.0,8,-0.07193521093886901,-0.05331647604925999
28,273.0,9,-0.07193521093886901,0.05331647604925999
28,273.0,10,-0.10084064150756694,-0.7365992657764427
28,273.0,11,-0.10084064150756694,0.7365992657764427
28,273.0,12,-0.1030678302127025,-0.27784502858044763
28,273.0,13,-0.1030678302127025,0.27784502858044763
28,273.0,14,-0.10599966706903997,-0.5389078031222304
28,273.0,15,-0.10599966706903997,0.5389078031222304
28,273.0,16,-0.10689732264092695,-0.5806307082128073
28,273.0,17,-0.10689732264092695,0.5806307082128073
28,273.0,18,-0.10785795178476001,-0.9107689089037606
28,273.0,19,-0.10785795178476001,0.9107689089037606
28,273.0,20,-0.12709140196231727,-1.2528162082112195
28,273.0,21,-0.12709140196231727,1.2528162082112195
28,273.0,22,-0.12759799600685223,-0.2437458335790864
28,273.0,23,-0.12759799600685223,0.2437458335790864
28,273.0,24,-0.13223930699832664,-0.032390505577723355
28,273.0,25,-0.13223930699832664,0.032390505577723355
28,273.0,26,-0.13375349900750694,-0.4709558608908254
28,273.0,27,-0.13375349900750694,0.4709558608908254
28,273.0,28,-0.13514164379684632,-0.3344545928088539
28,273.0,29,-0.13514164379684632,0.3344545928088539
28,273.0,30,-0.14289070180088004,-0.14197018322364027
28,273.0,31,-0.14289070180088004,0.14197018322364027
28,273.0,32,-0.15100194276650808,-0.004234209756678615
28,273.0,33,-0.15100194276650808,0.004234209756678615
28,273.0,34,-0.15500176878318153,-0.22820436911353914
28,273.0,35,-0.15500176878318153,0.22820436911353914
28,273.0,36,-0.16614369288460826,-0.6577023278016503
28,273.0,37,-0.16614369288460826,0.6577023278016503
28,273.0,38,-0.1663022043925585,-0.5907139563398469
28,273.0,39,-0.1663022043925585,0.5907139563398469
28,273.0,40,-0.17717398762268777,0.0
29,272.0,1,0.0574284066129772,0.0
29,272.0,2,-0.03660271418696778,-0.002633253999086803
29,272.0,3,-0.03660271418696778,0.002633253999086803
29,272.0,4,-0.043993485191663934,-0.09123652433725216
29,272.0,5,-0.043993485191663934,0.09123652433725216
29,272.0,6,-0.06001517659834581,-0.15024455305141599
29,272.0,7,-0.06001517659834581,0.15024455305141599
29,272.0,8,-0.07230226904878578,-0.053984460894547
29,272.0,9,-0.07230226904878578,0.053984460894547
29,272.0,10,-0.10213570940518943,-0.7377480222873164
29,272.0,11,-0.10213570940518943,0.7377480222873164
29,272.0,12,-0.1029705203426703,-0.277250925057687
29,272.0,13,-0.1029705203426703,0.277250925057687
29,272.0,14,-0.10724617725129293,-0.5388800816181157
29,272.0,15,-0.10724617725129293,0.5388800816181157
29,272.0,16,-0.10746128730811404,-0.5806060068341775
29,272.0,17,-0.10746128730811404,0.5806060068341775
29,272.0,18,-0.10874892150956025,-0.9106600597161734
29,272.0,19,-0.10874892150956025,0.9106600597161734
29,272.0,20,-0.12778073919204375,-1.2523378955783417
29,272.0,21,-0.12778073919204375,1.2523378955783417
29,272.0,22,-0.12872521591087496,-0.24480135490929147
29,272.0,23,-0.12872521591087496,0.24480135490929147
29,272.0,24,-0.13254027106482616,-0.031987143798743074
29,272.0,25,-0.13254027106482616,0.031987143798743074
29,272.0,26,-0.13398847221340132,-0.47078669348200236
29,272.0,27,-0.13398847221340132,0.47078669348200236
29,272.0,28,-0.13563821027955295,-0.3348248407694889
29,272.0,29,-0.13563821027955295,0.3348248407694889
29,272.0,30,-0.14310994951830786,-0.14188145018183068
29,272.0,31,-0.14310994951830786,0.14188145018183068
29,272.0,32,-0.1517053019783369,-0.0064848397434665766
29,272.0,33,-0.1517053019783369,0.0064848397434665766
29,272.0,34,-0.1562867268908635,-0.22784982422343425
29,272.0,35,-0.1562867268908635,0.22784982422343425
29,272.0,36,-0.1667894926612688,-0.6573319935034941
29,272.0,37,-0.1667894926612688,0.6573319935034941
29,272.0,38,-0.16683220790927009,-0.5910973559258343
29,272.0,39,-0.16683220790927009,0.5910973559258343
29,272.0,40,-0.1787045069916065,0.0
30,271.0,1,0.05719958015049834,0.0
30,271.0,2,-0.03616730322909876,-0.0019543402769518765
30,271.0,3,-0.03616730322909876,0.0019543402769518765
30,271.0,4,-0.04513630028468457,-0.09115298002039221
30,271.0,5,-0.04513630028468457,0.09115298002039221
30,271.0,6,-0.0598578866636878,-0.1511584409374208
30,271.0,7,-0.0598578866636878,0.1511584409374208
30,271.0,8,-0.07264327520965938,-0.05464805670795106
30,271.0,9,-0.07264327520965938,0.05464805670795106
30,271.0,10,-0.10287579383427115,-0.2767437817094883
30,271.0,11,-0.10287579383427115,0.2767437817094883
30,271.0,12,-0.10345510368010821,-0.7389185938254095
30,271.0,13,-0.10345510368010821,0.7389185938254095
30,271.0,14,-0.1080382220039596,-0.5806103564014484
30,271.0,15,-0.1080382220039596,0.5806103564014484
30,271.0,16,-0.10849451746415914,-0.5388285245053713
30,271.0,17,-0.10849451746415914,0.5388285245053713
30,271.0,18,-0.10964415784520397,-0.9105456981945014
30,271.0,19,-0.10964415784520397,0.9105456981945014
30,271.0,20,-0.12847130755804836,-1.2518571846437392
30,271.0,21,-0.12847130755804836,1.2518571846437392
30,271.0,22,-0.12982783420749244,-0.24570797339327993
30,271.0,23,-0.12982783420749244,0.24570797339327993
30,271.0,24,-0.13283731113760777,-0.03160174315694816
30,271.0,25,-0.13283731113760777,0.03160174315694816
30,271.0,26,-0.13422907641282641,-0.47062615474607833
30,271.0,27,-0.13422907641282641,0.47062615474607833
30,271.0,28,-0.1361602860528175,-0.3351968798448464
30,271.0,29,-0.1361602860528175,0.3351968798448464
30,271.0,30,-0.14333709389554233,-0.14179436584417632
30,271.0,31,-0.14333709389554233,0.14179436584417632
30,271.0,32,-0.15236539494319556,-0.008171028640764985
30,271.0,33,-0.15236539494319556,0.008171028640764985
30,271.0,34,-0.15758849753807125,-0.22758335205451563
30,271.0,35,-0.15758849753807125,0.22758335205451563
30,271.0,36,-0.16737845569599158,-0.5914684575594598
30,271.0,37,-0.16737845569599158,0.5914684575594598
30,271.0,38,-0.1674408865949631,-0.6569549878350825
30,271.0,39,-0.1674408865949631,0.6569549878350825
30,271.0,40,-0.18037401489215785,0.0
31,270.0,1,0.056966595551643136,0.0
31,270.0,2,-0.035750547287511474,-0.0004567014270680551
31,270.0,3,-0.035750547287511474,0.0004567014270680551
31,270.0,4,-0.04629830457699414,-0.09108424422152175
31,270.0,5,-0.04629830457699414,0.09108424422152175
31,270.0,6,-0.05971043632184793,-0.15208382253123096
31,270.0,7,-0.05971043632184793,0.15208382253123096
31,270.0,8,-0.07295855483693048,-0.055305874900175384
31,270.0,9,-0.07295855483693048,0.055305874900175384
31,270.0,10,-0.10280112251811721,-0.27632340211320133
31,270.0,11,-0.10280112251811721,0.27632340211320133
31,270.0,12,-0.10479914754135558,-0.7401102339628707
31,270.0,13,-0.10479914754135558,0.7401102339628707
31,270.0,14,-0.10863036068525679,-0.5806444334087426
31,270.0,15,-0.10863036068525679,0.5806444334087426
31,270.0,16,-0.10974347413991735,-0.5387527407058119
31,270.0,17,-0.10974347413991735,0.5387527407058119
31,270.0,18,-0.11054358313520013,-0.9104256180721977
31,270.0,19,-0.11054358313520013,0.9104256180721977
31,270.0,20,-0.12916312523472478,-1.2513742264808116
31,270.0,21,-0.12916312523472478,1.2513742264808116
31,270.0,22,-0.1308943608085883,-0.24647394532585037
31,270.0,23,-0.1308943608085883,0.24647394532585037
31,270.0,24,-0.13313411358177168,-0.031237674262252154
31,270.0,25,-0.13313411358177168,0.031237674262252154
31,270.0,26,-0.13447546838826618,-0.47047380968365354
31,270.0,27,-0.13447546838826618,0.47047380968365354
31,270.0,28,-0.13670753555335163,-0.33556988267914295
31,270.0,29,-0.13670753555335163,0.33556988267914295
31,270.0,30,-0.1435721750454722,-0.14170987880726307
31,270.0,31,-0.1435721750454722,0.14170987880726307
31,270.0,32,-0.15298166736824537,-0.009571849591719079
31,270.0,33,-0.15298166736824537,0.009571849591719079
31,270.0,34,-0.15890246000562386,-0.22739781549517657
31,270.0,35,-0.15890246000562386,0.22739781549517657
31,270.0,36,-0.16794014012908298,-0.5918263005339537
31,270.0,37,-0.16794014012908298,0.5918263005339537
31,270.0,38,-0.1680982320506837,-0.6565712618876522
31,270.0,39,-0.1680982320506837,0.6565712618876522
31,270.0,40,-0.1821792842956324,0.0
32,269.0,1,0.0567297717902032,0.0
32,269.0,2,-0.03339129986836958,0.0
32,269.0,3,-0.037313766230447874,0.0
32,269.0,4,-0.04747960472727428,-0.09103212552773542
32,269.0,5,-0.04747960472727428,0.09103212552773542
32,269.0,6,-0.059573956332966194,-0.15302048025314174
32,269.0,7,-0.059573956332966194,0.15302048025314174
32,269.0,8,-0.07324835918226805,-0.05595645604914299
32,269.0,9,-0.07324835918226805,0.05595645604914299
32,269.0,10,-0.10276238966467727,-0.2759859371511225
32,269.0,11,-0.10276238966467727,0.2759859371511225
32,269.0,12,-0.10616809872930207,-0.7413219973693951
32,269.0,13,-0.10616809872930207,0.7413219973693951
32,269.0,14,-0.10923986664990899,-0.5807087017843604
32,269.0,15,-0.10923986664990899,0.5807087017843604
32,269.0,16,-0.11099191689128292,-0.538652510400224
32,269.0,17,-0.11099191689128292,0.538652510400224
32,269.0,18,-0.11144711321203603,-0.9102996245959581
32,269.0,19,-0.11144711321203603,0.9102996245959581
32,269.0,20,-0.12985622359640153,-1.2508891838482552
32,269.0,21,-0.12985622359640153,1.2508891838482552
32,269.0,22,-0.13191296091516397,-0.24711090411441908
32,269.0,23,-0.13191296091516397,0.24711090411441908
32,269.0,24,-0.13343493958691877,-0.03089770624279824
32,269.0,25,-0.13343493958691877,0.03089770624279824
32,269.0,26,-0.13472779571258509,-0.47032922160475554
32,269.0,27,-0.13472779571258509,0.47032922160475554
32,269.0,28,-0.13727958888771014,-0.33594300325607673
32,269.0,29,-0.13727958888771014,0.33594300325607673
32,269.0,30,-0.1438152218938213,-0.14162889000175888
32,269.0,31,-0.1438152218938213,0.14162889000175888
32,269.0,32,-0.15355316128475877,-0.010778874341561533
32,269.0,33,-0.15355316128475877,0.010778874341561533
32,269.0,34,-0.16022605001961984,-0.2272862200843796
32,269.0,35,-0.16022605001961984,0.2272862200843796
32,269.0,36,-0.16851638758507365,-0.5921698732693973
32,269.0,37,-0.16851638758507365,0.5921698732693973
32,269.0,38,-0.16876193510549614,-0.6561807936394333
32,269.0,39,-0.16876193510549614,0.6561807936394333
32,269.0,40,-0.18411744506287195,0.0
33,268.0,1,0.056489494641969784,0.0
33,268.0,2,-0.03209359276054871,0.0
33,268.0,3,-0.037853355743493695,0.0
33,268.0,4,-0.04868026177746118,-0.09099855828550275
33,268.0,5,-0.04868026177746118,0.09099855828550275
33,268.0,6,-0.059449580939600795,-0.15396810022862079
33,268.0,7,-0.059449580939600795,0.15396810022862079
33,268.0,8,-0.07351289345162101,-0.05659823843249817
33,268.0,9,-0.07351289345162101,0.05659823843249817
33,268.0,10,-0.10277302838541147,-0.27572505669762354
33,268.0,11,-0.10277302838541147,0.27572505669762354
33,268.0,12,-0.10756213653668562,-0.7425527173392993
33,268.0,13,-0.10756213653668562,0.7425527173392993
33,268.0,14,-0.1098687842895849,-0.5808034197583049
33,268.0,15,-0.1098687842895849,0.5808034197583049
33,268.0,16,-0.11223883402238567,-0.5385277790978061
33,268.0,17,-0.11223883402238567,0.5385277790978061
33,268.0,18,-0.11235465782513004,-0.9101675391830593
33,268.0,19,-0.11235465782513004,0.9101675391830593
33,268.0,20,-0.13055064919828252,-1.2504022314031573
33,268.0,21,-0.13055064919828252,1.2504022314031573
33,268.0,22,-0.1328729709061246,-0.24763253919364062
33,268.0,23,-0.1328729709061246,0.24763253919364062
33,268.0,24,-0.13374441108062007,-0.030583922168218782
33,268.0,25,-0.13374441108062007,0.030583922168218782
33,268.0,26,-0.1349862009673916,-0.47019195311079576
33,268.0,27,-0.1349862009673916,0.47019195311079576
33,268.0,28,-0.1378760367665517,-0.3363153687076231
33,268.0,29,-0.1378760367665517,0.3363153687076231
33,268.0,30,-0.14406625897040942,-0.14155224371537242
33,268.0,31,-0.14406625897040942,0.14155224371537242
33,268.0,32,-0.1540786521993368,-0.011834296458024703
33,268.0,33,-0.1540786521993368,0.011834296458024703
33,268.0,34,-0.16155809108129393,-0.2272418665279264
33,268.0,35,-0.16155809108129393,0.2272418665279264
33,268.0,36,-0.169106257917002,-0.5924981094280797
33,268.0,37,-0.169106257917002,0.5924981094280797
33,268.0,38,-0.16943245604738377,-0.6557835911237156
33,268.0,39,-0.16943245604738377,0.6557835911237156
33,268.0,40,-0.1861860630766455,0.0
34,267.0,1,0.0562462222135066,0.0
34,267.0,2,-0.03099691406272768,0.0
34,267.0,3,-0.03823048807395048,0.0
34,267.0,4,-0.04990025627224849,-0.09098561086337749
34,267.0,5,-0.04990025627224849,0.09098561086337749
34,267.0,6,-0.05933844726760959,-0.15492625971905688
34,267.0,7,-0.05933844726760959,0.15492625971905688
34,267.0,8,-0.07375235315770792,-0.05722952998169371
34,267.0,9,-0.07375235315770792,0.05722952998169371
34,267.0,10,-0.10284378708139044,-0.27553316268263145
34,267.0,11,-0.10284378708139044,0.27553316268263145
34,267.0,12,-0.10898134748937693,-0.7438009829928673
34,267.0,13,-0.10898134748937693,0.7438009829928673
34,267.0,14,-0.11051899491618711,-0.5809286520020627
34,267.0,15,-0.11051899491618711,0.5809286520020627
34,267.0,16,-0.11326612131901967,-0.9100292047371505
34,267.0,17,-0.11326612131901967,0.9100292047371505
34,267.0,18,-0.11348336274406284,-0.5383786475305935
34,267.0,19,-0.11348336274406284,0.5383786475305935
34,267.0,20,-0.13124646587090827,-1.249913555738011
34,267.0,21,-0.13124646587090827,1.249913555738011
34,267.0,22,-0.1337656180158935,-0.24805337616206188
34,267.0,23,-0.1337656180158935,0.24805337616206188
34,267.0,24,-0.13406727814183594,-0.030297726714021315
34,267.0,25,-0.13406727814183594,0.030297726714021315
34,267.0,26,-0.13525082607981118,-0.4700615672357973
34,267.0,27,-0.13525082607981118,0.4700615672357973
34,267.0,28,-0.13849642433852666,-0.33668607102206616
34,267.0,29,-0.13849642433852666,0.33668607102206616
34,267.0,30,-0.14432531298610582,-0.1414807179655871
34,267.0,31,-0.14432531298610582,0.1414807179655871
34,267.0,32,-0.15455688062065376,-0.012761156664192159
34,267.0,33,-0.15455688062065376,0.012761156664192159
34,267.0,34,-0.16289829531743755,-0.22725835967542626
34,267.0,35,-0.16289829531743755,0.22725835967542626
34,267.0,36,-0.1697087437006734,-0.5928098836731673
34,267.0,37,-0.1697087437006734,0.5928098836731673
34,267.0,38,-0.1701103151252492,-0.655379695588573
34,267.0,39,-0.1701103151252492,0.655379695588573
34,267.0,40,-0.18838292480618585,0.0
35,266.0,1,0.05600048987187408,0.0
35,266.0,2,-0.030012667182602964,0.0
35,266.0,3,-0.03853463018492284,0.0
35,266.0,4,-0.05113944222520216,-0.09099549246401202
35,266.0,5,-0.05113944222520216,0.09099549246401202
35,266.0,6,-0.059241693867939135,-0.15589441319590236
35,266.0,7,-0.059241693867939135,0.15589441319590236
35,266.0,8,-0.07396697070690837,-0.05784848489808632
35,266.0,9,-0.07396697070690837,0.05784848489808632
35,266.0,10,-0.1029829416975113,-0.275402379447622
35,266.0,11,-0.1029829416975113,0.275402379447622
35,266.0,12,-0.11042570981352198,-0.7450651168647172
35,266.0,13,-0.11042570981352198,0.7450651168647172
35,266.0,14,-0.1111921782205923,-0.5810842850274685
35,266.0,15,-0.1111921782205923,0.5810842850274685
35,266.0,16,-0.11418140361329909,-0.9098844916117227
35,266.0,17,-0.11418140361329909,0.9098844916117227
35,266.0,18,-0.11472481254217748,-0.5382053593996513
35,266.0,19,-0.11472481254217748,0.5382053593996513
35,266.0,20,-0.1319437568898416,-1.2494233551866825
35,266.0,21,-0.1319437568898416,1.2494233551866825
35,266.0,22,-0.13440820516284385,-0.030039941941315564
35,266.0,23,-0.13440820516284385,0.030039941941315564
35,266.0,24,-0.1345841640002399,-0.24838783228430303
35,266.0,25,-0.1345841640002399,0.24838783228430303
35,266.0,26,-0.13552181674654545,-0.4699376288369586
35,266.0,27,-0.13552181674654545,0.4699376288369586
35,266.0,28,-0.13914024417478266,-0.33705415890715384
35,266.0,29,-0.13914024417478266,0.33705415890715384
35,266.0,30,-0.1445924190389019,-0.14141501423007288
35,266.0,31,-0.1445924190389019,0.14141501423007288
35,266.0,32,-0.154986793274759,-0.013573453089665238
35,266.0,33,-0.154986793274759,0.013573453089665238
35,266.0,34,-0.16424689326105696,-0.2273295640671154
35,266.0,35,-0.16424689326105696,0.2273295640671154
35,266.0,36,-0.17032276938751229,-0.5931040073771205
35,266.0,37,-0.17032276938751229,0.5931040073771205
35,266.0,38,-0.1707960984125277,-0.6549691845783602
35,266.0,39,-0.1707960984125277,0.6549691845783602
35,266.0,40,-0.19070553997488432,0.0
36,265.0,1,0.055752914205220286,0.0
36,265.0,2,-0.029109829025664818,0.0
36,265.0,3,-0.03879786081297724,0.0
36,265.0,4,-0.05239748798914681,-0.0910305557740676
36,265.0,5,-0.05239748798914681,0.0910305557740676
36,265.0,6,-0.05916045798070642,-0.15687187739958539
36,265.0,7,-0.05916045798070642,0.15687187739958539
36,265.0,8,-0.07415707439375871,-0.05845308738025324
36,265.0,9,-0.07415707439375871,0.05845308738025324
36,265.0,10,-0.10319672907632621,-0.2753252336881393
36,265.0,11,-0.10319672907632621,0.2753252336881393
36,265.0,12,-0.11188978027776879,-0.5812700437188529
36,265.0,13,-0.11188978027776879,0.5812700437188529
36,265.0,14,-0.11189507693227234,-0.7463431538242185
36,265.0,15,-0.11189507693227234,0.7463431538242185
36,265.0,16,-0.1151004015379937,-0.9097333041700988
36,265.0,17,-0.1151004015379937,0.9097333041700988
36,265.0,18,-0.11596268082708519,-0.5380082891075859
36,265.0,19,-0.11596268082708519,0.5380082891075859
36,265.0,20,-0.13264262716581135,-1.2489318393363331
36,265.0,21,-0.13264262716581135,1.2489318393363331
36,265.0,22,-0.13477160241630626,-0.029810970587263837
36,265.0,23,-0.13477160241630626,0.029810970587263837
36,265.0,24,-0.13532373428644098,-0.24864958859619055
36,265.0,25,-0.13532373428644098,0.24864958859619055
36,265.0,26,-0.13579932689590068,-0.4698197063236233
36,265.0,27,-0.13579932689590068,0.4698197063236233
36,265.0,28,-0.1398069287421449,-0.3374186300862759
36,265.0,29,-0.1398069287421449,0.3374186300862759
36,265.0,30,-0.14486762629053662,-0.14135574660460104
36,265.0,31,-0.14486762629053662,0.14135574660460104
36,265.0,32,-0.15536773792024988,-0.014280288023282626
36,265.0,33,-0.15536773792024988,0.014280288023282626
36,265.0,34,-0.1656043562446099,-0.22744955289936647
36,265.0,35,-0.1656043562446099,0.22744955289936647
36,265.0,36,-0.1709471905888713,-0.5933792246273986
36,265.0,37,-0.1709471905888713,0.5933792246273986
36,265.0,38,-0.17149046358572367,-0.6545521748577501
36,265.0,39,-0.17149046358572367,0.6545521748577501
36,265.0,40,-0.19315030222539753,0.0
37,264.0,1,0.055504195575246135,0.0
37,264.0,2,-0.028274188841196615,0.0
37,264.0,3,-0.03903560452832121,0.0
37,264.0,4,-0.05367380246749344,-0.09109329123858656
37,264.0,5,-0.05367380246749344,0.09109329123858656
37,264.0,6,-0.059095871112357326,-0.15785781592923928
37,264.0,7,-0.059095871112357326,0.15785781592923928
37,264.0,8,-0.0743231617242665,-0.059041146498282605
37,264.0,9,-0.0743231617242665,0.059041146498282605
37,264.0,10,-0.10348982720761388,-0.27529505551505684
37,264.0,11,-0.10348982720761388,0.27529505551505684
37,264.0,12,-0.11261298841026203,-0.5814855070782684
37,264.0,13,-0.11261298841026203,0.5814855070782684
37,264.0,14,-0.11338916038162763,-0.747632822526616
37,264.0,15,-0.11338916038162763,0.747632822526616
37,264.0,16,-0.11602301057688624,-0.9095755878374865
37,264.0,17,-0.11602301057688624,0.9095755878374865
37,264.0,18,-0.11719666065260634,-0.5377879313973196
37,264.0,19,-0.11719666065260634,0.5377879313973196
37,264.0,20,-0.1333432053814135,-1.2484392281749501
37,264.0,21,-0.1333432053814135,1.2484392281749501
37,264.0,22,-0.1351615128472599,-0.029610999039582933
37,264.0,23,-0.1351615128472599,0.029610999039582933
37,264.0,24,-0.13598103163487374,-0.24885122431314247
37,264.0,25,-0.13598103163487374,0.24885122431314247
37,264.0,26,-0.1360835231152145,-0.469707373808308
37,264.0,27,-0.1360835231152145,0.469707373808308
37,264.0,28,-0.1404958427983134,-0.3377784243386528
37,264.0,29,-0.1404958427983134,0.3377784243386528
37,264.0,30,-0.14515100295337743,-0.14130343054142136
37,264.0,31,-0.14515100295337743,0.14130343054142136
37,264.0,32,-0.15569958726691724,-0.014887769692023206
37,264.0,33,-0.15569958726691724,0.014887769692023206
37,264.0,34,-0.16697118619389834,-0.22761257368432403
37,264.0,35,-0.16697118619389834,0.22761257368432403
37,264.0,36,-0.17158079381303368,-0.5936342089096022
37,264.0,37,-0.17158079381303368,0.5936342089096022
37,264.0,38,-0.17219414534753677,-0.6541288250927169
37,264.0,39,-0.17219414534753677,0.6541288250927169
37,264.0,40,-0.19571117402242225,0.0
38,263.0,1,0.05525511876246569,0.0
38,263.0,2,-0.027498461282392927,0.0
38,263.0,3,-0.039256488739606604,0.0
38,263.0,4,-0.054967446214505666,-0.09118630686436333
38,263.0,5,-0.054967446214505666,0.09118630686436333
38,263.0,6,-0.05904905255804804,-0.15885122413736374
38,263.0,7,-0.05904905255804804,0.15885122413736374
38,263.0,8,-0.07446598798127674,-0.059610308200689965
38,263.0,9,-0.07446598798127674,0.059610308200689965
38,263.0,10,-0.10386578346933081,-0.27530617951571634
38,263.0,11,-0.10386578346933081,0.27530617951571634
38,263.0,12,-0.11336271275568616,-0.5817301217296464
38,263.0,13,-0.11336271275568616,0.5817301217296464
38,263.0,14,-0.11490751271019758,-0.7489315308559383
38,263.0,15,-0.11490751271019758,0.7489315308559383
38,263.0,16,-0.11694912706492772,-0.9094113364739468
38,263.0,17,-0.11694912706492772,0.9094113364739468
38,263.0,18,-0.11842664084282614,-0.5375448943337664
38,263.0,19,-0.11842664084282614,0.5375448943337664
38,263.0,20,-0.13404564597962634,-1.2479457507998588
38,263.0,21,-0.13404564597962634,1.2479457507998588
38,263.0,22,-0.13558154743994105,-0.029440214358596582
38,263.0,23,-0.13558154743994105,0.029440214358596582
38,263.0,24,-0.13637458894341092,-0.46960021375200256
38,263.0,25,-0.13637458894341092,0.46960021375200256
38,263.0,26,-0.13655404761848505,-0.24900402511391265
38,263.0,27,-0.13655404761848505,0.24900402511391265
38,263.0,28,-0.14120627624460685,-0.3381324176358101
38,263.0,29,-0.14120627624460685,0.3381324176358101
38,263.0,30,-0.14544264042656496,-0.1412584714231478
38,263.0,31,-0.14544264042656496,0.1412584714231478
38,263.0,32,-0.15598279402799964,-0.01539993571471649
38,263.0,33,-0.15598279402799964,0.01539993571471649
38,263.0,34,-0.1683477581818498,-0.22781304071014927
38,263.0,35,-0.1683477581818498,0.22781304071014927
38,263.0,36,-0.17222229707686393,-0.5938675608678905
38,263.0,37,-0.17222229707686393,0.5938675608678905
38,263.0,38,-0.17290796014439386,-0.6536993382011871
38,263.0,39,-0.17290796014439386,0.6536993382011871
38,263.0,40,-0.19837770838677993,0.0
39,262.0,1,0.055006551166468604,0.0
39,262.0,2,-0.026778780000242353,0.0
39,262.0,3,-0.03946581683878817,0.0
39,262.0,4,-0.056277029281329535,-0.09131228540563179
39,262.0,5,-0.056277029281329535,0.09131228540563179
39,262.0,6,-0.059021100582995596,-0.15985091534036125
39,262.0,7,-0.059021100582995596,0.15985091534036125
39,262.0,8,-0.07458666871539056,-0.06015809254335346
39,262.0,9,-0.07458666871539056,0.06015809254335346
39,262.0,10,-0.10432735102808954,-0.2753540256788193
39,262.0,11,-0.10432735102808954,0.2753540256788193
39,262.0,12,-0.114139574100668,-0.5820032123628001
39,262.0,13,-0.114139574100668,0.5820032123628001
39,262.0,14,-0.11644951112380139,-0.7502363570595135
39,262.0,15,-0.11644951112380139,0.7502363570595135
39,262.0,16,-0.11787865087289916,-0.9092405998193585
39,262.0,17,-0.11787865087289916,0.9092405998193585
39,262.0,18,-0.11965269925651591,-0.5372798964011518
39,262.0,19,-0.11965269925651591,0.5372798964011518
39,262.0,20,-0.1347501308885277,-1.2474516436130911
39,262.0,21,-0.1347501308885277,1.2474516436130911
39,262.0,22,-0.1360348505896382,-0.029299017489762946
39,262.0,23,-0.1360348505896382,0.029299017489762946
39,262.0,24,-0.13667272889773405,-0.46949782015651464
39,262.0,25,-0.13667272889773405,0.46949782015651464
39,262.0,26,-0.13704181852248437,-0.24911788410640107
39,262.0,27,-0.13704181852248437,0.24911788410640107
39,262.0,28,-0.14193743807344505,-0.33847941776941715
39,262.0,29,-0.14193743807344505,0.33847941776941715
39,262.0,30,-0.14574265642315581,-0.14122115334345342
39,262.0,31,-0.14574265642315581,0.14122115334345342
39,262.0,32,-0.15621839707119173,-0.0158192060141195
39,262.0,33,-0.15621839707119173,0.0158192060141195
39,262.0,34,-0.16973420888023838,-0.22804555618123465
39,262.0,35,-0.16973420888023838,0.22804555618123465
39,262.0,36,-0.172870351911262,-0.5940778075429608
39,262.0,37,-0.172870351911262,0.5940778075429608
39,262.0,38,-0.1736328097461846,-0.6532639632910615
39,262.0,39,-0.1736328097461846,0.6532639632910615
39,262.0,40,-0.2011322408038263,0.0
40,261.0,1,0.054759438019313544,0.0
40,261.0,2,-0.026113161801240677,0.0
40,261.0,3,-0.03966706707939889,0.0
40,261.0,4,-0.057600601691357146,-0.09147390914630768
40,261.0,5,-0.057600601691357146,0.09147390914630768
40,261.0,6,-0.059013081102133935,-0.16085550958254777
40,261.0,7,-0.059013081102133935,0.16085550958254777
40,261.0,8,-0.07468679086787461,-0.06068196590616883
40,261.0,9,-0.07468679086787461,0.06068196590616883
40,261.0,10,-0.10487672762940954,-0.2754351223458662
40,261.0,11,-0.10487672762940954,0.2754351223458662
40,261.0,12,-0.11494389744050074,-0.5823039889977045
40,261.0,13,-0.11494389744050074,0.5823039889977045
40,261.0,14,-0.11801434283976733,-0.7515440484555587
40,261.0,15,-0.11801434283976733,0.7515440484555587
40,261.0,16,-0.11881148859059917,-0.909063490675807
40,261.0,17,-0.11881148859059917,0.909063490675807
40,261.0,18,-0.12087509015103116,-0.5369937677437545
40,261.0,19,-0.12087509015103116,0.5369937677437545
40,261.0,20,-0.13545687084760233,-1.2469571479361365
40,261.0,21,-0.13545687084760233,1.2469571479361365
40,261.0,22,-0.13652407013470724,-0.029188223214100858
40,261.0,23,-0.13652407013470724,0.029188223214100858
40,261.0,24,-0.13697817207277868,-0.46939980232767614
40,261.0,25,-0.13697817207277868,0.46939980232767614
40,261.0,26,-0.13744423390174976,-0.2492012377962586
40,261.0,27,-0.13744423390174976,0.2492012377962586
40,261.0,28,-0.14268845213844705,-0.3388181619026465
40,261.0,29,-0.14268845213844705,0.3388181619026465
40,261.0,30,-0.14605119693835866,-0.14119162858710801
40,261.0,31,-0.14605119693835866,0.14119162858710801
40,261.0,32,-0.15640800843808808,-0.016146590854676953
40,261.0,33,-0.15640800843808808,0.016146590854676953
40,261.0,34,-0.17113036849230062,-0.22830495604754003
40,261.0,35,-0.17113036849230062,0.22830495604754003
40,261.0,36,-0.17352354736493197,-0.5942634034632174
40,261.0,37,-0.17352354736493197,0.5942634034632174
40,261.0,38,-0.174369683179435,-0.6528229971163102
40,261.0,39,-0.174369683179435,0.6528229971163102
40,261.0,40,-0.20394630650038706,0.0
41,260.0,1,0.0545147941170853,0.0
41,260.0,2,-0.02550072845342466,0.0
41,260.0,3,-0.03986262994085007,0.0
41,260.0,4,-0.058935548492341686,-0.09167374240961558
41,260.0,5,-0.058935548492341686,0.09167374240961558
41,260.0,6,-0.05902601387113871,-0.16186342637688614
41,260.0,7,-0.05902601387113871,0.16186342637688614
41,260.0,8,-0.0747685211778196,-0.061179458065483444
41,260.0,9,-0.0747685211778196,0.061179458065483444
41,260.0,10,-0.1055157054741104,-0.27554711332321835
41,260.0,11,-0.1055157054741104,0.27554711332321835
41,260.0,12,-0.11577571075894827,-0.5826315516182178
41,260.0,13,-0.11577571075894827,0.5826315516182178
41,260.0,14,-0.11960099330514085,-0.7528510296678951
41,260.0,15,-0.11960099330514085,0.7528510296678951
41,260.0,16,-0.11974755718850558,-0.9088801914071118
41,260.0,17,-0.11974755718850558,0.9088801914071118
41,260.0,18,-0.12209422671146024,-0.5366874548463685
41,260.0,19,-0.12209422671146024,0.5366874548463685
41,260.0,20,-0.13616610618757433,-1.246462506993237
41,260.0,21,-0.13616610618757433,1.246462506993237
41,260.0,22,-0.13705130326273707,-0.029109242319624605
41,260.0,23,-0.13705130326273707,0.029109242319624605
41,260.0,24,-0.13729117512261824,-0.46930578919373367
41,260.0,25,-0.13729117512261824,0.46930578919373367
41,260.0,26,-0.13776189047604337,-0.249261003603759
41,260.0,27,-0.13776189047604337,0.249261003603759
41,260.0,28,-0.14345835553823988,-0.3391473164967113
41,260.0,29,-0.14345835553823988,0.3391473164967113
41,260.0,30,-0.1463684369271106,-0.14116990841568278
41,260.0,31,-0.1463684369271106,0.14116990841568278
41,260.0,32,-0.1565538154264947,-0.016381761992064536
41,260.0,33,-0.1565538154264947,0.016381761992064536
41,260.0,34,-0.17253573497978825,-0.22858637224380907
41,260.0,35,-0.17253573497978825,0.22858637224380907
41,260.0,36,-0.17418041667015077,-0.5944227339080087
41,260.0,37,-0.17418041667015077,0.5944227339080087
41,260.0,38,-0.17511965644676258,-0.6523767850042896
41,260.0,39,-0.17511965644676258,0.6523767850042896
41,260.0,40,-0.20677697934361808,0.0
42,259.0,1,0.05427369168801632,0.0
42,259.0,2,-0.02494126415226235,0.0
42,259.0,3,-0.0400542061297707,0.0
42,259.0,4,-0.05906085642106417,-0.1628728829518788
42,259.0,5,-0.05906085642106417,0.1628728829518788
42,259.0,6,-0.06027850903358822,-0.0919140651597597
42,259.0,7,-0.06027850903358822,0.0919140651597597
42,259.0,8,-0.07483469278111957,-0.061648330753129574
42,259.0,9,-0.07483469278111957,0.061648330753129574
42,259.0,10,-0.10624574347571414,-0.2756887751701859
42,259.0,11,-0.10624574347571414,0.2756887751701859
42,259.0,12,-0.11663474863250178,-0.5829848932794791
42,259.0,13,-0.11663474863250178,0.5829848932794791
42,259.0,14,-0.12068678809601222,-0.9086909592614969
42,259.0,15,-0.12068678809601222,0.9086909592614969
42,259.0,16,-0.12120823857581442,-0.7541534222492986
42,259.0,17,-0.12120823857581442,0.7541534222492986
42,259.0,18,-0.12331065983516115,-0.5363620273137617
42,259.0,19,-0.12331065983516115,0.5363620273137617
42,259.0,20,-0.1368781069113722,-1.2459679622395121
42,259.0,21,-0.1368781069113722,1.2459679622395121
42,259.0,22,-0.13761202441820974,-0.46921543411328126
42,259.0,23,-0.13761202441820974,0.46921543411328126
42,259.0,24,-0.13761798724876295,-0.029064239973524603
42,259.0,25,-0.13761798724876295,0.029064239973524603
42,259.0,26,-0.13799598296401827,-0.24930250402050247
42,259.0,27,-0.13799598296401827,0.24930250402050247
42,259.0,28,-0.14424610042068137,-0.33946548005310595
42,259.0,29,-0.14424610042068137,0.33946548005310595
42,259.0,30,-0.146694579590469,-0.1411558558539243
42,259.0,31,-0.146694579590469,0.1411558558539243
42,259.0,32,-0.15665863387885937,-0.016523045310198874
42,259.0,33,-0.15665863387885937,0.016523045310198874
42,259.0,34,-0.17394948802069943,-0.22888530051228756
42,259.0,35,-0.17394948802069943,0.22888530051228756
42,259.0,36,-0.17483944725261563,-0.594554120568671
42,259.0,37,-0.17483944725261563,0.594554120568671
42,259.0,38,-0.17588388943970268,-0.6519257212376587
42,259.0,39,-0.17588388943970268,0.6519257212376587
42,259.0,40,-0.20956507198258445,0.0
43,258.0,1,0.05403724420614279,0.0
43,258.0,2,-0.024434937510693554,0.0
43,258.0,3,-0.0402430369471337,0.0
43,258.0,4,-0.059118486223290564,-0.16388189951778023
43,258.0,5,-0.059118486223290564,0.16388189951778023
43,258.0,6,-0.061625347586666365,-0.09219665958151979
43,258.0,7,-0.061625347586666365,0.09219665958151979
43,258.0,8,-0.07488884332920348,-0.0620867957811345
43,258.0,9,-0.07488884332920348,0.0620867957811345
43,258.0,10,-0.10706796951548689,-0.2758600591213898
43,258.0,11,-0.10706796951548689,0.2758600591213898
43,258.0,12,-0.11752046037881068,-0.5833629031729166
43,258.0,13,-0.11752046037881068,0.5833629031729166
43,258.0,14,-0.12162913158425695,-0.9084961299743106
43,258.0,15,-0.12162913158425695,0.9084961299743106
43,258.0,16,-0.12283464321303598,-0.7554470772444237
43,258.0,17,-0.12283464321303598,0.7554470772444237
43,258.0,18,-0.12452505425398738,-0.5360186849324301
43,258.0,19,-0.12452505425398738,0.5360186849324301
43,258.0,20,-0.13759317193285048,-1.24547374904984
43,258.0,21,-0.13759317193285048,1.24547374904984
43,258.0,22,-0.13794103716856204,-0.46912842004902094
43,258.0,23,-0.13794103716856204,0.46912842004902094
43,258.0,24,-0.1381482302078192,-0.24932937434283786
43,258.0,25,-0.1381482302078192,0.24932937434283786
43,258.0,26,-0.1382247024823522,-0.029056253624571256
43,258.0,27,-0.1382247024823522,0.029056253624571256
43,258.0,28,-0.14505055996111,-0.3397711890571505
43,258.0,29,-0.14505055996111,0.3397711890571505
43,258.0,30,-0.1470298542183176,-0.1411491812155729
43,258.0,31,-0.1470298542183176,0.1411491812155729
43,258.0,32,-0.15672604932547662,-0.016567378551708638
43,258.0,33,-0.15672604932547662,0.016567378551708638
43,258.0,34,-0.17537053720878015,-0.2291976625508452
43,258.0,35,-0.17537053720878015,0.2291976625508452
43,258.0,36,-0.17549909472738487,-0.5946558297035177
43,258.0,37,-0.17549909472738487,0.5946558297035177
43,258.0,38,-0.17666361947512466,-0.6514702489114186
43,258.0,39,-0.17666361947512466,0.6514702489114186
43,258.0,40,-0.2122385925472445,0.0
44,257.0,1,0.05380658623047598,0.0
44,257.0,2,-0.02398211100536531,0.0
44,257.0,3,-0.04043004519468368,0.0
44,257.0,4,-0.05919968184201038,-0.16488831288265926
44,257.0,5,-0.05919968184201038,0.16488831288265926
44,257.0,6,-0.06297120578060811,-0.09252256626256707
44,257.0,7,-0.06297120578060811,0.09252256626256707
44,257.0,8,-0.07493517441871755,-0.062493766011271344
44,257.0,9,-0.07493517441871755,0.062493766011271344
44,257.0,10,-0.10798311338789734,-0.27606216339628364
44,257.0,11,-0.10798311338789734,0.27606216339628364
44,257.0,12,-0.11843202253123908,-0.5837643712908864
44,257.0,13,-0.11843202253123908,0.5837643712908864
44,257.0,14,-0.12257456128584518,-0.9082961191023695
44,257.0,15,-0.12257456128584518,0.9082961191023695
44,257.0,16,-0.12447856498774723,-0.7567276216689361
44,257.0,17,-0.12447856498774723,0.7567276216689361
44,257.0,18,-0.1257381630694546,-0.5356587629344617
44,257.0,19,-0.1257381630694546,0.5356587629344617
44,257.0,20,-0.13822084516582975,-0.24934345772465746
44,257.0,21,-0.13822084516582975,0.24934345772465746
44,257.0,22,-0.13827856131148786,-0.46904446492186974
44,257.0,23,-0.13827856131148786,0.46904446492186974
44,257.0,24,-0.13831162735627947,-1.2449800918359135
44,257.0,25,-0.13831162735627947,1.2449800918359135
44,257.0,26,-0.13887085807262495,-0.029089230958821505
44,257.0,27,-0.13887085807262495,0.029089230958821505
44,257.0,28,-0.14587053912626682,-0.3400629273968156
44,257.0,29,-0.14587053912626682,0.3400629273968156
44,257.0,30,-0.14737451260242912,-0.14114944108476732
44,257.0,31,-0.14737451260242912,0.14114944108476732
44,257.0,32,-0.1567606785837705,-0.016510286238728245
44,257.0,33,-0.1567606785837705,0.016510286238728245
44,257.0,34,-0.17615780141030665,-0.5947260827231527
44,257.0,35,-0.17615780141030665,0.5947260827231527
44,257.0,36,-0.17679759585302426,-0.2295198529641603
44,257.0,37,-0.17679759585302426,0.2295198529641603
44,257.0,38,-0.17746015097284423,-0.6510108593221886
44,257.0,39,-0.17746015097284423,0.6510108593221886
44,257.0,40,-0.21440635161640698,-0.04131357264733407
45,256.0,1,0.05358284968979718,0.0
45,256.0,2,-0.023583200762583065,0.0
45,256.0,3,-0.04061592538721288,0.0
45,256.0,4,-0.05930510408727439,-0.16588979936955608
45,256.0,5,-0.05930510408727439,0.16588979936955608
45,256.0,6,-0.06431066126951818,-0.09289184540564846
45,256.0,7,-0.06431066126951818,0.09289184540564846
45,256.0,8,-0.07497840791846436,-0.062869103554056
45,256.0,9,-0.07497840791846436,0.062869103554056
45,256.0,10,-0.10899136237770823,-0.27629763312142636
45,256.0,11,-0.10899136237770823,0.27629763312142636
45,256.0,12,-0.11936835539146659,-0.584187996243163
45,256.0,13,-0.11936835539146659,0.584187996243163
45,256.0,14,-0.1235230786294437,-0.9080914205939846
45,256.0,15,-0.1235230786294437,0.9080914205939846
45,256.0,16,-0.12613816745760947,-0.7579905190346145
45,256.0,17,-0.12613816745760947,0.7579905190346145
45,256.0,18,-0.1269508017833424,-0.5352837333704307
45,256.0,19,-0.1269508017833424,0.5352837333704307
45,256.0,20,-0.138216568412264,-0.24934469623955205
45,256.0,21,-0.138216568412264,0.24934469623955205
45,256.0,22,-0.13862497402293478,-0.4689633269010502
45,256.0,23,-0.13862497402293478,0.4689633269010502
45,256.0,24,-0.13903382372526676,-1.2444871987193922
45,256.0,25,-0.13903382372526676,1.2444871987193922
45,256.0,26,-0.13955424814343284,-0.02916791206132162
45,256.0,27,-0.13955424814343284,0.02916791206132162
45,256.0,28,-0.14670479059457864,-0.34033913935706955
45,256.0,29,-0.14670479059457864,0.34033913935706955
45,256.0,30,-0.14772882411850832,-0.1411560413626976
45,256.0,31,-0.14772882411850832,0.1411560413626976
45,256.0,32,-0.15676856548457088,-0.01634595038888587
45,256.0,33,-0.15676856548457088,0.01634595038888587
45,256.0,34,-0.1768140196788381,-0.5947630689686184
45,256.0,35,-0.1768140196788381,0.5947630689686184
45,256.0,36,-0.178229269563183,-0.2298487648935815
45,256.0,37,-0.178229269563183,0.2298487648935815
45,256.0,38,-0.17827484095358276,-0.6505480909773891
45,256.0,39,-0.17827484095358276,0.6505480909773891
45,256.0,40,-0.2149946324073596,-0.04114901952434802
46,255.0,1,0.05336713741499085,0.0
46,255.0,2,-0.02323856827285045,0.0
46,255.0,3,-0.04080120383719703,0.0
46,255.0,4,-0.05943527838416972,-0.16688390740178738
46,255.0,5,-0.05943527838416972,0.16688390740178738
46,255.0,6,-0.0656379977040363,-0.09330339451589513
46,255.0,7,-0.0656379977040363,0.09330339451589513
46,255.0,8,-0.0750235338085808,-0.06321381344558155
46,255.0,9,-0.0750235338085808,0.06321381344558155
46,255.0,10,-0.1100921219460967,-0.2765704733735472
46,255.0,11,-0.1100921219460967,0.2765704733735472
46,255.0,12,-0.12032814327723668,-0.5846323974359526
46,255.0,13,-0.12032814327723668,0.5846323974359526
46,255.0,14,-0.12447471692182269,-0.9078826022207311
46,255.0,15,-0.12447471692182269,0.9078826022207311
46,255.0,16,-0.12781144107642795,-0.7592311429595532
46,255.0,17,-0.12781144107642795,0.7592311429595532
46,255.0,18,-0.12816382291903605,-0.5348952007523797
46,255.0,19,-0.12816382291903605,0.5348952007523797
46,255.0,20,-0.13813879481921398,-0.24933103405871712
46,255.0,21,-0.13813879481921398,0.24933103405871712
46,255.0,22,-0.13898067876537312,-0.46888480933937343
46,255.0,23,-0.13898067876537312,0.46888480933937343
46,255.0,24,-0.13976013223475006,-1.2439952559527292
46,255.0,25,-0.13976013223475006,1.2439952559527292
46,255.0,26,-0.14027051972982812,-0.029297438150869083
46,255.0,27,-0.14027051972982812,0.029297438150869083
46,255.0,28,-0.14755203586569732,-0.3405982460559573
46,255.0,29,-0.14755203586569732,0.3405982460559573
46,255.0,30,-0.14809306967425342,-0.14116824478976717
46,255.0,31,-0.14809306967425342,0.14116824478976717
46,255.0,32,-0.15675767078324115,-0.01606748835212904
46,255.0,33,-0.15675767078324115,0.01606748835212904
46,255.0,34,-0.17746624023942048,-0.5947649602819827
46,255.0,35,-0.17746624023942048,0.5947649602819827
46,255.0,36,-0.17910908027327443,-0.6500825283250206
46,255.0,37,-0.17910908027327443,0.6500825283250206
46,255.0,38,-0.17966414833786704,-0.23018179231179026
46,255.0,39,-0.17966414833786704,0.23018179231179026
46,255.0,40,-0.21560596891131673,-0.04109145464370261
47,254.0,1,0.053160495099664376,0.0
47,254.0,2,-0.022948435048603492,0.0
47,254.0,3,-0.040986280129842456,0.0
47,254.0,4,-0.059590579680914135,-0.16786809936106503
47,254.0,5,-0.059590579680914135,0.16786809936106503
47,254.0,6,-0.06694756045503733,-0.09375487700880247
47,254.0,7,-0.06694756045503733,0.09375487700880247
47,254.0,8,-0.07507547442162209,-0.06353012791647546
47,254.0,9,-0.07507547442162209,0.06353012791647546
47,254.0,10,-0.11128365635262556,-0.27688624183983684
47,254.0,11,-0.11128365635262556,0.27688624183983684
47,254.0,12,-0.1213098578579538,-0.5850961322539626
47,254.0,13,-0.1213098578579538,0.5850961322539626
47,254.0,14,-0.12542954478379598,-0.9076702976918651
47,254.0,15,-0.12542954478379598,0.9076702976918651
47,254.0,16,-0.12937809232414876,-0.5344948906405239
47,254.0,17,-0.12937809232414876,0.5344948906405239
47,254.0,18,-0.12949623291800172,-0.7604448616579148
47,254.0,19,-0.12949623291800172,0.7604448616579148
47,254.0,20,-0.13799182949243238,-0.24929836389823384
47,254.0,21,-0.13799182949243238,0.24929836389823384
47,254.0,22,-0.13934610089289662,-0.46880876503851304
47,254.0,23,-0.13934610089289662,0.46880876503851304
47,254.0,24,-0.14049093997999776,-1.2435044223389438
47,254.0,25,-0.14049093997999776,1.2435044223389438
47,254.0,26,-0.14101270286016476,-0.029482556498021336
47,254.0,27,-0.14101270286016476,0.029482556498021336
47,254.0,28,-0.1484109911805544,-0.3408386649102768
47,254.0,29,-0.1484109911805544,0.3408386649102768
47,254.0,30,-0.1484675348242993,-0.14118518306546468
47,254.0,31,-0.1484675348242993,0.14118518306546468
47,254.0,32,-0.15673830617013157,-0.015667550648376206
47,254.0,33,-0.15673830617013157,0.015667550648376206
47,254.0,34,-0.17811302501302811,-0.5947299268495491
47,254.0,35,-0.17811302501302811,0.5947299268495491
47,254.0,36,-0.17996427081020328,-0.6496148002913739
47,254.0,37,-0.17996427081020328,0.6496148002913739
47,254.0,38,-0.18110089216902264,-0.23051681074628136
47,254.0,39,-0.18110089216902264,0.23051681074628136
47,254.0,40,-0.2162533968758696,-0.04113218152904347
48,253.0,1,0.0529638831874673,0.0
48,253.0,2,-0.022712816177105386,0.0
48,253.0,3,-0.041171456725456336,0.0
48,253.0,4,-0.059771221193695254,-0.16883980145261435
48,253.0,5,-0.059771221193695254,0.16883980145261435
48,253.0,6,-0.06823414130737004,-0.09424279840888637
48,253.0,7,-0.06823414130737004,0.09424279840888637
48,253.0,8,-0.07513872087143399,-0.0638214440109802
48,253.0,9,-0.07513872087143399,0.0638214440109802
48,253.0,10,-0.11256258462582508,-0.2772520572267114
48,253.0,11,-0.11256258462582508,0.2772520572267114
48,253.0,12,-0.12231178369769237,-0.5855777181437168
48,253.0,13,-0.12231178369769237,0.5855777181437168
48,253.0,14,-0.12638766864830753,-0.907455195526564
48,253.0,15,-0.12638766864830753,0.907455195526564
48,253.0,16,-0.13059446819244175,-0.5340846305722684
48,253.0,17,-0.13059446819244175,0.5340846305722684
48,253.0,18,-0.1311902843888442,-0.7616271298491781
48,253.0,19,-0.1311902843888442,0.7616271298491781
48,253.0,20,-0.13778130582204212,-0.24924057541799224
48,253.0,21,-0.13778130582204212,0.24924057541799224
48,253.0,22,-0.13972168194601714,-0.4687350995352417
48,253.0,23,-0.13972168194601714,0.4687350995352417
48,253.0,24,-0.1412266444040885,-1.2430148239454637
48,253.0,25,-0.1412266444040885,1.2430148239454637
48,253.0,26,-0.14177110778938756,-0.029726381940008793
48,253.0,27,-0.14177110778938756,0.029726381940008793
48,253.0,28,-0.14885250244998285,-0.14120587333391818
48,253.0,29,-0.14885250244998285,0.14120587333391818
48,253.0,30,-0.14928039743073168,-0.3410588314246849
48,253.0,31,-0.14928039743073168,0.3410588314246849
48,253.0,32,-0.15672320773526044,-0.015139243640741411
48,253.0,33,-0.15672320773526044,0.015139243640741411
48,253.0,34,-0.1787530439646965,-0.5946561537587512
48,253.0,35,-0.1787530439646965,0.5946561537587512
48,253.0,36,-0.18084179916007181,-0.649145578666808
48,253.0,37,-0.18084179916007181,0.649145578666808
48,253.0,38,-0.18253830275355354,-0.23085214087019187
48,253.0,39,-0.18253830275355354,0.23085214087019187
48,253.0,40,-0.2169457492531424,-0.04125935741557575
49,252.0,1,0.05277815056990729,0.0
49,252.0,2,-0.02253147098260045,0.0
49,252.0,3,-0.04135696079803968,0.0
49,252.0,4,-0.05997724798275322,-0.1697964594467266
49,252.0,5,-0.05997724798275322,0.1697964594467266
49,252.0,6,-0.0694933193974746,-0.09476273021686288
49,252.0,7,-0.0694933193974746,0.09476273021686288
49,252.0,8,-0.07521701324070221,-0.0640921135261022
49,252.0,9,-0.07521701324070221,0.0640921135261022
49,252.0,10,-0.11392322916526529,-0.2776764179501228
49,252.0,11,-0.11392322916526529,0.2776764179501228
49,252.0,12,-0.12333204489892782,-0.5860756587538818
49,252.0,13,-0.12333204489892782,0.5860756587538818
49,252.0,14,-0.12734923400546755,-0.9072380250572194
49,252.0,15,-0.12734923400546755,0.9072380250572194
49,252.0,16,-0.13181378376171515,-0.5336663236139769
49,252.0,17,-0.13181378376171515,0.5336663236139769
49,252.0,18,-0.13289127541227258,-0.762773583473427
49,252.0,19,-0.13289127541227258,0.762773583473427
49,252.0,20,-0.13751477352952995,-0.24914980490060054
49,252.0,21,-0.13751477352952995,0.24914980490060054
49,252.0,22,-0.14010787289935295,-0.4686637731319845
49,252.0,23,-0.14010787289935295,0.4686637731319845
49,252.0,24,-0.1419676471276249,-1.2425265493664461
49,252.0,25,-0.1419676471276249,1.2425265493664461
49,252.0,26,-0.14253397960383246,-0.030028944117310555
49,252.0,27,-0.14253397960383246,0.030028944117310555
49,252.0,28,-0.14924824541071285,-0.14122923850528274
49,252.0,29,-0.14924824541071285,0.14122923850528274
49,252.0,30,-0.15015905272272895,-0.3412572222030934
49,252.0,31,-0.15015905272272895,0.3412572222030934
49,252.0,32,-0.1567268590451849,-0.01447708257191309
49,252.0,33,-0.1567268590451849,0.01447708257191309
49,252.0,34,-0.17938511453176964,-0.5945418578458171
49,252.0,35,-0.17938511453176964,0.5945418578458171
49,252.0,36,-0.18174300786643358,-0.6486755763016727
49,252.0,37,-0.18174300786643358,0.6486755763016727
49,252.0,38,-0.1839753767387896,-0.23118650053371956
49,252.0,39,-0.1839753767387896,0.23118650053371956
49,252.0,40,-0.21768761714548648,-0.04146012434249252
50,251.0,1,0.05260401057270963,0.0
50,251.0,2,-0.022403871858716316,0.0
50,251.0,3,-0.04154296065063199,0.0
50,251.0,4,-0.060208536878801205,-0.170735597537476
50,251.0,5,-0.060208536878801205,0.170735597537476
50,251.0,6,-0.07072169328047803,-0.09530964374599855
50,251.0,7,-0.07072169328047803,0.09530964374599855
50,251.0,8,-0.07531312760694561,-0.0643471239499113
50,251.0,9,-0.07531312760694561,0.0643471239499113
50,251.0,10,-0.11535688062244298,-0.27816868071789197
50,251.0,11,-0.11535688062244298,0.27816868071789197
50,251.0,12,-0.12436863127410189,-0.5865884719337721
50,251.0,13,-0.12436863127410189,0.5865884719337721
50,251.0,14,-0.12831442557836517,-0.907019540122353
50,251.0,15,-0.12831442557836517,0.907019540122353
50,251.0,16,-0.13303683414046963,-0.5332419154343656
50,251.0,17,-0.13303683414046963,0.5332419154343656
50,251.0,18,-0.1345968739346522,-0.7638801326689161
50,251.0,19,-0.1345968739346522,0.7638801326689161
50,251.0,20,-0.13720239382496863,-0.24901702725315045
50,251.0,21,-0.13720239382496863,0.24901702725315045
50,251.0,22,-0.1405051266364381,-0.4685948015270451
50,251.0,23,-0.1405051266364381,0.4685948015270451
50,251.0,24,-0.14271434784384274,-1.242039646189517
50,251.0,25,-0.14271434784384274,1.242039646189517
50,251.0,26,-0.1432890995259204,-0.03038611923045228
50,251.0,27,-0.1432890995259204,0.03038611923045228
50,251.0,28,-0.14965502008841897,-0.141254129923242
50,251.0,29,-0.14965502008841897,0.141254129923242
50,251.0,30,-0.15104584673606225,-0.3414323788683345
50,251.0,31,-0.15104584673606225,0.3414323788683345
50,251.0,32,-0.15676387438756567,-0.013677250903867929
50,251.0,33,-0.15676387438756567,0.013677250903867929
50,251.0,34,-0.18000824405954613,-0.5943853041951942
50,251.0,35,-0.18000824405954613,0.5943853041951942
50,251.0,36,-0.1826691644975007,-0.6482055449083747
50,251.0,37,-0.1826691644975007,0.6482055449083747
50,251.0,38,-0.18541134095311607,-0.23151895180343093
50,251.0,39,-0.18541134095311607,0.23151895180343093
50,251.0,40,-0.21848012112206122,-0.04172215092302405
51,250.0,1,0.05244202415827076,0.0
51,250.0,2,-0.022329187442560638,0.0
51,250.0,3,-0.04172957878119921,0.0
51,250.0,4,-0.06046480133348943,-0.17165487618051925
51,250.0,5,-0.06046480133348943,0.17165487618051925
51,250.0,6,-0.07191697562195801,-0.09587828201202096
51,250.0,7,-0.07191697562195801,0.09587828201202096
51,250.0,8,-0.07542879844221709,-0.06459173700083236
51,250.0,9,-0.07542879844221709,0.06459173700083236
51,250.0,10,-0.116851158218132,-0.27873806000175894
51,250.0,11,-0.116851158218132,0.27873806000175894
51,250.0,12,-0.12541942336229472,-0.587114718293668
51,250.0,13,-0.12541942336229472,0.587114718293668
51,250.0,14,-0.1292834654032647,-0.9068005017296219
51,250.0,15,-0.1292834654032647,0.9068005017296219
51,250.0,16,-0.13426436823769577,-0.532813357534847
51,250.0,17,-0.13426436823769577,0.532813357534847
51,250.0,18,-0.13630478532952828,-0.7649430450072727
51,250.0,19,-0.13630478532952828,0.7649430450072727
51,250.0,20,-0.13685756439453967,-0.24883313078941335
51,250.0,21,-0.13685756439453967,0.24883313078941335
51,250.0,22,-0.14091389038738056,-0.4685282549010225
51,250.0,23,-0.14091389038738056,0.4685282549010225
51,250.0,24,-0.14346713770590508,-1.2415541180834513
51,250.0,25,-0.14346713770590508,1.2415541180834513
51,250.0,26,-0.1440259483434197,-0.03078965225015097
51,250.0,27,-0.1440259483434197,0.03078965225015097
51,250.0,28,-0.15007306029057316,-0.14127935249554383
51,250.0,29,-0.15007306029057316,0.14127935249554383
51,250.0,30,-0.15193979323902734,-0.34158292921623273
51,250.0,31,-0.15193979323902734,0.34158292921623273
51,250.0,32,-0.15684682868851618,-0.012736205454103457
51,250.0,33,-0.15684682868851618,0.012736205454103457
51,250.0,34,-0.1806216686470133,-0.5941848230220913
51,250.0,35,-0.1806216686470133,0.5941848230220913
51,250.0,36,-0.18362143238330875,-0.6477362723757124
51,250.0,37,-0.18362143238330875,0.6477362723757124
51,250.0,38,-0.18684566577625095,-0.23184884557702817
51,250.0,39,-0.18684566577625095,0.23184884557702817
51,250.0,40,-0.21932195831868412,-0.042034469330743104
52,249.0,1,0.05229258657783429,0.0
52,249.0,2,-0.022306283831920116,0.0
52,249.0,3,-0.04191690199402104,0.0
52,249.0,4,-0.06074560326211681,-0.17255214719869064
52,249.0,5,-0.06074560326211681,0.17255214719869064
52,249.0,6,-0.07307795237718476,-0.09646351128112798
52,249.0,7,-0.07307795237718476,0.09646351128112798
52,249.0,8,-0.0755647715491775,-0.06483114894516537
52,249.0,9,-0.0755647715491775,0.06483114894516537
52,249.0,10,-0.11838981258610506,-0.27939210299281514
52,249.0,11,-0.11838981258610506,0.27939210299281514
52,249.0,12,-0.12648221401811882,-0.5876530262235613
52,249.0,13,-0.12648221401811882,0.5876530262235613
52,249.0,14,-0.13025661014446405,-0.9065816599981967
52,249.0,15,-0.13025661014446405,0.9065816599981967
52,249.0,16,-0.13549708522944923,-0.5323825677673296
52,249.0,17,-0.13549708522944923,0.5323825677673296
52,249.0,18,-0.1364971201781206,-0.24859050575826774
52,249.0,19,-0.1364971201781206,0.24859050575826774
52,249.0,20,-0.13801280316236553,-0.765959018584562
52,249.0,21,-0.13801280316236553,0.765959018584562
52,249.0,22,-0.14133459809111376,-0.468464255509882
52,249.0,23,-0.14133459809111376,0.468464255509882
52,249.0,24,-0.1442263937825202,-1.2410699237279033
52,249.0,25,-0.1442263937825202,1.2410699237279033
52,249.0,26,-0.14473752097271472,-0.03122848764640659
52,249.0,27,-0.14473752097271472,0.03122848764640659
52,249.0,28,-0.1505025733716855,-0.14130368900277188
52,249.0,29,-0.1505025733716855,0.14130368900277188
52,249.0,30,-0.15284006201965294,-0.3417076080561271
52,249.0,31,-0.15284006201965294,0.3417076080561271
52,249.0,32,-0.15698444260724714,-0.011646848145313395
52,249.0,33,-0.15698444260724714,0.011646848145313395
52,249.0,34,-0.181224893591227,-0.5939388266417316
52,249.0,35,-0.181224893591227,0.5939388266417316
52,249.0,36,-0.18460084097732204,-0.6472685788635565
52,249.0,37,-0.18460084097732204,0.6472685788635565
52,249.0,38,-0.1882780662295776,-0.23217577058787797
52,249.0,39,-0.1882780662295776,0.23217577058787797
52,249.0,40,-0.2202103670947636,-0.042387768312240164
53,248.0,1,0.052155922200302206,0.0
53,248.0,2,-0.022333739504290556,0.0
53,248.0,3,-0.04210498968404606,0.0
53,248.0,4,-0.06105036963253252,-0.1734255009950357
53,248.0,5,-0.06105036963253252,0.1734255009950357
53,248.0,6,-0.0742043442306089,-0.09706059731976943
53,248.0,7,-0.0742043442306089,0.09706059731976943
53,248.0,8,-0.0757209499866261,-0.06507022196883015
53,248.0,9,-0.0757209499866261,0.06507022196883015
53,248.0,10,-0.11995337393548355,-0.2801348954632834
53,248.0,11,-0.11995337393548355,0.2801348954632834
53,248.0,12,-0.1275547265741715,-0.5882021113358382
53,248.0,13,-0.1275547265741715,0.5882021113358382
53,248.0,14,-0.1312341468047596,-0.9063637372022779
53,248.0,15,-0.1312341468047596,0.9063637372022779
53,248.0,16,-0.13614070639622017,-0.24828489634661846
53,248.0,17,-0.13614070639622017,0.24828489634661846
53,248.0,18,-0.13673563570461897,-0.5319513919500428
53,248.0,19,-0.13673563570461897,0.5319513919500428
53,248.0,20,-0.1397188546359388,-0.7669252364406551
53,248.0,21,-0.1397188546359388,0.7669252364406551
53,248.0,22,-0.14176766362183343,-0.46840297399621317
53,248.0,23,-0.14176766362183343,0.46840297399621317
53,248.0,24,-0.14499247398950296,-1.24058697693915
53,248.0,25,-0.14499247398950296,1.24058697693915
53,248.0,26,-0.14542099097590638,-0.03169081639418107
53,248.0,27,-0.14542099097590638,0.03169081639418107
53,248.0,28,-0.15094373784399162,-0.14132592369959993
53,248.0,29,-0.15094373784399162,0.14132592369959993
53,248.0,30,-0.1537460063719533,-0.3418052736734011
53,248.0,31,-0.1537460063719533,0.3418052736734011
53,248.0,32,-0.15718092640712794,-0.010391466587319723
53,248.0,33,-0.15718092640712794,0.010391466587319723
53,248.0,34,-0.1818177277327498,-0.593645827650033
53,248.0,35,-0.1818177277327498,0.593645827650033
53,248.0,36,-0.18560826023792543,-0.6468033115483739
53,248.0,37,-0.18560826023792543,0.6468033115483739
53,248.0,38,-0.1897084884471656,-0.2324995064637709
53,248.0,39,-0.1897084884471656,0.2324995064637709
53,248.0,40,-0.22114186998127106,-0.04277436284381835
54,247.0,1,0.05203208582118692,0.0
54,247.0,2,-0.0224098728100712,0.0
54,247.0,3,-0.042293880544496155,0.0
54,247.0,4,-0.061378413275717275,-0.1742733043578374
54,247.0,5,-0.061378413275717275,0.1742733043578374
54,247.0,6,-0.0752966144239803,-0.0976653891843286
54,247.0,7,-0.0752966144239803,0.0976653891843286
54,247.0,8,-0.0758965879900512,-0.06531330558350024
54,247.0,9,-0.0758965879900512,0.06531330558350024
54,247.0,10,-0.12152085381948248,-0.2809655967603463
54,247.0,11,-0.12152085381948248,0.2809655967603463
54,247.0,12,-0.12863462881773202,-0.5887607873623957
54,247.0,13,-0.12863462881773202,0.5887607873623957
54,247.0,14,-0.13221638750259793,-0.906147412540353
54,247.0,15,-0.13221638750259793,0.906147412540353
54,247.0,16,-0.13580910942355706,-0.24791691302455063
54,247.0,17,-0.13580910942355706,0.24791691302455063
54,247.0,18,-0.13798062682202672,-0.5315215685223452
54,247.0,19,-0.13798062682202672,0.5315215685223452
54,247.0,20,-0.14142103997632352,-0.7678394019606071
54,247.0,21,-0.14142103997632352,0.7678394019606071
54,247.0,22,-0.14221347503410955,-0.4683446246358442
54,247.0,23,-0.14221347503410955,0.4683446246358442
54,247.0,24,-0.145765713098743,-1.2401051482110617
54,247.0,25,-0.145765713098743,1.2401051482110617
54,247.0,26,-0.1460771644969172,-0.032165901557824665
54,247.0,27,-0.1460771644969172,0.032165901557824665
54,247.0,28,-0.15139670312015052,-0.14134486336458396
54,247.0,29,-0.15139670312015052,0.14134486336458396
54,247.0,30,-0.15465718625063252,-0.341874920657529
54,247.0,31,-0.15465718625063252,0.341874920657529
54,247.0,32,-0.1574365414553116,-0.008928328583719652
54,247.0,33,-0.1574365414553116,0.008928328583719652
54,247.0,34,-0.1824003121555664,-0.5933044594395416
54,247.0,35,-0.1824003121555664,0.5933044594395416
54,247.0,36,-0.18664437909406667,-0.6463413373853727
54,247.0,37,-0.18664437909406667,0.6463413373853727
54,247.0,38,-0.19113708760106818,-0.23281998309165908
54,247.0,39,-0.19113708760106818,0.23281998309165908
54,247.0,40,-0.2221127818835194,-0.04318801445966089
55,246.0,1,0.05192097029124755,0.0
55,246.0,2,-0.02253277911344812,0.0
55,246.0,3,-0.04248359802178983,0.0
55,246.0,4,-0.061728956459507815,-0.17509422696409188
55,246.0,5,-0.061728956459507815,0.17509422696409188
55,246.0,6,-0.07609049242873922,-0.06556414486805497
55,246.0,7,-0.07609049242873922,0.06556414486805497
55,246.0,8,-0.07635576345959158,-0.09827441321347186
55,246.0,9,-0.07635576345959158,0.09827441321347186
55,246.0,10,-0.12307217958398793,-0.28187802709110416
55,246.0,11,-0.12307217958398793,0.28187802709110416
55,246.0,12,-0.12971954319571039,-0.5893279663967984
55,246.0,13,-0.12971954319571039,0.5893279663967984
55,246.0,14,-0.13320366357929528,-0.9059333095096666
55,246.0,15,-0.13320366357929528,0.9059333095096666
55,246.0,16,-0.13552186202795707,-0.24749248219284894
55,246.0,17,-0.13552186202795707,0.24749248219284894
55,246.0,18,-0.13923263073082165,-0.5310946984373506
55,246.0,19,-0.13923263073082165,0.5310946984373506
55,246.0,20,-0.1426723901572304,-0.4682894598623717
55,246.0,21,-0.1426723901572304,0.4682894598623717
55,246.0,22,-0.14311766355311212,-0.7686997538745746
55,246.0,23,-0.14311766355311212,0.7686997538745746
55,246.0,24,-0.14654641991620854,-1.2396242674914901
55,246.0,25,-0.14654641991620854,1.2396242674914901
55,246.0,26,-0.14670928627406965,-0.03264510946110139
55,246.0,27,-0.14670928627406965,0.03264510946110139
55,246.0,28,-0.1518615913719794,-0.1413593549831832
55,246.0,29,-0.1518615913719794,0.1413593549831832
55,246.0,30,-0.15557338642997137,-0.3419156886256186
55,246.0,31,-0.15557338642997137,0.3419156886256186
55,246.0,32,-0.15774881605859345,-0.007157297702420143
55,246.0,33,-0.15774881605859345,0.007157297702420143
55,246.0,34,-0.18297314075784074,-0.5929135003522974
55,246.0,35,-0.18297314075784074,0.5929135003522974
55,246.0,36,-0.18770968935266436,-0.6458835335421815
55,246.0,37,-0.18770968935266436,0.6458835335421815
55,246.0,38,-0.19256420021789455,-0.233137246391637
55,246.0,39,-0.19256420021789455,0.233137246391637
55,246.0,40,-0.22311952714076105,-0.043623708041975955
56,245.0,1,0.05182231950805006,0.0
56,245.0,2,-0.02270037441380852,0.0
56,245.0,3,-0.0426741547273975,0.0
56,245.0,4,-0.06210115574111141,-0.17588725593816992
56,245.0,5,-0.06210115574111141,0.17588725593816992
56,245.0,6,-0.07630120451674886,-0.06582585858180925
56,245.0,7,-0.07630120451674886,0.06582585858180925
56,245.0,8,-0.07738313837635838,-0.0988848942347315
56,245.0,9,-0.07738313837635838,0.0988848942347315
56,245.0,10,-0.12459052119544217,-0.28286163565867545
56,245.0,11,-0.12459052119544217,0.28286163565867545
56,245.0,12,-0.13080705436338974,-0.5899026471039357
56,245.0,13,-0.13080705436338974,0.5899026471039357
56,245.0,14,-0.1341963194014118,-0.9057219864202473
56,245.0,15,-0.1341963194014118,0.9057219864202473
56,245.0,16,-0.13529495895931987,-0.24702190481576206
56,245.0,17,-0.13529495895931987,0.24702190481576206
56,245.0,18,-0.1404921953881023,-0.5306722217501355
56,245.0,19,-0.1404921953881023,0.5306722217501355
56,245.0,20,-0.14314473369397607,-0.4682377644292266
56,245.0,21,-0.14314473369397607,0.4682377644292266
56,245.0,22,-0.14480725564681987,-0.7695050615841009
56,245.0,23,-0.14480725564681987,0.7695050615841009
56,245.0,24,-0.1473218226890286,-0.033122148116363236
56,245.0,25,-0.1473218226890286,0.033122148116363236
56,245.0,26,-0.1473348756762282,-1.2391441279677067
56,245.0,27,-0.1473348756762282,1.2391441279677067
56,245.0,28,-0.15233850141773497,-0.14136829950418248
56,245.0,29,-0.15233850141773497,0.14136829950418248
56,245.0,30,-0.1564946297528772,-0.3419268670966316
56,245.0,31,-0.1564946297528772,0.3419268670966316
56,245.0,32,-0.1581137894401928,-0.004772992357809063
56,245.0,33,-0.1581137894401928,0.004772992357809063
56,245.0,34,-0.18353707061492033,-0.5924719027068126
56,245.0,35,-0.18353707061492033,0.5924719027068126
56,245.0,36,-0.18880447589573418,-0.6454307753078007
56,245.0,37,-0.18880447589573418,0.6454307753078007
56,245.0,38,-0.19399031381767157,-0.23345143024758244
56,245.0,39,-0.19399031381767157,0.23345143024758244
56,245.0,40,-0.22415881896093184,-0.04407743794558928
57,244.0,1,0.05173574549219707,0.0
57,244.0,2,-0.022910442214296334,0.0
57,244.0,3,-0.042865555967483225,0.0
57,244.0,4,-0.062494126671341854,-0.17665169881769094
57,244.0,5,-0.062494126671341854,0.17665169881769094
57,244.0,6,-0.07652714816716749,-0.06610096591790654
57,244.0,7,-0.07652714816716749,0.06610096591790654
57,244.0,8,-0.07838027097305215,-0.09949472543316872
57,244.0,9,-0.07838027097305215,0.09949472543316872
57,244.0,10,-0.12606365644843162,-0.2839034612351962
57,244.0,11,-0.12606365644843162,0.2839034612351962
57,244.0,12,-0.13189471598396574,-0.5904838904809286
57,244.0,13,-0.13189471598396574,0.5904838904809286
57,244.0,14,-0.13513953319493205,-0.24651791310935092
57,244.0,15,-0.13513953319493205,0.24651791310935092
57,244.0,16,-0.13519470621400514,-0.905513930283876
57,244.0,17,-0.13519470621400514,0.905513930283876
57,244.0,18,-0.1417598569091255,-0.5302554016304578
57,244.0,19,-0.1417598569091255,0.5302554016304578
57,244.0,20,-0.14363079584748129,-0.4681898495580749
57,244.0,21,-0.14363079584748129,0.4681898495580749
57,244.0,22,-0.1464885845987421,-0.7702546029607611
57,244.0,23,-0.1464885845987421,0.7702546029607611
57,244.0,24,-0.14791955523948197,-0.03359281584837973
57,244.0,25,-0.14791955523948197,0.03359281584837973
57,244.0,26,-0.1481313336032794,-1.2386644905818027
57,244.0,27,-0.1481313336032794,1.2386644905818027
57,244.0,28,-0.15282751442990444,-0.14137066149587968
57,244.0,29,-0.15282751442990444,0.14137066149587968
57,244.0,30,-0.15619166928820558,0.0
57,244.0,31,-0.15742118604398572,-0.34190789722360737
57,244.0,32,-0.15742118604398572,0.34190789722360737
57,244.0,33,-0.16086222868972708,0.0
57,244.0,34,-0.1840933199902945,-0.5919788275396553
57,244.0,35,-0.1840933199902945,0.5919788275396553
57,244.0,36,-0.18992881371021475,-0.6449839215479595
57,244.0,37,-0.18992881371021475,0.6449839215479595
57,244.0,38,-0.19541603622946024,-0.23376273402419367
57,244.0,39,-0.19541603622946024,0.23376273402419367
57,244.0,40,-0.2252277469419337,-0.04454602419933059
58,243.0,1,0.05166074812268847,0.0
58,243.0,2,-0.023160680638086593,0.0
58,243.0,3,-0.043057802523693,0.0
58,243.0,4,-0.06290696711711877,-0.1773871761166993
58,243.0,5,-0.06290696711711877,0.1773871761166993
58,243.0,6,-0.07676674178715015,-0.06639144243072984
58,243.0,7,-0.07676674178715015,0.06639144243072984
58,243.0,8,-0.07934874917192211,-0.10010240668188913
58,243.0,9,-0.07934874917192211,0.10010240668188913
58,243.0,10,-0.12748407535841932,-0.28499024942945983
58,243.0,11,-0.12748407535841932,0.28499024942945983
58,243.0,12,-0.13298005939367294,-0.5910707838597128
58,243.0,13,-0.13298005939367294,0.5910707838597128
58,243.0,14,-0.13506178911812566,-0.24599356183390858
58,243.0,15,-0.13506178911812566,0.24599356183390858
58,243.0,16,-0.13619917635502887,-0.9053095540272044
58,243.0,17,-0.13619917635502887,0.9053095540272044
58,243.0,18,-0.1430361526789804,-0.5298453158158246
58,243.0,19,-0.1430361526789804,0.5298453158158246
58,243.0,20,-0.1441308323827741,-0.4681460473785588
58,243.0,21,-0.1441308323827741,0.4681460473785588
58,243.0,22,-0.1481606598255703,-0.7709481277884322
58,243.0,23,-0.1481606598255703,0.7709481277884322
58,243.0,24,-0.14850703637792767,-0.034054562352824745
58,243.0,25,-0.14850703637792767,0.034054562352824745
58,243.0,26,-0.14893601951386298,-1.238185088976823
58,243.0,27,-0.14893601951386298,1.238185088976823
58,243.0,28,-0.15320615670579676,0.0
58,243.0,29,-0.15332870117130754,-0.14136547488228526
58,243.0,30,-0.15332870117130754,0.14136547488228526
58,243.0,31,-0.15835357762451718,-0.34185837148904324
58,243.0,32,-0.15835357762451718,0.34185837148904324
58,243.0,33,-0.1647614578113633,0.0
58,243.0,34,-0.18464345178917674,-0.5914336851537486
58,243.0,35,-0.18464345178917674,0.5914336851537486
58,243.0,36,-0.19108257197628004,-0.6445437981010435
58,243.0,37,-0.19108257197628004,0.6445437981010435
58,243.0,38,-0.19684206633407036,-0.23407140495557419
58,243.0,39,-0.19684206633407036,0.23407140495557419
58,243.0,40,-0.22632380648343597,-0.04502696297544853
59,242.0,1,0.051596736124095606,0.0
59,242.0,2,-0.023448747262460636,0.0
59,242.0,3,-0.043250892802515005,0.0
59,242.0,4,-0.0633387782513391,-0.17809360527286033
59,242.0,5,-0.0633387782513391,0.17809360527286033
59,242.0,6,-0.07701847656831456,-0.06669879006745752
59,242.0,7,-0.07701847656831456,0.06669879006745752
59,242.0,8,-0.08029011955409082,-0.1007069667969992
59,242.0,9,-0.08029011955409082,0.1007069667969992
59,242.0,10,-0.12884814876566136,-0.2861100305009785
59,242.0,11,-0.12884814876566136,0.2861100305009785
59,242.0,12,-0.1340606072540973,-0.5916623950667761
59,242.0,13,-0.1340606072540973,0.5916623950667761
59,242.0,14,-0.13506386552527738,-0.24546065108492537
59,242.0,15,-0.13506386552527738,0.24546065108492537
59,242.0,16,-0.1372100780716942,-0.905109196740959
59,242.0,17,-0.1372100780716942,0.905109196740959
59,242.0,18,-0.1443216346127344,-0.5294428549162878
59,242.0,19,-0.1443216346127344,0.5294428549162878
59,242.0,20,-0.14464506593940657,-0.4681067058983799
59,242.0,21,-0.14464506593940657,0.4681067058983799
59,242.0,22,-0.14908832620046697,-0.03450604596175766
59,242.0,23,-0.14908832620046697,0.03450604596175766
59,242.0,24,-0.14974913327739237,-1.2377056345857893
59,242.0,25,-0.14974913327739237,1.2377056345857893
59,242.0,26,-0.14982272676827318,-0.7715858105836277
59,242.0,27,-0.14982272676827318,0.7715858105836277
59,242.0,28,-0.15167285810623723,0.0
59,242.0,29,-0.1538421304233809,-0.14135184522284863
59,242.0,30,-0.1538421304233809,0.14135184522284863
59,242.0,31,-0.15929258256527107,-0.3417780327910435
59,242.0,32,-0.15929258256527107,0.3417780327910435
59,242.0,33,-0.16728753930035034,0.0
59,242.0,34,-0.1851893402773236,-0.5908361804690255
59,242.0,35,-0.1851893402773236,0.5908361804690255
59,242.0,36,-0.1922654251168258,-0.6441111798413746
59,242.0,37,-0.1922654251168258,0.6441111798413746
59,242.0,38,-0.19826916741551842,-0.2343777246599877
59,242.0,39,-0.19826916741551842,0.2343777246599877
59,242.0,40,-0.2274448933161144,-0.0455183083235739
60,241.0,1,0.05154304804901214,0.0
60,241.0,2,-0.023772299751807717,0.0
60,241.0,3,-0.0434448244600745,0.0
60,241.0,4,-0.06378868257860197,-0.17877117808996873
60,241.0,5,-0.06378868257860197,0.17877117808996873
60,241.0,6,-0.07728096716758479,-0.06702411097567103
60,241.0,7,-0.07728096716758479,0.06702411097567103
60,241.0,8,-0.08120581623534726,-0.10130788044051746
60,241.0,9,-0.08120581623534726,0.10130788044051746
60,241.0,10,-0.13015492857285932,-0.287252923007662
60,241.0,11,-0.13015492857285932,0.287252923007662
60,241.0,12,-0.1351338954768196,-0.5922577199739549
60,241.0,13,-0.1351338954768196,0.5922577199739549
60,241.0,14,-0.13514505979490976,-0.24492891582216383
60,241.0,15,-0.13514505979490976,0.24492891582216383
60,241.0,16,-0.13822775109799917,-0.9049131265090478
60,241.0,17,-0.13822775109799917,0.9049131265090478
60,241.0,18,-0.1451736883544298,-0.4680721846673777
60,241.0,19,-0.1451736883544298,0.4680721846673777
60,241.0,20,-0.14561688214262203,-0.5290487265408924
60,241.0,21,-0.14561688214262203,0.5290487265408924
60,241.0,22,-0.14966690636814195,-0.03494676407485013
60,241.0,23,-0.14966690636814195,0.03494676407485013
60,241.0,24,-0.15057085092810846,-1.2372258216114842
60,241.0,25,-0.15057085092810846,1.2372258216114842
60,241.0,26,-0.15062305496869516,0.0
60,241.0,27,-0.15147425522899727,-0.7721681966426914
60,241.0,28,-0.15147425522899727,0.7721681966426914
60,241.0,29,-0.15436787826433448,-0.14132894919206013
60,241.0,30,-0.15436787826433448,0.14132894919206013
60,241.0,31,-0.1602392368299302,-0.3416667745933221
60,241.0,32,-0.1602392368299302,0.3416667745933221
60,241.0,33,-0.16940174185909784,0.0
60,241.0,34,-0.1857331191406726,-0.5901863607875195
60,241.0,35,-0.1857331191406726,0.5901863607875195
60,241.0,36,-0.19347687038430766,-0.6436867724261623
60,241.0,37,-0.19347687038430766,0.6436867724261623
60,241.0,38,-0.19969814380793524,-0.23468199907248194
60,241.0,39,-0.19969814380793524,0.23468199907248194
60,241.0,40,-0.2285892784435009,-0.04601857986307087
61,240.0,1,0.051498972236314305,0.0
61,240.0,2,-0.02412903102637531,0.0
61,240.0,3,-0.0436395955999954,0.0
61,240.0,4,-0.06425583867491308,-0.17942033385658732
61,240.0,5,-0.06425583867491308,0.17942033385658732
61,240.0,6,-0.07755298128950419,-0.0673681787455384
61,240.0,7,-0.07755298128950419,0.0673681787455384
61,240.0,8,-0.08209711052387877,-0.10190498636434887
61,240.0,9,-0.08209711052387877,0.10190498636434887
61,240.0,10,-0.13140501837695234,-0.2884112968583743
61,240.0,11,-0.13140501837695234,0.2884112968583743
61,240.0,12,-0.13530297400904817,-0.24440584875914495
61,240.0,13,-0.13530297400904817,0.24440584875914495
61,240.0,14,-0.13619750636177141,-0.5928556280263076
61,240.0,15,-0.13619750636177141,0.5928556280263076
61,240.0,16,-0.13925252307170294,-0.9047215452686664
61,240.0,17,-0.13925252307170294,0.9047215452686664
61,240.0,18,-0.14571686373054082,-0.46804285122472655
61,240.0,19,-0.14571686373054082,0.46804285122472655
61,240.0,20,-0.1469225147070582,-0.5286634639555777
61,240.0,21,-0.1469225147070582,0.5286634639555777
61,240.0,22,-0.1498531099079693,0.0
61,240.0,23,-0.15024569051730477,-0.03537677241511719
61,240.0,24,-0.15024569051730477,0.03537677241511719
61,240.0,25,-0.15140132721729793,-1.236745331695578
61,240.0,26,-0.15140132721729793,1.236745331695578
61,240.0,27,-0.15311492272662408,-0.7726961449098994
61,240.0,28,-0.15311492272662408,0.7726961449098994
61,240.0,29,-0.15490603787820423,-0.14129603201653906
61,240.0,30,-0.15490603787820423,0.14129603201653906
61,240.0,31,-0.1611948362935903,-0.34152464399566096
61,240.0,32,-0.1611948362935903,0.34152464399566096
61,240.0,33,-0.17130117509897158,0.0
61,240.0,34,-0.1862771096123328,-0.5894846620495382
61,240.0,35,-0.1862771096123328,0.5894846620495382
61,240.0,36,-0.19471625123557723,-0.6432711949354702
61,240.0,37,-0.19471625123557723,0.6432711949354702
61,240.0,38,-0.20112982112286848,-0.2349845511590931
61,240.0,39,-0.20112982112286848,0.2349845511590931
61,240.0,40,-0.22975557328089594,-0.046526691075903695
62,239.0,1,0.05146376500138739,0.0
62,239.0,2,-0.024516698321439923,0.0
62,239.0,3,-0.04383520563277471,0.0
62,239.0,4,-0.0647394525859589,-0.180041730185894
62,239.0,5,-0.0647394525859589,0.180041730185894
62,239.0,6,-0.07783345411055495,-0.06773150367136224
62,239.0,7,-0.07783345411055495,0.06773150367136224
62,239.0,8,-0.08296507620850693,-0.10249841068611686
62,239.0,9,-0.08296507620850693,0.10249841068611686
62,239.0,10,-0.13259971089595465,-0.28957955386922746
62,239.0,11,-0.13259971089595465,0.28957955386922746
62,239.0,12,-0.13553438692491232,-0.24389689830169609
62,239.0,13,-0.13553438692491232,0.24389689830169609
62,239.0,14,-0.137249114884051,-0.5934548115770967
62,239.0,15,-0.137249114884051,0.5934548115770967
62,239.0,16,-0.14028470679734875,-0.9045345951286109
62,239.0,17,-0.14028470679734875,0.9045345951286109
62,239.0,18,-0.14627473198783714,-0.4680190783537182
62,239.0,19,-0.14627473198783714,0.4680190783537182
62,239.0,20,-0.14823920369654608,-0.5282874378880521
62,239.0,21,-0.14823920369654608,0.5282874378880521
62,239.0,22,-0.1492757351781285,0.0
62,239.0,23,-0.15082707963123065,-0.03579648284858009
62,239.0,24,-0.15082707963123065,0.03579648284858009
62,239.0,25,-0.15224069841113136,-1.2362638381329272
62,239.0,26,-0.15224069841113136,1.2362638381329272
62,239.0,27,-0.1547445944988341,-0.7731707707497764
62,239.0,28,-0.1547445944988341,0.7731707707497764
62,239.0,29,-0.15545672961758297,-0.1412524036486127
62,239.0,30,-0.15545672961758297,0.1412524036486127
62,239.0,31,-0.1621609392754037,-0.34135184972320376
62,239.0,32,-0.1621609392754037,0.34135184972320376
62,239.0,33,-0.17306746657410602,0.0
62,239.0,34,-0.18682372860747073,-0.588731948203496
62,239.0,35,-0.18682372860747073,0.588731948203496
62,239.0,36,-0.1959827854369927,-0.6428649646699529
62,239.0,37,-0.1959827854369927,0.6428649646699529
62,239.0,38,-0.2025650300385487,-0.2352857158622269
62,239.0,39,-0.2025650300385487,0.2352857158622269
62,239.0,40,-0.23094269108447296,-0.047041893649200674
63,238.0,1,0.05143666658876598,0.0
63,238.0,2,-0.02493314601586652,0.0
63,238.0,3,-0.044031655874855885,0.0
63,238.0,4,-0.06523878603302352,-0.1806362133453197
63,238.0,5,-0.06523878603302352,0.1806362133453197
63,238.0,6,-0.07812149243552846,-0.06811439057297126
63,238.0,7,-0.07812149243552846,0.06811439057297126
63,238.0,8,-0.08381056619486064,-0.10308849683824087
63,238.0,9,-0.08381056619486064,0.10308849683824087
63,238.0,10,-0.13374041209996332,-0.2907537449151649
63,238.0,11,-0.13374041209996332,0.2907537449151649
63,238.0,12,-0.13583583291799048,-0.24340582179226278
63,238.0,13,-0.13583583291799048,0.24340582179226278
63,238.0,14,-0.1382865483067345,-0.5940537457373517
63,238.0,15,-0.1382865483067345,0.5940537457373517
63,238.0,16,-0.14132459830553148,-0.9043523656037452
63,238.0,17,-0.14132459830553148,0.9043523656037452
63,238.0,18,-0.14684741266178353,-0.46800124211782207
63,238.0,19,-0.14684741266178353,0.46800124211782207
63,238.0,20,-0.14884303934080292,0.0
63,238.0,21,-0.1495676839631116,-0.5279208701321805
63,238.0,22,-0.1495676839631116,0.5279208701321805
63,238.0,23,-0.15141303320960253,-0.03620652252076345
63,238.0,24,-0.15141303320960253,0.03620652252076345
63,238.0,25,-0.1530890851679122,-1.2357810095428112
63,238.0,26,-0.1530890851679122,1.2357810095428112
63,238.0,27,-0.15602011109183866,-0.14119743441707894
63,238.0,28,-0.15602011109183866,0.14119743441707894
63,238.0,29,-0.1563633016396061,-0.7735933910570312
63,238.0,30,-0.1563633016396061,0.7735933910570312
63,238.0,31,-0.16313936969695766,-0.3411487771490612
63,238.0,32,-0.16313936969695766,0.3411487771490612
63,238.0,33,-0.17474362275155597,0.0
63,238.0,34,-0.18737537867160353,-0.5879295372767077
63,238.0,35,-0.18737537867160353,0.5879295372767077
63,238.0,36,-0.19727559657803756,-0.6424684852700909
63,238.0,37,-0.19727559657803756,0.6424684852700909
63,238.0,38,-0.20400459342179916,-0.23558583681416662
63,238.0,39,-0.20400459342179916,0.23558583681416662
63,238.0,40,-0.23214980833059304,-0.04756373431761526
64,237.0,1,0.051416914660957894,0.0
64,237.0,2,-0.025376322510063856,0.0
64,237.0,3,-0.0442289499551277,0.0
64,237.0,4,-0.06575316171282805,-0.18120478949441426
64,237.0,5,-0.06575316171282805,0.18120478949441426
64,237.0,6,-0.07841637234900925,-0.06851698892490474
64,237.0,7,-0.07841637234900925,0.06851698892490474
64,237.0,8,-0.0846341971633647,-0.10367574252660086
64,237.0,9,-0.0846341971633647,0.10367574252660086
64,237.0,10,-0.13482829455870918,-0.29193115664616837
64,237.0,11,-0.13482829455870918,0.29193115664616837
64,237.0,12,-0.13620394718695905,-0.242935060015497
64,237.0,13,-0.13620394718695905,0.242935060015497
64,237.0,14,-0.1393078568614169,-0.5946506655966404
64,237.0,15,-0.1393078568614169,0.5946506655966404
64,237.0,16,-0.1423724756190568,-0.9041749012908888
64,237.0,17,-0.1423724756190568,0.9041749012908888
64,237.0,18,-0.14743500874675658,-0.4679897206166044
64,237.0,19,-0.14743500874675658,0.4679897206166044
64,237.0,20,-0.14852495072317626,0.0
64,237.0,21,-0.15090876511966866,-0.5275638477277529
64,237.0,22,-0.15090876511966866,0.5275638477277529
64,237.0,23,-0.15200514126061873,-0.036607637969294046
64,237.0,24,-0.15200514126061873,0.036607637969294046
64,237.0,25,-0.1539465953628539,-1.2352965129579958
64,237.0,26,-0.1539465953628539,1.2352965129579958
64,237.0,27,-0.15659638709884685,-0.14113055081950496
64,237.0,28,-0.15659638709884685,0.14113055081950496
64,237.0,29,-0.15797121863798028,-0.7739654734558579
64,237.0,30,-0.15797121863798028,0.7739654734558579
64,237.0,31,-0.16413222025220622,-0.34091601255245546
64,237.0,32,-0.16413222025220622,0.34091601255245546
64,237.0,33,-0.17635550478645223,0.0
64,237.0,34,-0.18793432398506377,-0.5870792075321287
64,237.0,35,-0.18793432398506377,0.5870792075321287
64,237.0,36,-0.1985937474855196,-0.6420820390706874
64,237.0,37,-0.1985937474855196,0.6420820390706874
64,237.0,38,-0.20544931642303155,-0.23588526443767968
64,237.0,39,-0.20544931642303155,0.23588526443767968
64,237.0,40,-0.23326453508463246,-0.3456131033386512
65,236.0,1,0.051403755294603136,0.0
65,236.0,2,-0.025844291707461473,0.0
65,236.0,3,-0.04442709408581435,0.0
65,236.0,4,-0.06628196605261738,-0.18174859787866
65,236.0,5,-0.06628196605261738,0.18174859787866
65,236.0,6,-0.0787175331159321,-0.06893933572734781
65,236.0,7,-0.0787175331159321,0.06893933572734781
65,236.0,8,-0.08543633979132084,-0.10426074325790807
65,236.0,9,-0.08543633979132084,0.10426074325790807
65,236.0,10,-0.1358641095494083,-0.2931099292020421
65,236.0,11,-0.1358641095494083,0.2931099292020421
65,236.0,12,-0.13663565037616876,-0.24248607011954618
65,236.0,13,-0.13663565037616876,0.24248607011954618
65,236.0,14,-0.14031139044272253,-0.5952435667114049
65,236.0,15,-0.14031139044272253,0.5952435667114049
65,236.0,16,-0.14342859811357583,-0.904002209598576
65,236.0,17,-0.14342859811357583,0.904002209598576
65,236.0,18,-0.1480376104266951,-0.4679848933798369
65,236.0,19,-0.1480376104266951,0.4679848933798369
65,236.0,20,-0.14830090570523607,0.0
65,236.0,21,-0.15226334294550992,-0.5272163366582228
65,236.0,22,-0.15226334294550992,0.5272163366582228
65,236.0,23,-0.152604690267983,-0.03700063114246754
65,236.0,24,-0.152604690267983,0.03700063114246754
65,236.0,25,-0.15481332676392748,-1.234810016332284
65,236.0,26,-0.15481332676392748,1.234810016332284
65,236.0,27,-0.1571858192539796,-0.14105123202537737
65,236.0,28,-0.1571858192539796,0.14105123202537737
65,236.0,29,-0.15956864132037452,-0.7742885906994653
65,236.0,30,-0.15956864132037452,0.7742885906994653
65,236.0,31,-0.16514185401263226,-0.3406543788342499
65,236.0,32,-0.16514185401263226,0.3406543788342499
65,236.0,33,-0.1779200447410605,0.0
65,236.0,34,-0.18850255934397542,-0.5861831781190198
65,236.0,35,-0.18850255934397542,0.5861831781190198
65,236.0,36,-0.19993627395532057,-0.6417057842412258
65,236.0,37,-0.19993627395532057,0.6417057842412258
65,236.0,38,-0.2068999791189587,-0.23618435512602146
65,236.0,39,-0.2068999791189587,0.23618435512602146
65,236.0,40,-0.2342864024350925,-0.3456883660821163
66,235.0,1,0.051396451599971006,0.0
66,235.0,2,-0.026335239810980265,0.0
66,235.0,3,-0.04462609724469932,0.0
66,235.0,4,-0.06682464980516717,-0.18226888667895635
66,235.0,5,-0.06682464980516717,0.18226888667895635
66,235.0,6,-0.07902456926388335,-0.06938139189739792
66,235.0,7,-0.07902456926388335,0.06938139189739792
66,235.0,8,-0.0862171128040438,-0.10484414157352315
66,235.0,9,-0.0862171128040438,0.10484414157352315
66,235.0,10,-0.13684810143349302,-0.29428872321884786
66,235.0,11,-0.13684810143349302,0.29428872321884786
66,235.0,12,-0.13712823291815485,-0.2420595971143622
66,235.0,13,-0.13712823291815485,0.2420595971143622
66,235.0,14,-0.1412958736988544,-0.5958302324574917
66,235.0,15,-0.1412958736988544,0.5958302324574917
66,235.0,16,-0.144493206351141,-0.9038342682359728
66,235.0,17,-0.144493206351141,0.9038342682359728
66,235.0,18,-0.14815599800550827,0.0
66,235.0,19,-0.14865529857616572,-0.46798714130994945
66,235.0,20,-0.14865529857616572,0.46798714130994945
66,235.0,21,-0.15321272062184815,-0.037386317630097796
66,235.0,22,-0.15321272062184815,0.037386317630097796
66,235.0,23,-0.15363241128111627,-0.5268781941808712
66,235.0,24,-0.15363241128111627,0.5268781941808712
66,235.0,25,-0.1556893694948479,-1.2343211904962696
66,235.0,26,-0.1556893694948479,1.2343211904962696
66,235.0,27,-0.15778873519036646,-0.14095900756042642
66,235.0,28,-0.15778873519036646,0.14095900756042642
66,235.0,29,-0.1611559659337035,-0.7745643808334619
66,235.0,30,-0.1611559659337035,0.7745643808334619
66,235.0,31,-0.16617090164465206,-0.34036498476853905
66,235.0,32,-0.16617090164465206,0.34036498476853905
66,235.0,33,-0.17944901141149294,0.0
66,235.0,34,-0.1890816813610448,-0.5852440610848104
66,235.0,35,-0.1890816813610448,0.5852440610848104
66,235.0,36,-0.20130221727229514,-0.6413397568415076
66,235.0,37,-0.20130221727229514,0.6413397568415076
66,235.0,38,-0.20835733126057193,-0.236483471258514
66,235.0,39,-0.20835733126057193,0.236483471258514
66,235.0,40,-0.23531206930690338,-0.34573661314467985
67,234.0,1,0.05139429017563802,0.0
67,234.0,2,-0.026847478208817232,0.0
67,234.0,3,-0.04482597130661327,0.0
67,234.0,4,-0.06738072685330654,-0.18276699191345297
67,234.0,5,-0.06738072685330654,0.18276699191345297
67,234.0,6,-0.07933722215192548,-0.06984307309374858
67,234.0,7,-0.07933722215192548,0.06984307309374858
67,234.0,8,-0.08697637969423079,-0.10542658093543034
67,234.0,9,-0.08697637969423079,0.10542658093543034
67,234.0,10,-0.1376793811857889,-0.24165588505287047
67,234.0,11,-0.1376793811857889,0.24165588505287047
67,234.0,12,-0.13777998742316305,-0.29546643373068543
67,234.0,13,-0.13777998742316305,0.29546643373068543
67,234.0,14,-0.14226047033082323,-0.5964082883165395
67,234.0,15,-0.14226047033082323,0.5964082883165395
67,234.0,16,-0.1455665222662122,-0.9036710322537153
67,234.0,17,-0.1455665222662122,0.9036710322537153
67,234.0,18,-0.14807895898458703,0.0
67,234.0,19,-0.14928814795302087,-0.4679968470844035
67,234.0,20,-0.14928814795302087,0.4679968470844035
67,234.0,21,-0.15383007516784936,-0.037765500183668824
67,234.0,22,-0.15383007516784936,0.037765500183668824
67,234.0,23,-0.15501707484765884,-0.5265491790521238
67,234.0,24,-0.15501707484765884,0.5265491790521238
67,234.0,25,-0.15657480824904224,-1.2338297106101284
67,234.0,26,-0.15657480824904224,1.2338297106101284
67,234.0,27,-0.1584055372064427,-0.14085345654836154
67,234.0,28,-0.1584055372064427,0.14085345654836154
67,234.0,29,-0.1627336698628646,-0.7747945132510302
67,234.0,30,-0.1627336698628646,0.7747945132510302
67,234.0,31,-0.16722224984666545,-0.3400492893847484
67,234.0,32,-0.16722224984666545,0.3400492893847484
67,234.0,33,-0.180950956967344,0.0
67,234.0,34,-0.18967277234079755,-0.5842647853565036
67,234.0,35,-0.18967277234079755,0.5842647853565036
67,234.0,36,-0.2026906541713322,-0.6409838775072202
67,234.0,37,-0.2026906541713322,0.6409838775072202
67,234.0,38,-0.20982208869978963,-0.23678298186182234
67,234.0,39,-0.20982208869978963,0.23678298186182234
67,234.0,40,-0.23634067463398906,-0.3457579317043285
68,233.0,1,0.05139658566348556,0.0
68,233.0,2,-0.02737944321599733,0.0
68,233.0,3,-0.0450267311544531,0.0
68,233.0,4,-0.06794977155295674,-0.18324431954300555
68,233.0,5,-0.06794977155295674,0.18324431954300555
68,233.0,6,-0.07965537187398891,-0.07032427589937977
68,233.0,7,-0.07965537187398891,0.07032427589937977
68,233.0,8,-0.08771374739585398,-0.10600866316420825
68,233.0,9,-0.08771374739585398,0.10600866316420825
68,233.0,10,-0.13828717221466102,-0.24127483697443675
68,233.0,11,-0.13828717221466102,0.24127483697443675
68,233.0,12,-0.13865898287729894,-0.2966419415236047
68,233.0,13,-0.13865898287729894,0.2966419415236047
68,233.0,14,-0.14320482752643443,-0.5969752789856008
68,233.0,15,-0.14320482752643443,0.5969752789856008
68,233.0,16,-0.1466487495921699,-0.9035124405065252
68,233.0,17,-0.1466487495921699,0.9035124405065252
68,233.0,18,-0.148060998343873,0.0
68,233.0,19,-0.14993623003537834,-0.4680143959370849
68,233.0,20,-0.14993623003537834,0.4680143959370849
68,233.0,21,-0.15445743951588337,-0.0381389526758745
68,233.0,22,-0.15445743951588337,0.0381389526758745
68,233.0,23,-0.15641856347241276,-0.5262289590143133
68,233.0,24,-0.15641856347241276,0.5262289590143133
68,233.0,25,-0.15746972424053893,-1.2333352571729546
68,233.0,26,-0.15746972424053893,1.2333352571729546
68,233.0,27,-0.15903671021997354,-0.1407342088007614
68,233.0,28,-0.15903671021997354,0.1407342088007614
68,233.0,29,-0.16430229426933732,-0.7749806604487399
68,233.0,30,-0.16430229426933732,0.7749806604487399
68,233.0,31,-0.1682990147443439,-0.3397091819680353
68,233.0,32,-0.1682990147443439,0.3397091819680353
68,233.0,33,-0.18243231440437216,0.0
68,233.0,34,-0.19027630672097373,-0.5832484977021537
68,233.0,35,-0.19027630672097373,0.5832484977021537
68,233.0,36,-0.20410072317976033,-0.6406379621289232
68,233.0,37,-0.20410072317976033,0.6406379621289232
68,233.0,38,-0.2112949311047705,-0.2370832637722575
68,233.0,39,-0.2112949311047705,0.2370832637722575
68,233.0,40,-0.237371381525962,-0.34575242950755786
69,232.0,1,0.05140268368933004,0.0
69,232.0,2,-0.027929693382730394,0.0
69,232.0,3,-0.04522839479380465,0.0
69,232.0,4,-0.06853141488838935,-0.18370233074430495
69,232.0,5,-0.06853141488838935,0.18370233074430495
69,232.0,6,-0.07997903002833617,-0.07082490023177673
69,232.0,7,-0.07997903002833617,0.07082490023177673
69,232.0,8,-0.0884285665446643,-0.10659090837516785
69,232.0,9,-0.0884285665446643,0.10659090837516785
69,232.0,10,-0.13895005298386998,-0.240916134292878
69,232.0,11,-0.13895005298386998,0.240916134292878
69,232.0,12,-0.13948386486097067,-0.29781389288187865
69,232.0,13,-0.13948386486097067,0.29781389288187865
69,232.0,14,-0.14412909354959863,-0.5975287603254305
69,232.0,15,-0.14412909354959863,0.5975287603254305
69,232.0,16,-0.14774007442889853,-0.9033584214700534
69,232.0,17,-0.14774007442889853,0.9033584214700534
69,232.0,18,-0.14809509131149382,0.0
69,232.0,19,-0.15059961548025255,-0.46804017674936893
69,232.0,20,-0.15059961548025255,0.46804017674936893
69,232.0,21,-0.15509537512705415,-0.03850741113421271
69,232.0,22,-0.15509537512705415,0.03850741113421271
69,232.0,23,-0.1578382482487452,-0.5259171149536391
69,232.0,24,-0.1578382482487452,0.5259171149536391
69,232.0,25,-0.15837419689399646,-1.2328375166522147
69,232.0,26,-0.15837419689399646,1.2328375166522147
69,232.0,27,-0.15968282885295781,-0.14060094796801118
69,232.0,28,-0.15968282885295781,0.14060094796801118
69,232.0,29,-0.1658624287727273,-0.77512447507751
69,232.0,30,-0.1658624287727273,0.77512447507751
69,232.0,31,-0.16940449198947483,-0.3393470760444062
69,232.0,32,-0.16940449198947483,0.3393470760444062
69,232.0,33,-0.18389805839498594,0.0
69,232.0,34,-0.19089208737274704,-0.582198449753258
69,232.0,35,-0.19089208737274704,0.582198449753258
69,232.0,36,-0.2055316466344146,-0.6403017356429404
69,232.0,37,-0.2055316466344146,0.6403017356429404
69,232.0,38,-0.21277650062079256,-0.23738470319150287
69,232.0,39,-0.21277650062079256,0.23738470319150287
69,232.0,40,-0.23840337762085417,-0.34572022973268063
70,231.0,1,0.051411962471046575,0.0
70,231.0,2,-0.028496904997917318,0.0
70,231.0,3,-0.045430983490591374,0.0
70,231.0,4,-0.06912533965215012,-0.18414253017979249
70,231.0,5,-0.06912533965215012,0.18414253017979249
70,231.0,6,-0.08030833367812615,-0.07134486876468932
70,231.0,7,-0.08030833367812615,0.07134486876468932
70,231.0,8,-0.08911993322459677,-0.10717371646448318
70,231.0,9,-0.08911993322459677,0.10717371646448318
70,231.0,10,-0.13966681334122633,-0.24057932529493548
70,231.0,11,-0.13966681334122633,0.24057932529493548
70,231.0,12,-0.14025307510870785,-0.298980503170618
70,231.0,13,-0.14025307510870785,0.298980503170618
70,231.0,14,-0.1450339052664843,-0.5980663956403522
70,231.0,15,-0.1450339052664843,0.5980663956403522
70,231.0,16,-0.14817551594143488,0.0
70,231.0,17,-0.14884066586625228,-0.9032088983926062
70,231.0,18,-0.14884066586625228,0.9032088983926062
70,231.0,19,-0.15127837619905896,-0.4680745833946152
70,231.0,20,-0.15127837619905896,0.4680745833946152
70,231.0,21,-0.15574434627180966,-0.038871569523921005
70,231.0,22,-0.15574434627180966,0.038871569523921005
70,231.0,23,-0.15927766021398432,-0.5256131411099383
70,231.0,24,-0.15927766021398432,0.5256131411099383
70,231.0,25,-0.15928830528754928,-1.2323361817956788
70,231.0,26,-0.15928830528754928,1.2323361817956788
70,231.0,27,-0.1603445634215202,-0.14045341688984328
70,231.0,28,-0.1603445634215202,0.14045341688984328
70,231.0,29,-0.16741469817312588,-0.7752275717562345
70,231.0,30,-0.16741469817312588,0.7752275717562345
70,231.0,31,-0.17054207365143725,-0.33896601213121225
70,231.0,32,-0.17054207365143725,0.33896601213121225
70,231.0,33,-0.18535212443600052,0.0
70,231.0,34,-0.19151921477411143,-0.5811178828464891
70,231.0,35,-0.19151921477411143,0.5811178828464891
70,231.0,36,-0.20698274803797523,-0.6399748479305015
70,231.0,37,-0.20698274803797523,0.6399748479305015
70,231.0,38,-0.21426740118397242,-0.23768769755845684
70,231.0,39,-0.21426740118397242,0.23768769755845684
70,231.0,40,-0.239435875018984,-0.3456614676510213
71,230.0,1,0.05142383335654111,0.0
71,230.0,2,-0.029079866320354277,0.0
71,230.0,3,-0.04563452194817526,0.0
71,230.0,4,-0.06973127480107942,-0.18456645700271274
71,230.0,5,-0.06973127480107942,0.18456645700271274
71,230.0,6,-0.08064354070571095,-0.07188414405009952
71,230.0,7,-0.08064354070571095,0.07188414405009952
71,230.0,8,-0.08978669230537312,-0.10775732934448459
71,230.0,9,-0.08978669230537312,0.10775732934448459
71,230.0,10,-0.1404365574758113,-0.24026389061467032
71,230.0,11,-0.1404365574758113,0.24026389061467032
71,230.0,12,-0.14096486799689867,-0.3001393868136049
71,230.0,13,-0.14096486799689867,0.3001393868136049
71,230.0,14,-0.1459203469197637,-0.5985860453315369
71,230.0,15,-0.1459203469197637,0.5985860453315369
71,230.0,16,-0.1482975393271743,0.0
71,230.0,17,-0.14995067659232209,-0.9030637937969449
71,230.0,18,-0.14995067659232209,0.9030637937969449
71,230.0,19,-0.15197258705671907,-0.4681180162933848
71,230.0,20,-0.15197258705671907,0.4681180162933848
71,230.0,21,-0.1564047418881815,-0.03923207867810605
71,230.0,22,-0.1564047418881815,0.03923207867810605
71,230.0,23,-0.16021212936898133,-1.2318309516842993
71,230.0,24,-0.16021212936898133,1.2318309516842993
71,230.0,25,-0.1607385121941323,-0.5253164406024382
71,230.0,26,-0.1607385121941323,0.5253164406024382
71,230.0,27,-0.16102268454307972,-0.14029142520680934
71,230.0,28,-0.16102268454307972,0.14029142520680934
71,230.0,29,-0.16895975112580291,-0.7752915130578103
71,230.0,30,-0.16895975112580291,0.7752915130578103
71,230.0,31,-0.17171512157871532,-0.3385697586499108
71,230.0,32,-0.17171512157871532,0.3385697586499108
71,230.0,33,-0.1867976861055829,0.0
71,230.0,34,-0.19215608705091244,-0.5800099230219207
71,230.0,35,-0.19215608705091244,0.5800099230219207
71,230.0,36,-0.2084534647644054,-0.6396568908197907
71,230.0,37,-0.2084534647644054,0.6396568908197907
71,230.0,38,-0.21576819824380994,-0.23799265768422384
71,230.0,39,-0.21576819824380994,0.23799265768422384
71,230.0,40,-0.24046810997775284,-0.34557628886096425
72,229.0,1,0.0514377405259796,0.0
72,229.0,2,-0.029677470973568158,0.0
72,229.0,3,-0.04583903853840982,0.0
72,229.0,4,-0.07034898908306313,-0.18497567827754338
72,229.0,5,-0.07034898908306313,0.18497567827754338
72,229.0,6,-0.08098502670586366,-0.07244274393802885
72,229.0,7,-0.08098502670586366,0.07244274393802885
72,229.0,8,-0.09042744262995993,-0.10834179330640732
72,229.0,9,-0.09042744262995993,0.10834179330640732
72,229.0,10,-0.1412586764035296,-0.239969291748575
72,229.0,11,-0.1412586764035296,0.239969291748575
72,229.0,12,-0.14161750919065366,-0.3012874250069414
72,229.0,13,-0.14161750919065366,0.3012874250069414
72,229.0,14,-0.14678988559344405,-0.5990858406686195
72,229.0,15,-0.14678988559344405,0.5990858406686195
72,229.0,16,-0.14845719700517743,0.0
72,229.0,17,-0.15107024342882486,-0.9029230333704418
72,229.0,18,-0.15107024342882486,0.9029230333704418
72,229.0,19,-0.15268232720745867,-0.46817088414963154
72,229.0,20,-0.15268232720745867,0.46817088414963154
72,229.0,21,-0.15707689324957053,-0.03958954727277056
72,229.0,22,-0.15707689324957053,0.03958954727277056
72,229.0,23,-0.16114575096972686,-1.231321531578347
72,229.0,24,-0.16114575096972686,1.231321531578347
72,229.0,25,-0.16171806600526584,-0.1401148592064519
72,229.0,26,-0.16171806600526584,0.1401148592064519
72,229.0,27,-0.1622227245415156,-0.5250263153145022
72,229.0,28,-0.1622227245415156,0.5250263153145022
72,229.0,29,-0.1704982506235544,-0.7753177990682404
72,229.0,30,-0.1704982506235544,0.7753177990682404
72,229.0,31,-0.1729267891800448,-0.33816289336717753
72,229.0,32,-0.1729267891800448,0.33816289336717753
72,229.0,33,-0.18823734494391042,0.0
72,229.0,34,-0.19280042431548372,-0.578877496946348
72,229.0,35,-0.19280042431548372,0.578877496946348
72,229.0,36,-0.2099433564082435,-0.6393474152798636
72,229.0,37,-0.2099433564082435,0.6393474152798636
72,229.0,38,-0.21727941869490863,-0.23830001011701565
72,229.0,39,-0.21727941869490863,0.23830001011701565
72,229.0,40,-0.24149934251637026,-0.34546484889171775
73,228.0,1,0.051453160060303545,0.0
73,228.0,2,-0.03028871084782169,0.0
73,228.0,3,-0.046044565601038485,0.0
73,228.0,4,-0.07097828397942074,-0.18537178446188823
73,228.0,5,-0.07097828397942074,0.18537178446188823
73,228.0,6,-0.0813332835553443,-0.07302075581131075
73,228.0,7,-0.0813332835553443,0.07302075581131075
73,228.0,8,-0.09104054441454483,-0.10892692109722617
73,228.0,9,-0.09104054441454483,0.10892692109722617
73,228.0,10,-0.1421328225561857,-0.23969500714472453
73,228.0,11,-0.1421328225561857,0.23969500714472453
73,228.0,12,-0.14220952519207325,-0.30242069146391864
73,228.0,13,-0.14220952519207325,0.30242069146391864
73,228.0,14,-0.147644291553392,-0.5995642357031351
73,228.0,15,-0.147644291553392,0.5995642357031351
73,228.0,16,-0.14865113314599077,0.0
73,228.0,17,-0.15219948774697983,-0.9027865492953699
73,228.0,18,-0.15219948774697983,0.9027865492953699
73,228.0,19,-0.15340768108248087,-0.4682336058500855
73,228.0,20,-0.15340768108248087,0.4682336058500855
73,228.0,21,-0.1577610882185949,-0.039944544090509806
73,228.0,22,-0.1577610882185949,0.039944544090509806
73,228.0,23,-0.16208925464231438,-1.2308076326023119
73,228.0,24,-0.16208925464231438,1.2308076326023119
73,228.0,25,-0.16243168547525816,-0.13992369377285635
73,228.0,26,-0.16243168547525816,0.13992369377285635
73,228.0,27,-0.16373245557488003,-0.5247419488240762
73,228.0,28,-0.16373245557488003,0.5247419488240762
73,228.0,29,-0.1720308661108662,-0.7753078599450991
73,228.0,30,-0.1720308661108662,0.7753078599450991
73,228.0,31,-0.17417979030685202,-0.33775084027029517
73,228.0,32,-0.17417979030685202,0.33775084027029517
73,228.0,33,-0.1896732643409877,0.0
73,228.0,34,-0.1934493076337618,-0.577723276452447
73,228.0,35,-0.1934493076337618,0.577723276452447
73,228.0,36,-0.21145210927801406,-0.6390459480564035
73,228.0,37,-0.21145210927801406,0.6390459480564035
73,228.0,38,-0.21880155085654499,-0.23861019971954622
73,228.0,39,-0.21880155085654499,0.23861019971954622
73,228.0,40,-0.2425288560504535,-0.3453273140042618
74,227.0,1,0.051469598545587435,0.0
74,227.0,2,-0.03091266877011693,0.0
74,227.0,3,-0.046251139826759206,0.0
74,227.0,4,-0.07161898596682614,-0.18575638657566937
74,227.0,5,-0.07161898596682614,0.18575638657566937
74,227.0,6,-0.08168891982943302,-0.07361835008736695
74,227.0,7,-0.08168891982943302,0.07361835008736695
74,227.0,8,-0.0916241292723369,-0.10951225353304463
74,227.0,9,-0.0916241292723369,0.10951225353304463
74,227.0,10,-0.14273999218526234,-0.3035344626912832
74,227.0,11,-0.14273999218526234,0.3035344626912832
74,227.0,12,-0.14305888681724338,-0.23944055918664592
74,227.0,13,-0.14305888681724338,0.23944055918664592
74,227.0,14,-0.14848555253590498,-0.6000200352230086
74,227.0,15,-0.14848555253590498,0.6000200352230086
74,227.0,16,-0.14887648181365026,0.0
74,227.0,17,-0.153338515726699,-0.9026542830771096
74,227.0,18,-0.153338515726699,0.9026542830771096
74,227.0,19,-0.15414873904299847,-0.468306612519442
74,227.0,20,-0.15414873904299847,0.468306612519442
74,227.0,21,-0.15845758273620428,-0.04029760105625941
74,227.0,22,-0.15845758273620428,0.04029760105625941
74,227.0,23,-0.1630427283466695,-1.230288971306873
74,227.0,24,-0.1630427283466695,1.230288971306873
74,227.0,25,-0.16316462257462255,-0.13971800617940486
74,227.0,26,-0.16316462257462255,0.13971800617940486
74,227.0,27,-0.1652701376066779,-0.5244623805319195
74,227.0,28,-0.1652701376066779,0.5244623805319195
74,227.0,29,-0.1735582670405253,-0.7752630509471509
74,227.0,30,-0.1735582670405253,0.7752630509471509
74,227.0,31,-0.17547612643776916,-0.3373398317589922
74,227.0,32,-0.17547612643776916,0.3373398317589922
74,227.0,33,-0.19110726631021002,0.0
74,227.0,34,-0.194099221797953,-0.576549655848531
74,227.0,35,-0.194099221797953,0.576549655848531
74,227.0,36,-0.21297953765610336,-0.6387520071918589
74,227.0,37,-0.21297953765610336,0.6387520071918589
74,227.0,38,-0.22033504437094897,-0.23892369245439438
74,227.0,39,-0.22033504437094897,0.23892369245439438
74,227.0,40,-0.2435559571498233,-0.3451638630523096
75,226.0,1,0.051486591351754714,0.0
75,226.0,2,-0.03154851113037208,0.0
75,226.0,3,-0.04645880274178233,0.0
75,226.0,4,-0.0722709380716639,-0.18613111467053078
75,226.0,5,-0.0722709380716639,0.18613111467053078
75,226.0,6,-0.0820526633054606,-0.07423579339036183
75,226.0,7,-0.0820526633054606,0.07423579339036183
75,226.0,8,-0.09217611325350243,-0.1100970207345986
75,226.0,9,-0.09217611325350243,0.1100970207345986
75,226.0,10,-0.14320883526420142,-0.30462333828569194
75,226.0,11,-0.14320883526420142,0.30462333828569194
75,226.0,12,-0.144036977961508,-0.23920553446277115
75,226.0,13,-0.144036977961508,0.23920553446277115
75,226.0,14,-0.1491307768180472,0.0
75,226.0,15,-0.14931579022612596,-0.6004524001480024
75,226.0,16,-0.14931579022612596,0.6004524001480024
75,226.0,17,-0.15448741842921643,-0.9025261879293466
75,226.0,18,-0.15448741842921643,0.9025261879293466
75,226.0,19,-0.15490559770792278,-0.46839034973347676
75,226.0,20,-0.15490559770792278,0.46839034973347676
75,226.0,21,-0.15916661008159655,-0.04064921669491419
75,226.0,22,-0.15916661008159655,0.04064921669491419
75,226.0,23,-0.16391805381654895,-0.13949799130941506
75,226.0,24,-0.16391805381654895,0.13949799130941506
75,226.0,25,-0.16400626400911844,-1.2297652691397174
75,226.0,26,-0.16400626400911844,1.2297652691397174
75,226.0,27,-0.16683851947792583,-0.5241864683603114
75,226.0,28,-0.16683851947792583,0.5241864683603114
75,226.0,29,-0.17508111768295218,-0.7751846494640287
75,226.0,30,-0.17508111768295218,0.7751846494640287
75,226.0,31,-0.17681680102169384,-0.336936767946652
75,226.0,32,-0.17681680102169384,0.336936767946652
75,226.0,33,-0.19254090293448495,0.0
75,226.0,34,-0.19474609175418647,-0.5753587632295405
75,226.0,35,-0.19474609175418647,0.5753587632295405
75,226.0,36,-0.21452558249278178,-0.6384651160688523
75,226.0,37,-0.21452558249278178,0.6384651160688523
75,226.0,38,-0.2218803099167001,-0.23924097838333813
75,226.0,39,-0.2218803099167001,0.23924097838333813
75,226.0,40,-0.24457997548836355,-0.3449746903039365
76,225.0,1,0.051503700696418415,0.0
76,225.0,2,-0.032195480589695305,0.0
76,225.0,3,-0.04666760131587752,0.0
76,225.0,4,-0.07293399067019474,-0.1864976172008754
76,225.0,5,-0.07293399067019474,0.1864976172008754
76,225.0,6,-0.08242536589866059,-0.07487346176537317
76,225.0,7,-0.08242536589866059,0.07487346176537317
76,225.0,8,-0.09269421318733359,-0.11068010335651898
76,225.0,9,-0.09269421318733359,0.11068010335651898
76,225.0,10,-0.14361709089586758,-0.30568148396224515
76,225.0,11,-0.14361709089586758,0.30568148396224515
76,225.0,12,-0.14506740427698533,-0.23898959900863764
76,225.0,13,-0.14506740427698533,0.23898959900863764
76,225.0,14,-0.1494118820004461,0.0
76,225.0,15,-0.15013718518654962,-0.6008608342376518
76,225.0,16,-0.15013718518654962,0.6008608342376518
76,225.0,17,-0.1556462716584865,-0.9024022307716628
76,225.0,18,-0.1556462716584865,0.9024022307716628
76,225.0,19,-0.15567835995848156,-0.468485279900164
76,225.0,20,-0.15567835995848156,0.468485279900164
76,225.0,21,-0.1598883883410201,-0.040999859776068244
76,225.0,22,-0.1598883883410201,0.040999859776068244
76,225.0,23,-0.16469324391465584,-0.13926397770896415
76,225.0,24,-0.16469324391465584,0.13926397770896415
76,225.0,25,-0.16497995797596304,-1.2292362518506776
76,225.0,26,-0.16497995797596304,1.2292362518506776
76,225.0,27,-0.16844071645280204,-0.5239128362709089
76,225.0,28,-0.16844071645280204,0.5239128362709089
76,225.0,29,-0.1766000730066516,-0.77507385363544
76,225.0,30,-0.1766000730066516,0.77507385363544
76,225.0,31,-0.17820156822780742,-0.33654895831035836
76,225.0,32,-0.17820156822780742,0.33654895831035836
76,225.0,33,-0.19397551008263705,0.0
76,225.0,34,-0.19538530450800645,-0.5741525054800033
76,225.0,35,-0.19538530450800645,0.5741525054800033
76,225.0,36,-0.21609030818636532,-0.6381848157934255
76,225.0,37,-0.21609030818636532,0.6381848157934255
76,225.0,38,-0.22343771865389228,-0.23956257489587385
76,225.0,39,-0.22343771865389228,0.23956257489587385
76,225.0,40,-0.24560026403251833,-0.34476000916263855
77,224.0,1,0.0515205135801776,0.0
77,224.0,2,-0.03285288894385083,0.0
77,224.0,3,-0.04687758872193613,0.0
77,224.0,4,-0.07360799148157202,-0.1868575608837082
77,224.0,5,-0.07360799148157202,0.1868575608837082
77,224.0,6,-0.0828080115220873,-0.07553185428996997
77,224.0,7,-0.0828080115220873,0.07553185428996997
77,224.0,8,-0.09317596639288486,-0.11125999448235227
77,224.0,9,-0.09317596639288486,0.11125999448235227
77,224.0,10,-0.1439670749342132,-0.3067029842694055
77,224.0,11,-0.1439670749342132,0.3067029842694055
77,224.0,12,-0.1461506570860357,-0.23879250967601365
77,224.0,13,-0.1461506570860357,0.23879250967601365
77,224.0,14,-0.14971793645775183,0.0
77,224.0,15,-0.15095191406619457,-0.6012451572120474
77,224.0,16,-0.15095191406619457,0.6012451572120474
77,224.0,17,-0.156467134613144,-0.46859188482589403
77,224.0,18,-0.156467134613144,0.46859188482589403
77,224.0,19,-0.15681513559035054,-0.9022823938898233
77,224.0,20,-0.15681513559035054,0.9022823938898233
77,224.0,21,-0.16062312644166535,-0.041349972991338003
77,224.0,22,-0.16062312644166535,0.041349972991338003
77,224.0,23,-0.16549153304186404,-0.13901644367918653
77,224.0,24,-0.16549153304186404,0.13901644367918653
77,224.0,25,-0.16596391138108044,-1.2287016488513534
77,224.0,26,-0.16596391138108044,1.2287016488513534
77,224.0,27,-0.17008026802995263,-0.523639801241906
77,224.0,28,-0.17008026802995263,0.523639801241906
77,224.0,29,-0.17811577546134313,-0.7749317822093061
77,224.0,30,-0.17811577546134313,0.7749317822093061
77,224.0,31,-0.17962877394653695,-0.33618375717982735
77,224.0,32,-0.17962877394653695,0.33618375717982735
77,224.0,33,-0.19541224843062663,0.0
77,224.0,34,-0.19601171099890163,-0.572932646873636
77,224.0,35,-0.19601171099890163,0.572932646873636
77,224.0,36,-0.21767389804189186,-0.6379106758821315
77,224.0,37,-0.21767389804189186,0.6379106758821315
77,224.0,38,-0.22500760133261435,-0.23988903018994637
77,224.0,39,-0.22500760133261435,0.23988903018994637
77,224.0,40,-0.24661619949333372,-0.34452005676461217
78,223.0,1,0.05153663965920068,0.0
78,223.0,2,-0.033520110169439205,0.0
78,223.0,3,-0.04708882528367922,0.0
78,223.0,4,-0.07429277470977683,-0.18721263061576646
78,223.0,5,-0.07429277470977683,0.18721263061576646
78,223.0,6,-0.08320172756017795,-0.07621160743533714
78,223.0,7,-0.08320172756017795,0.07621160743533714
78,223.0,8,-0.09361875345996201,-0.11183476315545851
78,223.0,9,-0.09361875345996201,0.11183476315545851
78,223.0,10,-0.1442624052769506,-0.3076822591212166
78,223.0,11,-0.1442624052769506,0.3076822591212166
78,223.0,12,-0.1472873958902489,-0.2386141223758251
78,223.0,13,-0.1472873958902489,0.2386141223758251
78,223.0,14,-0.15004731091098888,0.0
78,223.0,15,-0.151762100635002,-0.6016054695193613
78,223.0,16,-0.151762100635002,0.6016054695193613
78,223.0,17,-0.1572720357548515,-0.4687106684898948
78,223.0,18,-0.1572720357548515,0.4687106684898948
78,223.0,19,-0.15799405415077164,-0.9021666763013206
78,223.0,20,-0.15799405415077164,0.9021666763013206
78,223.0,21,-0.16137102903916595,-0.041699976565256425
78,223.0,22,-0.16137102903916595,0.041699976565256425
78,223.0,23,-0.16631431975891836,-0.13875603241767817
78,223.0,24,-0.16631431975891836,0.13875603241767817
78,223.0,25,-0.16695823044459623,-1.2281611925446028
78,223.0,26,-0.16695823044459623,1.2281611925446028
78,223.0,27,-0.17176120347107635,-0.5233652720574185
78,223.0,28,-0.17176120347107635,0.5233652720574185
78,223.0,29,-0.17962885251123906,-0.7747594753443604
78,223.0,30,-0.17962885251123906,0.7747594753443604
78,223.0,31,-0.18109534011809678,-0.3358481377385623
78,223.0,32,-0.18109534011809678,0.3358481377385623
78,223.0,33,-0.196619605412797,-0.5717009231967393
78,223.0,34,-0.196619605412797,0.5717009231967393
78,223.0,35,-0.19685213520452094,0.0
78,223.0,36,-0.2192766489150063,-0.6376423033279067
78,223.0,37,-0.2192766489150063,0.6376423033279067
78,223.0,38,-0.2265902470070795,-0.24022092703555642
78,223.0,39,-0.2265902470070795,0.24022092703555642
78,223.0,40,-0.24762718304547193,-0.344255099467071
79,222.0,1,0.051551709103744334,0.0
79,222.0,2,-0.034196573640002274,0.0
79,222.0,3,-0.04730137966006906,0.0
79,222.0,4,-0.07498814931794039,-0.18756452899283427
79,222.0,5,-0.07498814931794039,0.18756452899283427
79,222.0,6,-0.08360780091404442,-0.0769135105335193
79,222.0,7,-0.08360780091404442,0.0769135105335193
79,222.0,8,-0.09401982325788585,-0.11240202078815728
79,222.0,9,-0.09401982325788585,0.11240202078815728
79,222.0,10,-0.14450785634633528,-0.30861447178187057
79,222.0,11,-0.14450785634633528,0.30861447178187057
79,222.0,12,-0.14847843491305518,-0.23845439762566023
79,222.0,13,-0.14847843491305518,0.23845439762566023
79,222.0,14,-0.15039857253764122,0.0
79,222.0,15,-0.15256978040019245,-0.6019421133635882
79,222.0,16,-0.15256978040019245,0.6019421133635882
79,222.0,17,-0.1580931816788335,-0.46884216005501816
79,222.0,18,-0.1580931816788335,0.46884216005501816
79,222.0,19,-0.15918305412527953,-0.9020550948604165
79,222.0,20,-0.15918305412527953,0.9020550948604165
79,222.0,21,-0.16213230049196686,-0.04205027173897761
79,222.0,22,-0.16213230049196686,0.04205027173897761
79,222.0,23,-0.16716303955519943,-0.138483565045246
79,222.0,24,-0.16716303955519943,0.138483565045246
79,222.0,25,-0.1679630267173493,-1.2276146176354563
79,222.0,26,-0.1679630267173493,1.2276146176354563
79,222.0,27,-0.17348811319299728,-0.5230866090537873
79,222.0,28,-0.17348811319299728,0.5230866090537873
79,222.0,29,-0.1811399147829907,-0.7745578961137682
79,222.0,30,-0.1811399147829907,0.7745578961137682
79,222.0,31,-0.18259691536237233,-0.3355482759679504
79,222.0,32,-0.18259691536237233,0.3355482759679504
79,222.0,33,-0.19720268274109476,-0.5704591970581885
79,222.0,34,-0.19720268274109476,0.5704591970581885
79,222.0,35,-0.19829606901339578,0.0
79,222.0,36,-0.22089896545035242,-0.6373793501950951
79,222.0,37,-0.22089896545035242,0.6373793501950951
79,222.0,38,-0.22818590130500677,-0.24055888685930502
79,222.0,39,-0.22818590130500677,0.24055888685930502
79,222.0,40,-0.2486326412937025,-0.34396543927998074
80,221.0,1,0.05156537047732887,0.0
80,221.0,2,-0.034881757461441246,0.0
80,221.0,3,-0.04751533033139555,0.0
80,221.0,4,-0.07569388646777672,-0.1879149749497383
80,221.0,5,-0.07569388646777672,0.1879149749497383
80,221.0,6,-0.08402769994537203,-0.0776385227108709
80,221.0,7,-0.08402769994537203,0.0776385227108709
80,221.0,8,-0.0943763185686618,-0.11295889190764656
80,221.0,9,-0.0943763185686618,0.11295889190764656
80,221.0,10,-0.14470906456707827,-0.3094958504341338
80,221.0,11,-0.14470906456707827,0.3094958504341338
80,221.0,12,-0.1497247308925969,-0.23831340358320802
80,221.0,13,-0.1497247308925969,0.23831340358320802
80,221.0,14,-0.15077045633687888,0.0
80,221.0,15,-0.1533768773909408,-0.602255633603535
80,221.0,16,-0.1533768773909408,0.602255633603535
80,221.0,17,-0.1589306934125551,-0.4689869171469814
80,221.0,18,-0.1589306934125551,0.4689869171469814
80,221.0,19,-0.1603821439820825,-0.9019476851275359
80,221.0,20,-0.1603821439820825,0.9019476851275359
80,221.0,21,-0.16290714811070495,-0.042401244092280826
80,221.0,22,-0.16290714811070495,0.042401244092280826
80,221.0,23,-0.1680391392501745,-0.13820005023791518
80,221.0,24,-0.1680391392501745,0.13820005023791518
80,221.0,25,-0.16897841728377797,-1.2270616604316869
80,221.0,26,-0.16897841728377797,1.2270616604316869
80,221.0,27,-0.17526622081514223,-0.5228004295911497
80,221.0,28,-0.17526622081514223,0.5228004295911497
80,221.0,29,-0.1826495547093061,-0.7743279325109139
80,221.0,30,-0.1826495547093061,0.7743279325109139
80,221.0,31,-0.18412817287074135,-0.3352892216567909
80,221.0,32,-0.18412817287074135,0.3352892216567909
80,221.0,33,-0.19775397974904063,-0.5692096653801925
80,221.0,34,-0.19775397974904063,0.5692096653801925
80,221.0,35,-0.19974484944322843,0.0
80,221.0,36,-0.22254135422568963,-0.6371215199382845
80,221.0,37,-0.22254135422568963,0.6371215199382845
80,221.0,38,-0.22979476420637907,-0.2409035741960213
80,221.0,39,-0.22979476420637907,0.2409035741960213
80,221.0,40,-0.24963202744154495,-0.34365142133230325
81,220.0,1,0.051577288660224915,0.0
81,220.0,2,-0.03557518183766607,0.0
81,220.0,3,-0.047730767474928736,0.0
81,220.0,4,-0.07640970623135174,-0.18826570101441475
81,220.0,5,-0.07640970623135174,0.18826570101441475
81,220.0,6,-0.08446310416174257,-0.07838779163387784
81,220.0,7,-0.08446310416174257,0.07838779163387784
81,220.0,8,-0.09468529972423845,-0.1135019908279489
81,220.0,9,-0.09468529972423845,0.1135019908279489
81,220.0,10,-0.14487214260951325,-0.31032386676996104
81,220.0,11,-0.14487214260951325,0.31032386676996104
81,220.0,12,-0.15102737207892705,-0.2381913165478508
81,220.0,13,-0.15102737207892705,0.2381913165478508
81,220.0,14,-0.1511618416118936,0.0
81,220.0,15,-0.15418519109489603,-0.6025467410485734
81,220.0,16,-0.15418519109489603,0.6025467410485734
81,220.0,17,-0.15978469273907767,-0.4691455294369605
81,220.0,18,-0.15978469273907767,0.4691455294369605
81,220.0,19,-0.1615913123906683,-0.9018445020181668
81,220.0,20,-0.1615913123906683,0.9018445020181668
81,220.0,21,-0.16369578483446193,-0.04275326668701552
81,220.0,22,-0.16369578483446193,0.04275326668701552
81,220.0,23,-0.16894404787846384,-0.1379066891613402
81,220.0,24,-0.16894404787846384,0.1379066891613402
81,220.0,25,-0.1700045249337744,-1.2265020581394892
81,220.0,26,-0.1700045249337744,1.2265020581394892
81,220.0,27,-0.17710144415799284,-0.5225023383821459
81,220.0,28,-0.17710144415799284,0.5225023383821459
81,220.0,29,-0.18415834556477742,-0.7740703997971724
81,220.0,30,-0.18415834556477742,0.7740703997971724
81,220.0,31,-0.18568319790354204,-0.33507471242634884
81,220.0,32,-0.18568319790354204,0.33507471242634884
81,220.0,33,-0.19826581134129778,-0.5679551367938551
81,220.0,34,-0.19826581134129778,0.5679551367938551
81,220.0,35,-0.20119919260978977,0.0
81,220.0,36,-0.22420441802182067,-0.6368685726574623
81,220.0,37,-0.22420441802182067,0.6368685726574623
81,220.0,38,-0.2314169872879678,-0.24125570156239382
81,220.0,39,-0.2314169872879678,0.24125570156239382
81,220.0,40,-0.25062482258670904,-0.3433134425029178
82,219.0,1,0.05158714283195001,0.0
82,219.0,2,-0.036276402334171974,0.0
82,219.0,3,-0.047947795350025,0.0
82,219.0,4,-0.07713526378525615,-0.18861844865388652
82,219.0,5,-0.07713526378525615,0.18861844865388652
82,219.0,6,-0.08491594422190452,-0.07916267435164193
82,219.0,7,-0.08491594422190452,0.07916267435164193
82,219.0,8,-0.09494376230892745,-0.11402740586602485
82,219.0,9,-0.09494376230892745,0.11402740586602485
82,219.0,10,-0.14500327830430773,-0.31109725459235155
82,219.0,11,-0.14500327830430773,0.31109725459235155
82,219.0,12,-0.15157173251467548,0.0
82,219.0,13,-0.15238756851046564,-0.2380884187524462
82,219.0,14,-0.15238756851046564,0.2380884187524462
82,219.0,15,-0.15499639136213844,-0.6028162796995487
82,219.0,16,-0.15499639136213844,0.6028162796995487
82,219.0,17,-0.16065529963005876,-0.4693186225631181
82,219.0,18,-0.16065529963005876,0.4693186225631181
82,219.0,19,-0.16281052641694288,-0.9017456202361204
82,219.0,20,-0.16281052641694288,0.9017456202361204
82,219.0,21,-0.16449843145633214,-0.04310670302706666
82,219.0,22,-0.16449843145633214,0.04310670302706666
82,219.0,23,-0.16987914509468752,-0.1376048745104219
82,219.0,24,-0.16987914509468752,0.1376048745104219
82,219.0,25,-0.17104147831262598,-1.2259355481578036
82,219.0,26,-0.17104147831262598,1.2259355481578036
82,219.0,27,-0.17900042135305677,-0.5221865554294619
82,219.0,28,-0.17900042135305677,0.5221865554294619
82,219.0,29,-0.18566684080496842,-0.7737860430646244
82,219.0,30,-0.18566684080496842,0.7737860430646244
82,219.0,31,-0.18725588908190186,-0.33490714726633564
82,219.0,32,-0.18725588908190186,0.33490714726633564
82,219.0,33,-0.19872972619759643,-0.5666994041093183
82,219.0,34,-0.19872972619759643,0.5666994041093183
82,219.0,35,-0.20265974354054372,0.0
82,219.0,36,-0.225888850357901,-0.6366203295010038
82,219.0,37,-0.225888850357901,0.6366203295010038
82,219.0,38,-0.23305267039124594,-0.241616034818378
82,219.0,39,-0.23305267039124594,0.241616034818378
82,219.0,40,-0.2516105370318576,-0.3429519613881008
83,218.0,1,0.05159462452068033,0.0
83,218.0,2,-0.03698500285450399,0.0
83,218.0,3,-0.04816653535777562,0.0
83,218.0,4,-0.07787013542977608,-0.18897496119316917
83,218.0,5,-0.07787013542977608,0.18897496119316917
83,218.0,6,-0.08538845590665768,-0.07996476035209263
83,218.0,7,-0.08538845590665768,0.07996476035209263
83,218.0,8,-0.09514864330337863,-0.11453069266437449
83,218.0,9,-0.09514864330337863,0.11453069266437449
83,218.0,10,-0.14510838602476395,-0.3118158913490865
83,218.0,11,-0.14510838602476395,0.3118158913490865
83,218.0,12,-0.15199924185722408,0.0
83,218.0,13,-0.1538066437836848,-0.23800509314081678
83,218.0,14,-0.1538066437836848,0.23800509314081678
83,218.0,15,-0.15581201920773857,-0.603065198704322
83,218.0,16,-0.15581201920773857,0.603065198704322
83,218.0,17,-0.16154262896376065,-0.46950686242477596
83,218.0,18,-0.16154262896376065,0.46950686242477596
83,218.0,19,-0.1640397293750402,-0.9016511344850914
83,218.0,20,-0.1640397293750402,0.9016511344850914
83,218.0,21,-0.1653153184972891,-0.043461909837517285
83,218.0,22,-0.1653153184972891,0.043461909837517285
83,218.0,23,-0.1708457285368145,-0.1372961827144019
83,218.0,24,-0.1708457285368145,0.1372961827144019
83,218.0,25,-0.17208941205636127,-1.2253618673726556
83,218.0,26,-0.17208941205636127,1.2253618673726556
83,218.0,27,-0.18097045641756607,-0.5218454094577738
83,218.0,28,-0.18097045641756607,0.5218454094577738
83,218.0,29,-0.18717557363202625,-0.7734755399138353
83,218.0,30,-0.18717557363202625,0.7734755399138353
83,218.0,31,-0.18884030576083455,-0.3347876962127075
83,218.0,32,-0.18884030576083455,0.3347876962127075
83,218.0,33,-0.19913652662704118,-0.5654477428924053
83,218.0,34,-0.19913652662704118,0.5654477428924053
83,218.0,35,-0.20412708602421592,0.0
83,218.0,36,-0.22759543036384275,-0.6363766764121825
83,218.0,37,-0.22759543036384275,0.6363766764121825
83,218.0,38,-0.23470185767140894,-0.24198539909495415
83,218.0,39,-0.23470185767140894,0.24198539909495415
83,218.0,40,-0.2525887114557344,-0.34256750982068135
84,217.0,1,0.051599435722187274,0.0
84,217.0,2,-0.03770058807484531,0.0
84,217.0,3,-0.04838713000506207,0.0
84,217.0,4,-0.07861380493571458,-0.1893369738245854
84,217.0,5,-0.07861380493571458,0.1893369738245854
84,217.0,6,-0.08588325327480958,-0.08079589656444047
84,217.0,7,-0.08588325327480958,0.08079589656444047
84,217.0,8,-0.09529680788705017,-0.11500687813132796
84,217.0,9,-0.09529680788705017,0.11500687813132796
84,217.0,10,-0.1451928518636133,-0.3124805903599929
84,217.0,11,-0.1451928518636133,0.3124805903599929
84,217.0,12,-0.15244357758071064,0.0
84,217.0,13,-0.15528602868368852,-0.2379418147292589
84,217.0,14,-0.15528602868368852,0.2379418147292589
84,217.0,15,-0.15663349171278218,-0.6032945292357257
84,217.0,16,-0.15663349171278218,0.6032945292357257
84,217.0,17,-0.16244678636507626,-0.4697109598766011
84,217.0,18,-0.16244678636507626,0.4697109598766011
84,217.0,19,-0.1652788383151279,-0.901561159441052
84,217.0,20,-0.1652788383151279,0.901561159441052
84,217.0,21,-0.1661466878083479,-0.04381923967062962
84,217.0,22,-0.1661466878083479,0.04381923967062962
84,217.0,23,-0.17184498191714465,-0.13698235878041262
84,217.0,24,-0.17184498191714465,0.13698235878041262
84,217.0,25,-0.17314846691903163,-1.2247807514517621
84,217.0,26,-0.17314846691903163,1.2247807514517621
84,217.0,27,-0.1830193015659505,-0.5214686679016044
84,217.0,28,-0.1830193015659505,0.5214686679016044
84,217.0,29,-0.18868505672121252,-0.7731395031700757
84,217.0,30,-0.18868505672121252,0.7731395031700757
84,217.0,31,-0.1904309202348608,-0.3347164980064959
84,217.0,32,-0.1904309202348608,0.3347164980064959
84,217.0,33,-0.19947643352285355,-0.5642075650011044
84,217.0,34,-0.19947643352285355,0.5642075650011044
84,217.0,35,-0.20560175040096565,0.0
84,217.0,36,-0.22932501800651406,-0.636137567390152
84,217.0,37,-0.22932501800651406,0.636137567390152
84,217.0,38,-0.23636453298567112,-0.2423646853831175
84,217.0,39,-0.23636453298567112,0.2423646853831175
84,217.0,40,-0.25355891773694494,-0.34216070620220845
85,216.0,1,0.051601287086784506,0.0
85,216.0,2,-0.03842277498542406,0.0
85,216.0,3,-0.048609748096562384,0.0
85,216.0,4,-0.07936565090209904,-0.18970620030969054
85,216.0,5,-0.07936565090209904,0.18970620030969054
85,216.0,6,-0.08640342857578939,-0.08165821322086018
85,216.0,7,-0.08640342857578939,0.08165821322086018
85,216.0,8,-0.09538500628801969,-0.11545047668432733
85,216.0,9,-0.09538500628801969,0.11545047668432733
85,216.0,10,-0.14526138342536413,-0.31309285633852796
85,216.0,11,-0.14526138342536413,0.31309285633852796
85,216.0,12,-0.15290403141297904,0.0
85,216.0,13,-0.1568272572071593,-0.23789913808070842
85,216.0,14,-0.1568272572071593,0.23789913808070842
85,216.0,15,-0.1574621095502154,-0.6035053661331388
85,216.0,16,-0.1574621095502154,0.6035053661331388
85,216.0,17,-0.1633678629565947,-0.46993167583723927
85,216.0,18,-0.1633678629565947,0.46993167583723927
85,216.0,19,-0.1665277411264907,-0.90147582945571
85,216.0,20,-0.1665277411264907,0.90147582945571
85,216.0,21,-0.1669927939659595,-0.04417904334919244
85,216.0,22,-0.1669927939659595,0.04417904334919244
85,216.0,23,-0.17287794580244553,-0.13666529379133258
85,216.0,24,-0.17287794580244553,0.13666529379133258
85,216.0,25,-0.1742187898970272,-1.224191934138463
85,216.0,26,-0.1742187898970272,1.224191934138463
85,216.0,27,-0.18515463627247497,-0.5210427014112157
85,216.0,28,-0.18515463627247497,0.5210427014112157
85,216.0,29,-0.19019578205171855,-0.7727784835799177
85,216.0,30,-0.19019578205171855,0.7727784835799177
85,216.0,31,-0.19202276403420837,-0.3346928927716233
85,216.0,32,-0.19202276403420837,0.3346928927716233
85,216.0,33,-0.1997395330086194,-0.5629892302173182
85,216.0,34,-0.1997395330086194,0.5629892302173182
85,216.0,35,-0.20708421964480705,0.0
85,216.0,36,-0.2310785496428098,-0.6359030274047862
85,216.0,37,-0.2310785496428098,0.6359030274047862
85,216.0,38,-0.23804061458030368,-0.24275485789991644
85,216.0,39,-0.23804061458030368,0.24275485789991644
85,216.0,40,-0.2545207591603307,-0.34173227095838676
86,215.0,1,0.05159989616976929,0.0
86,215.0,2,-0.03915118304862738,0.0
86,215.0,3,-0.0488345916155715,0.0
86,215.0,4,-0.08012493599453652,-0.1900843161251699
86,215.0,5,-0.08012493599453652,0.1900843161251699
86,215.0,6,-0.08695269004466752,-0.08255414780098727
86,215.0,7,-0.08695269004466752,0.08255414780098727
86,215.0,8,-0.09540978622611869,-0.11585552134981192
86,215.0,9,-0.09540978622611869,0.11585552134981192
86,215.0,10,-0.14531795194358604,-0.3136546466835855
86,215.0,11,-0.14531795194358604,0.3136546466835855
86,215.0,12,-0.1533799693488145,0.0
86,215.0,13,-0.15829906598487548,-0.6036988539372742
86,215.0,14,-0.15829906598487548,0.6036988539372742
86,215.0,15,-0.15843196567533194,-0.23787768037442836
86,215.0,16,-0.15843196567533194,0.23787768037442836
86,215.0,17,-0.164305928750086,-0.47016982680348374
86,215.0,18,-0.164305928750086,0.47016982680348374
86,215.0,19,-0.16778629323596006,-0.9013952979478165
86,215.0,20,-0.16778629323596006,0.9013952979478165
86,215.0,21,-0.16785390551347482,-0.044541672259423556
86,215.0,22,-0.16785390551347482,0.044541672259423556
86,215.0,23,-0.17394549304439266,-0.13634699569238545
86,215.0,24,-0.17394549304439266,0.13634699569238545
86,215.0,25,-0.17530053435501677,-1.2235951465428447
86,215.0,26,-0.17530053435501677,1.2235951465428447
86,215.0,27,-0.18738303104313656,-0.5205495631132075
86,215.0,28,-0.18738303104313656,0.5205495631132075
86,215.0,29,-0.19170822079289024,-0.7723929724456571
86,215.0,30,-0.19170822079289024,0.7723929724456571
86,215.0,31,-0.19361148068746198,-0.33471564690954553
86,215.0,32,-0.19361148068746198,0.33471564690954553
86,215.0,33,-0.19991671145867668,-0.5618069385262907
86,215.0,34,-0.19991671145867668,0.5618069385262907
86,215.0,35,-0.2085749340006855,0.0
86,215.0,36,-0.23285703383994844,-0.6356731550699878
86,215.0,37,-0.23285703383994844,0.6356731550699878
86,215.0,38,-0.2397299490394877,-0.24315696237407958
86,215.0,39,-0.2397299490394877,0.24315696237407958
86,215.0,40,-0.2554738696626263,-0.3412830444792026
87,214.0,1,0.051594985738450956,0.0
87,214.0,2,-0.03988542227897798,0.0
87,214.0,3,-0.04906190495884658,0.0
87,214.0,4,-0.08089079910314395,-0.1904729380307291
87,214.0,5,-0.08089079910314395,0.1904729380307291
87,214.0,6,-0.08753555410298378,-0.08348646084431996
87,214.0,7,-0.08753555410298378,0.08348646084431996
87,214.0,8,-0.09536734105981184,-0.11621561477913754
87,214.0,9,-0.09536734105981184,0.11621561477913754
87,214.0,10,-0.1453658028973695,-0.3141681647934268
87,214.0,11,-0.1453658028973695,0.3141681647934268
87,214.0,12,-0.1538708236663582,0.0
87,214.0,13,-0.1591454564840345,-0.6038761768492033
87,214.0,14,-0.1591454564840345,0.6038761768492033
87,214.0,15,-0.16010189579303263,-0.23787809952604422
87,214.0,16,-0.16010189579303263,0.23787809952604422
87,214.0,17,-0.1652610243337059,-0.470426290721882
87,214.0,18,-0.1652610243337059,0.470426290721882
87,214.0,19,-0.16873030609186046,-0.04490748050649453
87,214.0,20,-0.16873030609186046,0.04490748050649453
87,214.0,21,-0.16905431388403794,-0.9013197364246665
87,214.0,22,-0.16905431388403794,0.9013197364246665
87,214.0,23,-0.17504831059838116,-0.13602955461513996
87,214.0,24,-0.17504831059838116,0.13602955461513996
87,214.0,25,-0.17639386015727682,-1.2229901164274213
87,214.0,26,-0.17639386015727682,1.2229901164274213
87,214.0,27,-0.18970813892416385,-0.5199662486045372
87,214.0,28,-0.18970813892416385,0.5199662486045372
87,214.0,29,-0.19322282320306072,-0.771983404167803
87,214.0,30,-0.19322282320306072,0.771983404167803
87,214.0,31,-0.19519330886986375,-0.3347831436718591
87,214.0,32,-0.19519330886986375,0.3347831436718591
87,214.0,33,-0.20000132812541527,-0.5606794425801355
87,214.0,34,-0.20000132812541527,0.5606794425801355
87,214.0,35,-0.21007429437114725,0.0
87,214.0,36,-0.23466154737958592,-0.63544812514232
87,214.0,37,-0.23466154737958592,0.63544812514232
87,214.0,38,-0.24143230446616476,-0.24357213542910494
87,214.0,39,-0.24143230446616476,0.24357213542910494
87,214.0,40,-0.2564179116919545,-0.340814007958933
88,213.0,1,0.051586282127151335,0.0
88,213.0,2,-0.040625078243094526,0.0
88,213.0,3,-0.04929198749808056,0.0
88,213.0,4,-0.08166225157850743,-0.190873600346387
88,213.0,5,-0.08166225157850743,0.190873600346387
88,213.0,6,-0.08815761664897692,-0.08445823041510143
88,213.0,7,-0.08815761664897692,0.08445823041510143
88,213.0,8,-0.09525326583782323,-0.11652401128248858
88,213.0,9,-0.09525326583782323,0.11652401128248858
88,213.0,10,-0.14540750960570384,-0.3146356964861341
88,213.0,11,-0.14540750960570384,0.3146356964861341
88,213.0,12,-0.15437608625436244,0.0
88,213.0,13,-0.1600022883118144,-0.6040385521216544
88,213.0,14,-0.1600022883118144,0.6040385521216544
88,213.0,15,-0.1618389026471594,-0.23790106679091236
88,213.0,16,-0.1618389026471594,0.23790106679091236
88,213.0,17,-0.16623315041956727,-0.4707020131065252
88,213.0,18,-0.16623315041956727,0.4707020131065252
88,213.0,19,-0.1696222954951252,-0.04527682694606183
88,213.0,20,-0.1696222954951252,0.04527682694606183
88,213.0,21,-0.17033158196556647,-0.9012493330602566
88,213.0,22,-0.17033158196556647,0.9012493330602566
88,213.0,23,-0.1761868890311842,-0.1357151045075513
88,213.0,24,-0.1761868890311842,0.1357151045075513
88,213.0,25,-0.17749893380768555,-1.2223765674838372
88,213.0,26,-0.17749893380768555,1.2223765674838372
88,213.0,27,-0.19212796471994292,-0.5192647191185248
88,213.0,28,-0.19212796471994292,0.5192647191185248
88,213.0,29,-0.19474001850294964,-0.7715501586756891
88,213.0,30,-0.19474001850294964,0.7715501586756891
88,213.0,31,-0.1967650215577454,-0.3348935280910574
88,213.0,32,-0.1967650215577454,0.3348935280910574
88,213.0,33,-0.19999176500541646,-0.5596300080266075
88,213.0,34,-0.19999176500541646,0.5596300080266075
88,213.0,35,-0.21158266459628658,0.0
88,213.0,36,-0.23649323134666933,-0.6352281908726785
88,213.0,37,-0.23649323134666933,0.6352281908726785
88,213.0,38,-0.24314736287859617,-0.244001615287775
88,213.0,39,-0.24314736287859617,0.244001615287775
88,213.0,40,-0.25735257216650953,-0.34032630760704125
89,212.0,1,0.05157351363014302,0.0
89,212.0,2,-0.041369692508997837,0.0
89,212.0,3,-0.049525210910124094,0.0
89,212.0,4,-0.08243817873406253,-0.19128772861146343
89,212.0,5,-0.08243817873406253,0.19128772861146343
89,212.0,6,-0.08882594013994391,-0.08547279764123485
89,212.0,7,-0.08882594013994391,0.08547279764123485
89,212.0,8,-0.09506218198179803,-0.11677375445882784
89,212.0,9,-0.09506218198179803,0.11677375445882784
89,212.0,10,-0.14544504832017574,-0.3150594899086588
89,212.0,11,-0.14544504832017574,0.3150594899086588
89,212.0,12,-0.15489530307241117,0.0
89,212.0,13,-0.16087048966586692,-0.6041872264146125
89,212.0,14,-0.16087048966586692,0.6041872264146125
89,212.0,15,-0.16364496873978918,-0.23794723324889935
89,212.0,16,-0.16364496873978918,0.23794723324889935
89,212.0,17,-0.16722225470726215,-0.470998013192105
89,212.0,18,-0.16722225470726215,0.470998013192105
89,212.0,19,-0.17053019067983283,-0.045650077105267695
89,212.0,20,-0.17053019067983283,0.045650077105267695
89,212.0,21,-0.17161783142898748,-0.9011842907392772
89,212.0,22,-0.17161783142898748,0.9011842907392772
89,212.0,23,-0.17736152041324155,-0.13540578318173038
89,212.0,24,-0.17736152041324155,0.13540578318173038
89,212.0,25,-0.17861592860130487,-1.2217542185966725
89,212.0,26,-0.17861592860130487,1.2217542185966725
89,212.0,27,-0.19463153999696386,-0.518413590283419
89,212.0,28,-0.19463153999696386,0.518413590283419
89,212.0,29,-0.1962602146891923,-0.7710935637353591
89,212.0,30,-0.1962602146891923,0.7710935637353591
89,212.0,31,-0.19832384276392973,-0.3350448057246731
89,212.0,32,-0.19832384276392973,0.3350448057246731
89,212.0,33,-0.19989451310141354,-0.5586847371944588
89,212.0,34,-0.19989451310141354,0.5586847371944588
89,212.0,35,-0.21310037273096416,0.0
89,212.0,36,-0.2383532871959529,-0.6350136861979785
89,212.0,37,-0.2383532871959529,0.6350136861979785
89,212.0,38,-0.24487471182864806,-0.2444467540830297
89,212.0,39,-0.24487471182864806,0.2444467540830297
89,212.0,40,-0.2582775559282573,-0.3398212827600549
90,211.0,1,0.051556408921446466,0.0
90,211.0,2,-0.042118736350113595,0.0
90,211.0,3,-0.049762043443159924,0.0
90,211.0,4,-0.08321734770293696,-0.19171661173068996
90,211.0,5,-0.08321734770293696,0.19171661173068996
90,211.0,6,-0.0895496095423576,-0.0865336059665502
90,211.0,7,-0.0895496095423576,0.0865336059665502
90,211.0,8,-0.09478717576353808,-0.1169579240594807
90,211.0,9,-0.09478717576353808,0.1169579240594807
90,211.0,10,-0.1454798793824768,-0.31544167343483004
90,211.0,11,-0.1454798793824768,0.31544167343483004
90,211.0,12,-0.15542806960445515,0.0
90,211.0,13,-0.16175091805199757,-0.6043234746963881
90,211.0,14,-0.16175091805199757,0.6043234746963881
90,211.0,15,-0.1655222252024111,-0.23801718949251896
90,211.0,16,-0.1655222252024111,0.23801718949251896
90,211.0,17,-0.16822821539226251,-0.47131538975781684
90,211.0,18,-0.16822821539226251,0.47131538975781684
90,211.0,19,-0.17145432675308508,-0.04602760500670018
90,211.0,20,-0.17145432675308508,0.04602760500670018
90,211.0,21,-0.17291274623940567,-0.9011248244578123
90,211.0,22,-0.17291274623940567,0.9011248244578123
90,211.0,23,-0.1785723046013974,-0.1351036930026024
90,211.0,24,-0.1785723046013974,0.1351036930026024
90,211.0,25,-0.17974502479017515,-1.2211227830894842
90,211.0,26,-0.17974502479017515,1.2211227830894842
90,211.0,27,-0.19719627561842673,-0.517382232586902
90,211.0,28,-0.19719627561842673,0.517382232586902
90,211.0,29,-0.19778379825593634,-0.7706138971303272
90,211.0,30,-0.19778379825593634,0.7706138971303272
90,211.0,31,-0.19972651004510095,-0.5578685408089129
90,211.0,32,-0.19972651004510095,0.5578685408089129
90,211.0,33,-0.19986735735743524,-0.3352349006518571
90,211.0,34,-0.19986735735743524,0.3352349006518571
90,211.0,35,-0.21462771139178938,0.0
90,211.0,36,-0.24024297268799977,-0.6348050277178133
90,211.0,37,-0.24024297268799977,0.6348050277178133
90,211.0,38,-0.2466138352845053,-0.24490903214074752
90,211.0,39,-0.2466138352845053,0.24490903214074752
90,211.0,40,-0.2591925760069083,-0.3393004984895868
91,210.0,1,0.05153469548942213,0.0
91,210.0,2,-0.04287157437855733,0.0
91,210.0,3,-0.050003084418020476,0.0
91,210.0,4,-0.0839984224724907,-0.19216137414720744
91,210.0,5,-0.0839984224724907,0.19216137414720744
91,210.0,6,-0.09034052750864693,-0.08764381452505678
91,210.0,7,-0.09034052750864693,0.08764381452505678
91,210.0,8,-0.09441897947703085,-0.11707010747465205
91,210.0,9,-0.09441897947703085,0.11707010747465205
91,210.0,10,-0.14551302475512712,-0.3157842038482193
91,210.0,11,-0.14551302475512712,0.3157842038482193
91,210.0,12,-0.15597402719626718,0.0
91,210.0,13,-0.16264436768904295,-0.6044486013320209
91,210.0,14,-0.16264436768904295,0.6044486013320209
91,210.0,15,-0.16747298132456762,-0.23811141768337735
91,210.0,16,-0.16747298132456762,0.23811141768337735
91,210.0,17,-0.16925082050943435,-0.4716553260245948
91,210.0,18,-0.16925082050943435,0.4716553260245948
91,210.0,19,-0.1723950579595203,-0.04640979490879887
91,210.0,20,-0.1723950579595203,0.04640979490879887
91,210.0,21,-0.17421595492643002,-0.9010711579516809
91,210.0,22,-0.17421595492643002,0.9010711579516809
91,210.0,23,-0.17981916323995278,-0.13481086430633318
91,210.0,24,-0.17981916323995278,0.13481086430633318
91,210.0,25,-0.1808864097657212,-1.2204819679481
91,210.0,26,-0.1808864097657212,1.2204819679481
91,210.0,27,-0.1993111337939222,-0.7701113887171489
91,210.0,28,-0.1993111337939222,0.7701113887171489
91,210.0,29,-0.19951466148406993,-0.5571993378706825
91,210.0,30,-0.19951466148406993,0.5571993378706825
91,210.0,31,-0.19978805117002352,-0.5161467544375788
91,210.0,32,-0.19978805117002352,0.5161467544375788
91,210.0,33,-0.20139342366621693,-0.33546168050677533
91,210.0,34,-0.20139342366621693,0.33546168050677533
91,210.0,35,-0.21616493722133198,0.0
91,210.0,36,-0.24216359759328238,-0.6346027163576261
91,210.0,37,-0.24216359759328238,0.6346027163576261
91,210.0,38,-0.24836410387779279,-0.2453900747067127
91,210.0,39,-0.24836410387779279,0.2453900747067127
91,210.0,40,-0.2600973399543428,-0.3387657833799797
92,209.0,1,0.05150809807336554,0.0
92,209.0,2,-0.04362741300542494,0.0
92,209.0,3,-0.05024911404192167,0.0
92,209.0,4,-0.08477998647661639,-0.19262294994812346
92,209.0,5,-0.08477998647661639,0.19262294994812346
92,209.0,6,-0.09121451783324007,-0.08880543680490234
92,209.0,7,-0.09121451783324007,0.08880543680490234
92,209.0,8,-0.09394482666436593,-0.11710534029788501
92,209.0,9,-0.09394482666436593,0.11710534029788501
92,209.0,10,-0.14554513669254177,-0.31608883713520014
92,209.0,11,-0.14554513669254177,0.31608883713520014
92,209.0,12,-0.15653286019260207,0.0
92,209.0,13,-0.16355157579938623,-0.6045639430630032
92,209.0,14,-0.16355157579938623,0.6045639430630032
92,209.0,15,-0.1694997634397744,-0.2382302348540151
92,209.0,16,-0.1694997634397744,0.2382302348540151
92,209.0,17,-0.17028974216640852,-0.4720190926802411
92,209.0,18,-0.17028974216640852,0.4720190926802411
92,209.0,19,-0.1733527586846394,-0.04679704297630644
92,209.0,20,-0.1733527586846394,0.04679704297630644
92,209.0,21,-0.1755270247600914,-0.9010235194045078
92,209.0,22,-0.1755270247600914,0.9010235194045078
92,209.0,23,-0.18110186023533956,-0.13452922328657035
92,209.0,24,-0.18110186023533956,0.13452922328657035
92,209.0,25,-0.18204027826012922,-1.2198314730153037
92,209.0,26,-0.18204027826012922,1.2198314730153037
92,209.0,27,-0.19929132140857556,-0.5566830890613075
92,209.0,28,-0.19929132140857556,0.5566830890613075
92,209.0,29,-0.20084256343682766,-0.7695862223630284
92,209.0,30,-0.20084256343682766,0.7695862223630284
92,209.0,31,-0.20236527637342694,-0.514695342434375
92,209.0,32,-0.20236527637342694,0.514695342434375
92,209.0,33,-0.20290009398045372,-0.3357229564895288
92,209.0,34,-0.20290009398045372,0.3357229564895288
92,209.0,35,-0.2177122694962802,0.0
92,209.0,36,-0.24411651907766774,-0.634407338575636
92,209.0,37,-0.24411651907766774,0.634407338575636
92,209.0,38,-0.2501247647038031,-0.24589167173126109
92,209.0,39,-0.2501247647038031,0.24589167173126109
92,209.0,40,-0.2609915315024219,-0.33821927325360907
93,208.0,1,0.05147633708831666,0.0
93,208.0,2,-0.044385225837824095,0.0
93,208.0,3,-0.05050116640109086,0.0
93,208.0,4,-0.08556057252127178,-0.193102061027056
93,208.0,5,-0.08556057252127178,0.193102061027056
93,208.0,6,-0.09219271062427659,-0.09001749928099874
93,208.0,7,-0.09219271062427659,0.09001749928099874
93,208.0,8,-0.09334700956372574,-0.11706201707754271
93,208.0,9,-0.09334700956372574,0.11706201707754271
93,208.0,10,-0.1455765553530451,-0.3163571153209727
93,208.0,11,-0.1455765553530451,0.3163571153209727
93,208.0,12,-0.15710429381091376,0.0
93,208.0,13,-0.16447322767689637,-0.6046708736410394
93,208.0,14,-0.16447322767689637,0.6046708736410394
93,208.0,15,-0.17134450462302628,-0.47240804757716875
93,208.0,16,-0.17134450462302628,0.47240804757716875
93,208.0,17,-0.17160536403027354,-0.2383737258506678
93,208.0,18,-0.17160536403027354,0.2383737258506678
93,208.0,19,-0.17432782448925516,-0.047189758894750695
93,208.0,20,-0.17432782448925516,0.047189758894750695
93,208.0,21,-0.17684545562754758,-0.9009821360677643
93,208.0,22,-0.17684545562754758,0.9009821360677643
93,208.0,23,-0.18242002706121807,-0.13426056558393554
93,208.0,24,-0.18242002706121807,0.13426056558393554
93,208.0,25,-0.18320683256897533,-1.2191709901504062
93,208.0,26,-0.18320683256897533,1.2191709901504062
93,208.0,27,-0.19908732001099738,-0.5563127479082525
93,208.0,28,-0.19908732001099738,0.5563127479082525
93,208.0,29,-0.20237840612429014,-0.7690385377772219
93,208.0,30,-0.20237840612429014,0.7690385377772219
93,208.0,31,-0.20438554483000593,-0.3360164654245709
93,208.0,32,-0.20438554483000593,0.3360164654245709
93,208.0,33,-0.2048853925707334,-0.513029988343998
93,208.0,34,-0.2048853925707334,0.513029988343998
93,208.0,35,-0.21926988788908877,0.0
93,208.0,36,-0.24610313670673997,-0.634219566926389
93,208.0,37,-0.24610313670673997,0.634219566926389
93,208.0,38,-0.2518949309995072,-0.24641580151143577
93,208.0,39,-0.2518949309995072,0.24641580151143577
93,208.0,40,-0.26183909121767235,-0.4990105118532474
94,207.0,1,0.05143912702357889,0.0
94,207.0,2,-0.045143643820397615,0.0
94,207.0,3,-0.05076063780184013,0.0
94,207.0,4,-0.08633869910909929,-0.1935992014233696
94,207.0,5,-0.08633869910909929,0.1935992014233696
94,207.0,6,-0.09260160608768192,-0.11694570569082269
94,207.0,7,-0.09260160608768192,0.11694570569082269
94,207.0,8,-0.09330274461632027,-0.09127228288657868
94,207.0,9,-0.09330274461632027,0.09127228288657868
94,207.0,10,-0.14560735500056826,-0.31659036422735487
94,207.0,11,-0.14560735500056826,0.31659036422735487
94,207.0,12,-0.15768809270609951,0.0
94,207.0,13,-0.16540996043925932,-0.6047708099298055
94,207.0,14,-0.16540996043925932,0.6047708099298055
94,207.0,15,-0.17241444517721013,-0.47282362991799426
94,207.0,16,-0.17241444517721013,0.47282362991799426
94,207.0,17,-0.17379290162057687,-0.23854166356391163
94,207.0,18,-0.17379290162057687,0.23854166356391163
94,207.0,19,-0.17532067318773134,-0.04758836744339882
94,207.0,20,-0.17532067318773134,0.04758836744339882
94,207.0,21,-0.1781706737219909,-0.9009472276096431
94,207.0,22,-0.1781706737219909,0.9009472276096431
94,207.0,23,-0.18377319105920747,-0.13400653624307704
94,207.0,24,-0.18377319105920747,0.13400653624307704
94,207.0,25,-0.18438628279754607,-1.2185002023468503
94,207.0,26,-0.18438628279754607,1.2185002023468503
94,207.0,27,-0.19892620282769102,-0.5560716786610899
94,207.0,28,-0.19892620282769102,0.5560716786610899
94,207.0,29,-0.2039189566495564,-0.7684684322530001
94,207.0,30,-0.2039189566495564,0.7684684322530001
94,207.0,31,-0.20584801672920278,-0.3363398397786776
94,207.0,32,-0.20584801672920278,0.3363398397786776
94,207.0,33,-0.2073103021496226,-0.5111641864690846
94,207.0,34,-0.2073103021496226,0.5111641864690846
94,207.0,35,-0.2208379293778059,0.0
94,207.0,36,-0.24812488704084462,-0.6340401597503273
94,207.0,37,-0.24812488704084462,0.6340401597503273
94,207.0,38,-0.2536735722312523,-0.2469646592348672
94,207.0,39,-0.2536735722312523,0.2469646592348672
94,207.0,40,-0.26217305764017707,-0.49992481867770083
95,206.0,1,0.05139617479931837,0.0
95,206.0,2,-0.04590079161184887,0.0
95,206.0,3,-0.0510294489477821,0.0
95,206.0,4,-0.0871129115082374,-0.19411462968002127
95,206.0,5,-0.0871129115082374,0.19411462968002127
95,206.0,6,-0.09167926864426149,-0.11677612051239135
95,206.0,7,-0.09167926864426149,0.11677612051239135
95,206.0,8,-0.09457789799972374,-0.09254838930692956
95,206.0,9,-0.09457789799972374,0.09254838930692956
95,206.0,10,-0.1456373794462787,-0.3167896984261758
95,206.0,11,-0.1456373794462787,0.3167896984261758
95,206.0,12,-0.15828406019666166,0.0
95,206.0,13,-0.16636236537032872,-0.6048652193309888
95,206.0,14,-0.16636236537032872,0.6048652193309888
95,206.0,15,-0.17349866704499461,-0.4732673457335467
95,206.0,16,-0.17349866704499461,0.4732673457335467
95,206.0,17,-0.17606589159052632,-0.23873341299140907
95,206.0,18,-0.17606589159052632,0.23873341299140907
95,206.0,19,-0.176331745980855,-0.04799331004200728
95,206.0,20,-0.176331745980855,0.04799331004200728
95,206.0,21,-0.1795020252040047,-0.9009189979981322
95,206.0,22,-0.1795020252040047,0.9009189979981322
95,206.0,23,-0.18516080491010473,-0.13376861614508548
95,206.0,24,-0.18516080491010473,0.13376861614508548
95,206.0,25,-0.18557884713317946,-1.217818782799662
95,206.0,26,-0.18557884713317946,1.217818782799662
95,206.0,27,-0.19882211197041097,-0.5559390412770694
95,206.0,28,-0.19882211197041097,0.5559390412770694
95,206.0,29,-0.2054644844577786,-0.7678759623415347
95,206.0,30,-0.2054644844577786,0.7678759623415347
95,206.0,31,-0.20728576158915774,-0.3366905704944994
95,206.0,32,-0.20728576158915774,0.3366905704944994
95,206.0,33,-0.20960860322613944,-0.5091191842828321
95,206.0,34,-0.20960860322613944,0.5091191842828321
95,206.0,35,-0.22241648428597885,0.0
95,206.0,36,-0.25018323783869667,-0.633869959719447
95,206.0,37,-0.25018323783869667,0.633869959719447
95,206.0,38,-0.2554595054404781,-0.24754069178756719
95,206.0,39,-0.2554595054404781,0.24754069178756719
95,206.0,40,-0.2625730286931972,-0.5008758393184717
96,205.0,1,0.051347178064459716,0.0
96,205.0,2,-0.046654043578440614,0.0
96,205.0,3,-0.05131028755029362,0.0
96,205.0,4,-0.08788182529674793,-0.1946483705061062
96,205.0,5,-0.08788182529674793,0.1946483705061062
96,205.0,6,-0.0905531240043313,-0.11659680390710526
96,205.0,7,-0.0905531240043313,0.11659680390710526
96,205.0,8,-0.09604910292204033,-0.09380108084450609
96,205.0,9,-0.09604910292204033,0.09380108084450609
96,205.0,10,-0.14566626783963071,-0.3169560308433226
96,205.0,11,-0.14566626783963071,0.3169560308433226
96,205.0,12,-0.15889203813671818,0.0
96,205.0,13,-0.1673309887431839,-0.604955628422981
96,205.0,14,-0.1673309887431839,0.604955628422981
96,205.0,15,-0.17459598407897386,-0.47374074012644807
96,205.0,16,-0.17459598407897386,0.47374074012644807
96,205.0,17,-0.17736150865265227,-0.04840504628775045
96,205.0,18,-0.17736150865265227,0.04840504628775045
96,205.0,19,-0.1784283273772931,-0.23894781411872132
96,205.0,20,-0.1784283273772931,0.23894781411872132
96,205.0,21,-0.1808387700556887,-0.9008976257211043
96,205.0,22,-0.1808387700556887,0.9008976257211043
96,205.0,23,-0.18658227562568108,-0.13354811454796842
96,205.0,24,-0.18658227562568108,0.13354811454796842
96,205.0,25,-0.18678475214649348,-1.217126393914258
96,205.0,26,-0.18678475214649348,1.217126393914258
96,205.0,27,-0.19878088010454648,-0.5558942706455077
96,205.0,28,-0.19878088010454648,0.5558942706455077
96,205.0,29,-0.2070152321578273,-0.7672611454841712
96,205.0,30,-0.2070152321578273,0.7672611454841712
96,205.0,31,-0.20869699485007337,-0.3370659667029564
96,205.0,32,-0.20869699485007337,0.3370659667029564
96,205.0,33,-0.2117555425114982,-0.5069215279134164
96,205.0,34,-0.2117555425114982,0.5069215279134164
96,205.0,35,-0.22400559142332963,0.0
96,205.0,36,-0.2522796819452453,-0.6337098909359224
96,205.0,37,-0.2522796819452453,0.6337098909359224
96,205.0,38,-0.2572513891795589,-0.2481466405946663
96,205.0,39,-0.2572513891795589,0.2481466405946663
96,205.0,40,-0.26305764165845535,-0.5018523146390393
97,204.0,1,0.05129182341775163,0.0
97,204.0,2,-0.04739966645143197,0.0
97,204.0,3,-0.051606964304825545,0.0
97,204.0,4,-0.0886441697249217,-0.1952002262482893
97,204.0,5,-0.0886441697249217,0.1952002262482893
97,204.0,6,-0.08922021451543727,-0.11647844025450145
97,204.0,7,-0.08922021451543727,0.11647844025450145
97,204.0,8,-0.09772341801801782,-0.09495896922303265
97,204.0,9,-0.09772341801801782,0.09495896922303265
97,204.0,10,-0.14569347206515887,-0.31709008539911965
97,204.0,11,-0.14569347206515887,0.31709008539911965
97,204.0,12,-0.1595119074314015,0.0
97,204.0,13,-0.16831633098918608,-0.6050436327210492
97,204.0,14,-0.16831633098918608,0.6050436327210492
97,204.0,15,-0.17570485858379412,-0.4742453501368479
97,204.0,16,-0.17570485858379412,0.4742453501368479
97,204.0,17,-0.17841045283895712,-0.04882405550022207
97,204.0,18,-0.17841045283895712,0.04882405550022207
97,204.0,19,-0.18088477050762175,-0.23918303647120556
97,204.0,20,-0.18088477050762175,0.23918303647120556
97,204.0,21,-0.18218007641929995,-0.9008832521576716
97,204.0,22,-0.18218007641929995,0.9008832521576716
97,204.0,23,-0.18800423312427775,-1.2164226862465675
97,204.0,24,-0.18800423312427775,1.2164226862465675
97,204.0,25,-0.1880369916974418,-0.1333461670160644
97,204.0,26,-0.1880369916974418,0.1333461670160644
97,204.0,27,-0.19880249471355965,-0.5559195013450349
97,204.0,28,-0.19880249471355965,0.5559195013450349
97,204.0,29,-0.2085714137067503,-0.7666239616355067
97,204.0,30,-0.2085714137067503,0.7666239616355067
97,204.0,31,-0.21007984832387802,-0.33746311589422323
97,204.0,32,-0.21007984832387802,0.33746311589422323
97,204.0,33,-0.21373302303166442,-0.5046024598677087
97,204.0,34,-0.21373302303166442,0.5046024598677087
97,204.0,35,-0.22560523228777,0.0
97,204.0,36,-0.2544157310088998,-0.6335609542588813
97,204.0,37,-0.2544157310088998,0.6335609542588813
97,204.0,38,-0.2590477221133829,-0.24878559477140655
97,204.0,39,-0.2590477221133829,0.24878559477140655
97,204.0,40,-0.2636450680163759,-0.502835251613582
98,203.0,1,0.05122978453210737,0.0
98,203.0,2,-0.04813232589298507,0.0
98,203.0,3,-0.05192490496852336,0.0
98,203.0,4,-0.08772666434638893,-0.11649567410511602
98,203.0,5,-0.08772666434638893,0.11649567410511602
98,203.0,6,-0.08939882815999876,-0.1957697977735175
98,203.0,7,-0.08939882815999876,0.1957697977735175
98,203.0,8,-0.09955877981356086,-0.09594718263863346
98,203.0,9,-0.09955877981356086,0.09594718263863346
98,203.0,10,-0.14571826699106072,-0.317192411771465
98,203.0,11,-0.14571826699106072,0.317192411771465
98,203.0,12,-0.16014358920597796,0.0
98,203.0,13,-0.16931884404381803,-0.6051309074758406
98,203.0,14,-0.16931884404381803,0.6051309074758406
98,203.0,15,-0.17682333613496695,-0.474782630412142
98,203.0,16,-0.17682333613496695,0.474782630412142
98,203.0,17,-0.17947909737409157,-0.04925083829415132
98,203.0,18,-0.17947909737409157,0.04925083829415132
98,203.0,19,-0.18344044624017855,-0.2394363953458401
98,203.0,20,-0.18344044624017855,0.2394363953458401
98,203.0,21,-0.1835250157938692,-0.9008759679441833
98,203.0,22,-0.1835250157938692,0.9008759679441833
98,203.0,23,-0.1892375344373895,-1.215707297363475
98,203.0,24,-0.1892375344373895,1.215707297363475
98,203.0,25,-0.18952434737804463,-0.13316373780477997
98,203.0,26,-0.18952434737804463,0.13316373780477997
98,203.0,27,-0.19888348621429686,-0.5560002805969226
98,203.0,28,-0.19888348621429686,0.5560002805969226
98,203.0,29,-0.21013321222141224,-0.765964354915829
98,203.0,30,-0.21013321222141224,0.765964354915829
98,203.0,31,-0.21143231858750036,-0.33787884796686823
98,203.0,32,-0.21143231858750036,0.33787884796686823
98,203.0,33,-0.21553112066540198,-0.5021976825244022
98,203.0,34,-0.21553112066540198,0.5021976825244022
98,203.0,35,-0.22721532428102142,0.0
98,203.0,36,-0.25659290925184775,-0.6334242205284626
98,203.0,37,-0.25659290925184775,0.6334242205284626
98,203.0,38,-0.2608468495104773,-0.24946105746892064
98,203.0,39,-0.2608468495104773,0.24946105746892064
98,203.0,40,-0.2643491634181858,-0.5037975293001871
99,202.0,1,0.05116072016025962,0.0
99,202.0,2,-0.04884450541877889,0.0
99,202.0,3,-0.05227173007097577,0.0
99,202.0,4,-0.08615853779122037,-0.11668255484945837
99,202.0,5,-0.08615853779122037,0.11668255484945837
99,202.0,6,-0.09014487314272704,-0.19635651348185748
99,202.0,7,-0.09014487314272704,0.19635651348185748
99,202.0,8,-0.1014730699597419,-0.0967318908001335
99,202.0,9,-0.1014730699597419,0.0967318908001335
99,202.0,10,-0.14573975474705747,-0.3172634018787406
99,202.0,11,-0.14573975474705747,0.3172634018787406
99,202.0,12,-0.1607870466513607,0.0
99,202.0,13,-0.1703389266588996,-0.6052192194204344
99,202.0,14,-0.1703389266588996,0.6052192194204344
99,202.0,15,-0.17794898576873133,-0.4753538427452151
99,202.0,16,-0.17794898576873133,0.4753538427452151
99,202.0,17,-0.18056798972051152,-0.049685918201771
99,202.0,18,-0.18056798972051152,0.049685918201771
99,202.0,19,-0.18487255955160803,-0.9008757972340838
99,202.0,20,-0.18487255955160803,0.9008757972340838
99,202.0,21,-0.18610133883234842,-0.23970411603735917
99,202.0,22,-0.18610133883234842,0.23970411603735917
99,202.0,23,-0.190484909947328,-1.214979850611166
99,202.0,24,-0.190484909947328,1.214979850611166
99,202.0,25,-0.19104376341183618,-0.13300162568249185
99,202.0,26,-0.19104376341183618,0.13300162568249185
99,202.0,27,-0.19901867382392102,-0.5561253388366191
99,202.0,28,-0.19901867382392102,0.5561253388366191
99,202.0,29,-0.21170077736640064,-0.7652822353397698
99,202.0,30,-0.21170077736640064,0.7652822353397698
99,202.0,31,-0.21275220443716858,-0.3383097067905794
99,202.0,32,-0.21275220443716858,0.3383097067905794
99,202.0,33,-0.21715057580865915,-0.4997455469615272
99,202.0,34,-0.21715057580865915,0.4997455469615272
99,202.0,35,-0.22883571288322463,0.0
99,202.0,36,-0.258812747601223,-0.6333008213717044
99,202.0,37,-0.258812747601223,0.6333008213717044
99,202.0,38,-0.2626469826287955,-0.25017702896637567
99,202.0,39,-0.2626469826287955,0.25017702896637567
99,202.0,40,-0.2651752753742418,-0.5047060653900702
100,201.0,1,0.05108427199743998,0.0
100,201.0,2,-0.0495261143803408,0.0
100,201.0,3,-0.05265764553511994,0.0
100,201.0,4,-0.08459519956133316,-0.11701937890350951
100,201.0,5,-0.08459519956133316,0.11701937890350951
100,201.0,6,-0.09088159415639427,-0.19695966444404525
100,201.0,7,-0.09088159415639427,0.19695966444404525
100,201.0,8,-0.10339069145978336,-0.09733342002965799
100,201.0,9,-0.10339069145978336,0.09733342002965799
100,201.0,10,-0.14575686414052572,-0.31730330803781576
100,201.0,11,-0.14575686414052572,0.31730330803781576
100,201.0,12,-0.16144228758171938,0.0
100,201.0,13,-0.17137691742448932,-0.6053104393530855
100,201.0,14,-0.17137691742448932,0.6053104393530855
100,201.0,15,-0.17907886065120385,-0.4759599012735343
100,201.0,16,-0.17907886065120385,0.4759599012735343
100,201.0,17,-0.18167770748455941,-0.050129843369428065
100,201.0,18,-0.18167770748455941,0.050129843369428065
100,201.0,19,-0.18622157732534608,-0.9008826798388608
100,201.0,20,-0.18622157732534608,0.9008826798388608
100,201.0,21,-0.18887427577155524,-0.23998102773678248
100,201.0,22,-0.18887427577155524,0.23998102773678248
100,201.0,23,-0.19174662345569998,-1.2142399537769597
100,201.0,24,-0.19174662345569998,1.2142399537769597
100,201.0,25,-0.1925947038347915,-0.13286047219362304
100,201.0,26,-0.1925947038347915,0.13286047219362304
100,201.0,27,-0.19920225774042594,-0.5562860081665506
100,201.0,28,-0.19920225774042594,0.5562860081665506
100,201.0,29,-0.21327422226102935,-0.7645774806768375
100,201.0,30,-0.21327422226102935,0.7645774806768375
100,201.0,31,-0.21403702538982566,-0.33875193366390416
100,201.0,32,-0.21403702538982566,0.33875193366390416
100,201.0,33,-0.21860418834897177,-0.4972830746527883
100,201.0,34,-0.21860418834897177,0.4972830746527883
100,201.0,35,-0.23046616272706638,0.0
100,201.0,36,-0.2610767785704172,-0.6331919373166188
100,201.0,37,-0.2610767785704172,0.6331919373166188
100,201.0,38,-0.264446238774045,-0.2509381106614615
100,201.0,39,-0.264446238774045,0.2509381106614615
100,201.0,40,-0.2661177759260099,-0.5055265547362138
101,200.0,1,0.05100006237353679,0.0
101,200.0,2,-0.05016502427093992,0.0
101,200.0,3,-0.05309490492395025,0.0
101,200.0,4,-0.08308087450459137,-0.11746208081011439
101,200.0,5,-0.08308087450459137,0.11746208081011439
101,200.0,6,-0.09160851699123776,-0.19757844320098575
101,200.0,7,-0.09160851699123776,0.19757844320098575
101,200.0,8,-0.10527095842614524,-0.09779681068549932
101,200.0,9,-0.10527095842614524,0.09779681068549932
101,200.0,10,-0.14576834628375862,-0.3173122629884005
101,200.0,11,-0.14576834628375862,0.3173122629884005
101,200.0,12,-0.16210936775331658,0.0
101,200.0,13,-0.17243308519535638,-0.6054065553997808
101,200.0,14,-0.17243308519535638,0.6054065553997808
101,200.0,15,-0.18020950311874304,-0.4766011699152076
101,200.0,16,-0.18020950311874304,0.4766011699152076
101,200.0,17,-0.1828088600194579,-0.050583188356251814
101,200.0,18,-0.1828088600194579,0.050583188356251814
101,200.0,19,-0.1875708378984686,-0.9008964513643949
101,200.0,20,-0.1875708378984686,0.9008964513643949
101,200.0,21,-0.19176698239173362,-0.2402601633012226
101,200.0,22,-0.19176698239173362,0.2402601633012226
101,200.0,23,-0.19302294920139007,-1.2134871976285375
101,200.0,24,-0.19302294920139007,1.2134871976285375
101,200.0,25,-0.1941766887084685,-0.13274077146649885
101,200.0,26,-0.1941766887084685,0.13274077146649885
101,200.0,27,-0.19942843278035305,-0.55647560123796
101,200.0,28,-0.19942843278035305,0.55647560123796
101,200.0,29,-0.21485361984113913,-0.7638499385104783
101,200.0,30,-0.21485361984113913,0.7638499385104783
101,200.0,31,-0.21528391157717056,-0.339201468650862
101,200.0,32,-0.21528391157717056,0.339201468650862
101,200.0,33,-0.2199153414732466,-0.4948413306755889
101,200.0,34,-0.2199153414732466,0.4948413306755889
101,200.0,35,-0.23210634751054343,0.0
101,200.0,36,-0.26338653234939535,-0.633098783012542
101,200.0,37,-0.26338653234939535,0.633098783012542
101,200.0,38,-0.2662427141214604,-0.2517496343275574
101,200.0,39,-0.2662427141214604,0.2517496343275574
101,200.0,40,-0.26716089407908483,-0.506228953035614
102,199.0,1,0.05090769174381037,0.0
102,199.0,2,-0.05074959370454739,0.0
102,199.0,3,-0.053595282942494674,0.0
102,199.0,4,-0.08163059452410576,-0.1179697324329889
102,199.0,5,-0.08163059452410576,0.1179697324329889
102,199.0,6,-0.0923254144495829,-0.1982119836235707
102,199.0,7,-0.0923254144495829,0.1982119836235707
102,199.0,8,-0.10710211238585163,-0.09816426157026353
102,199.0,9,-0.10710211238585163,0.09816426157026353
102,199.0,10,-0.14577276751562515,-0.3172903021049726
102,199.0,11,-0.14577276751562515,0.3172903021049726
102,199.0,12,-0.16278839500834513,0.0
102,199.0,13,-0.17350761657011055,-0.6055096867348388
102,199.0,14,-0.17350761657011055,0.6055096867348388
102,199.0,15,-0.18133702674842694,-0.47727722041777093
102,199.0,16,-0.18133702674842694,0.47727722041777093
102,199.0,17,-0.1839620901143379,-0.051046556066463904
102,199.0,18,-0.1839620901143379,0.051046556066463904
102,199.0,19,-0.18891901328552657,-0.9009168216280101
102,199.0,20,-0.18891901328552657,0.9009168216280101
102,199.0,21,-0.19431417241096113,-1.2127211543117218
102,199.0,22,-0.19431417241096113,1.2127211543117218
102,199.0,23,-0.1947880749790263,-0.2405322354018329
102,199.0,24,-0.1947880749790263,0.2405322354018329
102,199.0,25,-0.19578930282775758,-0.1326428808169678
102,199.0,26,-0.19578930282775758,0.1326428808169678
102,199.0,27,-0.1996917016132156,-0.5566888741499005
102,199.0,28,-0.1996917016132156,0.5566888741499005
102,199.0,29,-0.21643899860385335,-0.7630994285757845
102,199.0,30,-0.21643899860385335,0.7630994285757845
102,199.0,31,-0.21648945385110402,-0.3396539788188211
102,199.0,32,-0.21648945385110402,0.3396539788188211
102,199.0,33,-0.2211138839724463,-0.4924425035399374
102,199.0,34,-0.2211138839724463,0.4924425035399374
102,199.0,35,-0.23375583868996033,0.0
102,199.0,36,-0.26574353460571776,-0.6330225894579511
102,199.0,37,-0.26574353460571776,0.6330225894579511
102,199.0,38,-0.268034608057818,-0.25261782011490214
102,199.0,39,-0.268034608057818,0.25261782011490214
102,199.0,40,-0.2682824072110841,-0.506791219468173
103,198.0,1,0.05080673582526791,0.0
103,198.0,2,-0.051273085689458014,0.0
103,198.0,3,-0.05416565649339968,0.0
103,198.0,4,-0.08024471630079358,-0.11851298543878783
103,198.0,5,-0.08024471630079358,0.11851298543878783
103,198.0,6,-0.09303230890965042,-0.19885939967627958
103,198.0,7,-0.09303230890965042,0.19885939967627958
103,198.0,8,-0.10888678119664338,-0.09846662998809474
103,198.0,9,-0.10888678119664338,0.09846662998809474
103,198.0,10,-0.14576850114924095,-0.3172373883509335
103,198.0,11,-0.14576850114924095,0.3172373883509335
103,198.0,12,-0.1634795340333438,0.0
103,198.0,13,-0.17460060009117362,-0.6056220972429164
103,198.0,14,-0.17460060009117362,0.6056220972429164
103,198.0,15,-0.18245731149774472,-0.4779865803738534
103,198.0,16,-0.18245731149774472,0.4779865803738534
103,198.0,17,-0.18513807581090713,-0.05152057997068745
103,198.0,18,-0.18513807581090713,0.05152057997068745
103,198.0,19,-0.19026468680145675,-0.9009433514837082
103,198.0,20,-0.19026468680145675,0.9009433514837082
103,198.0,21,-0.19562058986822445,-1.2119413752637715
103,198.0,22,-0.19562058986822445,1.2119413752637715
103,198.0,23,-0.19743220083487634,-0.13256703138997958
103,198.0,24,-0.19743220083487634,0.13256703138997958
103,198.0,25,-0.197946938260194,-0.24078495524309523
103,198.0,26,-0.197946938260194,0.24078495524309523
103,198.0,27,-0.1999870168007794,-0.5569216019637526
103,198.0,28,-0.1999870168007794,0.5569216019637526
103,198.0,29,-0.21764950226749302,-0.340104927649255
103,198.0,30,-0.21764950226749302,0.340104927649255
103,198.0,31,-0.21803033810315198,-0.7623257456110745
103,198.0,32,-0.21803033810315198,0.7623257456110745
103,198.0,33,-0.22223126746237182,-0.4900997906088414
103,198.0,34,-0.22223126746237182,0.4900997906088414
103,198.0,35,-0.23541409290513468,0.0
103,198.0,36,-0.26814930652016356,-0.6329645831135996
103,198.0,37,-0.26814930652016356,0.6329645831135996
103,198.0,38,-0.26945812987048817,-0.5072001614152639
103,198.0,39,-0.26945812987048817,0.5072001614152639
103,198.0,40,-0.26982042818061835,-0.25354996287886933
104,197.0,1,0.05069674303454019,0.0
104,197.0,2,-0.051736981015851655,0.0
104,197.0,3,-0.0548046897860945,0.0
104,197.0,4,-0.07891821105484145,-0.11907280328584566
104,197.0,5,-0.07891821105484145,0.11907280328584566
104,197.0,6,-0.09372946816888438,-0.19951981940071226
104,197.0,7,-0.09372946816888438,0.19951981940071226
104,197.0,8,-0.11063267826567685,-0.09872464302542158
104,197.0,9,-0.11063267826567685,0.09872464302542158
104,197.0,10,-0.14575371695685674,-0.3171534390360931
104,197.0,11,-0.14575371695685674,0.3171534390360931
104,197.0,12,-0.16418301355461296,0.0
104,197.0,13,-0.1757120063920859,-0.605746209886066
104,197.0,14,-0.1757120063920859,0.605746209886066
104,197.0,15,-0.18356633730110108,-0.47872653018369715
104,197.0,16,-0.18356633730110108,0.47872653018369715
104,197.0,17,-0.18633753207115622,-0.05200592594733292
104,197.0,18,-0.18633753207115622,0.05200592594733292
104,197.0,19,-0.1916063652090435,-0.9009754310258667
104,197.0,20,-0.1916063652090435,0.9009754310258667
104,197.0,21,-0.19694251075299268,-1.2111473905314702
104,197.0,22,-0.19694251075299268,1.2111473905314702
104,197.0,23,-0.1991051072451297,-0.13251333950289726
104,197.0,24,-0.1991051072451297,0.13251333950289726
104,197.0,25,-0.20030983110622352,-0.5571702594294623
104,197.0,26,-0.20030983110622352,0.5571702594294623
104,197.0,27,-0.20125339924791097,-0.2410021650021442
104,197.0,28,-0.20125339924791097,0.2410021650021442
104,197.0,29,-0.21875890045693724,-0.3405497098639593
104,197.0,30,-0.21875890045693724,0.3405497098639593
104,197.0,31,-0.21962756144173956,-0.7615286620121227
104,197.0,32,-0.21962756144173956,0.7615286620121227
104,197.0,33,-0.22329670414127029,-0.48781937495693456
104,197.0,34,-0.22329670414127029,0.48781937495693456
104,197.0,35,-0.2370804380985295,0.0
104,197.0,36,-0.27060536736795293,-0.6329259629949661
104,197.0,37,-0.27060536736795293,0.6329259629949661
104,197.0,38,-0.27061253238527255,-0.33225373286156834
104,197.0,39,-0.27061253238527255,0.33225373286156834
104,197.0,40,-0.2706653304208426,-0.5074500488243181
105,196.0,1,0.050577230456754094,0.0
105,196.0,2,-0.05214988936673915,0.0
105,196.0,3,-0.05550392101922153,0.0
105,196.0,4,-0.07764482479563915,-0.11963733570375894
105,196.0,5,-0.07764482479563915,0.11963733570375894
105,196.0,6,-0.09441739569266039,-0.2001924167631602
105,196.0,7,-0.09441739569266039,0.2001924167631602
105,196.0,8,-0.11234844140972257,-0.09895197285728578
105,196.0,9,-0.11234844140972257,0.09895197285728578
105,196.0,10,-0.14572637549839768,-0.3170383574939105
105,196.0,11,-0.14572637549839768,0.3170383574939105
105,196.0,12,-0.1648991318194578,0.0
105,196.0,13,-0.17684166478686092,-0.6058846182029931
105,196.0,14,-0.17684166478686092,0.6058846182029931
105,196.0,15,-0.18466064613306996,-0.47949303009977706
105,196.0,16,-0.18466064613306996,0.47949303009977706
105,196.0,17,-0.18756121294268407,-0.05250329555415619
105,196.0,18,-0.18756121294268407,0.05250329555415619
105,196.0,19,-0.19294249685936496,-0.901012254661146
105,196.0,20,-0.19294249685936496,0.901012254661146
105,196.0,21,-0.19828025715394326,-1.210338704713779
105,196.0,22,-0.19828025715394326,1.210338704713779
105,196.0,23,-0.20065610699906028,-0.5574317839195486
105,196.0,24,-0.20065610699906028,0.5574317839195486
105,196.0,25,-0.20080781576441814,-0.13248181579010496
105,196.0,26,-0.20080781576441814,0.13248181579010496
105,196.0,27,-0.20471705163647852,-0.24116276790040567
105,196.0,28,-0.20471705163647852,0.24116276790040567
105,196.0,29,-0.2198111533311137,-0.340983887202987
105,196.0,30,-0.2198111533311137,0.340983887202987
105,196.0,31,-0.22123053126539594,-0.7607079324522398
105,196.0,32,-0.22123053126539594,0.7607079324522398
105,196.0,33,-0.22433493230547472,-0.48560302627171764
105,196.0,34,-0.22433493230547472,0.48560302627171764
105,196.0,35,-0.2387540583305959,0.0
105,196.0,36,-0.27127520011885975,-0.3320398391928048
105,196.0,37,-0.27127520011885975,0.3320398391928048
105,196.0,38,-0.27188444787610155,-0.5075403969506121
105,196.0,39,-0.27188444787610155,0.5075403969506121
105,196.0,40,-0.27311324025524075,-0.6329078738043361
106,195.0,1,0.0504476805644773,0.0
106,195.0,2,-0.05252329001067067,0.0
106,195.0,3,-0.056252019863786085,0.0
106,195.0,4,-0.07641859689015139,-0.1201993742273676
106,195.0,5,-0.07641859689015139,0.1201993742273676
106,195.0,6,-0.09509681775789255,-0.2008764350261795
106,195.0,7,-0.09509681775789255,0.2008764350261795
106,195.0,8,-0.11404212185434284,-0.09915773472371725
106,195.0,9,-0.11404212185434284,0.09915773472371725
106,195.0,10,-0.14568422108825563,-0.3168920654472626
106,195.0,11,-0.14568422108825563,0.3168920654472626
106,195.0,12,-0.16562826614386597,0.0
106,195.0,13,-0.17798923472131395,-0.6060400981048196
106,195.0,14,-0.17798923472131395,0.6060400981048196
106,195.0,15,-0.1857378663347544,-0.48028086407981774
106,195.0,16,-0.1857378663347544,0.48028086407981774
106,195.0,17,-0.18880991334286026,-0.05301342845113121
106,195.0,18,-0.18880991334286026,0.05301342845113121
106,195.0,19,-0.19427149425047427,-0.9010528016642042
106,195.0,20,-0.19427149425047427,0.9010528016642042
106,195.0,21,-0.1996341650678899,-1.209514795784308
106,195.0,22,-0.1996341650678899,1.209514795784308
106,195.0,23,-0.20102230617025013,-0.5577034063638124
106,195.0,24,-0.20102230617025013,0.5577034063638124
106,195.0,25,-0.20254018253348144,-0.13247237559828987
106,195.0,26,-0.20254018253348144,0.13247237559828987
106,195.0,27,-0.20834601793806717,-0.24123951122061313
106,195.0,28,-0.20834601793806717,0.24123951122061313
106,195.0,29,-0.2207980322118147,-0.341403585660374
106,195.0,30,-0.2207980322118147,0.341403585660374
106,195.0,31,-0.2228390404246841,-0.7598632979698087
106,195.0,32,-0.2228390404246841,0.7598632979698087
106,195.0,33,-0.22536528733081085,-0.48345025308927175
106,195.0,34,-0.22536528733081085,0.48345025308927175
106,195.0,35,-0.2404339773368822,0.0
106,195.0,36,-0.2719090397025933,-0.3319352303003779
106,195.0,37,-0.2719090397025933,0.3319352303003779
106,195.0,38,-0.27309945911475725,-0.5074739321125694
106,195.0,39,-0.27309945911475725,0.5074739321125694
106,195.0,40,-0.27513943872625707,-0.2568233741116852
107,194.0,1,0.05030753693319464,0.0
107,194.0,2,-0.052867890528398215,0.0
107,194.0,3,-0.05703842644030186,0.0
107,194.0,4,-0.07523428553633155,-0.12075465240429842
107,194.0,5,-0.07523428553633155,0.12075465240429842
107,194.0,6,-0.09576866885972768,-0.2015712053840297
107,194.0,7,-0.09576866885972768,0.2015712053840297
107,194.0,8,-0.11572077210648285,-0.09934814825006065
107,194.0,9,-0.11572077210648285,0.09934814825006065
107,194.0,10,-0.14562478049734615,-0.31671453841858543
107,194.0,11,-0.14562478049734615,0.31671453841858543
107,194.0,12,-0.16637088250475277,0.0
107,194.0,13,-0.17915417275075685,-0.6062156160440345
107,194.0,14,-0.17915417275075685,0.6062156160440345
107,194.0,15,-0.18679717287564113,-0.481084036664108
107,194.0,16,-0.18679717287564113,0.481084036664108
107,194.0,17,-0.1900844710713141,-0.05353710577646555
107,194.0,18,-0.1900844710713141,0.05353710577646555
107,194.0,19,-0.19559176229244923,-0.9010958182123362
107,194.0,20,-0.19559176229244923,0.9010958182123362
107,194.0,21,-0.20100458529865736,-1.2086751120681845
107,194.0,22,-0.20100458529865736,1.2086751120681845
107,194.0,23,-0.20140537626247348,-0.5579825312836808
107,194.0,24,-0.20140537626247348,0.5579825312836808
107,194.0,25,-0.20430211749764876,-0.1324848480399133
107,194.0,26,-0.20430211749764876,0.1324848480399133
107,194.0,27,-0.21214485032704156,-0.24119780382297748
107,194.0,28,-0.21214485032704156,0.24119780382297748
107,194.0,29,-0.2217091617152761,-0.34180613459123677
107,194.0,30,-0.2217091617152761,0.34180613459123677
107,194.0,31,-0.22445280368099357,-0.75899449167435
107,194.0,32,-0.22445280368099357,0.75899449167435
107,194.0,33,-0.22640158815118105,-0.48135956932323853
107,194.0,34,-0.22640158815118105,0.48135956932323853
107,194.0,35,-0.24211904092700112,0.0
107,194.0,36,-0.2725166390247904,-0.3319650508921875
107,194.0,37,-0.2725166390247904,0.3319650508921875
107,194.0,38,-0.2742974965879681,-0.5072551488502791
107,194.0,39,-0.2742974965879681,0.5072551488502791
107,194.0,40,-0.27690824597157127,-0.25811212234143494
108,193.0,1,0.05015619954571196,0.0
108,193.0,2,-0.05319214285628052,0.0
108,193.0,3,-0.05785483279952753,0.0
108,193.0,4,-0.07408739018470736,-0.12130076966413238
108,193.0,5,-0.07408739018470736,0.12130076966413238
108,193.0,6,-0.09643407723776004,-0.20227615935916995
108,193.0,7,-0.09643407723776004,0.20227615935916995
108,193.0,8,-0.11739044066098393,-0.09952758208774984
108,193.0,9,-0.11739044066098393,0.09952758208774984
108,193.0,10,-0.14554536641231758,-0.31650584183169894
108,193.0,11,-0.14554536641231758,0.31650584183169894
108,193.0,12,-0.1671275470378237,0.0
108,193.0,13,-0.1803356946093048,-0.606414333517146
108,193.0,14,-0.1803356946093048,0.606414333517146
108,193.0,15,-0.18783953924578672,-0.4818963734627508
108,193.0,16,-0.18783953924578672,0.4818963734627508
108,193.0,17,-0.19138576876986624,-0.054075153858563464
108,193.0,18,-0.19138576876986624,0.054075153858563464
108,193.0,19,-0.19690173117948517,-0.9011398046592037
108,193.0,20,-0.19690173117948517,0.9011398046592037
108,193.0,21,-0.20180273958493636,-0.5582666560756837
108,193.0,22,-0.20180273958493636,0.5582666560756837
108,193.0,23,-0.20239188450875556,-1.2078190691870418
108,193.0,24,-0.20239188450875556,1.2078190691870418
108,193.0,25,-0.20609357229236197,-0.13251898493341652
108,193.0,26,-0.20609357229236197,0.13251898493341652
108,193.0,27,-0.21611124954783073,-0.24099502974970932
108,193.0,28,-0.21611124954783073,0.24099502974970932
108,193.0,29,-0.22253169253609623,-0.342191049969253
108,193.0,30,-0.22253169253609623,0.342191049969253
108,193.0,31,-0.22607144776300928,-0.7581012455186105
108,193.0,32,-0.22607144776300928,0.7581012455186105
108,193.0,33,-0.22745250491471483,-0.4793289431014269
108,193.0,34,-0.22745250491471483,0.4793289431014269
108,193.0,35,-0.24380789843805525,0.0
108,193.0,36,-0.2731053357001651,-0.33215868524035097
108,193.0,37,-0.2731053357001651,0.33215868524035097
108,193.0,38,-0.2754681919796299,-0.5068894529985237
108,193.0,39,-0.2754681919796299,0.5068894529985237
108,193.0,40,-0.27868800002672195,-0.25952191192181195
109,192.0,1,0.04999301948406699,0.0
109,192.0,2,-0.053502215367551745,0.0
109,192.0,3,-0.05869520809495362,0.0
109,192.0,4,-0.07297404847455692,-0.12183651564179075
109,192.0,5,-0.07297404847455692,0.12183651564179075
109,192.0,6,-0.0970943519274026,-0.2029908356589351
109,192.0,7,-0.0970943519274026,0.2029908356589351
109,192.0,8,-0.1190562940267084,-0.09969920511748886
109,192.0,9,-0.1190562940267084,0.09969920511748886
109,192.0,10,-0.14544308694356384,-0.3162661662840651
109,192.0,11,-0.14544308694356384,0.3162661662840651
109,192.0,12,-0.1678989394027376,0.0
109,192.0,13,-0.18153273266130793,-0.60663960630555
109,192.0,14,-0.18153273266130793,0.60663960630555
109,192.0,15,-0.18886768853963473,-0.48271218476349453
109,192.0,16,-0.18886768853963473,0.48271218476349453
109,192.0,17,-0.19271473582919452,-0.05462844846430212
109,192.0,18,-0.19271473582919452,0.05462844846430212
109,192.0,19,-0.19819989286141543,-0.9011830091977037
109,192.0,20,-0.19819989286141543,0.9011830091977037
109,192.0,21,-0.20221228621645987,-0.5585533214421378
109,192.0,22,-0.20221228621645987,0.5585533214421378
109,192.0,23,-0.20379644640145292,-1.206946046606105
109,192.0,24,-0.20379644640145292,1.206946046606105
109,192.0,25,-0.20791452483808676,-0.13257446974469317
109,192.0,26,-0.20791452483808676,0.13257446974469317
109,192.0,27,-0.22023146787845188,-0.2405812557120954
109,192.0,28,-0.22023146787845188,0.2405812557120954
109,192.0,29,-0.22325027624122915,-0.34256144810895256
109,192.0,30,-0.22325027624122915,0.34256144810895256
109,192.0,31,-0.22769450007782377,-0.7571832985174419
109,192.0,32,-0.22769450007782377,0.7571832985174419
109,192.0,33,-0.22852223513773512,-0.4773557231754373
109,192.0,34,-0.22852223513773512,0.4773557231754373
109,192.0,35,-0.2454989835821705,0.0
109,192.0,36,-0.27368988678130163,-0.33254915307717886
109,192.0,37,-0.27368988678130163,0.33254915307717886
109,192.0,38,-0.2766030087102139,-0.5063827418606884
109,192.0,39,-0.2766030087102139,0.5063827418606884
109,192.0,40,-0.2804951922414435,-0.2610653956864499
110,191.0,1,0.049817292899924044,0.0
110,191.0,2,-0.05380247236075845,0.0
110,191.0,3,-0.05955531603576737,0.0
110,191.0,4,-0.07189091061149291,-0.12236144196693277
110,191.0,5,-0.07189091061149291,0.12236144196693277
110,191.0,6,-0.09775097249166188,-0.2037148821018566
110,191.0,7,-0.09775097249166188,0.2037148821018566
110,191.0,8,-0.12072276153842249,-0.0998653966640342
110,191.0,9,-0.12072276153842249,0.0998653966640342
110,191.0,10,-0.14531486148398537,-0.31599585976510225
110,191.0,11,-0.14531486148398537,0.31599585976510225
110,191.0,12,-0.16868586829410628,0.0
110,191.0,13,-0.1827438893700326,-0.6068949769169016
110,191.0,14,-0.1827438893700326,0.6068949769169016
110,191.0,15,-0.1898857580965998,-0.4835268195443572
110,191.0,16,-0.1898857580965998,0.4835268195443572
110,191.0,17,-0.1940723501897807,-0.055197919684319134
110,191.0,18,-0.1940723501897807,0.055197919684319134
110,191.0,19,-0.19948483945745413,-0.901223429159263
110,191.0,20,-0.19948483945745413,0.901223429159263
110,191.0,21,-0.2026323712061891,-0.5588400876416522
110,191.0,22,-0.2026323712061891,0.5588400876416522
110,191.0,23,-0.20521867305402136,-1.2060553837154164
110,191.0,24,-0.20521867305402136,1.2060553837154164
110,191.0,25,-0.20976496047416587,-0.13265092693020944
110,191.0,26,-0.20976496047416587,0.13265092693020944
110,191.0,27,-0.22384770912452495,-0.3429258670064439
110,191.0,28,-0.22384770912452495,0.3429258670064439
110,191.0,29,-0.22447495931068,-0.23990269478295448
110,191.0,30,-0.22447495931068,0.23990269478295448
110,191.0,31,-0.22932137595787083,-0.7562404067016265
110,191.0,32,-0.22932137595787083,0.7562404067016265
110,191.0,33,-0.22961136107617036,-0.4754363774599216
110,191.0,34,-0.22961136107617036,0.4754363774599216
110,191.0,35,-0.2471904952118918,0.0
110,191.0,36,-0.2742955595724724,-0.33317098762570263
110,191.0,37,-0.2742955595724724,0.33317098762570263
110,191.0,38,-0.2776946747537572,-0.5057412636718572
110,191.0,39,-0.2776946747537572,0.5057412636718572
110,191.0,40,-0.2823541945549438,-0.26275052984291547
111,190.0,1,0.04962825413239049,0.0
111,190.0,2,-0.05409598241449538,0.0
111,190.0,3,-0.06043220311378755,0.0
111,190.0,4,-0.0708350254705418,-0.1228755867805847
111,190.0,5,-0.0708350254705418,0.1228755867805847
111,190.0,6,-0.09840558232145954,-0.20444805327937676
111,190.0,7,-0.09840558232145954,0.20444805327937676
111,190.0,8,-0.12239366739023708,-0.10002800970658142
111,190.0,9,-0.12239366739023708,0.10002800970658142
111,190.0,10,-0.1451574423324156,-0.31569545427339313
111,190.0,11,-0.1451574423324156,0.31569545427339313
111,190.0,12,-0.1694892894265963,0.0
111,190.0,13,-0.18396738793591713,-0.6071841586729879
111,190.0,14,-0.18396738793591713,0.6071841586729879
111,190.0,15,-0.19089879175623992,-0.4843369869581423
111,190.0,16,-0.19089879175623992,0.4843369869581423
111,190.0,17,-0.19545963997282018,-0.05578455757414878
111,190.0,18,-0.19545963997282018,0.05578455757414878
111,190.0,19,-0.20075530146294468,-0.901258820710127
111,190.0,20,-0.20075530146294468,0.901258820710127
111,190.0,21,-0.2030618140240214,-0.5591245329466032
111,190.0,22,-0.2030618140240214,0.5591245329466032
111,190.0,23,-0.20665898642694794,-1.2051463753620726
111,190.0,24,-0.20665898642694794,1.2051463753620726
111,190.0,25,-0.2116448493643381,-0.13274793219361888
111,190.0,26,-0.2116448493643381,0.13274793219361888
111,190.0,27,-0.22430672865866405,-0.34330018323774636
111,190.0,28,-0.22430672865866405,0.34330018323774636
111,190.0,29,-0.22879029867763673,-0.2389091696643365
111,190.0,30,-0.22879029867763673,0.2389091696643365
111,190.0,31,-0.23071774257690192,-0.4735662903502726
111,190.0,32,-0.23071774257690192,0.4735662903502726
111,190.0,33,-0.23095136433412317,-0.7552723551263758
111,190.0,34,-0.23095136433412317,0.7552723551263758
111,190.0,35,-0.24888037877002964,0.0
111,190.0,36,-0.2749606728413926,-0.33405588282688303
111,190.0,37,-0.2749606728413926,0.33405588282688303
111,190.0,38,-0.2787367447892366,-0.504971636055215
111,190.0,39,-0.2787367447892366,0.504971636055215
111,190.0,40,-0.2842966225736227,-0.26457496148959875
112,189.0,1,0.04942506781435547,0.0
112,189.0,2,-0.05438491488674479,0.0
112,189.0,3,-0.061323798271742745,0.0
112,189.0,4,-0.06980374679271667,-0.12337929475276152
112,189.0,5,-0.06980374679271667,0.12337929475276152
112,189.0,6,-0.09905998616744761,-0.20519020457377202
112,189.0,7,-0.09905998616744761,0.20519020457377202
112,189.0,8,-0.12407234054599121,-0.10018854345045025
112,189.0,9,-0.12407234054599121,0.10018854345045025
112,189.0,10,-0.14496744039375442,-0.3153656842911771
112,189.0,11,-0.14496744039375442,0.3153656842911771
112,189.0,12,-0.17031032638072033,0.0
112,189.0,13,-0.18520102185311565,-0.6075110100597686
112,189.0,14,-0.18520102185311565,0.6075110100597686
112,189.0,15,-0.19191221001425496,-0.4851408194905888
112,189.0,16,-0.19191221001425496,0.4851408194905888
112,189.0,17,-0.19687768486350365,-0.05638941869216748
112,189.0,18,-0.19687768486350365,0.05638941869216748
112,189.0,19,-0.20201018327049494,-0.9012867170184725
112,189.0,20,-0.20201018327049494,0.9012867170184725
112,189.0,21,-0.2034998973361714,-0.5594042716767806
112,189.0,22,-0.2034998973361714,0.5594042716767806
112,189.0,23,-0.2081178300793185,-1.2042182667338455
112,189.0,24,-0.2081178300793185,1.2042182667338455
112,189.0,25,-0.2135541198104421,-0.13286502428428473
112,189.0,26,-0.2135541198104421,0.13286502428428473
112,189.0,27,-0.2246133170380911,-0.3437088160114914
112,189.0,28,-0.2246133170380911,0.3437088160114914
112,189.0,29,-0.23183729775533468,-0.471739728945337
112,189.0,30,-0.23183729775533468,0.471739728945337
112,189.0,31,-0.232583611743983,-0.7542789722783442
112,189.0,32,-0.232583611743983,0.7542789722783442
112,189.0,33,-0.2331060494728573,-0.23756494358596125
112,189.0,34,-0.2331060494728573,0.23756494358596125
112,189.0,35,-0.2505663095042602,0.0
112,189.0,36,-0.2757367576783882,-0.33522611600813973
112,189.0,37,-0.2757367576783882,0.33522611600813973
112,189.0,38,-0.2797232842651147,-0.5040809442534594
112,189.0,39,-0.2797232842651147,0.5040809442534594
112,189.0,40,-0.28477795508383996,-0.1877070533099501
113,188.0,1,0.0492068197735836,0.0
113,188.0,2,-0.05467081798569978,0.0
113,188.0,3,-0.06222863052369885,0.0
113,188.0,4,-0.06879465872671367,-0.12387309792023746
113,188.0,5,-0.06879465872671367,0.12387309792023746
113,188.0,6,-0.09971615239950776,-0.20594128303022205
113,188.0,7,-0.09971615239950776,0.20594128303022205
113,188.0,8,-0.12576170255513014,-0.10034825905633718
113,188.0,9,-0.12576170255513014,0.10034825905633718
113,188.0,10,-0.14474135208754266,-0.31500749503364694
113,188.0,11,-0.14474135208754266,0.31500749503364694
113,188.0,12,-0.1711502947645621,0.0
113,188.0,13,-0.1864421057387225,-0.6078794983736013
113,188.0,14,-0.1864421057387225,0.6078794983736013
113,188.0,15,-0.19293137539834376,-0.48593773586312
113,188.0,16,-0.19293137539834376,0.48593773586312
113,188.0,17,-0.198327617156427,-0.0570136337032397
113,188.0,18,-0.198327617156427,0.0570136337032397
113,188.0,19,-0.20324859344596868,-0.9013044541452705
113,188.0,20,-0.20324859344596868,0.9013044541452705
113,188.0,21,-0.20394636141089326,-0.5596769895159718
113,188.0,22,-0.20394636141089326,0.5596769895159718
113,188.0,23,-0.2095956711269121,-1.2032702474719457
113,188.0,24,-0.2095956711269121,1.2032702474719457
113,188.0,25,-0.21549262701737898,-0.13300171909139663
113,188.0,26,-0.21549262701737898,0.13300171909139663
113,188.0,27,-0.22476119401793215,-0.34418394972192534
113,188.0,28,-0.22476119401793215,0.34418394972192534
113,188.0,29,-0.23296456685863975,-0.46994997665463456
113,188.0,30,-0.23296456685863975,0.46994997665463456
113,188.0,31,-0.23421710461164813,-0.7532601472346202
113,188.0,32,-0.23421710461164813,0.7532601472346202
113,188.0,33,-0.23733970407890953,-0.23585822873201415
113,188.0,34,-0.23733970407890953,0.23585822873201415
113,188.0,35,-0.252245678921352,0.0
113,188.0,36,-0.27668433623861094,-0.33668749116755686
113,188.0,37,-0.27668433623861094,0.33668749116755686
113,188.0,38,-0.280648655863168,-0.5030768721761015
113,188.0,39,-0.280648655863168,0.5030768721761015
113,188.0,40,-0.2850981131821135,-0.1897044173323913
114,187.0,1,0.04897250649086968,0.0
114,187.0,2,-0.05495480581954476,0.0
114,187.0,3,-0.06314563704776244,0.0
114,187.0,4,-0.06780551730012502,-0.12435763600431209
114,187.0,5,-0.06780551730012502,0.12435763600431209
114,187.0,6,-0.1003762203879944,-0.2067013153987256
114,187.0,7,-0.1003762203879944,0.2067013153987256
114,187.0,8,-0.12746433616849592,-0.10050825901246711
114,187.0,9,-0.12746433616849592,0.10050825901246711
114,187.0,10,-0.14447558354659945,-0.31462203935925376
114,187.0,11,-0.14447558354659945,0.31462203935925376
114,187.0,12,-0.17201073022771157,0.0
114,187.0,13,-0.18768743029112642,-0.6082936524030836
114,187.0,14,-0.18768743029112642,0.6082936524030836
114,187.0,15,-0.19396130560073727,-0.4867281966972947
114,187.0,16,-0.19396130560073727,0.4867281966972947
114,187.0,17,-0.19981062236173114,-0.05765841625218476
114,187.0,18,-0.19981062236173114,0.05765841625218476
114,187.0,19,-0.20440138997248988,-0.5599404935936773
114,187.0,20,-0.20440138997248988,0.5599404935936773
114,187.0,21,-0.20446986742119466,-0.9013092030645472
114,187.0,22,-0.20446986742119466,0.9013092030645472
114,187.0,23,-0.21109300248786816,-1.2023014448635132
114,187.0,24,-0.21109300248786816,1.2023014448635132
114,187.0,25,-0.21746011676138294,-0.1331575269233283
114,187.0,26,-0.21746011676138294,0.1331575269233283
114,187.0,27,-0.22475597873281483,-0.3447617428778761
114,187.0,28,-0.22475597873281483,0.3447617428778761
114,187.0,29,-0.23409301925552523,-0.46818958255374193
114,187.0,30,-0.23409301925552523,0.46818958255374193
114,187.0,31,-0.23585064978051135,-0.7522158499096268
114,187.0,32,-0.23585064978051135,0.7522158499096268
114,187.0,33,-0.24141232798541357,-0.23380172274719227
114,187.0,34,-0.24141232798541357,0.23380172274719227
114,187.0,35,-0.25391558643579104,0.0
114,187.0,36,-0.2778640700412365,-0.3384254052867766
114,187.0,37,-0.2778640700412365,0.3384254052867766
114,187.0,38,-0.28150738847835605,-0.5019678420999972
114,187.0,39,-0.28150738847835605,0.5019678420999972
114,187.0,40,-0.28545754630508013,-0.19184328922340113
115,186.0,1,0.04872102282127178,0.0
115,186.0,2,-0.05523768225845375,0.0
115,186.0,3,-0.06407403383324639,0.0
115,186.0,4,-0.06683420409605674,-0.12483360281051517
115,186.0,5,-0.06683420409605674,0.12483360281051517
115,186.0,6,-0.10104251336108065,-0.20747039343218432
115,186.0,7,-0.10104251336108065,0.20747039343218432
115,186.0,8,-0.129182538093807,-0.10066954275345949
115,186.0,9,-0.129182538093807,0.10066954275345949
115,186.0,10,-0.144166467505413,-0.31421066364873296
115,186.0,11,-0.144166467505413,0.31421066364873296
115,186.0,12,-0.17289342095942245,0.0
115,186.0,13,-0.1889332244822911,-0.6087575048610638
115,186.0,14,-0.1889332244822911,0.6087575048610638
115,186.0,15,-0.19500653078085115,-0.48751343641323214
115,186.0,16,-0.19500653078085115,0.48751343641323214
115,186.0,17,-0.20132793926471776,-0.0583250733568167
115,186.0,18,-0.20132793926471776,0.0583250733568167
115,186.0,19,-0.2048655831926628,-0.5601927741362664
115,186.0,20,-0.2048655831926628,0.5601927741362664
115,186.0,21,-0.20567358078851794,-0.9012980054713463
115,186.0,22,-0.20567358078851794,0.9012980054713463
115,186.0,23,-0.21261034547112556,-1.2013109159290971
115,186.0,24,-0.21261034547112556,1.2013109159290971
115,186.0,25,-0.21945618332405584,-0.13333197400922894
115,186.0,26,-0.21945618332405584,0.13333197400922894
115,186.0,27,-0.22461666373857653,-0.34547598500352267
115,186.0,28,-0.22461666373857653,0.34547598500352267
115,186.0,29,-0.23521511680912863,-0.46645067987989436
115,186.0,30,-0.23521511680912863,0.46645067987989436
115,186.0,31,-0.23748285333317531,-0.7511461546670125
115,186.0,32,-0.23748285333317531,0.7511461546670125
115,186.0,33,-0.24525899633705406,-0.23142059248025662
115,186.0,34,-0.24525899633705406,0.23142059248025662
115,186.0,35,-0.25557283872718844,0.0
115,186.0,36,-0.27932644548061947,-0.34040726979701746
115,186.0,37,-0.27932644548061947,0.34040726979701746
115,186.0,38,-0.2822941144314368,-0.5007631541731292
115,186.0,39,-0.2822941144314368,0.5007631541731292
115,186.0,40,-0.28587872306901474,-0.19415532624356735
116,185.0,1,0.0484511476124876,0.0
116,185.0,2,-0.055520022394998945,0.0
116,185.0,3,-0.06501322799623248,0.0
116,185.0,4,-0.06587868886318154,-0.12530171011576197
116,185.0,5,-0.06587868886318154,0.12530171011576197
116,185.0,6,-0.10171755710962747,-0.20824865625304886
116,185.0,7,-0.10171755710962747,0.20824865625304886
116,185.0,8,-0.13091835885513833,-0.10083304639890345
116,185.0,9,-0.13091835885513833,0.10083304639890345
116,185.0,10,-0.14381026816284093,-0.3137748846501248
116,185.0,11,-0.14381026816284093,0.3137748846501248
116,185.0,12,-0.17380044541663373,0.0
116,185.0,13,-0.19017512792744679,-0.6092750264246716
116,185.0,14,-0.19017512792744679,0.6092750264246716
116,185.0,15,-0.19607106177921152,-0.4882952250275976
116,185.0,16,-0.19607106177921152,0.4882952250275976
116,185.0,17,-0.2028808593354975,-0.059015017630356104
116,185.0,18,-0.2028808593354975,0.059015017630356104
116,185.0,19,-0.2053399138515541,-0.5604320735278574
116,185.0,20,-0.2053399138515541,0.5604320735278574
116,185.0,21,-0.20685955214718596,-0.9012678105112345
116,185.0,22,-0.20685955214718596,0.9012678105112345
116,185.0,23,-0.21414825277608113,-1.2002976381751946
116,185.0,24,-0.21414825277608113,1.2002976381751946
116,185.0,25,-0.22148022096223519,-0.1335246294179819
116,185.0,26,-0.22148022096223519,0.1335246294179819
116,185.0,27,-0.22437292172209536,-0.34635166196744266
116,185.0,28,-0.22437292172209536,0.34635166196744266
116,185.0,29,-0.23632217577605813,-0.4647253612150701
116,185.0,30,-0.23632217577605813,0.4647253612150701
116,185.0,31,-0.23911209780243425,-0.7500512674495917
116,185.0,32,-0.23911209780243425,0.7500512674495917
116,185.0,33,-0.2488241078789027,-0.2287344696021838
116,185.0,34,-0.2488241078789027,0.2287344696021838
116,185.0,35,-0.25721395993724916,0.0
116,185.0,36,-0.28110513644580926,-0.34259082607772856
116,185.0,37,-0.28110513644580926,0.34259082607772856
116,185.0,38,-0.28300357008131477,-0.4994731259613536
116,185.0,39,-0.28300357008131477,0.4994731259613536
116,185.0,40,-0.28640242953123823,-0.1966811446966515
117,184.0,1,0.04816152676105634,0.0
117,184.0,2,-0.05580222562639357,0.0
117,184.0,3,-0.06493699839242774,-0.12576266341232753
117,184.0,4,-0.06493699839242774,0.12576266341232753
117,184.0,5,-0.06596275762120972,0.0
117,184.0,6,-0.10240410497500532,-0.20903626927647756
117,184.0,7,-0.10240410497500532,0.20903626927647756
117,184.0,8,-0.13267363213418143,-0.10099967159261217
117,184.0,9,-0.13267363213418143,0.10099967159261217
117,184.0,10,-0.143403169837624,-0.31331636096359794
117,184.0,11,-0.143403169837624,0.31331636096359794
117,184.0,12,-0.17473421616258406,0.0
117,184.0,13,-0.1914081756910907,-0.6098500543540546
117,184.0,14,-0.1914081756910907,0.6098500543540546
117,184.0,15,-0.19715842974180897,-0.4890756842250884
117,184.0,16,-0.19715842974180897,0.4890756842250884
117,184.0,17,-0.20447072540730238,-0.05972978172345917
117,184.0,18,-0.20447072540730238,0.05972978172345917
117,184.0,19,-0.20582566360812646,-0.5606569576201315
117,184.0,20,-0.20582566360812646,0.5606569576201315
117,184.0,21,-0.2080278353447973,-0.9012155093447004
117,184.0,22,-0.2080278353447973,0.9012155093447004
117,184.0,23,-0.21570731198895318,-1.1992604987241764
117,184.0,24,-0.21570731198895318,1.1992604987241764
117,184.0,25,-0.2235313680813614,-0.1337351387575751
117,184.0,26,-0.2235313680813614,0.1337351387575751
117,184.0,27,-0.22405922533754932,-0.3474013751262507
117,184.0,28,-0.22405922533754932,0.3474013751262507
117,184.0,29,-0.2374040810930102,-0.463006139151614
117,184.0,30,-0.2374040810930102,0.463006139151614
117,184.0,31,-0.2407365179508194,-0.7489315563628475
117,184.0,32,-0.2407365179508194,0.7489315563628475
117,184.0,33,-0.2520370956178376,-0.22574742141161408
117,184.0,34,-0.2520370956178376,0.22574742141161408
117,184.0,35,-0.25883521646226426,0.0
117,184.0,36,-0.28321695418127324,-0.34493390680675645
117,184.0,37,-0.28321695418127324,0.34493390680675645
117,184.0,38,-0.28363066744567866,-0.49810923490116316
117,184.0,39,-0.28363066744567866,0.49810923490116316
117,184.0,40,-0.28710565080785755,-0.1994671929966251
118,183.0,1,0.04785065312534858,0.0
118,183.0,2,-0.056084549418393054,0.0
118,183.0,3,-0.06400718953785559,-0.12621714574716278
118,183.0,4,-0.06400718953785559,0.12621714574716278
118,183.0,5,-0.06692224992515074,0.0
118,183.0,6,-0.10310516965484828,-0.20983339878554846
118,183.0,7,-0.10310516965484828,0.20983339878554846
118,183.0,8,-0.13444999538976382,-0.10117030661756587
118,183.0,9,-0.13444999538976382,0.10117030661756587
118,183.0,10,-0.14294124633562233,-0.3128368642063401
118,183.0,11,-0.14294124633562233,0.3128368642063401
118,183.0,12,-0.17569753085810133,0.0
118,183.0,13,-0.19262679657680248,-0.6104862194664936
118,183.0,14,-0.19262679657680248,0.6104862194664936
118,183.0,15,-0.19827176415991143,-0.48985716239058874
118,183.0,16,-0.19827176415991143,0.48985716239058874
118,183.0,17,-0.20609892959481135,-0.060471035485951334
118,183.0,18,-0.20609892959481135,0.060471035485951334
118,183.0,19,-0.20632433778542697,-0.5608663834080724
118,183.0,20,-0.20632433778542697,0.5608663834080724
118,183.0,21,-0.20917870183718953,-0.9011379645656575
118,183.0,22,-0.20917870183718953,0.9011379645656575
118,183.0,23,-0.21728814968373092,-1.1981982814575536
118,183.0,24,-0.21728814968373092,1.1981982814575536
118,183.0,25,-0.2237085841643957,-0.34862574176893607
118,183.0,26,-0.2237085841643957,0.34862574176893607
118,183.0,27,-0.22560844315512044,-0.13396326619616433
118,183.0,28,-0.22560844315512044,0.13396326619616433
118,183.0,29,-0.23844891791859052,-0.4612865586250682
118,183.0,30,-0.23844891791859052,0.4612865586250682
118,183.0,31,-0.24235397536500153,-0.7477875852992242
118,183.0,32,-0.24235397536500153,0.7477875852992242
118,183.0,33,-0.25477095357567825,-0.22246695108549872
118,183.0,34,-0.25477095357567825,0.22246695108549872
118,183.0,35,-0.26043266064864556,0.0
118,183.0,36,-0.28417065869664654,-0.49668426103946645
118,183.0,37,-0.28417065869664654,0.49668426103946645
118,183.0,38,-0.28566686873523306,-0.34740094192611615
118,183.0,39,-0.28566686873523306,0.34740094192611615
118,183.0,40,-0.2881328035525788,-0.2025415527264824
119,182.0,1,0.04751684255342846,0.0
119,182.0,2,-0.056367129457260245,0.0
119,182.0,3,-0.06308732468058284,-0.12666580709842515
119,182.0,4,-0.06308732468058284,0.12666580709842515
119,182.0,5,-0.06789139186209137,0.0
119,182.0,6,-0.10382406248102169,-0.2106401807650524
119,182.0,7,-0.10382406248102169,0.2106401807650524
119,182.0,8,-0.13624890303614207,-0.10134584180761573
119,182.0,9,-0.13624890303614207,0.10134584180761573
119,182.0,10,-0.1424204093755539,-0.312338255742779
119,182.0,11,-0.1424204093755539,0.312338255742779
119,182.0,12,-0.17669363164073995,0.0
119,182.0,13,-0.19382482436859455,-0.6111868754547151
119,182.0,14,-0.19382482436859455,0.6111868754547151
119,182.0,15,-0.19941388653640124,-0.49064216359498386
119,182.0,16,-0.19941388653640124,0.49064216359498386
119,182.0,17,-0.20683755894036576,-0.5610597570740343
119,182.0,18,-0.20683755894036576,0.5610597570740343
119,182.0,19,-0.20776691052682797,-0.061240606500808155
119,182.0,20,-0.20776691052682797,0.061240606500808155
119,182.0,21,-0.21031261462237977,-0.9010320318811897
119,182.0,22,-0.21031261462237977,0.9010320318811897
119,182.0,23,-0.21889143626434074,-1.197109651709033
119,182.0,24,-0.21889143626434074,1.197109651709033
119,182.0,25,-0.22334827209639094,-0.3500165824887274
119,182.0,26,-0.22334827209639094,0.3500165824887274
119,182.0,27,-0.2277098712692901,-0.13420894653991272
119,182.0,28,-0.2277098712692901,0.13420894653991272
119,182.0,29,-0.23944261307791534,-0.45956205497827024
119,182.0,30,-0.23944261307791534,0.45956205497827024
119,182.0,31,-0.24396203215176251,-0.7466201496674241
119,182.0,32,-0.24396203215176251,0.7466201496674241
119,182.0,33,-0.25681611405670735,-0.21899205127704413
119,182.0,34,-0.25681611405670735,0.21899205127704413
119,182.0,35,-0.26200219805262615,0.0
119,182.0,36,-0.2846194287315372,-0.49521241129424903
119,182.0,37,-0.2846194287315372,0.49521241129424903
119,182.0,38,-0.28845428830738556,-0.34996455956710426
119,182.0,39,-0.28845428830738556,0.34996455956710426
119,182.0,40,-0.28971349821586656,-0.20582679709867327
120,181.0,1,0.04715820506975187,0.0
120,181.0,2,-0.05664998967450405,0.0
120,181.0,3,-0.062175448226335084,-0.127109257521626
120,181.0,4,-0.062175448226335084,0.127109257521626
120,181.0,5,-0.06886990946506086,0.0
120,181.0,6,-0.10456444094064744,-0.21145668197197598
120,181.0,7,-0.10456444094064744,0.21145668197197598
120,181.0,8,-0.13807163301000308,-0.10152718052197808
120,181.0,9,-0.13807163301000308,0.10152718052197808
120,181.0,10,-0.1418363358488649,-0.31182247514776257
120,181.0,11,-0.1418363358488649,0.31182247514776257
120,181.0,12,-0.17772627435938249,0.0
120,181.0,13,-0.19499551987537256,-0.6119550339619172
120,181.0,14,-0.19499551987537256,0.6119550339619172
120,181.0,15,-0.20058740596403002,-0.49143332281014473
120,181.0,16,-0.20058740596403002,0.49143332281014473
120,181.0,17,-0.20736694141671907,-0.561236977138473
120,181.0,18,-0.20736694141671907,0.561236977138473
120,181.0,19,-0.20947615015119464,-0.0620405048574479
120,181.0,20,-0.20947615015119464,0.0620405048574479
120,181.0,21,-0.21143019568714497,-0.900894572029674
120,181.0,22,-0.21143019568714497,0.900894572029674
120,181.0,23,-0.2205178917235665,-1.1959931379108026
120,181.0,24,-0.2205178917235665,1.1959931379108026
120,181.0,25,-0.22299816565639213,-0.351560858132913
120,181.0,26,-0.22299816565639213,0.351560858132913
120,181.0,27,-0.22983359994135388,-0.13447234932706378
120,181.0,28,-0.22983359994135388,0.13447234932706378
120,181.0,29,-0.24036873855728608,-0.4578311593218898
120,181.0,30,-0.24036873855728608,0.4578311593218898
120,181.0,31,-0.24555792400029489,-0.7454303125458918
120,181.0,32,-0.24555792400029489,0.7454303125458918
120,181.0,33,-0.258008106513398,-0.2156469437024297
120,181.0,34,-0.258008106513398,0.2156469437024297
120,181.0,35,-0.2635396829184202,0.0
120,181.0,36,-0.28497395774564094,-0.4937093771962614
120,181.0,37,-0.28497395774564094,0.4937093771962614
120,181.0,38,-0.29157762903359985,-0.35260344128744536
120,181.0,39,-0.29157762903359985,0.35260344128744536
120,181.0,40,-0.29203006251537805,-0.20900961660433917
121,180.0,1,0.04677260997591883,0.0
121,180.0,2,-0.05693304412954102,0.0
121,180.0,3,-0.06126956289841992,-0.1275480628259428
121,180.0,4,-0.06126956289841992,0.1275480628259428
121,180.0,5,-0.06985755366445194,0.0
121,180.0,6,-0.10533036528751413,-0.2122828503932238
121,180.0,7,-0.10533036528751413,0.2122828503932238
121,180.0,8,-0.1399192871472594,-0.10171524644418797
121,180.0,9,-0.1399192871472594,0.10171524644418797
121,180.0,10,-0.14118437481772755,-0.31129154644516843
121,180.0,11,-0.14118437481772755,0.31129154644516843
121,180.0,12,-0.17879980941228593,0.0
121,180.0,13,-0.19613160042152367,-0.6127933074686172
121,180.0,14,-0.19613160042152367,0.6127933074686172
121,180.0,15,-0.2017948092484817,-0.4922334207655725
121,180.0,16,-0.2017948092484817,0.4922334207655725
121,180.0,17,-0.2079139506221081,-0.5613984591039383
121,180.0,18,-0.2079139506221081,0.5613984591039383
121,180.0,19,-0.2112281706792904,-0.06287295333645455
121,180.0,20,-0.2112281706792904,0.06287295333645455
121,180.0,21,-0.21253218909267968,-0.9007224515374131
121,180.0,22,-0.21253218909267968,0.9007224515374131
121,180.0,23,-0.2221682925458156,-1.1948471094180102
121,180.0,24,-0.2221682925458156,1.1948471094180102
121,180.0,25,-0.22267099646675984,-0.3532439381138456
121,180.0,26,-0.22267099646675984,0.3532439381138456
121,180.0,27,-0.23197700255823933,-0.134753957183064
121,180.0,28,-0.23197700255823933,0.134753957183064
121,180.0,29,-0.2412087268046408,-0.4560971130324805
121,180.0,30,-0.2412087268046408,0.4560971130324805
121,180.0,31,-0.24713853274008207,-0.7442194385681584
121,180.0,32,-0.24713853274008207,0.7442194385681584
121,180.0,33,-0.2585027801068574,-0.21284268632773418
121,180.0,34,-0.2585027801068574,0.21284268632773418
121,180.0,35,-0.2650410459713689,0.0
121,180.0,36,-0.2852329858136532,-0.492192235760171
121,180.0,37,-0.2852329858136532,0.492192235760171
121,180.0,38,-0.29494027468319395,-0.2116826472006983
121,180.0,39,-0.29494027468319395,0.2116826472006983
121,180.0,40,-0.29503606044069985,-0.35529839142955044
122,179.0,1,0.04635764322660048,0.0
122,179.0,2,-0.05721609166427421,0.0
122,179.0,3,-0.06036760464720098,-0.12798274189910333
122,179.0,4,-0.06036760464720098,0.12798274189910333
122,179.0,5,-0.07085409131344464,0.0
122,179.0,6,-0.1061263650652118,-0.2131184511341742
122,179.0,7,-0.1061263650652118,0.2131184511341742
122,179.0,8,-0.14045943580860348,-0.3107476079489243
122,179.0,9,-0.14045943580860348,0.3107476079489243
122,179.0,10,-0.14179278538916018,-0.1019109876277607
122,179.0,11,-0.14179278538916018,0.1019109876277607
122,179.0,12,-0.17991927627660434,0.0
122,179.0,13,-0.19722527305338056,-0.6137038601799233
122,179.0,14,-0.19722527305338056,0.6137038601799233
122,179.0,15,-0.20303854185130693,-0.4930454347529087
122,179.0,16,-0.20303854185130693,0.4930454347529087
122,179.0,17,-0.20847975146674289,-0.5615451403612666
122,179.0,18,-0.20847975146674289,0.5615451403612666
122,179.0,19,-0.2130245327420664,-0.06374042461459616
122,179.0,20,-0.2130245327420664,0.06374042461459616
122,179.0,21,-0.2136194217264647,-0.9005125314602637
122,179.0,22,-0.2136194217264647,0.9005125314602637
122,179.0,23,-0.22237351363288466,-0.35505173946745
122,179.0,24,-0.22237351363288466,0.35505173946745
122,179.0,25,-0.2238434800509692,-1.1936697494928543
122,179.0,26,-0.2238434800509692,1.1936697494928543
122,179.0,27,-0.234136767370934,-0.13505466107947534
122,179.0,28,-0.234136767370934,0.13505466107947534
122,179.0,29,-0.2419428629449883,-0.4543698181491369
122,179.0,30,-0.2419428629449883,0.4543698181491369
122,179.0,31,-0.24870035820955666,-0.7429892215397382
122,179.0,32,-0.24870035820955666,0.7429892215397382
122,179.0,33,-0.25866558419131047,-0.21071805785618566
122,179.0,34,-0.25866558419131047,0.21071805785618566
122,179.0,35,-0.2665024573335527,0.0
122,179.0,36,-0.2853978705562285,-0.4906790555787788
122,179.0,37,-0.2853978705562285,0.4906790555787788
122,179.0,38,-0.2980875931706524,-0.2137062273158021
122,179.0,39,-0.2980875931706524,0.2137062273158021
122,179.0,40,-0.2988284628295391,-0.3580281463553081
123,178.0,1,0.0459105548968456,0.0
123,178.0,2,-0.05749880339624234,0.0
123,178.0,3,-0.059467414946156816,-0.1284137650440058
123,178.0,4,-0.059467414946156816,0.1284137650440058
123,178.0,5,-0.07185930088674997,0.0
123,178.0,6,-0.10695751612587517,-0.21396298229302116
123,178.0,7,-0.10695751612587517,0.21396298229302116
123,178.0,8,-0.13965586016071468,-0.31019297162245285
123,178.0,9,-0.13965586016071468,0.31019297162245285
123,178.0,10,-0.1436928533993214,-0.10211537749151198
123,178.0,11,-0.1436928533993214,0.10211537749151198
123,178.0,12,-0.18109051423079997,0.0
123,178.0,13,-0.19826826844600115,-0.6146883652381683
123,178.0,14,-0.19826826844600115,0.6146883652381683
123,178.0,15,-0.20432107737526284,-0.49387262526151904
123,178.0,16,-0.20432107737526284,0.49387262526151904
123,178.0,17,-0.20906504993132563,-0.5616784668623128
123,178.0,18,-0.20906504993132563,0.5616784668623128
123,178.0,19,-0.21469276341192145,-0.9002616436135837
123,178.0,20,-0.21469276341192145,0.9002616436135837
123,178.0,21,-0.21486683663317718,-0.06464568772584228
123,178.0,22,-0.21486683663317718,0.06464568772584228
123,178.0,23,-0.22210782671043292,-0.3569718691133729
123,178.0,24,-0.22210782671043292,0.3569718691133729
123,178.0,25,-0.22554437057290788,-1.1924590220942333
123,178.0,26,-0.22554437057290788,1.1924590220942333
123,178.0,27,-0.23630876950043983,-0.13537587572407037
123,178.0,28,-0.23630876950043983,0.13537587572407037
123,178.0,29,-0.24255247026970664,-0.45266776872524384
123,178.0,30,-0.24255247026970664,0.45266776872524384
123,178.0,31,-0.25023948868158996,-0.7417417001842097
123,178.0,32,-0.25023948868158996,0.7417417001842097
123,178.0,33,-0.25875169638152046,-0.20918123339965788
123,178.0,34,-0.25875169638152046,0.20918123339965788
123,178.0,35,-0.26792052523198895,0.0
123,178.0,36,-0.2854735439064159,-0.48918804063866494
123,178.0,37,-0.2854735439064159,0.48918804063866494
123,178.0,38,-0.30122122122747114,-0.21516851051834926
123,178.0,39,-0.30122122122747114,0.21516851051834926
123,178.0,40,-0.30294999715811144,-0.3607659653571355
124,177.0,1,0.04542819379220175,0.0
124,177.0,2,-0.057780702341049435,0.0
124,177.0,3,-0.05856670907296324,-0.12884155285853638
124,177.0,4,-0.05856670907296324,0.12884155285853638
124,177.0,5,-0.07287297293425261,0.0
124,177.0,6,-0.1078295280923853,-0.21481556338270097
124,177.0,7,-0.1078295280923853,0.21481556338270097
124,177.0,8,-0.13876727717763648,-0.3096302186473395
124,177.0,9,-0.13876727717763648,0.3096302186473395
124,177.0,10,-0.1456200026424311,-0.10232941285321487
124,177.0,11,-0.1456200026424311,0.10232941285321487
124,177.0,12,-0.18232029227634183,0.0
124,177.0,13,-0.19925187425306107,-0.6157479653597268
124,177.0,14,-0.19925187425306107,0.6157479653597268
124,177.0,15,-0.20564497301044765,-0.4947186622139049
124,177.0,16,-0.20564497301044765,0.4947186622139049
124,177.0,17,-0.2096699299966972,-0.5618003656849686
124,177.0,18,-0.2096699299966972,0.5618003656849686
124,177.0,19,-0.21575308756715803,-0.8999665538825586
124,177.0,20,-0.21575308756715803,0.8999665538825586
124,177.0,21,-0.2167567297740684,-0.0655918669110996
124,177.0,22,-0.2167567297740684,0.0655918669110996
124,177.0,23,-0.2218725629765591,-0.3589940861166738
124,177.0,24,-0.2218725629765591,0.3589940861166738
124,177.0,25,-0.2272719680009139,-1.191212630649441
124,177.0,26,-0.2272719680009139,1.191212630649441
124,177.0,27,-0.23848792290056003,-0.13571967917176922
124,177.0,28,-0.23848792290056003,0.13571967917176922
124,177.0,29,-0.2430235228786336,-0.45101920003853874
124,177.0,30,-0.2430235228786336,0.45101920003853874
124,177.0,31,-0.25175156819415645,-0.7404792545732778
124,177.0,32,-0.25175156819415645,0.7404792545732778
124,177.0,33,-0.2588705661409112,-0.20810641811725686
124,177.0,34,-0.2588705661409112,0.20810641811725686
124,177.0,35,-0.2692925282035549,0.0
124,177.0,36,-0.2854693496676781,-0.48773607558259413
124,177.0,37,-0.2854693496676781,0.48773607558259413
124,177.0,38,-0.30423196809629904,-0.21618996320081954
124,177.0,39,-0.30423196809629904,0.21618996320081954
124,177.0,40,-0.30738689716239376,-0.3634779357436772
125,176.0,1,0.04490692516271558,0.0
125,176.0,2,-0.05766303865572599,-0.12926647530523486
125,176.0,3,-0.05766303865572599,0.12926647530523486
125,176.0,4,-0.05806113361910156,0.0
125,176.0,5,-0.0738949159716845,0.0
125,176.0,6,-0.10874884085871778,-0.2156747862400977
125,176.0,7,-0.10874884085871778,0.2156747862400977
125,176.0,8,-0.13778644705658194,-0.3090623396438713
125,176.0,9,-0.13778644705658194,0.3090623396438713
125,176.0,10,-0.14757450127341465,-0.1025541090958317
125,176.0,11,-0.14757450127341465,0.1025541090958317
125,176.0,12,-0.1836164618838322,0.0
125,176.0,13,-0.20016696906512993,-0.6168832339925685
125,176.0,14,-0.20016696906512993,0.6168832339925685
125,176.0,15,-0.20701290645895015,-0.49558779878035975
125,176.0,16,-0.20701290645895015,0.49558779878035975
125,176.0,17,-0.21029368530093873,-0.5619132097430369
125,176.0,18,-0.21029368530093873,0.5619132097430369
125,176.0,19,-0.2168012330095989,-0.8996239119655971
125,176.0,20,-0.2168012330095989,0.8996239119655971
125,176.0,21,-0.218695925487114,-0.06658251726325107
125,176.0,22,-0.218695925487114,0.06658251726325107
125,176.0,23,-0.22166371837483279,-0.3611103700304158
125,176.0,24,-0.22166371837483279,0.3611103700304158
125,176.0,25,-0.22902737940233428,-1.189927966316115
125,176.0,26,-0.22902737940233428,1.189927966316115
125,176.0,27,-0.24066800880556283,-0.13608898197446467
125,176.0,28,-0.24066800880556283,0.13608898197446467
125,176.0,29,-0.24335131785621988,-0.4494613830073328
125,176.0,30,-0.24335131785621988,0.4494613830073328
125,176.0,31,-0.25323175785719576,-0.7392045738415488
125,176.0,32,-0.25323175785719576,0.7392045738415488
125,176.0,33,-0.25905848999344727,-0.20739998521273764
125,176.0,34,-0.25905848999344727,0.20739998521273764
125,176.0,35,-0.27061667492733976,0.0
125,176.0,36,-0.28539942930073836,-0.4863366755847467
125,176.0,37,-0.28539942930073836,0.4863366755847467
125,176.0,38,-0.30708007790140057,-0.21685791060171478
125,176.0,39,-0.30708007790140057,0.21685791060171478
125,176.0,40,-0.3121106430522761,-0.3661239191883466
126,175.0,1,0.04434252589931854,0.0
126,175.0,2,-0.05675374624908108,-0.12968885069529187
126,175.0,3,-0.05675374624908108,0.12968885069529187
126,175.0,4,-0.05833922266509072,0.0
126,175.0,5,-0.07492496917522191,0.0
126,175.0,6,-0.1097227261253293,-0.2165385150360133
126,175.0,7,-0.1097227261253293,0.2165385150360133
126,175.0,8,-0.13670509369814463,-0.3084929308476967
126,175.0,9,-0.13670509369814463,0.3084929308476967
126,175.0,10,-0.14955633319989278,-0.10279049273842786
126,175.0,11,-0.14955633319989278,0.10279049273842786
126,175.0,12,-0.18498813695179125,0.0
126,175.0,13,-0.20100406057850456,-0.6180941356991795
126,175.0,14,-0.20100406057850456,0.6180941356991795
126,175.0,15,-0.20842768614124313,-0.496485105479271
126,175.0,16,-0.20842768614124313,0.496485105479271
126,175.0,17,-0.2109346411350883,-0.5620197823756298
126,175.0,18,-0.2109346411350883,0.5620197823756298
126,175.0,19,-0.21783796686582765,-0.8992301862882828
126,175.0,20,-0.21783796686582765,0.8992301862882828
126,175.0,21,-0.22068624116585556,-0.06762172335596178
126,175.0,22,-0.22068624116585556,0.06762172335596178
126,175.0,23,-0.22147520034186963,-0.3633147898729277
126,175.0,24,-0.22147520034186963,0.3633147898729277
126,175.0,25,-0.2308118347192658,-1.1886020422766217
126,175.0,26,-0.2308118347192658,1.1886020422766217
126,175.0,27,-0.24284147703327813,-0.13648773284128685
126,175.0,28,-0.24284147703327813,0.13648773284128685
126,175.0,29,-0.24354489353623737,-0.4480372503777118
126,175.0,30,-0.24354489353623737,0.4480372503777118
126,175.0,31,-0.25467468654323894,-0.7379205839331272
126,175.0,32,-0.25467468654323894,0.7379205839331272
126,175.0,33,-0.2593227803278921,-0.20700117755799355
126,175.0,34,-0.2593227803278921,0.20700117755799355
126,175.0,35,-0.27189238208523486,0.0
126,175.0,36,-0.2852823237169474,-0.4849975929967621
126,175.0,37,-0.2852823237169474,0.4849975929967621
126,175.0,38,-0.3097513808844014,-0.2172262265559435
126,175.0,39,-0.3097513808844014,0.2172262265559435
126,175.0,40,-0.3157521437947427,-0.12176633043102603
127,174.0,1,0.04373004924936207,0.0
127,174.0,2,-0.05583590890559574,-0.13010894436228423
127,174.0,3,-0.05583590890559574,0.13010894436228423
127,174.0,4,-0.058613817437134084,0.0
127,174.0,5,-0.07596302413095443,0.0
127,174.0,6,-0.11075938528118487,-0.2174036180710342
127,174.0,7,-0.11075938528118487,0.2174036180710342
127,174.0,8,-0.13551373344587103,-0.3079264613856548
127,174.0,9,-0.13551373344587103,0.3079264613856548
127,174.0,10,-0.15156514124076503,-0.10303959214619572
127,174.0,11,-0.15156514124076503,0.10303959214619572
127,174.0,12,-0.18644590631615712,0.0
127,174.0,13,-0.20175333322785918,-0.6193799877829848
127,174.0,14,-0.20175333322785918,0.6193799877829848
127,174.0,15,-0.20989222029850002,-0.4974167827077148
127,174.0,16,-0.20989222029850002,0.4974167827077148
127,174.0,17,-0.21158995792388946,-0.5621232505461933
127,174.0,18,-0.21158995792388946,0.5621232505461933
127,174.0,19,-0.21886394788604088,-0.8987815817604952
127,174.0,20,-0.21886394788604088,0.8987815817604952
127,174.0,21,-0.22129910026485905,-0.36560328380042895
127,174.0,22,-0.22129910026485905,0.36560328380042895
127,174.0,23,-0.22272966853606835,-0.06871422947953519
127,174.0,24,-0.22272966853606835,0.06871422947953519
127,174.0,25,-0.2326267119351782,-1.1872314091821603
127,174.0,26,-0.2326267119351782,1.1872314091821603
127,174.0,27,-0.2436292357033761,-0.44678971342784696
127,174.0,28,-0.2436292357033761,0.44678971342784696
127,174.0,29,-0.24499921679037145,-0.1369211698673202
127,174.0,30,-0.24499921679037145,0.1369211698673202
127,174.0,31,-0.25607438437267216,-0.7366303226654771
127,174.0,32,-0.25607438437267216,0.7366303226654771
127,174.0,33,-0.2596597194413074,-0.20687280652830523
127,174.0,34,-0.2596597194413074,0.20687280652830523
127,174.0,35,-0.2731205573999553,0.0
127,174.0,36,-0.28513967941864093,-0.4837185834406066
127,174.0,37,-0.28513967941864093,0.4837185834406066
127,174.0,38,-0.31223954358968886,-0.21732482977461884
127,174.0,39,-0.31223954358968886,0.21732482977461884
127,174.0,40,-0.31752685261182756,-0.12371559658374942
128,173.0,1,0.04306364754712071,0.0
128,173.0,2,-0.054906266477068616,-0.13052696683275214
128,173.0,3,-0.054906266477068616,0.13052696683275214
128,173.0,4,-0.05888340853882708,0.0
128,173.0,5,-0.07700905913391672,0.0
128,173.0,6,-0.11186802690587905,-0.21826561006990397
128,173.0,7,-0.11186802690587905,0.21826561006990397
128,173.0,8,-0.13420151179415898,-0.3073686309708258
128,173.0,9,-0.13420151179415898,0.3073686309708258
128,173.0,10,-0.15360014815019546,-0.10330242807847895
128,173.0,11,-0.15360014815019546,0.10330242807847895
128,173.0,12,-0.18800208535515986,0.0
128,173.0,13,-0.2024047105843425,-0.620739429999468
128,173.0,14,-0.2024047105843425,0.620739429999468
128,173.0,15,-0.21140942074404645,-0.4983905759856413
128,173.0,16,-0.21140942074404645,0.4983905759856413
128,173.0,17,-0.21225540205914367,-0.5622271563553862
128,173.0,18,-0.21225540205914367,0.5622271563553862
128,173.0,19,-0.21987968876185704,-0.8982739364031845
128,173.0,20,-0.21987968876185704,0.8982739364031845
128,173.0,21,-0.22112573535455682,-0.36797339752984776
128,173.0,22,-0.22112573535455682,0.36797339752984776
128,173.0,23,-0.22482849576120606,-0.0698656133131505
128,173.0,24,-0.22482849576120606,0.0698656133131505
128,173.0,25,-0.23447356971182956,-1.185812044717053
128,173.0,26,-0.23447356971182956,1.185812044717053
128,173.0,27,-0.24364388147864974,-0.4457556116202731
128,173.0,28,-0.24364388147864974,0.4457556116202731
128,173.0,29,-0.24713029438537792,-0.13739612890915714
128,173.0,30,-0.24713029438537792,0.13739612890915714
128,173.0,31,-0.2574241901472164,-0.7353367486445681
128,173.0,32,-0.2574241901472164,0.7353367486445681
128,173.0,33,-0.26006111049125796,-0.20699411640326243
128,173.0,34,-0.26006111049125796,0.20699411640326243
128,173.0,35,-0.2743038729177097,0.0
128,173.0,36,-0.28499436941828954,-0.4824898840013862
128,173.0,37,-0.28499436941828954,0.4824898840013862
128,173.0,38,-0.3145395833288211,-0.2171668697597672
128,173.0,39,-0.3145395833288211,0.2171668697597672
128,173.0,40,-0.31940117295716564,-0.12573451578524603
129,172.0,1,0.042336335968587754,0.0
129,172.0,2,-0.05396112846539407,-0.13094307131893757
129,172.0,3,-0.05396112846539407,0.13094307131893757
129,172.0,4,-0.059146017968372634,0.0
129,172.0,5,-0.07806319138559085,0.0
129,172.0,6,-0.11305889408151401,-0.21911818124178561
129,172.0,7,-0.11305889408151401,0.21911818124178561
129,172.0,8,-0.13275607062300637,-0.30682684018984174
129,172.0,9,-0.13275607062300637,0.30682684018984174
129,172.0,10,-0.15566004600734695,-0.10358000765024816
129,172.0,11,-0.15566004600734695,0.10358000765024816
129,172.0,12,-0.18967101482654256,0.0
129,172.0,13,-0.2029479355272859,-0.6221704150945885
129,172.0,14,-0.2029479355272859,0.6221704150945885
129,172.0,15,-0.21292506326768873,-0.5623354382736425
129,172.0,16,-0.21292506326768873,0.5623354382736425
129,172.0,17,-0.21298200167235878,-0.4994163244365425
129,172.0,18,-0.21298200167235878,0.4994163244365425
129,172.0,19,-0.22088551523963176,-0.8977025903879187
129,172.0,20,-0.22088551523963176,0.8977025903879187
129,172.0,21,-0.22094348912207865,-0.37042398527831094
129,172.0,22,-0.22094348912207865,0.37042398527831094
129,172.0,23,-0.22698551199775163,-0.07108251884007756
129,172.0,24,-0.22698551199775163,0.07108251884007756
129,172.0,25,-0.23635419042613226,-1.1843392069410246
129,172.0,26,-0.23635419042613226,1.1843392069410246
129,172.0,27,-0.24363833589367212,-0.4449618794256174
129,172.0,28,-0.24363833589367212,0.4449618794256174
129,172.0,29,-0.24922165619321832,-0.13792142385455336
129,172.0,30,-0.24922165619321832,0.13792142385455336
129,172.0,31,-0.2587166213406016,-0.7340424707766812
129,172.0,32,-0.2587166213406016,0.7340424707766812
129,172.0,33,-0.2605163395713942,-0.2073565050711794
129,172.0,34,-0.2605163395713942,0.2073565050711794
129,172.0,35,-0.27544701326014737,0.0
129,172.0,36,-0.28486874904548265,-0.481291674151834
129,172.0,37,-0.28486874904548265,0.481291674151834
129,172.0,38,-0.31664569215754046,-0.21675293183021233
129,172.0,39,-0.31664569215754046,0.21675293183021233
129,172.0,40,-0.321390699426511,-0.12782969987069714
130,171.0,1,0.04153967158465153,0.0
130,171.0,2,-0.052996250202222435,-0.1313573503702466
130,171.0,3,-0.052996250202222435,0.1313573503702466
130,171.0,4,-0.05939904211018598,0.0
130,171.0,5,-0.07912575532553158,0.0
130,171.0,6,-0.11434319185729325,-0.2199525920296021
130,171.0,7,-0.11434319185729325,0.2199525920296021
130,171.0,8,-0.131163484850643,-0.3063107934371093
130,171.0,9,-0.131163484850643,0.3063107934371093
130,171.0,10,-0.1577428394639251,-0.10387332884787683
130,171.0,11,-0.1577428394639251,0.10387332884787683
130,171.0,12,-0.19146941732499,0.0
130,171.0,13,-0.203372665955375,-0.6236702393360569
130,171.0,14,-0.203372665955375,0.6236702393360569
130,171.0,15,-0.21359098825769385,-0.5624524969947828
130,171.0,16,-0.21359098825769385,0.5624524969947828
130,171.0,17,-0.21461211081720277,-0.5005066774380158
130,171.0,18,-0.21461211081720277,0.5005066774380158
130,171.0,19,-0.22073846999924204,-0.37295484121964645
130,171.0,20,-0.22073846999924204,0.37295484121964645
130,171.0,21,-0.22188151878234158,-0.8970622172359217
130,171.0,22,-0.22188151878234158,0.8970622172359217
130,171.0,23,-0.22920434177047144,-0.07237296874149034
130,171.0,24,-0.22920434177047144,0.07237296874149034
130,171.0,25,-0.2382706380029723,-1.1828072358168493
130,171.0,26,-0.2382706380029723,1.1828072358168493
130,171.0,27,-0.2436663600351023,-0.4444254424134256
130,171.0,28,-0.2436663600351023,0.4444254424134256
130,171.0,29,-0.2512577953648092,-0.13850831840385955
130,171.0,30,-0.2512577953648092,0.13850831840385955
130,171.0,31,-0.25994319200177946,-0.7327493863122945
130,171.0,32,-0.25994319200177946,0.7327493863122945
130,171.0,33,-0.2610125274534538,-0.20796121139468285
130,171.0,34,-0.2610125274534538,0.20796121139468285
130,171.0,35,-0.27655688527272015,0.0
130,171.0,36,-0.2847839013547737,-0.48009429896551487
130,171.0,37,-0.2847839013547737,0.48009429896551487
130,171.0,38,-0.3185507107642858,-0.2160731506937556
130,171.0,39,-0.3185507107642858,0.2160731506937556
130,171.0,40,-0.3235140507535047,-0.1300084055176723
131,170.0,1,0.04066330763873692,0.0
131,170.0,2,-0.05200666417614354,-0.13176983153288438
131,170.0,3,-0.05200666417614354,0.13176983153288438
131,170.0,4,-0.059639026165540454,0.0
131,170.0,5,-0.08019742000095371,0.0
131,170.0,6,-0.11573283839535936,-0.22075692724139112
131,170.0,7,-0.11573283839535936,0.22075692724139112
131,170.0,8,-0.1294083289342099,-0.3058332404119987
131,170.0,9,-0.1294083289342099,0.3058332404119987
131,170.0,10,-0.1598456206258252,-0.10418340947662316
131,170.0,11,-0.1598456206258252,0.10418340947662316
131,170.0,12,-0.19341682527660567,0.0
131,170.0,13,-0.20366857514582903,-0.6252356386428674
131,170.0,14,-0.20366857514582903,0.6252356386428674
131,170.0,15,-0.2142426856454681,-0.5625833276927903
131,170.0,16,-0.2142426856454681,0.5625833276927903
131,170.0,17,-0.2163006975499036,-0.5016780124163
131,170.0,18,-0.2163006975499036,0.5016780124163
131,170.0,19,-0.2204940087609487,-0.37556619457356055
131,170.0,20,-0.2204940087609487,0.37556619457356055
131,170.0,21,-0.2228674980369458,-0.8963466009212041
131,170.0,22,-0.2228674980369458,0.8963466009212041
131,170.0,23,-0.23148998260264084,-0.07374678034337936
131,170.0,24,-0.23148998260264084,0.07374678034337936
131,170.0,25,-0.2402253373267938,-1.1812092787497717
131,170.0,26,-0.2402253373267938,1.1812092787497717
131,170.0,27,-0.2437812679213482,-0.4441565038880822
131,170.0,28,-0.2437812679213482,0.4441565038880822
131,170.0,29,-0.25322037823099414,-0.13917111884695058
131,170.0,30,-0.25322037823099414,0.13917111884695058
131,170.0,31,-0.26109415862549123,-0.7314582170493228
131,170.0,32,-0.26109415862549123,0.7314582170493228
131,170.0,33,-0.261533642430783,-0.2088181939420375
131,170.0,34,-0.261533642430783,0.2088181939420375
131,170.0,35,-0.2776427792957836,0.0
131,170.0,36,-0.2847605478187636,-0.4788586558663196
131,170.0,37,-0.2847605478187636,0.4788586558663196
131,170.0,38,-0.32024622907116185,-0.2151079965809173
131,170.0,39,-0.32024622907116185,0.2151079965809173
131,170.0,40,-0.3253151028198511,-0.3002605552017416
132,169.0,1,0.039694358553816186,0.0
132,169.0,2,-0.05098644395617341,-0.13218047189857776
132,169.0,3,-0.05098644395617341,0.13218047189857776
132,169.0,4,-0.059861332792455556,0.0
132,169.0,5,-0.08127936621896878,0.0
132,169.0,6,-0.11723993493135156,-0.2215152417491126
132,169.0,7,-0.11723993493135156,0.2215152417491126
132,169.0,8,-0.12747395351345941,-0.30541082434031797
132,169.0,9,-0.12747395351345941,0.30541082434031797
132,169.0,10,-0.1619642414349684,-0.10451136719908005
132,169.0,11,-0.1619642414349684,0.10451136719908005
132,169.0,12,-0.19553610066537316,0.0
132,169.0,13,-0.2038254333967432,-0.6268629822665802
132,169.0,14,-0.2038254333967432,0.6268629822665802
132,169.0,15,-0.21486643239828873,-0.5627337534123027
132,169.0,16,-0.21486643239828873,0.5627337534123027
132,169.0,17,-0.21804648210325112,-0.5029515696407589
132,169.0,18,-0.21804648210325112,0.5029515696407589
132,169.0,19,-0.22019003941191628,-0.3782579650334158
132,169.0,20,-0.22019003941191628,0.3782579650334158
132,169.0,21,-0.22384288201439112,-0.8955483327252296
132,169.0,22,-0.22384288201439112,0.8955483327252296
132,169.0,23,-0.23384966013150726,-0.07521610989576234
132,169.0,24,-0.23384966013150726,0.07521610989576234
132,169.0,25,-0.24222118603675147,-1.1795369014400279
132,169.0,26,-0.24222118603675147,1.1795369014400279
132,169.0,27,-0.2440330374088292,-0.4441637958810803
132,169.0,28,-0.2440330374088292,0.4441637958810803
132,169.0,29,-0.25508781830586447,-0.13992794053727636
132,169.0,30,-0.25508781830586447,0.13992794053727636
132,169.0,31,-0.262058783834626,-0.20994561210196713
132,169.0,32,-0.262058783834626,0.20994561210196713
132,169.0,33,-0.2621581635461996,-0.7301679341168407
132,169.0,34,-0.2621581635461996,0.7301679341168407
132,169.0,35,-0.27871647822322004,0.0
132,169.0,36,-0.2848220634749361,-0.4775361211837847
132,169.0,37,-0.2848220634749361,0.4775361211837847
132,169.0,38,-0.32172283120158907,-0.21382831286019346
132,169.0,39,-0.32172283120158907,0.21382831286019346
132,169.0,40,-0.3264221970562089,-0.30208492082790467
133,168.0,1,0.03861646785319334,0.0
133,168.0,2,-0.04992836346288759,-0.13258915150957323
133,168.0,3,-0.04992836346288759,0.13258915150957323
133,168.0,4,-0.06005964195065201,0.0
133,168.0,5,-0.08237355795640369,0.0
133,168.0,6,-0.11887583907331714,-0.2222067062871007
133,168.0,7,-0.11887583907331714,0.2222067062871007
133,168.0,8,-0.12534304844572336,-0.30506492965460397
133,168.0,9,-0.12534304844572336,0.30506492965460397
133,168.0,10,-0.16409283106518158,-0.10485860181779501
133,168.0,11,-0.16409283106518158,0.10485860181779501
133,168.0,12,-0.1978540792787865,0.0
133,168.0,13,-0.20383313064876923,-0.6285486032329973
133,168.0,14,-0.20383313064876923,0.6285486032329973
133,168.0,15,-0.2154442681848364,-0.5629108184459121
133,168.0,16,-0.2154442681848364,0.5629108184459121
133,168.0,17,-0.2198024729363805,-0.381028647455965
133,168.0,18,-0.2198024729363805,0.381028647455965
133,168.0,19,-0.2198443559342182,-0.5043547745619653
133,168.0,20,-0.2198443559342182,0.5043547745619653
133,168.0,21,-0.2248066239489091,-0.8946583845721092
133,168.0,22,-0.2248066239489091,0.8946583845721092
133,168.0,23,-0.23629417913120154,-0.0767961420422942
133,168.0,24,-0.23629417913120154,0.0767961420422942
133,168.0,25,-0.2442617165701193,-1.177779519744442
133,168.0,26,-0.2442617165701193,1.177779519744442
133,168.0,27,-0.24446644808661094,-0.4444604548459199
133,168.0,28,-0.24446644808661094,0.4444604548459199
133,168.0,29,-0.25683476934048444,-0.14080175618455695
133,168.0,30,-0.25683476934048444,0.14080175618455695
133,168.0,31,-0.2625596052966509,-0.21136934087890838
133,168.0,32,-0.2625596052966509,0.21136934087890838
133,168.0,33,-0.26312172323836147,-0.7288750585463022
133,168.0,34,-0.26312172323836147,0.7288750585463022
133,168.0,35,-0.27979231920652975,0.0
133,168.0,36,-0.2850000729262302,-0.47606773042427325
133,168.0,37,-0.2850000729262302,0.47606773042427325
133,168.0,38,-0.3229700295477115,-0.212195192241915
133,168.0,39,-0.3229700295477115,0.212195192241915
133,168.0,40,-0.32743729049236364,-0.3039772249892636
134,167.0,1,0.03740839051163747,0.0
134,167.0,2,-0.0488233872752447,-0.1329956658124203
134,167.0,3,-0.0488233872752447,0.1329956658124203
134,167.0,4,-0.06022517060674581,0.0
134,167.0,5,-0.08348316772350292,0.0
134,167.0,6,-0.12064977858524246,-0.22280498002895555
134,167.0,7,-0.12064977858524246,0.22280498002895555
134,167.0,8,-0.12299848922488651,-0.3048223049964491
134,167.0,9,-0.12299848922488651,0.3048223049964491
134,167.0,10,-0.16622307774937167,-0.10522717858136194
134,167.0,11,-0.16622307774937167,0.10522717858136194
134,167.0,12,-0.20040239993303105,0.0
134,167.0,13,-0.20368157653569435,-0.6302893164881094
134,167.0,14,-0.20368157653569435,0.6302893164881094
134,167.0,15,-0.21595248269635905,-0.5631234465495225
134,167.0,16,-0.21595248269635905,0.5631234465495225
134,167.0,17,-0.2193027973344746,-0.3838737145112525
134,167.0,18,-0.2193027973344746,0.3838737145112525
134,167.0,19,-0.22168305833905275,-0.5059226366536024
134,167.0,20,-0.22168305833905275,0.5059226366536024
134,167.0,21,-0.22575704781609218,-0.8936654843518477
134,167.0,22,-0.22575704781609218,0.8936654843518477
134,167.0,23,-0.23884005013734944,-0.07850591383386457
134,167.0,24,-0.23884005013734944,0.07850591383386457
134,167.0,25,-0.2451182429848594,-0.44506962372394043
134,167.0,26,-0.2451182429848594,0.44506962372394043
134,167.0,27,-0.24635133931636344,-1.1759235408922337
134,167.0,28,-0.24635133931636344,1.1759235408922337
134,167.0,29,-0.2584314830739037,-0.14182196195003677
134,167.0,30,-0.2584314830739037,0.14182196195003677
134,167.0,31,-0.26299689229616985,-0.2131218142060452
134,167.0,32,-0.26299689229616985,0.2131218142060452
134,167.0,33,-0.26396846229077753,-0.7275728111515549
134,167.0,34,-0.26396846229077753,0.7275728111515549
134,167.0,35,-0.2808872265830137,0.0
134,167.0,36,-0.2853436045787753,-0.4743829916432483
134,167.0,37,-0.2853436045787753,0.4743829916432483
134,167.0,38,-0.3239749983852588,-0.21016052313387787
134,167.0,39,-0.3239749983852588,0.21016052313387787
134,167.0,40,-0.328348862008612,-0.30595453711263676
135,166.0,1,0.03604174208174553,0.0
135,166.0,2,-0.04765987491054931,-0.13339971792510324
135,166.0,3,-0.04765987491054931,0.13339971792510324
135,166.0,4,-0.060345404881079014,0.0
135,166.0,5,-0.08461326461670578,0.0
135,166.0,6,-0.12042422025752833,-0.3047151198963102
135,166.0,7,-0.12042422025752833,0.3047151198963102
135,166.0,8,-0.12256713493910973,-0.22327815610632304
135,166.0,9,-0.12256713493910973,0.22327815610632304
135,166.0,10,-0.16834315186381732,-0.10562060572683639
135,166.0,11,-0.16834315186381732,0.10562060572683639
135,166.0,12,-0.20321864382129376,0.0
135,166.0,13,-0.2033603792211534,-0.6320832012769916
135,166.0,14,-0.2033603792211534,0.6320832012769916
135,166.0,15,-0.2163592421401052,-0.5633835610442856
135,166.0,16,-0.2163592421401052,0.5633835610442856
135,166.0,17,-0.21865830783109336,-0.38678358518747735
135,166.0,18,-0.21865830783109336,0.38678358518747735
135,166.0,19,-0.22354213307148268,-0.5076990305507261
135,166.0,20,-0.22354213307148268,0.5076990305507261
135,166.0,21,-0.22669161637282548,-0.8925551582509845
135,166.0,22,-0.22669161637282548,0.8925551582509845
135,166.0,23,-0.241512831058851,-0.08036919536909647
135,166.0,24,-0.241512831058851,0.08036919536909647
135,166.0,25,-0.2460102737783624,-0.44602840666075794
135,166.0,26,-0.2460102737783624,0.44602840666075794
135,166.0,27,-0.2484957230762182,-1.1739510097005872
135,166.0,28,-0.2484957230762182,1.1739510097005872
135,166.0,29,-0.25984294714983724,-0.1430269837234094
135,166.0,30,-0.25984294714983724,0.1430269837234094
135,166.0,31,-0.26331674304545344,-0.21523936311414657
135,166.0,32,-0.26331674304545344,0.21523936311414657
135,166.0,33,-0.26467789677262865,-0.7262500474774529
135,166.0,34,-0.26467789677262865,0.7262500474774529
135,166.0,35,-0.282020759603659,0.0
135,166.0,36,-0.28593374962967455,-0.4724000376791449
135,166.0,37,-0.28593374962967455,0.4724000376791449
135,166.0,38,-0.3247180723375338,-0.20766952609425401
135,166.0,39,-0.3247180723375338,0.20766952609425401
135,166.0,40,-0.32913634071107406,-0.3080333567222939
136,165.0,1,0.03447722993186595,0.0
136,165.0,2,-0.046422271810816325,-0.1338009129471831
136,165.0,3,-0.046422271810816325,0.1338009129471831
136,165.0,4,-0.060401932286071484,0.0
136,165.0,5,-0.08577197597207774,0.0
136,165.0,6,-0.11760541652570083,-0.304780134409016
136,165.0,7,-0.11760541652570083,0.304780134409016
136,165.0,8,-0.12462793150802803,-0.22358960870832134
136,165.0,9,-0.12462793150802803,0.22358960870832134
136,165.0,10,-0.17043608282222866,-0.10604539195738004
136,165.0,11,-0.17043608282222866,0.10604539195738004
136,165.0,12,-0.2028581416384681,-0.6339307868070152
136,165.0,13,-0.2028581416384681,0.6339307868070152
136,165.0,14,-0.2063480672284319,0.0
136,165.0,15,-0.2166206706894771,-0.5637080623130863
136,165.0,16,-0.2166206706894771,0.5637080623130863
136,165.0,17,-0.21783345162738976,-0.3897416499304782
136,165.0,18,-0.21783345162738976,0.3897416499304782
136,165.0,19,-0.22538860782203138,-0.5097377525468679
136,165.0,20,-0.22538860782203138,0.5097377525468679
136,165.0,21,-0.22760656325146428,-0.8913081792152913
136,165.0,22,-0.22760656325146428,0.8913081792152913
136,165.0,23,-0.244352375020114,-0.08241520987482663
136,165.0,24,-0.244352375020114,0.08241520987482663
136,165.0,25,-0.24713484292306503,-0.4473855915415892
136,165.0,26,-0.24713484292306503,0.4473855915415892
136,165.0,27,-0.25070242193979214,-1.171837360910891
136,165.0,28,-0.25070242193979214,1.171837360910891
136,165.0,29,-0.26102770221406224,-0.14446908573079542
136,165.0,30,-0.26102770221406224,0.14446908573079542
136,165.0,31,-0.2634477172716716,-0.2177576234519898
136,165.0,32,-0.2634477172716716,0.2177576234519898
136,165.0,33,-0.26522336505421273,-0.7248898212307181
136,165.0,34,-0.26522336505421273,0.7248898212307181
136,165.0,35,-0.28321527108403743,0.0
136,165.0,36,-0.2869066744166029,-0.4700321272946858
136,165.0,37,-0.2869066744166029,0.4700321272946858
136,165.0,38,-0.32516088169172963,-0.20466734872589074
136,165.0,39,-0.32516088169172963,0.20466734872589074
136,165.0,40,-0.329769002793039,-0.31022794366824435
137,164.0,1,0.032657902810757755,0.0
137,164.0,2,-0.045088808704036774,-0.13419876046345347
137,164.0,3,-0.045088808704036774,0.13419876046345347
137,164.0,4,-0.060366484136696826,0.0
137,164.0,5,-0.08697256566940725,0.0
137,164.0,6,-0.1145263292594337,-0.3050570761818061
137,164.0,7,-0.1145263292594337,0.3050570761818061
137,164.0,8,-0.12682665699998916,-0.22369966164558375
137,164.0,9,-0.12682665699998916,0.22369966164558375
137,164.0,10,-0.17247730151864998,-0.10651417941041805
137,164.0,11,-0.17247730151864998,0.10651417941041805
137,164.0,12,-0.20216107872913985,-0.6358369393088151
137,164.0,13,-0.20216107872913985,0.6358369393088151
137,164.0,14,-0.20984661475611469,0.0
137,164.0,15,-0.21667395924741262,-0.5641225259947855
137,164.0,16,-0.21667395924741262,0.5641225259947855
137,164.0,17,-0.21679235447039652,-0.39272363483456285
137,164.0,18,-0.21679235447039652,0.39272363483456285
137,164.0,19,-0.2271746022600773,-0.5121039475099891
137,164.0,20,-0.2271746022600773,0.5121039475099891
137,164.0,21,-0.22849627414807466,-0.8898978745158738
137,164.0,22,-0.22849627414807466,0.8898978745158738
137,164.0,23,-0.247421081367858,-0.08467873340904312
137,164.0,24,-0.247421081367858,0.08467873340904312
137,164.0,25,-0.24843193009822995,-0.4491798156662397
137,164.0,26,-0.24843193009822995,0.4491798156662397
137,164.0,27,-0.25298197824114377,-1.1695474336343001
137,164.0,28,-0.25298197824114377,1.1695474336343001
137,164.0,29,-0.2619362795574378,-0.14622402274907634
137,164.0,30,-0.2619362795574378,0.14622402274907634
137,164.0,31,-0.263301131168874,-0.22070653031974344
137,164.0,32,-0.263301131168874,0.22070653031974344
137,164.0,33,-0.26556824152140446,-0.7234671965942129
137,164.0,34,-0.26556824152140446,0.7234671965942129
137,164.0,35,-0.28449639803994264,0.0
137,164.0,36,-0.28848494513712863,-0.46721341192943644
137,164.0,37,-0.28848494513712863,0.46721341192943644
137,164.0,38,-0.32522115251285266,-0.20111328207068427
137,164.0,39,-0.32522115251285266,0.20111328207068427
137,164.0,40,-0.3302050969826016,-0.3125490254162431
138,163.0,1,0.03049593738682991,0.0
138,163.0,2,-0.0436270914074027,-0.13459270277133323
138,163.0,3,-0.0436270914074027,0.13459270277133323
138,163.0,4,-0.06019305048057916,0.0
138,163.0,5,-0.08823746199259065,0.0
138,163.0,6,-0.11116299044476448,-0.3055873925133441
138,163.0,7,-0.11116299044476448,0.3055873925133441
138,163.0,8,-0.1291551787634158,-0.2235669388422666
138,163.0,9,-0.1291551787634158,0.2235669388422666
138,163.0,10,-0.1744308700988222,-0.1070521907330482
138,163.0,11,-0.1744308700988222,0.1070521907330482
138,163.0,12,-0.20125031796521425,-0.6378141775172693
138,163.0,13,-0.20125031796521425,0.6378141775172693
138,163.0,14,-0.21378699828514625,0.0
138,163.0,15,-0.21550099705875597,-0.39570035147459837
138,163.0,16,-0.21550099705875597,0.39570035147459837
138,163.0,17,-0.21642422298290917,-0.5646687192280835
138,163.0,18,-0.21642422298290917,0.5646687192280835
138,163.0,19,-0.22883778044974395,-0.514878545456561
138,163.0,20,-0.22883778044974395,0.514878545456561
138,163.0,21,-0.22935216201726036,-0.8882850172831942
138,163.0,22,-0.22935216201726036,0.8882850172831942
138,163.0,23,-0.2497814898085175,-0.45137536317428123
138,163.0,24,-0.2497814898085175,0.45137536317428123
138,163.0,25,-0.25081698109377476,-0.08719884137663013
138,163.0,26,-0.25081698109377476,0.08719884137663013
138,163.0,27,-0.2553500382741462,-1.1670277648748704
138,163.0,28,-0.2553500382741462,1.1670277648748704
138,163.0,29,-0.2625093846592514,-0.14841187607162212
138,163.0,30,-0.2625093846592514,0.14841187607162212
138,163.0,31,-0.2627752632364705,-0.22411046107987265
138,163.0,32,-0.2627752632364705,0.22411046107987265
138,163.0,33,-0.26565841032538995,-0.7219453568173657
138,163.0,34,-0.26565841032538995,0.7219453568173657
138,163.0,35,-0.28589444147158016,0.0
138,163.0,36,-0.290996028572328,-0.46396516180670144
138,163.0,37,-0.290996028572328,0.46396516180670144
138,163.0,38,-0.3247342413780414,-0.1970093857435714
138,163.0,39,-0.3247342413780414,0.1970093857435714
138,163.0,40,-0.33039076346936636,-0.315004015821883
139,162.0,1,0.027843389562866017,0.0
139,162.0,2,-0.04198456781787732,-0.13498222393142886
139,162.0,3,-0.04198456781787732,0.13498222393142886
139,162.0,4,-0.05980012425610906,0.0
139,162.0,5,-0.089607012027447,0.0
139,162.0,6,-0.10746533192123302,-0.30641648874153243
139,162.0,7,-0.10746533192123302,0.30641648874153243
139,162.0,8,-0.13161133614658563,-0.22314634707166228
139,162.0,9,-0.13161133614658563,0.22314634707166228
139,162.0,10,-0.17624338492287658,-0.10771123540856072
139,162.0,11,-0.17624338492287658,0.10771123540856072
139,162.0,12,-0.20009623556766365,-0.6398894434342584
139,162.0,13,-0.20009623556766365,0.6398894434342584
139,162.0,14,-0.21392416739260522,-0.39864565167724414
139,162.0,15,-0.21392416739260522,0.39864565167724414
139,162.0,16,-0.21571653984443606,-0.5654217906738348
139,162.0,17,-0.21571653984443606,0.5654217906738348
139,162.0,18,-0.21827294286721916,0.0
139,162.0,19,-0.23016038432941444,-0.8864068701667177
139,162.0,20,-0.23016038432941444,0.8864068701667177
139,162.0,21,-0.23030625827060452,-0.5181726402946927
139,162.0,22,-0.23030625827060452,0.5181726402946927
139,162.0,23,-0.25108471923840747,-0.4537746392755706
139,162.0,24,-0.25108471923840747,0.4537746392755706
139,162.0,25,-0.2546953950188253,-0.09001599240081253
139,162.0,26,-0.2546953950188253,0.09001599240081253
139,162.0,27,-0.2578319269725211,-1.164189788931063
139,162.0,28,-0.2578319269725211,1.164189788931063
139,162.0,29,-0.26175797158430736,-0.22800390269301274
139,162.0,30,-0.26175797158430736,0.22800390269301274
139,162.0,31,-0.26267617700835544,-0.15124604166365474
139,162.0,32,-0.26267617700835544,0.15124604166365474
139,162.0,33,-0.2654055799132823,-0.7202673734798979
139,162.0,34,-0.2654055799132823,0.7202673734798979
139,162.0,35,-0.28744824668438207,0.0
139,162.0,36,-0.2948130709555905,-0.46048308600983623
139,162.0,37,-0.2948130709555905,0.46048308600983623
139,162.0,38,-0.32343570076071204,-0.19243787514495053
139,162.0,39,-0.32343570076071204,0.19243787514495053
139,162.0,40,-0.3302569237780171,-0.3176015337008618
140,161.0,1,0.02441434563277696,0.0
140,161.0,2,-0.04006385954919445,-0.13536724684443052
140,161.0,3,-0.04006385954919445,0.13536724684443052
140,161.0,4,-0.05902258799459307,0.0
140,161.0,5,-0.09116216976281513,0.0
140,161.0,6,-0.10331285944429602,-0.30760693086377816
140,161.0,7,-0.10331285944429602,0.30760693086377816
140,161.0,8,-0.13421968625976013,-0.22237637849152878
140,161.0,9,-0.13421968625976013,0.22237637849152878
140,161.0,10,-0.17783222109420002,-0.10860411323233085
140,161.0,11,-0.17783222109420002,0.10860411323233085
140,161.0,12,-0.19864449374115856,-0.6421211929270255
140,161.0,13,-0.19864449374115856,0.6421211929270255
140,161.0,14,-0.21200587838416432,-0.40155027497808277
140,161.0,15,-0.21200587838416432,0.40155027497808277
140,161.0,16,-0.21426601579081833,-0.566536968911861
140,161.0,17,-0.21426601579081833,0.566536968911861
140,161.0,18,-0.2234787857599174,0.0
140,161.0,19,-0.230896350785271,-0.8841489832215538
140,161.0,20,-0.230896350785271,0.8841489832215538
140,161.0,21,-0.23150713416639282,-0.522168915454403
140,161.0,22,-0.23150713416639282,0.522168915454403
140,161.0,23,-0.2524484263560909,-0.45605898833405334
140,161.0,24,-0.2524484263560909,0.45605898833405334
140,161.0,25,-0.2593114538778847,-0.09317239651595141
140,161.0,26,-0.2593114538778847,0.09317239651595141
140,161.0,27,-0.26011051807517493,-0.2324810823038211
140,161.0,28,-0.26011051807517493,0.2324810823038211
140,161.0,29,-0.2604744849981749,-1.1608659939414312
140,161.0,30,-0.2604744849981749,1.1608659939414312
140,161.0,31,-0.2623498765175092,-0.1551662474478472
140,161.0,32,-0.2623498765175092,0.1551662474478472
140,161.0,33,-0.26464351255757745,-0.7183348389775225
140,161.0,34,-0.26464351255757745,0.7183348389775225
140,161.0,35,-0.2892173230433087,0.0
140,161.0,36,-0.3002304319419345,-0.45710684823007663
140,161.0,37,-0.3002304319419345,0.45710684823007663
140,161.0,38,-0.3210133011029893,-0.18746401287094916
140,161.0,39,-0.3210133011029893,0.18746401287094916
140,161.0,40,-0.3297072935361247,-0.320368156954163
141,160.0,1,0.019499738059251922,0.0
141,160.0,2,-0.03763560439668127,-0.13574990624086342
141,160.0,3,-0.03763560439668127,0.13574990624086342
141,160.0,4,-0.05743169382131571,0.0
141,160.0,5,-0.09310459323884474,0.0
141,160.0,6,-0.09836694430556597,-0.309291368106227
141,160.0,7,-0.09836694430556597,0.309291368106227
141,160.0,8,-0.13709740001413412,-0.22112761491999747
141,160.0,9,-0.13709740001413412,0.22112761491999747
141,160.0,10,-0.17905048517016836,-0.11001714859040336
141,160.0,11,-0.17905048517016836,0.11001714859040336
141,160.0,12,-0.19676919979911306,-0.6446595983749622
141,160.0,13,-0.19676919979911306,0.6446595983749622
141,160.0,14,-0.20959389410119122,-0.40444742022222646
141,160.0,15,-0.20959389410119122,0.40444742022222646
141,160.0,16,-0.21142477118445852,-0.5684181623086855
141,160.0,17,-0.21142477118445852,0.5684181623086855
141,160.0,18,-0.22979443846698838,0.0
141,160.0,19,-0.2315068526211172,-0.8812458229497966
141,160.0,20,-0.2315068526211172,0.8812458229497966
141,160.0,21,-0.2323676544139136,-0.5272577288399377
141,160.0,22,-0.2323676544139136,0.5272577288399377
141,160.0,23,-0.25428041983986693,-0.4580182002928375
141,160.0,24,-0.25428041983986693,0.4580182002928375
141,160.0,25,-0.2575814066222084,-0.23785749443064177
141,160.0,26,-0.2575814066222084,0.23785749443064177
141,160.0,27,-0.2613622247032164,-0.16132853044516157
141,160.0,28,-0.2613622247032164,0.16132853044516157
141,160.0,29,-0.26297243167846596,-0.7159318128123966
141,160.0,30,-0.26297243167846596,0.7159318128123966
141,160.0,31,-0.26338787088414256,-1.1566536811565433
141,160.0,32,-0.26338787088414256,1.1566536811565433
141,160.0,33,-0.2651554848087125,-0.09675514466441026
141,160.0,34,-0.2651554848087125,0.09675514466441026
141,160.0,35,-0.2913314091179432,0.0
141,160.0,36,-0.307555533298694,-0.4541973512281514
141,160.0,37,-0.307555533298694,0.4541973512281514
141,160.0,38,-0.3169071273005395,-0.18144773266498115
141,160.0,39,-0.3169071273005395,0.18144773266498115
141,160.0,40,-0.328566208461316,-0.32341160327300106
142,159.0,1,0.009499044615310863,0.0
142,159.0,2,-0.03362998278829113,-0.13615196961107476
142,159.0,3,-0.03362998278829113,0.13615196961107476
142,159.0,4,-0.05272251906783253,0.0
142,159.0,5,-0.09088532817824013,-0.31209257898212855
142,159.0,6,-0.09088532817824013,0.31209257898212855
142,159.0,7,-0.0964066603713821,0.0
142,159.0,8,-0.14098821501726438,-0.21879144074382825
142,159.0,9,-0.14098821501726438,0.21879144074382825
142,159.0,10,-0.1794069883600376,-0.11327611895123191
142,159.0,11,-0.1794069883600376,0.11327611895123191
142,159.0,12,-0.19391437875610062,-0.6482399440766266
142,159.0,13,-0.19391437875610062,0.6482399440766266
142,159.0,14,-0.20442314335415923,-0.5730297082069384
142,159.0,15,-0.20442314335415923,0.5730297082069384
142,159.0,16,-0.20585164179981155,-0.4075617939431833
142,159.0,17,-0.20585164179981155,0.4075617939431833
142,159.0,18,-0.23177896017880986,-0.8764732626117732
142,159.0,19,-0.23177896017880986,0.8764732626117732
142,159.0,20,-0.23264618664931497,-0.5351050039138459
142,159.0,21,-0.23264618664931497,0.5351050039138459
142,159.0,22,-0.2389912278279544,0.0
142,159.0,23,-0.25312300285290634,-0.24598909464813126
142,159.0,24,-0.25312300285290634,0.24598909464813126
142,159.0,25,-0.25758061267335064,-0.17552851099895692
142,159.0,26,-0.25758061267335064,0.17552851099895692
142,159.0,27,-0.25771584808486847,-0.45999204784208386
142,159.0,28,-0.25771584808486847,0.45999204784208386
142,159.0,29,-0.2584882075038629,-0.7121043447239029
142,159.0,30,-0.2584882075038629,0.7121043447239029
142,159.0,31,-0.2670849161889234,-1.1496321441927129
142,159.0,32,-0.2670849161889234,1.1496321441927129
142,159.0,33,-0.2741655742695035,-0.10144179011779401
142,159.0,34,-0.2741655742695035,0.10144179011779401
142,159.0,35,-0.2944567342705301,0.0
142,159.0,36,-0.30860995850984935,-0.16910457264312612
142,159.0,37,-0.30860995850984935,0.16910457264312612
142,159.0,38,-0.3176319077714469,-0.45286387100798453
142,159.0,39,-0.3176319077714469,0.45286387100798453
142,159.0,40,-0.3261408863155943,-0.32743789258448347
