timestamp,case,group,J,K,L,sol_id,status,error,job_dir
2026-03-08T13:11:12,re300_lx10_lz6,A,1,4,5,1,ok,,/home/ebenq/dev/MyCloudAtlas.jl/notebooks/eqb_fuzzing/overnight_runs_updated/re300_lx10_lz6/A/jkl_1_4_5/dns_findsoln/sol001
2026-03-08T13:18:09,re300_lx10_lz6,A,1,3,5,1,ok,,/home/ebenq/dev/MyCloudAtlas.jl/notebooks/eqb_fuzzing/overnight_runs_updated/re300_lx10_lz6/A/jkl_1_3_5/dns_findsoln/sol001
2026-03-08T13:29:58,re300_lx10_lz6,A,2,4,7,1,ok,,/home/ebenq/dev/MyCloudAtlas.jl/notebooks/eqb_fuzzing/overnight_runs_updated/re300_lx10_lz6/A/jkl_2_4_7/dns_findsoln/sol001
2026-03-08T13:55:24,re300_lx10_lz6,A,2,4,5,2,ok,,/home/ebenq/dev/MyCloudAtlas.jl/notebooks/eqb_fuzzing/overnight_runs_updated/re300_lx10_lz6/A/jkl_2_4_5/dns_findsoln/sol002
2026-03-08T13:56:24,re300_lx10_lz6,A,2,4,6,1,ok,,/home/ebenq/dev/MyCloudAtlas.jl/notebooks/eqb_fuzzing/overnight_runs_updated/re300_lx10_lz6/A/jkl_2_4_6/dns_findsoln/sol001
2026-03-08T14:01:50,re300_lx10_lz6,A,2,4,5,1,ok,,/home/ebenq/dev/MyCloudAtlas.jl/notebooks/eqb_fuzzing/overnight_runs_updated/re300_lx10_lz6/A/jkl_2_4_5/dns_findsoln/sol001
2026-03-08T14:18:50,re300_lx10_lz6,A,1,3,5,2,ok,,/home/ebenq/dev/MyCloudAtlas.jl/notebooks/eqb_fuzzing/overnight_runs_updated/re300_lx10_lz6/A/jkl_1_3_5/dns_findsoln/sol002
2026-03-08T14:32:09,re300_lx10_lz6,A,2,4,6,2,ok,,/home/ebenq/dev/MyCloudAtlas.jl/notebooks/eqb_fuzzing/overnight_runs_updated/re300_lx10_lz6/A/jkl_2_4_6/dns_findsoln/sol002
2026-03-08T14:32:13,re300_lx10_lz6,A,1,4,5,2,ok,,/home/ebenq/dev/MyCloudAtlas.jl/notebooks/eqb_fuzzing/overnight_runs_updated/re300_lx10_lz6/A/jkl_1_4_5/dns_findsoln/sol002
2026-03-08T14:35:16,re300_lx10_lz6,A,2,4,8,1,ok,,/home/ebenq/dev/MyCloudAtlas.jl/notebooks/eqb_fuzzing/overnight_runs_updated/re300_lx10_lz6/A/jkl_2_4_8/dns_findsoln/sol001
2026-03-08T14:50:52,re300_lx10_lz6,B,2,4,9,1,ok,,/home/ebenq/dev/MyCloudAtlas.jl/notebooks/eqb_fuzzing/overnight_runs_updated/re300_lx10_lz6/B/jkl_2_4_9/dns_findsoln/sol001
2026-03-08T15:10:49,re300_lx10_lz6,B,2,4,9,2,ok,,/home/ebenq/dev/MyCloudAtlas.jl/notebooks/eqb_fuzzing/overnight_runs_updated/re300_lx10_lz6/B/jkl_2_4_9/dns_findsoln/sol002
2026-03-08T15:10:49,re300_lx10_lz6,B,2,4,8,2,skip_after_converged,,/home/ebenq/dev/MyCloudAtlas.jl/notebooks/eqb_fuzzing/overnight_runs_updated/re300_lx10_lz6/B/jkl_2_4_8/dns_findsoln/sol002
2026-03-08T15:10:49,re300_lx10_lz6,B,2,4,7,2,skip_after_converged,,/home/ebenq/dev/MyCloudAtlas.jl/notebooks/eqb_fuzzing/overnight_runs_updated/re300_lx10_lz6/B/jkl_2_4_7/dns_findsoln/sol002
2026-03-08T15:10:49,re300_lx10_lz6,B,2,4,6,2,skip_after_converged,,/home/ebenq/dev/MyCloudAtlas.jl/notebooks/eqb_fuzzing/overnight_runs_updated/re300_lx10_lz6/B/jkl_2_4_6/dns_findsoln/sol002
2026-03-08T15:10:49,re300_lx10_lz6,B,2,4,5,2,skip_after_converged,,/home/ebenq/dev/MyCloudAtlas.jl/notebooks/eqb_fuzzing/overnight_runs_updated/re300_lx10_lz6/B/jkl_2_4_5/dns_findsoln/sol002
2026-03-08T15:10:49,re300_lx10_lz6,B,1,4,5,2,skip_after_converged,,/home/ebenq/dev/MyCloudAtlas.jl/notebooks/eqb_fuzzing/overnight_runs_updated/re300_lx10_lz6/B/jkl_1_4_5/dns_findsoln/sol002
2026-03-08T15:10:49,re300_lx10_lz6,B,1,3,5,2,skip_after_converged,,/home/ebenq/dev/MyCloudAtlas.jl/notebooks/eqb_fuzzing/overnight_runs_updated/re300_lx10_lz6/B/jkl_1_3_5/dns_findsoln/sol002
2026-03-08T15:13:22,re300_lx10_lz6,C,3,5,9,1,ok,,/home/ebenq/dev/MyCloudAtlas.jl/notebooks/eqb_fuzzing/overnight_runs_updated/re300_lx10_lz6/C/jkl_3_5_9/dns_findsoln/sol001
2026-03-08T15:13:22,re300_lx10_lz6,C,3,4,9,1,skip_after_converged,,/home/ebenq/dev/MyCloudAtlas.jl/notebooks/eqb_fuzzing/overnight_runs_updated/re300_lx10_lz6/C/jkl_3_4_9/dns_findsoln/sol001
2026-03-08T15:13:22,re300_lx10_lz6,C,2,4,9,1,skip_after_converged,,/home/ebenq/dev/MyCloudAtlas.jl/notebooks/eqb_fuzzing/overnight_runs_updated/re300_lx10_lz6/C/jkl_2_4_9/dns_findsoln/sol001
2026-03-08T15:13:22,re300_lx10_lz6,C,2,4,8,1,skip_after_converged,,/home/ebenq/dev/MyCloudAtlas.jl/notebooks/eqb_fuzzing/overnight_runs_updated/re300_lx10_lz6/C/jkl_2_4_8/dns_findsoln/sol001
2026-03-08T15:13:22,re300_lx10_lz6,C,2,4,7,1,skip_after_converged,,/home/ebenq/dev/MyCloudAtlas.jl/notebooks/eqb_fuzzing/overnight_runs_updated/re300_lx10_lz6/C/jkl_2_4_7/dns_findsoln/sol001
2026-03-08T15:13:22,re300_lx10_lz6,C,2,4,6,1,skip_after_converged,,/home/ebenq/dev/MyCloudAtlas.jl/notebooks/eqb_fuzzing/overnight_runs_updated/re300_lx10_lz6/C/jkl_2_4_6/dns_findsoln/sol001
2026-03-08T15:13:22,re300_lx10_lz6,C,2,4,5,1,skip_after_converged,,/home/ebenq/dev/MyCloudAtlas.jl/notebooks/eqb_fuzzing/overnight_runs_updated/re300_lx10_lz6/C/jkl_2_4_5/dns_findsoln/sol001
2026-03-08T15:13:22,re300_lx10_lz6,C,1,4,5,1,skip_after_converged,,/home/ebenq/dev/MyCloudAtlas.jl/notebooks/eqb_fuzzing/overnight_runs_updated/re300_lx10_lz6/C/jkl_1_4_5/dns_findsoln/sol001
2026-03-08T15:13:22,re300_lx10_lz6,C,1,3,5,1,skip_after_converged,,/home/ebenq/dev/MyCloudAtlas.jl/notebooks/eqb_fuzzing/overnight_runs_updated/re300_lx10_lz6/C/jkl_1_3_5/dns_findsoln/sol001
2026-03-08T15:57:09,re300_lx10_lz6,C,2,4,9,3,not_converged,,/home/ebenq/dev/MyCloudAtlas.jl/notebooks/eqb_fuzzing/overnight_runs_updated/re300_lx10_lz6/C/jkl_2_4_9/dns_findsoln/sol003
2026-03-08T15:57:16,re300_lx10_lz6,C,3,4,9,2,not_converged,,/home/ebenq/dev/MyCloudAtlas.jl/notebooks/eqb_fuzzing/overnight_runs_updated/re300_lx10_lz6/C/jkl_3_4_9/dns_findsoln/sol002
2026-03-08T15:58:00,re300_lx10_lz6,C,2,4,8,4,ok,,/home/ebenq/dev/MyCloudAtlas.jl/notebooks/eqb_fuzzing/overnight_runs_updated/re300_lx10_lz6/C/jkl_2_4_8/dns_findsoln/sol004
2026-03-08T15:58:00,re300_lx10_lz6,C,2,4,7,4,skip_after_converged,,/home/ebenq/dev/MyCloudAtlas.jl/notebooks/eqb_fuzzing/overnight_runs_updated/re300_lx10_lz6/C/jkl_2_4_7/dns_findsoln/sol004
2026-03-08T15:58:00,re300_lx10_lz6,C,2,4,6,4,skip_after_converged,,/home/ebenq/dev/MyCloudAtlas.jl/notebooks/eqb_fuzzing/overnight_runs_updated/re300_lx10_lz6/C/jkl_2_4_6/dns_findsoln/sol004
2026-03-08T15:58:00,re300_lx10_lz6,C,2,4,5,4,skip_after_converged,,/home/ebenq/dev/MyCloudAtlas.jl/notebooks/eqb_fuzzing/overnight_runs_updated/re300_lx10_lz6/C/jkl_2_4_5/dns_findsoln/sol004
2026-03-08T15:58:00,re300_lx10_lz6,C,1,4,5,4,skip_after_converged,,/home/ebenq/dev/MyCloudAtlas.jl/notebooks/eqb_fuzzing/overnight_runs_updated/re300_lx10_lz6/C/jkl_1_4_5/dns_findsoln/sol004
2026-03-08T15:58:00,re300_lx10_lz6,C,1,3,5,4,skip_after_converged,,/home/ebenq/dev/MyCloudAtlas.jl/notebooks/eqb_fuzzing/overnight_runs_updated/re300_lx10_lz6/C/jkl_1_3_5/dns_findsoln/sol004
2026-03-08T15:58:45,re300_lx10_lz6,B,1,3,5,4,not_converged,,/home/ebenq/dev/MyCloudAtlas.jl/notebooks/eqb_fuzzing/overnight_runs_updated/re300_lx10_lz6/B/jkl_1_3_5/dns_findsoln/sol004
2026-03-08T16:11:16,re300_lx10_lz6,C,2,4,9,2,ok,,/home/ebenq/dev/MyCloudAtlas.jl/notebooks/eqb_fuzzing/overnight_runs_updated/re300_lx10_lz6/C/jkl_2_4_9/dns_findsoln/sol002
2026-03-08T16:11:16,re300_lx10_lz6,C,2,4,8,2,skip_after_converged,,/home/ebenq/dev/MyCloudAtlas.jl/notebooks/eqb_fuzzing/overnight_runs_updated/re300_lx10_lz6/C/jkl_2_4_8/dns_findsoln/sol002
2026-03-08T16:11:16,re300_lx10_lz6,C,2,4,7,2,skip_after_converged,,/home/ebenq/dev/MyCloudAtlas.jl/notebooks/eqb_fuzzing/overnight_runs_updated/re300_lx10_lz6/C/jkl_2_4_7/dns_findsoln/sol002
2026-03-08T16:11:16,re300_lx10_lz6,C,2,4,6,2,skip_after_converged,,/home/ebenq/dev/MyCloudAtlas.jl/notebooks/eqb_fuzzing/overnight_runs_updated/re300_lx10_lz6/C/jkl_2_4_6/dns_findsoln/sol002
2026-03-08T16:11:16,re300_lx10_lz6,C,2,4,5,2,skip_after_converged,,/home/ebenq/dev/MyCloudAtlas.jl/notebooks/eqb_fuzzing/overnight_runs_updated/re300_lx10_lz6/C/jkl_2_4_5/dns_findsoln/sol002
2026-03-08T16:11:16,re300_lx10_lz6,C,1,4,5,2,skip_after_converged,,/home/ebenq/dev/MyCloudAtlas.jl/notebooks/eqb_fuzzing/overnight_runs_updated/re300_lx10_lz6/C/jkl_1_4_5/dns_findsoln/sol002
2026-03-08T16:11:16,re300_lx10_lz6,C,1,3,5,2,skip_after_converged,,/home/ebenq/dev/MyCloudAtlas.jl/notebooks/eqb_fuzzing/overnight_runs_updated/re300_lx10_lz6/C/jkl_1_3_5/dns_findsoln/sol002
2026-03-08T16:16:43,re300_lx10_lz6,B,2,4,9,3,not_converged,,/home/ebenq/dev/MyCloudAtlas.jl/notebooks/eqb_fuzzing/overnight_runs_updated/re300_lx10_lz6/B/jkl_2_4_9/dns_findsoln/sol003
2026-03-08T16:25:49,re300_lx10_lz6,C,2,4,6,5,not_converged,,/home/ebenq/dev/MyCloudAtlas.jl/notebooks/eqb_fuzzing/overnight_runs_updated/re300_lx10_lz6/C/jkl_2_4_6/dns_findsoln/sol005
2026-03-08T16:34:02,re300_lx10_lz6,C,1,3,5,6,ok,,/home/ebenq/dev/MyCloudAtlas.jl/notebooks/eqb_fuzzing/overnight_runs_updated/re300_lx10_lz6/C/jkl_1_3_5/dns_findsoln/sol006
2026-03-08T16:46:49,re300_lx10_lz6,C,2,4,8,3,not_converged,,/home/ebenq/dev/MyCloudAtlas.jl/notebooks/eqb_fuzzing/overnight_runs_updated/re300_lx10_lz6/C/jkl_2_4_8/dns_findsoln/sol003
2026-03-08T16:52:41,re300_lx10_lz6,D,2,4,9,1,not_converged,,/home/ebenq/dev/MyCloudAtlas.jl/notebooks/eqb_fuzzing/overnight_runs_updated/re300_lx10_lz6/D/jkl_2_4_9/dns_findsoln/sol001
2026-03-08T17:04:09,re300_lx10_lz6,D,2,4,9,2,ok,,/home/ebenq/dev/MyCloudAtlas.jl/notebooks/eqb_fuzzing/overnight_runs_updated/re300_lx10_lz6/D/jkl_2_4_9/dns_findsoln/sol002
2026-03-08T17:04:09,re300_lx10_lz6,D,2,4,8,2,skip_after_converged,,/home/ebenq/dev/MyCloudAtlas.jl/notebooks/eqb_fuzzing/overnight_runs_updated/re300_lx10_lz6/D/jkl_2_4_8/dns_findsoln/sol002
2026-03-08T17:04:09,re300_lx10_lz6,D,2,4,7,2,skip_after_converged,,/home/ebenq/dev/MyCloudAtlas.jl/notebooks/eqb_fuzzing/overnight_runs_updated/re300_lx10_lz6/D/jkl_2_4_7/dns_findsoln/sol002
2026-03-08T17:04:09,re300_lx10_lz6,D,2,4,6,2,skip_after_converged,,/home/ebenq/dev/MyCloudAtlas.jl/notebooks/eqb_fuzzing/overnight_runs_updated/re300_lx10_lz6/D/jkl_2_4_6/dns_findsoln/sol002
2026-03-08T17:04:09,re300_lx10_lz6,D,2,4,5,2,skip_after_converged,,/home/ebenq/dev/MyCloudAtlas.jl/notebooks/eqb_fuzzing/overnight_runs_updated/re300_lx10_lz6/D/jkl_2_4_5/dns_findsoln/sol002
2026-03-08T17:04:09,re300_lx10_lz6,D,1,4,5,2,skip_after_converged,,/home/ebenq/dev/MyCloudAtlas.jl/notebooks/eqb_fuzzing/overnight_runs_updated/re300_lx10_lz6/D/jkl_1_4_5/dns_findsoln/sol002
2026-03-08T17:04:09,re300_lx10_lz6,D,1,3,5,2,skip_after_converged,,/home/ebenq/dev/MyCloudAtlas.jl/notebooks/eqb_fuzzing/overnight_runs_updated/re300_lx10_lz6/D/jkl_1_3_5/dns_findsoln/sol002
2026-03-08T17:10:04,re300_lx10_lz6,B,2,4,8,3,not_converged,,/home/ebenq/dev/MyCloudAtlas.jl/notebooks/eqb_fuzzing/overnight_runs_updated/re300_lx10_lz6/B/jkl_2_4_8/dns_findsoln/sol003
2026-03-08T17:28:27,re300_lx10_lz6,D,2,4,8,1,ok,,/home/ebenq/dev/MyCloudAtlas.jl/notebooks/eqb_fuzzing/overnight_runs_updated/re300_lx10_lz6/D/jkl_2_4_8/dns_findsoln/sol001
2026-03-08T17:28:27,re300_lx10_lz6,D,2,4,7,1,skip_after_converged,,/home/ebenq/dev/MyCloudAtlas.jl/notebooks/eqb_fuzzing/overnight_runs_updated/re300_lx10_lz6/D/jkl_2_4_7/dns_findsoln/sol001
2026-03-08T17:28:27,re300_lx10_lz6,D,2,4,6,1,skip_after_converged,,/home/ebenq/dev/MyCloudAtlas.jl/notebooks/eqb_fuzzing/overnight_runs_updated/re300_lx10_lz6/D/jkl_2_4_6/dns_findsoln/sol001
2026-03-08T17:28:27,re300_lx10_lz6,D,2,4,5,1,skip_after_converged,,/home/ebenq/dev/MyCloudAtlas.jl/notebooks/eqb_fuzzing/overnight_runs_updated/re300_lx10_lz6/D/jkl_2_4_5/dns_findsoln/sol001
2026-03-08T17:28:27,re300_lx10_lz6,D,1,4,5,1,skip_after_converged,,/home/ebenq/dev/MyCloudAtlas.jl/notebooks/eqb_fuzzing/overnight_runs_updated/re300_lx10_lz6/D/jkl_1_4_5/dns_findsoln/sol001
2026-03-08T17:28:27,re300_lx10_lz6,D,1,3,5,1,skip_after_converged,,/home/ebenq/dev/MyCloudAtlas.jl/notebooks/eqb_fuzzing/overnight_runs_updated/re300_lx10_lz6/D/jkl_1_3_5/dns_findsoln/sol001
2026-03-08T17:30:29,re300_lx10_lz6,D,2,4,7,3,not_converged,,/home/ebenq/dev/MyCloudAtlas.jl/notebooks/eqb_fuzzing/overnight_runs_updated/re300_lx10_lz6/D/jkl_2_4_7/dns_findsoln/sol003
2026-03-08T17:36:42,re300_lx10_lz6,E,3,5,11,1,ok,,/home/ebenq/dev/MyCloudAtlas.jl/notebooks/eqb_fuzzing/overnight_runs_updated/re300_lx10_lz6/E/jkl_3_5_11/dns_findsoln/sol001
2026-03-08T17:36:42,re300_lx10_lz6,E,3,5,10,1,skip_after_converged,,/home/ebenq/dev/MyCloudAtlas.jl/notebooks/eqb_fuzzing/overnight_runs_updated/re300_lx10_lz6/E/jkl_3_5_10/dns_findsoln/sol001
2026-03-08T17:36:42,re300_lx10_lz6,E,3,5,9,1,skip_after_converged,,/home/ebenq/dev/MyCloudAtlas.jl/notebooks/eqb_fuzzing/overnight_runs_updated/re300_lx10_lz6/E/jkl_3_5_9/dns_findsoln/sol001
2026-03-08T17:36:42,re300_lx10_lz6,E,3,4,9,1,skip_after_converged,,/home/ebenq/dev/MyCloudAtlas.jl/notebooks/eqb_fuzzing/overnight_runs_updated/re300_lx10_lz6/E/jkl_3_4_9/dns_findsoln/sol001
2026-03-08T17:36:42,re300_lx10_lz6,E,2,4,9,1,skip_after_converged,,/home/ebenq/dev/MyCloudAtlas.jl/notebooks/eqb_fuzzing/overnight_runs_updated/re300_lx10_lz6/E/jkl_2_4_9/dns_findsoln/sol001
2026-03-08T17:36:42,re300_lx10_lz6,E,2,4,8,1,skip_after_converged,,/home/ebenq/dev/MyCloudAtlas.jl/notebooks/eqb_fuzzing/overnight_runs_updated/re300_lx10_lz6/E/jkl_2_4_8/dns_findsoln/sol001
2026-03-08T17:36:42,re300_lx10_lz6,E,2,4,7,1,skip_after_converged,,/home/ebenq/dev/MyCloudAtlas.jl/notebooks/eqb_fuzzing/overnight_runs_updated/re300_lx10_lz6/E/jkl_2_4_7/dns_findsoln/sol001
2026-03-08T17:36:42,re300_lx10_lz6,E,2,4,6,1,skip_after_converged,,/home/ebenq/dev/MyCloudAtlas.jl/notebooks/eqb_fuzzing/overnight_runs_updated/re300_lx10_lz6/E/jkl_2_4_6/dns_findsoln/sol001
2026-03-08T17:36:42,re300_lx10_lz6,E,2,4,5,1,skip_after_converged,,/home/ebenq/dev/MyCloudAtlas.jl/notebooks/eqb_fuzzing/overnight_runs_updated/re300_lx10_lz6/E/jkl_2_4_5/dns_findsoln/sol001
2026-03-08T17:36:42,re300_lx10_lz6,E,1,4,5,1,skip_after_converged,,/home/ebenq/dev/MyCloudAtlas.jl/notebooks/eqb_fuzzing/overnight_runs_updated/re300_lx10_lz6/E/jkl_1_4_5/dns_findsoln/sol001
2026-03-08T17:36:42,re300_lx10_lz6,E,1,3,5,1,skip_after_converged,,/home/ebenq/dev/MyCloudAtlas.jl/notebooks/eqb_fuzzing/overnight_runs_updated/re300_lx10_lz6/E/jkl_1_3_5/dns_findsoln/sol001
2026-03-08T17:37:34,re300_lx10_lz6,D,1,3,5,4,ok,,/home/ebenq/dev/MyCloudAtlas.jl/notebooks/eqb_fuzzing/overnight_runs_updated/re300_lx10_lz6/D/jkl_1_3_5/dns_findsoln/sol004
2026-03-08T17:45:46,re300_lx10_lz6,E,2,4,9,2,ok,,/home/ebenq/dev/MyCloudAtlas.jl/notebooks/eqb_fuzzing/overnight_runs_updated/re300_lx10_lz6/E/jkl_2_4_9/dns_findsoln/sol002
2026-03-08T17:45:46,re300_lx10_lz6,E,2,4,8,2,skip_after_converged,,/home/ebenq/dev/MyCloudAtlas.jl/notebooks/eqb_fuzzing/overnight_runs_updated/re300_lx10_lz6/E/jkl_2_4_8/dns_findsoln/sol002
2026-03-08T17:45:46,re300_lx10_lz6,E,2,4,7,2,skip_after_converged,,/home/ebenq/dev/MyCloudAtlas.jl/notebooks/eqb_fuzzing/overnight_runs_updated/re300_lx10_lz6/E/jkl_2_4_7/dns_findsoln/sol002
2026-03-08T17:45:46,re300_lx10_lz6,E,2,4,6,2,skip_after_converged,,/home/ebenq/dev/MyCloudAtlas.jl/notebooks/eqb_fuzzing/overnight_runs_updated/re300_lx10_lz6/E/jkl_2_4_6/dns_findsoln/sol002
2026-03-08T17:45:46,re300_lx10_lz6,E,2,4,5,2,skip_after_converged,,/home/ebenq/dev/MyCloudAtlas.jl/notebooks/eqb_fuzzing/overnight_runs_updated/re300_lx10_lz6/E/jkl_2_4_5/dns_findsoln/sol002
2026-03-08T17:45:46,re300_lx10_lz6,E,1,4,5,2,skip_after_converged,,/home/ebenq/dev/MyCloudAtlas.jl/notebooks/eqb_fuzzing/overnight_runs_updated/re300_lx10_lz6/E/jkl_1_4_5/dns_findsoln/sol002
2026-03-08T17:45:46,re300_lx10_lz6,E,1,3,5,2,skip_after_converged,,/home/ebenq/dev/MyCloudAtlas.jl/notebooks/eqb_fuzzing/overnight_runs_updated/re300_lx10_lz6/E/jkl_1_3_5/dns_findsoln/sol002
2026-03-08T17:51:25,re300_lx10_lz6,C,2,4,5,5,not_converged,,/home/ebenq/dev/MyCloudAtlas.jl/notebooks/eqb_fuzzing/overnight_runs_updated/re300_lx10_lz6/C/jkl_2_4_5/dns_findsoln/sol005
2026-03-08T17:52:43,re300_lx10_lz6,C,2,4,7,3,not_converged,,/home/ebenq/dev/MyCloudAtlas.jl/notebooks/eqb_fuzzing/overnight_runs_updated/re300_lx10_lz6/C/jkl_2_4_7/dns_findsoln/sol003
2026-03-08T18:00:39,re300_lx10_lz6,C,1,4,5,5,ok,,/home/ebenq/dev/MyCloudAtlas.jl/notebooks/eqb_fuzzing/overnight_runs_updated/re300_lx10_lz6/C/jkl_1_4_5/dns_findsoln/sol005
2026-03-08T18:00:39,re300_lx10_lz6,C,1,3,5,5,skip_after_converged,,/home/ebenq/dev/MyCloudAtlas.jl/notebooks/eqb_fuzzing/overnight_runs_updated/re300_lx10_lz6/C/jkl_1_3_5/dns_findsoln/sol005
2026-03-08T18:02:58,re300_lx10_lz6,E,2,4,9,3,ok,,/home/ebenq/dev/MyCloudAtlas.jl/notebooks/eqb_fuzzing/overnight_runs_updated/re300_lx10_lz6/E/jkl_2_4_9/dns_findsoln/sol003
2026-03-08T18:02:58,re300_lx10_lz6,E,2,4,8,3,skip_after_converged,,/home/ebenq/dev/MyCloudAtlas.jl/notebooks/eqb_fuzzing/overnight_runs_updated/re300_lx10_lz6/E/jkl_2_4_8/dns_findsoln/sol003
2026-03-08T18:02:58,re300_lx10_lz6,E,2,4,7,3,skip_after_converged,,/home/ebenq/dev/MyCloudAtlas.jl/notebooks/eqb_fuzzing/overnight_runs_updated/re300_lx10_lz6/E/jkl_2_4_7/dns_findsoln/sol003
2026-03-08T18:02:58,re300_lx10_lz6,E,2,4,6,3,skip_after_converged,,/home/ebenq/dev/MyCloudAtlas.jl/notebooks/eqb_fuzzing/overnight_runs_updated/re300_lx10_lz6/E/jkl_2_4_6/dns_findsoln/sol003
2026-03-08T18:02:58,re300_lx10_lz6,E,2,4,5,3,skip_after_converged,,/home/ebenq/dev/MyCloudAtlas.jl/notebooks/eqb_fuzzing/overnight_runs_updated/re300_lx10_lz6/E/jkl_2_4_5/dns_findsoln/sol003
2026-03-08T18:02:58,re300_lx10_lz6,E,1,4,5,3,skip_after_converged,,/home/ebenq/dev/MyCloudAtlas.jl/notebooks/eqb_fuzzing/overnight_runs_updated/re300_lx10_lz6/E/jkl_1_4_5/dns_findsoln/sol003
2026-03-08T18:02:58,re300_lx10_lz6,E,1,3,5,3,skip_after_converged,,/home/ebenq/dev/MyCloudAtlas.jl/notebooks/eqb_fuzzing/overnight_runs_updated/re300_lx10_lz6/E/jkl_1_3_5/dns_findsoln/sol003
2026-03-08T18:06:57,re300_lx10_lz6,B,2,4,7,3,not_converged,,/home/ebenq/dev/MyCloudAtlas.jl/notebooks/eqb_fuzzing/overnight_runs_updated/re300_lx10_lz6/B/jkl_2_4_7/dns_findsoln/sol003
2026-03-08T18:27:25,re300_lx10_lz6,C,2,4,6,3,ok,,/home/ebenq/dev/MyCloudAtlas.jl/notebooks/eqb_fuzzing/overnight_runs_updated/re300_lx10_lz6/C/jkl_2_4_6/dns_findsoln/sol003
2026-03-08T18:27:25,re300_lx10_lz6,C,2,4,5,3,skip_after_converged,,/home/ebenq/dev/MyCloudAtlas.jl/notebooks/eqb_fuzzing/overnight_runs_updated/re300_lx10_lz6/C/jkl_2_4_5/dns_findsoln/sol003
2026-03-08T18:27:25,re300_lx10_lz6,C,1,4,5,3,skip_after_converged,,/home/ebenq/dev/MyCloudAtlas.jl/notebooks/eqb_fuzzing/overnight_runs_updated/re300_lx10_lz6/C/jkl_1_4_5/dns_findsoln/sol003
2026-03-08T18:27:25,re300_lx10_lz6,C,1,3,5,3,skip_after_converged,,/home/ebenq/dev/MyCloudAtlas.jl/notebooks/eqb_fuzzing/overnight_runs_updated/re300_lx10_lz6/C/jkl_1_3_5/dns_findsoln/sol003
2026-03-08T18:37:40,re300_lx10_lz6,D,2,4,6,3,not_converged,,/home/ebenq/dev/MyCloudAtlas.jl/notebooks/eqb_fuzzing/overnight_runs_updated/re300_lx10_lz6/D/jkl_2_4_6/dns_findsoln/sol003
2026-03-08T18:42:07,re300_lx10_lz6,F,3,5,9,1,ok,,/home/ebenq/dev/MyCloudAtlas.jl/notebooks/eqb_fuzzing/overnight_runs_updated/re300_lx10_lz6/F/jkl_3_5_9/dns_findsoln/sol001
2026-03-08T18:42:07,re300_lx10_lz6,F,3,4,9,1,skip_after_converged,,/home/ebenq/dev/MyCloudAtlas.jl/notebooks/eqb_fuzzing/overnight_runs_updated/re300_lx10_lz6/F/jkl_3_4_9/dns_findsoln/sol001
2026-03-08T18:42:07,re300_lx10_lz6,F,2,4,9,1,skip_after_converged,,/home/ebenq/dev/MyCloudAtlas.jl/notebooks/eqb_fuzzing/overnight_runs_updated/re300_lx10_lz6/F/jkl_2_4_9/dns_findsoln/sol001
2026-03-08T18:42:07,re300_lx10_lz6,F,2,4,8,1,skip_after_converged,,/home/ebenq/dev/MyCloudAtlas.jl/notebooks/eqb_fuzzing/overnight_runs_updated/re300_lx10_lz6/F/jkl_2_4_8/dns_findsoln/sol001
2026-03-08T18:42:07,re300_lx10_lz6,F,2,4,7,1,skip_after_converged,,/home/ebenq/dev/MyCloudAtlas.jl/notebooks/eqb_fuzzing/overnight_runs_updated/re300_lx10_lz6/F/jkl_2_4_7/dns_findsoln/sol001
2026-03-08T18:42:07,re300_lx10_lz6,F,2,4,6,1,skip_after_converged,,/home/ebenq/dev/MyCloudAtlas.jl/notebooks/eqb_fuzzing/overnight_runs_updated/re300_lx10_lz6/F/jkl_2_4_6/dns_findsoln/sol001
2026-03-08T18:42:07,re300_lx10_lz6,F,2,4,5,1,skip_after_converged,,/home/ebenq/dev/MyCloudAtlas.jl/notebooks/eqb_fuzzing/overnight_runs_updated/re300_lx10_lz6/F/jkl_2_4_5/dns_findsoln/sol001
2026-03-08T18:42:07,re300_lx10_lz6,F,1,4,5,1,skip_after_converged,,/home/ebenq/dev/MyCloudAtlas.jl/notebooks/eqb_fuzzing/overnight_runs_updated/re300_lx10_lz6/F/jkl_1_4_5/dns_findsoln/sol001
2026-03-08T18:42:07,re300_lx10_lz6,F,1,3,5,1,skip_after_converged,,/home/ebenq/dev/MyCloudAtlas.jl/notebooks/eqb_fuzzing/overnight_runs_updated/re300_lx10_lz6/F/jkl_1_3_5/dns_findsoln/sol001
2026-03-08T18:55:46,re300_lx10_lz6,E,2,4,6,4,not_converged,,/home/ebenq/dev/MyCloudAtlas.jl/notebooks/eqb_fuzzing/overnight_runs_updated/re300_lx10_lz6/E/jkl_2_4_6/dns_findsoln/sol004
2026-03-08T18:56:55,re300_lx10_lz6,E,1,4,5,5,not_converged,,/home/ebenq/dev/MyCloudAtlas.jl/notebooks/eqb_fuzzing/overnight_runs_updated/re300_lx10_lz6/E/jkl_1_4_5/dns_findsoln/sol005
2026-03-08T19:07:06,re300_lx10_lz6,E,1,3,5,6,not_converged,,/home/ebenq/dev/MyCloudAtlas.jl/notebooks/eqb_fuzzing/overnight_runs_updated/re300_lx10_lz6/E/jkl_1_3_5/dns_findsoln/sol006
2026-03-08T19:09:39,re300_lx10_lz6,B,2,4,6,3,not_converged,,/home/ebenq/dev/MyCloudAtlas.jl/notebooks/eqb_fuzzing/overnight_runs_updated/re300_lx10_lz6/B/jkl_2_4_6/dns_findsoln/sol003
2026-03-08T19:16:30,re300_lx10_lz6,E,1,3,5,5,ok,,/home/ebenq/dev/MyCloudAtlas.jl/notebooks/eqb_fuzzing/overnight_runs_updated/re300_lx10_lz6/E/jkl_1_3_5/dns_findsoln/sol005
2026-03-08T19:36:00,re300_lx10_lz6,E,2,4,5,4,ok,,/home/ebenq/dev/MyCloudAtlas.jl/notebooks/eqb_fuzzing/overnight_runs_updated/re300_lx10_lz6/E/jkl_2_4_5/dns_findsoln/sol004
2026-03-08T19:36:00,re300_lx10_lz6,E,1,4,5,4,skip_after_converged,,/home/ebenq/dev/MyCloudAtlas.jl/notebooks/eqb_fuzzing/overnight_runs_updated/re300_lx10_lz6/E/jkl_1_4_5/dns_findsoln/sol004
2026-03-08T19:36:00,re300_lx10_lz6,E,1,3,5,4,skip_after_converged,,/home/ebenq/dev/MyCloudAtlas.jl/notebooks/eqb_fuzzing/overnight_runs_updated/re300_lx10_lz6/E/jkl_1_3_5/dns_findsoln/sol004
2026-03-08T19:50:30,re300_lx10_lz6,D,2,4,5,3,not_converged,,/home/ebenq/dev/MyCloudAtlas.jl/notebooks/eqb_fuzzing/overnight_runs_updated/re300_lx10_lz6/D/jkl_2_4_5/dns_findsoln/sol003
2026-03-08T20:09:32,re300_lx10_lz6,B,2,4,5,3,not_converged,,/home/ebenq/dev/MyCloudAtlas.jl/notebooks/eqb_fuzzing/overnight_runs_updated/re300_lx10_lz6/B/jkl_2_4_5/dns_findsoln/sol003
2026-03-08T20:16:10,re300_lx10_lz6,G,2,4,5,4,ok,,/home/ebenq/dev/MyCloudAtlas.jl/notebooks/eqb_fuzzing/overnight_runs_updated/re300_lx10_lz6/G/jkl_2_4_5/dns_findsoln/sol004
2026-03-08T20:16:10,re300_lx10_lz6,G,1,4,5,4,skip_after_converged,,/home/ebenq/dev/MyCloudAtlas.jl/notebooks/eqb_fuzzing/overnight_runs_updated/re300_lx10_lz6/G/jkl_1_4_5/dns_findsoln/sol004
2026-03-08T20:16:10,re300_lx10_lz6,G,1,3,5,4,skip_after_converged,,/home/ebenq/dev/MyCloudAtlas.jl/notebooks/eqb_fuzzing/overnight_runs_updated/re300_lx10_lz6/G/jkl_1_3_5/dns_findsoln/sol004
2026-03-08T20:19:38,re300_lx10_lz6,G,2,4,6,1,not_converged,,/home/ebenq/dev/MyCloudAtlas.jl/notebooks/eqb_fuzzing/overnight_runs_updated/re300_lx10_lz6/G/jkl_2_4_6/dns_findsoln/sol001
2026-03-08T20:32:19,re300_lx10_lz6,G,2,4,5,3,not_converged,,/home/ebenq/dev/MyCloudAtlas.jl/notebooks/eqb_fuzzing/overnight_runs_updated/re300_lx10_lz6/G/jkl_2_4_5/dns_findsoln/sol003
2026-03-08T20:32:36,re300_lx10_lz6,G,2,4,5,1,ok,,/home/ebenq/dev/MyCloudAtlas.jl/notebooks/eqb_fuzzing/overnight_runs_updated/re300_lx10_lz6/G/jkl_2_4_5/dns_findsoln/sol001
2026-03-08T20:32:36,re300_lx10_lz6,G,1,4,5,1,skip_after_converged,,/home/ebenq/dev/MyCloudAtlas.jl/notebooks/eqb_fuzzing/overnight_runs_updated/re300_lx10_lz6/G/jkl_1_4_5/dns_findsoln/sol001
2026-03-08T20:32:36,re300_lx10_lz6,G,1,3,5,1,skip_after_converged,,/home/ebenq/dev/MyCloudAtlas.jl/notebooks/eqb_fuzzing/overnight_runs_updated/re300_lx10_lz6/G/jkl_1_3_5/dns_findsoln/sol001
2026-03-08T20:44:57,re300_lx10_lz6,D,1,4,5,3,not_converged,,/home/ebenq/dev/MyCloudAtlas.jl/notebooks/eqb_fuzzing/overnight_runs_updated/re300_lx10_lz6/D/jkl_1_4_5/dns_findsoln/sol003
2026-03-08T21:01:03,re300_lx10_lz6,G,2,4,5,2,not_converged,,/home/ebenq/dev/MyCloudAtlas.jl/notebooks/eqb_fuzzing/overnight_runs_updated/re300_lx10_lz6/G/jkl_2_4_5/dns_findsoln/sol002
2026-03-08T21:11:52,re300_lx10_lz6,D,1,3,5,3,ok,,/home/ebenq/dev/MyCloudAtlas.jl/notebooks/eqb_fuzzing/overnight_runs_updated/re300_lx10_lz6/D/jkl_1_3_5/dns_findsoln/sol003
2026-03-08T21:14:00,re300_lx10_lz6,B,1,4,5,3,not_converged,,/home/ebenq/dev/MyCloudAtlas.jl/notebooks/eqb_fuzzing/overnight_runs_updated/re300_lx10_lz6/B/jkl_1_4_5/dns_findsoln/sol003
2026-03-08T21:41:34,re300_lx10_lz6,G,1,4,5,3,ok,,/home/ebenq/dev/MyCloudAtlas.jl/notebooks/eqb_fuzzing/overnight_runs_updated/re300_lx10_lz6/G/jkl_1_4_5/dns_findsoln/sol003
2026-03-08T21:41:34,re300_lx10_lz6,G,1,3,5,3,skip_after_converged,,/home/ebenq/dev/MyCloudAtlas.jl/notebooks/eqb_fuzzing/overnight_runs_updated/re300_lx10_lz6/G/jkl_1_3_5/dns_findsoln/sol003
2026-03-08T22:05:17,re300_lx10_lz6,B,1,3,5,3,not_converged,,/home/ebenq/dev/MyCloudAtlas.jl/notebooks/eqb_fuzzing/overnight_runs_updated/re300_lx10_lz6/B/jkl_1_3_5/dns_findsoln/sol003
2026-03-08T22:07:47,re300_lx10_lz6,G,2,4,5,6,not_converged,,/home/ebenq/dev/MyCloudAtlas.jl/notebooks/eqb_fuzzing/overnight_runs_updated/re300_lx10_lz6/G/jkl_2_4_5/dns_findsoln/sol006
2026-03-08T22:10:19,re300_lx10_lz6,G,2,4,5,5,not_converged,,/home/ebenq/dev/MyCloudAtlas.jl/notebooks/eqb_fuzzing/overnight_runs_updated/re300_lx10_lz6/G/jkl_2_4_5/dns_findsoln/sol005
2026-03-08T22:14:03,re300_lx10_lz6,G,1,4,5,8,ok,,/home/ebenq/dev/MyCloudAtlas.jl/notebooks/eqb_fuzzing/overnight_runs_updated/re300_lx10_lz6/G/jkl_1_4_5/dns_findsoln/sol008
2026-03-08T22:14:03,re300_lx10_lz6,G,1,3,5,8,skip_after_converged,,/home/ebenq/dev/MyCloudAtlas.jl/notebooks/eqb_fuzzing/overnight_runs_updated/re300_lx10_lz6/G/jkl_1_3_5/dns_findsoln/sol008
2026-03-08T22:15:29,re300_lx10_lz6,G,1,4,5,2,not_converged,,/home/ebenq/dev/MyCloudAtlas.jl/notebooks/eqb_fuzzing/overnight_runs_updated/re300_lx10_lz6/G/jkl_1_4_5/dns_findsoln/sol002
2026-03-08T22:46:47,re300_lx10_lz6,G,1,3,5,2,ok,,/home/ebenq/dev/MyCloudAtlas.jl/notebooks/eqb_fuzzing/overnight_runs_updated/re300_lx10_lz6/G/jkl_1_3_5/dns_findsoln/sol002
2026-03-08T22:51:42,re300_lx10_lz6,G,2,4,5,7,not_converged,,/home/ebenq/dev/MyCloudAtlas.jl/notebooks/eqb_fuzzing/overnight_runs_updated/re300_lx10_lz6/G/jkl_2_4_5/dns_findsoln/sol007
2026-03-08T23:17:25,re300_lx10_lz6,G,1,4,5,5,not_converged,,/home/ebenq/dev/MyCloudAtlas.jl/notebooks/eqb_fuzzing/overnight_runs_updated/re300_lx10_lz6/G/jkl_1_4_5/dns_findsoln/sol005
2026-03-08T23:30:16,re300_lx10_lz6,G,1,4,5,6,not_converged,,/home/ebenq/dev/MyCloudAtlas.jl/notebooks/eqb_fuzzing/overnight_runs_updated/re300_lx10_lz6/G/jkl_1_4_5/dns_findsoln/sol006
2026-03-08T23:37:46,re300_lx10_lz6,G,1,3,5,11,ok,,/home/ebenq/dev/MyCloudAtlas.jl/notebooks/eqb_fuzzing/overnight_runs_updated/re300_lx10_lz6/G/jkl_1_3_5/dns_findsoln/sol011
2026-03-08T23:48:59,re300_lx10_lz6,G,1,3,5,10,not_converged,,/home/ebenq/dev/MyCloudAtlas.jl/notebooks/eqb_fuzzing/overnight_runs_updated/re300_lx10_lz6/G/jkl_1_3_5/dns_findsoln/sol010
2026-03-08T23:53:11,re300_lx2pi_lzpi,A,3,5,11,1,ok,,/home/ebenq/dev/MyCloudAtlas.jl/notebooks/eqb_fuzzing/overnight_runs_updated/re300_lx2pi_lzpi/A/jkl_3_5_11/dns_findsoln/sol001
2026-03-08T23:53:11,re300_lx2pi_lzpi,A,3,5,10,1,skip_after_converged,,/home/ebenq/dev/MyCloudAtlas.jl/notebooks/eqb_fuzzing/overnight_runs_updated/re300_lx2pi_lzpi/A/jkl_3_5_10/dns_findsoln/sol001
2026-03-08T23:53:11,re300_lx2pi_lzpi,A,3,5,9,1,skip_after_converged,,/home/ebenq/dev/MyCloudAtlas.jl/notebooks/eqb_fuzzing/overnight_runs_updated/re300_lx2pi_lzpi/A/jkl_3_5_9/dns_findsoln/sol001
2026-03-08T23:53:11,re300_lx2pi_lzpi,A,3,4,9,1,skip_after_converged,,/home/ebenq/dev/MyCloudAtlas.jl/notebooks/eqb_fuzzing/overnight_runs_updated/re300_lx2pi_lzpi/A/jkl_3_4_9/dns_findsoln/sol001
2026-03-08T23:53:11,re300_lx2pi_lzpi,A,2,4,9,1,skip_after_converged,,/home/ebenq/dev/MyCloudAtlas.jl/notebooks/eqb_fuzzing/overnight_runs_updated/re300_lx2pi_lzpi/A/jkl_2_4_9/dns_findsoln/sol001
2026-03-08T23:53:11,re300_lx2pi_lzpi,A,2,4,8,1,skip_after_converged,,/home/ebenq/dev/MyCloudAtlas.jl/notebooks/eqb_fuzzing/overnight_runs_updated/re300_lx2pi_lzpi/A/jkl_2_4_8/dns_findsoln/sol001
2026-03-08T23:53:11,re300_lx2pi_lzpi,A,2,4,7,1,skip_after_converged,,/home/ebenq/dev/MyCloudAtlas.jl/notebooks/eqb_fuzzing/overnight_runs_updated/re300_lx2pi_lzpi/A/jkl_2_4_7/dns_findsoln/sol001
2026-03-08T23:53:11,re300_lx2pi_lzpi,A,2,4,6,1,skip_after_converged,,/home/ebenq/dev/MyCloudAtlas.jl/notebooks/eqb_fuzzing/overnight_runs_updated/re300_lx2pi_lzpi/A/jkl_2_4_6/dns_findsoln/sol001
2026-03-08T23:53:11,re300_lx2pi_lzpi,A,2,4,5,1,skip_after_converged,,/home/ebenq/dev/MyCloudAtlas.jl/notebooks/eqb_fuzzing/overnight_runs_updated/re300_lx2pi_lzpi/A/jkl_2_4_5/dns_findsoln/sol001
2026-03-08T23:53:11,re300_lx2pi_lzpi,A,1,4,5,1,skip_after_converged,,/home/ebenq/dev/MyCloudAtlas.jl/notebooks/eqb_fuzzing/overnight_runs_updated/re300_lx2pi_lzpi/A/jkl_1_4_5/dns_findsoln/sol001
2026-03-08T23:53:11,re300_lx2pi_lzpi,A,1,3,5,1,skip_after_converged,,/home/ebenq/dev/MyCloudAtlas.jl/notebooks/eqb_fuzzing/overnight_runs_updated/re300_lx2pi_lzpi/A/jkl_1_3_5/dns_findsoln/sol001
2026-03-08T23:54:27,re300_lx10_lz6,G,1,3,5,9,not_converged,,/home/ebenq/dev/MyCloudAtlas.jl/notebooks/eqb_fuzzing/overnight_runs_updated/re300_lx10_lz6/G/jkl_1_3_5/dns_findsoln/sol009
2026-03-09T00:06:24,re300_lx10_lz6,G,1,3,5,6,ok,,/home/ebenq/dev/MyCloudAtlas.jl/notebooks/eqb_fuzzing/overnight_runs_updated/re300_lx10_lz6/G/jkl_1_3_5/dns_findsoln/sol006
2026-03-09T00:17:46,re300_lx10_lz6,G,1,4,5,7,not_converged,,/home/ebenq/dev/MyCloudAtlas.jl/notebooks/eqb_fuzzing/overnight_runs_updated/re300_lx10_lz6/G/jkl_1_4_5/dns_findsoln/sol007
2026-03-09T00:22:07,re300_lx2pi_lzpi,A,1,3,5,3,ok,,/home/ebenq/dev/MyCloudAtlas.jl/notebooks/eqb_fuzzing/overnight_runs_updated/re300_lx2pi_lzpi/A/jkl_1_3_5/dns_findsoln/sol003
2026-03-09T00:32:01,re300_lx10_lz6,G,1,3,5,5,not_converged,,/home/ebenq/dev/MyCloudAtlas.jl/notebooks/eqb_fuzzing/overnight_runs_updated/re300_lx10_lz6/G/jkl_1_3_5/dns_findsoln/sol005
2026-03-09T00:40:18,re300_lx2pi_lzpi,C,3,5,11,1,ok,,/home/ebenq/dev/MyCloudAtlas.jl/notebooks/eqb_fuzzing/overnight_runs_updated/re300_lx2pi_lzpi/C/jkl_3_5_11/dns_findsoln/sol001
2026-03-09T00:40:18,re300_lx2pi_lzpi,C,3,5,10,1,skip_after_converged,,/home/ebenq/dev/MyCloudAtlas.jl/notebooks/eqb_fuzzing/overnight_runs_updated/re300_lx2pi_lzpi/C/jkl_3_5_10/dns_findsoln/sol001
2026-03-09T00:40:18,re300_lx2pi_lzpi,C,3,5,9,1,skip_after_converged,,/home/ebenq/dev/MyCloudAtlas.jl/notebooks/eqb_fuzzing/overnight_runs_updated/re300_lx2pi_lzpi/C/jkl_3_5_9/dns_findsoln/sol001
2026-03-09T00:40:18,re300_lx2pi_lzpi,C,3,4,9,1,skip_after_converged,,/home/ebenq/dev/MyCloudAtlas.jl/notebooks/eqb_fuzzing/overnight_runs_updated/re300_lx2pi_lzpi/C/jkl_3_4_9/dns_findsoln/sol001
2026-03-09T00:40:18,re300_lx2pi_lzpi,C,2,4,9,1,skip_after_converged,,/home/ebenq/dev/MyCloudAtlas.jl/notebooks/eqb_fuzzing/overnight_runs_updated/re300_lx2pi_lzpi/C/jkl_2_4_9/dns_findsoln/sol001
2026-03-09T00:40:18,re300_lx2pi_lzpi,C,2,4,8,1,skip_after_converged,,/home/ebenq/dev/MyCloudAtlas.jl/notebooks/eqb_fuzzing/overnight_runs_updated/re300_lx2pi_lzpi/C/jkl_2_4_8/dns_findsoln/sol001
2026-03-09T00:40:18,re300_lx2pi_lzpi,C,2,4,7,1,skip_after_converged,,/home/ebenq/dev/MyCloudAtlas.jl/notebooks/eqb_fuzzing/overnight_runs_updated/re300_lx2pi_lzpi/C/jkl_2_4_7/dns_findsoln/sol001
2026-03-09T00:40:18,re300_lx2pi_lzpi,C,2,4,6,1,skip_after_converged,,/home/ebenq/dev/MyCloudAtlas.jl/notebooks/eqb_fuzzing/overnight_runs_updated/re300_lx2pi_lzpi/C/jkl_2_4_6/dns_findsoln/sol001
2026-03-09T00:40:18,re300_lx2pi_lzpi,C,2,4,5,1,skip_after_converged,,/home/ebenq/dev/MyCloudAtlas.jl/notebooks/eqb_fuzzing/overnight_runs_updated/re300_lx2pi_lzpi/C/jkl_2_4_5/dns_findsoln/sol001
2026-03-09T00:40:18,re300_lx2pi_lzpi,C,1,4,5,1,skip_after_converged,,/home/ebenq/dev/MyCloudAtlas.jl/notebooks/eqb_fuzzing/overnight_runs_updated/re300_lx2pi_lzpi/C/jkl_1_4_5/dns_findsoln/sol001
2026-03-09T00:40:18,re300_lx2pi_lzpi,C,1,3,5,1,skip_after_converged,,/home/ebenq/dev/MyCloudAtlas.jl/notebooks/eqb_fuzzing/overnight_runs_updated/re300_lx2pi_lzpi/C/jkl_1_3_5/dns_findsoln/sol001
2026-03-09T00:54:38,re300_lx2pi_lzpi,B,2,4,5,1,not_converged,,/home/ebenq/dev/MyCloudAtlas.jl/notebooks/eqb_fuzzing/overnight_runs_updated/re300_lx2pi_lzpi/B/jkl_2_4_5/dns_findsoln/sol001
2026-03-09T01:00:46,re300_lx2pi_lzpi,C,1,4,5,2,ok,,/home/ebenq/dev/MyCloudAtlas.jl/notebooks/eqb_fuzzing/overnight_runs_updated/re300_lx2pi_lzpi/C/jkl_1_4_5/dns_findsoln/sol002
2026-03-09T01:00:46,re300_lx2pi_lzpi,C,1,3,5,2,skip_after_converged,,/home/ebenq/dev/MyCloudAtlas.jl/notebooks/eqb_fuzzing/overnight_runs_updated/re300_lx2pi_lzpi/C/jkl_1_3_5/dns_findsoln/sol002
2026-03-09T01:03:22,re300_lx2pi_lzpi,A,1,4,5,2,not_converged,,/home/ebenq/dev/MyCloudAtlas.jl/notebooks/eqb_fuzzing/overnight_runs_updated/re300_lx2pi_lzpi/A/jkl_1_4_5/dns_findsoln/sol002
2026-03-09T01:03:57,re300_lx2pi_lzpi,B,1,4,5,1,ok,,/home/ebenq/dev/MyCloudAtlas.jl/notebooks/eqb_fuzzing/overnight_runs_updated/re300_lx2pi_lzpi/B/jkl_1_4_5/dns_findsoln/sol001
2026-03-09T01:03:57,re300_lx2pi_lzpi,B,1,3,5,1,skip_after_converged,,/home/ebenq/dev/MyCloudAtlas.jl/notebooks/eqb_fuzzing/overnight_runs_updated/re300_lx2pi_lzpi/B/jkl_1_3_5/dns_findsoln/sol001
2026-03-09T01:06:57,re300_lx10_lz6,G,1,3,5,7,ok,,/home/ebenq/dev/MyCloudAtlas.jl/notebooks/eqb_fuzzing/overnight_runs_updated/re300_lx10_lz6/G/jkl_1_3_5/dns_findsoln/sol007
2026-03-09T01:08:00,re300_lx2pi_lzpi,B,1,4,5,2,not_converged,,/home/ebenq/dev/MyCloudAtlas.jl/notebooks/eqb_fuzzing/overnight_runs_updated/re300_lx2pi_lzpi/B/jkl_1_4_5/dns_findsoln/sol002
2026-03-09T01:23:52,re300_lx2pi_lzpi,C,1,3,5,3,ok,,/home/ebenq/dev/MyCloudAtlas.jl/notebooks/eqb_fuzzing/overnight_runs_updated/re300_lx2pi_lzpi/C/jkl_1_3_5/dns_findsoln/sol003
2026-03-09T01:28:46,re300_lx2pi_lzpi,B,1,4,5,3,not_converged,,/home/ebenq/dev/MyCloudAtlas.jl/notebooks/eqb_fuzzing/overnight_runs_updated/re300_lx2pi_lzpi/B/jkl_1_4_5/dns_findsoln/sol003
2026-03-09T01:31:25,re300_lx2pi_lzpi,D,2,4,6,1,ok,,/home/ebenq/dev/MyCloudAtlas.jl/notebooks/eqb_fuzzing/overnight_runs_updated/re300_lx2pi_lzpi/D/jkl_2_4_6/dns_findsoln/sol001
2026-03-09T01:31:25,re300_lx2pi_lzpi,D,2,4,5,1,skip_after_converged,,/home/ebenq/dev/MyCloudAtlas.jl/notebooks/eqb_fuzzing/overnight_runs_updated/re300_lx2pi_lzpi/D/jkl_2_4_5/dns_findsoln/sol001
2026-03-09T01:31:25,re300_lx2pi_lzpi,D,1,4,5,1,skip_after_converged,,/home/ebenq/dev/MyCloudAtlas.jl/notebooks/eqb_fuzzing/overnight_runs_updated/re300_lx2pi_lzpi/D/jkl_1_4_5/dns_findsoln/sol001
2026-03-09T01:31:25,re300_lx2pi_lzpi,D,1,3,5,1,skip_after_converged,,/home/ebenq/dev/MyCloudAtlas.jl/notebooks/eqb_fuzzing/overnight_runs_updated/re300_lx2pi_lzpi/D/jkl_1_3_5/dns_findsoln/sol001
2026-03-09T01:33:23,re300_lx2pi_lzpi,B,1,3,5,2,ok,,/home/ebenq/dev/MyCloudAtlas.jl/notebooks/eqb_fuzzing/overnight_runs_updated/re300_lx2pi_lzpi/B/jkl_1_3_5/dns_findsoln/sol002
2026-03-09T01:41:03,re300_lx2pi_lzpi,E,3,5,11,2,ok,,/home/ebenq/dev/MyCloudAtlas.jl/notebooks/eqb_fuzzing/overnight_runs_updated/re300_lx2pi_lzpi/E/jkl_3_5_11/dns_findsoln/sol002
2026-03-09T01:41:03,re300_lx2pi_lzpi,E,3,5,10,2,skip_after_converged,,/home/ebenq/dev/MyCloudAtlas.jl/notebooks/eqb_fuzzing/overnight_runs_updated/re300_lx2pi_lzpi/E/jkl_3_5_10/dns_findsoln/sol002
2026-03-09T01:41:03,re300_lx2pi_lzpi,E,3,5,9,2,skip_after_converged,,/home/ebenq/dev/MyCloudAtlas.jl/notebooks/eqb_fuzzing/overnight_runs_updated/re300_lx2pi_lzpi/E/jkl_3_5_9/dns_findsoln/sol002
2026-03-09T01:41:03,re300_lx2pi_lzpi,E,3,4,9,2,skip_after_converged,,/home/ebenq/dev/MyCloudAtlas.jl/notebooks/eqb_fuzzing/overnight_runs_updated/re300_lx2pi_lzpi/E/jkl_3_4_9/dns_findsoln/sol002
2026-03-09T01:41:03,re300_lx2pi_lzpi,E,2,4,9,2,skip_after_converged,,/home/ebenq/dev/MyCloudAtlas.jl/notebooks/eqb_fuzzing/overnight_runs_updated/re300_lx2pi_lzpi/E/jkl_2_4_9/dns_findsoln/sol002
2026-03-09T01:41:03,re300_lx2pi_lzpi,E,2,4,8,2,skip_after_converged,,/home/ebenq/dev/MyCloudAtlas.jl/notebooks/eqb_fuzzing/overnight_runs_updated/re300_lx2pi_lzpi/E/jkl_2_4_8/dns_findsoln/sol002
2026-03-09T01:41:03,re300_lx2pi_lzpi,E,2,4,7,2,skip_after_converged,,/home/ebenq/dev/MyCloudAtlas.jl/notebooks/eqb_fuzzing/overnight_runs_updated/re300_lx2pi_lzpi/E/jkl_2_4_7/dns_findsoln/sol002
2026-03-09T01:41:03,re300_lx2pi_lzpi,E,2,4,6,2,skip_after_converged,,/home/ebenq/dev/MyCloudAtlas.jl/notebooks/eqb_fuzzing/overnight_runs_updated/re300_lx2pi_lzpi/E/jkl_2_4_6/dns_findsoln/sol002
2026-03-09T01:41:03,re300_lx2pi_lzpi,E,2,4,5,2,skip_after_converged,,/home/ebenq/dev/MyCloudAtlas.jl/notebooks/eqb_fuzzing/overnight_runs_updated/re300_lx2pi_lzpi/E/jkl_2_4_5/dns_findsoln/sol002
2026-03-09T01:41:03,re300_lx2pi_lzpi,E,1,4,5,2,skip_after_converged,,/home/ebenq/dev/MyCloudAtlas.jl/notebooks/eqb_fuzzing/overnight_runs_updated/re300_lx2pi_lzpi/E/jkl_1_4_5/dns_findsoln/sol002
2026-03-09T01:41:03,re300_lx2pi_lzpi,E,1,3,5,2,skip_after_converged,,/home/ebenq/dev/MyCloudAtlas.jl/notebooks/eqb_fuzzing/overnight_runs_updated/re300_lx2pi_lzpi/E/jkl_1_3_5/dns_findsoln/sol002
2026-03-09T01:45:04,re300_lx2pi_lzpi,B,1,3,5,3,ok,,/home/ebenq/dev/MyCloudAtlas.jl/notebooks/eqb_fuzzing/overnight_runs_updated/re300_lx2pi_lzpi/B/jkl_1_3_5/dns_findsoln/sol003
2026-03-09T01:45:56,re300_lx2pi_lzpi,E,3,5,11,1,ok,,/home/ebenq/dev/MyCloudAtlas.jl/notebooks/eqb_fuzzing/overnight_runs_updated/re300_lx2pi_lzpi/E/jkl_3_5_11/dns_findsoln/sol001
2026-03-09T01:45:56,re300_lx2pi_lzpi,E,3,5,10,1,skip_after_converged,,/home/ebenq/dev/MyCloudAtlas.jl/notebooks/eqb_fuzzing/overnight_runs_updated/re300_lx2pi_lzpi/E/jkl_3_5_10/dns_findsoln/sol001
2026-03-09T01:45:56,re300_lx2pi_lzpi,E,3,5,9,1,skip_after_converged,,/home/ebenq/dev/MyCloudAtlas.jl/notebooks/eqb_fuzzing/overnight_runs_updated/re300_lx2pi_lzpi/E/jkl_3_5_9/dns_findsoln/sol001
2026-03-09T01:45:56,re300_lx2pi_lzpi,E,3,4,9,1,skip_after_converged,,/home/ebenq/dev/MyCloudAtlas.jl/notebooks/eqb_fuzzing/overnight_runs_updated/re300_lx2pi_lzpi/E/jkl_3_4_9/dns_findsoln/sol001
2026-03-09T01:45:56,re300_lx2pi_lzpi,E,2,4,9,1,skip_after_converged,,/home/ebenq/dev/MyCloudAtlas.jl/notebooks/eqb_fuzzing/overnight_runs_updated/re300_lx2pi_lzpi/E/jkl_2_4_9/dns_findsoln/sol001
2026-03-09T01:45:56,re300_lx2pi_lzpi,E,2,4,8,1,skip_after_converged,,/home/ebenq/dev/MyCloudAtlas.jl/notebooks/eqb_fuzzing/overnight_runs_updated/re300_lx2pi_lzpi/E/jkl_2_4_8/dns_findsoln/sol001
2026-03-09T01:45:56,re300_lx2pi_lzpi,E,2,4,7,1,skip_after_converged,,/home/ebenq/dev/MyCloudAtlas.jl/notebooks/eqb_fuzzing/overnight_runs_updated/re300_lx2pi_lzpi/E/jkl_2_4_7/dns_findsoln/sol001
2026-03-09T01:45:56,re300_lx2pi_lzpi,E,2,4,6,1,skip_after_converged,,/home/ebenq/dev/MyCloudAtlas.jl/notebooks/eqb_fuzzing/overnight_runs_updated/re300_lx2pi_lzpi/E/jkl_2_4_6/dns_findsoln/sol001
2026-03-09T01:45:56,re300_lx2pi_lzpi,E,2,4,5,1,skip_after_converged,,/home/ebenq/dev/MyCloudAtlas.jl/notebooks/eqb_fuzzing/overnight_runs_updated/re300_lx2pi_lzpi/E/jkl_2_4_5/dns_findsoln/sol001
2026-03-09T01:45:56,re300_lx2pi_lzpi,E,1,4,5,1,skip_after_converged,,/home/ebenq/dev/MyCloudAtlas.jl/notebooks/eqb_fuzzing/overnight_runs_updated/re300_lx2pi_lzpi/E/jkl_1_4_5/dns_findsoln/sol001
2026-03-09T01:45:56,re300_lx2pi_lzpi,E,1,3,5,1,skip_after_converged,,/home/ebenq/dev/MyCloudAtlas.jl/notebooks/eqb_fuzzing/overnight_runs_updated/re300_lx2pi_lzpi/E/jkl_1_3_5/dns_findsoln/sol001
2026-03-09T01:55:59,re300_lx2pi_lzpi,D,1,4,5,2,ok,,/home/ebenq/dev/MyCloudAtlas.jl/notebooks/eqb_fuzzing/overnight_runs_updated/re300_lx2pi_lzpi/D/jkl_1_4_5/dns_findsoln/sol002
2026-03-09T01:55:59,re300_lx2pi_lzpi,D,1,3,5,2,skip_after_converged,,/home/ebenq/dev/MyCloudAtlas.jl/notebooks/eqb_fuzzing/overnight_runs_updated/re300_lx2pi_lzpi/D/jkl_1_3_5/dns_findsoln/sol002
2026-03-09T02:03:43,re300_lx2pi_lzpi,D,1,3,5,3,ok,,/home/ebenq/dev/MyCloudAtlas.jl/notebooks/eqb_fuzzing/overnight_runs_updated/re300_lx2pi_lzpi/D/jkl_1_3_5/dns_findsoln/sol003
2026-03-09T02:10:55,re300_lx2pi_lzpi,A,1,3,5,2,not_converged,,/home/ebenq/dev/MyCloudAtlas.jl/notebooks/eqb_fuzzing/overnight_runs_updated/re300_lx2pi_lzpi/A/jkl_1_3_5/dns_findsoln/sol002
2026-03-09T02:11:34,re300_lx2pi_lzpi,E,1,4,5,5,ok,,/home/ebenq/dev/MyCloudAtlas.jl/notebooks/eqb_fuzzing/overnight_runs_updated/re300_lx2pi_lzpi/E/jkl_1_4_5/dns_findsoln/sol005
2026-03-09T02:11:34,re300_lx2pi_lzpi,E,1,3,5,5,skip_after_converged,,/home/ebenq/dev/MyCloudAtlas.jl/notebooks/eqb_fuzzing/overnight_runs_updated/re300_lx2pi_lzpi/E/jkl_1_3_5/dns_findsoln/sol005
2026-03-09T02:12:53,re300_lx2pi_lzpi,E,1,4,5,6,ok,,/home/ebenq/dev/MyCloudAtlas.jl/notebooks/eqb_fuzzing/overnight_runs_updated/re300_lx2pi_lzpi/E/jkl_1_4_5/dns_findsoln/sol006
2026-03-09T02:12:53,re300_lx2pi_lzpi,E,1,3,5,6,skip_after_converged,,/home/ebenq/dev/MyCloudAtlas.jl/notebooks/eqb_fuzzing/overnight_runs_updated/re300_lx2pi_lzpi/E/jkl_1_3_5/dns_findsoln/sol006
2026-03-09T02:15:01,re300_lx2pi_lzpi,E,2,4,5,3,ok,,/home/ebenq/dev/MyCloudAtlas.jl/notebooks/eqb_fuzzing/overnight_runs_updated/re300_lx2pi_lzpi/E/jkl_2_4_5/dns_findsoln/sol003
2026-03-09T02:15:01,re300_lx2pi_lzpi,E,1,4,5,3,skip_after_converged,,/home/ebenq/dev/MyCloudAtlas.jl/notebooks/eqb_fuzzing/overnight_runs_updated/re300_lx2pi_lzpi/E/jkl_1_4_5/dns_findsoln/sol003
2026-03-09T02:15:01,re300_lx2pi_lzpi,E,1,3,5,3,skip_after_converged,,/home/ebenq/dev/MyCloudAtlas.jl/notebooks/eqb_fuzzing/overnight_runs_updated/re300_lx2pi_lzpi/E/jkl_1_3_5/dns_findsoln/sol003
2026-03-09T02:20:41,re300_lx2pi_lzpi,F,1,4,5,1,ok,,/home/ebenq/dev/MyCloudAtlas.jl/notebooks/eqb_fuzzing/overnight_runs_updated/re300_lx2pi_lzpi/F/jkl_1_4_5/dns_findsoln/sol001
2026-03-09T02:20:41,re300_lx2pi_lzpi,F,1,3,5,1,skip_after_converged,,/home/ebenq/dev/MyCloudAtlas.jl/notebooks/eqb_fuzzing/overnight_runs_updated/re300_lx2pi_lzpi/F/jkl_1_3_5/dns_findsoln/sol001
2026-03-09T02:23:07,re300_lx2pi_lzpi,E,2,4,5,4,ok,,/home/ebenq/dev/MyCloudAtlas.jl/notebooks/eqb_fuzzing/overnight_runs_updated/re300_lx2pi_lzpi/E/jkl_2_4_5/dns_findsoln/sol004
2026-03-09T02:23:07,re300_lx2pi_lzpi,E,1,4,5,4,skip_after_converged,,/home/ebenq/dev/MyCloudAtlas.jl/notebooks/eqb_fuzzing/overnight_runs_updated/re300_lx2pi_lzpi/E/jkl_1_4_5/dns_findsoln/sol004
2026-03-09T02:23:07,re300_lx2pi_lzpi,E,1,3,5,4,skip_after_converged,,/home/ebenq/dev/MyCloudAtlas.jl/notebooks/eqb_fuzzing/overnight_runs_updated/re300_lx2pi_lzpi/E/jkl_1_3_5/dns_findsoln/sol004
2026-03-09T02:25:05,re300_lx2pi_lzpi,E,1,3,5,7,ok,,/home/ebenq/dev/MyCloudAtlas.jl/notebooks/eqb_fuzzing/overnight_runs_updated/re300_lx2pi_lzpi/E/jkl_1_3_5/dns_findsoln/sol007
2026-03-09T02:28:11,re300_lx2pi_lzpi,F,1,3,5,2,ok,,/home/ebenq/dev/MyCloudAtlas.jl/notebooks/eqb_fuzzing/overnight_runs_updated/re300_lx2pi_lzpi/F/jkl_1_3_5/dns_findsoln/sol002
2026-03-09T02:31:09,re300_lx2pi_lzpi,E,1,3,5,8,ok,,/home/ebenq/dev/MyCloudAtlas.jl/notebooks/eqb_fuzzing/overnight_runs_updated/re300_lx2pi_lzpi/E/jkl_1_3_5/dns_findsoln/sol008
2026-03-09T02:41:03,re300_lx2pi_lzpi,G,2,4,5,1,ok,,/home/ebenq/dev/MyCloudAtlas.jl/notebooks/eqb_fuzzing/overnight_runs_updated/re300_lx2pi_lzpi/G/jkl_2_4_5/dns_findsoln/sol001
2026-03-09T02:41:03,re300_lx2pi_lzpi,G,1,4,5,1,skip_after_converged,,/home/ebenq/dev/MyCloudAtlas.jl/notebooks/eqb_fuzzing/overnight_runs_updated/re300_lx2pi_lzpi/G/jkl_1_4_5/dns_findsoln/sol001
2026-03-09T02:41:03,re300_lx2pi_lzpi,G,1,3,5,1,skip_after_converged,,/home/ebenq/dev/MyCloudAtlas.jl/notebooks/eqb_fuzzing/overnight_runs_updated/re300_lx2pi_lzpi/G/jkl_1_3_5/dns_findsoln/sol001
2026-03-09T02:49:20,re300_lx2pi_lzpi,G,1,4,5,3,ok,,/home/ebenq/dev/MyCloudAtlas.jl/notebooks/eqb_fuzzing/overnight_runs_updated/re300_lx2pi_lzpi/G/jkl_1_4_5/dns_findsoln/sol003
2026-03-09T02:49:20,re300_lx2pi_lzpi,G,1,3,5,3,skip_after_converged,,/home/ebenq/dev/MyCloudAtlas.jl/notebooks/eqb_fuzzing/overnight_runs_updated/re300_lx2pi_lzpi/G/jkl_1_3_5/dns_findsoln/sol003
2026-03-09T03:01:45,re300_lx2pi_lzpi,G,2,4,5,2,ok,,/home/ebenq/dev/MyCloudAtlas.jl/notebooks/eqb_fuzzing/overnight_runs_updated/re300_lx2pi_lzpi/G/jkl_2_4_5/dns_findsoln/sol002
2026-03-09T03:01:45,re300_lx2pi_lzpi,G,1,4,5,2,skip_after_converged,,/home/ebenq/dev/MyCloudAtlas.jl/notebooks/eqb_fuzzing/overnight_runs_updated/re300_lx2pi_lzpi/G/jkl_1_4_5/dns_findsoln/sol002
2026-03-09T03:01:45,re300_lx2pi_lzpi,G,1,3,5,2,skip_after_converged,,/home/ebenq/dev/MyCloudAtlas.jl/notebooks/eqb_fuzzing/overnight_runs_updated/re300_lx2pi_lzpi/G/jkl_1_3_5/dns_findsoln/sol002
2026-03-09T03:44:24,re400_lx10_lz6,A,2,4,9,1,not_converged,,/home/ebenq/dev/MyCloudAtlas.jl/notebooks/eqb_fuzzing/overnight_runs_updated/re400_lx10_lz6/A/jkl_2_4_9/dns_findsoln/sol001
2026-03-09T03:46:30,re400_lx10_lz6,A,2,4,6,3,not_converged,,/home/ebenq/dev/MyCloudAtlas.jl/notebooks/eqb_fuzzing/overnight_runs_updated/re400_lx10_lz6/A/jkl_2_4_6/dns_findsoln/sol003
2026-03-09T03:58:21,re400_lx10_lz6,A,2,4,5,5,not_converged,,/home/ebenq/dev/MyCloudAtlas.jl/notebooks/eqb_fuzzing/overnight_runs_updated/re400_lx10_lz6/A/jkl_2_4_5/dns_findsoln/sol005
2026-03-09T04:17:54,re400_lx10_lz6,A,2,4,9,2,not_converged,,/home/ebenq/dev/MyCloudAtlas.jl/notebooks/eqb_fuzzing/overnight_runs_updated/re400_lx10_lz6/A/jkl_2_4_9/dns_findsoln/sol002
2026-03-09T04:41:49,re400_lx10_lz6,A,2,4,6,4,not_converged,,/home/ebenq/dev/MyCloudAtlas.jl/notebooks/eqb_fuzzing/overnight_runs_updated/re400_lx10_lz6/A/jkl_2_4_6/dns_findsoln/sol004
2026-03-09T04:50:05,re400_lx10_lz6,A,2,4,5,6,not_converged,,/home/ebenq/dev/MyCloudAtlas.jl/notebooks/eqb_fuzzing/overnight_runs_updated/re400_lx10_lz6/A/jkl_2_4_5/dns_findsoln/sol006
2026-03-09T05:00:15,re400_lx10_lz6,A,2,4,5,4,ok,,/home/ebenq/dev/MyCloudAtlas.jl/notebooks/eqb_fuzzing/overnight_runs_updated/re400_lx10_lz6/A/jkl_2_4_5/dns_findsoln/sol004
2026-03-09T05:00:15,re400_lx10_lz6,A,1,4,5,4,skip_after_converged,,/home/ebenq/dev/MyCloudAtlas.jl/notebooks/eqb_fuzzing/overnight_runs_updated/re400_lx10_lz6/A/jkl_1_4_5/dns_findsoln/sol004
2026-03-09T05:00:15,re400_lx10_lz6,A,1,3,5,4,skip_after_converged,,/home/ebenq/dev/MyCloudAtlas.jl/notebooks/eqb_fuzzing/overnight_runs_updated/re400_lx10_lz6/A/jkl_1_3_5/dns_findsoln/sol004
2026-03-09T05:28:49,re400_lx10_lz6,A,2,4,8,2,not_converged,,/home/ebenq/dev/MyCloudAtlas.jl/notebooks/eqb_fuzzing/overnight_runs_updated/re400_lx10_lz6/A/jkl_2_4_8/dns_findsoln/sol002
2026-03-09T05:29:39,re400_lx10_lz6,A,1,3,5,7,ok,,/home/ebenq/dev/MyCloudAtlas.jl/notebooks/eqb_fuzzing/overnight_runs_updated/re400_lx10_lz6/A/jkl_1_3_5/dns_findsoln/sol007
2026-03-09T05:29:44,re400_lx10_lz6,A,2,4,8,1,not_converged,,/home/ebenq/dev/MyCloudAtlas.jl/notebooks/eqb_fuzzing/overnight_runs_updated/re400_lx10_lz6/A/jkl_2_4_8/dns_findsoln/sol001
2026-03-09T05:35:15,re400_lx10_lz6,A,1,4,5,5,not_converged,,/home/ebenq/dev/MyCloudAtlas.jl/notebooks/eqb_fuzzing/overnight_runs_updated/re400_lx10_lz6/A/jkl_1_4_5/dns_findsoln/sol005
2026-03-09T05:37:32,re400_lx10_lz6,A,2,4,5,3,not_converged,,/home/ebenq/dev/MyCloudAtlas.jl/notebooks/eqb_fuzzing/overnight_runs_updated/re400_lx10_lz6/A/jkl_2_4_5/dns_findsoln/sol003
2026-03-09T06:14:34,re400_lx10_lz6,A,1,4,5,6,not_converged,,/home/ebenq/dev/MyCloudAtlas.jl/notebooks/eqb_fuzzing/overnight_runs_updated/re400_lx10_lz6/A/jkl_1_4_5/dns_findsoln/sol006
2026-03-09T06:31:11,re400_lx10_lz6,A,2,4,7,1,not_converged,,/home/ebenq/dev/MyCloudAtlas.jl/notebooks/eqb_fuzzing/overnight_runs_updated/re400_lx10_lz6/A/jkl_2_4_7/dns_findsoln/sol001
2026-03-09T06:39:41,re400_lx10_lz6,A,1,4,5,3,not_converged,,/home/ebenq/dev/MyCloudAtlas.jl/notebooks/eqb_fuzzing/overnight_runs_updated/re400_lx10_lz6/A/jkl_1_4_5/dns_findsoln/sol003
2026-03-09T06:47:28,re400_lx10_lz6,A,1,3,5,5,not_converged,,/home/ebenq/dev/MyCloudAtlas.jl/notebooks/eqb_fuzzing/overnight_runs_updated/re400_lx10_lz6/A/jkl_1_3_5/dns_findsoln/sol005
2026-03-09T06:52:10,re400_lx10_lz6,A,2,4,6,1,ok,,/home/ebenq/dev/MyCloudAtlas.jl/notebooks/eqb_fuzzing/overnight_runs_updated/re400_lx10_lz6/A/jkl_2_4_6/dns_findsoln/sol001
2026-03-09T06:52:10,re400_lx10_lz6,A,2,4,5,1,skip_after_converged,,/home/ebenq/dev/MyCloudAtlas.jl/notebooks/eqb_fuzzing/overnight_runs_updated/re400_lx10_lz6/A/jkl_2_4_5/dns_findsoln/sol001
2026-03-09T06:52:10,re400_lx10_lz6,A,1,4,5,1,skip_after_converged,,/home/ebenq/dev/MyCloudAtlas.jl/notebooks/eqb_fuzzing/overnight_runs_updated/re400_lx10_lz6/A/jkl_1_4_5/dns_findsoln/sol001
2026-03-09T06:52:10,re400_lx10_lz6,A,1,3,5,1,skip_after_converged,,/home/ebenq/dev/MyCloudAtlas.jl/notebooks/eqb_fuzzing/overnight_runs_updated/re400_lx10_lz6/A/jkl_1_3_5/dns_findsoln/sol001
2026-03-09T06:58:13,re400_lx10_lz6,B,3,5,11,1,ok,,/home/ebenq/dev/MyCloudAtlas.jl/notebooks/eqb_fuzzing/overnight_runs_updated/re400_lx10_lz6/B/jkl_3_5_11/dns_findsoln/sol001
2026-03-09T06:58:13,re400_lx10_lz6,B,3,5,10,1,skip_after_converged,,/home/ebenq/dev/MyCloudAtlas.jl/notebooks/eqb_fuzzing/overnight_runs_updated/re400_lx10_lz6/B/jkl_3_5_10/dns_findsoln/sol001
2026-03-09T06:58:13,re400_lx10_lz6,B,3,5,9,1,skip_after_converged,,/home/ebenq/dev/MyCloudAtlas.jl/notebooks/eqb_fuzzing/overnight_runs_updated/re400_lx10_lz6/B/jkl_3_5_9/dns_findsoln/sol001
2026-03-09T06:58:13,re400_lx10_lz6,B,3,4,9,1,skip_after_converged,,/home/ebenq/dev/MyCloudAtlas.jl/notebooks/eqb_fuzzing/overnight_runs_updated/re400_lx10_lz6/B/jkl_3_4_9/dns_findsoln/sol001
2026-03-09T06:58:13,re400_lx10_lz6,B,2,4,9,1,skip_after_converged,,/home/ebenq/dev/MyCloudAtlas.jl/notebooks/eqb_fuzzing/overnight_runs_updated/re400_lx10_lz6/B/jkl_2_4_9/dns_findsoln/sol001
2026-03-09T06:58:13,re400_lx10_lz6,B,2,4,8,1,skip_after_converged,,/home/ebenq/dev/MyCloudAtlas.jl/notebooks/eqb_fuzzing/overnight_runs_updated/re400_lx10_lz6/B/jkl_2_4_8/dns_findsoln/sol001
2026-03-09T06:58:13,re400_lx10_lz6,B,2,4,7,1,skip_after_converged,,/home/ebenq/dev/MyCloudAtlas.jl/notebooks/eqb_fuzzing/overnight_runs_updated/re400_lx10_lz6/B/jkl_2_4_7/dns_findsoln/sol001
2026-03-09T06:58:13,re400_lx10_lz6,B,2,4,6,1,skip_after_converged,,/home/ebenq/dev/MyCloudAtlas.jl/notebooks/eqb_fuzzing/overnight_runs_updated/re400_lx10_lz6/B/jkl_2_4_6/dns_findsoln/sol001
2026-03-09T06:58:13,re400_lx10_lz6,B,2,4,5,1,skip_after_converged,,/home/ebenq/dev/MyCloudAtlas.jl/notebooks/eqb_fuzzing/overnight_runs_updated/re400_lx10_lz6/B/jkl_2_4_5/dns_findsoln/sol001
2026-03-09T06:58:13,re400_lx10_lz6,B,1,4,5,1,skip_after_converged,,/home/ebenq/dev/MyCloudAtlas.jl/notebooks/eqb_fuzzing/overnight_runs_updated/re400_lx10_lz6/B/jkl_1_4_5/dns_findsoln/sol001
2026-03-09T06:58:13,re400_lx10_lz6,B,1,3,5,1,skip_after_converged,,/home/ebenq/dev/MyCloudAtlas.jl/notebooks/eqb_fuzzing/overnight_runs_updated/re400_lx10_lz6/B/jkl_1_3_5/dns_findsoln/sol001
2026-03-09T07:01:27,re400_lx10_lz6,A,1,3,5,8,not_converged,,/home/ebenq/dev/MyCloudAtlas.jl/notebooks/eqb_fuzzing/overnight_runs_updated/re400_lx10_lz6/A/jkl_1_3_5/dns_findsoln/sol008
2026-03-09T07:09:02,re400_lx10_lz6,A,2,4,7,2,not_converged,,/home/ebenq/dev/MyCloudAtlas.jl/notebooks/eqb_fuzzing/overnight_runs_updated/re400_lx10_lz6/A/jkl_2_4_7/dns_findsoln/sol002
2026-03-09T07:40:53,re400_lx10_lz6,A,1,3,5,6,not_converged,,/home/ebenq/dev/MyCloudAtlas.jl/notebooks/eqb_fuzzing/overnight_runs_updated/re400_lx10_lz6/A/jkl_1_3_5/dns_findsoln/sol006
2026-03-09T07:41:41,re400_lx10_lz6,A,2,4,6,2,ok,,/home/ebenq/dev/MyCloudAtlas.jl/notebooks/eqb_fuzzing/overnight_runs_updated/re400_lx10_lz6/A/jkl_2_4_6/dns_findsoln/sol002
2026-03-09T07:41:41,re400_lx10_lz6,A,2,4,5,2,skip_after_converged,,/home/ebenq/dev/MyCloudAtlas.jl/notebooks/eqb_fuzzing/overnight_runs_updated/re400_lx10_lz6/A/jkl_2_4_5/dns_findsoln/sol002
2026-03-09T07:41:41,re400_lx10_lz6,A,1,4,5,2,skip_after_converged,,/home/ebenq/dev/MyCloudAtlas.jl/notebooks/eqb_fuzzing/overnight_runs_updated/re400_lx10_lz6/A/jkl_1_4_5/dns_findsoln/sol002
2026-03-09T07:41:41,re400_lx10_lz6,A,1,3,5,2,skip_after_converged,,/home/ebenq/dev/MyCloudAtlas.jl/notebooks/eqb_fuzzing/overnight_runs_updated/re400_lx10_lz6/A/jkl_1_3_5/dns_findsoln/sol002
2026-03-09T07:47:17,re400_lx10_lz6,A,1,3,5,3,not_converged,,/home/ebenq/dev/MyCloudAtlas.jl/notebooks/eqb_fuzzing/overnight_runs_updated/re400_lx10_lz6/A/jkl_1_3_5/dns_findsoln/sol003
2026-03-09T07:51:29,re400_lx10_lz6,C,3,5,11,1,ok,,/home/ebenq/dev/MyCloudAtlas.jl/notebooks/eqb_fuzzing/overnight_runs_updated/re400_lx10_lz6/C/jkl_3_5_11/dns_findsoln/sol001
2026-03-09T07:51:29,re400_lx10_lz6,C,3,5,10,1,skip_after_converged,,/home/ebenq/dev/MyCloudAtlas.jl/notebooks/eqb_fuzzing/overnight_runs_updated/re400_lx10_lz6/C/jkl_3_5_10/dns_findsoln/sol001
2026-03-09T07:51:29,re400_lx10_lz6,C,3,5,9,1,skip_after_converged,,/home/ebenq/dev/MyCloudAtlas.jl/notebooks/eqb_fuzzing/overnight_runs_updated/re400_lx10_lz6/C/jkl_3_5_9/dns_findsoln/sol001
2026-03-09T07:51:29,re400_lx10_lz6,C,3,4,9,1,skip_after_converged,,/home/ebenq/dev/MyCloudAtlas.jl/notebooks/eqb_fuzzing/overnight_runs_updated/re400_lx10_lz6/C/jkl_3_4_9/dns_findsoln/sol001
2026-03-09T07:51:29,re400_lx10_lz6,C,2,4,9,1,skip_after_converged,,/home/ebenq/dev/MyCloudAtlas.jl/notebooks/eqb_fuzzing/overnight_runs_updated/re400_lx10_lz6/C/jkl_2_4_9/dns_findsoln/sol001
2026-03-09T07:51:29,re400_lx10_lz6,C,2,4,8,1,skip_after_converged,,/home/ebenq/dev/MyCloudAtlas.jl/notebooks/eqb_fuzzing/overnight_runs_updated/re400_lx10_lz6/C/jkl_2_4_8/dns_findsoln/sol001
2026-03-09T07:51:29,re400_lx10_lz6,C,2,4,7,1,skip_after_converged,,/home/ebenq/dev/MyCloudAtlas.jl/notebooks/eqb_fuzzing/overnight_runs_updated/re400_lx10_lz6/C/jkl_2_4_7/dns_findsoln/sol001
2026-03-09T07:51:29,re400_lx10_lz6,C,2,4,6,1,skip_after_converged,,/home/ebenq/dev/MyCloudAtlas.jl/notebooks/eqb_fuzzing/overnight_runs_updated/re400_lx10_lz6/C/jkl_2_4_6/dns_findsoln/sol001
2026-03-09T07:51:29,re400_lx10_lz6,C,2,4,5,1,skip_after_converged,,/home/ebenq/dev/MyCloudAtlas.jl/notebooks/eqb_fuzzing/overnight_runs_updated/re400_lx10_lz6/C/jkl_2_4_5/dns_findsoln/sol001
2026-03-09T07:51:29,re400_lx10_lz6,C,1,4,5,1,skip_after_converged,,/home/ebenq/dev/MyCloudAtlas.jl/notebooks/eqb_fuzzing/overnight_runs_updated/re400_lx10_lz6/C/jkl_1_4_5/dns_findsoln/sol001
2026-03-09T07:51:29,re400_lx10_lz6,C,1,3,5,1,skip_after_converged,,/home/ebenq/dev/MyCloudAtlas.jl/notebooks/eqb_fuzzing/overnight_runs_updated/re400_lx10_lz6/C/jkl_1_3_5/dns_findsoln/sol001
2026-03-09T07:51:36,re400_lx10_lz6,B,2,4,9,2,ok,,/home/ebenq/dev/MyCloudAtlas.jl/notebooks/eqb_fuzzing/overnight_runs_updated/re400_lx10_lz6/B/jkl_2_4_9/dns_findsoln/sol002
2026-03-09T07:51:36,re400_lx10_lz6,B,2,4,8,2,skip_after_converged,,/home/ebenq/dev/MyCloudAtlas.jl/notebooks/eqb_fuzzing/overnight_runs_updated/re400_lx10_lz6/B/jkl_2_4_8/dns_findsoln/sol002
2026-03-09T07:51:36,re400_lx10_lz6,B,2,4,7,2,skip_after_converged,,/home/ebenq/dev/MyCloudAtlas.jl/notebooks/eqb_fuzzing/overnight_runs_updated/re400_lx10_lz6/B/jkl_2_4_7/dns_findsoln/sol002
2026-03-09T07:51:36,re400_lx10_lz6,B,2,4,6,2,skip_after_converged,,/home/ebenq/dev/MyCloudAtlas.jl/notebooks/eqb_fuzzing/overnight_runs_updated/re400_lx10_lz6/B/jkl_2_4_6/dns_findsoln/sol002
2026-03-09T07:51:36,re400_lx10_lz6,B,2,4,5,2,skip_after_converged,,/home/ebenq/dev/MyCloudAtlas.jl/notebooks/eqb_fuzzing/overnight_runs_updated/re400_lx10_lz6/B/jkl_2_4_5/dns_findsoln/sol002
2026-03-09T07:51:36,re400_lx10_lz6,B,1,4,5,2,skip_after_converged,,/home/ebenq/dev/MyCloudAtlas.jl/notebooks/eqb_fuzzing/overnight_runs_updated/re400_lx10_lz6/B/jkl_1_4_5/dns_findsoln/sol002
2026-03-09T07:51:36,re400_lx10_lz6,B,1,3,5,2,skip_after_converged,,/home/ebenq/dev/MyCloudAtlas.jl/notebooks/eqb_fuzzing/overnight_runs_updated/re400_lx10_lz6/B/jkl_1_3_5/dns_findsoln/sol002
2026-03-09T07:57:50,re400_lx10_lz6,C,2,4,9,3,ok,,/home/ebenq/dev/MyCloudAtlas.jl/notebooks/eqb_fuzzing/overnight_runs_updated/re400_lx10_lz6/C/jkl_2_4_9/dns_findsoln/sol003
2026-03-09T07:57:50,re400_lx10_lz6,C,2,4,8,3,skip_after_converged,,/home/ebenq/dev/MyCloudAtlas.jl/notebooks/eqb_fuzzing/overnight_runs_updated/re400_lx10_lz6/C/jkl_2_4_8/dns_findsoln/sol003
2026-03-09T07:57:50,re400_lx10_lz6,C,2,4,7,3,skip_after_converged,,/home/ebenq/dev/MyCloudAtlas.jl/notebooks/eqb_fuzzing/overnight_runs_updated/re400_lx10_lz6/C/jkl_2_4_7/dns_findsoln/sol003
2026-03-09T07:57:50,re400_lx10_lz6,C,2,4,6,3,skip_after_converged,,/home/ebenq/dev/MyCloudAtlas.jl/notebooks/eqb_fuzzing/overnight_runs_updated/re400_lx10_lz6/C/jkl_2_4_6/dns_findsoln/sol003
2026-03-09T07:57:50,re400_lx10_lz6,C,2,4,5,3,skip_after_converged,,/home/ebenq/dev/MyCloudAtlas.jl/notebooks/eqb_fuzzing/overnight_runs_updated/re400_lx10_lz6/C/jkl_2_4_5/dns_findsoln/sol003
2026-03-09T07:57:50,re400_lx10_lz6,C,1,4,5,3,skip_after_converged,,/home/ebenq/dev/MyCloudAtlas.jl/notebooks/eqb_fuzzing/overnight_runs_updated/re400_lx10_lz6/C/jkl_1_4_5/dns_findsoln/sol003
2026-03-09T07:57:50,re400_lx10_lz6,C,1,3,5,3,skip_after_converged,,/home/ebenq/dev/MyCloudAtlas.jl/notebooks/eqb_fuzzing/overnight_runs_updated/re400_lx10_lz6/C/jkl_1_3_5/dns_findsoln/sol003
2026-03-09T08:16:15,re400_lx10_lz6,B,2,4,6,3,not_converged,,/home/ebenq/dev/MyCloudAtlas.jl/notebooks/eqb_fuzzing/overnight_runs_updated/re400_lx10_lz6/B/jkl_2_4_6/dns_findsoln/sol003
2026-03-09T08:18:57,re400_lx10_lz6,B,2,4,5,4,not_converged,,/home/ebenq/dev/MyCloudAtlas.jl/notebooks/eqb_fuzzing/overnight_runs_updated/re400_lx10_lz6/B/jkl_2_4_5/dns_findsoln/sol004
2026-03-09T08:29:02,re400_lx10_lz6,B,1,4,5,4,ok,,/home/ebenq/dev/MyCloudAtlas.jl/notebooks/eqb_fuzzing/overnight_runs_updated/re400_lx10_lz6/B/jkl_1_4_5/dns_findsoln/sol004
2026-03-09T08:29:02,re400_lx10_lz6,B,1,3,5,4,skip_after_converged,,/home/ebenq/dev/MyCloudAtlas.jl/notebooks/eqb_fuzzing/overnight_runs_updated/re400_lx10_lz6/B/jkl_1_3_5/dns_findsoln/sol004
2026-03-09T08:49:26,re400_lx10_lz6,B,2,4,5,3,ok,,/home/ebenq/dev/MyCloudAtlas.jl/notebooks/eqb_fuzzing/overnight_runs_updated/re400_lx10_lz6/B/jkl_2_4_5/dns_findsoln/sol003
2026-03-09T08:49:26,re400_lx10_lz6,B,1,4,5,3,skip_after_converged,,/home/ebenq/dev/MyCloudAtlas.jl/notebooks/eqb_fuzzing/overnight_runs_updated/re400_lx10_lz6/B/jkl_1_4_5/dns_findsoln/sol003
2026-03-09T08:49:26,re400_lx10_lz6,B,1,3,5,3,skip_after_converged,,/home/ebenq/dev/MyCloudAtlas.jl/notebooks/eqb_fuzzing/overnight_runs_updated/re400_lx10_lz6/B/jkl_1_3_5/dns_findsoln/sol003
2026-03-09T08:50:18,re400_lx10_lz6,C,2,4,9,2,not_converged,,/home/ebenq/dev/MyCloudAtlas.jl/notebooks/eqb_fuzzing/overnight_runs_updated/re400_lx10_lz6/C/jkl_2_4_9/dns_findsoln/sol002
2026-03-09T09:00:54,re400_lx10_lz6,C,2,4,8,5,not_converged,,/home/ebenq/dev/MyCloudAtlas.jl/notebooks/eqb_fuzzing/overnight_runs_updated/re400_lx10_lz6/C/jkl_2_4_8/dns_findsoln/sol005
2026-03-09T09:07:30,re400_lx10_lz6,C,2,4,9,4,not_converged,,/home/ebenq/dev/MyCloudAtlas.jl/notebooks/eqb_fuzzing/overnight_runs_updated/re400_lx10_lz6/C/jkl_2_4_9/dns_findsoln/sol004
2026-03-09T09:10:06,re400_lx10_lz6,C,2,4,7,6,not_converged,,/home/ebenq/dev/MyCloudAtlas.jl/notebooks/eqb_fuzzing/overnight_runs_updated/re400_lx10_lz6/C/jkl_2_4_7/dns_findsoln/sol006
2026-03-09T09:38:24,re400_lx10_lz6,C,2,4,5,7,not_converged,,/home/ebenq/dev/MyCloudAtlas.jl/notebooks/eqb_fuzzing/overnight_runs_updated/re400_lx10_lz6/C/jkl_2_4_5/dns_findsoln/sol007
2026-03-09T09:48:53,re400_lx10_lz6,C,1,3,5,8,ok,,/home/ebenq/dev/MyCloudAtlas.jl/notebooks/eqb_fuzzing/overnight_runs_updated/re400_lx10_lz6/C/jkl_1_3_5/dns_findsoln/sol008
2026-03-09T10:00:56,re400_lx10_lz6,C,2,4,6,6,ok,,/home/ebenq/dev/MyCloudAtlas.jl/notebooks/eqb_fuzzing/overnight_runs_updated/re400_lx10_lz6/C/jkl_2_4_6/dns_findsoln/sol006
2026-03-09T10:00:56,re400_lx10_lz6,C,2,4,5,6,skip_after_converged,,/home/ebenq/dev/MyCloudAtlas.jl/notebooks/eqb_fuzzing/overnight_runs_updated/re400_lx10_lz6/C/jkl_2_4_5/dns_findsoln/sol006
2026-03-09T10:00:56,re400_lx10_lz6,C,1,4,5,6,skip_after_converged,,/home/ebenq/dev/MyCloudAtlas.jl/notebooks/eqb_fuzzing/overnight_runs_updated/re400_lx10_lz6/C/jkl_1_4_5/dns_findsoln/sol006
2026-03-09T10:00:56,re400_lx10_lz6,C,1,3,5,6,skip_after_converged,,/home/ebenq/dev/MyCloudAtlas.jl/notebooks/eqb_fuzzing/overnight_runs_updated/re400_lx10_lz6/C/jkl_1_3_5/dns_findsoln/sol006
2026-03-09T10:03:07,re400_lx10_lz6,C,2,4,7,5,ok,,/home/ebenq/dev/MyCloudAtlas.jl/notebooks/eqb_fuzzing/overnight_runs_updated/re400_lx10_lz6/C/jkl_2_4_7/dns_findsoln/sol005
2026-03-09T10:03:07,re400_lx10_lz6,C,2,4,6,5,skip_after_converged,,/home/ebenq/dev/MyCloudAtlas.jl/notebooks/eqb_fuzzing/overnight_runs_updated/re400_lx10_lz6/C/jkl_2_4_6/dns_findsoln/sol005
2026-03-09T10:03:07,re400_lx10_lz6,C,2,4,5,5,skip_after_converged,,/home/ebenq/dev/MyCloudAtlas.jl/notebooks/eqb_fuzzing/overnight_runs_updated/re400_lx10_lz6/C/jkl_2_4_5/dns_findsoln/sol005
2026-03-09T10:03:07,re400_lx10_lz6,C,1,4,5,5,skip_after_converged,,/home/ebenq/dev/MyCloudAtlas.jl/notebooks/eqb_fuzzing/overnight_runs_updated/re400_lx10_lz6/C/jkl_1_4_5/dns_findsoln/sol005
2026-03-09T10:03:07,re400_lx10_lz6,C,1,3,5,5,skip_after_converged,,/home/ebenq/dev/MyCloudAtlas.jl/notebooks/eqb_fuzzing/overnight_runs_updated/re400_lx10_lz6/C/jkl_1_3_5/dns_findsoln/sol005
2026-03-09T10:18:06,re400_lx10_lz6,C,2,4,8,2,not_converged,,/home/ebenq/dev/MyCloudAtlas.jl/notebooks/eqb_fuzzing/overnight_runs_updated/re400_lx10_lz6/C/jkl_2_4_8/dns_findsoln/sol002
2026-03-09T10:30:44,re400_lx10_lz6,C,2,4,8,4,not_converged,,/home/ebenq/dev/MyCloudAtlas.jl/notebooks/eqb_fuzzing/overnight_runs_updated/re400_lx10_lz6/C/jkl_2_4_8/dns_findsoln/sol004
2026-03-09T11:00:53,re400_lx10_lz6,C,1,4,5,7,not_converged,,/home/ebenq/dev/MyCloudAtlas.jl/notebooks/eqb_fuzzing/overnight_runs_updated/re400_lx10_lz6/C/jkl_1_4_5/dns_findsoln/sol007
2026-03-09T11:10:10,re400_lx10_lz6,C,1,3,5,10,not_converged,,/home/ebenq/dev/MyCloudAtlas.jl/notebooks/eqb_fuzzing/overnight_runs_updated/re400_lx10_lz6/C/jkl_1_3_5/dns_findsoln/sol010
2026-03-09T11:13:13,re400_lx10_lz6,C,1,3,5,9,ok,,/home/ebenq/dev/MyCloudAtlas.jl/notebooks/eqb_fuzzing/overnight_runs_updated/re400_lx10_lz6/C/jkl_1_3_5/dns_findsoln/sol009
2026-03-09T11:20:26,re400_lx10_lz6,D,2,4,9,1,not_converged,,/home/ebenq/dev/MyCloudAtlas.jl/notebooks/eqb_fuzzing/overnight_runs_updated/re400_lx10_lz6/D/jkl_2_4_9/dns_findsoln/sol001
2026-03-09T11:28:59,re400_lx10_lz6,C,2,4,7,2,not_converged,,/home/ebenq/dev/MyCloudAtlas.jl/notebooks/eqb_fuzzing/overnight_runs_updated/re400_lx10_lz6/C/jkl_2_4_7/dns_findsoln/sol002
2026-03-09T11:49:32,re400_lx10_lz6,C,2,4,7,4,not_converged,,/home/ebenq/dev/MyCloudAtlas.jl/notebooks/eqb_fuzzing/overnight_runs_updated/re400_lx10_lz6/C/jkl_2_4_7/dns_findsoln/sol004
2026-03-09T12:12:39,re400_lx10_lz6,C,1,3,5,7,not_converged,,/home/ebenq/dev/MyCloudAtlas.jl/notebooks/eqb_fuzzing/overnight_runs_updated/re400_lx10_lz6/C/jkl_1_3_5/dns_findsoln/sol007
2026-03-09T12:13:16,re400_lx10_lz6,D,2,4,6,3,not_converged,,/home/ebenq/dev/MyCloudAtlas.jl/notebooks/eqb_fuzzing/overnight_runs_updated/re400_lx10_lz6/D/jkl_2_4_6/dns_findsoln/sol003
2026-03-09T12:22:40,re400_lx10_lz6,D,2,4,6,2,not_converged,,/home/ebenq/dev/MyCloudAtlas.jl/notebooks/eqb_fuzzing/overnight_runs_updated/re400_lx10_lz6/D/jkl_2_4_6/dns_findsoln/sol002
2026-03-09T12:37:10,re400_lx10_lz6,C,2,4,6,2,not_converged,,/home/ebenq/dev/MyCloudAtlas.jl/notebooks/eqb_fuzzing/overnight_runs_updated/re400_lx10_lz6/C/jkl_2_4_6/dns_findsoln/sol002
2026-03-09T12:46:24,re400_lx10_lz6,D,2,4,8,1,not_converged,,/home/ebenq/dev/MyCloudAtlas.jl/notebooks/eqb_fuzzing/overnight_runs_updated/re400_lx10_lz6/D/jkl_2_4_8/dns_findsoln/sol001
2026-03-09T13:06:01,re400_lx10_lz6,D,2,4,5,3,not_converged,,/home/ebenq/dev/MyCloudAtlas.jl/notebooks/eqb_fuzzing/overnight_runs_updated/re400_lx10_lz6/D/jkl_2_4_5/dns_findsoln/sol003
2026-03-09T13:15:50,re400_lx10_lz6,D,1,4,5,3,ok,,/home/ebenq/dev/MyCloudAtlas.jl/notebooks/eqb_fuzzing/overnight_runs_updated/re400_lx10_lz6/D/jkl_1_4_5/dns_findsoln/sol003
2026-03-09T13:15:50,re400_lx10_lz6,D,1,3,5,3,skip_after_converged,,/home/ebenq/dev/MyCloudAtlas.jl/notebooks/eqb_fuzzing/overnight_runs_updated/re400_lx10_lz6/D/jkl_1_3_5/dns_findsoln/sol003
2026-03-09T13:18:18,re400_lx10_lz6,D,2,4,5,2,not_converged,,/home/ebenq/dev/MyCloudAtlas.jl/notebooks/eqb_fuzzing/overnight_runs_updated/re400_lx10_lz6/D/jkl_2_4_5/dns_findsoln/sol002
2026-03-09T13:22:50,re400_lx10_lz6,C,2,4,6,4,not_converged,,/home/ebenq/dev/MyCloudAtlas.jl/notebooks/eqb_fuzzing/overnight_runs_updated/re400_lx10_lz6/C/jkl_2_4_6/dns_findsoln/sol004
2026-03-09T13:52:10,re400_lx10_lz6,D,1,4,5,5,ok,,/home/ebenq/dev/MyCloudAtlas.jl/notebooks/eqb_fuzzing/overnight_runs_updated/re400_lx10_lz6/D/jkl_1_4_5/dns_findsoln/sol005
2026-03-09T13:52:10,re400_lx10_lz6,D,1,3,5,5,skip_after_converged,,/home/ebenq/dev/MyCloudAtlas.jl/notebooks/eqb_fuzzing/overnight_runs_updated/re400_lx10_lz6/D/jkl_1_3_5/dns_findsoln/sol005
2026-03-09T13:59:10,re400_lx10_lz6,D,2,4,7,1,not_converged,,/home/ebenq/dev/MyCloudAtlas.jl/notebooks/eqb_fuzzing/overnight_runs_updated/re400_lx10_lz6/D/jkl_2_4_7/dns_findsoln/sol001
2026-03-09T14:06:13,re400_lx10_lz6,D,2,4,6,4,not_converged,,/home/ebenq/dev/MyCloudAtlas.jl/notebooks/eqb_fuzzing/overnight_runs_updated/re400_lx10_lz6/D/jkl_2_4_6/dns_findsoln/sol004
2026-03-09T14:16:11,re400_lx10_lz6,C,2,4,5,4,not_converged,,/home/ebenq/dev/MyCloudAtlas.jl/notebooks/eqb_fuzzing/overnight_runs_updated/re400_lx10_lz6/C/jkl_2_4_5/dns_findsoln/sol004
2026-03-09T14:16:50,re400_lx10_lz6,C,2,4,5,2,not_converged,,/home/ebenq/dev/MyCloudAtlas.jl/notebooks/eqb_fuzzing/overnight_runs_updated/re400_lx10_lz6/C/jkl_2_4_5/dns_findsoln/sol002
2026-03-09T14:28:19,re400_lx10_lz6,D,1,4,5,2,not_converged,,/home/ebenq/dev/MyCloudAtlas.jl/notebooks/eqb_fuzzing/overnight_runs_updated/re400_lx10_lz6/D/jkl_1_4_5/dns_findsoln/sol002
2026-03-09T14:51:39,re400_lx10_lz6,D,2,4,6,1,not_converged,,/home/ebenq/dev/MyCloudAtlas.jl/notebooks/eqb_fuzzing/overnight_runs_updated/re400_lx10_lz6/D/jkl_2_4_6/dns_findsoln/sol001
2026-03-09T15:19:08,re400_lx10_lz6,D,2,4,5,4,not_converged,,/home/ebenq/dev/MyCloudAtlas.jl/notebooks/eqb_fuzzing/overnight_runs_updated/re400_lx10_lz6/D/jkl_2_4_5/dns_findsoln/sol004
2026-03-09T15:21:29,re400_lx10_lz6,C,1,4,5,2,not_converged,,/home/ebenq/dev/MyCloudAtlas.jl/notebooks/eqb_fuzzing/overnight_runs_updated/re400_lx10_lz6/C/jkl_1_4_5/dns_findsoln/sol002
2026-03-09T15:24:40,re400_lx10_lz6,C,1,4,5,4,not_converged,,/home/ebenq/dev/MyCloudAtlas.jl/notebooks/eqb_fuzzing/overnight_runs_updated/re400_lx10_lz6/C/jkl_1_4_5/dns_findsoln/sol004
2026-03-09T15:55:23,re400_lx10_lz6,D,1,3,5,2,not_converged,,/home/ebenq/dev/MyCloudAtlas.jl/notebooks/eqb_fuzzing/overnight_runs_updated/re400_lx10_lz6/D/jkl_1_3_5/dns_findsoln/sol002
2026-03-09T16:00:47,re400_lx10_lz6,D,2,4,5,1,not_converged,,/home/ebenq/dev/MyCloudAtlas.jl/notebooks/eqb_fuzzing/overnight_runs_updated/re400_lx10_lz6/D/jkl_2_4_5/dns_findsoln/sol001
2026-03-09T16:06:49,re400_lx10_lz6,C,1,3,5,2,ok,,/home/ebenq/dev/MyCloudAtlas.jl/notebooks/eqb_fuzzing/overnight_runs_updated/re400_lx10_lz6/C/jkl_1_3_5/dns_findsoln/sol002
2026-03-09T16:21:54,re400_lx10_lz6,D,1,4,5,6,not_converged,,/home/ebenq/dev/MyCloudAtlas.jl/notebooks/eqb_fuzzing/overnight_runs_updated/re400_lx10_lz6/D/jkl_1_4_5/dns_findsoln/sol006
2026-03-09T16:24:56,re400_lx10_lz6,D,1,4,5,4,not_converged,,/home/ebenq/dev/MyCloudAtlas.jl/notebooks/eqb_fuzzing/overnight_runs_updated/re400_lx10_lz6/D/jkl_1_4_5/dns_findsoln/sol004
2026-03-09T16:26:19,re400_lx10_lz6,C,1,3,5,4,not_converged,,/home/ebenq/dev/MyCloudAtlas.jl/notebooks/eqb_fuzzing/overnight_runs_updated/re400_lx10_lz6/C/jkl_1_3_5/dns_findsoln/sol004
2026-03-09T17:05:15,re400_lx10_lz6,D,1,4,5,1,not_converged,,/home/ebenq/dev/MyCloudAtlas.jl/notebooks/eqb_fuzzing/overnight_runs_updated/re400_lx10_lz6/D/jkl_1_4_5/dns_findsoln/sol001
2026-03-09T17:13:09,re400_lx10_lz6,D,1,3,5,4,ok,,/home/ebenq/dev/MyCloudAtlas.jl/notebooks/eqb_fuzzing/overnight_runs_updated/re400_lx10_lz6/D/jkl_1_3_5/dns_findsoln/sol004
2026-03-09T17:26:31,re400_lx10_lz6,E,3,4,9,1,ok,,/home/ebenq/dev/MyCloudAtlas.jl/notebooks/eqb_fuzzing/overnight_runs_updated/re400_lx10_lz6/E/jkl_3_4_9/dns_findsoln/sol001
2026-03-09T17:26:31,re400_lx10_lz6,E,2,4,9,1,skip_after_converged,,/home/ebenq/dev/MyCloudAtlas.jl/notebooks/eqb_fuzzing/overnight_runs_updated/re400_lx10_lz6/E/jkl_2_4_9/dns_findsoln/sol001
2026-03-09T17:26:31,re400_lx10_lz6,E,2,4,8,1,skip_after_converged,,/home/ebenq/dev/MyCloudAtlas.jl/notebooks/eqb_fuzzing/overnight_runs_updated/re400_lx10_lz6/E/jkl_2_4_8/dns_findsoln/sol001
2026-03-09T17:26:31,re400_lx10_lz6,E,2,4,7,1,skip_after_converged,,/home/ebenq/dev/MyCloudAtlas.jl/notebooks/eqb_fuzzing/overnight_runs_updated/re400_lx10_lz6/E/jkl_2_4_7/dns_findsoln/sol001
2026-03-09T17:26:31,re400_lx10_lz6,E,2,4,6,1,skip_after_converged,,/home/ebenq/dev/MyCloudAtlas.jl/notebooks/eqb_fuzzing/overnight_runs_updated/re400_lx10_lz6/E/jkl_2_4_6/dns_findsoln/sol001
2026-03-09T17:26:31,re400_lx10_lz6,E,2,4,5,1,skip_after_converged,,/home/ebenq/dev/MyCloudAtlas.jl/notebooks/eqb_fuzzing/overnight_runs_updated/re400_lx10_lz6/E/jkl_2_4_5/dns_findsoln/sol001
2026-03-09T17:26:31,re400_lx10_lz6,E,1,4,5,1,skip_after_converged,,/home/ebenq/dev/MyCloudAtlas.jl/notebooks/eqb_fuzzing/overnight_runs_updated/re400_lx10_lz6/E/jkl_1_4_5/dns_findsoln/sol001
2026-03-09T17:26:31,re400_lx10_lz6,E,1,3,5,1,skip_after_converged,,/home/ebenq/dev/MyCloudAtlas.jl/notebooks/eqb_fuzzing/overnight_runs_updated/re400_lx10_lz6/E/jkl_1_3_5/dns_findsoln/sol001
2026-03-09T17:34:13,re400_lx10_lz6,D,1,3,5,7,not_converged,,/home/ebenq/dev/MyCloudAtlas.jl/notebooks/eqb_fuzzing/overnight_runs_updated/re400_lx10_lz6/D/jkl_1_3_5/dns_findsoln/sol007
2026-03-09T17:36:51,re400_lx10_lz6,D,1,3,5,9,ok,,/home/ebenq/dev/MyCloudAtlas.jl/notebooks/eqb_fuzzing/overnight_runs_updated/re400_lx10_lz6/D/jkl_1_3_5/dns_findsoln/sol009
2026-03-09T17:37:38,re400_lx10_lz6,D,1,3,5,1,ok,,/home/ebenq/dev/MyCloudAtlas.jl/notebooks/eqb_fuzzing/overnight_runs_updated/re400_lx10_lz6/D/jkl_1_3_5/dns_findsoln/sol001
2026-03-09T17:40:45,re400_lx10_lz6,D,1,3,5,6,not_converged,,/home/ebenq/dev/MyCloudAtlas.jl/notebooks/eqb_fuzzing/overnight_runs_updated/re400_lx10_lz6/D/jkl_1_3_5/dns_findsoln/sol006
2026-03-09T17:44:20,re400_lx10_lz6,D,1,3,5,8,not_converged,,/home/ebenq/dev/MyCloudAtlas.jl/notebooks/eqb_fuzzing/overnight_runs_updated/re400_lx10_lz6/D/jkl_1_3_5/dns_findsoln/sol008
2026-03-09T18:08:58,re400_lx10_lz6,E,2,4,9,4,ok,,/home/ebenq/dev/MyCloudAtlas.jl/notebooks/eqb_fuzzing/overnight_runs_updated/re400_lx10_lz6/E/jkl_2_4_9/dns_findsoln/sol004
2026-03-09T18:08:58,re400_lx10_lz6,E,2,4,8,4,skip_after_converged,,/home/ebenq/dev/MyCloudAtlas.jl/notebooks/eqb_fuzzing/overnight_runs_updated/re400_lx10_lz6/E/jkl_2_4_8/dns_findsoln/sol004
2026-03-09T18:08:58,re400_lx10_lz6,E,2,4,7,4,skip_after_converged,,/home/ebenq/dev/MyCloudAtlas.jl/notebooks/eqb_fuzzing/overnight_runs_updated/re400_lx10_lz6/E/jkl_2_4_7/dns_findsoln/sol004
2026-03-09T18:08:58,re400_lx10_lz6,E,2,4,6,4,skip_after_converged,,/home/ebenq/dev/MyCloudAtlas.jl/notebooks/eqb_fuzzing/overnight_runs_updated/re400_lx10_lz6/E/jkl_2_4_6/dns_findsoln/sol004
2026-03-09T18:08:58,re400_lx10_lz6,E,2,4,5,4,skip_after_converged,,/home/ebenq/dev/MyCloudAtlas.jl/notebooks/eqb_fuzzing/overnight_runs_updated/re400_lx10_lz6/E/jkl_2_4_5/dns_findsoln/sol004
2026-03-09T18:08:58,re400_lx10_lz6,E,1,4,5,4,skip_after_converged,,/home/ebenq/dev/MyCloudAtlas.jl/notebooks/eqb_fuzzing/overnight_runs_updated/re400_lx10_lz6/E/jkl_1_4_5/dns_findsoln/sol004
2026-03-09T18:08:58,re400_lx10_lz6,E,1,3,5,4,skip_after_converged,,/home/ebenq/dev/MyCloudAtlas.jl/notebooks/eqb_fuzzing/overnight_runs_updated/re400_lx10_lz6/E/jkl_1_3_5/dns_findsoln/sol004
2026-03-09T18:44:48,re400_lx10_lz6,E,2,4,8,6,not_converged,,/home/ebenq/dev/MyCloudAtlas.jl/notebooks/eqb_fuzzing/overnight_runs_updated/re400_lx10_lz6/E/jkl_2_4_8/dns_findsoln/sol006
2026-03-09T18:45:32,re400_lx10_lz6,E,2,4,9,3,not_converged,,/home/ebenq/dev/MyCloudAtlas.jl/notebooks/eqb_fuzzing/overnight_runs_updated/re400_lx10_lz6/E/jkl_2_4_9/dns_findsoln/sol003
2026-03-09T18:52:42,re400_lx10_lz6,E,2,4,9,2,not_converged,,/home/ebenq/dev/MyCloudAtlas.jl/notebooks/eqb_fuzzing/overnight_runs_updated/re400_lx10_lz6/E/jkl_2_4_9/dns_findsoln/sol002
2026-03-09T18:59:41,re400_lx10_lz6,E,2,4,8,3,ok,,/home/ebenq/dev/MyCloudAtlas.jl/notebooks/eqb_fuzzing/overnight_runs_updated/re400_lx10_lz6/E/jkl_2_4_8/dns_findsoln/sol003
2026-03-09T18:59:41,re400_lx10_lz6,E,2,4,7,3,skip_after_converged,,/home/ebenq/dev/MyCloudAtlas.jl/notebooks/eqb_fuzzing/overnight_runs_updated/re400_lx10_lz6/E/jkl_2_4_7/dns_findsoln/sol003
2026-03-09T18:59:41,re400_lx10_lz6,E,2,4,6,3,skip_after_converged,,/home/ebenq/dev/MyCloudAtlas.jl/notebooks/eqb_fuzzing/overnight_runs_updated/re400_lx10_lz6/E/jkl_2_4_6/dns_findsoln/sol003
2026-03-09T18:59:41,re400_lx10_lz6,E,2,4,5,3,skip_after_converged,,/home/ebenq/dev/MyCloudAtlas.jl/notebooks/eqb_fuzzing/overnight_runs_updated/re400_lx10_lz6/E/jkl_2_4_5/dns_findsoln/sol003
2026-03-09T18:59:41,re400_lx10_lz6,E,1,4,5,3,skip_after_converged,,/home/ebenq/dev/MyCloudAtlas.jl/notebooks/eqb_fuzzing/overnight_runs_updated/re400_lx10_lz6/E/jkl_1_4_5/dns_findsoln/sol003
2026-03-09T18:59:41,re400_lx10_lz6,E,1,3,5,3,skip_after_converged,,/home/ebenq/dev/MyCloudAtlas.jl/notebooks/eqb_fuzzing/overnight_runs_updated/re400_lx10_lz6/E/jkl_1_3_5/dns_findsoln/sol003
2026-03-09T19:01:04,re400_lx10_lz6,E,2,4,8,5,not_converged,,/home/ebenq/dev/MyCloudAtlas.jl/notebooks/eqb_fuzzing/overnight_runs_updated/re400_lx10_lz6/E/jkl_2_4_8/dns_findsoln/sol005
2026-03-09T19:03:57,re400_lx10_lz6,E,2,4,7,7,not_converged,,/home/ebenq/dev/MyCloudAtlas.jl/notebooks/eqb_fuzzing/overnight_runs_updated/re400_lx10_lz6/E/jkl_2_4_7/dns_findsoln/sol007
2026-03-09T19:06:01,re400_lx10_lz6,E,2,4,7,8,not_converged,,/home/ebenq/dev/MyCloudAtlas.jl/notebooks/eqb_fuzzing/overnight_runs_updated/re400_lx10_lz6/E/jkl_2_4_7/dns_findsoln/sol008
2026-03-09T19:19:51,re400_lx10_lz6,E,2,4,6,8,ok,,/home/ebenq/dev/MyCloudAtlas.jl/notebooks/eqb_fuzzing/overnight_runs_updated/re400_lx10_lz6/E/jkl_2_4_6/dns_findsoln/sol008
2026-03-09T19:19:51,re400_lx10_lz6,E,2,4,5,8,skip_after_converged,,/home/ebenq/dev/MyCloudAtlas.jl/notebooks/eqb_fuzzing/overnight_runs_updated/re400_lx10_lz6/E/jkl_2_4_5/dns_findsoln/sol008
2026-03-09T19:19:51,re400_lx10_lz6,E,1,4,5,8,skip_after_converged,,/home/ebenq/dev/MyCloudAtlas.jl/notebooks/eqb_fuzzing/overnight_runs_updated/re400_lx10_lz6/E/jkl_1_4_5/dns_findsoln/sol008
2026-03-09T19:19:51,re400_lx10_lz6,E,1,3,5,8,skip_after_converged,,/home/ebenq/dev/MyCloudAtlas.jl/notebooks/eqb_fuzzing/overnight_runs_updated/re400_lx10_lz6/E/jkl_1_3_5/dns_findsoln/sol008
2026-03-09T19:32:35,re400_lx10_lz6,E,2,4,6,7,ok,,/home/ebenq/dev/MyCloudAtlas.jl/notebooks/eqb_fuzzing/overnight_runs_updated/re400_lx10_lz6/E/jkl_2_4_6/dns_findsoln/sol007
2026-03-09T19:32:35,re400_lx10_lz6,E,2,4,5,7,skip_after_converged,,/home/ebenq/dev/MyCloudAtlas.jl/notebooks/eqb_fuzzing/overnight_runs_updated/re400_lx10_lz6/E/jkl_2_4_5/dns_findsoln/sol007
2026-03-09T19:32:35,re400_lx10_lz6,E,1,4,5,7,skip_after_converged,,/home/ebenq/dev/MyCloudAtlas.jl/notebooks/eqb_fuzzing/overnight_runs_updated/re400_lx10_lz6/E/jkl_1_4_5/dns_findsoln/sol007
2026-03-09T19:32:35,re400_lx10_lz6,E,1,3,5,7,skip_after_converged,,/home/ebenq/dev/MyCloudAtlas.jl/notebooks/eqb_fuzzing/overnight_runs_updated/re400_lx10_lz6/E/jkl_1_3_5/dns_findsoln/sol007
2026-03-09T19:38:45,re400_lx10_lz6,E,2,4,7,6,not_converged,,/home/ebenq/dev/MyCloudAtlas.jl/notebooks/eqb_fuzzing/overnight_runs_updated/re400_lx10_lz6/E/jkl_2_4_7/dns_findsoln/sol006
2026-03-09T20:01:20,re400_lx10_lz6,E,2,4,6,6,ok,,/home/ebenq/dev/MyCloudAtlas.jl/notebooks/eqb_fuzzing/overnight_runs_updated/re400_lx10_lz6/E/jkl_2_4_6/dns_findsoln/sol006
2026-03-09T20:01:20,re400_lx10_lz6,E,2,4,5,6,skip_after_converged,,/home/ebenq/dev/MyCloudAtlas.jl/notebooks/eqb_fuzzing/overnight_runs_updated/re400_lx10_lz6/E/jkl_2_4_5/dns_findsoln/sol006
2026-03-09T20:01:20,re400_lx10_lz6,E,1,4,5,6,skip_after_converged,,/home/ebenq/dev/MyCloudAtlas.jl/notebooks/eqb_fuzzing/overnight_runs_updated/re400_lx10_lz6/E/jkl_1_4_5/dns_findsoln/sol006
2026-03-09T20:01:20,re400_lx10_lz6,E,1,3,5,6,skip_after_converged,,/home/ebenq/dev/MyCloudAtlas.jl/notebooks/eqb_fuzzing/overnight_runs_updated/re400_lx10_lz6/E/jkl_1_3_5/dns_findsoln/sol006
2026-03-09T20:03:03,re400_lx10_lz6,E,2,4,8,2,not_converged,,/home/ebenq/dev/MyCloudAtlas.jl/notebooks/eqb_fuzzing/overnight_runs_updated/re400_lx10_lz6/E/jkl_2_4_8/dns_findsoln/sol002
2026-03-09T20:11:08,re400_lx10_lz6,E,1,4,5,12,ok,,/home/ebenq/dev/MyCloudAtlas.jl/notebooks/eqb_fuzzing/overnight_runs_updated/re400_lx10_lz6/E/jkl_1_4_5/dns_findsoln/sol012
2026-03-09T20:11:08,re400_lx10_lz6,E,1,3,5,12,skip_after_converged,,/home/ebenq/dev/MyCloudAtlas.jl/notebooks/eqb_fuzzing/overnight_runs_updated/re400_lx10_lz6/E/jkl_1_3_5/dns_findsoln/sol012
2026-03-09T20:21:54,re400_lx10_lz6,E,2,4,7,5,not_converged,,/home/ebenq/dev/MyCloudAtlas.jl/notebooks/eqb_fuzzing/overnight_runs_updated/re400_lx10_lz6/E/jkl_2_4_7/dns_findsoln/sol005
2026-03-09T20:46:30,re400_lx10_lz6,E,2,4,5,11,not_converged,,/home/ebenq/dev/MyCloudAtlas.jl/notebooks/eqb_fuzzing/overnight_runs_updated/re400_lx10_lz6/E/jkl_2_4_5/dns_findsoln/sol011
2026-03-09T20:53:55,re400_lx10_lz6,E,2,4,6,10,ok,,/home/ebenq/dev/MyCloudAtlas.jl/notebooks/eqb_fuzzing/overnight_runs_updated/re400_lx10_lz6/E/jkl_2_4_6/dns_findsoln/sol010
2026-03-09T20:53:55,re400_lx10_lz6,E,2,4,5,10,skip_after_converged,,/home/ebenq/dev/MyCloudAtlas.jl/notebooks/eqb_fuzzing/overnight_runs_updated/re400_lx10_lz6/E/jkl_2_4_5/dns_findsoln/sol010
2026-03-09T20:53:55,re400_lx10_lz6,E,1,4,5,10,skip_after_converged,,/home/ebenq/dev/MyCloudAtlas.jl/notebooks/eqb_fuzzing/overnight_runs_updated/re400_lx10_lz6/E/jkl_1_4_5/dns_findsoln/sol010
2026-03-09T20:53:55,re400_lx10_lz6,E,1,3,5,10,skip_after_converged,,/home/ebenq/dev/MyCloudAtlas.jl/notebooks/eqb_fuzzing/overnight_runs_updated/re400_lx10_lz6/E/jkl_1_3_5/dns_findsoln/sol010
2026-03-09T21:07:59,re400_lx10_lz6,E,2,4,6,9,not_converged,,/home/ebenq/dev/MyCloudAtlas.jl/notebooks/eqb_fuzzing/overnight_runs_updated/re400_lx10_lz6/E/jkl_2_4_6/dns_findsoln/sol009
2026-03-09T21:25:02,re400_lx10_lz6,E,2,4,7,2,not_converged,,/home/ebenq/dev/MyCloudAtlas.jl/notebooks/eqb_fuzzing/overnight_runs_updated/re400_lx10_lz6/E/jkl_2_4_7/dns_findsoln/sol002
2026-03-09T21:31:36,re400_lx10_lz6,E,2,4,6,5,not_converged,,/home/ebenq/dev/MyCloudAtlas.jl/notebooks/eqb_fuzzing/overnight_runs_updated/re400_lx10_lz6/E/jkl_2_4_6/dns_findsoln/sol005
2026-03-09T21:38:34,re400_lx10_lz6,E,2,4,6,2,ok,,/home/ebenq/dev/MyCloudAtlas.jl/notebooks/eqb_fuzzing/overnight_runs_updated/re400_lx10_lz6/E/jkl_2_4_6/dns_findsoln/sol002
2026-03-09T21:38:34,re400_lx10_lz6,E,2,4,5,2,skip_after_converged,,/home/ebenq/dev/MyCloudAtlas.jl/notebooks/eqb_fuzzing/overnight_runs_updated/re400_lx10_lz6/E/jkl_2_4_5/dns_findsoln/sol002
2026-03-09T21:38:34,re400_lx10_lz6,E,1,4,5,2,skip_after_converged,,/home/ebenq/dev/MyCloudAtlas.jl/notebooks/eqb_fuzzing/overnight_runs_updated/re400_lx10_lz6/E/jkl_1_4_5/dns_findsoln/sol002
2026-03-09T21:38:34,re400_lx10_lz6,E,1,3,5,2,skip_after_converged,,/home/ebenq/dev/MyCloudAtlas.jl/notebooks/eqb_fuzzing/overnight_runs_updated/re400_lx10_lz6/E/jkl_1_3_5/dns_findsoln/sol002
2026-03-09T21:39:55,re400_lx10_lz6,E,1,3,5,13,not_converged,,/home/ebenq/dev/MyCloudAtlas.jl/notebooks/eqb_fuzzing/overnight_runs_updated/re400_lx10_lz6/E/jkl_1_3_5/dns_findsoln/sol013
2026-03-09T21:55:59,re400_lx10_lz6,E,1,3,5,16,ok,,/home/ebenq/dev/MyCloudAtlas.jl/notebooks/eqb_fuzzing/overnight_runs_updated/re400_lx10_lz6/E/jkl_1_3_5/dns_findsoln/sol016
2026-03-09T22:05:42,re400_lx10_lz6,E,1,4,5,11,not_converged,,/home/ebenq/dev/MyCloudAtlas.jl/notebooks/eqb_fuzzing/overnight_runs_updated/re400_lx10_lz6/E/jkl_1_4_5/dns_findsoln/sol011
2026-03-09T22:13:36,re400_lx10_lz6,E,1,3,5,14,not_converged,,/home/ebenq/dev/MyCloudAtlas.jl/notebooks/eqb_fuzzing/overnight_runs_updated/re400_lx10_lz6/E/jkl_1_3_5/dns_findsoln/sol014
2026-03-09T22:22:44,re400_lx10_lz6,F,1,4,5,2,ok,,/home/ebenq/dev/MyCloudAtlas.jl/notebooks/eqb_fuzzing/overnight_runs_updated/re400_lx10_lz6/F/jkl_1_4_5/dns_findsoln/sol002
2026-03-09T22:22:44,re400_lx10_lz6,F,1,3,5,2,skip_after_converged,,/home/ebenq/dev/MyCloudAtlas.jl/notebooks/eqb_fuzzing/overnight_runs_updated/re400_lx10_lz6/F/jkl_1_3_5/dns_findsoln/sol002
2026-03-09T22:31:19,re400_lx10_lz6,E,2,4,5,5,not_converged,,/home/ebenq/dev/MyCloudAtlas.jl/notebooks/eqb_fuzzing/overnight_runs_updated/re400_lx10_lz6/E/jkl_2_4_5/dns_findsoln/sol005
2026-03-09T22:35:26,re400_lx10_lz6,E,2,4,5,9,not_converged,,/home/ebenq/dev/MyCloudAtlas.jl/notebooks/eqb_fuzzing/overnight_runs_updated/re400_lx10_lz6/E/jkl_2_4_5/dns_findsoln/sol009
2026-03-09T22:43:40,re400_lx10_lz6,G,2,4,5,1,ok,,/home/ebenq/dev/MyCloudAtlas.jl/notebooks/eqb_fuzzing/overnight_runs_updated/re400_lx10_lz6/G/jkl_2_4_5/dns_findsoln/sol001
2026-03-09T22:43:40,re400_lx10_lz6,G,1,4,5,1,skip_after_converged,,/home/ebenq/dev/MyCloudAtlas.jl/notebooks/eqb_fuzzing/overnight_runs_updated/re400_lx10_lz6/G/jkl_1_4_5/dns_findsoln/sol001
2026-03-09T22:43:40,re400_lx10_lz6,G,1,3,5,1,skip_after_converged,,/home/ebenq/dev/MyCloudAtlas.jl/notebooks/eqb_fuzzing/overnight_runs_updated/re400_lx10_lz6/G/jkl_1_3_5/dns_findsoln/sol001
2026-03-09T22:50:32,re400_lx10_lz6,F,3,4,9,1,not_converged,,/home/ebenq/dev/MyCloudAtlas.jl/notebooks/eqb_fuzzing/overnight_runs_updated/re400_lx10_lz6/F/jkl_3_4_9/dns_findsoln/sol001
2026-03-09T22:53:56,re400_lx10_lz6,E,1,3,5,15,not_converged,,/home/ebenq/dev/MyCloudAtlas.jl/notebooks/eqb_fuzzing/overnight_runs_updated/re400_lx10_lz6/E/jkl_1_3_5/dns_findsoln/sol015
2026-03-09T23:08:30,re400_lx10_lz6,G,2,4,5,3,ok,,/home/ebenq/dev/MyCloudAtlas.jl/notebooks/eqb_fuzzing/overnight_runs_updated/re400_lx10_lz6/G/jkl_2_4_5/dns_findsoln/sol003
2026-03-09T23:08:30,re400_lx10_lz6,G,1,4,5,3,skip_after_converged,,/home/ebenq/dev/MyCloudAtlas.jl/notebooks/eqb_fuzzing/overnight_runs_updated/re400_lx10_lz6/G/jkl_1_4_5/dns_findsoln/sol003
2026-03-09T23:08:30,re400_lx10_lz6,G,1,3,5,3,skip_after_converged,,/home/ebenq/dev/MyCloudAtlas.jl/notebooks/eqb_fuzzing/overnight_runs_updated/re400_lx10_lz6/G/jkl_1_3_5/dns_findsoln/sol003
2026-03-09T23:13:46,re400_lx10_lz6,E,1,3,5,11,not_converged,,/home/ebenq/dev/MyCloudAtlas.jl/notebooks/eqb_fuzzing/overnight_runs_updated/re400_lx10_lz6/E/jkl_1_3_5/dns_findsoln/sol011
2026-03-09T23:14:17,re400_lx10_lz6,G,2,4,5,2,ok,,/home/ebenq/dev/MyCloudAtlas.jl/notebooks/eqb_fuzzing/overnight_runs_updated/re400_lx10_lz6/G/jkl_2_4_5/dns_findsoln/sol002
2026-03-09T23:14:17,re400_lx10_lz6,G,1,4,5,2,skip_after_converged,,/home/ebenq/dev/MyCloudAtlas.jl/notebooks/eqb_fuzzing/overnight_runs_updated/re400_lx10_lz6/G/jkl_1_4_5/dns_findsoln/sol002
2026-03-09T23:14:17,re400_lx10_lz6,G,1,3,5,2,skip_after_converged,,/home/ebenq/dev/MyCloudAtlas.jl/notebooks/eqb_fuzzing/overnight_runs_updated/re400_lx10_lz6/G/jkl_1_3_5/dns_findsoln/sol002
2026-03-09T23:37:54,re400_lx10_lz6,E,1,4,5,5,not_converged,,/home/ebenq/dev/MyCloudAtlas.jl/notebooks/eqb_fuzzing/overnight_runs_updated/re400_lx10_lz6/E/jkl_1_4_5/dns_findsoln/sol005
2026-03-09T23:43:13,re400_lx10_lz6,E,1,4,5,9,not_converged,,/home/ebenq/dev/MyCloudAtlas.jl/notebooks/eqb_fuzzing/overnight_runs_updated/re400_lx10_lz6/E/jkl_1_4_5/dns_findsoln/sol009
2026-03-09T23:45:49,re400_lx10_lz6,F,2,4,9,1,not_converged,,/home/ebenq/dev/MyCloudAtlas.jl/notebooks/eqb_fuzzing/overnight_runs_updated/re400_lx10_lz6/F/jkl_2_4_9/dns_findsoln/sol001
2026-03-10T00:14:28,re400_lx10_lz6,E,1,3,5,9,ok,,/home/ebenq/dev/MyCloudAtlas.jl/notebooks/eqb_fuzzing/overnight_runs_updated/re400_lx10_lz6/E/jkl_1_3_5/dns_findsoln/sol009
2026-03-10T00:22:50,re400_lx10_lz6,E,1,3,5,5,not_converged,,/home/ebenq/dev/MyCloudAtlas.jl/notebooks/eqb_fuzzing/overnight_runs_updated/re400_lx10_lz6/E/jkl_1_3_5/dns_findsoln/sol005
2026-03-10T00:23:35,re400_lx10_lz6,F,2,4,8,1,ok,,/home/ebenq/dev/MyCloudAtlas.jl/notebooks/eqb_fuzzing/overnight_runs_updated/re400_lx10_lz6/F/jkl_2_4_8/dns_findsoln/sol001
2026-03-10T00:23:35,re400_lx10_lz6,F,2,4,7,1,skip_after_converged,,/home/ebenq/dev/MyCloudAtlas.jl/notebooks/eqb_fuzzing/overnight_runs_updated/re400_lx10_lz6/F/jkl_2_4_7/dns_findsoln/sol001
2026-03-10T00:23:35,re400_lx10_lz6,F,2,4,6,1,skip_after_converged,,/home/ebenq/dev/MyCloudAtlas.jl/notebooks/eqb_fuzzing/overnight_runs_updated/re400_lx10_lz6/F/jkl_2_4_6/dns_findsoln/sol001
2026-03-10T00:23:35,re400_lx10_lz6,F,2,4,5,1,skip_after_converged,,/home/ebenq/dev/MyCloudAtlas.jl/notebooks/eqb_fuzzing/overnight_runs_updated/re400_lx10_lz6/F/jkl_2_4_5/dns_findsoln/sol001
2026-03-10T00:23:35,re400_lx10_lz6,F,1,4,5,1,skip_after_converged,,/home/ebenq/dev/MyCloudAtlas.jl/notebooks/eqb_fuzzing/overnight_runs_updated/re400_lx10_lz6/F/jkl_1_4_5/dns_findsoln/sol001
2026-03-10T00:23:35,re400_lx10_lz6,F,1,3,5,1,skip_after_converged,,/home/ebenq/dev/MyCloudAtlas.jl/notebooks/eqb_fuzzing/overnight_runs_updated/re400_lx10_lz6/F/jkl_1_3_5/dns_findsoln/sol001
2026-03-10T00:49:14,re400_lx10_lz6,G,1,4,5,9,ok,,/home/ebenq/dev/MyCloudAtlas.jl/notebooks/eqb_fuzzing/overnight_runs_updated/re400_lx10_lz6/G/jkl_1_4_5/dns_findsoln/sol009
2026-03-10T00:49:14,re400_lx10_lz6,G,1,3,5,9,skip_after_converged,,/home/ebenq/dev/MyCloudAtlas.jl/notebooks/eqb_fuzzing/overnight_runs_updated/re400_lx10_lz6/G/jkl_1_3_5/dns_findsoln/sol009
2026-03-10T00:52:57,re400_lx10_lz6,G,2,4,5,4,not_converged,,/home/ebenq/dev/MyCloudAtlas.jl/notebooks/eqb_fuzzing/overnight_runs_updated/re400_lx10_lz6/G/jkl_2_4_5/dns_findsoln/sol004
2026-03-10T01:05:00,re400_lx10_lz6,G,2,4,5,6,not_converged,,/home/ebenq/dev/MyCloudAtlas.jl/notebooks/eqb_fuzzing/overnight_runs_updated/re400_lx10_lz6/G/jkl_2_4_5/dns_findsoln/sol006
2026-03-10T01:09:31,re400_lx2pi_lzpi,A,2,4,6,1,ok,,/home/ebenq/dev/MyCloudAtlas.jl/notebooks/eqb_fuzzing/overnight_runs_updated/re400_lx2pi_lzpi/A/jkl_2_4_6/dns_findsoln/sol001
2026-03-10T01:09:31,re400_lx2pi_lzpi,A,2,4,5,1,skip_after_converged,,/home/ebenq/dev/MyCloudAtlas.jl/notebooks/eqb_fuzzing/overnight_runs_updated/re400_lx2pi_lzpi/A/jkl_2_4_5/dns_findsoln/sol001
2026-03-10T01:09:31,re400_lx2pi_lzpi,A,1,4,5,1,skip_after_converged,,/home/ebenq/dev/MyCloudAtlas.jl/notebooks/eqb_fuzzing/overnight_runs_updated/re400_lx2pi_lzpi/A/jkl_1_4_5/dns_findsoln/sol001
2026-03-10T01:09:31,re400_lx2pi_lzpi,A,1,3,5,1,skip_after_converged,,/home/ebenq/dev/MyCloudAtlas.jl/notebooks/eqb_fuzzing/overnight_runs_updated/re400_lx2pi_lzpi/A/jkl_1_3_5/dns_findsoln/sol001
2026-03-10T01:19:44,re400_lx2pi_lzpi,A,2,4,5,2,ok,,/home/ebenq/dev/MyCloudAtlas.jl/notebooks/eqb_fuzzing/overnight_runs_updated/re400_lx2pi_lzpi/A/jkl_2_4_5/dns_findsoln/sol002
2026-03-10T01:19:44,re400_lx2pi_lzpi,A,1,4,5,2,skip_after_converged,,/home/ebenq/dev/MyCloudAtlas.jl/notebooks/eqb_fuzzing/overnight_runs_updated/re400_lx2pi_lzpi/A/jkl_1_4_5/dns_findsoln/sol002
2026-03-10T01:19:44,re400_lx2pi_lzpi,A,1,3,5,2,skip_after_converged,,/home/ebenq/dev/MyCloudAtlas.jl/notebooks/eqb_fuzzing/overnight_runs_updated/re400_lx2pi_lzpi/A/jkl_1_3_5/dns_findsoln/sol002
2026-03-10T01:40:52,re400_lx10_lz6,G,2,4,5,7,not_converged,,/home/ebenq/dev/MyCloudAtlas.jl/notebooks/eqb_fuzzing/overnight_runs_updated/re400_lx10_lz6/G/jkl_2_4_5/dns_findsoln/sol007
2026-03-10T02:06:21,re400_lx10_lz6,G,2,4,5,5,not_converged,,/home/ebenq/dev/MyCloudAtlas.jl/notebooks/eqb_fuzzing/overnight_runs_updated/re400_lx10_lz6/G/jkl_2_4_5/dns_findsoln/sol005
2026-03-10T02:26:38,re400_lx10_lz6,G,1,4,5,6,not_converged,,/home/ebenq/dev/MyCloudAtlas.jl/notebooks/eqb_fuzzing/overnight_runs_updated/re400_lx10_lz6/G/jkl_1_4_5/dns_findsoln/sol006
2026-03-10T02:44:37,re400_lx10_lz6,G,2,4,5,8,not_converged,,/home/ebenq/dev/MyCloudAtlas.jl/notebooks/eqb_fuzzing/overnight_runs_updated/re400_lx10_lz6/G/jkl_2_4_5/dns_findsoln/sol008
2026-03-10T02:59:39,re400_lx10_lz6,G,1,4,5,4,ok,,/home/ebenq/dev/MyCloudAtlas.jl/notebooks/eqb_fuzzing/overnight_runs_updated/re400_lx10_lz6/G/jkl_1_4_5/dns_findsoln/sol004
2026-03-10T02:59:39,re400_lx10_lz6,G,1,3,5,4,skip_after_converged,,/home/ebenq/dev/MyCloudAtlas.jl/notebooks/eqb_fuzzing/overnight_runs_updated/re400_lx10_lz6/G/jkl_1_3_5/dns_findsoln/sol004
2026-03-10T02:59:55,re400_lx2pi_lzpi,A,2,4,5,3,not_converged,,/home/ebenq/dev/MyCloudAtlas.jl/notebooks/eqb_fuzzing/overnight_runs_updated/re400_lx2pi_lzpi/A/jkl_2_4_5/dns_findsoln/sol003
2026-03-10T03:00:44,re400_lx10_lz6,G,1,4,5,5,ok,,/home/ebenq/dev/MyCloudAtlas.jl/notebooks/eqb_fuzzing/overnight_runs_updated/re400_lx10_lz6/G/jkl_1_4_5/dns_findsoln/sol005
2026-03-10T03:00:44,re400_lx10_lz6,G,1,3,5,5,skip_after_converged,,/home/ebenq/dev/MyCloudAtlas.jl/notebooks/eqb_fuzzing/overnight_runs_updated/re400_lx10_lz6/G/jkl_1_3_5/dns_findsoln/sol005
2026-03-10T03:23:27,re400_lx10_lz6,G,1,4,5,7,not_converged,,/home/ebenq/dev/MyCloudAtlas.jl/notebooks/eqb_fuzzing/overnight_runs_updated/re400_lx10_lz6/G/jkl_1_4_5/dns_findsoln/sol007
2026-03-10T04:12:13,re400_lx10_lz6,G,1,3,5,6,not_converged,,/home/ebenq/dev/MyCloudAtlas.jl/notebooks/eqb_fuzzing/overnight_runs_updated/re400_lx10_lz6/G/jkl_1_3_5/dns_findsoln/sol006
2026-03-10T04:18:02,re400_lx2pi_lzpi,A,1,3,5,5,not_converged,,/home/ebenq/dev/MyCloudAtlas.jl/notebooks/eqb_fuzzing/overnight_runs_updated/re400_lx2pi_lzpi/A/jkl_1_3_5/dns_findsoln/sol005
2026-03-10T04:19:27,re400_lx2pi_lzpi,A,2,4,5,4,not_converged,,/home/ebenq/dev/MyCloudAtlas.jl/notebooks/eqb_fuzzing/overnight_runs_updated/re400_lx2pi_lzpi/A/jkl_2_4_5/dns_findsoln/sol004
2026-03-10T04:33:00,re400_lx2pi_lzpi,A,1,4,5,3,not_converged,,/home/ebenq/dev/MyCloudAtlas.jl/notebooks/eqb_fuzzing/overnight_runs_updated/re400_lx2pi_lzpi/A/jkl_1_4_5/dns_findsoln/sol003
2026-03-10T04:35:26,re400_lx2pi_lzpi,B,2,4,5,2,ok,,/home/ebenq/dev/MyCloudAtlas.jl/notebooks/eqb_fuzzing/overnight_runs_updated/re400_lx2pi_lzpi/B/jkl_2_4_5/dns_findsoln/sol002
2026-03-10T04:35:26,re400_lx2pi_lzpi,B,1,4,5,2,skip_after_converged,,/home/ebenq/dev/MyCloudAtlas.jl/notebooks/eqb_fuzzing/overnight_runs_updated/re400_lx2pi_lzpi/B/jkl_1_4_5/dns_findsoln/sol002
2026-03-10T04:35:26,re400_lx2pi_lzpi,B,1,3,5,2,skip_after_converged,,/home/ebenq/dev/MyCloudAtlas.jl/notebooks/eqb_fuzzing/overnight_runs_updated/re400_lx2pi_lzpi/B/jkl_1_3_5/dns_findsoln/sol002
2026-03-10T04:43:36,re400_lx10_lz6,G,1,3,5,7,not_converged,,/home/ebenq/dev/MyCloudAtlas.jl/notebooks/eqb_fuzzing/overnight_runs_updated/re400_lx10_lz6/G/jkl_1_3_5/dns_findsoln/sol007
2026-03-10T04:44:59,re400_lx10_lz6,G,1,4,5,8,not_converged,,/home/ebenq/dev/MyCloudAtlas.jl/notebooks/eqb_fuzzing/overnight_runs_updated/re400_lx10_lz6/G/jkl_1_4_5/dns_findsoln/sol008
2026-03-10T05:02:37,re400_lx2pi_lzpi,A,1,3,5,3,ok,,/home/ebenq/dev/MyCloudAtlas.jl/notebooks/eqb_fuzzing/overnight_runs_updated/re400_lx2pi_lzpi/A/jkl_1_3_5/dns_findsoln/sol003
2026-03-10T05:11:50,re400_lx10_lz6,G,1,3,5,8,ok,,/home/ebenq/dev/MyCloudAtlas.jl/notebooks/eqb_fuzzing/overnight_runs_updated/re400_lx10_lz6/G/jkl_1_3_5/dns_findsoln/sol008
2026-03-10T05:25:07,re400_lx2pi_lzpi,C,2,4,5,2,ok,,/home/ebenq/dev/MyCloudAtlas.jl/notebooks/eqb_fuzzing/overnight_runs_updated/re400_lx2pi_lzpi/C/jkl_2_4_5/dns_findsoln/sol002
2026-03-10T05:25:07,re400_lx2pi_lzpi,C,1,4,5,2,skip_after_converged,,/home/ebenq/dev/MyCloudAtlas.jl/notebooks/eqb_fuzzing/overnight_runs_updated/re400_lx2pi_lzpi/C/jkl_1_4_5/dns_findsoln/sol002
2026-03-10T05:25:07,re400_lx2pi_lzpi,C,1,3,5,2,skip_after_converged,,/home/ebenq/dev/MyCloudAtlas.jl/notebooks/eqb_fuzzing/overnight_runs_updated/re400_lx2pi_lzpi/C/jkl_1_3_5/dns_findsoln/sol002
2026-03-10T05:36:57,re400_lx2pi_lzpi,B,2,4,5,1,not_converged,,/home/ebenq/dev/MyCloudAtlas.jl/notebooks/eqb_fuzzing/overnight_runs_updated/re400_lx2pi_lzpi/B/jkl_2_4_5/dns_findsoln/sol001
2026-03-10T05:37:14,re400_lx2pi_lzpi,A,1,4,5,4,not_converged,,/home/ebenq/dev/MyCloudAtlas.jl/notebooks/eqb_fuzzing/overnight_runs_updated/re400_lx2pi_lzpi/A/jkl_1_4_5/dns_findsoln/sol004
2026-03-10T05:47:16,re400_lx2pi_lzpi,B,1,4,5,1,ok,,/home/ebenq/dev/MyCloudAtlas.jl/notebooks/eqb_fuzzing/overnight_runs_updated/re400_lx2pi_lzpi/B/jkl_1_4_5/dns_findsoln/sol001
2026-03-10T05:47:16,re400_lx2pi_lzpi,B,1,3,5,1,skip_after_converged,,/home/ebenq/dev/MyCloudAtlas.jl/notebooks/eqb_fuzzing/overnight_runs_updated/re400_lx2pi_lzpi/B/jkl_1_3_5/dns_findsoln/sol001
2026-03-10T05:57:30,re400_lx2pi_lzpi,B,2,4,5,3,not_converged,,/home/ebenq/dev/MyCloudAtlas.jl/notebooks/eqb_fuzzing/overnight_runs_updated/re400_lx2pi_lzpi/B/jkl_2_4_5/dns_findsoln/sol003
2026-03-10T06:12:48,re400_lx2pi_lzpi,C,2,4,5,3,ok,,/home/ebenq/dev/MyCloudAtlas.jl/notebooks/eqb_fuzzing/overnight_runs_updated/re400_lx2pi_lzpi/C/jkl_2_4_5/dns_findsoln/sol003
2026-03-10T06:12:48,re400_lx2pi_lzpi,C,1,4,5,3,skip_after_converged,,/home/ebenq/dev/MyCloudAtlas.jl/notebooks/eqb_fuzzing/overnight_runs_updated/re400_lx2pi_lzpi/C/jkl_1_4_5/dns_findsoln/sol003
2026-03-10T06:12:48,re400_lx2pi_lzpi,C,1,3,5,3,skip_after_converged,,/home/ebenq/dev/MyCloudAtlas.jl/notebooks/eqb_fuzzing/overnight_runs_updated/re400_lx2pi_lzpi/C/jkl_1_3_5/dns_findsoln/sol003
2026-03-10T06:15:34,re400_lx2pi_lzpi,B,1,3,5,4,not_converged,,/home/ebenq/dev/MyCloudAtlas.jl/notebooks/eqb_fuzzing/overnight_runs_updated/re400_lx2pi_lzpi/B/jkl_1_3_5/dns_findsoln/sol004
2026-03-10T06:38:47,re400_lx2pi_lzpi,C,2,4,5,1,not_converged,,/home/ebenq/dev/MyCloudAtlas.jl/notebooks/eqb_fuzzing/overnight_runs_updated/re400_lx2pi_lzpi/C/jkl_2_4_5/dns_findsoln/sol001
2026-03-10T07:18:50,re400_lx2pi_lzpi,A,1,3,5,4,not_converged,,/home/ebenq/dev/MyCloudAtlas.jl/notebooks/eqb_fuzzing/overnight_runs_updated/re400_lx2pi_lzpi/A/jkl_1_3_5/dns_findsoln/sol004
2026-03-10T07:22:47,re400_lx2pi_lzpi,C,2,4,5,4,not_converged,,/home/ebenq/dev/MyCloudAtlas.jl/notebooks/eqb_fuzzing/overnight_runs_updated/re400_lx2pi_lzpi/C/jkl_2_4_5/dns_findsoln/sol004
2026-03-10T07:23:41,re400_lx2pi_lzpi,B,1,4,5,3,not_converged,,/home/ebenq/dev/MyCloudAtlas.jl/notebooks/eqb_fuzzing/overnight_runs_updated/re400_lx2pi_lzpi/B/jkl_1_4_5/dns_findsoln/sol003
2026-03-10T07:45:02,re400_lx2pi_lzpi,C,1,4,5,5,not_converged,,/home/ebenq/dev/MyCloudAtlas.jl/notebooks/eqb_fuzzing/overnight_runs_updated/re400_lx2pi_lzpi/C/jkl_1_4_5/dns_findsoln/sol005
2026-03-10T07:45:41,re400_lx2pi_lzpi,C,1,4,5,4,ok,,/home/ebenq/dev/MyCloudAtlas.jl/notebooks/eqb_fuzzing/overnight_runs_updated/re400_lx2pi_lzpi/C/jkl_1_4_5/dns_findsoln/sol004
2026-03-10T07:45:41,re400_lx2pi_lzpi,C,1,3,5,4,skip_after_converged,,/home/ebenq/dev/MyCloudAtlas.jl/notebooks/eqb_fuzzing/overnight_runs_updated/re400_lx2pi_lzpi/C/jkl_1_3_5/dns_findsoln/sol004
2026-03-10T07:48:35,re400_lx2pi_lzpi,C,1,3,5,6,not_converged,,/home/ebenq/dev/MyCloudAtlas.jl/notebooks/eqb_fuzzing/overnight_runs_updated/re400_lx2pi_lzpi/C/jkl_1_3_5/dns_findsoln/sol006
2026-03-10T07:51:18,re400_lx2pi_lzpi,B,1,3,5,3,ok,,/home/ebenq/dev/MyCloudAtlas.jl/notebooks/eqb_fuzzing/overnight_runs_updated/re400_lx2pi_lzpi/B/jkl_1_3_5/dns_findsoln/sol003
2026-03-10T08:09:37,re400_lx2pi_lzpi,C,1,3,5,5,ok,,/home/ebenq/dev/MyCloudAtlas.jl/notebooks/eqb_fuzzing/overnight_runs_updated/re400_lx2pi_lzpi/C/jkl_1_3_5/dns_findsoln/sol005
2026-03-10T08:10:00,re400_lx2pi_lzpi,C,1,4,5,1,not_converged,,/home/ebenq/dev/MyCloudAtlas.jl/notebooks/eqb_fuzzing/overnight_runs_updated/re400_lx2pi_lzpi/C/jkl_1_4_5/dns_findsoln/sol001
2026-03-10T08:52:53,re400_lx2pi_lzpi,C,1,3,5,7,not_converged,,/home/ebenq/dev/MyCloudAtlas.jl/notebooks/eqb_fuzzing/overnight_runs_updated/re400_lx2pi_lzpi/C/jkl_1_3_5/dns_findsoln/sol007
2026-03-10T09:02:44,re400_lx2pi_lzpi,D,1,4,5,3,not_converged,,/home/ebenq/dev/MyCloudAtlas.jl/notebooks/eqb_fuzzing/overnight_runs_updated/re400_lx2pi_lzpi/D/jkl_1_4_5/dns_findsoln/sol003
2026-03-10T09:22:24,re400_lx2pi_lzpi,D,1,4,5,2,not_converged,,/home/ebenq/dev/MyCloudAtlas.jl/notebooks/eqb_fuzzing/overnight_runs_updated/re400_lx2pi_lzpi/D/jkl_1_4_5/dns_findsoln/sol002
2026-03-10T09:31:21,re400_lx2pi_lzpi,D,2,4,6,1,not_converged,,/home/ebenq/dev/MyCloudAtlas.jl/notebooks/eqb_fuzzing/overnight_runs_updated/re400_lx2pi_lzpi/D/jkl_2_4_6/dns_findsoln/sol001
2026-03-10T09:41:21,re400_lx2pi_lzpi,C,1,3,5,1,not_converged,,/home/ebenq/dev/MyCloudAtlas.jl/notebooks/eqb_fuzzing/overnight_runs_updated/re400_lx2pi_lzpi/C/jkl_1_3_5/dns_findsoln/sol001
2026-03-10T09:47:00,re400_lx2pi_lzpi,D,1,3,5,4,not_converged,,/home/ebenq/dev/MyCloudAtlas.jl/notebooks/eqb_fuzzing/overnight_runs_updated/re400_lx2pi_lzpi/D/jkl_1_3_5/dns_findsoln/sol004
2026-03-10T10:00:36,re400_lx2pi_lzpi,E,3,5,9,1,ok,,/home/ebenq/dev/MyCloudAtlas.jl/notebooks/eqb_fuzzing/overnight_runs_updated/re400_lx2pi_lzpi/E/jkl_3_5_9/dns_findsoln/sol001
2026-03-10T10:00:36,re400_lx2pi_lzpi,E,3,4,9,1,skip_after_converged,,/home/ebenq/dev/MyCloudAtlas.jl/notebooks/eqb_fuzzing/overnight_runs_updated/re400_lx2pi_lzpi/E/jkl_3_4_9/dns_findsoln/sol001
2026-03-10T10:00:36,re400_lx2pi_lzpi,E,2,4,9,1,skip_after_converged,,/home/ebenq/dev/MyCloudAtlas.jl/notebooks/eqb_fuzzing/overnight_runs_updated/re400_lx2pi_lzpi/E/jkl_2_4_9/dns_findsoln/sol001
2026-03-10T10:00:36,re400_lx2pi_lzpi,E,2,4,8,1,skip_after_converged,,/home/ebenq/dev/MyCloudAtlas.jl/notebooks/eqb_fuzzing/overnight_runs_updated/re400_lx2pi_lzpi/E/jkl_2_4_8/dns_findsoln/sol001
2026-03-10T10:00:36,re400_lx2pi_lzpi,E,2,4,7,1,skip_after_converged,,/home/ebenq/dev/MyCloudAtlas.jl/notebooks/eqb_fuzzing/overnight_runs_updated/re400_lx2pi_lzpi/E/jkl_2_4_7/dns_findsoln/sol001
2026-03-10T10:00:36,re400_lx2pi_lzpi,E,2,4,6,1,skip_after_converged,,/home/ebenq/dev/MyCloudAtlas.jl/notebooks/eqb_fuzzing/overnight_runs_updated/re400_lx2pi_lzpi/E/jkl_2_4_6/dns_findsoln/sol001
2026-03-10T10:00:36,re400_lx2pi_lzpi,E,2,4,5,1,skip_after_converged,,/home/ebenq/dev/MyCloudAtlas.jl/notebooks/eqb_fuzzing/overnight_runs_updated/re400_lx2pi_lzpi/E/jkl_2_4_5/dns_findsoln/sol001
2026-03-10T10:00:36,re400_lx2pi_lzpi,E,1,4,5,1,skip_after_converged,,/home/ebenq/dev/MyCloudAtlas.jl/notebooks/eqb_fuzzing/overnight_runs_updated/re400_lx2pi_lzpi/E/jkl_1_4_5/dns_findsoln/sol001
2026-03-10T10:00:36,re400_lx2pi_lzpi,E,1,3,5,1,skip_after_converged,,/home/ebenq/dev/MyCloudAtlas.jl/notebooks/eqb_fuzzing/overnight_runs_updated/re400_lx2pi_lzpi/E/jkl_1_3_5/dns_findsoln/sol001
2026-03-10T10:14:57,re400_lx2pi_lzpi,D,1,3,5,3,ok,,/home/ebenq/dev/MyCloudAtlas.jl/notebooks/eqb_fuzzing/overnight_runs_updated/re400_lx2pi_lzpi/D/jkl_1_3_5/dns_findsoln/sol003
2026-03-10T10:32:26,re400_lx2pi_lzpi,D,1,3,5,2,not_converged,,/home/ebenq/dev/MyCloudAtlas.jl/notebooks/eqb_fuzzing/overnight_runs_updated/re400_lx2pi_lzpi/D/jkl_1_3_5/dns_findsoln/sol002
2026-03-10T10:35:33,re400_lx2pi_lzpi,D,1,3,5,5,not_converged,,/home/ebenq/dev/MyCloudAtlas.jl/notebooks/eqb_fuzzing/overnight_runs_updated/re400_lx2pi_lzpi/D/jkl_1_3_5/dns_findsoln/sol005
2026-03-10T10:44:32,re400_lx2pi_lzpi,E,2,4,6,2,ok,,/home/ebenq/dev/MyCloudAtlas.jl/notebooks/eqb_fuzzing/overnight_runs_updated/re400_lx2pi_lzpi/E/jkl_2_4_6/dns_findsoln/sol002
2026-03-10T10:44:32,re400_lx2pi_lzpi,E,2,4,5,2,skip_after_converged,,/home/ebenq/dev/MyCloudAtlas.jl/notebooks/eqb_fuzzing/overnight_runs_updated/re400_lx2pi_lzpi/E/jkl_2_4_5/dns_findsoln/sol002
2026-03-10T10:44:32,re400_lx2pi_lzpi,E,1,4,5,2,skip_after_converged,,/home/ebenq/dev/MyCloudAtlas.jl/notebooks/eqb_fuzzing/overnight_runs_updated/re400_lx2pi_lzpi/E/jkl_1_4_5/dns_findsoln/sol002
2026-03-10T10:44:32,re400_lx2pi_lzpi,E,1,3,5,2,skip_after_converged,,/home/ebenq/dev/MyCloudAtlas.jl/notebooks/eqb_fuzzing/overnight_runs_updated/re400_lx2pi_lzpi/E/jkl_1_3_5/dns_findsoln/sol002
2026-03-10T10:55:09,re400_lx2pi_lzpi,D,1,3,5,6,not_converged,,/home/ebenq/dev/MyCloudAtlas.jl/notebooks/eqb_fuzzing/overnight_runs_updated/re400_lx2pi_lzpi/D/jkl_1_3_5/dns_findsoln/sol006
2026-03-10T11:13:52,re400_lx2pi_lzpi,D,2,4,5,1,not_converged,,/home/ebenq/dev/MyCloudAtlas.jl/notebooks/eqb_fuzzing/overnight_runs_updated/re400_lx2pi_lzpi/D/jkl_2_4_5/dns_findsoln/sol001
2026-03-10T11:14:15,re400_lx2pi_lzpi,E,1,3,5,7,ok,,/home/ebenq/dev/MyCloudAtlas.jl/notebooks/eqb_fuzzing/overnight_runs_updated/re400_lx2pi_lzpi/E/jkl_1_3_5/dns_findsoln/sol007
2026-03-10T11:24:21,re400_lx2pi_lzpi,D,1,4,5,1,ok,,/home/ebenq/dev/MyCloudAtlas.jl/notebooks/eqb_fuzzing/overnight_runs_updated/re400_lx2pi_lzpi/D/jkl_1_4_5/dns_findsoln/sol001
2026-03-10T11:24:21,re400_lx2pi_lzpi,D,1,3,5,1,skip_after_converged,,/home/ebenq/dev/MyCloudAtlas.jl/notebooks/eqb_fuzzing/overnight_runs_updated/re400_lx2pi_lzpi/D/jkl_1_3_5/dns_findsoln/sol001
2026-03-10T11:47:13,re400_lx2pi_lzpi,E,2,4,5,4,not_converged,,/home/ebenq/dev/MyCloudAtlas.jl/notebooks/eqb_fuzzing/overnight_runs_updated/re400_lx2pi_lzpi/E/jkl_2_4_5/dns_findsoln/sol004
2026-03-10T11:48:10,re400_lx2pi_lzpi,E,1,4,5,5,not_converged,,/home/ebenq/dev/MyCloudAtlas.jl/notebooks/eqb_fuzzing/overnight_runs_updated/re400_lx2pi_lzpi/E/jkl_1_4_5/dns_findsoln/sol005
2026-03-10T12:00:39,re400_lx2pi_lzpi,E,2,4,5,3,not_converged,,/home/ebenq/dev/MyCloudAtlas.jl/notebooks/eqb_fuzzing/overnight_runs_updated/re400_lx2pi_lzpi/E/jkl_2_4_5/dns_findsoln/sol003
2026-03-10T12:16:57,re400_lx2pi_lzpi,F,2,4,9,1,not_converged,,/home/ebenq/dev/MyCloudAtlas.jl/notebooks/eqb_fuzzing/overnight_runs_updated/re400_lx2pi_lzpi/F/jkl_2_4_9/dns_findsoln/sol001
2026-03-10T12:18:17,re400_lx2pi_lzpi,E,1,3,5,6,not_converged,,/home/ebenq/dev/MyCloudAtlas.jl/notebooks/eqb_fuzzing/overnight_runs_updated/re400_lx2pi_lzpi/E/jkl_1_3_5/dns_findsoln/sol006
2026-03-10T12:29:03,re400_lx2pi_lzpi,F,1,4,5,2,not_converged,,/home/ebenq/dev/MyCloudAtlas.jl/notebooks/eqb_fuzzing/overnight_runs_updated/re400_lx2pi_lzpi/F/jkl_1_4_5/dns_findsoln/sol002
2026-03-10T12:37:47,re400_lx2pi_lzpi,F,1,3,5,3,ok,,/home/ebenq/dev/MyCloudAtlas.jl/notebooks/eqb_fuzzing/overnight_runs_updated/re400_lx2pi_lzpi/F/jkl_1_3_5/dns_findsoln/sol003
2026-03-10T13:06:48,re400_lx2pi_lzpi,E,1,3,5,5,not_converged,,/home/ebenq/dev/MyCloudAtlas.jl/notebooks/eqb_fuzzing/overnight_runs_updated/re400_lx2pi_lzpi/E/jkl_1_3_5/dns_findsoln/sol005
2026-03-10T13:12:46,re400_lx2pi_lzpi,E,1,4,5,4,not_converged,,/home/ebenq/dev/MyCloudAtlas.jl/notebooks/eqb_fuzzing/overnight_runs_updated/re400_lx2pi_lzpi/E/jkl_1_4_5/dns_findsoln/sol004
2026-03-10T13:18:16,re400_lx2pi_lzpi,E,1,4,5,3,not_converged,,/home/ebenq/dev/MyCloudAtlas.jl/notebooks/eqb_fuzzing/overnight_runs_updated/re400_lx2pi_lzpi/E/jkl_1_4_5/dns_findsoln/sol003
2026-03-10T13:21:40,re400_lx2pi_lzpi,F,2,4,8,1,not_converged,,/home/ebenq/dev/MyCloudAtlas.jl/notebooks/eqb_fuzzing/overnight_runs_updated/re400_lx2pi_lzpi/F/jkl_2_4_8/dns_findsoln/sol001
2026-03-10T13:31:15,re400_lx2pi_lzpi,G,1,4,5,1,ok,,/home/ebenq/dev/MyCloudAtlas.jl/notebooks/eqb_fuzzing/overnight_runs_updated/re400_lx2pi_lzpi/G/jkl_1_4_5/dns_findsoln/sol001
2026-03-10T13:31:15,re400_lx2pi_lzpi,G,1,3,5,1,skip_after_converged,,/home/ebenq/dev/MyCloudAtlas.jl/notebooks/eqb_fuzzing/overnight_runs_updated/re400_lx2pi_lzpi/G/jkl_1_3_5/dns_findsoln/sol001
2026-03-10T13:34:14,re400_lx2pi_lzpi,F,1,3,5,2,not_converged,,/home/ebenq/dev/MyCloudAtlas.jl/notebooks/eqb_fuzzing/overnight_runs_updated/re400_lx2pi_lzpi/F/jkl_1_3_5/dns_findsoln/sol002
2026-03-10T13:37:32,re400_lx2pi_lzpi,E,1,3,5,3,ok,,/home/ebenq/dev/MyCloudAtlas.jl/notebooks/eqb_fuzzing/overnight_runs_updated/re400_lx2pi_lzpi/E/jkl_1_3_5/dns_findsoln/sol003
2026-03-10T13:41:43,re400_lx2pi_lzpi,F,1,3,5,4,not_converged,,/home/ebenq/dev/MyCloudAtlas.jl/notebooks/eqb_fuzzing/overnight_runs_updated/re400_lx2pi_lzpi/F/jkl_1_3_5/dns_findsoln/sol004
2026-03-10T13:42:37,re400_lx2pi_lzpi,G,1,4,5,2,ok,,/home/ebenq/dev/MyCloudAtlas.jl/notebooks/eqb_fuzzing/overnight_runs_updated/re400_lx2pi_lzpi/G/jkl_1_4_5/dns_findsoln/sol002
2026-03-10T13:42:37,re400_lx2pi_lzpi,G,1,3,5,2,skip_after_converged,,/home/ebenq/dev/MyCloudAtlas.jl/notebooks/eqb_fuzzing/overnight_runs_updated/re400_lx2pi_lzpi/G/jkl_1_3_5/dns_findsoln/sol002
2026-03-10T14:13:32,re400_lx2pi_lzpi,G,1,4,5,4,ok,,/home/ebenq/dev/MyCloudAtlas.jl/notebooks/eqb_fuzzing/overnight_runs_updated/re400_lx2pi_lzpi/G/jkl_1_4_5/dns_findsoln/sol004
2026-03-10T14:13:32,re400_lx2pi_lzpi,G,1,3,5,4,skip_after_converged,,/home/ebenq/dev/MyCloudAtlas.jl/notebooks/eqb_fuzzing/overnight_runs_updated/re400_lx2pi_lzpi/G/jkl_1_3_5/dns_findsoln/sol004
2026-03-10T14:21:39,re400_lx2pi_lzpi,G,1,3,5,6,ok,,/home/ebenq/dev/MyCloudAtlas.jl/notebooks/eqb_fuzzing/overnight_runs_updated/re400_lx2pi_lzpi/G/jkl_1_3_5/dns_findsoln/sol006
2026-03-10T14:23:57,re400_lx2pi_lzpi,F,2,4,7,1,not_converged,,/home/ebenq/dev/MyCloudAtlas.jl/notebooks/eqb_fuzzing/overnight_runs_updated/re400_lx2pi_lzpi/F/jkl_2_4_7/dns_findsoln/sol001
2026-03-10T14:25:13,re400_lx2pi_lzpi,E,1,3,5,4,not_converged,,/home/ebenq/dev/MyCloudAtlas.jl/notebooks/eqb_fuzzing/overnight_runs_updated/re400_lx2pi_lzpi/E/jkl_1_3_5/dns_findsoln/sol004
2026-03-10T14:27:05,re400_lx2pi_lzpi,G,1,3,5,5,ok,,/home/ebenq/dev/MyCloudAtlas.jl/notebooks/eqb_fuzzing/overnight_runs_updated/re400_lx2pi_lzpi/G/jkl_1_3_5/dns_findsoln/sol005
2026-03-10T14:55:42,re400_lx2pi_lzpi,G,1,4,5,3,not_converged,,/home/ebenq/dev/MyCloudAtlas.jl/notebooks/eqb_fuzzing/overnight_runs_updated/re400_lx2pi_lzpi/G/jkl_1_4_5/dns_findsoln/sol003
2026-03-10T15:05:27,re400_lx2pi_lzpi,F,2,4,6,1,not_converged,,/home/ebenq/dev/MyCloudAtlas.jl/notebooks/eqb_fuzzing/overnight_runs_updated/re400_lx2pi_lzpi/F/jkl_2_4_6/dns_findsoln/sol001
2026-03-10T15:11:12,re400_lx2pi_lzpi,G,1,3,5,3,ok,,/home/ebenq/dev/MyCloudAtlas.jl/notebooks/eqb_fuzzing/overnight_runs_updated/re400_lx2pi_lzpi/G/jkl_1_3_5/dns_findsoln/sol003
2026-03-10T15:41:14,re400_lx2pi_lzpi,F,2,4,5,1,not_converged,,/home/ebenq/dev/MyCloudAtlas.jl/notebooks/eqb_fuzzing/overnight_runs_updated/re400_lx2pi_lzpi/F/jkl_2_4_5/dns_findsoln/sol001
2026-03-10T15:47:01,re400_lx2pi_lzpi,F,1,4,5,1,ok,,/home/ebenq/dev/MyCloudAtlas.jl/notebooks/eqb_fuzzing/overnight_runs_updated/re400_lx2pi_lzpi/F/jkl_1_4_5/dns_findsoln/sol001
2026-03-10T15:47:01,re400_lx2pi_lzpi,F,1,3,5,1,skip_after_converged,,/home/ebenq/dev/MyCloudAtlas.jl/notebooks/eqb_fuzzing/overnight_runs_updated/re400_lx2pi_lzpi/F/jkl_1_3_5/dns_findsoln/sol001
