step,Re,rank,eig_real,eig_imag
1,300.0,1,0.061981281487398066,0.0
1,300.0,2,-0.01949801274494476,-0.09525540965352915
1,300.0,3,-0.01949801274494476,0.09525540965352915
1,300.0,4,-0.036858800178914075,0.0
1,300.0,5,-0.05296429339536009,-0.04233474981501228
1,300.0,6,-0.05296429339536009,0.04233474981501228
1,300.0,7,-0.06424379572207856,-0.12855313507435276
1,300.0,8,-0.06424379572207856,0.12855313507435276
1,300.0,9,-0.07330754964030244,-0.7137938935715538
1,300.0,10,-0.07330754964030244,0.7137938935715538
1,300.0,11,-0.07428135526045808,0.0
1,300.0,12,-0.0757910581352248,-0.5342634702862865
1,300.0,13,-0.0757910581352248,0.5342634702862865
1,300.0,14,-0.08553982795677684,-0.9123239510510811
1,300.0,15,-0.08553982795677684,0.9123239510510811
1,300.0,16,-0.09150357555277622,-0.5870420213973753
1,300.0,17,-0.09150357555277622,0.5870420213973753
1,300.0,18,-0.09198815967078819,-0.2085896246498649
1,300.0,19,-0.09198815967078819,0.2085896246498649
1,300.0,20,-0.09212248300929746,-0.2978535682786351
1,300.0,21,-0.09212248300929746,0.2978535682786351
1,300.0,22,-0.10902774288761505,-1.2645121453937376
1,300.0,23,-0.10902774288761505,1.2645121453937376
1,300.0,24,-0.11552746560661958,0.0
1,300.0,25,-0.1220313826075907,-0.040496012122275646
1,300.0,26,-0.1220313826075907,0.040496012122275646
1,300.0,27,-0.1281902752976783,-0.48000892908694903
1,300.0,28,-0.1281902752976783,0.48000892908694903
1,300.0,29,-0.13194948390286637,-0.32807589325246095
1,300.0,30,-0.13194948390286637,0.32807589325246095
1,300.0,31,-0.13787422297585916,-0.24446188368066926
1,300.0,32,-0.13787422297585916,0.24446188368066926
1,300.0,33,-0.13850868345561496,-0.14122997567222836
1,300.0,34,-0.13850868345561496,0.14122997567222836
1,300.0,35,-0.1403861791453846,0.0
1,300.0,36,-0.15023576118411267,-0.6656805172008713
1,300.0,37,-0.15023576118411267,0.6656805172008713
1,300.0,38,-0.15929237300710447,-0.5777057535542796
1,300.0,39,-0.15929237300710447,0.5777057535542796
1,300.0,40,-0.1627002491879047,0.0
2,301.0,1,0.062089164641257244,0.0
2,301.0,2,-0.018878023618430897,-0.09538628430257332
2,301.0,3,-0.018878023618430897,0.09538628430257332
2,301.0,4,-0.03676842855505661,0.0
2,301.0,5,-0.05232184785888816,-0.04240313143665492
2,301.0,6,-0.05232184785888816,0.04240313143665492
2,301.0,7,-0.06427266618137542,-0.12786341704575602
2,301.0,8,-0.06427266618137542,0.12786341704575602
2,301.0,9,-0.07249786465827897,-0.7132098193185534
2,301.0,10,-0.07249786465827897,0.7132098193185534
2,301.0,11,-0.0748197707882806,-0.5340114117624726
2,301.0,12,-0.0748197707882806,0.5340114117624726
2,301.0,13,-0.07547158297902451,0.0
2,301.0,14,-0.0847780551941043,-0.9123495046562752
2,301.0,15,-0.0847780551941043,0.9123495046562752
2,301.0,16,-0.09087754743491763,-0.5873196423569648
2,301.0,17,-0.09087754743491763,0.5873196423569648
2,301.0,18,-0.0909182818831483,-0.20783990640510222
2,301.0,19,-0.0909182818831483,0.20783990640510222
2,301.0,20,-0.09151610672461535,-0.2982872316646009
2,301.0,21,-0.09151610672461535,0.2982872316646009
2,301.0,22,-0.10838336821827144,-1.2648946825140857
2,301.0,23,-0.10838336821827144,1.2648946825140857
2,301.0,24,-0.11482196295977673,0.0
2,301.0,25,-0.12165236867166737,-0.04056529550460966
2,301.0,26,-0.12165236867166737,0.04056529550460966
2,301.0,27,-0.12792931696174326,-0.4805202212495738
2,301.0,28,-0.12792931696174326,0.4805202212495738
2,301.0,29,-0.13226070113802163,-0.3280672465895136
2,301.0,30,-0.13226070113802163,0.3280672465895136
2,301.0,31,-0.13736652257031096,-0.2447800051226004
2,301.0,32,-0.13736652257031096,0.2447800051226004
2,301.0,33,-0.13825566632453967,-0.14096295717464072
2,301.0,34,-0.13825566632453967,0.14096295717464072
2,301.0,35,-0.1397597161681157,0.0
2,301.0,36,-0.14969467142045734,-0.6659218217692795
2,301.0,37,-0.14969467142045734,0.6659218217692795
2,301.0,38,-0.15927809110595958,-0.5771160915824803
2,301.0,39,-0.15927809110595958,0.5771160915824803
2,301.0,40,-0.16228210311556834,0.0
3,302.0,1,0.062194400357782786,0.0
3,302.0,2,-0.018273654277441924,-0.09551490333840175
3,302.0,3,-0.018273654277441924,0.09551490333840175
3,302.0,4,-0.036680521775494815,0.0
3,302.0,5,-0.05171036205174473,-0.042480415325608416
3,302.0,6,-0.05171036205174473,0.042480415325608416
3,302.0,7,-0.06428796618305957,-0.12717572522079182
3,302.0,8,-0.06428796618305957,0.12717572522079182
3,302.0,9,-0.07169912813789289,-0.7126405080138646
3,302.0,10,-0.07169912813789289,0.7126405080138646
3,302.0,11,-0.07385732796746848,-0.5337585223196435
3,302.0,12,-0.07385732796746848,0.5337585223196435
3,302.0,13,-0.07659433270041509,0.0
3,302.0,14,-0.08402075952620489,-0.9123736379820708
3,302.0,15,-0.08402075952620489,0.9123736379820708
3,302.0,16,-0.08987516366877282,-0.20711574312926465
3,302.0,17,-0.08987516366877282,0.20711574312926465
3,302.0,18,-0.09024965488523454,-0.5875933031942726
3,302.0,19,-0.09024965488523454,0.5875933031942726
3,302.0,20,-0.09091569080688733,-0.29870007554287165
3,302.0,21,-0.09091569080688733,0.29870007554287165
3,302.0,22,-0.1077410135551756,-1.265273481018605
3,302.0,23,-0.1077410135551756,1.265273481018605
3,302.0,24,-0.11412337708328277,0.0
3,302.0,25,-0.12127412982765326,-0.040618082259055714
3,302.0,26,-0.12127412982765326,0.040618082259055714
3,302.0,27,-0.12765731134578556,-0.48104041662840497
3,302.0,28,-0.12765731134578556,0.48104041662840497
3,302.0,29,-0.13262187978691825,-0.32808364054514716
3,302.0,30,-0.13262187978691825,0.32808364054514716
3,302.0,31,-0.1368563986005769,-0.2450866197089599
3,302.0,32,-0.1368563986005769,0.2450866197089599
3,302.0,33,-0.13797270600615694,-0.14067659411956618
3,302.0,34,-0.13797270600615694,0.14067659411956618
3,302.0,35,-0.1391559116700471,0.0
3,302.0,36,-0.14915681810479423,-0.6661605122479238
3,302.0,37,-0.14915681810479423,0.6661605122479238
3,302.0,38,-0.1592725627384604,-0.5765101489185528
3,302.0,39,-0.1592725627384604,0.5765101489185528
3,302.0,40,-0.1618586263760662,0.0
4,303.0,1,0.062297094295640634,0.0
4,303.0,2,-0.017684614551732085,-0.09564129333669023
4,303.0,3,-0.017684614551732085,0.09564129333669023
4,303.0,4,-0.036594886104068594,0.0
4,303.0,5,-0.051127891468043044,-0.042563643881817464
4,303.0,6,-0.051127891468043044,0.042563643881817464
4,303.0,7,-0.06428938467203632,-0.1264897970533365
4,303.0,8,-0.06428938467203632,0.1264897970533365
4,303.0,9,-0.07091099873945113,-0.7120855932978947
4,303.0,10,-0.07091099873945113,0.7120855932978947
4,303.0,11,-0.072903498726717,-0.5335049832938172
4,303.0,12,-0.072903498726717,0.5335049832938172
4,303.0,13,-0.07765486954369022,0.0
4,303.0,14,-0.08326791470983619,-0.9123963985121611
4,303.0,15,-0.08326791470983619,0.9123963985121611
4,303.0,16,-0.08885825550172516,-0.2064155158086619
4,303.0,17,-0.08885825550172516,0.2064155158086619
4,303.0,18,-0.08962024947129146,-0.5878628220205426
4,303.0,19,-0.08962024947129146,0.5878628220205426
4,303.0,20,-0.09032204399438362,-0.2990932567471535
4,303.0,21,-0.09032204399438362,0.2990932567471535
4,303.0,22,-0.10710069563500085,-1.2656485450558812
4,303.0,23,-0.10710069563500085,1.2656485450558812
4,303.0,24,-0.11342974192539682,0.0
4,303.0,25,-0.12089623142223835,-0.04065478462046776
4,303.0,26,-0.12089623142223835,0.04065478462046776
4,303.0,27,-0.12737372972218886,-0.4815686015990991
4,303.0,28,-0.12737372972218886,0.4815686015990991
4,303.0,29,-0.13304030107100454,-0.3281285939047382
4,303.0,30,-0.13304030107100454,0.3281285939047382
4,303.0,31,-0.13634444683253566,-0.2453826612609996
4,303.0,32,-0.13634444683253566,0.2453826612609996
4,303.0,33,-0.13765561515730268,-0.1403735096227255
4,303.0,34,-0.13765561515730268,0.1403735096227255
4,303.0,35,-0.13857541675752996,0.0
4,303.0,36,-0.1486221947408865,-0.6663966813153507
4,303.0,37,-0.1486221947408865,0.6663966813153507
4,303.0,38,-0.15927333272183003,-0.5758864260826505
4,303.0,39,-0.15927333272183003,0.5758864260826505
4,303.0,40,-0.1605720738119002,-1.017750214270781
5,304.0,1,0.06239734951933206,0.0
5,304.0,2,-0.01711061192054166,-0.09576548509362137
5,304.0,3,-0.01711061192054166,0.09576548509362137
5,304.0,4,-0.03651135398363654,0.0
5,304.0,5,-0.05057245184401174,-0.042650451000156984
5,304.0,6,-0.05057245184401174,0.042650451000156984
5,304.0,7,-0.06427661414184557,-0.12580539907726898
5,304.0,8,-0.06427661414184557,0.12580539907726898
5,304.0,9,-0.07013314480493701,-0.711544717540717
5,304.0,10,-0.07013314480493701,0.711544717540717
5,304.0,11,-0.07195806009584393,-0.5332509524761853
5,304.0,12,-0.07195806009584393,0.5332509524761853
5,304.0,13,-0.07865859998580203,0.0
5,304.0,14,-0.08251949388652163,-0.9124178297965966
5,304.0,15,-0.08251949388652163,0.9124178297965966
5,304.0,16,-0.08786700623046201,-0.20573770259022914
5,304.0,17,-0.08786700623046201,0.20573770259022914
5,304.0,18,-0.08898966783469596,-0.5881280563236881
5,304.0,19,-0.08898966783469596,0.5881280563236881
5,304.0,20,-0.08973584725072065,-0.2994679133680659
5,304.0,21,-0.08973584725072065,0.2994679133680659
5,304.0,22,-0.10646242982917936,-1.2660198800679079
5,304.0,23,-0.10646242982917936,1.2660198800679079
5,304.0,24,-0.11273904199214185,0.0
5,304.0,25,-0.12051820962644114,-0.04067585456555659
5,304.0,26,-0.12051820962644114,0.04067585456555659
5,304.0,27,-0.12707812533698018,-0.4821038172532332
5,304.0,28,-0.12707812533698018,0.4821038172532332
5,304.0,29,-0.13352537606212395,-0.32820735831751296
5,304.0,30,-0.13352537606212395,0.32820735831751296
5,304.0,31,-0.13583122402385112,-0.24566901678626962
5,304.0,32,-0.13583122402385112,0.24566901678626962
5,304.0,33,-0.1373004045966486,-0.1400573162725663
5,304.0,34,-0.1373004045966486,0.1400573162725663
5,304.0,35,-0.1380188733434435,0.0
5,304.0,36,-0.14809079505539885,-0.666630416651877
5,304.0,37,-0.14809079505539885,0.666630416651877
5,304.0,38,-0.15910655816638847,-1.0178210331860083
5,304.0,39,-0.15910655816638847,1.0178210331860083
5,304.0,40,-0.15927752164223435,-0.5752435801684322
6,305.0,1,0.062495266385414854,0.0
6,305.0,2,-0.0165513531004294,-0.09588751248853122
6,305.0,3,-0.0165513531004294,0.09588751248853122
6,305.0,4,-0.0364297793485878,0.0
6,305.0,5,-0.0500421026215568,-0.042738960926809885
6,305.0,6,-0.0500421026215568,0.042738960926809885
6,305.0,7,-0.06424934739500333,-0.12512233017181984
6,305.0,8,-0.06424934739500333,0.12512233017181984
6,305.0,9,-0.06936524414093154,-0.7110175323101413
6,305.0,10,-0.06936524414093154,0.7110175323101413
6,305.0,11,-0.07102079739475303,-0.532996566680308
6,305.0,12,-0.07102079739475303,0.532996566680308
6,305.0,13,-0.07961092911319345,0.0
6,305.0,14,-0.0817754696568497,-0.9124379716572806
6,305.0,15,-0.0817754696568497,0.9124379716572806
6,305.0,16,-0.08690086506216685,-0.20508087311326512
6,305.0,17,-0.08690086506216685,0.20508087311326512
6,305.0,18,-0.08835823057693867,-0.5883888981242298
6,305.0,19,-0.08835823057693867,0.5883888981242298
6,305.0,20,-0.08915766668996195,-0.29982515585016906
6,305.0,21,-0.08915766668996195,0.29982515585016906
6,305.0,22,-0.10582623019290444,-1.2663874926249967
6,305.0,23,-0.10582623019290444,1.2663874926249967
6,305.0,24,-0.11204918789382236,0.0
6,305.0,25,-0.12013957887622115,-0.04068178459832095
6,305.0,26,-0.12013957887622115,0.04068178459832095
6,305.0,27,-0.12677013816320742,-0.48264507056758027
6,305.0,28,-0.12677013816320742,0.48264507056758027
6,305.0,29,-0.1340894233261427,-0.3283279757814969
6,305.0,30,-0.1340894233261427,0.3283279757814969
6,305.0,31,-0.13531724775649856,-0.24594653137421668
6,305.0,32,-0.13531724775649856,0.24594653137421668
6,305.0,33,-0.13690357511270076,-0.13973262741756948
6,305.0,34,-0.13690357511270076,0.13973262741756948
6,305.0,35,-0.13748691456343584,0.0
6,305.0,36,-0.14756261283920302,-0.6668618010544864
6,305.0,37,-0.14756261283920302,0.6668618010544864
6,305.0,38,-0.15765534207072623,-1.0178860049478031
6,305.0,39,-0.15765534207072623,1.0178860049478031
6,305.0,40,-0.15928181167252098,-0.5745805525150491
7,306.0,1,0.0625909425357127,0.0
7,306.0,2,-0.01600654540401847,-0.09600741161608674
7,306.0,3,-0.01600654540401847,0.09600741161608674
7,306.0,4,-0.03635003393618222,0.0
7,306.0,5,-0.0495349965338324,-0.04282769738917439
7,306.0,6,-0.0495349965338324,0.04282769738917439
7,306.0,7,-0.06420727522294198,-0.12444042487110253
7,306.0,8,-0.06420727522294198,0.12444042487110253
7,306.0,9,-0.06860698374712604,-0.7105036983688413
7,306.0,10,-0.06860698374712604,0.7105036983688413
7,306.0,11,-0.07009150434655395,-0.5327419439462905
7,306.0,12,-0.07009150434655395,0.5327419439462905
7,306.0,13,-0.08051719134913746,0.0
7,306.0,14,-0.08103581414806373,-0.9124568604169488
7,306.0,15,-0.08103581414806373,0.9124568604169488
7,306.0,16,-0.08595928336697985,-0.2044436830891848
7,306.0,17,-0.08595928336697985,0.2044436830891848
7,306.0,18,-0.0877262416465241,-0.5886452697413462
7,306.0,19,-0.0877262416465241,0.5886452697413462
7,306.0,20,-0.08858796591983958,-0.3001660603645214
7,306.0,21,-0.08858796591983958,0.3001660603645214
7,306.0,22,-0.10519210950781482,-1.2667513903330798
7,306.0,23,-0.10519210950781482,1.2667513903330798
7,306.0,24,-0.11135798728114164,0.0
7,306.0,25,-0.11975983935392931,-0.0406731083627533
7,306.0,26,-0.11975983935392931,0.0406731083627533
7,306.0,27,-0.12644949776942604,-0.48319134612322784
7,306.0,28,-0.12644949776942604,0.48319134612322784
7,306.0,29,-0.1347487924847403,-0.3285032250301712
7,306.0,30,-0.1347487924847403,0.3285032250301712
7,306.0,31,-0.13480299738777152,-0.24621601265586304
7,306.0,32,-0.13480299738777152,0.24621601265586304
7,306.0,33,-0.1364624265957407,-0.1394049602364558
7,306.0,34,-0.1364624265957407,0.1394049602364558
7,306.0,35,-0.1369801623522227,0.0
7,306.0,36,-0.14703764187372664,-0.6670909125859938
7,306.0,37,-0.14703764187372664,0.6670909125859938
7,306.0,38,-0.15621815156127405,-1.0179453867798667
7,306.0,39,-0.15621815156127405,1.0179453867798667
7,306.0,40,-0.15928246995760661,-0.5738967186878725
8,307.0,1,0.0626844729059279,0.0
8,307.0,2,-0.015475897948044576,-0.09612522008416483
8,307.0,3,-0.015475897948044576,0.09612522008416483
8,307.0,4,-0.036272004352842335,0.0
8,307.0,5,-0.04904940605823391,-0.04291550576148211
8,307.0,6,-0.04904940605823391,0.04291550576148211
8,307.0,7,-0.06415008490633237,-0.12375955695380114
8,307.0,8,-0.06415008490633237,0.12375955695380114
8,307.0,9,-0.06785805954281882,-0.7100028856227627
8,307.0,10,-0.06785805954281882,0.7100028856227627
8,307.0,11,-0.06916998307785374,-0.5324871855291585
8,307.0,12,-0.06916998307785374,0.5324871855291585
8,307.0,13,-0.08030049907579109,-0.9124745291174674
8,307.0,14,-0.08030049907579109,0.9124745291174674
8,307.0,15,-0.08138263536047262,0.0
8,307.0,16,-0.08504171641660696,-0.2038248693698701
8,307.0,17,-0.08504171641660696,0.2038248693698701
8,307.0,18,-0.08709398805730106,-0.5888971199359953
8,307.0,19,-0.08709398805730106,0.5888971199359953
8,307.0,20,-0.08802711775586883,-0.3004916640575831
8,307.0,21,-0.08802711775586883,0.3004916640575831
8,307.0,22,-0.10456007932612159,-1.2671115817481724
8,307.0,23,-0.10456007932612159,1.2671115817481724
8,307.0,24,-0.11066310868051468,0.0
8,307.0,25,-0.11937848443064351,-0.040650400902739886
8,307.0,26,-0.11937848443064351,0.040650400902739886
8,307.0,27,-0.12611602427254623,-0.48374161792346343
8,307.0,28,-0.12611602427254623,0.48374161792346343
8,307.0,29,-0.13428891572382667,-0.24647823482804726
8,307.0,30,-0.13428891572382667,0.24647823482804726
8,307.0,31,-0.13552537997072667,-0.3287544693742162
8,307.0,32,-0.13552537997072667,0.3287544693742162
8,307.0,33,-0.13597533517219568,-0.13908052198526263
8,307.0,34,-0.13597533517219568,0.13908052198526263
8,307.0,35,-0.13649922279907692,0.0
8,307.0,36,-0.1465158758744568,-0.6673178247319327
8,307.0,37,-0.1465158758744568,0.6673178247319327
8,307.0,38,-0.15479471804457204,-1.0179994142452413
8,307.0,39,-0.15479471804457204,1.0179994142452413
8,307.0,40,-0.15927542489376612,-0.5731920489631195
9,308.0,1,0.06277594974713864,0.0
9,308.0,2,-0.014959122715431011,-0.09624097645277133
9,308.0,3,-0.014959122715431011,0.09624097645277133
9,308.0,4,-0.03619558971924339,0.0
9,308.0,5,-0.048583734663680496,-0.04300148838237365
9,308.0,6,-0.048583734663680496,0.04300148838237365
9,308.0,7,-0.06407745964820283,-0.12307964323612061
9,308.0,8,-0.06407745964820283,0.12307964323612061
9,308.0,9,-0.0671181760932622,-0.709514773028258
9,308.0,10,-0.0671181760932622,0.709514773028258
9,308.0,11,-0.06825604403140378,-0.5322323776889298
9,308.0,12,-0.06825604403140378,0.5322323776889298
9,308.0,13,-0.079569495800396,-0.9124910077275925
9,308.0,14,-0.079569495800396,0.9124910077275925
9,308.0,15,-0.08221245083436625,0.0
9,308.0,16,-0.08414762506490697,-0.20322324537794723
9,308.0,17,-0.08414762506490697,0.20322324537794723
9,308.0,18,-0.0864617398752048,-0.5891444204183934
9,308.0,19,-0.0864617398752048,0.5891444204183934
9,308.0,20,-0.08747541514984235,-0.3008029619054112
9,308.0,21,-0.08747541514984235,0.3008029619054112
9,308.0,22,-0.10393015001560069,-1.2674680762974604
9,308.0,23,-0.10393015001560069,1.2674680762974604
9,308.0,24,-0.10996203465907287,0.0
9,308.0,25,-0.11899500803253371,-0.040614278487588605
9,308.0,26,-0.11899500803253371,0.040614278487588605
9,308.0,27,-0.1257696274359829,-0.4842948609422748
9,308.0,28,-0.1257696274359829,0.4842948609422748
9,308.0,29,-0.13377541114151237,-0.24673394238595175
9,308.0,30,-0.13377541114151237,0.24673394238595175
9,308.0,31,-0.13544194659449424,-0.13876589748821844
9,308.0,32,-0.13544194659449424,0.13876589748821844
9,308.0,33,-0.1360446796238673,0.0
9,308.0,34,-0.1364480319782948,-0.32911987741682147
9,308.0,35,-0.1364480319782948,0.32911987741682147
9,308.0,36,-0.14599730844970668,-0.6675426065632672
9,308.0,37,-0.14599730844970668,0.6675426065632672
9,308.0,38,-0.15338477841516046,-1.0180483032569967
9,308.0,39,-0.15338477841516046,1.0180483032569967
9,308.0,40,-0.15922797172068454,0.0
10,309.0,1,0.0628654626580575,0.0
10,309.0,2,-0.01445593547859641,-0.09635471979207225
10,309.0,3,-0.01445593547859641,0.09635471979207225
10,309.0,4,-0.036120699763802624,0.0
10,309.0,5,-0.04813651845591329,-0.04308495182323248
10,309.0,6,-0.04813651845591329,0.04308495182323248
10,309.0,7,-0.06398907903822035,-0.12240064745729266
10,309.0,8,-0.06398907903822035,0.12240064745729266
10,309.0,9,-0.06638704633749726,-0.7090390484648849
10,309.0,10,-0.06638704633749726,0.7090390484648849
10,309.0,11,-0.06734950581168843,-0.5319775932993966
10,309.0,12,-0.06734950581168843,0.5319775932993966
10,309.0,13,-0.07884277537839887,-0.9125063233403782
10,309.0,14,-0.07884277537839887,0.9125063233403782
10,309.0,15,-0.08301183117159262,0.0
10,309.0,16,-0.0832764773617038,-0.2026376968107231
10,309.0,17,-0.0832764773617038,0.2026376968107231
10,309.0,18,-0.08582975041875568,-0.5893871627025895
10,309.0,19,-0.08582975041875568,0.5893871627025895
10,309.0,20,-0.0869330812351233,-0.3011009049066546
10,309.0,21,-0.0869330812351233,0.3011009049066546
10,309.0,22,-0.10330233080506684,-1.2678208842065417
10,309.0,23,-0.10330233080506684,1.2678208842065417
10,309.0,24,-0.10925199898187585,0.0
10,309.0,25,-0.11860891188611328,-0.04056539793835421
10,309.0,26,-0.11860891188611328,0.04056539793835421
10,309.0,27,-0.1254103040522269,-0.4848500620700814
10,309.0,28,-0.1254103040522269,0.4848500620700814
10,309.0,29,-0.13326285996050097,-0.24698385366688358
10,309.0,30,-0.13326285996050097,0.24698385366688358
10,309.0,31,-0.13486324789785575,-0.13846768129473463
10,309.0,32,-0.13486324789785575,0.13846768129473463
10,309.0,33,-0.13561708608319692,0.0
10,309.0,34,-0.13755001551252813,-0.3296731538674826
10,309.0,35,-0.13755001551252813,0.3296731538674826
10,309.0,36,-0.14548193307298446,-0.66776532290354
10,309.0,37,-0.14548193307298446,0.66776532290354
10,309.0,38,-0.1519880751309062,-1.0180922518883984
10,309.0,39,-0.1519880751309062,1.0180922518883984
10,309.0,40,-0.15877794729732858,0.0
11,310.0,1,0.06295309862608123,0.0
11,310.0,2,-0.013966056592932362,-0.0964664893401843
11,310.0,3,-0.013966056592932362,0.0964664893401843
11,310.0,4,-0.03604725326698903,0.0
11,310.0,5,-0.04770642204368152,-0.04316536442035766
11,310.0,6,-0.04770642204368152,0.04316536442035766
11,310.0,7,-0.06388462062529893,-0.12172258411291484
11,310.0,8,-0.06388462062529893,0.12172258411291484
11,310.0,9,-0.06566439131898666,-0.7085754085798753
11,310.0,10,-0.06566439131898666,0.7085754085798753
11,310.0,11,-0.06645019498021074,-0.5317228932922137
11,310.0,12,-0.06645019498021074,0.5317228932922137
11,310.0,13,-0.07812030860938943,-0.9125205003604441
11,310.0,14,-0.07812030860938943,0.9125205003604441
11,310.0,15,-0.08242775008456454,-0.20206717755874037
11,310.0,16,-0.08242775008456454,0.20206717755874037
11,310.0,17,-0.08378607256465909,0.0
11,310.0,18,-0.08519825662642554,-0.5896253552875852
11,310.0,19,-0.08519825662642554,0.5896253552875852
11,310.0,20,-0.08640027844156706,-0.30138639936436895
11,310.0,21,-0.08640027844156706,0.30138639936436895
11,310.0,22,-0.10267662982995795,-1.2681700164322964
11,310.0,23,-0.10267662982995795,1.2681700164322964
11,310.0,24,-0.10852989951685024,0.0
11,310.0,25,-0.1182197125907696,-0.04050445540591961
11,310.0,26,-0.1182197125907696,0.04050445540591961
11,310.0,27,-0.1250381338123464,-0.4854062301756692
11,310.0,28,-0.1250381338123464,0.4854062301756692
11,310.0,29,-0.1327516089247719,-0.24722866428077933
11,310.0,30,-0.1327516089247719,0.24722866428077933
11,310.0,31,-0.13424150574425264,-0.13819211165225131
11,310.0,32,-0.13424150574425264,0.13819211165225131
11,310.0,33,-0.1352169556036371,0.0
11,310.0,34,-0.1388406436615892,-0.33056375360671036
11,310.0,35,-0.1388406436615892,0.33056375360671036
11,310.0,36,-0.14496974306739135,-0.6679860344990305
11,310.0,37,-0.14496974306739135,0.6679860344990305
11,310.0,38,-0.15060435625281843,-1.0181314420042376
11,310.0,39,-0.15060435625281843,1.0181314420042376
11,310.0,40,-0.1570591602674224,-0.3231636079484253
12,311.0,1,0.06303894207559506,0.0
12,311.0,2,-0.01348921167029089,-0.0965763242440636
12,311.0,3,-0.01348921167029089,0.0965763242440636
12,311.0,4,-0.035975176782546754,0.0
12,311.0,5,-0.0472922311611349,-0.043242322332662016
12,311.0,6,-0.0472922311611349,0.043242322332662016
12,311.0,7,-0.06376376264698841,-0.121045522058336
12,311.0,8,-0.06376376264698841,0.121045522058336
12,311.0,9,-0.06494993992014783,-0.7081235586091318
12,311.0,10,-0.06494993992014783,0.7081235586091318
12,311.0,11,-0.065557945814028,-0.5314683279517062
12,311.0,12,-0.065557945814028,0.5314683279517062
12,311.0,13,-0.0774020660788077,-0.9125335606813662
12,311.0,14,-0.0774020660788077,0.9125335606813662
12,311.0,15,-0.08160093017225198,-0.20151070580047845
12,311.0,16,-0.08160093017225198,0.20151070580047845
12,311.0,17,-0.08454071742624096,0.0
12,311.0,18,-0.08456747955101254,-0.5898590211426027
12,311.0,19,-0.08456747955101254,0.5898590211426027
12,311.0,20,-0.08587711667265638,-0.30166030703057506
12,311.0,21,-0.08587711667265638,0.30166030703057506
12,311.0,22,-0.10205305417772159,-1.2685154846009448
12,311.0,23,-0.10205305417772159,1.2685154846009448
12,311.0,24,-0.10779217368566316,0.0
12,311.0,25,-0.1178269484622653,-0.04043218456652399
12,311.0,26,-0.1178269484622653,0.04043218456652399
12,311.0,27,-0.12465327391031406,-0.4859624050664677
12,311.0,28,-0.12465327391031406,0.4859624050664677
12,311.0,29,-0.13224197769485202,-0.24746905048549836
12,311.0,30,-0.13224197769485202,0.24746905048549836
12,311.0,31,-0.1335800890061393,-0.13794476009091397
12,311.0,32,-0.1335800890061393,0.13794476009091397
12,311.0,33,-0.1348447514392786,0.0
12,311.0,34,-0.14016520236205213,-0.332038200466235
12,311.0,35,-0.14016520236205213,0.332038200466235
12,311.0,36,-0.14446073160065015,-0.6682047981911259
12,311.0,37,-0.14446073160065015,0.6682047981911259
12,311.0,38,-0.14923337545516963,-1.0181660407323672
12,311.0,39,-0.14923337545516963,1.0181660407323672
12,311.0,40,-0.1544277228668168,-0.3215487461226027
13,312.0,1,0.06312307492209515,0.0
13,312.0,2,-0.013025132142920729,-0.09668426336903758
13,312.0,3,-0.013025132142920729,0.09668426336903758
13,312.0,4,-0.03590440357914821,0.0
13,312.0,5,-0.04689284368524519,-0.04331552253600561
13,312.0,6,-0.04689284368524519,0.04331552253600561
13,312.0,7,-0.06362618792545802,-0.12036958767577516
13,312.0,8,-0.06362618792545802,0.12036958767577516
13,312.0,9,-0.06424342860179513,-0.7076832121794511
13,312.0,10,-0.06424342860179513,0.7076832121794511
13,312.0,11,-0.06467260003845346,-0.531213938074886
13,312.0,12,-0.06467260003845346,0.531213938074886
13,312.0,13,-0.07668801819696833,-0.9125455238535309
13,312.0,14,-0.07668801819696833,0.9125455238535309
13,312.0,15,-0.08079551604615026,-0.20096736025023493
13,312.0,16,-0.08079551604615026,0.20096736025023493
13,312.0,17,-0.08393762494755887,-0.5900881954731192
13,312.0,18,-0.08393762494755887,0.5900881954731192
13,312.0,19,-0.08528176072492474,0.0
13,312.0,20,-0.08536366056793399,-0.301923445915063
13,312.0,21,-0.08536366056793399,0.301923445915063
13,312.0,22,-0.10143160993276863,-1.268857300950935
13,312.0,23,-0.10143160993276863,1.268857300950935
13,312.0,24,-0.1070346144346707,0.0
13,312.0,25,-0.11743018608751173,-0.04034935421353173
13,312.0,26,-0.11743018608751173,0.04034935421353173
13,312.0,27,-0.12425595265597791,-0.48651766519768735
13,312.0,28,-0.12425595265597791,0.48651766519768735
13,312.0,29,-0.13173426128340587,-0.24770567255414105
13,312.0,30,-0.13173426128340587,0.24770567255414105
13,312.0,31,-0.1328832142347911,-0.13773031259526222
13,312.0,32,-0.1328832142347911,0.13773031259526222
13,312.0,33,-0.13450087565906776,0.0
13,312.0,34,-0.14103911750159315,-0.33411476881162083
13,312.0,35,-0.14103911750159315,0.33411476881162083
13,312.0,36,-0.14395489168937542,-0.6684216670897662
13,312.0,37,-0.14395489168937542,0.6684216670897662
13,312.0,38,-0.1478748920109563,-1.0181962017922797
13,312.0,39,-0.1478748920109563,1.0181962017922797
13,312.0,40,-0.15222780344116918,-0.3193293170969187
14,313.0,1,0.06320557663091414,0.0
14,313.0,2,-0.012573555728326946,-0.09679034516475243
14,313.0,3,-0.012573555728326946,0.09679034516475243
14,313.0,4,-0.035834872758864995,0.0
14,313.0,5,-0.04650726007897851,-0.04338474138916823
14,313.0,6,-0.04650726007897851,0.04338474138916823
14,313.0,7,-0.06347158889246396,-0.11969496737703943
14,313.0,8,-0.06347158889246396,0.11969496737703943
14,313.0,9,-0.06354460114813634,-0.7072540910955838
14,313.0,10,-0.06354460114813634,0.7072540910955838
14,313.0,11,-0.06379400654264035,-0.5309597560100972
14,313.0,12,-0.06379400654264035,0.5309597560100972
14,313.0,13,-0.07597813523461282,-0.9125564072427527
14,313.0,14,-0.07597813523461282,0.9125564072427527
14,313.0,15,-0.08001101880962544,-0.20043627654616067
14,313.0,16,-0.08001101880962544,0.20043627654616067
14,313.0,17,-0.08330888392697425,-0.5903129237442731
14,313.0,18,-0.08330888392697425,0.5903129237442731
14,313.0,19,-0.084859935894841,-0.3021765915885403
14,313.0,20,-0.084859935894841,0.3021765915885403
14,313.0,21,-0.08601595551203263,0.0
14,313.0,22,-0.10081230222078838,-1.2691954782802481
14,313.0,23,-0.10081230222078838,1.2691954782802481
14,313.0,24,-0.10625208817607698,0.0
14,313.0,25,-0.11702902652858185,-0.04025676523591348
14,313.0,26,-0.11702902652858185,0.04025676523591348
14,313.0,27,-0.12384646237808644,-0.48707113404888563
14,313.0,28,-0.12384646237808644,0.48707113404888563
14,313.0,29,-0.13122873238952443,-0.24793917817676178
14,313.0,30,-0.13122873238952443,0.24793917817676178
14,313.0,31,-0.13215565991732275,-0.13755245451819634
14,313.0,32,-0.13215565991732275,0.13755245451819634
14,313.0,33,-0.13418565778050473,0.0
14,313.0,34,-0.14123717987096035,-0.33629898070341746
14,313.0,35,-0.14123717987096035,0.33629898070341746
14,313.0,36,-0.1434522162114838,-0.6686366907474377
14,313.0,37,-0.1434522162114838,0.6686366907474377
14,313.0,38,-0.14652867075677226,-1.0182220666955943
14,313.0,39,-0.14652867075677226,1.0182220666955943
14,313.0,40,-0.15068413794583346,-0.3169982153654036
15,314.0,1,0.06328652427953219,0.0
15,314.0,2,-0.012134226805391293,-0.0968946075771576
15,314.0,3,-0.012134226805391293,0.0968946075771576
15,314.0,4,-0.03576652851851452,0.0
15,314.0,5,-0.046134573886590494,-0.04344981763971006
15,314.0,6,-0.046134573886590494,0.04344981763971006
15,314.0,7,-0.06285320841810374,-0.7068359251155991
15,314.0,8,-0.06285320841810374,0.7068359251155991
15,314.0,9,-0.06292202108503078,-0.5307058065865206
15,314.0,10,-0.06292202108503078,0.5307058065865206
15,314.0,11,-0.06329967364923259,-0.11902190920291146
15,314.0,12,-0.06329967364923259,0.11902190920291146
15,314.0,13,-0.07527238735534611,-0.9125662261800161
15,314.0,14,-0.07527238735534611,0.9125662261800161
15,314.0,15,-0.079246963319766,-0.19991664377236573
15,314.0,16,-0.079246963319766,0.19991664377236573
15,314.0,17,-0.08268143365252517,-0.5905332599384701
15,314.0,18,-0.08268143365252517,0.5905332599384701
15,314.0,19,-0.08436593512799653,-0.3024204788376538
15,314.0,20,-0.08436593512799653,0.3024204788376538
15,314.0,21,-0.08675128760106972,0.0
15,314.0,22,-0.1001951352522214,-1.269530029897704
15,314.0,23,-0.1001951352522214,1.269530029897704
15,314.0,24,-0.10543808327794882,0.0
15,314.0,25,-0.11662311111165793,-0.040155246984254295
15,314.0,26,-0.11662311111165793,0.040155246984254295
15,314.0,27,-0.1234251518899228,-0.4876219851490897
15,314.0,28,-0.1234251518899228,0.4876219851490897
15,314.0,29,-0.13072564360336503,-0.24817020593738404
15,314.0,30,-0.13072564360336503,0.24817020593738404
15,314.0,31,-0.1314024899080199,-0.13741385052878952
15,314.0,32,-0.1314024899080199,0.13741385052878952
15,314.0,33,-0.13389934337743983,0.0
15,314.0,34,-0.14100313808787093,-0.33829013647516787
15,314.0,35,-0.14100313808787093,0.33829013647516787
15,314.0,36,-0.14295269792544846,-0.668849915333024
15,314.0,37,-0.14295269792544846,0.668849915333024
15,314.0,38,-0.14519448204078508,-1.0182437658318195
15,314.0,39,-0.14519448204078508,1.0182437658318195
15,314.0,40,-0.14955256944204487,-0.3148544822575618
16,315.0,1,0.06336599262257041,0.0
16,315.0,2,-0.011706896711613006,-0.09699708799789913
16,315.0,3,-0.011706896711613006,0.09699708799789913
16,315.0,4,-0.03569931952723654,0.0
16,315.0,5,-0.04577396264332371,-0.043510638951812494
16,315.0,6,-0.04577396264332371,0.043510638951812494
16,315.0,7,-0.06205650599406292,-0.5304521079457409
16,315.0,8,-0.06205650599406292,0.5304521079457409
16,315.0,9,-0.06216900810339744,-0.7064284517174202
16,315.0,10,-0.06216900810339744,0.7064284517174202
16,315.0,11,-0.0631101729044607,-0.11835072328374785
16,315.0,12,-0.0631101729044607,0.11835072328374785
16,315.0,13,-0.07457074464517421,-0.9125749941026859
16,315.0,14,-0.07457074464517421,0.9125749941026859
16,315.0,15,-0.07850288913010926,-0.1994077011128852
16,315.0,16,-0.07850288913010926,0.1994077011128852
16,315.0,17,-0.08205543806060993,-0.590749265025091
16,315.0,18,-0.08205543806060993,0.590749265025091
16,315.0,19,-0.08388162228168104,-0.3026558035549728
16,315.0,20,-0.08388162228168104,0.3026558035549728
16,315.0,21,-0.08749776028927565,0.0
16,315.0,22,-0.09958011236479258,-1.2698609695780936
16,315.0,23,-0.09958011236479258,1.2698609695780936
16,315.0,24,-0.10458394729193528,0.0
16,315.0,25,-0.11621212673431103,-0.040045653034661795
16,315.0,26,-0.11621212673431103,0.040045653034661795
16,315.0,27,-0.12299241876843278,-0.48816944578541877
16,315.0,28,-0.12299241876843278,0.48816944578541877
16,315.0,29,-0.13022522946404466,-0.2483993889093416
16,315.0,30,-0.13022522946404466,0.2483993889093416
16,315.0,31,-0.1306288136054154,-0.13731619817176535
16,315.0,32,-0.1306288136054154,0.13731619817176535
16,315.0,33,-0.1336420829975495,0.0
16,315.0,34,-0.14054206943450825,-0.34006937857746256
16,315.0,35,-0.14054206943450825,0.34006937857746256
16,315.0,36,-0.14245632949549564,-0.6690613838050982
16,315.0,37,-0.14245632949549564,0.6690613838050982
16,315.0,38,-0.14387210165672734,-1.0182614194509956
16,315.0,39,-0.14387210165672734,1.0182614194509956
16,315.0,40,-0.14862769057496006,-0.3129152402674674
17,316.0,1,0.06344405415872018,0.0
17,316.0,2,-0.011291323970908672,-0.09709782324383394
17,316.0,3,-0.011291323970908672,0.09709782324383394
17,316.0,4,-0.0356331983992344,0.0
17,316.0,5,-0.04542467939207517,-0.04356713122148695
17,316.0,6,-0.04542467939207517,0.04356713122148695
17,316.0,7,-0.06119732986850959,-0.530198672285465
17,316.0,8,-0.06119732986850959,0.530198672285465
17,316.0,9,-0.0614917644937433,-0.7060314158588369
17,316.0,10,-0.0614917644937433,0.7060314158588369
17,316.0,11,-0.06290284756818304,-0.11768178094720685
17,316.0,12,-0.06290284756818304,0.11768178094720685
17,316.0,13,-0.07387317713943202,-0.9125827226874822
17,316.0,14,-0.07387317713943202,0.9125827226874822
17,316.0,15,-0.07777835130670155,-0.19890873463766878
17,316.0,16,-0.07777835130670155,0.19890873463766878
17,316.0,17,-0.08143104859096595,-0.5909610056211859
17,316.0,18,-0.08143104859096595,0.5909610056211859
17,316.0,19,-0.08340693706448986,-0.30288322476929636
17,316.0,20,-0.08340693706448986,0.30288322476929636
17,316.0,21,-0.08826879568806624,0.0
17,316.0,22,-0.09896723606497812,-1.2701883115207224
17,316.0,23,-0.09896723606497812,1.2701883115207224
17,316.0,24,-0.10367750579040848,0.0
17,316.0,25,-0.11579581062155378,-0.039928856370438456
17,316.0,26,-0.11579581062155378,0.039928856370438456
17,316.0,27,-0.12254870166691498,-0.4887127994735296
17,316.0,28,-0.12254870166691498,0.4887127994735296
17,316.0,29,-0.1297277083613631,-0.2486273584165583
17,316.0,30,-0.1297277083613631,0.2486273584165583
17,316.0,31,-0.12983959636362882,-0.13726032960111326
17,316.0,32,-0.12983959636362882,0.13726032960111326
17,316.0,33,-0.13341392172767147,0.0
17,316.0,34,-0.1399524404172422,-0.3416758926471833
17,316.0,35,-0.1399524404172422,0.3416758926471833
17,316.0,36,-0.1419631035216537,-0.6692711360842333
17,316.0,37,-0.1419631035216537,0.6692711360842333
17,316.0,38,-0.14256131076654158,-1.0182751385537356
17,316.0,39,-0.14256131076654158,1.0182751385537356
17,316.0,40,-0.14781079776621164,-0.31113949289063664
18,317.0,1,0.06352077919894579,0.0
18,317.0,2,-0.01088727446062826,-0.09719684956081401
18,317.0,3,-0.01088727446062826,0.09719684956081401
18,317.0,4,-0.035568121244873144,0.0
18,317.0,5,-0.04508604489273932,-0.043619250096238626
18,317.0,6,-0.04508604489273932,0.043619250096238626
18,317.0,7,-0.060344367280665036,-0.5299455065246319
18,317.0,8,-0.060344367280665036,0.5299455065246319
18,317.0,9,-0.06082124824961663,-0.7056445697333146
18,317.0,10,-0.06082124824961663,0.7056445697333146
18,317.0,11,-0.06267749671632569,-0.11701551230016398
18,317.0,12,-0.06267749671632569,0.11701551230016398
18,317.0,13,-0.07317965484730715,-0.9125894219757755
18,317.0,14,-0.07317965484730715,0.9125894219757755
18,317.0,15,-0.07707292112300737,-0.1984190742214429
18,317.0,16,-0.07707292112300737,0.1984190742214429
18,317.0,17,-0.08080840491457761,-0.5911685528234893
18,317.0,18,-0.08080840491457761,0.5911685528234893
18,317.0,19,-0.08294179842512181,-0.3031033667414027
18,317.0,20,-0.08294179842512181,0.3031033667414027
18,317.0,21,-0.0890839973809701,0.0
18,317.0,22,-0.0983565080683109,-1.2705120703111006
18,317.0,23,-0.0983565080683109,1.2705120703111006
18,317.0,24,-0.10270031777708555,0.0
18,317.0,25,-0.11537395445762885,-0.039805744011849914
18,317.0,26,-0.11537395445762885,0.039805744011849914
18,317.0,27,-0.12209447284508455,-0.4892513872997597
18,317.0,28,-0.12209447284508455,0.4892513872997597
18,317.0,29,-0.12903952226855053,-0.13724633831449123
18,317.0,30,-0.12903952226855053,0.13724633831449123
18,317.0,31,-0.12923328427624764,-0.24885474801585505
18,317.0,32,-0.12923328427624764,0.24885474801585505
18,317.0,33,-0.13321478974164122,0.0
18,317.0,34,-0.13928128308377155,-0.34314560389274146
18,317.0,35,-0.13928128308377155,0.34314560389274146
18,317.0,36,-0.1412618958137522,-1.0182850256979357
18,317.0,37,-0.1412618958137522,1.0182850256979357
18,317.0,38,-0.14147301257382766,-0.6694792092241948
18,317.0,39,-0.14147301257382766,0.6694792092241948
18,317.0,40,-0.1470158424780271,-0.17072987346780993
19,318.0,1,0.06359623593544762,0.0
19,318.0,2,-0.010494521525875461,-0.09729420264680798
19,318.0,3,-0.010494521525875461,0.09729420264680798
19,318.0,4,-0.03550404728670644,0.0
19,318.0,5,-0.044757440544418256,-0.04366697423884185
19,318.0,6,-0.044757440544418256,0.04366697423884185
19,318.0,7,-0.059497498484957057,-0.5296926128980133
19,318.0,8,-0.059497498484957057,0.5296926128980133
19,318.0,9,-0.06015723618270873,-0.7052676725232316
19,318.0,10,-0.06015723618270873,0.7052676725232316
19,318.0,11,-0.06243396558692102,-0.11635240217327843
19,318.0,12,-0.06243396558692102,0.11635240217327843
19,318.0,13,-0.072490147774199,-0.9125951004912044
19,318.0,14,-0.072490147774199,0.9125951004912044
19,318.0,15,-0.07638618664157565,-0.19793809059632775
19,318.0,16,-0.07638618664157565,0.19793809059632775
19,318.0,17,-0.08018763565017847,-0.5913719811934012
19,318.0,18,-0.08018763565017847,0.5913719811934012
19,318.0,19,-0.08248610755570698,-0.3033168210664709
19,318.0,20,-0.08248610755570698,0.3033168210664709
19,318.0,21,-0.0899753877861466,0.0
19,318.0,22,-0.09774792933846918,-1.270832260885558
19,318.0,23,-0.09774792933846918,1.270832260885558
19,318.0,24,-0.10162145414578878,0.0
19,318.0,25,-0.11494640781711216,-0.03967721113658735
19,318.0,26,-0.11494640781711216,0.03967721113658735
19,318.0,27,-0.121630231062029,-0.4897846082653358
19,318.0,28,-0.121630231062029,0.4897846082653358
19,318.0,29,-0.12823290421712277,-0.13727371308212963
19,318.0,30,-0.12823290421712277,0.13727371308212963
19,318.0,31,-0.12874214835699593,-0.24908219776513327
19,318.0,32,-0.12874214835699593,0.24908219776513327
19,318.0,33,-0.1330444941534165,0.0
19,318.0,34,-0.13855311004120963,-0.34450485133096287
19,318.0,35,-0.13855311004120963,0.34450485133096287
19,318.0,36,-0.13997364842954044,-1.0182911757304494
19,318.0,37,-0.13997364842954044,1.0182911757304494
19,318.0,38,-0.14098604922893304,-0.6696856375815454
19,318.0,39,-0.14098604922893304,0.6696856375815454
19,318.0,40,-0.14569237650385453,-0.17071224685251435
20,319.0,1,0.06367049051085738,0.0
20,319.0,2,-0.010112846048501278,-0.09738991769043567
20,319.0,3,-0.010112846048501278,0.09738991769043567
20,319.0,4,-0.03544093852954869,0.0
20,319.0,5,-0.044438302001889925,-0.043710299972537225
20,319.0,6,-0.044438302001889925,0.043710299972537225
20,319.0,7,-0.058656609133842984,-0.5294399894880069
20,319.0,8,-0.058656609133842984,0.5294399894880069
20,319.0,9,-0.059499511044305696,-0.704900490152271
20,319.0,10,-0.059499511044305696,0.704900490152271
20,319.0,11,-0.06217215323090203,-0.11569298439670947
20,319.0,12,-0.06217215323090203,0.11569298439670947
20,319.0,13,-0.07180462594204459,-0.9125997653503823
20,319.0,14,-0.07180462594204459,0.9125997653503823
20,319.0,15,-0.07571775319223588,-0.19746519253861872
20,319.0,16,-0.07571775319223588,0.19746519253861872
20,319.0,17,-0.07956885906242299,-0.5915713678781759
20,319.0,18,-0.07956885906242299,0.5915713678781759
20,319.0,19,-0.08203975041570304,-0.30352414873829686
20,319.0,20,-0.08203975041570304,0.30352414873829686
20,319.0,21,-0.09100471064324941,0.0
20,319.0,22,-0.09714150012509387,-1.2711488984985646
20,319.0,23,-0.09714150012509387,1.2711488984985646
20,319.0,24,-0.10038020873872391,0.0
20,319.0,25,-0.11451308081626016,-0.03954415474836711
20,319.0,26,-0.11451308081626016,0.03954415474836711
20,319.0,27,-0.1211564949401825,-0.49031191877368485
20,319.0,28,-0.1211564949401825,0.49031191877368485
20,319.0,29,-0.12742363286265584,-0.13734146721825066
20,319.0,30,-0.12742363286265584,0.13734146721825066
20,319.0,31,-0.1282544803281937,-0.24931035885576022
20,319.0,32,-0.1282544803281937,0.24931035885576022
20,319.0,33,-0.1329027124789395,0.0
20,319.0,34,-0.13778190961464587,-0.3457723766453688
20,319.0,35,-0.13778190961464587,0.3457723766453688
20,319.0,36,-0.13869636533300853,-1.018293676451159
20,319.0,37,-0.13869636533300853,1.018293676451159
20,319.0,38,-0.1405022061103902,-0.6698904529837438
20,319.0,39,-0.1405022061103902,0.6698904529837438
20,319.0,40,-0.14440842760013983,-0.17068849380057632
21,320.0,1,0.06374360708733155,0.0
21,320.0,2,-0.009742036477396854,-0.09748402942176422
21,320.0,3,-0.009742036477396854,0.09748402942176422
21,320.0,4,-0.035378759475787606,0.0
21,320.0,5,-0.044128113446238834,-0.043749237022331765
21,320.0,6,-0.044128113446238834,0.043749237022331765
21,320.0,7,-0.05782159000237903,-0.5291876306999248
21,320.0,8,-0.05782159000237903,0.5291876306999248
21,320.0,9,-0.0588478613216485,-0.7045427950380806
21,320.0,10,-0.0588478613216485,0.7045427950380806
21,320.0,11,-0.06189201942517046,-0.11503783446842364
21,320.0,12,-0.06189201942517046,0.11503783446842364
21,320.0,13,-0.07112305940787547,-0.9126034223666705
21,320.0,14,-0.07112305940787547,0.9126034223666705
21,320.0,15,-0.07506724375788737,-0.19699982418900425
21,320.0,16,-0.07506724375788737,0.19699982418900425
21,320.0,17,-0.07895218373666758,-0.5917667918529026
21,320.0,18,-0.07895218373666758,0.5917667918529026
21,320.0,19,-0.0816025998342208,-0.30372588214126095
21,320.0,20,-0.0816025998342208,0.30372588214126095
21,320.0,21,-0.09233339542198474,0.0
21,320.0,22,-0.09653722000033123,-1.271461998692414
21,320.0,23,-0.09653722000033123,1.271461998692414
21,320.0,24,-0.09881614526537437,0.0
21,320.0,25,-0.1140739459054202,-0.03940746696901801
21,320.0,26,-0.1140739459054202,0.03940746696901801
21,320.0,27,-0.12067379687364906,-0.4908328314038668
21,320.0,28,-0.12067379687364906,0.4908328314038668
21,320.0,29,-0.1266151553142545,-0.137448256458701
21,320.0,30,-0.1266151553142545,0.137448256458701
21,320.0,31,-0.12777044972699958,-0.2495398987042299
21,320.0,32,-0.12777044972699958,0.2495398987042299
21,320.0,33,-0.13278898798080535,0.0
21,320.0,34,-0.1369763568122987,-0.3469616193257987
21,320.0,35,-0.1369763568122987,0.3469616193257987
21,320.0,36,-0.13742984822698467,-1.0182926092160471
21,320.0,37,-0.13742984822698467,1.0182926092160471
21,320.0,38,-0.14002147592913394,-0.6700936848955407
21,320.0,39,-0.14002147592913394,0.6700936848955407
21,320.0,40,-0.14316050964105276,-0.17065732755635654
22,321.0,1,0.06381564791521199,0.0
22,321.0,2,-0.009381888826112869,-0.09757657217285952
22,321.0,3,-0.009381888826112869,0.09757657217285952
22,321.0,4,-0.03531747687873772,0.0
22,321.0,5,-0.0438264024588865,-0.04378380512765408
22,321.0,6,-0.0438264024588865,0.04378380512765408
22,321.0,7,-0.056992336722404835,-0.5289355276869891
22,321.0,8,-0.056992336722404835,0.5289355276869891
22,321.0,9,-0.05820208104238485,-0.7041943658465121
22,321.0,10,-0.05820208104238485,0.7041943658465121
22,321.0,11,-0.061593590467519915,-0.11438756077653048
22,321.0,12,-0.061593590467519915,0.11438756077653048
22,321.0,13,-0.07044541828066295,-0.912606076147594
22,321.0,14,-0.07044541828066295,0.912606076147594
22,321.0,15,-0.07443429927967624,-0.1965414625046173
22,321.0,16,-0.07443429927967624,0.1965414625046173
22,321.0,17,-0.07833770922675956,-0.5919583332694421
22,321.0,18,-0.07833770922675956,0.5919583332694421
22,321.0,19,-0.0811745172441787,-0.3039225269450408
22,321.0,20,-0.0811745172441787,0.3039225269450408
22,321.0,21,-0.0954458319276762,-0.0007341743402109096
22,321.0,22,-0.0954458319276762,0.0007341743402109096
22,321.0,23,-0.09593508789399882,-1.2717715772692941
22,321.0,24,-0.09593508789399882,1.2717715772692941
22,321.0,25,-0.11362903872673244,-0.03926802804997979
22,321.0,26,-0.11362903872673244,0.03926802804997979
22,321.0,27,-0.12018267752357062,-0.4913469131087012
22,321.0,28,-0.12018267752357062,0.4913469131087012
22,321.0,29,-0.12581047533891482,-0.13759248246753003
22,321.0,30,-0.12581047533891482,0.13759248246753003
22,321.0,31,-0.12729021695713733,-0.2497715066202894
22,321.0,32,-0.12729021695713733,0.2497715066202894
22,321.0,33,-0.1327027271315047,0.0
22,321.0,34,-0.136142269290211,-0.34808237245977364
22,321.0,35,-0.136142269290211,0.34808237245977364
22,321.0,36,-0.13617390369050444,-1.0182880494850397
22,321.0,37,-0.13617390369050444,1.0182880494850397
22,321.0,38,-0.13954385152549953,-0.6702953605835223
22,321.0,39,-0.13954385152549953,0.6702953605835223
22,321.0,40,-0.1419454091333457,-0.1706177619525437
23,322.0,1,0.06388667340093522,0.0
23,322.0,2,-0.009032206643160762,-0.09766757994612175
23,322.0,3,-0.009032206643160762,0.09766757994612175
23,322.0,4,-0.035257059528138825,0.0
23,322.0,5,-0.04353273544440307,-0.04381403134933071
23,322.0,6,-0.04353273544440307,0.04381403134933071
23,322.0,7,-0.056168749527033476,-0.528683668730337
23,322.0,8,-0.056168749527033476,0.528683668730337
23,322.0,9,-0.057561969587123646,-0.7038549872483085
23,322.0,10,-0.057561969587123646,0.7038549872483085
23,322.0,11,-0.06127696351469525,-0.11374279463395395
23,322.0,12,-0.06127696351469525,0.11374279463395395
23,322.0,13,-0.06977167273668401,-0.9126077301860732
23,322.0,14,-0.06977167273668401,0.9126077301860732
23,322.0,15,-0.07381857889383661,-0.19608961484022597
23,322.0,16,-0.07381857889383661,0.19608961484022597
23,322.0,17,-0.07772552667337215,-0.5921460728995857
23,322.0,18,-0.07772552667337215,0.5921460728995857
23,322.0,19,-0.08075535409646782,-0.30411456388391694
23,322.0,20,-0.08075535409646782,0.30411456388391694
23,322.0,21,-0.09530610951075627,-0.003346399834029764
23,322.0,22,-0.09530610951075627,0.003346399834029764
23,322.0,23,-0.09533510212748053,-1.272077650265316
23,322.0,24,-0.09533510212748053,1.272077650265316
23,322.0,25,-0.11317845797058815,-0.03912669922156114
23,322.0,26,-0.11317845797058815,0.03912669922156114
23,322.0,27,-0.11968368091757789,-0.4918537829669075
23,322.0,28,-0.11968368091757789,0.4918537829669075
23,322.0,29,-0.12501216832301612,-0.1377723814315886
23,322.0,30,-0.12501216832301612,0.1377723814315886
23,322.0,31,-0.12681393414388775,-0.25000590019677893
23,322.0,32,-0.12681393414388775,0.25000590019677893
23,322.0,33,-0.13264319938144428,0.0
23,322.0,34,-0.13492834306896057,-1.0182800673202115
23,322.0,35,-0.13492834306896057,1.0182800673202115
23,322.0,36,-0.13528385580842017,-0.34914189732043255
23,322.0,37,-0.13528385580842017,0.34914189732043255
23,322.0,38,-0.13906932591124616,-0.6704955052788573
23,322.0,39,-0.13906932591124616,0.6704955052788573
23,322.0,40,-0.1407601773612429,-0.1705690416929879
24,323.0,1,0.06395674217400589,0.0
24,323.0,2,-0.008692800959768002,-0.09775708648891525
24,323.0,3,-0.008692800959768002,0.09775708648891525
24,323.0,4,-0.03519747806292356,0.0
24,323.0,5,-0.04324671354758019,-0.043839947931139565
24,323.0,6,-0.04324671354758019,0.043839947931139565
24,323.0,7,-0.055350733005774186,-0.5284320395786617
24,323.0,8,-0.055350733005774186,0.5284320395786617
24,323.0,9,-0.05692733151005336,-0.7035244496789982
24,323.0,10,-0.05692733151005336,0.7035244496789982
24,323.0,11,-0.0609423091952765,-0.11310417946763655
24,323.0,12,-0.0609423091952765,0.11310417946763655
24,323.0,13,-0.06910179303348424,-0.9126083869458673
24,323.0,14,-0.06910179303348424,0.9126083869458673
24,323.0,15,-0.07321976011257189,-0.19564381665471822
24,323.0,16,-0.07321976011257189,0.19564381665471822
24,323.0,17,-0.07711571939150808,-0.5923300916613197
24,323.0,18,-0.07711571939150808,0.5923300916613197
24,323.0,19,-0.08034495299763829,-0.3043024504081321
24,323.0,20,-0.08034495299763829,0.3043024504081321
24,323.0,21,-0.09473726044626504,-1.272380233926505
24,323.0,22,-0.09473726044626504,1.272380233926505
24,323.0,23,-0.09515605700793107,-0.004637294210719301
24,323.0,24,-0.09515605700793107,0.004637294210719301
24,323.0,25,-0.11272236418010155,-0.038984315520949775
24,323.0,26,-0.11272236418010155,0.038984315520949775
24,323.0,27,-0.11917735014946877,-0.49235310960609563
24,323.0,28,-0.11917735014946877,0.49235310960609563
24,323.0,29,-0.12422240585240438,-0.13798609858873126
24,323.0,30,-0.12422240585240438,0.13798609858873126
24,323.0,31,-0.12634174576301513,-0.2502438326033757
24,323.0,32,-0.12634174576301513,0.2502438326033757
24,323.0,33,-0.13260953935814646,0.0
24,323.0,34,-0.13369298236269478,-1.0182687278388276
24,323.0,35,-0.13369298236269478,1.0182687278388276
24,323.0,36,-0.1344043910038341,-0.35014567463059254
24,323.0,37,-0.1344043910038341,0.35014567463059254
24,323.0,38,-0.13859789231111708,-0.6706941423381408
24,323.0,39,-0.13859789231111708,0.6706941423381408
24,323.0,40,-0.13960211507557965,-0.1705105843995421
25,324.0,1,0.06402591115287515,0.0
25,324.0,2,-0.00836349021931871,-0.09784512537340626
25,324.0,3,-0.00836349021931871,0.09784512537340626
25,324.0,4,-0.03513870480722295,0.0
25,324.0,5,-0.04296796901283891,-0.043861590605392235
25,324.0,6,-0.04296796901283891,0.043861590605392235
25,324.0,7,-0.05453819587052233,-0.5281806237518771
25,324.0,8,-0.05453819587052233,0.5281806237518771
25,324.0,9,-0.05629797636757005,-0.7032025491027486
25,324.0,10,-0.05629797636757005,0.7032025491027486
25,324.0,11,-0.060589872322809976,-0.11247235956659235
25,324.0,12,-0.060589872322809976,0.11247235956659235
25,324.0,13,-0.06843574952256169,-0.9126080479415143
25,324.0,14,-0.06843574952256169,0.9126080479415143
25,324.0,15,-0.07263753896127328,-0.19520362933817412
25,324.0,16,-0.07263753896127328,0.19520362933817412
25,324.0,17,-0.07650836342646937,-0.5925104702179015
25,324.0,18,-0.07650836342646937,0.5925104702179015
25,324.0,19,-0.07994314861018276,-0.3044866221988121
25,324.0,20,-0.07994314861018276,0.3044866221988121
25,324.0,21,-0.09414156005114704,-1.2726793446865252
25,324.0,22,-0.09414156005114704,1.2726793446865252
25,324.0,23,-0.09499611920450439,-0.0056113034991140875
25,324.0,24,-0.09499611920450439,0.0056113034991140875
25,324.0,25,-0.11226097747637678,-0.03884167876041956
25,324.0,26,-0.11226097747637678,0.03884167876041956
25,324.0,27,-0.11866422365942247,-0.49284460839942545
25,324.0,28,-0.11866422365942247,0.49284460839942545
25,324.0,29,-0.12344298618653018,-0.13823175019315215
25,324.0,30,-0.12344298618653018,0.13823175019315215
25,324.0,31,-0.12587378900154172,-0.25048610101437113
25,324.0,32,-0.12587378900154172,0.25048610101437113
25,324.0,33,-0.13246764211474021,-1.0182540916255698
25,324.0,34,-0.13246764211474021,1.0182540916255698
25,324.0,35,-0.13260075155206769,0.0
25,324.0,36,-0.13350659664765044,-0.35109792122817324
25,324.0,37,-0.13350659664765044,0.35109792122817324
25,324.0,38,-0.13812954420332507,-0.6708912934023397
25,324.0,39,-0.13812954420332507,0.6708912934023397
25,324.0,40,-0.13846875297455388,-0.17044193297211965
26,325.0,1,0.06409423560949218,0.0
26,325.0,2,-0.0080441001922016,-0.09793173008078809
26,325.0,3,-0.0080441001922016,0.09793173008078809
26,325.0,4,-0.03508071362627005,0.0
26,325.0,5,-0.042696161937687896,-0.043878997254973774
26,325.0,6,-0.042696161937687896,0.043878997254973774
26,325.0,7,-0.053731050732408164,-0.5279294028125956
26,325.0,8,-0.053731050732408164,0.5279294028125956
26,325.0,9,-0.055673718554881735,-0.7028890867806691
26,325.0,10,-0.055673718554881735,0.7028890867806691
26,325.0,11,-0.060219970644139045,-0.11184796882568442
26,325.0,12,-0.060219970644139045,0.11184796882568442
26,325.0,13,-0.06777351266094755,-0.9126067138129813
26,325.0,14,-0.06777351266094755,0.9126067138129813
26,325.0,15,-0.07207163008419153,-0.19476863815389805
26,325.0,16,-0.07207163008419153,0.19476863815389805
26,325.0,17,-0.07590352807819888,-0.5926872886408554
26,325.0,18,-0.07590352807819888,0.5926872886408554
26,325.0,19,-0.07954976835059135,-0.30466749454134867
26,325.0,20,-0.07954976835059135,0.30466749454134867
26,325.0,21,-0.0935479976281482,-1.2729749991459884
26,325.0,22,-0.0935479976281482,1.2729749991459884
26,325.0,23,-0.09482673312938808,-0.006416496282637338
26,325.0,24,-0.09482673312938808,0.006416496282637338
26,325.0,25,-0.1117945742081556,-0.03869955081282968
26,325.0,26,-0.1117945742081556,0.03869955081282968
26,325.0,27,-0.1181448320634445,-0.4933280385239209
26,325.0,28,-0.1181448320634445,0.4933280385239209
26,325.0,29,-0.1226753680286378,-0.13850747462974097
26,325.0,30,-0.1226753680286378,0.13850747462974097
26,325.0,31,-0.12541019378659202,-0.2507335564644376
26,325.0,32,-0.12541019378659202,0.2507335564644376
26,325.0,33,-0.13125214729830417,-1.0182362151078712
26,325.0,34,-0.13125214729830417,1.0182362151078712
26,325.0,35,-0.13259286250477903,-0.3520019538418093
26,325.0,36,-0.13259286250477903,0.3520019538418093
26,325.0,37,-0.132615717464995,0.0
26,325.0,38,-0.13735783020091252,-0.1703627165973172
26,325.0,39,-0.13735783020091252,0.1703627165973172
26,325.0,40,-0.13766427535840153,-0.6710869785537946
27,326.0,1,0.06416176923250645,0.0
27,326.0,2,-0.007734463879327124,-0.09801693408940795
27,326.0,3,-0.007734463879327124,0.09801693408940795
27,326.0,4,-0.03502347979937016,0.0
27,326.0,5,-0.04243097737625942,-0.04389220686219084
27,326.0,6,-0.04243097737625942,0.04389220686219084
27,326.0,7,-0.05292921388943949,-0.5276783566087558
27,326.0,8,-0.05292921388943949,0.5276783566087558
27,326.0,9,-0.05505437715040697,-0.7025838690441604
27,326.0,10,-0.05505437715040697,0.7025838690441604
27,326.0,11,-0.05983299167223621,-0.1112316199216016
27,326.0,12,-0.05983299167223621,0.1112316199216016
27,326.0,13,-0.06711505302164605,-0.9126043843954503
27,326.0,14,-0.06711505302164605,0.9126043843954503
27,326.0,15,-0.07152176683038391,-0.19433845028910568
27,326.0,16,-0.07152176683038391,0.19433845028910568
27,326.0,17,-0.0753012763943843,-0.5928606261288022
27,326.0,18,-0.0753012763943843,0.5928606261288022
27,326.0,19,-0.07916463291683198,-0.3048454635544195
27,326.0,20,-0.07916463291683198,0.3048454635544195
27,326.0,21,-0.09295656937711311,-1.2732672140532286
27,326.0,22,-0.09295656937711311,1.2732672140532286
27,326.0,23,-0.09464832888772579,-0.007112120055919345
27,326.0,24,-0.09464832888772579,0.007112120055919345
27,326.0,25,-0.11132348256664425,-0.03855864739958739
27,326.0,26,-0.11132348256664425,0.03855864739958739
27,326.0,27,-0.11761969549306242,-0.49380319995410477
27,326.0,28,-0.11761969549306242,0.49380319995410477
27,326.0,29,-0.12192070582945484,-0.13881147435483754
27,326.0,30,-0.12192070582945484,0.13881147435483754
27,326.0,31,-0.1249510823871118,-0.2509871155112207
27,326.0,32,-0.1249510823871118,0.2509871155112207
27,326.0,33,-0.1300463272044679,-1.018215150897692
27,326.0,34,-0.1300463272044679,1.018215150897692
27,326.0,35,-0.1316653744437794,-0.35286045050261633
27,326.0,36,-0.1316653744437794,0.35286045050261633
27,326.0,37,-0.13265320511092232,0.0
27,326.0,38,-0.13626727229986918,-0.170272618756133
27,326.0,39,-0.13626727229986918,0.170272618756133
27,326.0,40,-0.13720207987584612,-0.6712812164712827
28,327.0,1,0.06422856418897004,0.0
28,327.0,2,-0.0074344214071950365,-0.09810077096649883
28,327.0,3,-0.0074344214071950365,0.09810077096649883
28,327.0,4,-0.03496697990761703,0.0
28,327.0,5,-0.04217212275334711,-0.04390125868906379
28,327.0,6,-0.04217212275334711,0.04390125868906379
28,327.0,7,-0.052132605124721246,-0.527427463490425
28,327.0,8,-0.052132605124721246,0.527427463490425
28,327.0,9,-0.054439775767935336,-0.7022867070734411
28,327.0,10,-0.054439775767935336,0.7022867070734411
28,327.0,11,-0.05942938776138669,-0.11062389432405831
28,327.0,12,-0.05942938776138669,0.11062389432405831
28,327.0,13,-0.06646034130319389,-0.9126010587843711
28,327.0,14,-0.06646034130319389,0.9126010587843711
28,327.0,15,-0.07098770133146758,-0.19391269300718175
28,327.0,16,-0.07098770133146758,0.19391269300718175
28,327.0,17,-0.07470166563308048,-0.5930305607750368
28,327.0,18,-0.07470166563308048,0.5930305607750368
28,327.0,19,-0.07878755667384549,-0.3050209072738083
28,327.0,20,-0.07878755667384549,0.3050209072738083
28,327.0,21,-0.09236727103909106,-1.2735560062864413
28,327.0,22,-0.09236727103909106,1.2735560062864413
28,327.0,23,-0.09446133005679447,-0.007729198688439134
28,327.0,24,-0.09446133005679447,0.007729198688439134
28,327.0,25,-0.11084807724725093,-0.03841963256430149
28,327.0,26,-0.11084807724725093,0.03841963256430149
28,327.0,27,-0.11708932140169573,-0.494269930450915
28,327.0,28,-0.11708932140169573,0.494269930450915
28,327.0,29,-0.1211798854514399,-0.13914205020221973
28,327.0,30,-0.1211798854514399,0.13914205020221973
28,327.0,31,-0.12449656844708691,-0.2512477741984429
28,327.0,32,-0.12449656844708691,0.2512477741984429
28,327.0,33,-0.12885001533052906,-1.0181909481028308
28,327.0,34,-0.12885001533052906,1.0181909481028308
28,327.0,35,-0.13072618648517098,-0.35367564102379284
28,327.0,36,-0.13072618648517098,0.35367564102379284
28,327.0,37,-0.1327118806715998,0.0
28,327.0,38,-0.13519516951126576,-0.17017135070738798
28,327.0,39,-0.13519516951126576,0.17017135070738798
28,327.0,40,-0.1367429522181128,-0.6714740245831075
29,328.0,1,0.06429467118448945,0.0
29,328.0,2,-0.007143819916981776,-0.09818327446342075
29,328.0,3,-0.007143819916981776,0.09818327446342075
29,328.0,4,-0.034911191734354495,0.0
29,328.0,5,-0.04191932555360422,-0.043906191644752984
29,328.0,6,-0.04191932555360422,0.043906191644752984
29,328.0,7,-0.05134114751501932,-0.5271767005035404
29,328.0,8,-0.05134114751501932,0.5271767005035404
29,328.0,9,-0.05382974241632317,-0.7019974166818674
29,328.0,10,-0.05382974241632317,0.7019974166818674
29,328.0,11,-0.059009669674747536,-0.11002533348348104
29,328.0,12,-0.059009669674747536,0.11002533348348104
29,328.0,13,-0.06580934833826903,-0.9125967353960572
29,328.0,14,-0.06580934833826903,0.9125967353960572
29,328.0,15,-0.07046920458251063,-0.19349101189402773
29,328.0,16,-0.07046920458251063,0.19349101189402773
29,328.0,17,-0.0741047476957509,-0.5931971693774651
29,328.0,18,-0.0741047476957509,0.5931971693774651
29,328.0,19,-0.07841834792326102,-0.3051941865916301
29,328.0,20,-0.07841834792326102,0.3051941865916301
29,328.0,21,-0.09178009792241998,-1.273841392837064
29,328.0,22,-0.09178009792241998,1.273841392837064
29,328.0,23,-0.09426615374126379,-0.008286461206422619
29,328.0,24,-0.09426615374126379,0.008286461206422619
29,328.0,25,-0.11036877328193216,-0.038283114001989006
29,328.0,26,-0.11036877328193216,0.038283114001989006
29,328.0,27,-0.116554202792128,-0.49472810259359296
29,328.0,28,-0.116554202792128,0.49472810259359296
29,328.0,29,-0.12045355942410438,-0.13949762943362182
29,328.0,30,-0.12045355942410438,0.13949762943362182
29,328.0,31,-0.12404675524023101,-0.251516624969915
29,328.0,32,-0.12404675524023101,0.251516624969915
29,328.0,33,-0.1276630492692975,-1.0181636526106406
29,328.0,34,-0.1276630492692975,1.0181636526106406
29,328.0,35,-0.12977725802165258,-0.35444944653261223
29,328.0,36,-0.12977725802165258,0.35444944653261223
29,328.0,37,-0.13279032202565536,0.0
29,328.0,38,-0.13413975586508703,-0.17005862908723446
29,328.0,39,-0.13413975586508703,0.17005862908723446
29,328.0,40,-0.13628688724140048,-0.671665419218113
30,329.0,1,0.06436013952179953,0.0
30,329.0,2,-0.006862513449823007,-0.09826447861450727
30,329.0,3,-0.006862513449823007,0.09826447861450727
30,329.0,4,-0.03485609417672341,0.0
30,329.0,5,-0.04167233125460993,-0.04390704380474458
30,329.0,6,-0.04167233125460993,0.04390704380474458
30,329.0,7,-0.050554767249353164,-0.5269260435629485
30,329.0,8,-0.050554767249353164,0.5269260435629485
30,329.0,9,-0.0532241093666138,-0.7017158181060797
30,329.0,10,-0.0532241093666138,0.7017158181060797
30,329.0,11,-0.0585743989626558,-0.10943643145298926
30,329.0,12,-0.0585743989626558,0.10943643145298926
30,329.0,13,-0.06516204510153409,-0.9125914120241482
30,329.0,14,-0.06516204510153409,0.9125914120241482
30,329.0,15,-0.06996606653712138,-0.19307306919036452
30,329.0,16,-0.06996606653712138,0.19307306919036452
30,329.0,17,-0.07351056953197656,-0.5933605272854933
30,329.0,18,-0.07351056953197656,0.5933605272854933
30,329.0,19,-0.07805680908120632,-0.30536564605266736
30,329.0,20,-0.07805680908120632,0.30536564605266736
30,329.0,21,-0.09119504492762891,-1.2741233907942398
30,329.0,22,-0.09119504492762891,1.2741233907942398
30,329.0,23,-0.09406321037404025,-0.008796274460621287
30,329.0,24,-0.09406321037404025,0.008796274460621287
30,329.0,25,-0.1098860192046116,-0.03814963938847616
30,329.0,26,-0.1098860192046116,0.03814963938847616
30,329.0,27,-0.1160148168193845,-0.4951776208912968
30,329.0,28,-0.1160148168193845,0.4951776208912968
30,329.0,29,-0.11974218129661005,-0.13987678877819038
30,329.0,30,-0.11974218129661005,0.13987678877819038
30,329.0,31,-0.12360173283246825,-0.25179487740145673
30,329.0,32,-0.12360173283246825,0.25179487740145673
30,329.0,33,-0.12648527059968095,-1.0181333073465977
30,329.0,34,-0.12648527059968095,1.0181333073465977
30,329.0,35,-0.12882046930617674,-0.3551835812081258
30,329.0,36,-0.12882046930617674,0.3551835812081258
30,329.0,37,-0.13288703379768832,0.0
30,329.0,38,-0.13309938926700488,-0.16993415642329102
30,329.0,39,-0.13309938926700488,0.16993415642329102
30,329.0,40,-0.135833880222836,-0.6718554157546333
31,330.0,1,0.06442501715766785,0.0
31,330.0,2,-0.006590362830128765,-0.09834441783970917
31,330.0,3,-0.006590362830128765,0.09834441783970917
31,330.0,4,-0.0348016671668727,0.0
31,330.0,5,-0.041430901476148474,-0.0439038520533338
31,330.0,6,-0.041430901476148474,0.0439038520533338
31,330.0,7,-0.049773393457273205,-0.5266754676068521
31,330.0,8,-0.049773393457273205,0.5266754676068521
31,330.0,9,-0.052622713026406684,-0.7014417358022813
31,330.0,10,-0.052622713026406684,0.7014417358022813
31,330.0,11,-0.05812417951004026,-0.10885762910756272
31,330.0,12,-0.05812417951004026,0.10885762910756272
31,330.0,13,-0.064518402716711,-0.9125850858920899
31,330.0,14,-0.064518402716711,0.9125850858920899
31,330.0,15,-0.06947809622787374,-0.19265854220155237
31,330.0,16,-0.06947809622787374,0.19265854220155237
31,330.0,17,-0.07291917351703436,-0.59352070827884
31,330.0,18,-0.07291917351703436,0.59352070827884
31,330.0,19,-0.07770273678651714,-0.3055356145106548
31,330.0,20,-0.07770273678651714,0.3055356145106548
31,330.0,21,-0.0906121065711793,-1.2744020173303647
31,330.0,22,-0.0906121065711793,1.2744020173303647
31,330.0,23,-0.09385290333794588,-0.009267326286652085
31,330.0,24,-0.09385290333794588,0.009267326286652085
31,330.0,25,-0.10940028974421506,-0.03801969381853588
31,330.0,26,-0.10940028974421506,0.03801969381853588
31,330.0,27,-0.11547162372477107,-0.49561841900173237
31,330.0,28,-0.11547162372477107,0.49561841900173237
31,330.0,29,-0.11904603878962666,-0.14027827361481257
31,330.0,30,-0.11904603878962666,0.14027827361481257
31,330.0,31,-0.12316157367898728,-0.2520838839206792
31,330.0,32,-0.12316157367898728,0.2520838839206792
31,330.0,33,-0.12531652477875616,-1.018099952510026
31,330.0,34,-0.12531652477875616,1.018099952510026
31,330.0,35,-0.12785762374975043,-0.355879625295026
31,330.0,36,-0.12785762374975043,0.355879625295026
31,330.0,37,-0.13207253256375173,-0.16979760349061723
31,330.0,38,-0.13207253256375173,0.16979760349061723
31,330.0,39,-0.13300046351940323,0.0
31,330.0,40,-0.13538392688360912,-0.6720440287673678
32,331.0,1,0.064489350758202,0.0
32,331.0,2,-0.00632723554860933,-0.09842312705142278
32,331.0,3,-0.00632723554860933,0.09842312705142278
32,331.0,4,-0.0347478916016306,0.0
32,331.0,5,-0.041194812321431545,-0.04389665182658822
32,331.0,6,-0.041194812321431545,0.04389665182658822
32,331.0,7,-0.048996958046469696,-0.5264249467346747
32,331.0,8,-0.048996958046469696,0.5264249467346747
32,331.0,9,-0.05202539382126076,-0.7011749982487774
32,331.0,10,-0.05202539382126076,0.7011749982487774
32,331.0,11,-0.05765964862218022,-0.10828931002583567
32,331.0,12,-0.05765964862218022,0.10828931002583567
32,331.0,13,-0.06387839246298269,-0.9125777537018149
32,331.0,14,-0.06387839246298269,0.9125777537018149
32,331.0,15,-0.06900512192313973,-0.19224712177585243
32,331.0,16,-0.06900512192313973,0.19224712177585243
32,331.0,17,-0.07233059780375227,-0.5936777844739943
32,331.0,18,-0.07233059780375227,0.5936777844739943
32,331.0,19,-0.0773559219601136,-0.3057044056482296
32,331.0,20,-0.0773559219601136,0.3057044056482296
32,331.0,21,-0.09003127700802166,-1.2746772896875593
32,331.0,22,-0.09003127700802166,1.2746772896875593
32,331.0,23,-0.09363562847223274,-0.0097060038677534
32,331.0,24,-0.09363562847223274,0.0097060038677534
32,331.0,25,-0.1089120782618786,-0.037893698416829526
32,331.0,26,-0.1089120782618786,0.037893698416829526
32,331.0,27,-0.11492506605908047,-0.4960504570762013
32,331.0,28,-0.11492506605908047,0.4960504570762013
32,331.0,29,-0.11836528560155216,-0.14070101441355332
32,331.0,30,-0.11836528560155216,0.14070101441355332
32,331.0,31,-0.12272632593347228,-0.2523851721146157
32,331.0,32,-0.12272632593347228,0.2523851721146157
32,331.0,33,-0.12415666103550915,-1.0180636257890228
32,331.0,34,-0.12415666103550915,1.0180636257890228
32,331.0,35,-0.12689044282411938,-0.35653907599754714
32,331.0,36,-0.12689044282411938,0.35653907599754714
32,331.0,37,-0.13105773543625626,-0.16964859252127326
32,331.0,38,-0.13105773543625626,0.16964859252127326
32,331.0,39,-0.13312901846425187,0.0
32,331.0,40,-0.13493702340766256,-0.6722312721718323
33,332.0,1,0.06455318575247626,0.0
33,332.0,2,-0.006073005646273591,-0.09850064176597026
33,332.0,3,-0.006073005646273591,0.09850064176597026
33,332.0,4,-0.034694749279599923,0.0
33,332.0,5,-0.040963852888878174,-0.04388547693732255
33,332.0,6,-0.040963852888878174,0.04388547693732255
33,332.0,7,-0.04822539554930125,-0.5261744543299444
33,332.0,8,-0.04822539554930125,0.5261744543299444
33,332.0,9,-0.05143199608298909,-0.7009154377548675
33,332.0,10,-0.05143199608298909,0.7009154377548675
33,332.0,11,-0.05718146800240103,-0.10773179800960779
33,332.0,12,-0.05718146800240103,0.10773179800960779
33,332.0,13,-0.06324198578079257,-0.9125694116790224
33,332.0,14,-0.06324198578079257,0.9125694116790224
33,332.0,15,-0.06854699133185914,-0.19183851084185136
33,332.0,16,-0.06854699133185914,0.19183851084185136
33,332.0,17,-0.07174487664998899,-0.5938318262545638
33,332.0,18,-0.07174487664998899,0.5938318262545638
33,332.0,19,-0.07701614983525258,-0.30587231836526924
33,332.0,20,-0.07701614983525258,0.30587231836526924
33,332.0,21,-0.08945255005308561,-1.2749492251650112
33,332.0,22,-0.08945255005308561,1.2749492251650112
33,332.0,23,-0.09341177351663302,-0.010117169256551225
33,332.0,24,-0.09341177351663302,0.010117169256551225
33,332.0,25,-0.10842188915825907,-0.037772010136231896
33,332.0,26,-0.10842188915825907,0.037772010136231896
33,332.0,27,-0.11437556815598504,-0.49647371924388095
33,332.0,28,-0.11437556815598504,0.49647371924388095
33,332.0,29,-0.11769997186088382,-0.1411441415691689
33,332.0,30,-0.11769997186088382,0.1411441415691689
33,332.0,31,-0.12229600334871761,-0.25270048584344046
33,332.0,32,-0.12229600334871761,0.25270048584344046
33,332.0,33,-0.12300553226643016,-1.0180243625563918
33,332.0,34,-0.12300553226643016,1.0180243625563918
33,332.0,35,-0.12592055756096499,-0.3571633813236024
33,332.0,36,-0.12592055756096499,0.3571633813236024
33,332.0,37,-0.13005361685756728,-0.16948668030946437
33,332.0,38,-0.13005361685756728,0.16948668030946437
33,332.0,39,-0.13327108271558155,0.0
33,332.0,40,-0.1344931664555875,-0.6724171593666081
34,333.0,1,0.0646165663844838,0.0
34,333.0,2,-0.005827553600685036,-0.09857699822029103
34,333.0,3,-0.005827553600685036,0.09857699822029103
34,333.0,4,-0.03464222284482915,0.0
34,333.0,5,-0.040737823935840065,-0.04387035946714241
34,333.0,6,-0.040737823935840065,0.04387035946714241
34,333.0,7,-0.04745864297791072,-0.525923963169856
34,333.0,8,-0.04745864297791072,0.525923963169856
34,333.0,9,-0.05084236794455277,-0.700662890276263
34,333.0,10,-0.05084236794455277,0.700662890276263
34,333.0,11,-0.05669031493828597,-0.10718535613897745
34,333.0,12,-0.05669031493828597,0.10718535613897745
34,333.0,13,-0.06260915427703359,-0.912560055615003
34,333.0,14,-0.06260915427703359,0.912560055615003
34,333.0,15,-0.0681035718680647,-0.19143242299513472
34,333.0,16,-0.0681035718680647,0.19143242299513472
34,333.0,17,-0.07116204072312833,-0.5939829022221316
34,333.0,18,-0.07116204072312833,0.5939829022221316
34,333.0,19,-0.0766831999773015,-0.30603963704140663
34,333.0,20,-0.0766831999773015,0.30603963704140663
34,333.0,21,-0.08887591920166157,-1.2752178411071187
34,333.0,22,-0.08887591920166157,1.2752178411071187
34,333.0,23,-0.0931817175353569,-0.010504626682281536
34,333.0,24,-0.0931817175353569,0.010504626682281536
34,333.0,25,-0.10793023047286204,-0.03765492270768143
34,333.0,26,-0.10793023047286204,0.03765492270768143
34,333.0,27,-0.11382353582001309,-0.49688821124275745
34,333.0,28,-0.11382353582001309,0.49688821124275745
34,333.0,29,-0.11705007335634145,-0.1416069998361664
34,333.0,30,-0.11705007335634145,0.1416069998361664
34,333.0,31,-0.12186299493308506,-1.0179821960484055
34,333.0,32,-0.12186299493308506,1.0179821960484055
34,333.0,33,-0.12187056999815145,-0.2530318382807652
34,333.0,34,-0.12187056999815145,0.2530318382807652
34,333.0,35,-0.12494949935833644,-0.35775396093450834
34,333.0,36,-0.12494949935833644,0.35775396093450834
34,333.0,37,-0.12905884775162835,-0.16931134021914956
34,333.0,38,-0.12905884775162835,0.16931134021914956
34,333.0,39,-0.1334250340569159,0.0
34,333.0,40,-0.13405235317335115,-0.6726017033730007
35,334.0,1,0.06467953576352814,0.0
35,334.0,2,-0.005590766215364758,-0.09865223349460547
35,334.0,3,-0.005590766215364758,0.09865223349460547
35,334.0,4,-0.03459029573626773,0.0
35,334.0,5,-0.04051653667787744,-0.04385132971352104
35,334.0,6,-0.04051653667787744,0.04385132971352104
35,334.0,7,-0.046696639687477046,-0.5256734455226592
35,334.0,8,-0.046696639687477046,0.5256734455226592
35,334.0,9,-0.050256361241477754,-0.7004171952369878
35,334.0,10,-0.050256361241477754,0.7004171952369878
35,334.0,11,-0.056186873960939035,-0.10665018720162558
35,334.0,12,-0.056186873960939035,0.10665018720162558
35,334.0,13,-0.06197986972974906,-0.9125496809053473
35,334.0,14,-0.06197986972974906,0.9125496809053473
35,334.0,15,-0.06767475098796702,-0.19102858112359558
35,334.0,16,-0.06767475098796702,0.19102858112359558
35,334.0,17,-0.07058211738300862,-0.5941310791647819
35,334.0,18,-0.07058211738300862,0.5941310791647819
35,334.0,19,-0.0763568463108206,-0.3062066316795763
35,334.0,20,-0.0763568463108206,0.3062066316795763
35,334.0,21,-0.08830137764876961,-1.275483154892367
35,334.0,22,-0.08830137764876961,1.275483154892367
35,334.0,23,-0.09294583035388365,-0.010871419653900071
35,334.0,24,-0.09294583035388365,0.010871419653900071
35,334.0,25,-0.10743760688032487,-0.03754266865858251
35,334.0,26,-0.10743760688032487,0.03754266865858251
35,334.0,27,-0.11326935619688855,-0.4972939582005291
35,334.0,28,-0.11326935619688855,0.4972939582005291
35,334.0,29,-0.11641551983458076,-0.14208916372241726
35,334.0,30,-0.11641551983458076,0.14208916372241726
35,334.0,31,-0.1207289089617028,-1.017937157527668
35,334.0,32,-0.1207289089617028,1.017937157527668
35,334.0,33,-0.12144991696115426,-0.2533815813373427
35,334.0,34,-0.12144991696115426,0.2533815813373427
35,334.0,35,-0.12397869184562957,-0.35831221731932883
35,334.0,36,-0.12397869184562957,0.35831221731932883
35,334.0,37,-0.12807213337916312,-0.16912194198378608
35,334.0,38,-0.12807213337916312,0.16912194198378608
35,334.0,39,-0.133589260333324,0.0
35,334.0,40,-0.13361458119561911,-0.6727849169720478
36,335.0,1,0.06474213591289499,0.0
36,335.0,2,-0.0053625365132213484,-0.09872638564178045
36,335.0,3,-0.0053625365132213484,0.09872638564178045
36,335.0,4,-0.034538952142383054,0.0
36,335.0,5,-0.04029981170933061,-0.04382841618193789
36,335.0,6,-0.04029981170933061,0.04382841618193789
36,335.0,7,-0.04593932724728271,-0.5254228732343542
36,335.0,8,-0.04593932724728271,0.5254228732343542
36,335.0,9,-0.04967383141940482,-0.7001781953579078
36,335.0,10,-0.04967383141940482,0.7001781953579078
36,335.0,11,-0.05567182918157808,-0.10612643529551942
36,335.0,12,-0.05567182918157808,0.10612643529551942
36,335.0,13,-0.06135410409233588,-0.912538282585725
36,335.0,14,-0.06135410409233588,0.912538282585725
36,335.0,15,-0.06726043661324545,-0.19062671606057663
36,335.0,16,-0.06726043661324545,0.19062671606057663
36,335.0,17,-0.07000513094456023,-0.5942764220406174
36,335.0,18,-0.07000513094456023,0.5942764220406174
36,335.0,19,-0.0760368571710727,-0.30637355793891746
36,335.0,20,-0.0760368571710727,0.30637355793891746
36,335.0,21,-0.08772891830752255,-1.2757451839228535
36,335.0,22,-0.08772891830752255,1.2757451839228535
36,335.0,23,-0.09270447203297935,-0.011220028179895545
36,335.0,24,-0.09270447203297935,0.011220028179895545
36,335.0,25,-0.1069445132601521,-0.03743542227655394
36,335.0,26,-0.1069445132601521,0.03743542227655394
36,335.0,27,-0.1127133977975451,-0.4976910025653808
36,335.0,28,-0.1127133977975451,0.4976910025653808
36,335.0,29,-0.11579622284852045,-0.14259045544043736
36,335.0,30,-0.11579622284852045,0.14259045544043736
36,335.0,31,-0.11960313764495063,-1.017889276431703
36,335.0,32,-0.11960313764495063,1.017889276431703
36,335.0,33,-0.12103382624896744,-0.2537524979315137
36,335.0,34,-0.12103382624896744,0.2537524979315137
36,335.0,35,-0.12300944482681592,-0.35883954002203783
36,335.0,36,-0.12300944482681592,0.35883954002203783
36,335.0,37,-0.1270921948371121,-0.1689177279625045
36,335.0,38,-0.1270921948371121,0.1689177279625045
36,335.0,39,-0.133179848643254,-0.6729668128386916
36,335.0,40,-0.133179848643254,0.6729668128386916
37,336.0,1,0.06480440781703055,0.0
37,336.0,2,-0.005142763634647598,-0.09879949382440717
37,336.0,3,-0.005142763634647598,0.09879949382440717
37,336.0,4,-0.03448817696038058,0.0
37,336.0,5,-0.04008747803272328,-0.04380164561512458
37,336.0,6,-0.04008747803272328,0.04380164561512458
37,336.0,7,-0.045186649319146066,-0.525172217805535
37,336.0,8,-0.045186649319146066,0.525172217805535
37,336.0,9,-0.0490946374476976,-0.6999457364917663
37,336.0,10,-0.0490946374476976,0.6999457364917663
37,336.0,11,-0.05514585744784016,-0.10561418838254662
37,336.0,12,-0.05514585744784016,0.10561418838254662
37,336.0,13,-0.06073182949730481,-0.9125258553648428
37,336.0,14,-0.06073182949730481,0.9125258553648428
37,336.0,15,-0.06686055765584187,-0.19022656525340478
37,336.0,16,-0.06686055765584187,0.19022656525340478
37,336.0,17,-0.06943110292152253,-0.594418993974247
37,336.0,18,-0.06943110292152253,0.594418993974247
37,336.0,19,-0.07572299539592481,-0.3065406570666758
37,336.0,20,-0.07572299539592481,0.3065406570666758
37,336.0,21,-0.08715853382652175,-1.2760039456144525
37,336.0,22,-0.08715853382652175,1.2760039456144525
37,336.0,23,-0.09245799239741348,-0.011552504411946364
37,336.0,24,-0.09245799239741348,0.011552504411946364
37,336.0,25,-0.10645142897982326,-0.03733330336486616
37,336.0,26,-0.10645142897982326,0.03733330336486616
37,336.0,27,-0.11215601065036526,-0.49807940218417884
37,336.0,28,-0.11215601065036526,0.49807940218417884
37,336.0,29,-0.1151921038895406,-0.14311096739855797
37,336.0,30,-0.1151921038895406,0.14311096739855797
37,336.0,31,-0.1184855475458048,-1.017838580508337
37,336.0,32,-0.1184855475458048,1.017838580508337
37,336.0,33,-0.1206219139459955,-0.25414792661986485
37,336.0,34,-0.1206219139459955,0.25414792661986485
37,336.0,35,-0.12204295077146018,-0.35933730513836576
37,336.0,36,-0.12204295077146018,0.35933730513836576
37,336.0,37,-0.12611774886061977,-0.1686977841376784
37,336.0,38,-0.12611774886061977,0.1686977841376784
37,336.0,39,-0.13274815411494983,-0.6731474036728804
37,336.0,40,-0.13274815411494983,0.6731474036728804
38,337.0,1,0.06486639146707911,0.0
38,337.0,2,-0.004931352740814238,-0.09887159846056354
38,337.0,3,-0.004931352740814238,0.09887159846056354
38,337.0,4,-0.03443795575954414,0.0
38,337.0,5,-0.039879372186051434,-0.04377104305267565
38,337.0,6,-0.039879372186051434,0.04377104305267565
38,337.0,7,-0.044438551542924545,-0.5249214504595241
38,337.0,8,-0.044438551542924545,0.5249214504595241
38,337.0,9,-0.04851864173879648,-0.6997196674649162
38,337.0,10,-0.04851864173879648,0.6997196674649162
38,337.0,11,-0.05460962240307909,-0.10511348156751643
38,337.0,12,-0.05460962240307909,0.10511348156751643
38,337.0,13,-0.06011301825963691,-0.9125123936547271
38,337.0,14,-0.06011301825963691,0.9125123936547271
38,337.0,15,-0.06647506466126266,-0.189827871434755
38,337.0,16,-0.06647506466126266,0.189827871434755
38,337.0,17,-0.06886005225242142,-0.5945588562640582
38,337.0,18,-0.06886005225242142,0.5945588562640582
38,337.0,19,-0.07541501847338589,-0.3067081557404041
38,337.0,20,-0.07541501847338589,0.3067081557404041
38,337.0,21,-0.08659021660631078,-1.2762594573874952
38,337.0,22,-0.08659021660631078,1.2762594573874952
38,337.0,23,-0.0922067306305933,-0.01187056874947475
38,337.0,24,-0.0922067306305933,0.01187056874947475
38,337.0,25,-0.10595881298977464,-0.03723638161666881
38,337.0,26,-0.10595881298977464,0.03723638161666881
38,337.0,27,-0.11159752655939575,-0.49845922852368535
38,337.0,28,-0.11159752655939575,0.49845922852368535
38,337.0,29,-0.11460312388048141,-0.1436510918116579
38,337.0,30,-0.11460312388048141,0.1436510918116579
38,337.0,31,-0.11737600840373963,-1.0177850959391364
38,337.0,32,-0.11737600840373963,1.0177850959391364
38,337.0,33,-0.12021353850090197,-0.2545719327708747
38,337.0,34,-0.12021353850090197,0.2545719327708747
38,337.0,35,-0.12108028392704615,-0.35980687184312093
38,337.0,36,-0.12108028392704615,0.35980687184312093
38,337.0,37,-0.12514748482205545,-0.16846100353197266
38,337.0,38,-0.12514748482205545,0.16846100353197266
38,337.0,39,-0.13231949667257792,-0.6733267023273427
38,337.0,40,-0.13231949667257792,0.6733267023273427
39,338.0,1,0.06492812590495292,0.0
39,338.0,2,-0.004728214922572608,-0.0989427413794849
39,338.0,3,-0.004728214922572608,0.0989427413794849
39,338.0,4,-0.03438827474827298,0.0
39,338.0,5,-0.039675337458514356,-0.04373663191559423
39,338.0,6,-0.039675337458514356,0.04373663191559423
39,338.0,7,-0.04369498142867061,-0.52467054220255
39,338.0,8,-0.04369498142867061,0.52467054220255
39,338.0,9,-0.04794571007306808,-0.6994998399255508
39,338.0,10,-0.04794571007306808,0.6994998399255508
39,338.0,11,-0.054063769480065624,-0.1046243008851086
39,338.0,12,-0.054063769480065624,0.1046243008851086
39,338.0,13,-0.05949764287976672,-0.9124978915985992
39,338.0,14,-0.05949764287976672,0.9124978915985992
39,338.0,15,-0.06610393058994876,-0.18943038128212975
39,338.0,16,-0.06610393058994876,0.18943038128212975
39,338.0,17,-0.0682919955100578,-0.5946960683987672
39,338.0,18,-0.0682919955100578,0.5946960683987672
39,338.0,19,-0.07511267875860186,-0.3068762658335411
39,338.0,20,-0.07511267875860186,0.3068762658335411
39,338.0,21,-0.08602395881497571,-1.2765117366580128
39,338.0,22,-0.08602395881497571,1.2765117366580128
39,338.0,23,-0.09195101494183239,-0.0121756796704399
39,338.0,24,-0.09195101494183239,0.0121756796704399
39,338.0,25,-0.10546709978574689,-0.0371446814275142
39,338.0,26,-0.10546709978574689,0.0371446814275142
39,338.0,27,-0.11103825944903495,-0.49883056502921697
39,338.0,28,-0.11103825944903495,0.49883056502921697
39,338.0,29,-0.11402931560447185,-0.14421156095759455
39,338.0,30,-0.11402931560447185,0.14421156095759455
39,338.0,31,-0.11627439304306206,-1.0177288474517951
39,338.0,32,-0.11627439304306206,1.0177288474517951
39,338.0,33,-0.11980764863760415,-0.2550295475846333
39,338.0,34,-0.11980764863760415,0.2550295475846333
39,338.0,35,-0.12012240186058978,-0.36024957730119384
39,338.0,36,-0.12012240186058978,0.36024957730119384
39,338.0,37,-0.12418003736444616,-0.16820603875840814
39,338.0,38,-0.12418003736444616,0.16820603875840814
39,338.0,39,-0.13189387582020426,-0.6735047219318456
39,338.0,40,-0.13189387582020426,0.6735047219318456
40,339.0,1,0.06498964926586141,0.0
40,339.0,2,-0.004533267115264613,-0.09901296598842446
40,339.0,3,-0.004533267115264613,0.09901296598842446
40,339.0,4,-0.03433912074448031,0.0
40,339.0,5,-0.03947522318631766,-0.04369843411114254
40,339.0,6,-0.03947522318631766,0.04369843411114254
40,339.0,7,-0.04295588825512782,-0.5244194638768159
40,339.0,8,-0.04295588825512782,0.5244194638768159
40,339.0,9,-0.0473757115289852,-0.6992861081985002
40,339.0,10,-0.0473757115289852,0.6992861081985002
40,339.0,11,-0.05350892181727847,-0.10414658739702684
40,339.0,12,-0.05350892181727847,0.10414658739702684
40,339.0,13,-0.05888567604622097,-0.9124823430962808
40,339.0,14,-0.05888567604622097,0.9124823430962808
40,339.0,15,-0.0657471517592286,-0.18903384404964071
40,339.0,16,-0.0657471517592286,0.18903384404964071
40,339.0,17,-0.06772694709557617,-0.5948306880816416
40,339.0,18,-0.06772694709557617,0.5948306880816416
40,339.0,19,-0.07481572377275017,-0.3070451841191002
40,339.0,20,-0.07481572377275017,0.3070451841191002
40,339.0,21,-0.0854597524028452,-1.276760800829391
40,339.0,22,-0.0854597524028452,1.276760800829391
40,339.0,23,-0.0916911623088473,-0.012469085586676453
40,339.0,24,-0.0916911623088473,0.012469085586676453
40,339.0,25,-0.10497669625346659,-0.03705818696880516
40,339.0,26,-0.10497669625346659,0.03705818696880516
40,339.0,27,-0.11047850577846666,-0.4991935056142241
40,339.0,28,-0.11047850577846666,0.4991935056142241
40,339.0,29,-0.11347082140639658,-0.14479350312488326
40,339.0,30,-0.11347082140639658,0.14479350312488326
40,339.0,31,-0.11518057728353451,-1.017669858422478
40,339.0,32,-0.11518057728353451,1.017669858422478
40,339.0,33,-0.11917014907956955,-0.3606667309600469
40,339.0,34,-0.11917014907956955,0.3606667309600469
40,339.0,35,-0.11940252269253368,-0.2555271067833451
40,339.0,36,-0.11940252269253368,0.2555271067833451
40,339.0,37,-0.12321395237719132,-0.1679312388720854
40,339.0,38,-0.12321395237719132,0.1679312388720854
40,339.0,39,-0.13147129147655578,-0.6736814760135897
40,339.0,40,-0.13147129147655578,0.6736814760135897
41,340.0,1,0.06505099881941062,0.0
41,340.0,2,-0.004346432019536989,-0.09908231745220739
41,340.0,3,-0.004346432019536989,0.09908231745220739
41,340.0,4,-0.03429048114901052,0.0
41,340.0,5,-0.03927888412131338,-0.043656470154157315
41,340.0,6,-0.03927888412131338,0.043656470154157315
41,340.0,7,-0.04222122297420674,-0.5241681862071165
41,340.0,8,-0.04222122297420674,0.5241681862071165
41,340.0,9,-0.04680851841830096,-0.6990783291466294
41,340.0,10,-0.04680851841830096,0.6990783291466294
41,340.0,11,-0.052945677052711915,-0.10368024142626607
41,340.0,12,-0.052945677052711915,0.10368024142626607
41,340.0,13,-0.05827709063793954,-0.9124657418275555
41,340.0,14,-0.05827709063793954,0.9124657418275555
41,340.0,15,-0.06540474897233844,-0.18863801015381873
41,340.0,16,-0.06540474897233844,0.18863801015381873
41,340.0,17,-0.06716491941822807,-0.5949627712612104
41,340.0,18,-0.06716491941822807,0.5949627712612104
41,340.0,19,-0.07452389659440294,-0.3072150919281613
41,340.0,20,-0.07452389659440294,0.3072150919281613
41,340.0,21,-0.08489758911639961,-1.277006667284534
41,340.0,22,-0.08489758911639961,1.277006667284534
41,340.0,23,-0.09142747829533458,-0.012751864087823932
41,340.0,24,-0.09142747829533458,0.012751864087823932
41,340.0,25,-0.10448797937431906,-0.03697684735699618
41,340.0,26,-0.10448797937431906,0.03697684735699618
41,340.0,27,-0.10991854501127567,-0.4995481532738999
41,340.0,28,-0.10991854501127567,0.4995481532738999
41,340.0,29,-0.11292793972661112,-0.14539852179790713
41,340.0,30,-0.11292793972661112,0.14539852179790713
41,340.0,31,-0.11409443985321732,-1.017608150969034
41,340.0,32,-0.11409443985321732,1.017608150969034
41,340.0,33,-0.1182242623074988,-0.3610596089213588
41,340.0,34,-0.1182242623074988,0.3610596089213588
41,340.0,35,-0.11899530436327779,-0.2560727347142
41,340.0,36,-0.11899530436327779,0.2560727347142
41,340.0,37,-0.12224764282130786,-0.16763456316275144
41,340.0,38,-0.12224764282130786,0.16763456316275144
41,340.0,39,-0.13105174394087293,-0.6738569786134618
41,340.0,40,-0.13105174394087293,0.6738569786134618
42,341.0,1,0.06511221100931529,0.0
42,341.0,2,-0.00416763802828468,-0.0991508428871076
42,341.0,3,-0.00416763802828468,0.0991508428871076
42,341.0,4,-0.034242343921831994,0.0
42,341.0,5,-0.03908617986611594,-0.04361075930150605
42,341.0,6,-0.03908617986611594,0.04361075930150605
42,341.0,7,-0.04149093812115731,-0.523916679841571
42,341.0,8,-0.04149093812115731,0.523916679841571
42,341.0,9,-0.046244006226020956,-0.6988763620385333
42,341.0,10,-0.046244006226020956,0.6988763620385333
42,341.0,11,-0.0523746049263626,-0.10322512678359512
42,341.0,12,-0.0523746049263626,0.10322512678359512
42,341.0,13,-0.05767185972629735,-0.912448081273263
42,341.0,14,-0.05767185972629735,0.912448081273263
42,341.0,15,-0.0650767688658109,-0.18824262969261812
42,341.0,16,-0.0650767688658109,0.18824262969261812
42,341.0,17,-0.06660592306181137,-0.5950923721672747
42,341.0,18,-0.06660592306181137,0.5950923721672747
42,341.0,19,-0.07423693635161836,-0.30738615478126097
42,341.0,20,-0.07423693635161836,0.30738615478126097
42,341.0,21,-0.08433746051136687,-1.2772493533783036
42,341.0,22,-0.08433746051136687,1.2772493533783036
42,341.0,23,-0.09116025694113947,-0.01302495214179764
42,341.0,24,-0.09116025694113947,0.01302495214179764
42,341.0,25,-0.10400129474099609,-0.03690058177236743
42,341.0,26,-0.10400129474099609,0.03690058177236743
42,341.0,27,-0.10935864012784631,-0.49989461881541974
42,341.0,28,-0.10935864012784631,0.49989461881541974
42,341.0,29,-0.11240118608328843,-0.1460288098618995
42,341.0,30,-0.11240118608328843,0.1460288098618995
42,341.0,31,-0.11301586230352473,-1.0175437460355932
42,341.0,32,-0.11301586230352473,1.0175437460355932
42,341.0,33,-0.11728537697593955,-0.36142944884508327
42,341.0,34,-0.11728537697593955,0.36142944884508327
42,341.0,35,-0.11858113864196562,-0.2566770307875115
42,341.0,36,-0.11858113864196562,0.2566770307875115
42,341.0,37,-0.12127932886675129,-0.16731346026198796
42,341.0,38,-0.12127932886675129,0.16731346026198796
42,341.0,39,-0.13055220043261823,-0.2783861960297517
42,341.0,40,-0.13055220043261823,0.2783861960297517
43,342.0,1,0.06517332149167639,0.0
43,342.0,2,-0.003996819159547782,-0.09921859157088064
43,342.0,3,-0.003996819159547782,0.09921859157088064
43,342.0,4,-0.03419469756075281,0.0
43,342.0,5,-0.0388969743700774,-0.0435613196968275
43,342.0,6,-0.0388969743700774,0.0435613196968275
43,342.0,7,-0.04076498773008297,-0.5236649153871964
43,342.0,8,-0.04076498773008297,0.5236649153871964
43,342.0,9,-0.04568205355492484,-0.6986800684228796
43,342.0,10,-0.04568205355492484,0.6986800684228796
43,342.0,11,-0.05179624560759839,-0.10278107487010697
43,342.0,12,-0.05179624560759839,0.10278107487010697
43,342.0,13,-0.05706995657687369,-0.912429354734595
43,342.0,14,-0.05706995657687369,0.912429354734595
43,342.0,15,-0.0647632855127192,-0.18784745087344454
43,342.0,16,-0.0647632855127192,0.18784745087344454
43,342.0,17,-0.06604996693870739,-0.5952195433512063
43,342.0,18,-0.06604996693870739,0.5952195433512063
43,342.0,19,-0.07395457882060105,-0.30755852201258743
43,342.0,20,-0.07395457882060105,0.30755852201258743
43,342.0,21,-0.08377935796507721,-1.2774888764304233
43,342.0,22,-0.08377935796507721,1.2774888764304233
43,342.0,23,-0.09088978072101164,-0.013289169684398972
43,342.0,24,-0.09088978072101164,0.013289169684398972
43,342.0,25,-0.10351695580972355,-0.03682928440461913
43,342.0,26,-0.10351695580972355,0.03682928440461913
43,342.0,27,-0.10879903816999692,-0.500233019697646
43,342.0,28,-0.10879903816999692,0.500233019697646
43,342.0,29,-0.11189137774796684,-0.1466873180500487
43,342.0,30,-0.11189137774796684,0.1466873180500487
43,342.0,31,-0.1119447289265457,-1.0174766634696943
43,342.0,32,-0.1119447289265457,1.0174766634696943
43,342.0,33,-0.11635403452117403,-0.3617774456493702
43,342.0,34,-0.11635403452117403,0.3617774456493702
43,342.0,35,-0.1181514839876053,-0.25735398886110555
43,342.0,36,-0.1181514839876053,0.25735398886110555
43,342.0,37,-0.12030695317924125,-0.1669646934704668
43,342.0,38,-0.12030695317924125,0.1669646934704668
43,342.0,39,-0.12987178904159627,-0.27687072324429446
43,342.0,40,-0.12987178904159627,0.27687072324429446
44,343.0,1,0.06523436517201756,0.0
44,343.0,2,-0.0038339149951985827,-0.09928561517105322
44,343.0,3,-0.0038339149951985827,0.09928561517105322
44,343.0,4,-0.03414753108247336,0.0
44,343.0,5,-0.03871113548129503,-0.04350816852308334
44,343.0,6,-0.03871113548129503,0.04350816852308334
44,343.0,7,-0.04004332725454082,-0.5234128634405523
44,343.0,8,-0.04004332725454082,0.5234128634405523
44,343.0,9,-0.04512254207432529,-0.6984893120088354
44,343.0,10,-0.04512254207432529,0.6984893120088354
44,343.0,11,-0.051211108655929205,-0.10234788856634273
44,343.0,12,-0.051211108655929205,0.10234788856634273
44,343.0,13,-0.05647135465095918,-0.9124095553504106
44,343.0,14,-0.05647135465095918,0.9124095553504106
44,343.0,15,-0.06446440232698791,-0.1874522183212658
44,343.0,16,-0.06446440232698791,0.1874522183212658
44,343.0,17,-0.06549705843243926,-0.5953443357298578
44,343.0,18,-0.06549705843243926,0.5953443357298578
44,343.0,19,-0.07367655713341337,-0.3077323264076615
44,343.0,20,-0.07367655713341337,0.3077323264076615
44,343.0,21,-0.08322327268810005,-1.2777252537186428
44,343.0,22,-0.08322327268810005,1.2777252537186428
44,343.0,23,-0.09061632056692753,-0.01354523829334548
44,343.0,24,-0.09061632056692753,0.01354523829334548
44,343.0,25,-0.10303524380062944,-0.036762829127998234
44,343.0,26,-0.10303524380062944,0.036762829127998234
44,343.0,27,-0.10823997080877124,-0.5005634789730389
44,343.0,28,-0.10823997080877124,0.5005634789730389
44,343.0,29,-0.11088092667443598,-1.017406922091983
44,343.0,30,-0.11088092667443598,1.017406922091983
44,343.0,31,-0.11139975809635864,-0.1473780105171437
44,343.0,32,-0.11139975809635864,0.1473780105171437
44,343.0,33,-0.11543069012431842,-0.36210474812746235
44,343.0,34,-0.11543069012431842,0.36210474812746235
44,343.0,35,-0.1176906571607724,-0.2581219561340209
44,343.0,36,-0.1176906571607724,0.2581219561340209
44,343.0,37,-0.11932805545102884,-0.1665840795244141
44,343.0,38,-0.11932805545102884,0.1665840795244141
44,343.0,39,-0.1292237886034505,-0.27526656199236094
44,343.0,40,-0.1292237886034505,0.27526656199236094
45,344.0,1,0.06529537624096816,0.0
45,344.0,2,-0.0036788706249512946,-0.09935196799375297
45,344.0,3,-0.0036788706249512946,0.09935196799375297
45,344.0,4,-0.03410083400577051,0.0
45,344.0,5,-0.038528534550207216,-0.04345132216063673
45,344.0,6,-0.038528534550207216,0.04345132216063673
45,344.0,7,-0.03932591349294984,-0.5231604946141754
45,344.0,8,-0.03932591349294984,0.5231604946141754
45,344.0,9,-0.0445653564728829,-0.6983039585530063
45,344.0,10,-0.0445653564728829,0.6983039585530063
45,344.0,11,-0.050619672522010446,-0.10192534584379283
45,344.0,12,-0.050619672522010446,0.10192534584379283
45,344.0,13,-0.0558760276068382,-0.9123886761128792
45,344.0,14,-0.0558760276068382,0.9123886761128792
45,344.0,15,-0.0641802543237924,-0.18705667123280367
45,344.0,16,-0.0641802543237924,0.18705667123280367
45,344.0,17,-0.064947203529543,-0.5954667986321559
45,344.0,18,-0.064947203529543,0.5954667986321559
45,344.0,19,-0.07340260259418574,-0.3079076838761712
45,344.0,20,-0.07340260259418574,0.3079076838761712
45,344.0,21,-0.08266919573515885,-1.2779585024722269
45,344.0,22,-0.08266919573515885,1.2779585024722269
45,344.0,23,-0.0903401359481237,-0.013793796151382532
45,344.0,24,-0.0903401359481237,0.013793796151382532
45,344.0,25,-0.1025564081499189,-0.03670107383419214
45,344.0,26,-0.1025564081499189,0.03670107383419214
45,344.0,27,-0.10768165492787311,-0.5008861243247462
45,344.0,28,-0.10768165492787311,0.5008861243247462
45,344.0,29,-0.10982434508107299,-1.0173345397596685
45,344.0,30,-0.10982434508107299,1.0173345397596685
45,344.0,31,-0.11092818989383765,-0.148106266903272
45,344.0,32,-0.11092818989383765,0.148106266903272
45,344.0,33,-0.11451572059492712,-0.3624124565028605
45,344.0,34,-0.11451572059492712,0.3624124565028605
45,344.0,35,-0.11716858276633224,-0.2590033198494159
45,344.0,36,-0.11716858276633224,0.2590033198494159
45,344.0,37,-0.11833957698054393,-0.16616608152045367
45,344.0,38,-0.11833957698054393,0.16616608152045367
45,344.0,39,-0.12863839530888155,-0.2735510578324072
45,344.0,40,-0.12863839530888155,0.2735510578324072
46,345.0,1,0.06535638820875547,0.0
46,345.0,2,-0.003531636595199717,-0.09941770725567088
46,345.0,3,-0.003531636595199717,0.09941770725567088
46,345.0,4,-0.034054596336694505,0.0
46,345.0,5,-0.03834904608102384,-0.04339079634884475
46,345.0,6,-0.03834904608102384,0.04339079634884475
46,345.0,7,-0.038612704518481256,-0.5229077795589785
46,345.0,8,-0.038612704518481256,0.5229077795589785
46,345.0,9,-0.044010384415149296,-0.6981238757524327
46,345.0,10,-0.044010384415149296,0.6981238757524327
46,345.0,11,-0.05002238449846434,-0.10151320305513202
46,345.0,12,-0.05002238449846434,0.10151320305513202
46,345.0,13,-0.05528394930086372,-0.9123667098814588
46,345.0,14,-0.05528394930086372,0.9123667098814588
46,345.0,15,-0.06391101080362468,-0.1866605413350986
46,345.0,16,-0.06391101080362468,0.1866605413350986
46,345.0,17,-0.06440040694151591,-0.595586979847854
46,345.0,18,-0.06440040694151591,0.595586979847854
46,345.0,19,-0.07313244559930225,-0.3080846931815691
46,345.0,20,-0.07313244559930225,0.3080846931815691
46,345.0,21,-0.08211711801541113,-1.2781886398657374
46,345.0,22,-0.08211711801541113,1.2781886398657374
46,345.0,23,-0.09006147500286311,-0.014035410169071236
46,345.0,24,-0.09006147500286311,0.014035410169071236
46,345.0,25,-0.10208066741543645,-0.0366438643752674
46,345.0,26,-0.10208066741543645,0.0366438643752674
46,345.0,27,-0.10712429321622866,-0.5012010871921536
46,345.0,28,-0.10712429321622866,0.5012010871921536
46,345.0,29,-0.10877487618574036,-1.0172595334238133
46,345.0,30,-0.10877487618574036,1.0172595334238133
46,345.0,31,-0.11047947487419545,-0.14887954511587542
46,345.0,32,-0.11047947487419545,0.14887954511587542
46,345.0,33,-0.11360943216153799,-0.36270162087720853
46,345.0,34,-0.11360943216153799,0.36270162087720853
46,345.0,35,-0.11652668552699469,-0.26001688886038027
46,345.0,36,-0.11652668552699469,0.26001688886038027
46,345.0,37,-0.11733753798704266,-0.16570314183919096
46,345.0,38,-0.11733753798704266,0.16570314183919096
46,345.0,39,-0.12817431281307906,-0.2717051810388551
46,345.0,40,-0.12817431281307906,0.2717051810388551
47,346.0,1,0.0654174339384739,0.0
47,346.0,2,-0.0033921688618193564,-0.09948289338212972
47,346.0,3,-0.0033921688618193564,0.09948289338212972
47,346.0,4,-0.034008808555610115,0.0
47,346.0,5,-0.03790365961328428,-0.5226546889831274
47,346.0,6,-0.03790365961328428,0.5226546889831274
47,346.0,7,-0.03817254742747449,-0.04332660634932827
47,346.0,8,-0.03817254742747449,0.04332660634932827
47,346.0,9,-0.043457516501620844,-0.6979489331437587
47,346.0,10,-0.043457516501620844,0.6979489331437587
47,346.0,11,-0.04941966103601426,-0.1011111978776552
47,346.0,12,-0.04941966103601426,0.1011111978776552
47,346.0,13,-0.05469509378832557,-0.9123436493953048
47,346.0,14,-0.05469509378832557,0.9123436493953048
47,346.0,15,-0.0636568785434536,-0.1862635505976161
47,346.0,16,-0.0636568785434536,0.1862635505976161
47,346.0,17,-0.06385667221757793,-0.5957049256779006
47,346.0,18,-0.06385667221757793,0.5957049256779006
47,346.0,19,-0.07286581665334957,-0.30826343574856185
47,346.0,20,-0.07286581665334957,0.30826343574856185
47,346.0,21,-0.0815670303020804,-1.27841568301294
47,346.0,22,-0.0815670303020804,1.27841568301294
47,346.0,23,-0.08978057471567237,-0.014270585906370845
47,346.0,24,-0.08978057471567237,0.014270585906370845
47,346.0,25,-0.10160821054007518,-0.03659103809028963
47,346.0,26,-0.10160821054007518,0.03659103809028963
47,346.0,27,-0.10656807476436746,-0.501508501978424
47,346.0,28,-0.10656807476436746,0.501508501978424
47,346.0,29,-0.10773241445890769,-1.017181919181155
47,346.0,30,-0.10773241445890769,1.017181919181155
47,346.0,31,-0.11005792196531261,-0.14970854261421418
47,346.0,32,-0.11005792196531261,0.14970854261421418
47,346.0,33,-0.11271206799211855,-0.36297324048518353
47,346.0,34,-0.11271206799211855,0.36297324048518353
47,346.0,35,-0.11566309355885501,-0.2611432122306037
47,346.0,36,-0.11566309355885501,0.2611432122306037
47,346.0,37,-0.11631646532676326,-0.16518451734313472
47,346.0,38,-0.11631646532676326,0.16518451734313472
47,346.0,39,-0.12793354761761014,-0.2697482049460431
47,346.0,40,-0.12793354761761014,0.2697482049460431
48,347.0,1,0.06547854567824088,0.0
48,347.0,2,-0.0032604287459519453,-0.09954759033448635
48,347.0,3,-0.0032604287459519453,0.09954759033448635
48,347.0,4,-0.033963461605989884,0.0
48,347.0,5,-0.037198739206684345,-0.5224011936675973
48,347.0,6,-0.037198739206684345,0.5224011936675973
48,347.0,7,-0.03799891852984413,-0.04325876710910828
48,347.0,8,-0.03799891852984413,0.04325876710910828
48,347.0,9,-0.042906646232014595,-0.6977790020083857
48,347.0,10,-0.042906646232014595,0.6977790020083857
48,347.0,11,-0.048811888348259815,-0.1007190518983215
48,347.0,12,-0.048811888348259815,0.1007190518983215
48,347.0,13,-0.05410943532415208,-0.9123194872842767
48,347.0,14,-0.05410943532415208,0.9123194872842767
48,347.0,15,-0.06331600184889885,-0.5958206809858932
48,347.0,16,-0.06331600184889885,0.5958206809858932
48,347.0,17,-0.06341810559916616,-0.18586540863477025
48,347.0,18,-0.06341810559916616,0.18586540863477025
48,347.0,19,-0.07260244746874667,-0.3084439755683089
48,347.0,20,-0.07260244746874667,0.3084439755683089
48,347.0,21,-0.08101892324148091,-1.2786396489611618
48,347.0,22,-0.08101892324148091,1.2786396489611618
48,347.0,23,-0.08949766113395931,-0.014499775768800243
48,347.0,24,-0.08949766113395931,0.014499775768800243
48,347.0,25,-0.10113919838384344,-0.036542426907482176
48,347.0,26,-0.10113919838384344,0.036542426907482176
48,347.0,27,-0.10601317566006638,-0.5018085053339628
48,347.0,28,-0.10601317566006638,0.5018085053339628
48,347.0,29,-0.1066968567300684,-1.0171017123208799
48,347.0,30,-0.1066968567300684,1.0171017123208799
48,347.0,31,-0.10967045515021503,-0.1506094037387684
48,347.0,32,-0.10967045515021503,0.1506094037387684
48,347.0,33,-0.11182381531989484,-0.36322826364997807
48,347.0,34,-0.11182381531989484,0.36322826364997807
48,347.0,35,-0.11447877554942888,-0.2622530092162168
48,347.0,36,-0.11447877554942888,0.2622530092162168
48,347.0,37,-0.11526827961067646,-0.16459406936418733
48,347.0,38,-0.11526827961067646,0.16459406936418733
48,347.0,39,-0.1280152705371857,-0.2678092732120658
48,347.0,40,-0.1280152705371857,0.2678092732120658
49,348.0,1,0.06553975509222414,0.0
49,348.0,2,-0.0031363828913846792,-0.09961186597057974
49,348.0,3,-0.0031363828913846792,0.09961186597057974
49,348.0,4,-0.033918546884852394,0.0
49,348.0,5,-0.03649790481723825,-0.522147264478753
49,348.0,6,-0.03649790481723825,0.522147264478753
49,348.0,7,-0.03782804169037228,-0.04318729342199941
49,348.0,8,-0.03782804169037228,0.04318729342199941
49,348.0,9,-0.04235766997151812,-0.6976139552835404
49,348.0,10,-0.04235766997151812,0.6976139552835404
49,348.0,11,-0.04819942323752266,-0.10033647283974924
49,348.0,12,-0.04819942323752266,0.10033647283974924
49,348.0,13,-0.053526948363442406,-0.9122942160784444
49,348.0,14,-0.053526948363442406,0.9122942160784444
49,348.0,15,-0.0627783973648915,-0.5959342892503167
49,348.0,16,-0.0627783973648915,0.5959342892503167
49,348.0,17,-0.06319498585015029,-0.18546580971982268
49,348.0,18,-0.06319498585015029,0.18546580971982268
49,348.0,19,-0.07234207213316471,-0.308626359219065
49,348.0,20,-0.07234207213316471,0.308626359219065
49,348.0,21,-0.08047278736145849,-1.2788605546856184
49,348.0,22,-0.08047278736145849,1.2788605546856184
49,348.0,23,-0.08921294961810716,-0.014723385836706482
49,348.0,24,-0.08921294961810716,0.014723385836706482
49,348.0,25,-0.10067376544435241,-0.036497860028384774
49,348.0,26,-0.10067376544435241,0.036497860028384774
49,348.0,27,-0.10545975957957068,-0.5021012355100406
49,348.0,28,-0.10545975957957068,0.5021012355100406
49,348.0,29,-0.10566810211749711,-1.0170189273666121
49,348.0,30,-0.10566810211749711,1.0170189273666121
49,348.0,31,-0.1093290632647851,-0.15160841734171956
49,348.0,32,-0.1093290632647851,0.15160841734171956
49,348.0,33,-0.11094481209408238,-0.3634675883257207
49,348.0,34,-0.11094481209408238,0.3634675883257207
49,348.0,35,-0.11302777453987498,-0.26314932847815237
49,348.0,36,-0.11302777453987498,0.26314932847815237
49,348.0,37,-0.11417983937345816,-0.16390556428744552
49,348.0,38,-0.11417983937345816,0.16390556428744552
49,348.0,39,-0.1278048116248221,-0.6752178842709707
49,348.0,40,-0.1278048116248221,0.6752178842709707
50,349.0,1,0.06560109329059476,0.0
50,349.0,2,-0.0030200032217623236,-0.09967579244242099
50,349.0,3,-0.0030200032217623236,0.09967579244242099
50,349.0,4,-0.033874056234744196,0.0
50,349.0,5,-0.03580111899833828,-0.521892872378252
50,349.0,6,-0.03580111899833828,0.521892872378252
50,349.0,7,-0.03765980138448132,-0.04311220008665817
50,349.0,8,-0.03765980138448132,0.04311220008665817
50,349.0,9,-0.04181048691975123,-0.697453667479196
50,349.0,10,-0.04181048691975123,0.697453667479196
50,349.0,11,-0.04758259408360911,-0.09996315643440153
50,349.0,12,-0.04758259408360911,0.09996315643440153
50,349.0,13,-0.052947607561838084,-0.9122678282164415
50,349.0,14,-0.052947607561838084,0.9122678282164415
50,349.0,15,-0.062243859422171255,-0.5960457926170378
50,349.0,16,-0.062243859422171255,0.5960457926170378
50,349.0,17,-0.06298786445199367,-0.18506442930985115
50,349.0,18,-0.06298786445199367,0.18506442930985115
50,349.0,19,-0.07208442832561496,-0.3088106160171985
50,349.0,20,-0.07208442832561496,0.3088106160171985
50,349.0,21,-0.07992861307928767,-1.279078417084079
50,349.0,22,-0.07992861307928767,1.279078417084079
50,349.0,23,-0.08892664511942264,-0.014941781601088654
50,349.0,24,-0.08892664511942264,0.014941781601088654
50,349.0,25,-0.10021202169553249,-0.03645716621166543
50,349.0,26,-0.10021202169553249,0.03645716621166543
50,349.0,27,-0.10464605196002098,-1.0169335781142483
50,349.0,28,-0.10464605196002098,1.0169335781142483
50,349.0,29,-0.10490797837122445,-0.5023868317771439
50,349.0,30,-0.10490797837122445,0.5023868317771439
50,349.0,31,-0.10905734078780371,-0.15275383931442577
50,349.0,32,-0.10905734078780371,0.15275383931442577
50,349.0,33,-0.11007515311053956,-0.36369206311571195
50,349.0,34,-0.11007515311053956,0.36369206311571195
50,349.0,35,-0.11148566817818664,-0.2637695553450442
50,349.0,36,-0.11148566817818664,0.2637695553450442
50,349.0,37,-0.11302639314251563,-0.16307085021188616
50,349.0,38,-0.11302639314251563,0.16307085021188616
50,349.0,39,-0.1274126460601558,-0.6753828913007868
50,349.0,40,-0.1274126460601558,0.6753828913007868
51,350.0,1,0.06566259085851406,0.0
51,350.0,2,-0.0029112668955278394,-0.09973944663577615
51,350.0,3,-0.0029112668955278394,0.09973944663577615
51,350.0,4,-0.03382998193721225,0.0
51,350.0,5,-0.03510834528722524,-0.5216379884303488
51,350.0,6,-0.03510834528722524,0.5216379884303488
51,350.0,7,-0.037494084105360065,-0.043033502059787204
51,350.0,8,-0.037494084105360065,0.043033502059787204
51,350.0,9,-0.04126499908216385,-0.6972980146006238
51,350.0,10,-0.04126499908216385,0.6972980146006238
51,350.0,11,-0.046961701946637346,-0.09959878795939701
51,350.0,12,-0.046961701946637346,0.09959878795939701
51,350.0,13,-0.052371387775758615,-0.9122403160524603
51,350.0,14,-0.052371387775758615,0.9122403160524603
51,350.0,15,-0.06171238788671181,-0.5961552319520126
51,350.0,16,-0.06171238788671181,0.5961552319520126
51,350.0,17,-0.06279714440974779,-0.18466091995294417
51,350.0,18,-0.06279714440974779,0.18466091995294417
51,350.0,19,-0.07182925855903712,-0.3089967583097858
51,350.0,20,-0.07182925855903712,0.3089967583097858
51,350.0,21,-0.07938639070903576,-1.279293252971594
51,350.0,22,-0.07938639070903576,1.279293252971594
51,350.0,23,-0.08863894248074114,-0.015155292816710473
51,350.0,24,-0.08863894248074114,0.015155292816710473
51,350.0,25,-0.09975405448511118,-0.03642017568231862
51,350.0,26,-0.09975405448511118,0.03642017568231862
51,350.0,27,-0.10363060975060989,-1.0168456776656516
51,350.0,28,-0.10363060975060989,1.0168456776656516
51,350.0,29,-0.10435797262904067,-0.5026654339030804
51,350.0,30,-0.10435797262904067,0.5026654339030804
51,350.0,31,-0.10891472742808829,-0.15415530252794937
51,350.0,32,-0.10891472742808829,0.15415530252794937
51,350.0,33,-0.1092148956047837,-0.36390248866281283
51,350.0,34,-0.1092148956047837,0.36390248866281283
51,350.0,35,-0.10996686754346127,-0.264173051041951
51,350.0,36,-0.10996686754346127,0.264173051041951
51,350.0,37,-0.11174733144962541,-0.16198044727151106
51,350.0,38,-0.11174733144962541,0.16198044727151106
51,350.0,39,-0.1270235289255543,-0.6755468374170823
51,350.0,40,-0.1270235289255543,0.6755468374170823
52,351.0,1,0.0657242778840896,0.0
52,351.0,2,-0.0028101562557113074,-0.0998029106569752
52,351.0,3,-0.0028101562557113074,0.0998029106569752
52,351.0,4,-0.03378631670768166,0.0
52,351.0,5,-0.034419548157177626,-0.5213825838069763
52,351.0,6,-0.034419548157177626,0.5213825838069763
52,351.0,7,-0.037330778239567264,-0.04295121460304023
52,351.0,8,-0.037330778239567264,0.04295121460304023
52,351.0,9,-0.04072111124361777,-0.6971468740765849
52,351.0,10,-0.04072111124361777,0.6971468740765849
52,351.0,11,-0.04633702174423786,-0.09924304344806628
52,351.0,12,-0.04633702174423786,0.09924304344806628
52,351.0,13,-0.051798264062510174,-0.9122116718621284
52,351.0,14,-0.051798264062510174,0.9122116718621284
52,351.0,15,-0.06118398190967224,-0.5962626468936666
52,351.0,16,-0.06118398190967224,0.5962626468936666
52,351.0,17,-0.06262329454637389,-0.18425490641082048
52,351.0,18,-0.06262329454637389,0.18425490641082048
52,351.0,19,-0.07157631142532628,-0.30918478191599197
52,351.0,20,-0.07157631142532628,0.30918478191599197
52,351.0,21,-0.07884611046839796,-1.2795050790754867
52,351.0,22,-0.07884611046839796,1.2795050790754867
52,351.0,23,-0.08835002675483497,-0.015364217636377664
52,351.0,24,-0.08835002675483497,0.015364217636377664
52,351.0,25,-0.09929993044198554,-0.03638672169711051
52,351.0,26,-0.09929993044198554,0.03638672169711051
52,351.0,27,-0.1026216810718566,-1.016755238458703
52,351.0,28,-0.1026216810718566,1.016755238458703
52,351.0,29,-0.10380987225408167,-0.5029371816860151
52,351.0,30,-0.10380987225408167,0.5029371816860151
52,351.0,31,-0.10836406431020545,-0.36409961931968426
52,351.0,32,-0.10836406431020545,0.36409961931968426
52,351.0,33,-0.10850884304515648,-0.264428146580576
52,351.0,34,-0.10850884304515648,0.264428146580576
52,351.0,35,-0.10920949021065277,-0.15622935815969513
52,351.0,36,-0.10920949021065277,0.15622935815969513
52,351.0,37,-0.11003319485881591,-0.1602180077784576
52,351.0,38,-0.11003319485881591,0.1602180077784576
52,351.0,39,-0.12663746055454395,-0.6757097484389728
52,351.0,40,-0.12663746055454395,0.6757097484389728
53,352.0,1,0.0657861839854244,0.0
53,352.0,2,-0.0027166587712002203,-0.09986627237283337
53,352.0,3,-0.0027166587712002203,0.09986627237283337
53,352.0,4,-0.033734692972721164,-0.521126629790689
53,352.0,5,-0.033734692972721164,0.521126629790689
53,352.0,6,-0.033743053691711156,0.0
53,352.0,7,-0.03716977397149304,-0.04286535342219373
53,352.0,8,-0.03716977397149304,0.04286535342219373
53,352.0,9,-0.040178730943912076,-0.6970001246928641
53,352.0,10,-0.040178730943912076,0.6970001246928641
53,352.0,11,-0.0457088034716851,-0.0988955905954946
53,352.0,12,-0.0457088034716851,0.0988955905954946
53,352.0,13,-0.05122821168025915,-0.9121818878473249
53,352.0,14,-0.05122821168025915,0.9121818878473249
53,352.0,15,-0.06065863999734286,-0.596368075904992
53,352.0,16,-0.06065863999734286,0.596368075904992
53,352.0,17,-0.062466859225027586,-0.183845979777097
53,352.0,18,-0.062466859225027586,0.183845979777097
53,352.0,19,-0.07132534281728276,-0.3093746667196307
53,352.0,20,-0.07132534281728276,0.3093746667196307
53,352.0,21,-0.0783077624850877,-1.2797139120303558
53,352.0,22,-0.0783077624850877,1.2797139120303558
53,352.0,23,-0.0880600735362011,-0.015568826155282059
53,352.0,24,-0.0880600735362011,0.015568826155282059
53,352.0,25,-0.09884969735434743,-0.03635664180012724
53,352.0,26,-0.09884969735434743,0.03635664180012724
53,352.0,27,-0.10161917353322919,-1.0166622722940644
53,352.0,28,-0.10161917353322919,1.0166622722940644
53,352.0,29,-0.10326379700204533,-0.5032022145381213
53,352.0,30,-0.10326379700204533,0.5032022145381213
53,352.0,31,-0.10611970169621864,-0.15978640232941407
53,352.0,32,-0.10611970169621864,0.15978640232941407
53,352.0,33,-0.10711679293294896,-0.26458148955331817
53,352.0,34,-0.10711679293294896,0.26458148955331817
53,352.0,35,-0.10752265599890581,-0.36428416501859157
53,352.0,36,-0.10752265599890581,0.36428416501859157
53,352.0,37,-0.11170468405826067,-0.156973392450928
53,352.0,38,-0.11170468405826067,0.156973392450928
53,352.0,39,-0.12625444074526326,-0.6758716516369631
53,352.0,40,-0.12625444074526326,0.6758716516369631
54,353.0,1,0.06584833833678132,0.0
54,353.0,2,-0.002630766965033757,-0.09992962601048762
54,353.0,3,-0.002630766965033757,0.09992962601048762
54,353.0,4,-0.03305374594764477,-0.5208700977756404
54,353.0,5,-0.03305374594764477,0.5208700977756404
54,353.0,6,-0.03370018646253562,0.0
54,353.0,7,-0.03701096321443956,-0.04277593479732548
54,353.0,8,-0.03701096321443956,0.04277593479732548
54,353.0,9,-0.03963776845494954,-0.6968576465312295
54,353.0,10,-0.03963776845494954,0.6968576465312295
54,353.0,11,-0.04507727344148493,-0.0985560893758665
54,353.0,12,-0.04507727344148493,0.0985560893758665
54,353.0,13,-0.0506612060879153,-0.9121509561398737
54,353.0,14,-0.0506612060879153,0.9121509561398737
54,353.0,15,-0.06013636007570217,-0.5964715563249997
54,353.0,16,-0.06013636007570217,0.5964715563249997
54,353.0,17,-0.06232847029920369,-0.18343369029909806
54,353.0,18,-0.06232847029920369,0.18343369029909806
54,353.0,19,-0.07107611710171916,-0.3095663774105497
54,353.0,20,-0.07107611710171916,0.3095663774105497
54,353.0,21,-0.07777133680273252,-1.2799197683733003
54,353.0,22,-0.07777133680273252,1.2799197683733003
54,353.0,23,-0.0877692493023071,-0.015769363467290087
54,353.0,24,-0.0877692493023071,0.015769363467290087
54,353.0,25,-0.09840338598863715,-0.03632977880317588
54,353.0,26,-0.09840338598863715,0.03632977880317588
54,353.0,27,-0.1006229967100492,-1.0165667903585507
54,353.0,28,-0.1006229967100492,1.0165667903585507
54,353.0,29,-0.10271985701565547,-0.503460671115682
54,353.0,30,-0.10271985701565547,0.503460671115682
54,353.0,31,-0.10378882069725448,-0.16051022031665463
54,353.0,32,-0.10378882069725448,0.16051022031665463
54,353.0,33,-0.10578630260363693,-0.2646624199300383
54,353.0,34,-0.10578630260363693,0.2646624199300383
54,353.0,35,-0.10669064353221702,-0.3644567932729981
54,353.0,36,-0.10669064353221702,0.3644567932729981
54,353.0,37,-0.11261706521252633,-0.15656313071173006
54,353.0,38,-0.11261706521252633,0.15656313071173006
54,353.0,39,-0.12587446864773982,-0.6760325757606733
54,353.0,40,-0.12587446864773982,0.6760325757606733
55,354.0,1,0.0659107696938554,0.0
55,354.0,2,-0.002552478324371831,-0.09999307282455853
55,354.0,3,-0.002552478324371831,0.09999307282455853
55,354.0,4,-0.03237667410572233,-0.5206129592667575
55,354.0,5,-0.03237667410572233,0.5206129592667575
55,354.0,6,-0.03365770901990873,0.0
55,354.0,7,-0.03685423956624696,-0.042682975702684665
55,354.0,8,-0.03685423956624696,0.042682975702684665
55,354.0,9,-0.039098136759369954,-0.6967193209134263
55,354.0,10,-0.039098136759369954,0.6967193209134263
55,354.0,11,-0.04444263552594825,-0.09822419238845585
55,354.0,12,-0.04444263552594825,0.09822419238845585
55,354.0,13,-0.050097222944885986,-0.9121188688043135
55,354.0,14,-0.050097222944885986,0.9121188688043135
55,354.0,15,-0.059617139549883555,-0.5965731244194438
55,354.0,16,-0.059617139549883555,0.5965731244194438
55,354.0,17,-0.0622088619249397,-0.18301753850853206
55,354.0,18,-0.0622088619249397,0.18301753850853206
55,354.0,19,-0.07082840821881828,-0.30975986436747044
55,354.0,20,-0.07082840821881828,0.30975986436747044
55,354.0,21,-0.07723682338633178,-1.2801226645391934
55,354.0,22,-0.07723682338633178,1.2801226645391934
55,354.0,23,-0.08747771176065113,-0.015966052314798324
55,354.0,24,-0.08747771176065113,0.015966052314798324
55,354.0,25,-0.0979610118270322,-0.036305981525499034
55,354.0,26,-0.0979610118270322,0.036305981525499034
55,354.0,27,-0.09963306208419348,-1.0164688032458105
55,354.0,28,-0.09963306208419348,1.0164688032458105
55,354.0,29,-0.1018931676686459,-0.16111163509844498
55,354.0,30,-0.1018931676686459,0.16111163509844498
55,354.0,31,-0.1021781533409136,-0.503712688991873
55,354.0,32,-0.1021781533409136,0.503712688991873
55,354.0,33,-0.10451094518731563,-0.2646896845640167
55,354.0,34,-0.10451094518731563,0.2646896845640167
55,354.0,35,-0.10586797945413295,-0.3646181312550115
55,354.0,36,-0.10586797945413295,0.3646181312550115
55,354.0,37,-0.11309267778882713,-0.1562767786801782
55,354.0,38,-0.11309267778882713,0.1562767786801782
55,354.0,39,-0.12549754264720336,-0.6761925510569465
55,354.0,40,-0.12549754264720336,0.6761925510569465
56,355.0,1,0.06597350641829136,0.0
56,355.0,2,-0.0024817951853396483,-0.10005672184010478
56,355.0,3,-0.0024817951853396483,0.10005672184010478
56,355.0,4,-0.03170344524391455,-0.5203551858772409
56,355.0,5,-0.03170344524391455,0.5203551858772409
56,355.0,6,-0.03361561579017965,0.0
56,355.0,7,-0.036699498287352306,-0.042586493915053446
56,355.0,8,-0.036699498287352306,0.042586493915053446
56,355.0,9,-0.03855975153029664,-0.6965850303502497
56,355.0,10,-0.03855975153029664,0.6965850303502497
56,355.0,11,-0.04380507239297049,-0.09789954494753685
56,355.0,12,-0.04380507239297049,0.09789954494753685
56,355.0,13,-0.04953623811076396,-0.9120856178396747
56,355.0,14,-0.04953623811076396,0.9120856178396747
56,355.0,15,-0.05910097535901521,-0.5966728154307035
56,355.0,16,-0.05910097535901521,0.5966728154307035
56,355.0,17,-0.06210888909536944,-0.18259696412021492
56,355.0,18,-0.06210888909536944,0.18259696412021492
56,355.0,19,-0.07058200068437381,-0.30995506467035927
56,355.0,20,-0.07058200068437381,0.30995506467035927
56,355.0,21,-0.07670421212730397,-1.2803226168560204
56,355.0,22,-0.07670421212730397,1.2803226168560204
56,355.0,23,-0.08718561019856683,-0.016159095397598834
56,355.0,24,-0.08718561019856683,0.016159095397598834
56,355.0,25,-0.09752257670813658,-0.03628510532572808
56,355.0,26,-0.09752257670813658,0.03628510532572808
56,355.0,27,-0.09864928298641462,-1.0163683209740908
56,355.0,28,-0.09864928298641462,1.0163683209740908
56,355.0,29,-0.10019251912631386,-0.16164719021893598
56,355.0,30,-0.10019251912631386,0.16164719021893598
56,355.0,31,-0.10163877842637642,-0.5039584043686236
56,355.0,32,-0.10163877842637642,0.5039584043686236
56,355.0,33,-0.10328453226611864,-0.2646757268490308
56,355.0,34,-0.10328453226611864,0.2646757268490308
56,355.0,35,-0.1050545991638963,-0.3647687679031872
56,355.0,36,-0.1050545991638963,0.3647687679031872
56,355.0,37,-0.11337031966427685,-0.1560582453544054
56,355.0,38,-0.11337031966427685,0.1560582453544054
56,355.0,39,-0.12512366024398403,-0.6763516092779449
56,355.0,40,-0.12512366024398403,0.6763516092779449
57,356.0,1,0.06603657650135483,0.0
57,356.0,2,-0.0024187245841612477,-0.10012069068084994
57,356.0,3,-0.0024187245841612477,0.10012069068084994
57,356.0,4,-0.031034027897956656,-0.5200967493245137
57,356.0,5,-0.031034027897956656,0.5200967493245137
57,356.0,6,-0.03357390162758376,0.0
57,356.0,7,-0.03654663629912763,-0.04248650810965575
57,356.0,8,-0.03654663629912763,0.04248650810965575
57,356.0,9,-0.03802253111207307,-0.6964546584954536
57,356.0,10,-0.03802253111207307,0.6964546584954536
57,356.0,11,-0.04316474673132388,-0.09758178492937777
57,356.0,12,-0.04316474673132388,0.09758178492937777
57,356.0,13,-0.048978227644896614,-0.9120511951804338
57,356.0,14,-0.048978227644896614,0.9120511951804338
57,356.0,15,-0.058587864026685185,-0.5967706636266618
57,356.0,16,-0.058587864026685185,0.5967706636266618
57,356.0,17,-0.06202955108209393,-0.18217133194550827
57,356.0,18,-0.06202955108209393,0.18217133194550827
57,356.0,19,-0.07033669047444963,-0.31015190322616265
57,356.0,20,-0.07033669047444963,0.31015190322616265
57,356.0,21,-0.07617349284812655,-1.2805196415404194
57,356.0,22,-0.07617349284812655,1.2805196415404194
57,356.0,23,-0.08689308583295685,-0.016348677393989694
57,356.0,24,-0.08689308583295685,0.016348677393989694
57,356.0,25,-0.09708807036109034,-0.03626701245686971
57,356.0,26,-0.09708807036109034,0.03626701245686971
57,356.0,27,-0.09767157454023107,-1.0162653530016492
57,356.0,28,-0.09767157454023107,1.0162653530016492
57,356.0,29,-0.09860634968057536,-0.1621416464432042
57,356.0,30,-0.09860634968057536,0.1621416464432042
57,356.0,31,-0.10110181660491471,-0.5041979518243482
57,356.0,32,-0.10110181660491471,0.5041979518243482
57,356.0,33,-0.10210167218237735,-0.264629144734323
57,356.0,34,-0.10210167218237735,0.264629144734323
57,356.0,35,-0.10425042370518345,-0.3649092560249437
57,356.0,36,-0.10425042370518345,0.3649092560249437
57,356.0,37,-0.11352897975841486,-0.1558833082549245
57,356.0,38,-0.11352897975841486,0.1558833082549245
57,356.0,39,-0.12475281793056828,-0.6765097836787785
57,356.0,40,-0.12475281793056828,0.6765097836787785
58,357.0,1,0.06610000758690936,0.0
58,357.0,2,-0.002363278064197485,-0.10018510649293273
58,357.0,3,-0.002363278064197485,0.10018510649293273
58,357.0,4,-0.030368391310177982,-0.5198376214247048
58,357.0,5,-0.030368391310177982,0.5198376214247048
58,357.0,6,-0.03353256181675062,0.0
58,357.0,7,-0.03639555220042785,-0.04238303794242115
58,357.0,8,-0.03639555220042785,0.04238303794242115
58,357.0,9,-0.03748639650164601,-0.696328090104291
58,357.0,10,-0.03748639650164601,0.696328090104291
58,357.0,11,-0.042521802467555464,-0.09727054238697541
58,357.0,12,-0.042521802467555464,0.09727054238697541
58,357.0,13,-0.048423167805903104,-0.9120155926965184
58,357.0,14,-0.048423167805903104,0.9120155926965184
58,357.0,15,-0.058077801707425436,-0.5968667023485087
58,357.0,16,-0.058077801707425436,0.5968667023485087
58,357.0,17,-0.06197202144204658,-0.18173991375161141
58,357.0,18,-0.06197202144204658,0.18173991375161141
58,357.0,19,-0.07009228577537988,-0.31035029398821384
58,357.0,20,-0.07009228577537988,0.31035029398821384
58,357.0,21,-0.0756446553065688,-1.2807137546931393
58,357.0,22,-0.0756446553065688,1.2807137546931393
58,357.0,23,-0.08660027215755262,-0.016534966737546047
58,357.0,24,-0.08660027215755262,0.016534966737546047
58,357.0,25,-0.09665747182786712,-0.03625157227258269
58,357.0,26,-0.09665747182786712,0.03625157227258269
58,357.0,27,-0.09669985360741834,-1.016159908239613
58,357.0,28,-0.09669985360741834,1.016159908239613
58,357.0,29,-0.0970952866188763,-0.1626083808519094
58,357.0,30,-0.0970952866188763,0.1626083808519094
58,357.0,31,-0.10056734455760201,-0.5044314640943222
58,357.0,32,-0.10056734455760201,0.5044314640943222
58,357.0,33,-0.10095781178672492,-0.2645561024556135
58,357.0,34,-0.10095781178672492,0.2645561024556135
58,357.0,35,-0.10345536220892942,-0.36504011436566264
58,357.0,36,-0.10345536220892942,0.36504011436566264
58,357.0,37,-0.1136063516088828,-0.15573923091362127
58,357.0,38,-0.1136063516088828,0.15573923091362127
58,357.0,39,-0.12438501106649309,-0.6766671090045294
58,357.0,40,-0.12438501106649309,0.6766671090045294
59,358.0,1,0.06616382699368345,0.0
59,358.0,2,-0.0023154714255418703,-0.10025010697593968
59,358.0,3,-0.0023154714255418703,0.10025010697593968
59,358.0,4,-0.029706505399404212,-0.5195777740857432
59,358.0,5,-0.029706505399404212,0.5195777740857432
59,358.0,6,-0.03349159207638117,0.0
59,358.0,7,-0.0362461463002006,-0.042276104118002325
59,358.0,8,-0.0362461463002006,0.042276104118002325
59,358.0,9,-0.03695127133044976,-0.6962052109966061
59,358.0,10,-0.03695127133044976,0.6962052109966061
59,358.0,11,-0.04187636598232036,-0.09696543894023067
59,358.0,12,-0.04187636598232036,0.09696543894023067
59,358.0,13,-0.047871035051096494,-0.9119788021926183
59,358.0,14,-0.047871035051096494,0.9119788021926183
59,358.0,15,-0.05757078422945114,-0.5969609640575028
59,358.0,16,-0.05757078422945114,0.5969609640575028
59,358.0,17,-0.061937686954923424,-0.18130186451985605
59,358.0,18,-0.061937686954923424,0.18130186451985605
59,358.0,19,-0.06984860758615972,-0.31055014124699476
59,358.0,20,-0.06984860758615972,0.31055014124699476
59,358.0,21,-0.07511768919959211,-1.2809049722946362
59,358.0,22,-0.07511768919959211,1.2809049722946362
59,358.0,23,-0.08630729528567696,-0.016718117185227192
59,358.0,24,-0.08630729528567696,0.016718117185227192
59,358.0,25,-0.0956360480964648,-0.16305581540836409
59,358.0,26,-0.0956360480964648,0.16305581540836409
59,358.0,27,-0.09573403873491956,-1.016051995062823
59,358.0,28,-0.09573403873491956,1.016051995062823
59,358.0,29,-0.09623075077221488,-0.03623866131013156
59,358.0,30,-0.09623075077221488,0.03623866131013156
59,358.0,31,-0.09984913537738571,-0.26446116595123875
59,358.0,32,-0.09984913537738571,0.26446116595123875
59,358.0,33,-0.10003543175946898,-0.5046590718810658
59,358.0,34,-0.10003543175946898,0.5046590718810658
59,358.0,35,-0.1026693140253388,-0.36516182962358656
59,358.0,36,-0.1026693140253388,0.36516182962358656
59,358.0,37,-0.11362385447469323,-0.15561835669736138
59,358.0,38,-0.11362385447469323,0.15561835669736138
59,358.0,39,-0.12402023375163322,-0.6768236214661576
59,358.0,40,-0.12402023375163322,0.6768236214661576
60,359.0,1,0.06622806173683116,0.0
60,359.0,2,-0.0022753244008550024,-0.10031584153352611
60,359.0,3,-0.0022753244008550024,0.10031584153352611
60,359.0,4,-0.029048340732864927,-0.5193171792992284
60,359.0,5,-0.029048340732864927,0.5193171792992284
60,359.0,6,-0.03345098856412378,0.0
60,359.0,7,-0.03609832066399407,-0.04216572844260515
60,359.0,8,-0.03609832066399407,0.04216572844260515
60,359.0,9,-0.036417081846498334,-0.6960859080242107
60,359.0,10,-0.036417081846498334,0.6960859080242107
60,359.0,11,-0.04122854733966899,-0.09666608694688478
60,359.0,12,-0.04122854733966899,0.09666608694688478
60,359.0,13,-0.047321806035848596,-0.9119408154066012
60,359.0,14,-0.047321806035848596,0.9119408154066012
60,359.0,15,-0.0570668071339715,-0.5970534803803813
60,359.0,16,-0.0570668071339715,0.5970534803803813
60,359.0,17,-0.06192819893494017,-0.18085619081398543
60,359.0,18,-0.06192819893494017,0.18085619081398543
60,359.0,19,-0.06960549016490145,-0.3107513409682328
60,359.0,20,-0.06960549016490145,0.3107513409682328
60,359.0,21,-0.07459258416685749,-1.281093310200733
60,359.0,22,-0.07459258416685749,1.281093310200733
60,359.0,23,-0.08601427428671035,-0.016898269206375684
60,359.0,24,-0.08601427428671035,0.016898269206375684
60,359.0,25,-0.09421301379311255,-0.16348990085448023
60,359.0,26,-0.09421301379311255,0.16348990085448023
60,359.0,27,-0.094774050103276,-1.015941621318465
60,359.0,28,-0.094774050103276,1.015941621318465
60,359.0,29,-0.09580786867651014,-0.03622816327261396
60,359.0,30,-0.09580786867651014,0.03622816327261396
60,359.0,31,-0.09877243933657798,-0.2643478152152278
60,359.0,32,-0.09877243933657798,0.2643478152152278
60,359.0,33,-0.09950614090708929,-0.5048809036918847
60,359.0,34,-0.09950614090708929,0.5048809036918847
60,359.0,35,-0.10189217057872674,-0.3652748583952514
60,359.0,36,-0.10189217057872674,0.3652748583952514
60,359.0,37,-0.11359500967040342,-0.1555156553751549
60,359.0,38,-0.11359500967040342,0.1555156553751549
60,359.0,39,-0.1236584786987115,-0.6769793587051445
60,359.0,40,-0.1236584786987115,0.6769793587051445
61,360.0,1,0.06629273854891446,0.0
61,360.0,2,-0.002242860236957661,-0.10038247255749104
61,360.0,3,-0.002242860236957661,0.10038247255749104
61,360.0,4,-0.028393868499934763,-0.5190558091309934
61,360.0,5,-0.028393868499934763,0.5190558091309934
61,360.0,6,-0.033410747882618656,0.0
61,360.0,7,-0.035883756896540386,-0.6959700690423527
61,360.0,8,-0.035883756896540386,0.6959700690423527
61,360.0,9,-0.035951979172305276,-0.04205193386131164
61,360.0,10,-0.035951979172305276,0.04205193386131164
61,360.0,11,-0.04057844154885859,-0.09637208845596784
61,360.0,12,-0.04057844154885859,0.09637208845596784
61,360.0,13,-0.04677545761287988,-0.9119016240072865
61,360.0,14,-0.04677545761287988,0.9119016240072865
61,360.0,15,-0.05656586571130384,-0.5971442821536791
61,360.0,16,-0.05656586571130384,0.5971442821536791
61,360.0,17,-0.06194554204840781,-0.18040170778314235
61,360.0,18,-0.06194554204840781,0.18040170778314235
61,360.0,19,-0.06936278131553086,-0.31095378215350744
61,360.0,20,-0.06936278131553086,0.31095378215350744
61,360.0,21,-0.0740693297939094,-1.2812787841382263
61,360.0,22,-0.0740693297939094,1.2812787841382263
61,360.0,23,-0.08572132151483841,-0.017075551217157384
61,360.0,24,-0.08572132151483841,0.017075551217157384
61,360.0,25,-0.09281461482562733,-0.16391527420648275
61,360.0,26,-0.09281461482562733,0.16391527420648275
61,360.0,27,-0.09381980947636123,-1.0158287943328448
61,360.0,28,-0.09381980947636123,1.0158287943328448
61,360.0,29,-0.09538877992977143,-0.03621996893022726
61,360.0,30,-0.09538877992977143,0.03621996893022726
61,360.0,31,-0.0977250178764018,-0.2642187696581456
61,360.0,32,-0.0977250178764018,0.2642187696581456
61,360.0,33,-0.098979528327977,-0.5050970857012597
61,360.0,34,-0.098979528327977,0.5050970857012597
61,360.0,35,-0.10112381697626678,-0.36537962904078986
61,360.0,36,-0.10112381697626678,0.36537962904078986
61,360.0,37,-0.11352898021289456,-0.15542760761174182
61,360.0,38,-0.11352898021289456,0.15542760761174182
61,360.0,39,-0.12329973710579747,-0.6771343597466388
61,360.0,40,-0.12329973710579747,0.6771343597466388
62,361.0,1,0.06635788390024024,0.0
62,361.0,2,-0.002218105156704983,-0.10045017685936965
62,361.0,3,-0.002218105156704983,0.10045017685936965
62,361.0,4,-0.027743060487650503,-0.5187936357106072
62,361.0,5,-0.027743060487650503,0.5187936357106072
62,361.0,6,-0.03337086708673447,0.0
62,361.0,7,-0.03535122790800824,-0.6958575828851713
62,361.0,8,-0.03535122790800824,0.6958575828851713
62,361.0,9,-0.03580702758850715,-0.041934744479252176
62,361.0,10,-0.03580702758850715,0.041934744479252176
62,361.0,11,-0.039926129884859676,-0.09608303394402613
62,361.0,12,-0.039926129884859676,0.09608303394402613
62,361.0,13,-0.046231966831505794,-0.911861219591431
62,361.0,14,-0.046231966831505794,0.911861219591431
62,361.0,15,-0.05606795503404219,-0.5972333994667327
62,361.0,16,-0.05606795503404219,0.5972333994667327
62,361.0,17,-0.06199212848821241,-0.17993697937223305
62,361.0,18,-0.06199212848821241,0.17993697937223305
62,361.0,19,-0.06912034251573926,-0.31115734819906193
62,361.0,20,-0.06912034251573926,0.31115734819906193
62,361.0,21,-0.07354791561504505,-1.2814614097006556
62,361.0,22,-0.07354791561504505,1.2814614097006556
62,361.0,23,-0.08542854292883596,-0.017250080681124012
62,361.0,24,-0.08542854292883596,0.017250080681124012
62,361.0,25,-0.09143150654288745,-0.16433588986319314
62,361.0,26,-0.09143150654288745,0.16433588986319314
62,361.0,27,-0.09287124015254009,-1.0157135209163377
62,361.0,28,-0.09287124015254009,1.0157135209163377
62,361.0,29,-0.094973432811787,-0.03621397595775956
62,361.0,30,-0.094973432811787,0.03621397595775956
62,361.0,31,-0.0967045679778854,-0.26407620141902566
62,361.0,32,-0.0967045679778854,0.26407620141902566
62,361.0,33,-0.09845564437199009,-0.5053077416357498
62,361.0,34,-0.09845564437199009,0.5053077416357498
62,361.0,35,-0.10036413339920233,-0.3654765434622697
62,361.0,36,-0.10036413339920233,0.3654765434622697
62,361.0,37,-0.11343230230424536,-0.15535163278263425
62,361.0,38,-0.11343230230424536,0.15535163278263425
62,361.0,39,-0.12294399852946147,-0.6772886649408482
62,361.0,40,-0.12294399852946147,0.6772886649408482
63,362.0,1,0.06642352401863708,0.0
63,362.0,2,-0.002201087669463834,-0.10051914726462476
63,362.0,3,-0.002201087669463834,0.10051914726462476
63,362.0,4,-0.027095889057865502,-0.5185306312196946
63,362.0,5,-0.027095889057865502,0.5185306312196946
63,362.0,6,-0.03333134369198797,0.0
63,362.0,7,-0.0348194288706003,-0.6957483393448025
63,362.0,8,-0.0348194288706003,0.6957483393448025
63,362.0,9,-0.03566337363435235,-0.04181418556661987
63,362.0,10,-0.03566337363435235,0.04181418556661987
63,362.0,11,-0.03927168130114134,-0.0957985008311732
63,362.0,12,-0.03927168130114134,0.0957985008311732
63,362.0,13,-0.04569131093682083,-0.9118195936800876
63,362.0,14,-0.04569131093682083,0.9118195936800876
63,362.0,15,-0.05557306998750072,-0.5973208617033461
63,362.0,16,-0.05557306998750072,0.5973208617033461
63,362.0,17,-0.062070929884507436,-0.17946023297563193
63,362.0,18,-0.062070929884507436,0.17946023297563193
63,362.0,19,-0.06887804889126276,-0.3113619182294434
63,362.0,20,-0.06887804889126276,0.3113619182294434
63,362.0,21,-0.07302833111584972,-1.2816412023439196
63,362.0,22,-0.07302833111584972,1.2816412023439196
63,362.0,23,-0.08513603840192462,-0.017421965093177342
63,362.0,24,-0.08513603840192462,0.017421965093177342
63,362.0,25,-0.090055497288375,-0.164755424809167
63,362.0,26,-0.090055497288375,0.164755424809167
63,362.0,27,-0.09192826691708023,-1.0155958073665745
63,362.0,28,-0.09192826691708023,1.0155958073665745
63,362.0,29,-0.09456177037909773,-0.036210088722936136
63,362.0,30,-0.09456177037909773,0.036210088722936136
63,362.0,31,-0.09570911294548998,-0.263921879264935
63,362.0,32,-0.09570911294548998,0.263921879264935
63,362.0,33,-0.09793453378488232,-0.5055129926792764
63,362.0,34,-0.09793453378488232,0.5055129926792764
63,362.0,35,-0.09961299630244813,-0.3655659787911619
63,362.0,36,-0.09961299630244813,0.3655659787911619
63,362.0,37,-0.1133098231862988,-0.155285768375029
63,362.0,38,-0.1133098231862988,0.155285768375029
63,362.0,39,-0.12259125075965988,-0.6774423158926312
63,362.0,40,-0.12259125075965988,0.6774423158926312
64,363.0,1,0.06648968490869654,0.0
64,363.0,2,-0.002191837690856494,-0.10058959438393852
64,363.0,3,-0.002191837690856494,0.10058959438393852
64,363.0,4,-0.02645232712597556,-0.5182667678793055
64,363.0,5,-0.02645232712597556,0.5182667678793055
64,363.0,6,-0.033292175684179574,0.0
64,363.0,7,-0.03428829631730856,-0.695642229154079
64,363.0,8,-0.03428829631730856,0.695642229154079
64,363.0,9,-0.03552092707086654,-0.04169028354734154
64,363.0,10,-0.03552092707086654,0.04169028354734154
64,363.0,11,-0.0386151539769035,-0.09551805177339528
64,363.0,12,-0.0386151539769035,0.09551805177339528
64,363.0,13,-0.04515346736882905,-0.9117767377142364
64,363.0,14,-0.04515346736882905,0.9117767377142364
64,363.0,15,-0.055081205297627944,-0.5974066975822059
64,363.0,16,-0.055081205297627944,0.5974066975822059
64,363.0,17,-0.06218566716373886,-0.17896923383145114
64,363.0,18,-0.06218566716373886,0.17896923383145114
64,363.0,19,-0.06863578904557675,-0.3115673683847896
64,363.0,20,-0.06863578904557675,0.3115673683847896
64,363.0,21,-0.07251056573544334,-1.2818181773820516
64,363.0,22,-0.07251056573544334,1.2818181773820516
64,363.0,23,-0.08484390202092879,-0.01759130286168001
64,363.0,24,-0.08484390202092879,0.01759130286168001
64,363.0,25,-0.08867880929454999,-0.16517759575062296
64,363.0,26,-0.08867880929454999,0.16517759575062296
64,363.0,27,-0.09099081599585376,-1.0154756594700813
64,363.0,28,-0.09099081599585376,1.0154756594700813
64,363.0,29,-0.09415373125936968,-0.036208218038141275
64,363.0,30,-0.09415373125936968,0.036208218038141275
64,363.0,31,-0.09473694168179829,-0.2637572681564737
64,363.0,32,-0.09473694168179829,0.2637572681564737
64,363.0,33,-0.09741623606436467,-0.505712957396899
64,363.0,34,-0.09741623606436467,0.505712957396899
64,363.0,35,-0.09887027944585793,-0.3656482889832845
64,363.0,36,-0.09887027944585793,0.3656482889832845
64,363.0,37,-0.11316524898925054,-0.15522847782388738
64,363.0,38,-0.11316524898925054,0.15522847782388738
64,363.0,39,-0.12224147969706312,-0.6775953553791442
64,363.0,40,-0.12224147969706312,0.6775953553791442
65,364.0,1,0.06655639237049957,0.0
65,364.0,2,-0.0021903854229797302,-0.10066174857528826
65,364.0,3,-0.0021903854229797302,0.10066174857528826
65,364.0,4,-0.025812348141097216,-0.5180020179361574
65,364.0,5,-0.025812348141097216,0.5180020179361574
65,364.0,6,-0.03325336153024416,0.0
65,364.0,7,-0.033757769304715635,-0.6955391439723794
65,364.0,8,-0.033757769304715635,0.6955391439723794
65,364.0,9,-0.03537959978269189,-0.04156306597160041
65,364.0,10,-0.03537959978269189,0.04156306597160041
65,364.0,11,-0.0379565970509948,-0.09524123272659767
65,364.0,12,-0.0379565970509948,0.09524123272659767
65,364.0,13,-0.04461841376154299,-0.9117326430498252
65,364.0,14,-0.04461841376154299,0.9117326430498252
65,364.0,15,-0.05459235555662552,-0.5974909351959332
65,364.0,16,-0.05459235555662552,0.5974909351959332
65,364.0,17,-0.06234109272898006,-0.17846109334631288
65,364.0,18,-0.06234109272898006,0.17846109334631288
65,364.0,19,-0.06839346475714247,-0.3117735730431005
65,364.0,20,-0.06839346475714247,0.3117735730431005
65,364.0,21,-0.07199460886843201,-1.281992349982857
65,364.0,22,-0.07199460886843201,1.281992349982857
65,364.0,23,-0.08455222237415905,-0.01775818410120367
65,364.0,24,-0.08455222237415905,0.01775818410120367
65,364.0,25,-0.08729345589338625,-0.1656064717240785
65,364.0,26,-0.08729345589338625,0.1656064717240785
65,364.0,27,-0.0900588150102123,-1.0153530825023191
65,364.0,28,-0.0900588150102123,1.0153530825023191
65,364.0,29,-0.09374925036089529,-0.03620828088594763
65,364.0,30,-0.09374925036089529,0.03620828088594763
65,364.0,31,-0.09378656057527143,-0.2635835997062792
65,364.0,32,-0.09378656057527143,0.2635835997062792
65,364.0,33,-0.09690078579895658,-0.505907751675179
65,364.0,34,-0.09690078579895658,0.505907751675179
65,364.0,35,-0.09813585477809454,-0.3657238063215048
65,364.0,36,-0.09813585477809454,0.3657238063215048
65,364.0,37,-0.11300148401507934,-0.15517852903947849
65,364.0,38,-0.11300148401507934,0.15517852903947849
65,364.0,39,-0.1218946692338607,-0.6777478272555137
65,364.0,40,-0.1218946692338607,0.6777478272555137
66,365.0,1,0.0666236720178733,0.0
66,365.0,2,-0.002196759934686836,-0.10073586210782055
66,365.0,3,-0.002196759934686836,0.10073586210782055
66,365.0,4,-0.025175926067630396,-0.5177363536480194
66,365.0,5,-0.025175926067630396,0.5177363536480194
66,365.0,6,-0.0332149001903556,0.0
66,365.0,7,-0.03322778939237575,-0.6954389763747016
66,365.0,8,-0.03322778939237575,0.6954389763747016
66,365.0,9,-0.03523930586382219,-0.04143256147250077
66,365.0,10,-0.03523930586382219,0.04143256147250077
66,365.0,11,-0.0372960526068401,-0.09496757077942425
66,365.0,12,-0.0372960526068401,0.09496757077942425
66,365.0,13,-0.04408612794202149,-0.9116873009521562
66,365.0,14,-0.04408612794202149,0.9116873009521562
66,365.0,15,-0.05410651524639472,-0.5975736020488565
66,365.0,16,-0.05410651524639472,0.5975736020488565
66,365.0,17,-0.06254342631022121,-0.17793196352128707
66,365.0,18,-0.06254342631022121,0.17793196352128707
66,365.0,19,-0.06815099055890814,-0.3119804059619328
66,365.0,20,-0.06815099055890814,0.3119804059619328
66,365.0,21,-0.07148044986660151,-1.2821637351636932
66,365.0,22,-0.07148044986660151,1.2821637351636932
66,365.0,23,-0.08426108282754355,-0.017922691346653332
66,365.0,24,-0.08426108282754355,0.017922691346653332
66,365.0,25,-0.08589058426206705,-0.16604685937697727
66,365.0,26,-0.08589058426206705,0.16604685937697727
66,365.0,27,-0.08913219293304374,-1.0152280812263164
66,365.0,28,-0.08913219293304374,1.0152280812263164
66,365.0,29,-0.09285665530542637,-0.26340192305153276
66,365.0,30,-0.09285665530542637,0.26340192305153276
66,365.0,31,-0.09334825950413794,-0.0362102001271926
66,365.0,32,-0.09334825950413794,0.0362102001271926
66,365.0,33,-0.09638821299006921,-0.5060974886775874
66,365.0,34,-0.09638821299006921,0.5060974886775874
66,365.0,35,-0.09740959319160747,-0.36579284282766267
66,365.0,36,-0.09740959319160747,0.36579284282766267
66,365.0,37,-0.11282085088566887,-0.15513491424418102
66,365.0,38,-0.11282085088566887,0.15513491424418102
66,365.0,39,-0.12155080113898924,-0.6778997763486834
66,365.0,40,-0.12155080113898924,0.6778997763486834
67,366.0,1,0.06669154929619475,0.0
67,366.0,2,-0.002210987367616107,-0.10081221153381414
67,366.0,3,-0.002210987367616107,0.10081221153381414
67,366.0,4,-0.024543035368130878,-0.5174697472680153
67,366.0,5,-0.024543035368130878,0.5174697472680153
67,366.0,6,-0.03269830062115955,-0.6953416198434156
67,366.0,7,-0.03269830062115955,0.6953416198434156
67,366.0,8,-0.03317679113131515,0.0
67,366.0,9,-0.035099961702921914,-0.04129879970734507
67,366.0,10,-0.035099961702921914,0.04129879970734507
67,366.0,11,-0.036633557986892,-0.09469657175513622
67,366.0,12,-0.036633557986892,0.09469657175513622
67,366.0,13,-0.04355658792939569,-0.9116407025896509
67,366.0,14,-0.04355658792939569,0.9116407025896509
67,366.0,15,-0.0536236787600569,-0.5976547250934497
67,366.0,16,-0.0536236787600569,0.5976547250934497
67,366.0,17,-0.06280106054698519,-0.177376522780983
67,366.0,18,-0.06280106054698519,0.177376522780983
67,366.0,19,-0.06790829321646061,-0.3121877413272926
67,366.0,20,-0.06790829321646061,0.3121877413272926
67,366.0,21,-0.07096807804030479,-1.2823323477870148
67,366.0,22,-0.07096807804030479,1.2823323477870148
67,366.0,23,-0.08397056178879503,-0.018084900197932095
67,366.0,24,-0.08397056178879503,0.018084900197932095
67,366.0,25,-0.08445962025691409,-0.16650487157048924
67,366.0,26,-0.08445962025691409,0.16650487157048924
67,366.0,27,-0.08821088004595701,-1.0151006598898151
67,366.0,28,-0.08821088004595701,1.0151006598898151
67,366.0,29,-0.09194606039404442,-0.26321314225555986
67,366.0,30,-0.09194606039404442,0.26321314225555986
67,366.0,31,-0.09295068798204209,-0.03621390419873659
67,366.0,32,-0.09295068798204209,0.03621390419873659
67,366.0,33,-0.0958785433577091,-0.5062822788132277
67,366.0,34,-0.0958785433577091,0.5062822788132277
67,366.0,35,-0.09669136516526607,-0.36585569158626735
67,366.0,36,-0.09669136516526607,0.36585569158626735
67,366.0,37,-0.11262523893722426,-0.15509679515555755
67,366.0,38,-0.11262523893722426,0.15509679515555755
67,366.0,39,-0.12120985494879308,-0.6780512483394175
67,366.0,40,-0.12120985494879308,0.6780512483394175
68,367.0,1,0.06676004949976005,0.0
68,367.0,2,-0.0022330886766863157,-0.10089110026712063
68,367.0,3,-0.0022330886766863157,0.10089110026712063
68,367.0,4,-0.02391365098740765,-0.5172021710281416
68,367.0,5,-0.02391365098740765,0.5172021710281416
68,367.0,6,-0.03216924949041805,-0.695246968762753
68,367.0,7,-0.03216924949041805,0.695246968762753
68,367.0,8,-0.033139034341244496,0.0
68,367.0,9,-0.034961486066400975,-0.04116181128420785
68,367.0,10,-0.034961486066400975,0.04116181128420785
68,367.0,11,-0.03596914853215112,-0.09442771758987009
68,367.0,12,-0.03596914853215112,0.09442771758987009
68,367.0,13,-0.04302977193382949,-0.9115928390270739
68,367.0,14,-0.04302977193382949,0.9115928390270739
68,367.0,15,-0.053143840421634676,-0.5977343307654391
68,367.0,16,-0.053143840421634676,0.5977343307654391
68,367.0,17,-0.06312577218742083,-0.1767870495263525
68,367.0,18,-0.06312577218742083,0.1767870495263525
68,367.0,19,-0.06766531112219373,-0.31239545470082486
68,367.0,20,-0.06766531112219373,0.31239545470082486
68,367.0,21,-0.07045748265961604,-1.2824982025560743
68,367.0,22,-0.07045748265961604,1.2824982025560743
68,367.0,23,-0.0829869528354954,-0.166988892125207
68,367.0,24,-0.0829869528354954,0.166988892125207
68,367.0,25,-0.08368073295935806,-0.01824487990312584
68,367.0,26,-0.08368073295935806,0.01824487990312584
68,367.0,27,-0.0872948078975217,-1.0149708222211924
68,367.0,28,-0.0872948078975217,1.0149708222211924
68,367.0,29,-0.09105373480529208,-0.26301804426213166
68,367.0,30,-0.09105373480529208,0.26301804426213166
68,367.0,31,-0.0925564630557057,-0.036219326806749726
68,367.0,32,-0.0925564630557057,0.036219326806749726
68,367.0,33,-0.09537179863036097,-0.5064622297176532
68,367.0,34,-0.09537179863036097,0.5064622297176532
68,367.0,35,-0.09598104130912541,-0.3659126279832354
68,367.0,36,-0.09598104130912541,0.3659126279832354
68,367.0,37,-0.1124162074738422,-0.1550634643648615
68,367.0,38,-0.1124162074738422,0.1550634643648615
68,367.0,39,-0.12087180786414023,-0.6782022896327673
68,367.0,40,-0.12087180786414023,0.6782022896327673
69,368.0,1,0.06682919778878549,0.0
69,368.0,2,-0.00226307679392764,-0.10097286135388134
69,368.0,3,-0.00226307679392764,0.10097286135388134
69,368.0,4,-0.023287748337772807,-0.5169335971217112
69,368.0,5,-0.023287748337772807,0.5169335971217112
69,368.0,6,-0.031640584933805734,-0.6951549184155663
69,368.0,7,-0.031640584933805734,0.6951549184155663
69,368.0,8,-0.03310163034564077,0.0
69,368.0,9,-0.03482380017765213,-0.04102162767455642
69,368.0,10,-0.03482380017765213,0.04102162767455642
69,368.0,11,-0.035302860862220925,-0.09416046350586348
69,368.0,12,-0.035302860862220925,0.09416046350586348
69,368.0,13,-0.0425056583554792,-0.9115437012180462
69,368.0,14,-0.0425056583554792,0.9115437012180462
69,368.0,15,-0.0526669945041094,-0.5978124450176939
69,368.0,16,-0.0526669945041094,0.5978124450176939
69,368.0,17,-0.06353496367913833,-0.17615159582234846
69,368.0,18,-0.06353496367913833,0.17615159582234846
69,368.0,19,-0.06742199362313672,-0.31260342385978807
69,368.0,20,-0.06742199362313672,0.31260342385978807
69,368.0,21,-0.06994865295524066,-1.2826613140104832
69,368.0,22,-0.06994865295524066,1.2826613140104832
69,368.0,23,-0.08145361760167255,-0.16751142977669295
69,368.0,24,-0.08145361760167255,0.16751142977669295
69,368.0,25,-0.0833916655741593,-0.018402693887058712
69,368.0,26,-0.0833916655741593,0.018402693887058712
69,368.0,27,-0.08638390926254891,-1.014838571424006
69,368.0,28,-0.08638390926254891,1.014838571424006
69,368.0,29,-0.09017874228399465,-0.262817320108608
69,368.0,30,-0.09017874228399465,0.262817320108608
69,368.0,31,-0.0921655103916234,-0.03622640662022634
69,368.0,32,-0.0921655103916234,0.03622640662022634
69,368.0,33,-0.094867996819414,-0.5066374462442551
69,368.0,34,-0.094867996819414,0.5066374462442551
69,368.0,35,-0.09527849282417214,-0.3659639108632495
69,368.0,36,-0.09527849282417214,0.3659639108632495
69,368.0,37,-0.11219505956680695,-0.15503431742446142
69,368.0,38,-0.11219505956680695,0.15503431742446142
69,368.0,39,-0.1205366346550534,-0.6783529472172496
69,368.0,40,-0.1205366346550534,0.6783529472172496
70,369.0,1,0.06689901920602201,0.0
70,369.0,2,-0.002300953081542708,-0.1010578604021718
70,369.0,3,-0.002300953081542708,0.1010578604021718
70,369.0,4,-0.02266530328539554,-0.5166639976850623
70,369.0,5,-0.02266530328539554,0.5166639976850623
70,369.0,6,-0.031112258293710088,-0.6950653649822252
70,369.0,7,-0.031112258293710088,0.6950653649822252
70,369.0,8,-0.03306458022483783,0.0
70,369.0,9,-0.03463473683421493,-0.09389423501688866
70,369.0,10,-0.03463473683421493,0.09389423501688866
70,369.0,11,-0.034686827790883105,-0.040878281112895605
70,369.0,12,-0.034686827790883105,0.040878281112895605
70,369.0,13,-0.041984225783396834,-0.9114932799971346
70,369.0,14,-0.041984225783396834,0.9114932799971346
70,369.0,15,-0.05219313524595458,-0.5978890933527474
70,369.0,16,-0.05219313524595458,0.5978890933527474
70,369.0,17,-0.06405624837579273,-0.17544991211475336
70,369.0,18,-0.06405624837579273,0.17544991211475336
70,369.0,19,-0.06717830029980129,-0.3128115295274423
70,369.0,20,-0.06717830029980129,0.3128115295274423
70,369.0,21,-0.06944157811915536,-1.2828216965217503
70,369.0,22,-0.06944157811915536,1.2828216965217503
70,369.0,23,-0.07983065661672731,-0.16809321385645362
70,369.0,24,-0.07983065661672731,0.16809321385645362
70,369.0,25,-0.08310342462911391,-0.01855840023125481
70,369.0,26,-0.08310342462911391,0.01855840023125481
70,369.0,27,-0.0854781181023872,-1.014703910170331
70,369.0,28,-0.0854781181023872,1.014703910170331
70,369.0,29,-0.08932023542228916,-0.26261158125376216
70,369.0,30,-0.08932023542228916,0.26261158125376216
70,369.0,31,-0.09177775444639752,-0.03623508696842937
70,369.0,32,-0.09177775444639752,0.03623508696842937
70,369.0,33,-0.09436715247876909,-0.5068080304652016
70,369.0,34,-0.09436715247876909,0.5068080304652016
70,369.0,35,-0.09458359188826816,-0.3660097836098718
70,369.0,36,-0.09458359188826816,0.3660097836098718
70,369.0,37,-0.11196289602915507,-0.15500883222695433
70,369.0,38,-0.11196289602915507,0.15500883222695433
70,369.0,39,-0.12020430757395648,-0.678503268513193
70,369.0,40,-0.12020430757395648,0.678503268513193
71,370.0,1,0.0669695386930308,0.0
71,370.0,2,-0.0023467029144061714,-0.10114649860899763
71,370.0,3,-0.0023467029144061714,0.10114649860899763
71,370.0,4,-0.022046292137682333,-0.5163933447782579
71,370.0,5,-0.022046292137682333,0.5163933447782579
71,370.0,6,-0.030584223294136598,-0.694978205541482
71,370.0,7,-0.030584223294136598,0.694978205541482
71,370.0,8,-0.03302788563291529,0.0
71,370.0,9,-0.03396482834439271,-0.0936284248301907
71,370.0,10,-0.03396482834439271,0.0936284248301907
71,370.0,11,-0.03455049525826073,-0.040731804484467005
71,370.0,12,-0.03455049525826073,0.040731804484467005
71,370.0,13,-0.041465452994424085,-0.9114415660712196
71,370.0,14,-0.041465452994424085,0.9114415660712196
71,370.0,15,-0.051722256866300914,-0.59796430085413
71,370.0,16,-0.051722256866300914,0.59796430085413
71,370.0,17,-0.06473822943732246,-0.17464252009989353
71,370.0,18,-0.06473822943732246,0.17464252009989353
71,370.0,19,-0.06693420021248492,-0.3130196559940848
71,370.0,20,-0.06693420021248492,0.3130196559940848
71,370.0,21,-0.0689362473050451,-1.2829793642886798
71,370.0,22,-0.0689362473050451,1.2829793642886798
71,370.0,23,-0.0780682982756017,-0.16877413676712122
71,370.0,24,-0.0780682982756017,0.16877413676712122
71,370.0,25,-0.08281607109652975,-0.018712052110475247
71,370.0,26,-0.08281607109652975,0.018712052110475247
71,370.0,27,-0.08457736952614318,-1.0145668405929056
71,370.0,28,-0.08457736952614318,1.0145668405929056
71,370.0,29,-0.08847744267554558,-0.2624013723156733
71,370.0,30,-0.08847744267554558,0.2624013723156733
71,370.0,31,-0.09139311880435666,-0.0362453155451544
71,370.0,32,-0.09139311880435666,0.0362453155451544
71,370.0,33,-0.09386927695010774,-0.5069740816806346
71,370.0,34,-0.09386927695010774,0.5069740816806346
71,370.0,35,-0.09389621197819172,-0.3660504751524634
71,370.0,36,-0.09389621197819172,0.3660504751524634
71,370.0,37,-0.11172065568513,-0.15498655347700088
71,370.0,38,-0.11172065568513,0.15498655347700088
71,370.0,39,-0.11987479627850307,-0.6786533012105815
71,370.0,40,-0.11987479627850307,0.6786533012105815
72,371.0,1,0.06704078110615769,0.0
72,371.0,2,-0.0024002902049103138,-0.10123921578221327
72,371.0,3,-0.0024002902049103138,0.10123921578221327
72,371.0,4,-0.02143069163164303,-0.516121610364932
72,371.0,5,-0.02143069163164303,0.516121610364932
72,371.0,6,-0.030056436011960314,-0.6948933380728355
72,371.0,7,-0.030056436011960314,0.6948933380728355
72,371.0,8,-0.03299154881814369,0.0
72,371.0,9,-0.03329320316344782,-0.09336238974967619
72,371.0,10,-0.03329320316344782,0.09336238974967619
72,371.0,11,-0.03441473158912427,-0.04058223120217173
72,371.0,12,-0.03441473158912427,0.04058223120217173
72,371.0,13,-0.040949318952055,-0.9113885500103539
72,371.0,14,-0.040949318952055,0.9113885500103539
72,371.0,15,-0.05125435357886303,-0.598038092216443
72,371.0,16,-0.05125435357886303,0.598038092216443
72,371.0,17,-0.06568141485440605,-0.1736308710058573
72,371.0,18,-0.06568141485440605,0.1736308710058573
72,371.0,19,-0.06668967113028573,-0.31322769163161995
72,371.0,20,-0.06668967113028573,0.31322769163161995
72,371.0,21,-0.0684326496284674,-1.2831343313328547
72,371.0,22,-0.0684326496284674,1.2831343313328547
72,371.0,23,-0.07606501080676005,-0.16965310744361364
72,371.0,24,-0.07606501080676005,0.16965310744361364
72,371.0,25,-0.08252966212856544,-0.0188636981904616
72,371.0,26,-0.08252966212856544,0.0188636981904616
72,371.0,27,-0.08368159975281061,-1.014427364276027
72,371.0,28,-0.08368159975281061,1.014427364276027
72,371.0,29,-0.08764965772360708,-0.26218718113809003
72,371.0,30,-0.08764965772360708,0.26218718113809003
72,371.0,31,-0.09101152647319907,-0.03625704412207144
72,371.0,32,-0.09101152647319907,0.03625704412207144
72,371.0,33,-0.09321622813635425,-0.3660862009041163
72,371.0,34,-0.09321622813635425,0.3660862009041163
72,371.0,35,-0.0933743785943228,-0.5071356964352431
72,371.0,36,-0.0933743785943228,0.5071356964352431
72,371.0,37,-0.11146914594223145,-0.15496708079976182
72,371.0,38,-0.11146914594223145,0.15496708079976182
72,371.0,39,-0.1195480677652312,-0.6788030930971999
72,371.0,40,-0.1195480677652312,0.6788030930971999
73,372.0,1,0.06711277123221471,0.0
73,372.0,2,-0.002461650656891839,-0.10133649319736518
73,372.0,3,-0.002461650656891839,0.10133649319736518
73,372.0,4,-0.02081847892316245,-0.5158487662912273
73,372.0,5,-0.02081847892316245,0.5158487662912273
73,372.0,6,-0.029528854846562147,-0.6948106614603989
73,372.0,7,-0.029528854846562147,0.6948106614603989
73,372.0,8,-0.03261995202237071,-0.09309544774198576
73,372.0,9,-0.03261995202237071,0.09309544774198576
73,372.0,10,-0.032955572645003775,0.0
73,372.0,11,-0.03427946850030763,-0.04042959507394832
73,372.0,12,-0.03427946850030763,0.04042959507394832
73,372.0,13,-0.040435802805283944,-0.9113342222380608
73,372.0,14,-0.040435802805283944,0.9113342222380608
73,372.0,15,-0.05078941960473721,-0.598110491774273
73,372.0,16,-0.05078941960473721,0.598110491774273
73,372.0,17,-0.06644469875648454,-0.3134355293063189
73,372.0,18,-0.06644469875648454,0.3134355293063189
73,372.0,19,-0.06712967624816629,-0.1719787131131519
73,372.0,20,-0.06712967624816629,0.1719787131131519
73,372.0,21,-0.06793077416683455,-1.283286611493823
73,372.0,22,-0.06793077416683455,1.283286611493823
73,372.0,23,-0.0735760190474118,-0.1711666929558314
73,372.0,24,-0.0735760190474118,0.1711666929558314
73,372.0,25,-0.08224425124895166,-0.019013382990888023
73,372.0,26,-0.08224425124895166,0.019013382990888023
73,372.0,27,-0.08279074607428835,-1.014285482245394
73,372.0,28,-0.08279074607428835,1.014285482245394
73,372.0,29,-0.08683623070688187,-0.2619694468454227
73,372.0,30,-0.08683623070688187,0.2619694468454227
73,372.0,31,-0.09063290014221047,-0.03627022827271664
73,372.0,32,-0.09063290014221047,0.03627022827271664
73,372.0,33,-0.0925435171897408,-0.3661171636348146
73,372.0,34,-0.0925435171897408,0.3661171636348146
73,372.0,35,-0.0928824630097504,-0.5072929685411833
73,372.0,36,-0.0928824630097504,0.5072929685411833
73,372.0,37,-0.11120906635966693,-0.15495005949763274
73,372.0,38,-0.11120906635966693,0.15495005949763274
73,372.0,39,-0.11922408631491334,-0.6789526918776319
73,372.0,40,-0.11922408631491334,0.6789526918776319
74,373.0,1,0.06718553380388971,0.0
74,373.0,2,-0.002530683514245839,-0.10143885604998158
74,373.0,3,-0.002530683514245839,0.10143885604998158
74,373.0,4,-0.020209631577179917,-0.5155747842638578
74,373.0,5,-0.020209631577179917,0.5155747842638578
74,373.0,6,-0.029001440487642083,-0.6947300754978735
74,373.0,7,-0.029001440487642083,0.6947300754978735
74,373.0,8,-0.031945197186575916,-0.092826875406093
74,373.0,9,-0.031945197186575916,0.092826875406093
74,373.0,10,-0.03291996061788888,0.0
74,373.0,11,-0.034144640456691286,-0.04027393016187019
74,373.0,12,-0.034144640456691286,0.04027393016187019
74,373.0,13,-0.039924883887416204,-0.9112785730209935
74,373.0,14,-0.039924883887416204,0.9112785730209935
74,373.0,15,-0.05032744918419349,-0.5981815235298519
74,373.0,16,-0.05032744918419349,0.5981815235298519
74,373.0,17,-0.06619927596226452,-0.3136430666960689
74,373.0,18,-0.06619927596226452,0.3136430666960689
74,373.0,19,-0.06732193051694317,-0.16852212343509698
74,373.0,20,-0.06732193051694317,0.16852212343509698
74,373.0,21,-0.06743060995915537,-1.2834362184243588
74,373.0,22,-0.06743060995915537,1.2834362184243588
74,373.0,23,-0.07236160356593047,-0.17447909401408032
74,373.0,24,-0.07236160356593047,0.17447909401408032
74,373.0,25,-0.08190474681922766,-1.0141411949567143
74,373.0,26,-0.08190474681922766,1.0141411949567143
74,373.0,27,-0.08195988853322111,-0.019161147217057268
74,373.0,28,-0.08195988853322111,0.019161147217057268
74,373.0,29,-0.08603656096855869,-0.26174856636701876
74,373.0,30,-0.08603656096855869,0.26174856636701876
74,373.0,31,-0.09025716240738924,-0.036284827108359806
74,373.0,32,-0.09025716240738924,0.036284827108359806
74,373.0,33,-0.0918779579276825,-0.3661435542838309
74,373.0,34,-0.0918779579276825,0.3661435542838309
74,373.0,35,-0.09239353323766766,-0.5074459891065106
74,373.0,36,-0.09239353323766766,0.5074459891065106
74,373.0,37,-0.110941027066565,-0.15493517326935258
74,373.0,38,-0.110941027066565,0.15493517326935258
74,373.0,39,-0.11890281345075435,-0.6791021449840055
74,373.0,40,-0.11890281345075435,0.6791021449840055
75,374.0,1,0.06725909351491724,0.0
75,374.0,2,-0.0026072415619986357,-0.1015468751570327
75,374.0,3,-0.0026072415619986357,0.1015468751570327
75,374.0,4,-0.019604127558662802,-0.5152996358272632
75,374.0,5,-0.019604127558662802,0.5152996358272632
75,374.0,6,-0.028474155881320046,-0.6946514808944604
75,374.0,7,-0.028474155881320046,0.6946514808944604
75,374.0,8,-0.03126910276355667,-0.09255590619344645
75,374.0,9,-0.03126910276355667,0.09255590619344645
75,374.0,10,-0.03288471690654669,0.0
75,374.0,11,-0.03401018470137526,-0.040115270634315664
75,374.0,12,-0.03401018470137526,0.040115270634315664
75,374.0,13,-0.03941654171487896,-0.911221592458069
75,374.0,14,-0.03941654171487896,0.911221592458069
75,374.0,15,-0.04986843658755845,-0.5982512111796565
75,374.0,16,-0.04986843658755845,0.5982512111796565
75,374.0,17,-0.06595340203893366,-0.3138502065195899
75,374.0,18,-0.06595340203893366,0.3138502065195899
75,374.0,19,-0.0661438488300947,-0.16638011750733359
75,374.0,20,-0.0661438488300947,0.16638011750733359
75,374.0,21,-0.0669321460055648,-1.283583165585516
75,374.0,22,-0.0669321460055648,1.283583165585516
75,374.0,23,-0.07253537632711415,-0.17647154090952324
75,374.0,24,-0.07253537632711415,0.17647154090952324
75,374.0,25,-0.08102354131766848,-1.0139945022833023
75,374.0,26,-0.08102354131766848,1.0139945022833023
75,374.0,27,-0.08167662077775881,-0.019307028063507002
75,374.0,28,-0.08167662077775881,0.019307028063507002
75,374.0,29,-0.08525009101228165,-0.2615248997844296
75,374.0,30,-0.08525009101228165,0.2615248997844296
75,374.0,31,-0.08988423596723809,-0.03630080302652383
75,374.0,32,-0.08988423596723809,0.03630080302652383
75,374.0,33,-0.09121943124413379,-0.3661655527154085
75,374.0,34,-0.09121943124413379,0.3661655527154085
75,374.0,35,-0.09190758995564755,-0.5075948465683905
75,374.0,36,-0.09190758995564755,0.5075948465683905
75,374.0,37,-0.11066556333120536,-0.15492213840605085
75,374.0,38,-0.11066556333120536,0.15492213840605085
75,374.0,39,-0.11858420791039444,-0.679251499379429
75,374.0,40,-0.11858420791039444,0.679251499379429
76,375.0,1,0.06733347503506508,0.0
76,375.0,2,-0.00269111915483845,-0.10166116742193344
76,375.0,3,-0.00269111915483845,0.10166116742193344
76,375.0,4,-0.019001945224399422,-0.5150232923397698
76,375.0,5,-0.019001945224399422,0.5150232923397698
76,375.0,6,-0.02794696619437495,-0.6945747792813902
76,375.0,7,-0.02794696619437495,0.6945747792813902
76,375.0,8,-0.030591886971862527,-0.0922817298646519
76,375.0,9,-0.030591886971862527,0.0922817298646519
76,375.0,10,-0.03284984637338665,0.0
76,375.0,11,-0.03387604127500102,-0.03995365061252946
76,375.0,12,-0.03387604127500102,0.03995365061252946
76,375.0,13,-0.03891075598600613,-0.9111632704689464
76,375.0,14,-0.03891075598600613,0.9111632704689464
76,375.0,15,-0.04941237612531538,-0.5983195781398603
76,375.0,16,-0.04941237612531538,0.5983195781398603
76,375.0,17,-0.06506724149566842,-0.16484957281525844
76,375.0,18,-0.06506724149566842,0.16484957281525844
76,375.0,19,-0.06570708197691721,-0.3140568566857043
76,375.0,20,-0.06570708197691721,0.3140568566857043
76,375.0,21,-0.06643537126664087,-1.2837274662416036
76,375.0,22,-0.06643537126664087,1.2837274662416036
76,375.0,23,-0.07262488343998955,-0.1778473747072572
76,375.0,24,-0.07262488343998955,0.1778473747072572
76,375.0,25,-0.08014706986640908,-1.0138454035024254
76,375.0,26,-0.08014706986640908,1.0138454035024254
76,375.0,27,-0.0813944916579771,-0.019451059492262366
76,375.0,28,-0.0813944916579771,0.019451059492262366
76,375.0,29,-0.0844763014450119,-0.26129877476457714
76,375.0,30,-0.0844763014450119,0.26129877476457714
76,375.0,31,-0.08951404379272726,-0.036318121472598476
76,375.0,32,-0.08951404379272726,0.036318121472598476
76,375.0,33,-0.09056782024947371,-0.36618332842135004
76,375.0,34,-0.09056782024947371,0.36618332842135004
76,375.0,35,-0.09142463165928358,-0.5077396267302623
76,375.0,36,-0.09142463165928358,0.5077396267302623
76,375.0,37,-0.11038314721178755,-0.15491069911462582
76,375.0,38,-0.11038314721178755,0.15491069911462582
76,375.0,39,-0.1182682256326061,-0.6794008013551296
76,375.0,40,-0.1182682256326061,0.6794008013551296
77,376.0,1,0.06740870302489935,0.0
77,376.0,2,-0.00278203810868273,-0.10178239440315122
77,376.0,3,-0.00278203810868273,0.10178239440315122
77,376.0,4,-0.018403063315526436,-0.5147457249488697
77,376.0,5,-0.018403063315526436,0.5147457249488697
77,376.0,6,-0.02741983877667066,-0.6944998732188954
77,376.0,7,-0.02741983877667066,0.6944998732188954
77,376.0,8,-0.029913836538197992,-0.09200349384289934
77,376.0,9,-0.029913836538197992,0.09200349384289934
77,376.0,10,-0.0328153546027406,0.0
77,376.0,11,-0.03374215302390454,-0.0397891040128247
77,376.0,12,-0.03374215302390454,0.0397891040128247
77,376.0,13,-0.038407506579812234,-0.9111035967819546
77,376.0,14,-0.038407506579812234,0.9111035967819546
77,376.0,15,-0.048959262157490024,-0.5983866475707383
77,376.0,16,-0.048959262157490024,0.5983866475707383
77,376.0,17,-0.0640864101831699,-0.16359219799542452
77,376.0,18,-0.0640864101831699,0.16359219799542452
77,376.0,19,-0.06546032577820127,-0.3142629303712449
77,376.0,20,-0.06546032577820127,0.3142629303712449
77,376.0,21,-0.06594027466251581,-1.2838691334549843
77,376.0,22,-0.06594027466251581,1.2838691334549843
77,376.0,23,-0.07263524282759329,-0.17894508180882363
77,376.0,24,-0.07263524282759329,0.17894508180882363
77,376.0,25,-0.07927527369512768,-1.0136938972806184
77,376.0,26,-0.07927527369512768,1.0136938972806184
77,376.0,27,-0.08111354187595145,-0.01959327248821962
77,376.0,28,-0.08111354187595145,0.01959327248821962
77,376.0,29,-0.08371470672160941,-0.261070490276132
77,376.0,30,-0.08371470672160941,0.261070490276132
77,376.0,31,-0.08914650927451884,-0.03633675071479944
77,376.0,32,-0.08914650927451884,0.03633675071479944
77,376.0,33,-0.08992301035619527,-0.36619704117431645
77,376.0,34,-0.08992301035619527,0.36619704117431645
77,376.0,35,-0.09094465483285293,-0.5078804128023892
77,376.0,36,-0.09094465483285293,0.5078804128023892
77,376.0,37,-0.11009419696541871,-0.15490062371256744
77,376.0,38,-0.11009419696541871,0.15490062371256744
77,376.0,39,-0.11795481975961541,-0.6795500963225952
77,376.0,40,-0.11795481975961541,0.6795500963225952
78,377.0,1,0.06748480215039741,0.0
78,377.0,2,-0.0028796314210570544,-0.10191125812062928
78,377.0,3,-0.0028796314210570544,0.10191125812062928
78,377.0,4,-0.01780746095076717,-0.5144669045655289
78,377.0,5,-0.01780746095076717,0.5144669045655289
78,377.0,6,-0.026892743121742668,-0.6944266662034394
78,377.0,7,-0.026892743121742668,0.6944266662034394
78,377.0,8,-0.02923532325898516,-0.09172030732982242
78,377.0,9,-0.02923532325898516,0.09172030732982242
78,377.0,10,-0.03278124793220308,0.0
78,377.0,11,-0.03360846559696855,-0.03962166438582264
78,377.0,12,-0.03360846559696855,0.03962166438582264
78,377.0,13,-0.037906773554735734,-0.9110425609213806
78,377.0,14,-0.037906773554735734,0.9110425609213806
78,377.0,15,-0.04850908910243597,-0.5984524423999991
78,377.0,16,-0.04850908910243597,0.5984524423999991
78,377.0,17,-0.0631773795566894,-0.16249720021537933
78,377.0,18,-0.0631773795566894,0.16249720021537933
78,377.0,19,-0.06521314780706311,-0.31446834603632956
78,377.0,20,-0.06521314780706311,0.31446834603632956
78,377.0,21,-0.06544684507177101,-1.284008180080791
78,377.0,22,-0.06544684507177101,1.284008180080791
78,377.0,23,-0.07258990426154396,-0.17987562966725182
78,377.0,24,-0.07258990426154396,0.17987562966725182
78,377.0,25,-0.07840809493315479,-1.0135399816579211
78,377.0,26,-0.07840809493315479,1.0135399816579211
78,377.0,27,-0.08083380929785154,-0.019733695293864536
78,377.0,28,-0.08083380929785154,0.019733695293864536
78,377.0,29,-0.08296485154434019,-0.2608403197381566
78,377.0,30,-0.08296485154434019,0.2608403197381566
78,377.0,31,-0.08878155635030946,-0.036356661632505206
78,377.0,32,-0.08878155635030946,0.036356661632505206
78,377.0,33,-0.08928488934216666,-0.3662068416351226
78,377.0,34,-0.08928488934216666,0.3662068416351226
78,377.0,35,-0.09046765410941118,-0.5080172854452207
78,377.0,36,-0.09046765410941118,0.5080172854452207
78,377.0,37,-0.1097990847145269,-0.15489170150427675
78,377.0,38,-0.1097990847145269,0.15489170150427675
78,377.0,39,-0.11764394065575634,-0.6796994286018767
78,377.0,40,-0.11764394065575634,0.6796994286018767
79,378.0,1,0.06756179709741467,0.0
79,378.0,2,-0.002983425019501539,-0.10204849301158263
79,378.0,3,-0.002983425019501539,0.10204849301158263
79,378.0,4,-0.017215117620373532,-0.5141868018374438
79,378.0,5,-0.017215117620373532,0.5141868018374438
79,378.0,6,-0.0263656508255751,-0.694355062674789
79,378.0,7,-0.0263656508255751,0.694355062674789
79,378.0,8,-0.02855682252911434,-0.09143124927201178
79,378.0,9,-0.02855682252911434,0.09143124927201178
79,378.0,10,-0.03274753348618376,0.0
79,378.0,11,-0.03347492743122203,-0.039451364753806444
79,378.0,12,-0.03347492743122203,0.039451364753806444
79,378.0,13,-0.03740853714739674,-0.9109801521940912
79,378.0,14,-0.03740853714739674,0.9109801521940912
79,378.0,15,-0.0480618514450961,-0.598516985345152
79,378.0,16,-0.0480618514450961,0.598516985345152
79,378.0,17,-0.06232443109255552,-0.161512528192602
79,378.0,18,-0.06232443109255552,0.161512528192602
79,378.0,19,-0.0649550713301573,-1.2841446187613996
79,378.0,20,-0.0649550713301573,1.2841446187613996
79,378.0,21,-0.06496556618265753,-0.31467302738539016
79,378.0,22,-0.06496556618265753,0.31467302738539016
79,378.0,23,-0.07250410861119913,-0.18069122633449305
79,378.0,24,-0.07250410861119913,0.18069122633449305
79,378.0,25,-0.07754547657690139,-1.013383654030868
79,378.0,26,-0.07754547657690139,1.013383654030868
79,378.0,27,-0.08055532908156177,-0.01987235362526115
79,378.0,28,-0.08055532908156177,0.01987235362526115
79,378.0,29,-0.08222630779941237,-0.2606085137148452
79,378.0,30,-0.08222630779941237,0.2606085137148452
79,378.0,31,-0.08841910961469651,-0.03637782751780337
79,378.0,32,-0.08841910961469651,0.03637782751780337
79,378.0,33,-0.08865334739484962,-0.36621287191724244
79,378.0,34,-0.08865334739484962,0.36621287191724244
79,378.0,35,-0.08999362242086051,-0.5081503228149071
79,378.0,36,-0.08999362242086051,0.5081503228149071
79,378.0,37,-0.10949814274425372,-0.15488374019606377
79,378.0,38,-0.10949814274425372,0.15488374019606377
79,378.0,39,-0.11733553594319884,-0.6798488412075832
79,378.0,40,-0.11733553594319884,0.6798488412075832
80,379.0,1,0.06763971258605787,0.0
80,379.0,2,-0.00309281811285266,-0.1021948527442378
80,379.0,3,-0.00309281811285266,0.1021948527442378
80,379.0,4,-0.01662601318069318,-0.5139053871213376
80,379.0,5,-0.01662601318069318,0.5139053871213376
80,379.0,6,-0.025838535543544858,-0.6942849680229275
80,379.0,7,-0.025838535543544858,0.6942849680229275
80,379.0,8,-0.027878933264512934,-0.09113538146941484
80,379.0,9,-0.027878933264512934,0.09113538146941484
80,379.0,10,-0.032714219211813875,0.0
80,379.0,11,-0.033341489726326765,-0.03927823744743489
80,379.0,12,-0.033341489726326765,0.03927823744743489
80,379.0,13,-0.03691277777131502,-0.9109163596755934
80,379.0,14,-0.03691277777131502,0.9109163596755934
80,379.0,15,-0.047617543744838384,-0.5985802989349196
80,379.0,16,-0.047617543744838384,0.5985802989349196
80,379.0,17,-0.061517177053608416,-0.16060887342184763
80,379.0,18,-0.061517177053608416,0.16060887342184763
80,379.0,19,-0.06446494222906485,-1.2842784619207817
80,379.0,20,-0.06446494222906485,1.2842784619207817
80,379.0,21,-0.06471760221549197,-0.3148769032822848
80,379.0,22,-0.06471760221549197,0.3148769032822848
80,379.0,23,-0.07238780805016883,-0.18142132137878692
80,379.0,24,-0.07238780805016883,0.18142132137878692
80,379.0,25,-0.07668736245789026,-1.013224911134473
80,379.0,26,-0.07668736245789026,1.013224911134473
80,379.0,27,-0.08027813379480292,-0.020009270871091007
80,379.0,28,-0.08027813379480292,0.020009270871091007
80,379.0,29,-0.08149867193539667,-0.260375302243516
80,379.0,30,-0.08149867193539667,0.260375302243516
80,379.0,31,-0.08802827713924113,-0.3662152661116667
80,379.0,32,-0.08802827713924113,0.3662152661116667
80,379.0,33,-0.08805909441385257,-0.036400223890014495
80,379.0,34,-0.08805909441385257,0.036400223890014495
80,379.0,35,-0.08952255113846404,-0.5082796006106423
80,379.0,36,-0.08952255113846404,0.5082796006106423
80,379.0,37,-0.10919166871361585,-0.15487656374106593
80,379.0,38,-0.10919166871361585,0.15487656374106593
80,379.0,39,-0.11702955055521111,-0.6799983756341016
80,379.0,40,-0.11702955055521111,0.6799983756341016
81,380.0,1,0.06771857338492787,0.0
81,380.0,2,-0.0032070632741568322,-0.10235109047985236
81,380.0,3,-0.0032070632741568322,0.10235109047985236
81,380.0,4,-0.016040127849384467,-0.5136226304541096
81,380.0,5,-0.016040127849384467,0.5136226304541096
81,380.0,6,-0.025311372945622638,-0.6942162885943998
81,380.0,7,-0.025311372945622638,0.6942162885943998
81,380.0,8,-0.027202398091126113,-0.09083176823484777
81,380.0,9,-0.027202398091126113,0.09083176823484777
81,380.0,10,-0.03268131391737687,0.0
81,380.0,11,-0.033208106408249144,-0.039102313942880405
81,380.0,12,-0.033208106408249144,0.039102313942880405
81,380.0,13,-0.036419476015635666,-0.91085117219531
81,380.0,14,-0.036419476015635666,0.91085117219531
81,380.0,15,-0.047176160642913745,-0.5986424055297211
81,380.0,16,-0.047176160642913745,0.5986424055297211
81,380.0,17,-0.06074839901539668,-0.15976782426379627
81,380.0,18,-0.06074839901539668,0.15976782426379627
81,380.0,19,-0.06397644651382955,-1.284409721758654
81,380.0,20,-0.06397644651382955,1.284409721758654
81,380.0,21,-0.06446927988889192,-0.31507990762706634
81,380.0,22,-0.06446927988889192,0.31507990762706634
81,380.0,23,-0.07224782260597332,-0.18208445360098074
81,380.0,24,-0.07224782260597332,0.18208445360098074
81,380.0,25,-0.07583369721132593,-1.0130637490229342
81,380.0,26,-0.07583369721132593,1.0130637490229342
81,380.0,27,-0.08000225352418522,-0.020144468276262213
81,380.0,28,-0.08000225352418522,0.020144468276262213
81,380.0,29,-0.08078156270670453,-0.26014089686350395
81,380.0,30,-0.08078156270670453,0.26014089686350395
81,380.0,31,-0.08740957365202856,-0.3662141507748078
81,380.0,32,-0.08740957365202856,0.3662141507748078
81,380.0,33,-0.08770143692695567,-0.03642382832282
81,380.0,34,-0.08770143692695567,0.03642382832282
81,380.0,35,-0.08905443020431852,-0.5084051921232278
81,380.0,36,-0.08905443020431852,0.5084051921232278
81,380.0,37,-0.10887992999718431,-0.1548700105304875
81,380.0,38,-0.10887992999718431,0.1548700105304875
81,380.0,39,-0.11672592680742315,-0.6801480716415461
81,380.0,40,-0.11672592680742315,0.6801480716415461
82,381.0,1,0.06779840432533564,0.0
82,381.0,2,-0.003325248129698491,-0.10251793124673951
82,381.0,3,-0.003325248129698491,0.10251793124673951
82,381.0,4,-0.015457442201220348,-0.5133385015229526
82,381.0,5,-0.015457442201220348,0.5133385015229526
82,381.0,6,-0.024784140669813257,-0.6941489316980104
82,381.0,7,-0.024784140669813257,0.6941489316980104
82,381.0,8,-0.026528121926962984,-0.09051950394064062
82,381.0,9,-0.026528121926962984,0.09051950394064062
82,381.0,10,-0.03264882731343127,0.0
82,381.0,11,-0.03307473408249409,-0.03892362470021904
82,381.0,12,-0.03307473408249409,0.03892362470021904
82,381.0,13,-0.03592861264383235,-0.9107845783212346
82,381.0,14,-0.03592861264383235,0.9107845783212346
82,381.0,15,-0.046737696869663406,-0.5987033273412894
82,381.0,16,-0.046737696869663406,0.5987033273412894
82,381.0,17,-0.06001284623794101,-0.15897693109238747
82,381.0,18,-0.06001284623794101,0.15897693109238747
82,381.0,19,-0.06348957288181487,-1.284538410244418
82,381.0,20,-0.06348957288181487,1.284538410244418
82,381.0,21,-0.06422062538543588,-0.31528197920163514
82,381.0,22,-0.06422062538543588,0.31528197920163514
82,381.0,23,-0.07208903758932,-0.1826931874158324
82,381.0,24,-0.07208903758932,0.1826931874158324
82,381.0,25,-0.07498442624523052,-1.012900163049285
82,381.0,26,-0.07498442624523052,1.012900163049285
82,381.0,27,-0.0797277159754801,-0.020277965111592765
82,381.0,28,-0.0797277159754801,0.020277965111592765
82,381.0,29,-0.08007461921961052,-0.2599054923984384
82,381.0,30,-0.08007461921961052,0.2599054923984384
82,381.0,31,-0.08679713446410989,-0.3662096453821747
82,381.0,32,-0.08679713446410989,0.3662096453821747
82,381.0,33,-0.0873460642361247,-0.036448620283630044
82,381.0,34,-0.0873460642361247,0.036448620283630044
82,381.0,35,-0.08858924825426445,-0.5085271682846368
82,381.0,36,-0.08858924825426445,0.5085271682846368
82,381.0,37,-0.10856316732492824,-0.15486393186614383
82,381.0,38,-0.10856316732492824,0.15486393186614383
82,381.0,39,-0.11642460448736691,-0.6802979670442777
82,381.0,40,-0.11642460448736691,0.6802979670442777
83,382.0,1,0.06787923031544459,0.0
83,382.0,2,-0.003446281426356497,-0.10269603550214813
83,382.0,3,-0.003446281426356497,0.10269603550214813
83,382.0,4,-0.014877937164483178,-0.513052969634251
83,382.0,5,-0.014877937164483178,0.513052969634251
83,382.0,6,-0.02425681827395669,-0.6940828056095585
83,382.0,7,-0.02425681827395669,0.6940828056095585
83,382.0,8,-0.025857186185751443,-0.09019774937612816
83,382.0,9,-0.025857186185751443,0.09019774937612816
83,382.0,10,-0.03261677005682386,0.0
83,382.0,11,-0.03294133197739213,-0.03874219900412959
83,382.0,12,-0.03294133197739213,0.03874219900412959
83,382.0,13,-0.035440168592400734,-0.9107165663438227
83,382.0,14,-0.035440168592400734,0.9107165663438227
83,382.0,15,-0.04630214725150074,-0.5987630864514427
83,382.0,16,-0.04630214725150074,0.5987630864514427
83,382.0,17,-0.05930655317319579,-0.15822731796121078
83,382.0,18,-0.05930655317319579,0.15822731796121078
83,382.0,19,-0.06300430998029191,-1.2846645391108489
83,382.0,20,-0.06300430998029191,1.2846645391108489
83,382.0,21,-0.0639716666576573,-0.3154830614906933
83,382.0,22,-0.0639716666576573,0.3154830614906933
83,382.0,23,-0.0719150824800198,-0.1832565024876366
83,382.0,24,-0.0719150824800198,0.1832565024876366
83,382.0,25,-0.07413949571006515,-1.012734147843673
83,382.0,26,-0.07413949571006515,1.012734147843673
83,382.0,27,-0.07937749923019852,-0.2596692685332564
83,382.0,28,-0.07937749923019852,0.2596692685332564
83,382.0,29,-0.07945454656553522,-0.020409778830722113
83,382.0,30,-0.07945454656553522,0.020409778830722113
83,382.0,31,-0.08619085955329962,-0.3662018627502598
83,382.0,32,-0.08619085955329962,0.3662018627502598
83,382.0,33,-0.08699290438640636,-0.03647458098463585
83,382.0,34,-0.08699290438640636,0.03647458098463585
83,382.0,35,-0.0881269927326515,-0.5086455977180363
83,382.0,36,-0.0881269927326515,0.5086455977180363
83,382.0,37,-0.10824159785133759,-0.15485819066331538
83,382.0,38,-0.10824159785133759,0.15485819066331538
83,382.0,39,-0.11612552096225,-0.6804480975037054
83,382.0,40,-0.11612552096225,0.6804480975037054
84,383.0,1,0.06796107635442503,0.0
84,383.0,2,-0.0035688871636697962,-0.10288595387362304
84,383.0,3,-0.0035688871636697962,0.10288595387362304
84,383.0,4,-0.014301594017901851,-0.5127660036813045
84,383.0,5,-0.014301594017901851,0.5127660036813045
84,383.0,6,-0.023729387185894263,-0.6940178195754726
84,383.0,7,-0.023729387185894263,0.6940178195754726
84,383.0,8,-0.025190854916608746,-0.08986577692405308
84,383.0,9,-0.025190854916608746,0.08986577692405308
84,383.0,10,-0.03258515379782313,0.0
84,383.0,11,-0.032807861878044256,-0.038558064807456445
84,383.0,12,-0.032807861878044256,0.038558064807456445
84,383.0,13,-0.0349541249695515,-0.9106471242591668
84,383.0,14,-0.0349541249695515,0.9106471242591668
84,383.0,15,-0.0458695067177533,-0.5988217048301375
84,383.0,16,-0.0458695067177533,0.5988217048301375
84,383.0,17,-0.05862643206193935,-0.15751239910428186
84,383.0,18,-0.05862643206193935,0.15751239910428186
84,383.0,19,-0.0625206464041157,-1.2847881198475986
84,383.0,20,-0.0625206464041157,1.2847881198475986
84,383.0,21,-0.06372243304166045,-0.3156831024838448
84,383.0,22,-0.06372243304166045,0.3156831024838448
84,383.0,23,-0.07172873521040582,-0.18378107834387183
84,383.0,24,-0.07172873521040582,0.18378107834387183
84,383.0,25,-0.0732988524687522,-1.0125656972905883
84,383.0,26,-0.0732988524687522,1.0125656972905883
84,383.0,27,-0.07868987765272517,-0.25943239121862144
84,383.0,28,-0.07868987765272517,0.25943239121862144
84,383.0,29,-0.07918276850615302,-0.020539925215530972
84,383.0,30,-0.07918276850615302,0.020539925215530972
84,383.0,31,-0.08559065132886584,-0.36619090942893906
84,383.0,32,-0.08559065132886584,0.36619090942893906
84,383.0,33,-0.08664188643712126,-0.03650169324511566
84,383.0,34,-0.08664188643712126,0.03650169324511566
84,383.0,35,-0.08766764999943893,-0.508760546788118
84,383.0,36,-0.08766764999943893,0.508760546788118
84,383.0,37,-0.10791541775714418,-0.15485266034368655
84,383.0,38,-0.10791541775714418,0.15485266034368655
84,383.0,39,-0.11582861130500814,-0.6805984963272528
84,383.0,40,-0.11582861130500814,0.6805984963272528
85,384.0,1,0.06804396754656844,0.0
85,384.0,2,-0.0036916111334523195,-0.10308807461760666
85,384.0,3,-0.0036916111334523195,0.10308807461760666
85,384.0,4,-0.01372839438816173,-0.5124775721108268
85,384.0,5,-0.01372839438816173,0.5124775721108268
85,384.0,6,-0.023201830652100602,-0.6939538838151618
85,384.0,7,-0.023201830652100602,0.6939538838151618
85,384.0,8,-0.024530568537301956,-0.0895230230179843
85,384.0,9,-0.024530568537301956,0.0895230230179843
85,384.0,10,-0.03255399123058489,0.0
85,384.0,11,-0.032674288051386204,-0.038371248578329575
85,384.0,12,-0.032674288051386204,0.038371248578329575
85,384.0,13,-0.03447046305387788,-0.9105762397513377
85,384.0,14,-0.03447046305387788,0.9105762397513377
85,384.0,15,-0.04543977030745189,-0.5988792043526616
85,384.0,16,-0.04543977030745189,0.5988792043526616
85,384.0,17,-0.05797001767212222,-0.1568271334734879
85,384.0,18,-0.05797001767212222,0.1568271334734879
85,384.0,19,-0.06203857069318658,-1.2849091636944094
85,384.0,20,-0.06203857069318658,1.2849091636944094
85,384.0,21,-0.06347295491179955,-0.3158820544639772
85,384.0,22,-0.06347295491179955,0.3158820544639772
85,384.0,23,-0.07153217471057863,-0.1842720407956083
85,384.0,24,-0.07153217471057863,0.1842720407956083
85,384.0,25,-0.0724624440672183,-1.0123948045046671
85,384.0,26,-0.0724624440672183,1.0123948045046671
85,384.0,27,-0.07801144524472235,-0.2591950139286755
85,384.0,28,-0.07801144524472235,0.2591950139286755
85,384.0,29,-0.07891240288027432,-0.02066841851098095
85,384.0,30,-0.07891240288027432,0.02066841851098095
85,384.0,31,-0.0849964146092455,-0.3661768860664783
85,384.0,32,-0.0849964146092455,0.3661768860664783
85,384.0,33,-0.0862929405058875,-0.036529941364443895
85,384.0,34,-0.0862929405058875,0.036529941364443895
85,384.0,35,-0.08721120543007242,-0.5088720796513163
85,384.0,36,-0.08721120543007242,0.5088720796513163
85,384.0,37,-0.10758480446586223,-0.15484722388613792
85,384.0,38,-0.10758480446586223,0.15484722388613792
85,384.0,39,-0.11553380843819105,-0.6807491942752278
85,384.0,40,-0.11553380843819105,0.6807491942752278
86,385.0,1,0.0681279291155092,0.0
86,385.0,2,-0.0038128441948884068,-0.10330256748574941
86,385.0,3,-0.0038128441948884068,0.10330256748574941
86,385.0,4,-0.013158320247908008,-0.5121876428880088
86,385.0,5,-0.013158320247908008,0.5121876428880088
86,385.0,6,-0.022674133684861014,-0.6938909095217741
86,385.0,7,-0.022674133684861014,0.6938909095217741
86,385.0,8,-0.02387792083355446,-0.08916914418977984
86,385.0,9,-0.02387792083355446,0.08916914418977984
86,385.0,10,-0.03252329614724872,0.0
86,385.0,11,-0.03254057716325247,-0.03818177515136664
86,385.0,12,-0.03254057716325247,0.03818177515136664
86,385.0,13,-0.033989164293020374,-0.9105039001739229
86,385.0,14,-0.033989164293020374,0.9105039001739229
86,385.0,15,-0.04501293317609968,-0.5989356068162681
86,385.0,16,-0.04501293317609968,0.5989356068162681
86,385.0,17,-0.05733530041240371,-0.1561675649693412
86,385.0,18,-0.05733530041240371,0.1561675649693412
86,385.0,19,-0.06155807132970173,-1.2850276816340074
86,385.0,20,-0.06155807132970173,1.2850276816340074
86,385.0,21,-0.06322326337425763,-0.31607987378637115
86,385.0,22,-0.06322326337425763,0.31607987378637115
86,385.0,23,-0.07132714541411041,-0.1847334225328863
86,385.0,24,-0.07132714541411041,0.1847334225328863
86,385.0,25,-0.07163021870518918,-1.012221461805188
86,385.0,26,-0.07163021870518918,1.012221461805188
86,385.0,27,-0.0773419074410561,-0.25895727879329655
86,385.0,28,-0.0773419074410561,0.25895727879329655
86,385.0,29,-0.07864346871083888,-0.02079527155045565
86,385.0,30,-0.07864346871083888,0.02079527155045565
86,385.0,31,-0.08440805659415901,-0.36615988774914787
86,385.0,32,-0.08440805659415901,0.36615988774914787
86,385.0,33,-0.08594599780615905,-0.03655931100523354
86,385.0,34,-0.08594599780615905,0.03655931100523354
86,385.0,35,-0.0867576435084532,-0.5089802583057416
86,385.0,36,-0.0867576435084532,0.5089802583057416
86,385.0,37,-0.10724991854091895,-0.15484177300968474
86,385.0,38,-0.10724991854091895,0.15484177300968474
86,385.0,39,-0.11524104329523217,-0.6809002193776263
86,385.0,40,-0.11524104329523217,0.6809002193776263
87,386.0,1,0.06821298641840494,0.0
87,386.0,2,-0.003930865451516702,-0.10352933014210802
87,386.0,3,-0.003930865451516702,0.10352933014210802
87,386.0,4,-0.012591353914298851,-0.5118961834603446
87,386.0,5,-0.012591353914298851,0.5118961834603446
87,386.0,6,-0.02214628300808133,-0.693828808861395
87,386.0,7,-0.02214628300808133,0.693828808861395
87,386.0,8,-0.023234616058163224,-0.08880407056421213
87,386.0,9,-0.023234616058163224,0.08880407056421213
87,386.0,10,-0.03240669818782006,-0.03798966758325024
87,386.0,11,-0.03240669818782006,0.03798966758325024
87,386.0,12,-0.032493083495920096,0.0
87,386.0,13,-0.033510210302321035,-0.9104300925307288
87,386.0,14,-0.033510210302321035,0.9104300925307288
87,386.0,15,-0.044588990602493286,-0.5989909339560365
87,386.0,16,-0.044588990602493286,0.5989909339560365
87,386.0,17,-0.05672061316074474,-0.15553052495971006
87,386.0,18,-0.05672061316074474,0.15553052495971006
87,386.0,19,-0.06107913673519372,-1.2851436843847834
87,386.0,20,-0.06107913673519372,1.2851436843847834
87,386.0,21,-0.06297338999711449,-0.316276520652455
87,386.0,22,-0.06297338999711449,0.316276520652455
87,386.0,23,-0.0708021252074421,-1.0120456606892927
87,386.0,24,-0.0708021252074421,1.0120456606892927
87,386.0,25,-0.07111506832994419,-0.18516846132022424
87,386.0,26,-0.07111506832994419,0.18516846132022424
87,386.0,27,-0.07668098331426562,-0.2587193176215844
87,386.0,28,-0.07668098331426562,0.2587193176215844
87,386.0,29,-0.07837598302258707,-0.02092049587235884
87,386.0,30,-0.07837598302258707,0.02092049587235884
87,386.0,31,-0.0838254868321581,-0.3661400043172691
87,386.0,32,-0.0838254868321581,0.3661400043172691
87,386.0,33,-0.08560099067942781,-0.0365897890861272
87,386.0,34,-0.08560099067942781,0.0365897890861272
87,386.0,35,-0.08630694791353623,-0.5090851426405656
87,386.0,36,-0.08630694791353623,0.5090851426405656
87,386.0,37,-0.10691090531657954,-0.15483620746770177
87,386.0,38,-0.10691090531657954,0.15483620746770177
87,386.0,39,-0.11495024499833914,-0.6810515967625456
87,386.0,40,-0.11495024499833914,0.6810515967625456
88,387.0,1,0.06829916496032457,0.0
88,387.0,2,-0.004043905864355789,-0.10376794535109435
88,387.0,3,-0.004043905864355789,0.10376794535109435
88,387.0,4,-0.012027478048042658,-0.5116031607198327
88,387.0,5,-0.012027478048042658,0.5116031607198327
88,387.0,6,-0.02161826700180236,-0.6937674949702328
88,387.0,7,-0.02161826700180236,0.6937674949702328
88,387.0,8,-0.022602405595847832,-0.08842804858031124
88,387.0,9,-0.022602405595847832,0.08842804858031124
88,387.0,10,-0.03227262231036737,-0.03779494701301876
88,387.0,11,-0.03227262231036737,0.03779494701301876
88,387.0,12,-0.03246336944288678,0.0
88,387.0,13,-0.03303358286347313,-0.9103548034554976
88,387.0,14,-0.03303358286347313,0.9103548034554976
88,387.0,15,-0.044167937995671855,-0.5990452074602618
88,387.0,16,-0.044167937995671855,0.5990452074602618
88,387.0,17,-0.05612455206869872,-0.15491343211917757
88,387.0,18,-0.05612455206869872,0.15491343211917757
88,387.0,19,-0.06060175526732797,-1.2852571823931025
88,387.0,20,-0.06060175526732797,1.2852571823931025
88,387.0,21,-0.06272336657435978,-0.3164719588813448
88,387.0,22,-0.06272336657435978,0.3164719588813448
88,387.0,23,-0.06997811299525467,-1.0118673918035976
88,387.0,24,-0.06997811299525467,1.0118673918035976
88,387.0,25,-0.07089711837507573,-0.1855798007757567
88,387.0,26,-0.07089711837507573,0.1855798007757567
88,387.0,27,-0.07602840464250765,-0.25848125283083834
88,387.0,28,-0.07602840464250765,0.25848125283083834
88,387.0,29,-0.0781099608972036,-0.02104410182884317
88,387.0,30,-0.0781099608972036,0.02104410182884317
88,387.0,31,-0.0832486171844928,-0.3661173206593323
88,387.0,32,-0.0832486171844928,0.3661173206593323
88,387.0,33,-0.08525785262264449,-0.03662136368362764
88,387.0,34,-0.08525785262264449,0.03662136368362764
88,387.0,35,-0.08585910159976881,-0.5091867904846343
88,387.0,36,-0.08585910159976881,0.5091867904846343
88,387.0,37,-0.10656789630581881,-0.1548304344364448
88,387.0,38,-0.10656789630581881,0.1548304344364448
88,387.0,39,-0.11466134105205981,-0.6812033484981342
88,387.0,40,-0.11466134105205981,0.6812033484981342
89,388.0,1,0.06838649040863917,0.0
89,388.0,2,-0.004150228861380693,-0.10401765789085075
89,388.0,3,-0.004150228861380693,0.10401765789085075
89,388.0,4,-0.011466675652955352,-0.5113085409638006
89,388.0,5,-0.011466675652955352,0.5113085409638006
89,388.0,6,-0.02109007564555293,-0.6937068819498987
89,388.0,7,-0.02109007564555293,0.6937068819498987
89,388.0,8,-0.021983007633478803,-0.08804166398531095
89,388.0,9,-0.021983007633478803,0.08804166398531095
89,388.0,10,-0.03213832282377512,-0.03759763252716163
89,388.0,11,-0.03213832282377512,0.03759763252716163
89,388.0,12,-0.032434171439405406,0.0
89,388.0,13,-0.032559263923139174,-0.9102780191907566
89,388.0,14,-0.032559263923139174,0.9102780191907566
89,388.0,15,-0.04374977090202084,-0.5990984489851392
89,388.0,16,-0.04374977090202084,0.5990984489851392
89,388.0,17,-0.055545919616451375,-0.15431415328783588
89,388.0,18,-0.055545919616451375,0.15431415328783588
89,388.0,19,-0.060125915216504566,-1.2853681858252424
89,388.0,20,-0.060125915216504566,1.2853681858252424
89,388.0,21,-0.06247322492121007,-0.31666615568203443
89,388.0,22,-0.06247322492121007,0.31666615568203443
89,388.0,23,-0.06915813205819854,-1.011686644914504
89,388.0,24,-0.06915813205819854,1.011686644914504
89,388.0,25,-0.07067427965671604,-0.1859696300482454
89,388.0,26,-0.07067427965671604,0.1859696300482454
89,388.0,27,-0.07538391506964146,-0.25824319829227643
89,388.0,28,-0.07538391506964146,0.25824319829227643
89,388.0,29,-0.0778454155220139,-0.021166098687342334
89,388.0,30,-0.0778454155220139,0.021166098687342334
89,388.0,31,-0.08267736178608301,-0.36609191698584187
89,388.0,32,-0.08267736178608301,0.36609191698584187
89,388.0,33,-0.08491651831175173,-0.03665402394247418
89,388.0,34,-0.08491651831175173,0.03665402394247418
89,388.0,35,-0.08541408687187273,-0.5092852576541831
89,388.0,36,-0.08541408687187273,0.5092852576541831
89,388.0,37,-0.1062210104204068,-0.15482436798407567
89,388.0,38,-0.1062210104204068,0.15482436798407567
89,388.0,39,-0.11437425755130765,-0.6813554934496563
89,388.0,40,-0.11437425755130765,0.6813554934496563
90,389.0,1,0.06847498860762104,0.0
90,389.0,2,-0.004248220016194267,-0.10427737864010267
90,389.0,3,-0.004248220016194267,0.10427737864010267
90,389.0,4,-0.01090893007598057,-0.511012289853961
90,389.0,5,-0.01090893007598057,0.511012289853961
90,389.0,6,-0.020561700460636434,-0.6936468848604392
90,389.0,7,-0.020561700460636434,0.6936468848604392
90,389.0,8,-0.02137801776288878,-0.08764583765279826
90,389.0,9,-0.02137801776288878,0.08764583765279826
90,389.0,10,-0.032003775019545044,-0.03739774102958332
90,389.0,11,-0.032003775019545044,0.03739774102958332
90,389.0,12,-0.03208723559157542,-0.9101997255655789
90,389.0,13,-0.03208723559157542,0.9101997255655789
90,389.0,14,-0.03240550829346227,0.0
90,389.0,15,-0.04333448501261733,-0.5991506801691041
90,389.0,16,-0.04333448501261733,0.5991506801691041
90,389.0,17,-0.05498368268678004,-0.1537309040419524
90,389.0,18,-0.05498368268678004,0.1537309040419524
90,389.0,19,-0.05965160480217402,-1.2854767045590179
90,389.0,20,-0.05965160480217402,1.2854767045590179
90,389.0,21,-0.062222996698165736,-0.3168590814283235
90,389.0,22,-0.062222996698165736,0.3168590814283235
90,389.0,23,-0.06834213292610303,-1.0115034088767945
90,389.0,24,-0.06834213292610303,1.0115034088767945
90,389.0,25,-0.07044738590535726,-0.18633978371014998
90,389.0,26,-0.07044738590535726,0.18633978371014998
90,389.0,27,-0.07474726934475243,-0.25800526010335384
90,389.0,28,-0.07474726934475243,0.25800526010335384
90,389.0,29,-0.07758235823259407,-0.02128649472563189
90,389.0,30,-0.07758235823259407,0.02128649472563189
90,389.0,31,-0.08211163700422844,-0.3660638690842264
90,389.0,32,-0.08211163700422844,0.3660638690842264
90,389.0,33,-0.08457692362176532,-0.03668775999399537
90,389.0,34,-0.08457692362176532,0.03668775999399537
90,389.0,35,-0.08497188545420836,-0.509380597999425
90,389.0,36,-0.08497188545420836,0.509380597999425
90,389.0,37,-0.10587035503227356,-0.15481792860872062
90,389.0,38,-0.10587035503227356,0.15481792860872062
90,389.0,39,-0.1140889194025065,-0.6815080471534067
90,389.0,40,-0.1140889194025065,0.6815080471534067
91,390.0,1,0.06856468559320587,0.0
91,390.0,2,-0.004336474322259649,-0.10454571925557689
91,390.0,3,-0.004336474322259649,0.10454571925557689
91,390.0,4,-0.010354225007737083,-0.5107143723738201
91,390.0,5,-0.010354225007737083,0.5107143723738201
91,390.0,6,-0.020033134451420187,-0.6935874197110304
91,390.0,7,-0.020033134451420187,0.6935874197110304
91,390.0,8,-0.020788821989618705,-0.08724179080836889
91,390.0,9,-0.020788821989618705,0.08724179080836889
91,390.0,10,-0.031617480141240856,-0.9101199079723378
91,390.0,11,-0.031617480141240856,0.9101199079723378
91,390.0,12,-0.0318689560738261,-0.037195287116356515
91,390.0,13,-0.0318689560738261,0.037195287116356515
91,390.0,14,-0.0323774002469219,0.0
91,390.0,15,-0.04292207617083528,-0.5992019226465708
91,390.0,16,-0.04292207617083528,0.5992019226465708
91,390.0,17,-0.054436941049197884,-0.15316217594178447
91,390.0,18,-0.054436941049197884,0.15316217594178447
91,390.0,19,-0.0591788121689768,-1.285582748174997
91,390.0,20,-0.0591788121689768,1.285582748174997
91,390.0,21,-0.061972713261221314,-0.3170507094383832
91,390.0,22,-0.061972713261221314,0.3170507094383832
91,390.0,23,-0.0675300666412125,-1.0113176716006629
91,390.0,24,-0.0675300666412125,1.0113176716006629
91,390.0,25,-0.0702171506425986,-0.1866918149101968
91,390.0,26,-0.0702171506425986,0.1866918149101968
91,390.0,27,-0.07411823263053888,-0.25776753729475743
91,390.0,28,-0.07411823263053888,0.25776753729475743
91,390.0,29,-0.07732079854954219,-0.02140529732100806
91,390.0,30,-0.07732079854954219,0.02140529732100806
91,390.0,31,-0.08155136139566413,-0.3660332485561993
91,390.0,32,-0.08155136139566413,0.3660332485561993
91,390.0,33,-0.08423900564400999,-0.03672256288195495
91,390.0,34,-0.08423900564400999,0.03672256288195495
91,390.0,35,-0.08453247855508192,-0.5094728634498924
91,390.0,36,-0.08453247855508192,0.5094728634498924
91,390.0,37,-0.1055160269001563,-0.1548110428361988
91,390.0,38,-0.1055160269001563,0.1548110428361988
91,390.0,39,-0.11380525055622512,-0.6816610217087681
91,390.0,40,-0.11380525055622512,0.6816610217087681
92,391.0,1,0.0686556076079371,0.0
92,391.0,2,-0.0044138685281408085,-0.10482105507648005
92,391.0,3,-0.0044138685281408085,0.10482105507648005
92,391.0,4,-0.009802544483523176,-0.5104147527842849
92,391.0,5,-0.009802544483523176,0.5104147527842849
92,391.0,6,-0.019504372045774432,-0.6935284034481624
92,391.0,7,-0.019504372045774432,0.6935284034481624
92,391.0,8,-0.020216524681992157,-0.08683098202647466
92,391.0,9,-0.020216524681992157,0.08683098202647466
92,391.0,10,-0.031149980005379246,-0.9100385513423009
92,391.0,11,-0.031149980005379246,0.9100385513423009
92,391.0,12,-0.031733844929011365,-0.03699028295513777
92,391.0,13,-0.031733844929011365,0.03699028295513777
92,391.0,14,-0.03234986905856016,0.0
92,391.0,15,-0.04251254038030465,-0.599252198061352
92,391.0,16,-0.04251254038030465,0.599252198061352
92,391.0,17,-0.0539049032298958,-0.15260668219522006
92,391.0,18,-0.0539049032298958,0.15260668219522006
92,391.0,19,-0.05870752538256779,-1.2856863259472664
92,391.0,20,-0.05870752538256779,1.2856863259472664
92,391.0,21,-0.06172240553576044,-0.3172410157602748
92,391.0,22,-0.06172240553576044,0.3172410157602748
92,391.0,23,-0.06672188473048045,-1.0111294200170144
92,391.0,24,-0.06672188473048045,1.0111294200170144
92,391.0,25,-0.06998419008717488,-0.18702705005392134
92,391.0,26,-0.06998419008717488,0.18702705005392134
92,391.0,27,-0.07349657987175498,-0.25753012247899937
92,391.0,28,-0.07349657987175498,0.25753012247899937
92,391.0,29,-0.07706074420967637,-0.02152251303420084
92,391.0,30,-0.07706074420967637,0.02152251303420084
92,391.0,31,-0.08099645566241515,-0.36600012303881607
92,391.0,32,-0.08099645566241515,0.36600012303881607
92,391.0,33,-0.08390270270091128,-0.036758424495343854
92,391.0,34,-0.08390270270091128,0.036758424495343854
92,391.0,35,-0.08409584692633132,-0.5095621040584807
92,391.0,36,-0.08409584692633132,0.5095621040584807
92,391.0,37,-0.10515811298150068,-0.15480364286955986
92,391.0,38,-0.10515811298150068,0.15480364286955986
92,391.0,39,-0.11352317424950858,-0.6818144256898727
92,391.0,40,-0.11352317424950858,0.6818144256898727
93,392.0,1,0.06874778111617545,0.0
93,392.0,2,-0.004479608228346275,-0.10510160811357047
93,392.0,3,-0.004479608228346275,0.10510160811357047
93,392.0,4,-0.009253872884822212,-0.5101133945772571
93,392.0,5,-0.009253872884822212,0.5101133945772571
93,392.0,6,-0.01897540903478473,-0.6934697539412273
93,392.0,7,-0.01897540903478473,0.6934697539412273
93,392.0,8,-0.019661901765572587,-0.08641502414111417
93,392.0,9,-0.019661901765572587,0.08641502414111417
93,392.0,10,-0.030684717776595365,-0.9099556401200285
93,392.0,11,-0.030684717776595365,0.9099556401200285
93,392.0,12,-0.031598422171418505,-0.03678273816899311
93,392.0,13,-0.031598422171418505,0.03678273816899311
93,392.0,14,-0.03232293809348539,0.0
93,392.0,15,-0.04210587381322119,-0.5993015280797059
93,392.0,16,-0.04210587381322119,0.5993015280797059
93,392.0,17,-0.05338686773098429,-0.15206331633945483
93,392.0,18,-0.05338686773098429,0.15206331633945483
93,392.0,19,-0.05823773242521181,-1.2857874468337733
93,392.0,20,-0.05823773242521181,1.2857874468337733
93,392.0,21,-0.0614721039117822,-0.3174299789645451
93,392.0,22,-0.0614721039117822,0.3174299789645451
93,392.0,23,-0.06591753917793641,-1.0109386400409015
93,392.0,24,-0.06591753917793641,1.0109386400409015
93,392.0,25,-0.06974904081824432,-0.18734663041585156
93,392.0,26,-0.06974904081824432,0.18734663041585156
93,392.0,27,-0.07288209521638667,-0.25729310244669945
93,392.0,28,-0.07288209521638667,0.25729310244669945
93,392.0,29,-0.0768022011919134,-0.021638147688518045
93,392.0,30,-0.0768022011919134,0.021638147688518045
93,392.0,31,-0.08044684260689333,-0.36596455641030007
93,392.0,32,-0.08044684260689333,0.36596455641030007
93,392.0,33,-0.08356795435867395,-0.0367953375076189
93,392.0,34,-0.08356795435867395,0.0367953375076189
93,392.0,35,-0.08366197091839848,-0.5096483680438942
93,392.0,36,-0.08366197091839848,0.5096483680438942
93,392.0,37,-0.10479669114628454,-0.15479566628389382
93,392.0,38,-0.10479669114628454,0.15479566628389382
93,392.0,39,-0.11324261325603097,-0.6819682640777887
93,392.0,40,-0.11324261325603097,0.6819682640777887
94,393.0,1,0.06884123281955082,0.0
94,393.0,2,-0.004533244408077949,-0.10538553818982987
94,393.0,3,-0.004533244408077949,0.10538553818982987
94,393.0,4,-0.008708194941306119,-0.5098102604273117
94,393.0,5,-0.008708194941306119,0.5098102604273117
94,393.0,6,-0.018446242511801325,-0.6934113899652985
94,393.0,7,-0.018446242511801325,0.6934113899652985
94,393.0,8,-0.019125384464408042,-0.08599559300382804
94,393.0,9,-0.019125384464408042,0.08599559300382804
94,393.0,10,-0.030221676205416007,-0.9098711582365133
94,393.0,11,-0.030221676205416007,0.9098711582365133
94,393.0,12,-0.03146266990532809,-0.03657265972430224
94,393.0,13,-0.03146266990532809,0.03657265972430224
94,393.0,14,-0.0322966324195411,0.0
94,393.0,15,-0.041702072819109495,-0.5993499344029957
94,393.0,16,-0.041702072819109495,0.5993499344029957
94,393.0,17,-0.05288220819641534,-0.15153112031821594
94,393.0,18,-0.05288220819641534,0.15153112031821594
94,393.0,19,-0.05776942119111372,-1.285886119466177
94,393.0,20,-0.05776942119111372,1.285886119466177
94,393.0,21,-0.06122183815825531,-0.31761757994466605
94,393.0,22,-0.06122183815825531,0.31761757994466605
94,393.0,23,-0.06511698239715157,-1.0107453165331728
94,393.0,24,-0.06511698239715157,1.0107453165331728
94,393.0,25,-0.06951217358380887,-0.1876515443106261
94,393.0,26,-0.06951217358380887,0.1876515443106261
94,393.0,27,-0.0722745714833992,-0.25705655871562855
94,393.0,28,-0.0722745714833992,0.25705655871562855
94,393.0,29,-0.07654517373807458,-0.021752206444813044
94,393.0,30,-0.07654517373807458,0.021752206444813044
94,393.0,31,-0.07990244708657762,-0.3659266089817476
94,393.0,32,-0.07990244708657762,0.3659266089817476
94,393.0,33,-0.08323083053127359,-0.5097317018315948
94,393.0,34,-0.08323083053127359,0.5097317018315948
94,393.0,35,-0.0832347014382715,-0.03683329532195152
94,393.0,36,-0.0832347014382715,0.03683329532195152
94,393.0,37,-0.10443183080678337,-0.15478705576096322
94,393.0,38,-0.10443183080678337,0.15478705576096322
94,393.0,39,-0.11296349014185326,-0.6821225382142162
94,393.0,40,-0.11296349014185326,0.6821225382142162
95,394.0,1,0.06893598967275132,0.0
95,394.0,2,-0.004574660225794349,-0.10567102972027687
95,394.0,3,-0.004574660225794349,0.10567102972027687
95,394.0,4,-0.00816549573332398,-0.5095053121410458
95,394.0,5,-0.00816549573332398,0.5095053121410458
95,394.0,6,-0.01791687081097343,-0.6933532311810547
95,394.0,7,-0.01791687081097343,0.6933532311810547
95,394.0,8,-0.018607072804763786,-0.08557434060154688
95,394.0,9,-0.018607072804763786,0.08557434060154688
95,394.0,10,-0.029760838198826245,-0.909785089080963
95,394.0,11,-0.029760838198826245,0.909785089080963
95,394.0,12,-0.03132657162388626,-0.03636005182241137
95,394.0,13,-0.03132657162388626,0.03636005182241137
95,394.0,14,-0.0322709789113384,0.0
95,394.0,15,-0.04130113393407086,-0.5993974387802328
95,394.0,16,-0.04130113393407086,0.5993974387802328
95,394.0,17,-0.05239036153770803,-0.15100925946613122
95,394.0,18,-0.05239036153770803,0.15100925946613122
95,394.0,19,-0.05730257948142789,-1.2859823521391878
95,394.0,20,-0.05730257948142789,1.2859823521391878
95,394.0,21,-0.06097163735452321,-0.31780380172578165
95,394.0,22,-0.06097163735452321,0.31780380172578165
95,394.0,23,-0.064320167203615,-1.0105494332599327
95,394.0,24,-0.064320167203615,1.0105494332599327
95,394.0,25,-0.06927400422874634,-0.1879426523155375
95,394.0,26,-0.06927400422874634,0.1879426523155375
95,394.0,27,-0.07167380967189546,-0.25682056803721226
95,394.0,28,-0.07167380967189546,0.25682056803721226
95,394.0,29,-0.07628966436883149,-0.02186469387268837
95,394.0,30,-0.07628966436883149,0.02186469387268837
95,394.0,31,-0.07936319596861123,-0.36588633767560685
95,394.0,32,-0.07936319596861123,0.36588633767560685
95,394.0,33,-0.0828024054614724,-0.5098121500930284
95,394.0,34,-0.0828024054614724,0.5098121500930284
95,394.0,35,-0.08290288602483745,-0.036872292021939784
95,394.0,36,-0.08290288602483745,0.036872292021939784
95,394.0,37,-0.1040635934751031,-0.15477775885902342
95,394.0,38,-0.1040635934751031,0.15477775885902342
95,394.0,39,-0.11268572752476125,-0.6822772457772494
95,394.0,40,-0.11268572752476125,0.6822772457772494
96,395.0,1,0.06903207889961087,0.0
96,395.0,2,-0.004604033969386023,-0.10595636411990282
96,395.0,3,-0.004604033969386023,0.10595636411990282
96,395.0,4,-0.007625760694899189,-0.5091985106042665
96,395.0,5,-0.007625760694899189,0.5091985106042665
96,395.0,6,-0.01738729344538839,-0.6932951981115866
96,395.0,7,-0.01738729344538839,0.6932951981115866
96,395.0,8,-0.018106772945088133,-0.08515282254593659
96,395.0,9,-0.018106772945088133,0.08515282254593659
96,395.0,10,-0.02930218681877786,-0.9096974154711727
96,395.0,11,-0.02930218681877786,0.9096974154711727
96,395.0,12,-0.03119011207692833,-0.03614491579455417
96,395.0,13,-0.03119011207692833,0.03614491579455417
96,395.0,14,-0.03224600636260642,0.0
96,395.0,15,-0.04090305389052379,-0.5994440630202207
96,395.0,16,-0.04090305389052379,0.5994440630202207
96,395.0,17,-0.051910818313260144,-0.15049700265451663
96,395.0,18,-0.051910818313260144,0.15049700265451663
96,395.0,19,-0.056837194999022955,-1.286076152799342
96,395.0,20,-0.056837194999022955,1.286076152799342
96,395.0,21,-0.06072152983681777,-0.31798862928218313
96,395.0,22,-0.06072152983681777,0.31798862928218313
96,395.0,23,-0.06352704678715397,-1.0103509728500268
96,395.0,24,-0.06352704678715397,1.0103509728500268
96,395.0,25,-0.06903490243821116,-0.18822070729355228
96,395.0,26,-0.06903490243821116,0.18822070729355228
96,395.0,27,-0.07107961850728123,-0.2565852028644019
96,395.0,28,-0.07107961850728123,0.2565852028644019
96,395.0,29,-0.0760356738950029,-0.021975614018449052
96,395.0,30,-0.0760356738950029,0.021975614018449052
96,395.0,31,-0.07882901808452367,-0.36584379619189333
96,395.0,32,-0.07882901808452367,0.36584379619189333
96,395.0,33,-0.08237667514536044,-0.509889755783097
96,395.0,34,-0.08237667514536044,0.509889755783097
96,395.0,35,-0.0825724514758483,-0.03691232232739405
96,395.0,36,-0.0825724514758483,0.03691232232739405
96,395.0,37,-0.10369203325846213,-0.15476772781396214
96,395.0,38,-0.10369203325846213,0.15476772781396214
96,395.0,39,-0.11240924833467122,-0.682432380779541
96,395.0,40,-0.11240924833467122,0.682432380779541
97,396.0,1,0.06912952800962677,0.0
97,396.0,2,-0.004621786968145902,-0.10623997214378475
97,396.0,3,-0.004621786968145902,0.10623997214378475
97,396.0,4,-0.007088975617235746,-0.5088898157266363
97,396.0,5,-0.007088975617235746,0.5088898157266363
97,396.0,6,-0.01685751104485958,-0.6932372121161581
97,396.0,7,-0.01685751104485958,0.6932372121161581
97,396.0,8,-0.01762404954959388,-0.08473244563024702
97,396.0,9,-0.01762404954959388,0.08473244563024702
97,396.0,10,-0.028845705280699935,-0.9096081196223483
97,396.0,11,-0.028845705280699935,0.9096081196223483
97,396.0,12,-0.031053277136016397,-0.03592724999961211
97,396.0,13,-0.031053277136016397,0.03592724999961211
97,396.0,14,-0.03222174560767602,0.0
97,396.0,15,-0.04050782962754805,-0.5994898290037173
97,396.0,16,-0.04050782962754805,0.5994898290037173
97,396.0,17,-0.05144311484635123,-0.1499937063510267
97,396.0,18,-0.05144311484635123,0.1499937063510267
97,396.0,19,-0.05637325534287446,-1.2861675290331744
97,396.0,20,-0.05637325534287446,1.2861675290331744
97,396.0,21,-0.06047154315815444,-0.3181720493635417
97,396.0,22,-0.06047154315815444,0.3181720493635417
97,396.0,23,-0.062737574684192,-1.0101499167501735
97,396.0,24,-0.062737574684192,1.0101499167501735
97,396.0,25,-0.06879519880236362,-0.18848637046708908
97,396.0,26,-0.06879519880236362,0.18848637046708908
97,396.0,27,-0.0704918140207543,-0.2563505317845779
97,396.0,28,-0.0704918140207543,0.2563505317845779
97,396.0,29,-0.07578320142441025,-0.022084970470234392
97,396.0,30,-0.07578320142441025,0.022084970470234392
97,396.0,31,-0.07829984418536017,-0.36579903516289936
97,396.0,32,-0.07829984418536017,0.36579903516289936
97,396.0,33,-0.08195361879901675,-0.5099645601758082
97,396.0,34,-0.08195361879901675,0.5099645601758082
97,396.0,35,-0.08224334242814385,-0.03695338155469779
97,396.0,36,-0.08224334242814385,0.03695338155469779
97,396.0,37,-0.10331719730075961,-0.15475691936841177
97,396.0,38,-0.10331719730075961,0.15475691936841177
97,396.0,39,-0.11213397607304101,-0.6825879335890599
97,396.0,40,-0.11213397607304101,0.6825879335890599
98,397.0,1,0.06922836481486823,0.0
98,397.0,2,-0.004628525529299798,-0.10652046496186553
98,397.0,3,-0.004628525529299798,0.10652046496186553
98,397.0,4,-0.006555126652757655,-0.5085791863837213
98,397.0,5,-0.006555126652757655,0.5085791863837213
98,397.0,6,-0.01632752529357468,-0.6931791953605948
98,397.0,7,-0.01632752529357468,0.6931791953605948
98,397.0,8,-0.017158284136228316,-0.08431443665166355
98,397.0,9,-0.017158284136228316,0.08431443665166355
98,397.0,10,-0.028391376951940786,-0.9095171831143116
98,397.0,11,-0.028391376951940786,0.9095171831143116
98,397.0,12,-0.03091605365668188,-0.035707049724147163
98,397.0,13,-0.03091605365668188,0.035707049724147163
98,397.0,14,-0.03219822965293875,0.0
98,397.0,15,-0.04011545830184567,-0.5995347586953446
98,397.0,16,-0.04011545830184567,0.5995347586953446
98,397.0,17,-0.05098682670154901,-0.14949880168662089
98,397.0,18,-0.05098682670154901,0.14949880168662089
98,397.0,19,-0.055910748002176325,-1.286256488054808
98,397.0,20,-0.055910748002176325,1.286256488054808
98,397.0,21,-0.06022170405998869,-0.31835405032998026
98,397.0,22,-0.06022170405998869,0.31835405032998026
98,397.0,23,-0.06195170474985584,-1.0099462451777057
98,397.0,24,-0.06195170474985584,1.0099462451777057
98,397.0,25,-0.06855519057515,-0.18874022445154073
98,397.0,26,-0.06855519057515,0.18874022445154073
98,397.0,27,-0.06991021915892742,-0.2561166199206314
98,397.0,28,-0.06991021915892742,0.2561166199206314
98,397.0,29,-0.07553224436446553,-0.022192766420744206
98,397.0,30,-0.07553224436446553,0.022192766420744206
98,397.0,31,-0.07777560689734075,-0.3657521022971597
98,397.0,32,-0.07777560689734075,0.3657521022971597
98,397.0,33,-0.0815332154548771,-0.5100366028979731
98,397.0,34,-0.0815332154548771,0.5100366028979731
98,397.0,35,-0.08191550480395093,-0.036995465581359833
98,397.0,36,-0.08191550480395093,0.036995465581359833
98,397.0,37,-0.10293912617766701,-0.1547452946260574
98,397.0,38,-0.10293912617766701,0.1547452946260574
98,397.0,39,-0.11185983506869715,-0.6827438909720928
98,397.0,40,-0.11185983506869715,0.6827438909720928
99,398.0,1,0.06932861744736317,0.0
99,398.0,2,-0.004624984357522224,-0.1067966462246583
99,398.0,3,-0.004624984357522224,0.1067966462246583
99,398.0,4,-0.006024200319675918,-0.5082665803562694
99,398.0,5,-0.006024200319675918,0.5082665803562694
99,398.0,6,-0.015797338867614405,-0.6931210707843068
99,398.0,7,-0.015797338867614405,0.6931210707843068
99,398.0,8,-0.016708731940031002,-0.08389983024308938
99,398.0,9,-0.016708731940031002,0.08389983024308938
99,398.0,10,-0.0279391853502253,-0.9094245868569866
99,398.0,11,-0.0279391853502253,0.9094245868569866
99,398.0,12,-0.030778429337846726,-0.035484307084186095
99,398.0,13,-0.030778429337846726,0.035484307084186095
99,398.0,14,-0.0321754938192777,0.0
99,398.0,15,-0.039725937299358,-0.5995788741554943
99,398.0,16,-0.039725937299358,0.5995788741554943
99,398.0,17,-0.05054156323435828,-0.1490117838608554
99,398.0,18,-0.05054156323435828,0.1490117838608554
99,398.0,19,-0.05544966035007781,-1.2863430366928175
99,398.0,20,-0.05544966035007781,1.2863430366928175
99,398.0,21,-0.059972038454159556,-0.3185346219957859
99,398.0,22,-0.059972038454159556,0.3185346219957859
99,398.0,23,-0.06116939112991168,-1.0097399370708153
99,398.0,24,-0.06116939112991168,1.0097399370708153
99,398.0,25,-0.06831514640588819,-0.18898278391946055
99,398.0,26,-0.06831514640588819,0.18898278391946055
99,398.0,27,-0.06933466342083083,-0.25588352930312613
99,398.0,28,-0.06933466342083083,0.25588352930312613
99,398.0,29,-0.07528279842066411,-0.02229900472799701
99,398.0,30,-0.07528279842066411,0.02229900472799701
99,398.0,31,-0.07725624067827377,-0.3657030425133805
99,398.0,32,-0.07725624067827377,0.3657030425133805
99,398.0,33,-0.08111544399534731,-0.5101059219609759
99,398.0,34,-0.08111544399534731,0.5101059219609759
99,398.0,35,-0.08158888581605903,-0.0370385708142937
99,398.0,36,-0.08158888581605903,0.0370385708142937
99,398.0,37,-0.10255785425151076,-0.1547328189286614
99,398.0,38,-0.10255785425151076,0.1547328189286614
99,398.0,39,-0.11158675072796267,-0.6829002361581485
99,398.0,40,-0.11158675072796267,0.6829002361581485
100,399.0,1,0.06943031437699235,0.0
100,399.0,2,-0.004611976434831853,-0.10706750929168682
100,399.0,3,-0.004611976434831853,0.10706750929168682
100,399.0,4,-0.005496183507117475,-0.5079519542665154
100,399.0,5,-0.005496183507117475,0.5079519542665154
100,399.0,6,-0.015266955372489843,-0.693062762063816
100,399.0,7,-0.015266955372489843,0.693062762063816
100,399.0,8,-0.01627457231397071,-0.08348947154275368
100,399.0,9,-0.01627457231397071,0.08348947154275368
100,399.0,10,-0.027489114142047077,-0.9093303110540255
100,399.0,11,-0.027489114142047077,0.9093303110540255
100,399.0,12,-0.030640392578309243,-0.035259010928195944
100,399.0,13,-0.030640392578309243,0.035259010928195944
100,399.0,14,-0.03215357589650867,0.0
100,399.0,15,-0.039339264247614567,-0.5996221975522453
100,399.0,16,-0.039339264247614567,0.5996221975522453
100,399.0,17,-0.050106962997762225,-0.14853220338526138
100,399.0,18,-0.050106962997762225,0.14853220338526138
100,399.0,19,-0.054989979637066644,-1.2864271813763875
100,399.0,20,-0.054989979637066644,1.2864271813763875
100,399.0,21,-0.05972257141380855,-0.31871375548164943
100,399.0,22,-0.05972257141380855,0.31871375548164943
100,399.0,23,-0.0603905882323747,-1.0095309700360589
100,399.0,24,-0.0603905882323747,1.0095309700360589
100,399.0,25,-0.06807531025453703,-0.18921450439739596
100,399.0,26,-0.06807531025453703,0.18921450439739596
100,399.0,27,-0.0687649825199989,-0.25565131921611595
100,399.0,28,-0.0687649825199989,0.25565131921611595
100,399.0,29,-0.0750348575911377,-0.022403687974495778
100,399.0,30,-0.0750348575911377,0.022403687974495778
100,399.0,31,-0.07674168177478408,-0.3656518980649937
100,399.0,32,-0.07674168177478408,0.3656518980649937
100,399.0,33,-0.08070028318358467,-0.5101725537905042
100,399.0,34,-0.08070028318358467,0.5101725537905042
100,399.0,35,-0.08126343397213986,-0.03708269416146492
100,399.0,36,-0.08126343397213986,0.03708269416146492
100,399.0,37,-0.1021734099912504,-0.15471946175381454
100,399.0,38,-0.1021734099912504,0.15471946175381454
100,399.0,39,-0.11131464977676064,-0.6830569489259263
100,399.0,40,-0.11131464977676064,0.6830569489259263
101,400.0,1,0.06953348442995254,0.0
101,400.0,2,-0.004590351871420431,-0.10733222430760227
101,400.0,3,-0.004590351871420431,0.10733222430760227
101,400.0,4,-0.004971063480820978,-0.5076352635112935
101,400.0,5,-0.004971063480820978,0.5076352635112935
101,400.0,6,-0.014736379280783342,-0.6930041935725767
101,400.0,7,-0.014736379280783342,0.6930041935725767
101,400.0,8,-0.015854950156152993,-0.08308402901686486
101,400.0,9,-0.015854950156152993,0.08308402901686486
101,400.0,10,-0.027041147141043942,-0.9092343351644703
101,400.0,11,-0.027041147141043942,0.9092343351644703
101,400.0,12,-0.03050193233002492,-0.03503114674061897
101,400.0,13,-0.03050193233002492,0.03503114674061897
101,400.0,14,-0.0321325163110666,0.0
101,400.0,15,-0.03895543702883867,-0.5996647511732189
101,400.0,16,-0.03895543702883867,0.5996647511732189
101,400.0,17,-0.04968268983954112,-0.14805965878583877
101,400.0,18,-0.04968268983954112,0.14805965878583877
101,400.0,19,-0.05453169298397231,-1.2865089281206736
101,400.0,20,-0.05453169298397231,1.2865089281206736
101,400.0,21,-0.05947332717213699,-0.31889144307498607
101,400.0,22,-0.05947332717213699,0.31889144307498607
101,400.0,23,-0.059615250698843714,-1.009319320292997
101,400.0,24,-0.059615250698843714,1.009319320292997
101,400.0,25,-0.06783590465207756,-0.1894357895758746
101,400.0,26,-0.06783590465207756,0.1894357895758746
101,400.0,27,-0.06820101806953904,-0.25542004651899497
101,400.0,28,-0.06820101806953904,0.25542004651899497
101,400.0,29,-0.07478841415742832,-0.022506818525198372
101,400.0,30,-0.07478841415742832,0.022506818525198372
101,400.0,31,-0.07623186818052377,-0.36559870865580957
101,400.0,32,-0.07623186818052377,0.36559870865580957
101,400.0,33,-0.08028771169164184,-0.5102365332541309
101,400.0,34,-0.08028771169164184,0.5102365332541309
101,400.0,35,-0.08093909907831484,-0.037127833006481974
101,400.0,36,-0.08093909907831484,0.037127833006481974
101,400.0,37,-0.10178581626218657,-0.15470519663154708
101,400.0,38,-0.10178581626218657,0.15470519663154708
101,400.0,39,-0.11104346049254758,-0.6832140057093563
101,400.0,40,-0.11104346049254758,0.6832140057093563
102,401.0,1,0.06963815680784503,0.0
102,401.0,2,-0.004448827889432988,-0.5073164621917553
102,401.0,3,-0.004448827889432988,0.5073164621917553
102,401.0,4,-0.00456096629909399,-0.10759011937493088
102,401.0,5,-0.00456096629909399,0.10759011937493088
102,401.0,6,-0.01420561586998334,-0.6929452903370272
102,401.0,7,-0.01420561586998334,0.6929452903370272
102,401.0,8,-0.015449007791078282,-0.0826840131863173
102,401.0,9,-0.015449007791078282,0.0826840131863173
102,401.0,10,-0.026595268306316033,-0.9091366378622745
102,401.0,11,-0.026595268306316033,0.9091366378622745
102,401.0,12,-0.03036303794786578,-0.03480069654544178
102,401.0,13,-0.03036303794786578,0.03480069654544178
102,401.0,14,-0.032112358308203325,0.0
102,401.0,15,-0.038574453793869395,-0.5997065574376312
102,401.0,16,-0.038574453793869395,0.5997065574376312
102,401.0,17,-0.0492684295616958,-0.14759379047434854
102,401.0,18,-0.0492684295616958,0.14759379047434854
102,401.0,19,-0.05407478737452387,-1.2865882825113837
102,401.0,20,-0.05407478737452387,1.2865882825113837
102,401.0,21,-0.05884333337538328,-1.009104962615714
102,401.0,22,-0.05884333337538328,1.009104962615714
102,401.0,23,-0.05922432912784792,-0.3190676780981419
102,401.0,24,-0.05922432912784792,0.3190676780981419
102,401.0,25,-0.06759713343077328,-0.18964699742412153
102,401.0,26,-0.06759713343077328,0.18964699742412153
102,401.0,27,-0.06764261728843397,-0.25518976594650483
102,401.0,28,-0.06764261728843397,0.25518976594650483
102,401.0,29,-0.07454345867158221,-0.022608398584693126
102,401.0,30,-0.07454345867158221,0.022608398584693126
102,401.0,31,-0.07572673959542092,-0.3655435115474579
102,401.0,32,-0.07572673959542092,0.3655435115474579
102,401.0,33,-0.07987770812610698,-0.5102978936868381
102,401.0,34,-0.07987770812610698,0.5102978936868381
102,401.0,35,-0.08061583224195065,-0.03717398518577284
102,401.0,36,-0.08061583224195065,0.03717398518577284
102,401.0,37,-0.10139509058943404,-0.15469000107824107
102,401.0,38,-0.10139509058943404,0.15469000107824107
102,401.0,39,-0.11077311292419219,-0.6833713797224822
102,401.0,40,-0.11077311292419219,0.6833713797224822
103,402.0,1,0.06974436110741822,0.0
103,402.0,2,-0.003929464771431357,-0.5069955030394865
103,402.0,3,-0.003929464771431357,0.5069955030394865
103,402.0,4,-0.004524658123947911,-0.10784065917374644
103,402.0,5,-0.004524658123947911,0.10784065917374644
103,402.0,6,-0.013674671160598326,-0.6928859779887327
103,402.0,7,-0.013674671160598326,0.6928859779887327
103,402.0,8,-0.015055907987760932,-0.0822897979071324
103,402.0,9,-0.015055907987760932,0.0822897979071324
103,402.0,10,-0.02615146174071703,-0.9090371969936016
103,402.0,11,-0.02615146174071703,0.9090371969936016
103,402.0,12,-0.030223699035380934,-0.03456763880914608
103,402.0,13,-0.030223699035380934,0.03456763880914608
103,402.0,14,-0.032093148150216536,0.0
103,402.0,15,-0.03819631297696467,-0.5997476389084121
103,402.0,16,-0.03819631297696467,0.5997476389084121
103,402.0,17,-0.048863887041107085,-0.14713427556383946
103,402.0,18,-0.048863887041107085,0.14713427556383946
103,402.0,19,-0.053619249647521953,-1.2866652496883968
103,402.0,20,-0.053619249647521953,1.2866652496883968
103,402.0,21,-0.05807479128296017,-1.0088878702711128
103,402.0,22,-0.05807479128296017,1.0088878702711128
103,402.0,23,-0.058975599856454786,-0.3192424547839866
103,402.0,24,-0.058975599856454786,0.3192424547839866
103,402.0,25,-0.06708963272748347,-0.254960530388851
103,402.0,26,-0.06708963272748347,0.254960530388851
103,402.0,27,-0.06735918402181112,-0.18984844533544332
103,402.0,28,-0.06735918402181112,0.18984844533544332
103,402.0,29,-0.07429997993970092,-0.02270843025390693
103,402.0,30,-0.07429997993970092,0.02270843025390693
103,402.0,31,-0.07522623738605351,-0.3654863416589686
103,402.0,32,-0.07522623738605351,0.3654863416589686
103,402.0,33,-0.07947025105142505,-0.5103566669142112
103,402.0,34,-0.07947025105142505,0.5103566669142112
103,402.0,35,-0.08029358587367817,-0.037221148967996665
103,402.0,36,-0.08029358587367817,0.037221148967996665
103,402.0,37,-0.1010012453985209,-0.15467385654654645
103,402.0,38,-0.1010012453985209,0.15467385654654645
103,402.0,39,-0.11050353909785839,-0.6835290411016599
103,402.0,40,-0.11050353909785839,0.6835290411016599
104,403.0,1,0.06985212734103954,0.0
104,403.0,2,-0.003412962562667335,-0.5066723373387618
104,403.0,3,-0.003412962562667335,0.5066723373387618
104,403.0,4,-0.004482233309285528,-0.10808342338422236
104,403.0,5,-0.004482233309285528,0.10808342338422236
104,403.0,6,-0.013143551854650992,-0.6928261827125163
104,403.0,7,-0.013143551854650992,0.6928261827125163
104,403.0,8,-0.01467484944308597,-0.08190164184847785
104,403.0,9,-0.01467484944308597,0.08190164184847785
104,403.0,10,-0.02570971168907879,-0.9089359895316897
104,403.0,11,-0.02570971168907879,0.9089359895316897
104,403.0,12,-0.030083905285946393,-0.034331948342470074
104,403.0,13,-0.030083905285946393,0.034331948342470074
104,403.0,14,-0.032074935332315056,0.0
104,403.0,15,-0.037821013311496565,-0.5997880183045254
104,403.0,16,-0.037821013311496565,0.5997880183045254
104,403.0,17,-0.048468783731854176,-0.14668082345272712
104,403.0,18,-0.048468783731854176,0.14668082345272712
104,403.0,19,-0.053165066488508876,-1.286739834328505
104,403.0,20,-0.053165066488508876,1.286739834328505
104,403.0,21,-0.05730957958736782,-1.0086680149537626
104,403.0,22,-0.05730957958736782,1.0086680149537626
104,403.0,23,-0.0587271611265538,-0.3194157681585255
104,403.0,24,-0.0587271611265538,0.3194157681585255
104,403.0,25,-0.06654192201348672,-0.25473239115368007
104,403.0,26,-0.06654192201348672,0.25473239115368007
104,403.0,27,-0.06712222939694495,-0.1900404144800657
104,403.0,28,-0.06712222939694495,0.1900404144800657
104,403.0,29,-0.07405796500205752,-0.022806915586759555
104,403.0,30,-0.07405796500205752,0.022806915586759555
104,403.0,31,-0.07473030454720637,-0.3654272316590714
104,403.0,32,-0.07473030454720637,0.3654272316590714
104,403.0,33,-0.07906531901105719,-0.510412883273498
104,403.0,34,-0.07906531901105719,0.510412883273498
104,403.0,35,-0.07997231368864491,-0.037269323035299055
104,403.0,36,-0.07997231368864491,0.037269323035299055
104,403.0,37,-0.10060428823622297,-0.15465674839004173
104,403.0,38,-0.10060428823622297,0.15465674839004173
104,403.0,39,-0.11023467320737376,-0.683686957063406
104,403.0,40,-0.11023467320737376,0.683686957063406
105,404.0,1,0.0699614859579877,0.0
105,404.0,2,-0.0028993101046236036,-0.5063469148445625
105,404.0,3,-0.0028993101046236036,0.5063469148445625
105,404.0,4,-0.00443445615589147,-0.1083180863881637
105,404.0,5,-0.00443445615589147,0.1083180863881637
105,404.0,6,-0.012612265274578673,-0.6927658311903041
105,404.0,7,-0.012612265274578673,0.6927658311903041
105,404.0,8,-0.014305076262624413,-0.08151970869165008
105,404.0,9,-0.014305076262624413,0.08151970869165008
105,404.0,10,-0.025270002536381758,-0.9088329915290799
105,404.0,11,-0.025270002536381758,0.9088329915290799
105,404.0,12,-0.029943646318685447,-0.03409359620047811
105,404.0,13,-0.029943646318685447,0.03409359620047811
105,404.0,14,-0.032057772817945696,0.0
105,404.0,15,-0.03744855384666129,-0.5998277185135146
105,404.0,16,-0.03744855384666129,0.5998277185135146
105,404.0,17,-0.048082855485831785,-0.14623317203916222
105,404.0,18,-0.048082855485831785,0.14623317203916222
105,404.0,19,-0.05271222442095089,-1.2868120406270338
105,404.0,20,-0.05271222442095089,1.2868120406270338
105,404.0,21,-0.056547653568467,-1.0084453667168636
105,404.0,22,-0.056547653568467,1.0084453667168636
105,404.0,23,-0.05847903392033523,-0.3195876139300186
105,404.0,24,-0.05847903392033523,0.3195876139300186
105,404.0,25,-0.06599934761047546,-0.25450539821163126
105,404.0,26,-0.06599934761047546,0.25450539821163126
105,404.0,27,-0.06688642971524279,-0.1902231535048415
105,404.0,28,-0.06688642971524279,0.1902231535048415
105,404.0,29,-0.0738173991098422,-0.022903856647094923
105,404.0,30,-0.0738173991098422,0.022903856647094923
105,404.0,31,-0.07423888566465421,-0.36536621205144765
105,404.0,32,-0.07423888566465421,0.36536621205144765
105,404.0,33,-0.0786628905465599,-0.5104665716322236
105,404.0,34,-0.0786628905465599,0.5104665716322236
105,404.0,35,-0.07965197070688682,-0.037318506466145485
105,404.0,36,-0.07965197070688682,0.037318506466145485
105,404.0,37,-0.1002042219742199,-0.15463866584163302
105,404.0,38,-0.1002042219742199,0.15463866584163302
105,404.0,39,-0.10996645178765861,-0.6838450920760337
105,404.0,40,-0.10996645178765861,0.6838450920760337
106,405.0,1,0.0700724678666132,0.0
106,405.0,2,-0.0023884966533555055,-0.5060191836962002
106,405.0,3,-0.0023884966533555055,0.5060191836962002
106,405.0,4,-0.004382044613058009,-0.10854439904437589
106,405.0,5,-0.004382044613058009,0.10854439904437589
106,405.0,6,-0.012080819302632242,-0.6927048505406143
106,405.0,7,-0.012080819302632242,0.6927048505406143
106,405.0,8,-0.01394588290500989,-0.08114408525474978
106,405.0,9,-0.01394588290500989,0.08114408525474978
106,405.0,10,-0.02483231880588252,-0.9087281780671126
106,405.0,11,-0.02483231880588252,0.9087281780671126
106,405.0,12,-0.02980291150825591,-0.033852549580201806
106,405.0,13,-0.02980291150825591,0.033852549580201806
106,405.0,14,-0.03204171729562814,0.0
106,405.0,15,-0.03707893396519384,-0.5998667626043641
106,405.0,16,-0.03707893396519384,0.5998667626043641
106,405.0,17,-0.04770585064078177,-0.145791084455734
106,405.0,18,-0.04770585064078177,0.145791084455734
106,405.0,19,-0.05226070979691272,-1.2868818722784985
106,405.0,20,-0.05226070979691272,1.2868818722784985
106,405.0,21,-0.0557889685887451,-1.0082198938993567
106,405.0,22,-0.0557889685887451,1.0082198938993567
106,405.0,23,-0.05823123845776349,-0.3197579883842364
106,405.0,24,-0.05823123845776349,0.3197579883842364
106,405.0,25,-0.06546177659682478,-0.254279600426871
106,405.0,26,-0.06546177659682478,0.254279600426871
106,405.0,27,-0.06665193372357084,-0.19039688169105154
106,405.0,28,-0.06665193372357084,0.19039688169105154
106,405.0,29,-0.07357826569864216,-0.022999255566267477
106,405.0,30,-0.07357826569864216,0.022999255566267477
106,405.0,31,-0.07375192687922105,-0.365303311253532
106,405.0,32,-0.07375192687922105,0.365303311253532
106,405.0,33,-0.07826294421479058,-0.5105177594044631
106,405.0,34,-0.07826294421479058,0.5105177594044631
106,405.0,35,-0.07933251325277522,-0.03736869871936725
106,405.0,36,-0.07933251325277522,0.03736869871936725
106,405.0,37,-0.09980104499776621,-0.15461960200473676
106,405.0,38,-0.09980104499776621,0.15461960200473676
106,405.0,39,-0.1096988138700603,-0.6840034080431286
106,405.0,40,-0.1096988138700603,0.6840034080431286
107,406.0,1,0.0701851044573968,0.0
107,406.0,2,-0.0018805118891892791,-0.5056890903261685
107,406.0,3,-0.0018805118891892791,0.5056890903261685
107,406.0,4,-0.004325668852921124,-0.10876217285634604
107,406.0,5,-0.004325668852921124,0.10876217285634604
107,406.0,6,-0.011549222320885809,-0.6926431682535412
107,406.0,7,-0.011549222320885809,0.6926431682535412
107,406.0,8,-0.01359661585654366,-0.08077479722384892
107,406.0,9,-0.01359661585654366,0.08077479722384892
107,406.0,10,-0.024396645157136826,-0.9086215232024145
107,406.0,11,-0.024396645157136826,0.9086215232024145
107,406.0,12,-0.029661689807547853,-0.03360877171561072
107,406.0,13,-0.029661689807547853,0.03360877171561072
107,406.0,14,-0.03202682945950772,0.0
107,406.0,15,-0.03671215340219173,-0.5999051738406699
107,406.0,16,-0.03671215340219173,0.5999051738406699
107,406.0,17,-0.047337528334917056,-0.14535434623673385
107,406.0,18,-0.047337528334917056,0.14535434623673385
107,406.0,19,-0.051810508787145645,-1.2869493324558947
107,406.0,20,-0.051810508787145645,1.2869493324558947
107,406.0,21,-0.05503348006112291,-1.0079915630486282
107,406.0,22,-0.05503348006112291,1.0079915630486282
107,406.0,23,-0.0579837942238082,-0.3199268882852633
107,406.0,24,-0.0579837942238082,0.3199268882852633
107,406.0,25,-0.0649290804572845,-0.25405504577402793
107,406.0,26,-0.0649290804572845,0.25405504577402793
107,406.0,27,-0.06641887995003415,-0.19056179165919127
107,406.0,28,-0.06641887995003415,0.19056179165919127
107,406.0,29,-0.07326937585214634,-0.365238555668998
107,406.0,30,-0.07326937585214634,0.365238555668998
107,406.0,31,-0.07334054635866344,-0.023093114601713167
107,406.0,32,-0.07334054635866344,0.023093114601713167
107,406.0,33,-0.07786545860326571,-0.5105664725646567
107,406.0,34,-0.07786545860326571,0.5105664725646567
107,406.0,35,-0.07901389895350122,-0.03741989961913254
107,406.0,36,-0.07901389895350122,0.03741989961913254
107,406.0,37,-0.09939475138152754,-0.1545995538564313
107,406.0,38,-0.09939475138152754,0.1545995538564313
107,406.0,39,-0.10943170111874306,-0.6841618644967278
107,406.0,40,-0.10943170111874306,0.6841618644967278
108,407.0,1,0.07029942762708621,0.0
108,407.0,2,-0.0013753459272193985,-0.5053565793638047
108,407.0,3,-0.0013753459272193985,0.5053565793638047
108,407.0,4,-0.004265952085355096,-0.10897126654598939
108,407.0,5,-0.004265952085355096,0.10897126654598939
108,407.0,6,-0.011017483151807145,-0.6925807121210085
108,407.0,7,-0.011017483151807145,0.6925807121210085
108,407.0,8,-0.013256673058386927,-0.08041182247583534
108,407.0,9,-0.013256673058386927,0.08041182247583534
108,407.0,10,-0.02396296638397885,-0.9085129999101093
108,407.0,11,-0.02396296638397885,0.9085129999101093
108,407.0,12,-0.029519969562225395,-0.033362221769184665
108,407.0,13,-0.029519969562225395,0.033362221769184665
108,407.0,14,-0.03201317431620241,0.0
108,407.0,15,-0.036348212265100655,-0.5999429756942232
108,407.0,16,-0.036348212265100655,0.5999429756942232
108,407.0,17,-0.046977657014602305,-0.14492276284715158
108,407.0,18,-0.046977657014602305,0.14492276284715158
108,407.0,19,-0.05136160737058537,-1.2870144237888779
108,407.0,20,-0.05136160737058537,1.2870144237888779
108,407.0,21,-0.05428114341576468,-1.0077603388387357
108,407.0,22,-0.05428114341576468,1.0077603388387357
108,407.0,23,-0.05773671999828671,-0.3200943107814836
108,407.0,24,-0.05773671999828671,0.3200943107814836
108,407.0,25,-0.06440113488900692,-0.2538317815428176
108,407.0,26,-0.06440113488900692,0.2538317815428176
108,407.0,27,-0.06618739772230126,-0.1907180516929149
108,407.0,28,-0.06618739772230126,0.1907180516929149
108,407.0,29,-0.07279118173175911,-0.3651719697543603
108,407.0,30,-0.07279118173175911,0.3651719697543603
108,407.0,31,-0.07310422080180227,-0.0231854361968741
108,407.0,32,-0.07310422080180227,0.0231854361968741
108,407.0,33,-0.07747041234387161,-0.510612735658854
108,407.0,34,-0.07747041234387161,0.510612735658854
108,407.0,35,-0.07869608673639589,-0.03747210934057015
108,407.0,36,-0.07869608673639589,0.03747210934057015
108,407.0,37,-0.09898533105413651,-0.15457852226185936
108,407.0,38,-0.09898533105413651,0.15457852226185936
108,407.0,39,-0.10916505794744814,-0.6843204187981591
108,407.0,40,-0.10916505794744814,0.6843204187981591
109,408.0,1,0.07041546980389861,0.0
109,408.0,2,-0.0008729893286296281,-0.5050215935334857
109,408.0,3,-0.0008729893286296281,0.5050215935334857
109,408.0,4,-0.004203472827195359,-0.10917157487245366
109,408.0,5,-0.004203472827195359,0.10917157487245366
109,408.0,6,-0.010485610999508302,-0.692517410161963
109,408.0,7,-0.010485610999508302,0.692517410161963
109,408.0,8,-0.012925501871960968,-0.08005510215292443
109,408.0,9,-0.012925501871960968,0.08005510215292443
109,408.0,10,-0.02353126741238254,-0.9084025800236423
109,408.0,11,-0.02353126741238254,0.9084025800236423
109,408.0,12,-0.029377738315759655,-0.033112854719765134
109,408.0,13,-0.029377738315759655,0.033112854719765134
109,408.0,14,-0.032000821520704464,0.0
109,408.0,15,-0.035987111054923776,-0.5999801918589809
109,408.0,16,-0.035987111054923776,0.5999801918589809
109,408.0,17,-0.04662601310796205,-0.14449615751629166
109,408.0,18,-0.04662601310796205,0.14449615751629166
109,408.0,19,-0.050913991323207744,-1.2870771483405434
109,408.0,20,-0.050913991323207744,1.2870771483405434
109,408.0,21,-0.05353191406598892,-1.0075261839835685
109,408.0,22,-0.05353191406598892,1.0075261839835685
109,408.0,23,-0.05749003388792806,-0.32026025331620017
109,408.0,24,-0.05749003388792806,0.32026025331620017
109,408.0,25,-0.06387781962074596,-0.2536098545314871
109,408.0,26,-0.06387781962074596,0.2536098545314871
109,408.0,27,-0.06595760803664338,-0.19086580774064857
109,408.0,28,-0.06595760803664338,0.19086580774064857
109,408.0,29,-0.07231729512149584,-0.3651035760799256
109,408.0,30,-0.07231729512149584,0.3651035760799256
109,408.0,31,-0.07286926682551012,-0.02327622304283043
109,408.0,32,-0.07286926682551012,0.02327622304283043
109,408.0,33,-0.07707778412492619,-0.5106565718133625
109,408.0,34,-0.07707778412492619,0.5106565718133625
109,408.0,35,-0.07837903682503153,-0.037525328395803394
109,408.0,36,-0.07837903682503153,0.037525328395803394
109,408.0,37,-0.09857276995307085,-0.15455651199918416
109,408.0,38,-0.09857276995307085,0.15455651199918416
109,408.0,39,-0.10889883161634135,-0.684479026344277
109,408.0,40,-0.10889883161634135,0.684479026344277
110,409.0,1,0.07053326397396184,0.0
110,409.0,2,-0.00037343311290979203,-0.5046840735468233
110,409.0,3,-0.00037343311290979203,0.5046840735468233
110,409.0,4,-0.00413876804525464,-0.10936301944878887
110,409.0,5,-0.00413876804525464,0.10936301944878887
110,409.0,6,-0.00995361539169233,-0.6924531905425271
110,409.0,7,-0.00995361539169233,0.6924531905425271
110,409.0,8,-0.01260259616261623,-0.07970454973453218
110,409.0,9,-0.01260259616261623,0.07970454973453218
110,409.0,10,-0.023101533298253457,-0.9082902341708136
110,409.0,11,-0.023101533298253457,0.9082902341708136
110,409.0,12,-0.029234982603607407,-0.03286062124635381
110,409.0,13,-0.029234982603607407,0.03286062124635381
110,409.0,14,-0.03198984574449605,0.0
110,409.0,15,-0.03562885068875195,-0.6000168462656083
110,409.0,16,-0.03562885068875195,0.6000168462656083
110,409.0,17,-0.046282379842013194,-0.14407436932955253
110,409.0,18,-0.046282379842013194,0.14407436932955253
110,409.0,19,-0.05046764620616431,-1.2871375075826197
110,409.0,20,-0.05046764620616431,1.2871375075826197
110,409.0,21,-0.052785747372979364,-1.0072890591448158
110,409.0,22,-0.052785747372979364,1.0072890591448158
110,409.0,23,-0.05724375336028956,-0.3204247135424198
110,409.0,24,-0.05724375336028956,0.3204247135424198
110,409.0,25,-0.0633590182444872,-0.2533893112302073
110,409.0,26,-0.0633590182444872,0.2533893112302073
110,409.0,27,-0.06572962429899541,-0.19100518514278514
110,409.0,28,-0.06572962429899541,0.19100518514278514
110,409.0,29,-0.07184766804929194,-0.3650333953853331
110,409.0,30,-0.07184766804929194,0.3650333953853331
110,409.0,31,-0.07263566027351087,-0.023365478141967013
110,409.0,32,-0.07263566027351087,0.023365478141967013
110,409.0,33,-0.07668755270177971,-0.5106980027406715
110,409.0,34,-0.07668755270177971,0.5106980027406715
110,409.0,35,-0.07806271073394869,-0.03757955762010855
110,409.0,36,-0.07806271073394869,0.03757955762010855
110,409.0,37,-0.09815705017110721,-0.15453353179456442
110,409.0,38,-0.09815705017110721,0.15453353179456442
110,409.0,39,-0.10863297230873468,-0.6846376407769744
110,409.0,40,-0.10863297230873468,0.6846376407769744
111,410.0,1,0.0706528437090242,0.0
111,410.0,2,0.00012333122899281512,-0.5043439579885222
111,410.0,3,0.00012333122899281512,0.5043439579885222
111,410.0,4,-0.004072336759201364,-0.10954554128012736
111,410.0,5,-0.004072336759201364,0.10954554128012736
111,410.0,6,-0.009421506122329532,-0.692387981490613
111,410.0,7,-0.009421506122329532,0.692387981490613
111,410.0,8,-0.012287492915096013,-0.07936005838136106
111,410.0,9,-0.012287492915096013,0.07936005838136106
111,410.0,10,-0.022673749225094075,-0.9081759317058044
111,410.0,11,-0.022673749225094075,0.9081759317058044
111,410.0,12,-0.029091687734818534,-0.032605467607499626
111,410.0,13,-0.029091687734818534,0.032605467607499626
111,410.0,14,-0.031980327079358564,0.0
111,410.0,15,-0.03527343252365239,-0.6000529630965117
111,410.0,16,-0.03527343252365239,0.6000529630965117
111,410.0,17,-0.045946546184812205,-0.14365725154043973
111,410.0,18,-0.045946546184812205,0.14365725154043973
111,410.0,19,-0.050022557353215924,-1.2871955023692625
111,410.0,20,-0.050022557353215924,1.2871955023692625
111,410.0,21,-0.05204259860931844,-1.0070489228341788
111,410.0,22,-0.05204259860931844,1.0070489228341788
111,410.0,23,-0.05699789527927436,-0.32058768924137016
111,410.0,24,-0.05699789527927436,0.32058768924137016
111,410.0,25,-0.06284461805876203,-0.25317019799539603
111,410.0,26,-0.06284461805876203,0.25317019799539603
111,410.0,27,-0.06550355295546292,-0.19113629012402636
111,410.0,28,-0.06550355295546292,0.19113629012402636
111,410.0,29,-0.07138225393830437,-0.36496144662993985
111,410.0,30,-0.07138225393830437,0.36496144662993985
111,410.0,31,-0.07240337499329652,-0.023453204874043128
111,410.0,32,-0.07240337499329652,0.023453204874043128
111,410.0,33,-0.07629969690596211,-0.5107370487425642
111,410.0,34,-0.07629969690596211,0.5107370487425642
111,410.0,35,-0.07774707126184455,-0.0376347981579987
111,410.0,36,-0.07774707126184455,0.0376347981579987
111,410.0,37,-0.0977381500954565,-0.15450959436657907
111,410.0,38,-0.0977381500954565,0.15450959436657907
111,410.0,39,-0.1083674331878961,-0.6847962141939552
111,410.0,40,-0.1083674331878961,0.6847962141939552
112,411.0,1,0.07077424319558799,0.0
112,411.0,2,0.0006173117205132139,-0.5040011831953475
112,411.0,3,0.0006173117205132139,0.5040011831953475
112,411.0,4,-0.004004643819173433,-0.10971909475114851
112,411.0,5,-0.004004643819173433,0.10971909475114851
112,411.0,6,-0.008889293195078252,-0.6923217112048546
112,411.0,7,-0.008889293195078252,0.6923217112048546
112,411.0,8,-0.011979768665667767,-0.07902150682199265
112,411.0,9,-0.011979768665667767,0.07902150682199265
112,411.0,10,-0.02224790050155606,-0.908059640636851
112,411.0,11,-0.02224790050155606,0.908059640636851
112,411.0,12,-0.028947837559273285,-0.032347335516132864
112,411.0,13,-0.028947837559273285,0.032347335516132864
112,411.0,14,-0.03197235148076883,0.0
112,411.0,15,-0.034920858382054165,-0.6000885668014609
112,411.0,16,-0.034920858382054165,0.6000885668014609
112,411.0,17,-0.0456183058972251,-0.1432446700719543
112,411.0,18,-0.0456183058972251,0.1432446700719543
112,411.0,19,-0.04957870985733187,-1.2872511329089313
112,411.0,20,-0.04957870985733187,1.2872511329089313
112,411.0,21,-0.051302422921123525,-1.0068057313094474
112,411.0,22,-0.051302422921123525,1.0068057313094474
112,411.0,23,-0.056752475942004596,-0.3207491782442488
112,411.0,24,-0.056752475942004596,0.3207491782442488
112,411.0,25,-0.06233450992304454,-0.25295256121588705
112,411.0,26,-0.06233450992304454,0.25295256121588705
112,411.0,27,-0.06527949402677168,-0.19125921108358926
112,411.0,28,-0.06527949402677168,0.19125921108358926
112,411.0,29,-0.07092100757902153,-0.36488774703819415
112,411.0,30,-0.07092100757902153,0.36488774703819415
112,411.0,31,-0.07217238279038818,-0.023539407064999712
112,411.0,32,-0.07217238279038818,0.023539407064999712
112,411.0,33,-0.07591419565298851,-0.510773728710319
112,411.0,34,-0.07591419565298851,0.510773728710319
112,411.0,35,-0.07743208248310132,-0.0376910514490728
112,411.0,36,-0.07743208248310132,0.0376910514490728
112,411.0,37,-0.09731604454053916,-0.15448471647964926
112,411.0,38,-0.09731604454053916,0.15448471647964926
112,411.0,39,-0.10810217043428964,-0.6849546973586019
112,411.0,40,-0.10810217043428964,0.6849546973586019
113,412.0,1,0.0708974972655953,0.0
113,412.0,2,0.0011085158842470272,-0.5036556831275792
113,412.0,3,0.0011085158842470272,0.5036556831275792
113,412.0,4,-0.003936123668758276,-0.10988364281263256
113,412.0,5,-0.003936123668758276,0.10988364281263256
113,412.0,6,-0.008356986767446707,-0.6922543077574934
113,412.0,7,-0.008356986767446707,0.6922543077574934
113,412.0,8,-0.011679035939970283,-0.07868876402994658
113,412.0,9,-0.011679035939970283,0.07868876402994658
113,412.0,10,-0.02182397255885335,-0.90794132754923
113,412.0,11,-0.02182397255885335,0.90794132754923
113,412.0,12,-0.02880341421856676,-0.03208616200978725
113,412.0,13,-0.02880341421856676,0.03208616200978725
113,412.0,14,-0.03196601125526512,0.0
113,412.0,15,-0.034571130578675696,-0.6001236821139069
113,412.0,16,-0.034571130578675696,0.6001236821139069
113,412.0,17,-0.04529745668134803,-0.14283650218199506
113,412.0,18,-0.04529745668134803,0.14283650218199506
113,412.0,19,-0.049136088556434226,-1.2873043987346504
113,412.0,20,-0.049136088556434226,1.2873043987346504
113,412.0,21,-0.0505651752886305,-1.006559438463942
113,412.0,22,-0.0505651752886305,1.006559438463942
113,412.0,23,-0.056507511116879745,-0.3209091783567389
113,412.0,24,-0.056507511116879745,0.3209091783567389
113,412.0,25,-0.0618285881225845,-0.25273644747193014
113,412.0,26,-0.0618285881225845,0.25273644747193014
113,412.0,27,-0.06505754155871007,-0.19137401971042967
113,412.0,28,-0.06505754155871007,0.19137401971042967
113,412.0,29,-0.07046388510274153,-0.36481231214021875
113,412.0,30,-0.07046388510274153,0.36481231214021875
113,412.0,31,-0.0719426533792378,-0.023624089058879624
113,412.0,32,-0.0719426533792378,0.023624089058879624
113,412.0,33,-0.0755310279488586,-0.5108080601218775
113,412.0,34,-0.0755310279488586,0.5108080601218775
113,412.0,35,-0.07711770973736881,-0.03774831921338182
113,412.0,36,-0.07711770973736881,0.03774831921338182
113,412.0,37,-0.09689070487513929,-0.15445891900610167
113,412.0,38,-0.09689070487513929,0.15445891900610167
113,412.0,39,-0.10783714326384286,-0.6851130399071239
113,412.0,40,-0.10783714326384286,0.6851130399071239
114,413.0,1,0.07102264142874377,0.0
114,413.0,2,0.0015969507255733512,-0.503307389232533
114,413.0,3,0.0015969507255733512,0.503307389232533
114,413.0,4,-0.003867183973936883,-0.1100391531465346
114,413.0,5,-0.003867183973936883,0.1100391531465346
114,413.0,6,-0.00782459709575535,-0.6921856989907977
114,413.0,7,-0.00782459709575535,0.6921856989907977
114,413.0,8,-0.011384939816008927,-0.0783616929095747
114,413.0,9,-0.011384939816008927,0.0783616929095747
114,413.0,10,-0.0214019509480321,-0.9078209575231106
114,413.0,11,-0.0214019509480321,0.9078209575231106
114,413.0,12,-0.028658397878142047,-0.031821879316250086
114,413.0,13,-0.028658397878142047,0.031821879316250086
114,413.0,14,-0.0319614055965967,0.0
114,413.0,15,-0.03422425194912298,-0.6001583340679373
114,413.0,16,-0.03422425194912298,0.6001583340679373
114,413.0,17,-0.044983799414899064,-0.14243263527211786
114,413.0,18,-0.044983799414899064,0.14243263527211786
114,413.0,19,-0.04869467801822103,-1.2873552986719912
114,413.0,20,-0.04869467801822103,1.2873552986719912
114,413.0,21,-0.049830810485191196,-1.0063099957088726
114,413.0,22,-0.049830810485191196,1.0063099957088726
114,413.0,23,-0.056263016082674644,-0.32106768728584806
114,413.0,24,-0.056263016082674644,0.32106768728584806
114,413.0,25,-0.061326750243123146,-0.2525219036877101
114,413.0,26,-0.061326750243123146,0.2525219036877101
114,413.0,27,-0.06483778399842845,-0.1914807719463977
114,413.0,28,-0.06483778399842845,0.1914807719463977
114,413.0,29,-0.07001084395641416,-0.36473515580770316
114,413.0,30,-0.07001084395641416,0.36473515580770316
114,413.0,31,-0.07171415433067371,-0.02370725579318689
114,413.0,32,-0.07171415433067371,0.02370725579318689
114,413.0,33,-0.0751501728953448,-0.5108400590357709
114,413.0,34,-0.0751501728953448,0.5108400590357709
114,413.0,35,-0.07680391961716648,-0.03780660343623188
114,413.0,36,-0.07680391961716648,0.03780660343623188
114,413.0,37,-0.09646209914462392,-0.1544322269964097
114,413.0,38,-0.09646209914462392,0.1544322269964097
114,413.0,39,-0.10757231392797884,-0.6852711905511015
114,413.0,40,-0.10757231392797884,0.6852711905511015
115,414.0,1,0.07114971190661144,0.0
115,414.0,2,0.0020826227150821525,-0.5029562302993364
115,414.0,3,0.0020826227150821525,0.5029562302993364
115,414.0,4,-0.0037982090474404364,-0.1101855951205729
115,414.0,5,-0.0037982090474404364,0.1101855951205729
115,414.0,6,-0.007292134480813006,-0.6921158124067835
115,414.0,7,-0.007292134480813006,0.6921158124067835
115,414.0,8,-0.011097154682754053,-0.07804015317696289
115,414.0,9,-0.011097154682754053,0.07804015317696289
115,414.0,10,-0.02098182133705709,-0.9076984940460137
115,414.0,11,-0.02098182133705709,0.9076984940460137
115,414.0,12,-0.028512766438215244,-0.03155441471499377
115,414.0,13,-0.028512766438215244,0.03155441471499377
115,414.0,14,-0.03195864117608487,0.0
115,414.0,15,-0.033880225880251566,-0.6001925480160614
115,414.0,16,-0.033880225880251566,0.6001925480160614
115,414.0,17,-0.04467713746226415,-0.1420329658227598
115,414.0,18,-0.04467713746226415,0.1420329658227598
115,414.0,19,-0.04825446252396609,-1.2874038308052251
115,414.0,20,-0.04825446252396609,1.2874038308052251
115,414.0,21,-0.04909928303430919,-1.0060573518479095
115,414.0,22,-0.04909928303430919,1.0060573518479095
115,414.0,23,-0.056019005668582394,-0.32122470256861047
115,414.0,24,-0.056019005668582394,0.32122470256861047
115,414.0,25,-0.060828897054909105,-0.2523089772782711
115,414.0,26,-0.060828897054909105,0.2523089772782711
115,414.0,27,-0.06462030450502304,-0.19157950881633143
115,414.0,28,-0.06462030450502304,0.19157950881633143
115,414.0,29,-0.0695618428788527,-0.3646562902852655
115,414.0,30,-0.0695618428788527,0.3646562902852655
115,414.0,31,-0.07148685101571717,-0.02378891287809308
115,414.0,32,-0.07148685101571717,0.02378891287809308
115,414.0,33,-0.07477160969406173,-0.5108697400818125
115,414.0,34,-0.07477160969406173,0.5108697400818125
115,414.0,35,-0.07649067995315639,-0.037865906352247396
115,414.0,36,-0.07649067995315639,0.037865906352247396
115,414.0,37,-0.09603019218869296,-0.15440466975746356
115,414.0,38,-0.09603019218869296,0.15440466975746356
115,414.0,39,-0.10730764769639944,-0.6854290972738922
115,414.0,40,-0.10730764769639944,0.6854290972738922
116,415.0,1,0.07127874566876322,0.0
116,415.0,2,0.0025655377696641862,-0.5026021323043277
116,415.0,3,0.0025655377696641862,0.5026021323043277
116,415.0,4,-0.003729563032240129,-0.11032293737312636
116,415.0,5,-0.003729563032240129,0.11032293737312636
116,415.0,6,-0.0067596092143662745,-0.6920445750495646
116,415.0,7,-0.0067596092143662745,0.6920445750495646
116,415.0,8,-0.010815381230935929,-0.07772400359209762
116,415.0,9,-0.010815381230935929,0.07772400359209762
116,415.0,10,-0.020563569507743767,-0.9075738989191492
116,415.0,11,-0.020563569507743767,0.9075738989191492
116,415.0,12,-0.02836649522061712,-0.03128369039477432
116,415.0,13,-0.02836649522061712,0.03128369039477432
116,415.0,14,-0.031957832793239487,0.0
116,415.0,15,-0.03353905634242588,-0.6002263496477427
116,415.0,16,-0.03353905634242588,0.6002263496477427
116,415.0,17,-0.0443772760543572,-0.14163739844120846
116,415.0,18,-0.0443772760543572,0.14163739844120846
116,415.0,19,-0.047815426051247556,-1.287449992440823
116,415.0,20,-0.047815426051247556,1.287449992440823
116,415.0,21,-0.04837054716473946,-1.0058014529434254
116,415.0,22,-0.04837054716473946,1.0058014529434254
116,415.0,23,-0.05577549429516109,-0.321380221502164
116,415.0,24,-0.05577549429516109,0.321380221502164
116,415.0,25,-0.06033493240554498,-0.25209771629157995
116,415.0,26,-0.06033493240554498,0.25209771629157995
116,415.0,27,-0.064405181201424,-0.1916702571414243
116,415.0,28,-0.064405181201424,0.1916702571414243
116,415.0,29,-0.06911684187833167,-0.36457572621732154
116,415.0,30,-0.06911684187833167,0.36457572621732154
116,415.0,31,-0.07126070654555257,-0.023869066679837188
116,415.0,32,-0.07126070654555257,0.023869066679837188
116,415.0,33,-0.07439531764943016,-0.5108971164481834
116,415.0,34,-0.07439531764943016,0.5108971164481834
116,415.0,35,-0.07617795979698308,-0.03792623042864382
116,415.0,36,-0.07617795979698308,0.03792623042864382
116,415.0,37,-0.09559494575502481,-0.15437628093847988
116,415.0,38,-0.09559494575502481,0.15437628093847988
116,415.0,39,-0.10704311282368188,-0.685586707519242
116,415.0,40,-0.10704311282368188,0.685586707519242
117,416.0,1,0.07140978047090482,0.0
117,416.0,2,0.0030457012322275163,-0.5022450182463315
117,416.0,3,0.0030457012322275163,0.5022450182463315
117,416.0,4,-0.00366159283038198,-0.11045114589647803
117,416.0,5,-0.00366159283038198,0.11045114589647803
117,416.0,6,-0.006227031526262507,-0.691971913380059
117,416.0,7,-0.006227031526262507,0.691971913380059
117,416.0,8,-0.010539343689995461,-0.07741310367116987
117,416.0,9,-0.010539343689995461,0.07741310367116987
117,416.0,10,-0.02014718135243343,-0.907447132157458
117,416.0,11,-0.02014718135243343,0.907447132157458
117,416.0,12,-0.028219556628378214,-0.031009623308358526
117,416.0,13,-0.028219556628378214,0.031009623308358526
117,416.0,14,-0.03195910409326101,0.0
117,416.0,15,-0.03320074792377785,-0.6002597650088284
117,416.0,16,-0.03320074792377785,0.6002597650088284
117,416.0,17,-0.04408402173070619,-0.1412458450112736
117,416.0,18,-0.04408402173070619,0.1412458450112736
117,416.0,19,-0.04737755225549366,-1.2874937800686355
117,416.0,20,-0.04737755225549366,1.2874937800686355
117,416.0,21,-0.04764455676327639,-1.0055422421737754
117,416.0,22,-0.04764455676327639,1.0055422421737754
117,416.0,23,-0.05553249601612884,-0.321534241074832
117,416.0,24,-0.05553249601612884,0.321534241074832
117,416.0,25,-0.05984476312110373,-0.25188816954639576
117,416.0,26,-0.05984476312110373,0.25188816954639576
117,416.0,27,-0.06419248737334217,-0.1917530301493685
117,416.0,28,-0.06419248737334217,0.1917530301493685
117,416.0,29,-0.06867580221152615,-0.36449347267064475
117,416.0,30,-0.06867580221152615,0.36449347267064475
117,416.0,31,-0.07103568170739663,-0.023947724408713168
117,416.0,32,-0.07103568170739663,0.023947724408713168
117,416.0,33,-0.0740212761704824,-0.5109221998649126
117,416.0,34,-0.0740212761704824,0.5109221998649126
117,416.0,35,-0.0758657294014567,-0.03798757834758716
117,416.0,36,-0.0758657294014567,0.03798757834758716
117,416.0,37,-0.09515631860907325,-0.15434709862454604
117,416.0,38,-0.09515631860907325,0.15434709862454604
117,416.0,39,-0.10677868050085322,-0.685743968370955
117,416.0,40,-0.10677868050085322,0.685743968370955
118,417.0,1,0.07154285489540238,0.0
118,417.0,2,0.003523117849877258,-0.5018848079708276
118,417.0,3,0.003523117849877258,0.5018848079708276
118,417.0,4,-0.0035946307787209216,-0.11057018250933462
118,417.0,5,-0.0035946307787209216,0.11057018250933462
118,417.0,6,-0.005694411532296176,-0.6918977531422881
118,417.0,7,-0.005694411532296176,0.6918977531422881
118,417.0,8,-0.010268787310348958,-0.07710731498433156
118,417.0,9,-0.010268787310348958,0.07710731498433156
118,417.0,10,-0.019732642870477685,-0.9073181518824754
118,417.0,11,-0.019732642870477685,0.9073181518824754
118,417.0,12,-0.028071919774643857,-0.03073212502530249
118,417.0,13,-0.028071919774643857,0.03073212502530249
118,417.0,14,-0.031962588358976814,0.0
118,417.0,15,-0.03286530586662802,-0.6002928205218657
118,417.0,16,-0.03286530586662802,0.6002928205218657
118,417.0,17,-0.04379718183767875,-0.14085822393571215
118,417.0,18,-0.04379718183767875,0.14085822393571215
118,417.0,19,-0.04692126532513549,-1.0052796596807307
118,417.0,20,-0.04692126532513549,1.0052796596807307
118,417.0,21,-0.046940824450249025,-1.287535189320288
118,417.0,22,-0.046940824450249025,1.287535189320288
118,417.0,23,-0.05529002456101359,-0.32168675789758533
118,417.0,24,-0.05529002456101359,0.32168675789758533
118,417.0,25,-0.059358298915065756,-0.25168038676672
118,417.0,26,-0.059358298915065756,0.25168038676672
118,417.0,27,-0.06398229162031943,-0.1918278279931248
118,417.0,28,-0.06398229162031943,0.1918278279931248
118,417.0,29,-0.0682386863638357,-0.3644095371525124
118,417.0,30,-0.0682386863638357,0.3644095371525124
118,417.0,31,-0.07081173489591153,-0.02402489421209468
118,417.0,32,-0.07081173489591153,0.02402489421209468
118,417.0,33,-0.07364946477160367,-0.5109450005833737
118,417.0,34,-0.07364946477160367,0.5109450005833737
118,417.0,35,-0.07555396019780358,-0.03804995298763331
118,417.0,36,-0.07555396019780358,0.03804995298763331
118,417.0,37,-0.09471426664009452,-0.15431716543753787
118,417.0,38,-0.09471426664009452,0.15431716543753787
118,417.0,39,-0.10651432479328651,-0.6859008267223193
118,417.0,40,-0.10651432479328651,0.6859008267223193
119,418.0,1,0.07167800839425394,0.0
119,418.0,2,0.00399779175049525,-0.5015214179821973
119,418.0,3,0.00399779175049525,0.5015214179821973
119,418.0,4,-0.003528997081928253,-0.11068000362956369
119,418.0,5,-0.003528997081928253,0.11068000362956369
119,418.0,6,-0.00516175918270298,-0.6918220192207959
119,418.0,7,-0.00516175918270298,0.6918220192207959
119,418.0,8,-0.010003476081051009,-0.07680650212433969
119,418.0,9,-0.010003476081051009,0.07680650212433969
119,418.0,10,-0.01931994016443525,-0.9071869142076256
119,418.0,11,-0.01931994016443525,0.9071869142076256
119,418.0,12,-0.027923550076981843,-0.030451101584539148
119,418.0,13,-0.027923550076981843,0.030451101584539148
119,418.0,14,-0.03196842938534543,0.0
119,418.0,15,-0.03253273610622709,-0.6003255430074041
119,418.0,16,-0.03253273610622709,0.6003255430074041
119,418.0,17,-0.043516564078025635,-0.14047445946456993
119,418.0,18,-0.043516564078025635,0.14047445946456993
119,418.0,19,-0.046200625901556935,-1.0050136424062746
119,418.0,20,-0.046200625901556935,1.0050136424062746
119,418.0,21,-0.04650522558605552,-1.2875742149244767
119,418.0,22,-0.04650522558605552,1.2875742149244767
119,418.0,23,-0.05504809337875037,-0.32183776813562603
119,418.0,24,-0.05504809337875037,0.32183776813562603
119,418.0,25,-0.05887545230457994,-0.251474418713495
119,418.0,26,-0.05887545230457994,0.251474418713495
119,418.0,27,-0.06377465796301932,-0.1918946381880513
119,418.0,28,-0.06377465796301932,0.1918946381880513
119,418.0,29,-0.06780545803107313,-0.3643239256246017
119,418.0,30,-0.06780545803107313,0.3643239256246017
119,418.0,31,-0.07058882203978797,-0.024100585272908044
119,418.0,32,-0.07058882203978797,0.024100585272908044
119,418.0,33,-0.07327986307219725,-0.5109655273517026
119,418.0,34,-0.07327986307219725,0.5109655273517026
119,418.0,35,-0.07524262476986598,-0.03811335740418992
119,418.0,36,-0.07524262476986598,0.03811335740418992
119,418.0,37,-0.0942687429633984,-0.15428652864453482
119,418.0,38,-0.0942687429633984,0.15428652864453482
119,418.0,39,-0.10625002256619676,-0.6860572294344376
119,418.0,40,-0.10625002256619676,0.6860572294344376
120,419.0,1,0.07181528133479971,0.0
120,419.0,2,0.004469726417552403,-0.5011547612429322
120,419.0,3,0.004469726417552403,0.5011547612429322
120,419.0,4,-0.0034650020190966965,-0.11078055927407046
120,419.0,5,-0.0034650020190966965,0.11078055927407046
120,419.0,6,-0.00462908421123491,-0.6917446354883594
120,419.0,7,-0.00462908421123491,0.6917446354883594
120,419.0,8,-0.009743190667516098,-0.07651053341491329
120,419.0,9,-0.009743190667516098,0.07651053341491329
120,419.0,10,-0.018909059435977787,-0.9070533731151487
120,419.0,11,-0.018909059435977787,0.9070533731151487
120,419.0,12,-0.027774408812922292,-0.030166453348755617
120,419.0,13,-0.027774408812922292,0.030166453348755617
120,419.0,14,-0.03197678244571011,0.0
120,419.0,15,-0.03220304531194185,-0.6003579597063431
120,419.0,16,-0.03220304531194185,0.6003579597063431
120,419.0,17,-0.043241976107064636,-0.14009448110395514
120,419.0,18,-0.043241976107064636,0.14009448110395514
120,419.0,19,-0.04548259104446295,-1.004744123917902
120,419.0,20,-0.04548259104446295,1.004744123917902
120,419.0,21,-0.04607073822782793,-1.287610850659192
120,419.0,22,-0.04607073822782793,1.287610850659192
120,419.0,23,-0.05480671568221931,-0.3219872674394198
120,419.0,24,-0.05480671568221931,0.3219872674394198
120,419.0,25,-0.058396138533553105,-0.25127031731421107
120,419.0,26,-0.058396138533553105,0.25127031731421107
120,419.0,27,-0.06356964591031863,-0.19195343597603784
120,419.0,28,-0.06356964591031863,0.19195343597603784
120,419.0,29,-0.06737608210249316,-0.3642366425125573
120,419.0,30,-0.06737608210249316,0.3642366425125573
120,419.0,31,-0.07036689652298711,-0.024174807914053256
120,419.0,32,-0.07036689652298711,0.024174807914053256
120,419.0,33,-0.07291245079524875,-0.5109837873857281
120,419.0,34,-0.07291245079524875,0.5109837873857281
120,419.0,35,-0.07493169682494719,-0.038177794809032474
120,419.0,36,-0.07493169682494719,0.038177794809032474
120,419.0,37,-0.09381969801862342,-0.15425524027369503
120,419.0,38,-0.09381969801862342,0.15425524027369503
120,419.0,39,-0.10598575339918824,-0.6862131234826074
120,419.0,40,-0.10598575339918824,0.6862131234826074
121,420.0,1,0.071954715048344,0.0
121,420.0,2,0.004938924663048926,-0.5007847469587184
121,420.0,3,0.004938924663048926,0.5007847469587184
121,420.0,4,-0.003402947942950218,-0.1108717922261323
121,420.0,5,-0.003402947942950218,0.1108717922261323
121,420.0,6,-0.004096396084799208,-0.6916655246432853
121,420.0,7,-0.004096396084799208,0.6916655246432853
121,420.0,8,-0.009487726551233124,-0.07621928141417333
121,420.0,9,-0.009487726551233124,0.07621928141417333
121,420.0,10,-0.018499986981484945,-0.9069174803239973
121,420.0,11,-0.018499986981484945,0.9069174803239973
121,420.0,12,-0.02762445263200667,-0.029878074863369325
121,420.0,13,-0.02762445263200667,0.029878074863369325
121,420.0,14,-0.031876240931131394,-0.600390098303288
121,420.0,15,-0.031876240931131394,0.600390098303288
121,420.0,16,-0.03198781535975799,0.0
121,420.0,17,-0.04297322517176444,-0.13971822310132545
121,420.0,18,-0.04297322517176444,0.13971822310132545
121,420.0,19,-0.04476711274782075,-1.0044710342213978
121,420.0,20,-0.04476711274782075,1.0044710342213978
121,420.0,21,-0.045637344530583046,-1.2876450893002487
121,420.0,22,-0.045637344530583046,1.2876450893002487
121,420.0,23,-0.05456590449386885,-0.32213525087480765
121,420.0,24,-0.05456590449386885,0.32213525087480765
121,420.0,25,-0.05792027550213634,-0.25106813579117265
121,420.0,26,-0.05792027550213634,0.25106813579117265
121,420.0,27,-0.0633673104891892,-0.19200418462379368
121,420.0,28,-0.0633673104891892,0.19200418462379368
121,420.0,29,-0.0669505246452117,-0.36414769071125846
121,420.0,30,-0.0669505246452117,0.36414769071125846
121,420.0,31,-0.07014590910005296,-0.024247573709296397
121,420.0,32,-0.07014590910005296,0.024247573709296397
121,420.0,33,-0.07254720776484452,-0.5109997863352548
121,420.0,34,-0.07254720776484452,0.5109997863352548
121,420.0,35,-0.07462115116120807,-0.03824326854885908
121,420.0,36,-0.07462115116120807,0.03824326854885908
121,420.0,37,-0.09336707966382923,-0.15422335723785074
121,420.0,38,-0.09336707966382923,0.15422335723785074
121,420.0,39,-0.10572149949111481,-0.686368456090086
121,420.0,40,-0.10572149949111481,0.686368456090086
122,421.0,1,0.0720963518819542,0.0
122,421.0,2,0.005405388598402866,-0.5004112803480945
122,421.0,3,0.005405388598402866,0.5004112803480945
122,421.0,4,-0.0033431310918103085,-0.11095363732125788
122,421.0,5,-0.0033431310918103085,0.11095363732125788
122,421.0,6,-0.003563703953521506,-0.6915846080353679
122,421.0,7,-0.003563703953521506,0.6915846080353679
122,421.0,8,-0.009236892352410297,-0.07593262325727539
122,421.0,9,-0.009236892352410297,0.07593262325727539
122,421.0,10,-0.018092709187234046,-0.9067791851477464
122,421.0,11,-0.018092709187234046,0.9067791851477464
122,421.0,12,-0.02747363301933051,-0.02958585472372716
122,421.0,13,-0.02747363301933051,0.02958585472372716
122,421.0,14,-0.031552331235861965,-0.6004219869510643
122,421.0,15,-0.031552331235861965,0.6004219869510643
122,421.0,16,-0.032001709674131504,0.0
122,421.0,17,-0.04271011778926846,-0.13934562400452394
122,421.0,18,-0.04271011778926846,0.13934562400452394
122,421.0,19,-0.044054142385386685,-1.0041942995599191
122,421.0,20,-0.044054142385386685,1.0041942995599191
122,421.0,21,-0.045205026213404165,-1.2876769225661078
122,421.0,22,-0.045205026213404165,1.2876769225661078
122,421.0,23,-0.05432567269253072,-0.32228171285164076
122,421.0,24,-0.05432567269253072,0.32228171285164076
122,421.0,25,-0.05744778370212918,-0.2508679287890829
122,421.0,26,-0.05744778370212918,0.2508679287890829
122,421.0,27,-0.06316770224000723,-0.19204683566149314
122,421.0,28,-0.06316770224000723,0.19204683566149314
122,421.0,29,-0.06652875288996345,-0.3640570715856904
122,421.0,30,-0.06652875288996345,0.3640570715856904
122,421.0,31,-0.06992580780482961,-0.02431889560121273
122,421.0,32,-0.06992580780482961,0.02431889560121273
122,421.0,33,-0.07218411390259076,-0.5110135282452496
122,421.0,34,-0.07218411390259076,0.5110135282452496
122,421.0,35,-0.07431096363135595,-0.038309782082909
122,421.0,36,-0.07431096363135595,0.038309782082909
122,421.0,37,-0.0929108332649192,-0.1541909414660727
122,421.0,38,-0.0929108332649192,0.1541909414660727
122,421.0,39,-0.1054572455567915,-0.686523174848876
122,421.0,40,-0.1054572455567915,0.686523174848876
123,422.0,1,0.0722402352538319,0.0
123,422.0,2,0.005869119603140739,-0.5000342623952155
123,422.0,3,0.005869119603140739,0.5000342623952155
123,422.0,4,-0.0030310166011870143,-0.6915018054794196
123,422.0,5,-0.0030310166011870143,0.6915018054794196
123,422.0,6,-0.0032858432350520474,-0.11102602081110147
123,422.0,7,-0.0032858432350520474,0.11102602081110147
123,422.0,8,-0.00899050831630089,-0.07565044087355276
123,422.0,9,-0.00899050831630089,0.07565044087355276
123,422.0,10,-0.017687212524212778,-0.9066384343417501
123,422.0,11,-0.017687212524212778,0.9066384343417501
123,422.0,12,-0.02732189570515185,-0.029289675454865594
123,422.0,13,-0.02732189570515185,0.029289675454865594
123,422.0,14,-0.03123132537270029,-0.6004536542964186
123,422.0,15,-0.03123132537270029,0.6004536542964186
123,422.0,16,-0.03201866196769251,0.0
123,422.0,17,-0.04245245946165199,-0.138976626292707
123,422.0,18,-0.04245245946165199,0.138976626292707
123,422.0,19,-0.04334363064441896,-1.0039138421981577
123,422.0,20,-0.04334363064441896,1.0039138421981577
123,422.0,21,-0.0447737645314189,-1.2877063410583744
123,422.0,22,-0.0447737645314189,1.2877063410583744
123,422.0,23,-0.0540860330616132,-0.32242664705040025
123,422.0,24,-0.0540860330616132,0.32242664705040025
123,422.0,25,-0.05697858615775456,-0.25066975250278123
123,422.0,26,-0.05697858615775456,0.25066975250278123
123,422.0,27,-0.06297086717961792,-0.192081329067166
123,422.0,28,-0.06297086717961792,0.192081329067166
123,422.0,29,-0.0661107352182306,-0.36396478496738377
123,422.0,30,-0.0661107352182306,0.36396478496738377
123,422.0,31,-0.0697065378517435,-0.024388788026881054
123,422.0,32,-0.0697065378517435,0.024388788026881054
123,422.0,33,-0.07182314922289379,-0.5110250155116315
123,422.0,34,-0.07182314922289379,0.5110250155116315
123,422.0,35,-0.0740011111023672,-0.03837733895976935
123,422.0,36,-0.0740011111023672,0.03837733895976935
123,422.0,37,-0.09245090177973612,-0.15415806004362498
123,422.0,38,-0.09245090177973612,0.15415806004362498
123,422.0,39,-0.1051929787167897,-0.6866772278271418
123,422.0,40,-0.1051929787167897,0.6866772278271418
124,423.0,1,0.07238640971237131,0.0
124,423.0,2,0.006330118291178674,-0.4996535895843527
124,423.0,3,0.006330118291178674,0.4996535895843527
124,423.0,4,-0.002498342395967315,-0.6914170350554133
124,423.0,5,-0.002498342395967315,0.6914170350554133
124,423.0,6,-0.003231373171557427,-0.1110888597719289
124,423.0,7,-0.003231373171557427,0.1110888597719289
124,423.0,8,-0.008748404944887316,-0.07537262110638404
124,423.0,9,-0.008748404944887316,0.07537262110638404
124,423.0,10,-0.017283483542438582,-0.906495171938367
124,423.0,11,-0.017283483542438582,0.906495171938367
124,423.0,12,-0.02716918001455887,-0.028989413409893364
124,423.0,13,-0.02716918001455887,0.028989413409893364
124,423.0,14,-0.03091323341585045,-0.6004851295068642
124,423.0,15,-0.03091323341585045,0.6004851295068642
124,423.0,16,-0.03203888529408288,0.0
124,423.0,17,-0.04220005442470523,-0.1386111760785246
124,423.0,18,-0.04220005442470523,0.1386111760785246
124,423.0,19,-0.04263552745504309,-1.0036295801903077
124,423.0,20,-0.04263552745504309,1.0036295801903077
124,423.0,21,-0.04434354024565543,-1.287733334197801
124,423.0,22,-0.04434354024565543,1.287733334197801
124,423.0,23,-0.05384699833881392,-0.32257004634626096
124,423.0,24,-0.05384699833881392,0.32257004634626096
124,423.0,25,-0.05651260837143941,-0.2504736648058064
124,423.0,26,-0.05651260837143941,0.2504736648058064
124,423.0,27,-0.0627768467340645,-0.19210759340116437
124,423.0,28,-0.0627768467340645,0.19210759340116437
124,423.0,29,-0.06569644115073242,-0.3638708291462813
124,423.0,30,-0.06569644115073242,0.3638708291462813
124,423.0,31,-0.06948804152869613,-0.02445726705204069
124,423.0,32,-0.06948804152869613,0.02445726705204069
124,423.0,33,-0.0714642938271192,-0.5110342488311711
124,423.0,34,-0.0714642938271192,0.5110342488311711
124,423.0,35,-0.07369157141128606,-0.038445942793306036
124,423.0,36,-0.07369157141128606,0.038445942793306036
124,423.0,37,-0.09198722583625854,-0.1541247853609467
124,423.0,38,-0.09198722583625854,0.1541247853609467
124,423.0,39,-0.10492868838163791,-0.6868305636630347
124,423.0,40,-0.10492868838163791,0.6868305636630347
125,424.0,1,0.07253492099937381,0.0
125,424.0,2,0.006788384474532588,-0.4992691536142769
125,424.0,3,0.006788384474532588,0.4992691536142769
125,424.0,4,-0.0019656892413440763,-0.6913302128937999
125,424.0,5,-0.0019656892413440763,0.6913302128937999
125,424.0,6,-0.0031800081002378517,-0.1111420615295061
125,424.0,7,-0.0031800081002378517,0.1111420615295061
125,424.0,8,-0.008510421756370967,-0.0750990557580045
125,424.0,9,-0.008510421756370967,0.0750990557580045
125,424.0,10,-0.01688150886474761,-0.9063493390692016
125,424.0,11,-0.01688150886474761,0.9063493390692016
125,424.0,12,-0.027015418151158297,-0.028684938694085223
125,424.0,13,-0.027015418151158297,0.028684938694085223
125,424.0,14,-0.030598066423851544,-0.6005164422988161
125,424.0,15,-0.030598066423851544,0.6005164422988161
125,424.0,16,-0.032062610775356035,0.0
125,424.0,17,-0.0419297819147621,-1.0033414271301953
125,424.0,18,-0.0419297819147621,1.0033414271301953
125,424.0,19,-0.041952705428392176,-0.13824922288144553
125,424.0,20,-0.041952705428392176,0.13824922288144553
125,424.0,21,-0.04391433359059799,-1.2877578901551798
125,424.0,22,-0.04391433359059799,1.2877578901551798
125,424.0,23,-0.05360858126759315,-0.32271190272994765
125,424.0,24,-0.05360858126759315,0.32271190272994765
125,424.0,25,-0.05604977827400916,-0.2502797253807086
125,424.0,26,-0.05604977827400916,0.2502797253807086
125,424.0,27,-0.06258567764287504,-0.19212554589452327
125,424.0,28,-0.06258567764287504,0.19212554589452327
125,424.0,29,-0.06528584133727397,-0.36377520085796017
125,424.0,30,-0.06528584133727397,0.36377520085796017
125,424.0,31,-0.069270258080468,-0.024524350514594655
125,424.0,32,-0.069270258080468,0.024524350514594655
125,424.0,33,-0.07110752789653126,-0.5110412271451132
125,424.0,34,-0.07110752789653126,0.5110412271451132
125,424.0,35,-0.07338232331676275,-0.038515597237821934
125,424.0,36,-0.07338232331676275,0.038515597237821934
125,424.0,37,-0.0915197438038757,-0.1540911952724267
125,424.0,38,-0.0915197438038757,0.1540911952724267
125,424.0,39,-0.10466436613168983,-0.6869831316449729
125,424.0,40,-0.10466436613168983,0.6869831316449729
126,425.0,1,0.07268581611780063,0.0
126,425.0,2,0.007243917124188398,-0.498880841090565
126,425.0,3,0.007243917124188398,0.498880841090565
126,425.0,4,-0.0014330645269979344,-0.6912412529446141
126,425.0,5,-0.0014330645269979344,0.6912412529446141
126,425.0,6,-0.003132034880519282,-0.11118552307622502
126,425.0,7,-0.003132034880519282,0.11118552307622502
126,425.0,8,-0.008276406156246377,-0.07482964157703319
126,425.0,9,-0.008276406156246377,0.07482964157703319
126,425.0,10,-0.016481275180022,-0.9062008737731023
126,425.0,11,-0.016481275180022,0.9062008737731023
126,425.0,12,-0.02686053440828093,-0.028376115123700495
126,425.0,13,-0.02686053440828093,0.028376115123700495
126,425.0,14,-0.030285836500182947,-0.6005476229670319
126,425.0,15,-0.030285836500182947,0.6005476229670319
126,425.0,16,-0.03209008936093086,0.0
126,425.0,17,-0.04122634220754012,-1.0030492918819898
126,425.0,18,-0.04122634220754012,1.0030492918819898
126,425.0,19,-0.0417102135472627,-0.13789071947305584
126,425.0,20,-0.0417102135472627,0.13789071947305584
126,425.0,21,-0.04348612423911136,-1.2877799957767935
126,425.0,22,-0.04348612423911136,1.2877799957767935
126,425.0,23,-0.053370794650695164,-0.32285220722483493
126,425.0,24,-0.053370794650695164,0.32285220722483493
126,425.0,25,-0.05559002617880517,-0.250087995852027
126,425.0,26,-0.05559002617880517,0.250087995852027
126,425.0,27,-0.0623973918366654,-0.19213509249430932
126,425.0,28,-0.0623973918366654,0.19213509249430932
126,425.0,29,-0.06487890754796571,-0.36367789526595334
126,425.0,30,-0.06487890754796571,0.36367789526595334
126,425.0,31,-0.06905312358132992,-0.024590058178500757
126,425.0,32,-0.06905312358132992,0.024590058178500757
126,425.0,33,-0.07075283168394725,-0.511045947575896
126,425.0,34,-0.07075283168394725,0.511045947575896
126,425.0,35,-0.07307334644622765,-0.0385863059625014
126,425.0,36,-0.07307334644622765,0.0385863059625014
126,425.0,37,-0.09104839185661813,-0.1540573732658922
126,425.0,38,-0.09104839185661813,0.1540573732658922
126,425.0,39,-0.10440000559383875,-0.687134881778311
126,425.0,40,-0.10440000559383875,0.687134881778311
127,426.0,1,0.07283914340436001,0.0
127,426.0,2,0.007696714327910928,-0.4984885331939218
127,426.0,3,0.007696714327910928,0.4984885331939218
127,426.0,4,-0.000900475079712304,-0.6911500667288235
127,426.0,5,-0.000900475079712304,0.6911500667288235
127,426.0,6,-0.0030877411991098985,-0.1112191304598559
127,426.0,7,-0.0030877411991098985,0.1112191304598559
127,426.0,8,-0.008046212404867715,-0.07456428020284073
127,426.0,9,-0.008046212404867715,0.07456428020284073
127,426.0,10,-0.01608276923570035,-0.9060497107884522
127,426.0,11,-0.01608276923570035,0.9060497107884522
127,426.0,12,-0.02670444430118249,-0.028062800230953026
127,426.0,13,-0.02670444430118249,0.028062800230953026
127,426.0,14,-0.029976556858061124,-0.6005787024152439
127,426.0,15,-0.029976556858061124,0.6005787024152439
127,426.0,16,-0.0321215937664233,0.0
127,426.0,17,-0.04052515551705921,-1.0027530782895517
127,426.0,18,-0.04052515551705921,1.0027530782895517
127,426.0,19,-0.04147237801992129,-0.13753562179586895
127,426.0,20,-0.04147237801992129,0.13753562179586895
127,426.0,21,-0.043058891264620924,-1.2877996365037776
127,426.0,22,-0.043058891264620924,1.2877996365037776
127,426.0,23,-0.05313365140594207,-0.32299094979949733
127,426.0,24,-0.05313365140594207,0.32299094979949733
127,426.0,25,-0.0551332847392504,-0.24989853992282293
127,426.0,26,-0.0551332847392504,0.24989853992282293
127,426.0,27,-0.062212016289629544,-0.19213612786829787
127,426.0,28,-0.062212016289629544,0.19213612786829787
127,426.0,29,-0.06447561266581717,-0.3635789059390768
127,426.0,30,-0.06447561266581717,0.3635789059390768
127,426.0,31,-0.06883657079538684,-0.024654411899165826
127,426.0,32,-0.06883657079538684,0.024654411899165826
127,426.0,33,-0.0704001855040802,-0.5110484053564498
127,426.0,34,-0.0704001855040802,0.5110484053564498
127,426.0,35,-0.07276462123869298,-0.038658072625090564
127,426.0,36,-0.07276462123869298,0.038658072625090564
127,426.0,37,-0.09057310402717317,-0.15402340864416925
127,426.0,38,-0.09057310402717317,0.15402340864416925
127,426.0,39,-0.10413560231610358,-0.6872857648385844
127,426.0,40,-0.10413560231610358,0.6872857648385844
128,427.0,1,0.07299495260750469,0.0
128,427.0,2,0.008146773244713579,-0.49809210532189935
128,427.0,3,0.008146773244713579,0.49809210532189935
128,427.0,4,-0.0003679271139548704,-0.6910565630699
128,427.0,5,-0.0003679271139548704,0.6910565630699
128,427.0,6,-0.003047416658537855,-0.1112427581253993
128,427.0,7,-0.003047416658537855,0.1112427581253993
128,427.0,8,-0.007819700667671573,-0.0743028780777697
128,427.0,9,-0.007819700667671573,0.0743028780777697
128,427.0,10,-0.015685977829560854,-0.9058957813281409
128,427.0,11,-0.015685977829560854,0.9058957813281409
128,427.0,12,-0.026547053613982644,-0.02774484532886241
128,427.0,13,-0.026547053613982644,0.02774484532886241
128,427.0,14,-0.029670241889814708,-0.600609712188225
128,427.0,15,-0.029670241889814708,0.600609712188225
128,427.0,16,-0.03215742060692764,0.0
128,427.0,17,-0.03982616793332608,-1.0024526848623616
128,427.0,18,-0.03982616793332608,1.0024526848623616
128,427.0,19,-0.041238996116744045,-0.13718388895774167
128,427.0,20,-0.041238996116744045,0.13718388895774167
128,427.0,21,-0.042632613100172884,-1.2878167962848335
128,427.0,22,-0.042632613100172884,1.2878167962848335
128,427.0,23,-0.05289716462469974,-0.3231281192750207
128,427.0,24,-0.05289716462469974,0.3231281192750207
128,427.0,25,-0.05467948890925317,-0.24971142351601935
128,427.0,26,-0.05467948890925317,0.24971142351601935
128,427.0,27,-0.06202957284865847,-0.192128535370844
128,427.0,28,-0.06202957284865847,0.192128535370844
128,427.0,29,-0.06407593068069589,-0.36347822482341263
128,427.0,30,-0.06407593068069589,0.36347822482341263
128,427.0,31,-0.06862052902292297,-0.024717435801770955
128,427.0,32,-0.06862052902292297,0.024717435801770955
128,427.0,33,-0.07004956972240334,-0.5110485937513307
128,427.0,34,-0.07004956972240334,0.5110485937513307
128,427.0,35,-0.07245612888295319,-0.03873090084485835
128,427.0,36,-0.07245612888295319,0.03873090084485835
128,427.0,37,-0.09009381225002364,-0.15398939672015557
128,427.0,38,-0.09009381225002364,0.15398939672015557
128,427.0,39,-0.10387115364114159,-0.687435732411518
128,427.0,40,-0.10387115364114159,0.687435732411518
129,428.0,1,0.07315329497125977,0.0
129,428.0,2,0.008594090055674006,-0.4976914267015586
129,428.0,3,0.008594090055674006,0.4976914267015586
129,428.0,4,0.0001645738178944478,-0.6909606478037611
129,428.0,5,0.0001645738178944478,0.6909606478037611
129,428.0,6,-0.0030113538013249834,-0.11125626819342797
129,428.0,7,-0.0030113538013249834,0.11125626819342797
129,428.0,8,-0.00759673613521006,-0.074045346336038
129,428.0,9,-0.00759673613521006,0.074045346336038
129,428.0,10,-0.015290887800628268,-0.9057390128355172
129,428.0,11,-0.015290887800628268,0.9057390128355172
129,428.0,12,-0.02638825735551798,-0.027422095653222203
129,428.0,13,-0.02638825735551798,0.027422095653222203
129,428.0,14,-0.029366907241225135,-0.6006406845050588
129,428.0,15,-0.029366907241225135,0.6006406845050588
129,428.0,16,-0.032197892738300246,0.0
129,428.0,17,-0.039129324352106115,-1.0021480044356554
129,428.0,18,-0.039129324352106115,1.0021480044356554
129,428.0,19,-0.04100986303622812,-0.13683548330482603
129,428.0,20,-0.04100986303622812,0.13683548330482603
129,428.0,21,-0.04220726749406406,-1.2878314574816556
129,428.0,22,-0.04220726749406406,1.2878314574816556
129,428.0,23,-0.05266134763332601,-0.3232637032262291
129,428.0,24,-0.05266134763332601,0.3232637032262291
129,428.0,25,-0.05422857590595048,-0.24952671492162307
129,428.0,26,-0.05422857590595048,0.24952671492162307
129,428.0,27,-0.06185007804074142,-0.1921121869709901
129,428.0,28,-0.06185007804074142,0.1921121869709901
129,428.0,29,-0.06367983668467038,-0.3633758422087662
129,428.0,30,-0.06367983668467038,0.3633758422087662
129,428.0,31,-0.0684049239308179,-0.024779156474110393
129,428.0,32,-0.0684049239308179,0.024779156474110393
129,428.0,33,-0.06970096474244496,-0.5110465039689528
129,428.0,34,-0.06970096474244496,0.5110465039689528
129,428.0,35,-0.07214785125121428,-0.03880479417468569
129,428.0,36,-0.07214785125121428,0.03880479417468569
129,428.0,37,-0.0896104463920758,-0.15395543902733047
129,428.0,38,-0.0896104463920758,0.15395543902733047
129,428.0,39,-0.10360665857956215,-0.6875847369200089
129,428.0,40,-0.10360665857956215,0.6875847369200089
130,429.0,1,0.07331422332543293,0.0
130,429.0,2,0.009038659910784189,-0.4972863599700177
130,429.0,3,0.009038659910784189,0.4972863599700177
130,429.0,4,0.0006970228759349273,-0.6908622234644796
130,429.0,5,0.0006970228759349273,0.6908622234644796
130,429.0,6,-0.002979849082819057,-0.11125950965944412
130,429.0,7,-0.002979849082819057,0.11125950965944412
130,429.0,8,-0.007377188201137707,-0.07379160067615799
130,429.0,9,-0.007377188201137707,0.07379160067615799
130,429.0,10,-0.014897486019104816,-0.9055793287193598
130,429.0,11,-0.014897486019104816,0.9055793287193598
130,429.0,12,-0.02622793861948968,-0.027094390602427087
130,429.0,13,-0.02622793861948968,0.027094390602427087
130,429.0,14,-0.02906656989124115,-0.6006716522937733
130,429.0,15,-0.02906656989124115,0.6006716522937733
130,429.0,16,-0.03224336181824045,0.0
130,429.0,17,-0.038434568366205346,-1.0018389238022527
130,429.0,18,-0.038434568366205346,1.0018389238022527
130,429.0,19,-0.04078477183078621,-0.13649037057648736
130,429.0,20,-0.04078477183078621,0.13649037057648736
130,429.0,21,-0.04178283146175743,-1.2878436007662801
130,429.0,22,-0.04178283146175743,1.2878436007662801
130,429.0,23,-0.05242621405809366,-0.32339768787592293
130,429.0,24,-0.05242621405809366,0.32339768787592293
130,429.0,25,-0.053780485174131594,-0.24934448495129988
130,429.0,26,-0.053780485174131594,0.24934448495129988
130,429.0,27,-0.06167354286066707,-0.1920869431432674
130,429.0,28,-0.06167354286066707,0.1920869431432674
130,429.0,29,-0.06328730686872927,-0.36327174668920237
130,429.0,30,-0.06328730686872927,0.36327174668920237
130,429.0,31,-0.0681896773647605,-0.024839603175873942
130,429.0,32,-0.0681896773647605,0.024839603175873942
130,429.0,33,-0.06935435099139445,-0.5110421250641061
130,429.0,34,-0.06935435099139445,0.5110421250641061
130,429.0,35,-0.07183977082797939,-0.03887975607221352
130,429.0,36,-0.07183977082797939,0.03887975607221352
130,429.0,37,-0.0891229342685936,-0.1539216435479954
130,429.0,38,-0.0891229342685936,0.1539216435479954
130,429.0,39,-0.10334211768386287,-0.687732731638428
130,429.0,40,-0.10334211768386287,0.687732731638428
131,430.0,1,0.07347779218287341,0.0
131,430.0,2,0.009480476871419535,-0.49687676071962306
131,430.0,3,0.009480476871419535,0.49687676071962306
131,430.0,4,0.0012294159839253485,-0.690761188943351
131,430.0,5,0.0012294159839253485,0.690761188943351
131,430.0,6,-0.002953203804315699,-0.11125231749946937
131,430.0,7,-0.002953203804315699,0.11125231749946937
131,430.0,8,-0.007160929687057899,-0.07354156122235188
131,430.0,9,-0.007160929687057899,0.07354156122235188
131,430.0,10,-0.01450575937519201,-0.9054166480653741
131,430.0,11,-0.01450575937519201,0.9054166480653741
131,430.0,12,-0.02606596734595088,-0.026761564100541292
131,430.0,13,-0.02606596734595088,0.026761564100541292
131,430.0,14,-0.028769248237628886,-0.6007026492271307
131,430.0,15,-0.028769248237628886,0.6007026492271307
131,430.0,16,-0.03229421109548519,0.0
131,430.0,17,-0.03774184214789003,-1.0015253233129975
131,430.0,18,-0.03774184214789003,1.0015253233129975
131,430.0,19,-0.04056351336406147,-0.13614852014633141
131,430.0,20,-0.04056351336406147,0.13614852014633141
131,430.0,21,-0.04135928123361074,-1.2878532050094467
131,430.0,22,-0.04135928123361074,1.2878532050094467
131,430.0,23,-0.052191777894020706,-0.3235300579811191
131,430.0,24,-0.052191777894020706,0.3235300579811191
131,430.0,25,-0.05333515835181189,-0.24916480710174094
131,430.0,26,-0.05333515835181189,0.24916480710174094
131,430.0,27,-0.06149997254083267,-0.1920526527208944
131,430.0,28,-0.06149997254083267,0.1920526527208944
131,430.0,29,-0.06289831852090219,-0.36316592511731555
131,430.0,30,-0.06289831852090219,0.36316592511731555
131,430.0,31,-0.06797470714074894,-0.024898808066579643
131,430.0,32,-0.06797470714074894,0.024898808066579643
131,430.0,33,-0.06900970890381686,-0.5110354438296664
131,430.0,34,-0.06900970890381686,0.5110354438296664
131,430.0,35,-0.07153187063428973,-0.038955789869809035
131,430.0,36,-0.07153187063428973,0.038955789869809035
131,430.0,37,-0.08863120164220431,-0.1538881249619586
131,430.0,38,-0.08863120164220431,0.1538881249619586
131,430.0,39,-0.10307753292370009,-0.6878796706945512
131,430.0,40,-0.10307753292370009,0.6878796706945512
132,431.0,1,0.07364405784437092,0.0
132,431.0,2,0.009919533848062068,-0.49646247700393026
132,431.0,3,0.009919533848062068,0.49646247700393026
132,431.0,4,0.0017617498815058197,-0.6906574391179885
132,431.0,5,0.0017617498815058197,0.6906574391179885
132,431.0,6,-0.0029317250169654113,-0.11123451166741778
132,431.0,7,-0.0029317250169654113,0.11123451166741778
132,431.0,8,-0.0069478361038351494,-0.07329515237898543
132,431.0,9,-0.0069478361038351494,0.07329515237898543
132,431.0,10,-0.014115694766647258,-0.9052508853220805
132,431.0,11,-0.014115694766647258,0.9052508853220805
132,431.0,12,-0.025902198984362527,-0.026423445114133325
132,431.0,13,-0.025902198984362527,0.026423445114133325
132,431.0,14,-0.028474962189006636,-0.6007337097596719
132,431.0,15,-0.028474962189006636,0.6007337097596719
132,431.0,16,-0.03235085843004834,0.0
132,431.0,17,-0.03705108632126866,-1.0012070764426115
132,431.0,18,-0.03705108632126866,1.0012070764426115
132,431.0,19,-0.040345876302956975,-0.1358099053542233
132,431.0,20,-0.040345876302956975,0.1358099053542233
132,431.0,21,-0.04093659219799539,-1.2878602471591911
132,431.0,22,-0.04093659219799539,1.2878602471591911
132,431.0,23,-0.051958053578179425,-0.323660796710177
132,431.0,24,-0.051958053578179425,0.323660796710177
132,431.0,25,-0.05289253923627039,-0.24898775772868936
132,431.0,26,-0.05289253923627039,0.24898775772868936
132,431.0,27,-0.061329366305735676,-0.1920091527099743
132,431.0,28,-0.061329366305735676,0.1920091527099743
132,431.0,29,-0.06251285002574461,-0.36305836255178
132,431.0,30,-0.06251285002574461,0.36305836255178
132,431.0,31,-0.06775992681294002,-0.024956806454846773
132,431.0,32,-0.06775992681294002,0.024956806454846773
132,431.0,33,-0.06866701890328648,-0.5110264446765531
132,431.0,34,-0.06866701890328648,0.5110264446765531
132,431.0,35,-0.07122413414712592,-0.03903289874298821
132,431.0,36,-0.07122413414712592,0.03903289874298821
132,431.0,37,-0.0881351722021308,-0.15385500491908222
132,431.0,38,-0.0881351722021308,0.15385500491908222
132,431.0,39,-0.10281290756304219,-0.6880255090593294
132,431.0,40,-0.10281290756304219,0.6880255090593294
133,432.0,1,0.07381307851192964,0.0
133,432.0,2,0.010355822532777365,-0.4960433488005719
133,432.0,3,0.010355822532777365,0.4960433488005719
133,432.0,4,0.0022940221776442324,-0.6905508644482624
133,432.0,5,0.0022940221776442324,0.6905508644482624
133,432.0,6,-0.002915726405918719,-0.11120589596989758
133,432.0,7,-0.002915726405918719,0.11120589596989758
133,432.0,8,-0.0067377849393174104,-0.07305230268141147
133,432.0,9,-0.0067377849393174104,0.07305230268141147
133,432.0,10,-0.013727279084880278,-0.9050819499579145
133,432.0,11,-0.013727279084880278,0.9050819499579145
133,432.0,12,-0.02573647306246297,-0.026079858359375225
133,432.0,13,-0.02573647306246297,0.026079858359375225
133,432.0,14,-0.02818373326390415,-0.600764869165701
133,432.0,15,-0.02818373326390415,0.600764869165701
133,432.0,16,-0.03241375953907363,0.0
133,432.0,17,-0.03636223982365225,-1.0008840493174114
133,432.0,18,-0.03636223982365225,1.0008840493174114
133,432.0,19,-0.040131647149081184,-0.13547450393479163
133,432.0,20,-0.040131647149081184,0.13547450393479163
133,432.0,21,-0.040514738839363074,-1.2878647021084666
133,432.0,22,-0.040514738839363074,1.2878647021084666
133,432.0,23,-0.05172505606807933,-0.32378988550958904
133,432.0,24,-0.05172505606807933,0.32378988550958904
133,432.0,25,-0.05245257374989195,-0.24881341623338507
133,432.0,26,-0.05245257374989195,0.24881341623338507
133,432.0,27,-0.06116171711347892,-0.19195626806262342
133,432.0,28,-0.06116171711347892,0.19195626806262342
133,432.0,29,-0.062130880865226695,-0.36294904219774066
133,432.0,30,-0.062130880865226695,0.36294904219774066
133,432.0,31,-0.06754524541458116,-0.025013637072071278
133,432.0,32,-0.06754524541458116,0.025013637072071278
133,432.0,33,-0.0683262613817106,-0.5110151095005347
133,432.0,34,-0.0683262613817106,0.5110151095005347
133,432.0,35,-0.07091654521407817,-0.03911108567679803
133,432.0,36,-0.07091654521407817,0.03911108567679803
133,432.0,37,-0.0876347675206931,-0.1538224123396267
133,432.0,38,-0.0876347675206931,0.1538224123396267
133,432.0,39,-0.10254824603987336,-0.6881702025249083
133,432.0,40,-0.10254824603987336,0.6881702025249083
134,433.0,1,0.07398491441136967,0.0
134,433.0,2,0.010789333325954081,-0.495619207425929
134,433.0,3,0.010789333325954081,0.495619207425929
134,433.0,4,0.002826231405705648,-0.6904413505348734
134,433.0,5,0.002826231405705648,0.6904413505348734
134,433.0,6,-0.002905529163136498,-0.11116625680336564
134,433.0,7,-0.002905529163136498,0.11116625680336564
134,433.0,8,-0.006530654962841255,-0.07281294464541176
134,433.0,9,-0.006530654962841255,0.07281294464541176
134,433.0,10,-0.013340499199410688,-0.9049097460864663
134,433.0,11,-0.013340499199410688,0.9049097460864663
134,433.0,12,-0.02556861167175747,-0.025730625242310675
134,433.0,13,-0.02556861167175747,0.025730625242310675
134,433.0,14,-0.027895584697530285,-0.6007961635782694
134,433.0,15,-0.027895584697530285,0.6007961635782694
134,433.0,16,-0.03248341145086337,0.0
134,433.0,17,-0.0356752397544671,-1.000556100200312
134,433.0,18,-0.0356752397544671,1.000556100200312
134,433.0,19,-0.03992061031579823,-0.13514229854864482
134,433.0,20,-0.03992061031579823,0.13514229854864482
134,433.0,21,-0.04009369467057297,-1.287866542550559
134,433.0,22,-0.04009369467057297,1.287866542550559
134,433.0,23,-0.0514928009258586,-0.32391730395892626
134,433.0,24,-0.0514928009258586,0.32391730395892626
134,433.0,25,-0.052015209905145215,-0.24864186526392532
134,433.0,26,-0.052015209905145215,0.24864186526392532
134,433.0,27,-0.060997011387501805,-0.1918938114054173
134,433.0,28,-0.060997011387501805,0.1918938114054173
134,433.0,29,-0.06175239162100318,-0.3628379453393664
134,433.0,30,-0.06175239162100318,0.3628379453393664
134,433.0,31,-0.06733056716828345,-0.02506934237424565
134,433.0,32,-0.06733056716828345,0.02506934237424565
134,433.0,33,-0.0679874166760672,-0.511001417534556
134,433.0,34,-0.0679874166760672,0.511001417534556
134,433.0,35,-0.07060908796311946,-0.039190353429647384
134,433.0,36,-0.07060908796311946,0.039190353429647384
134,433.0,37,-0.08712990698322207,-0.15379048374725507
134,433.0,38,-0.08712990698322207,0.15379048374725507
134,433.0,39,-0.1022835538487185,-0.6883137076711578
134,433.0,40,-0.1022835538487185,0.6883137076711578
135,434.0,1,0.07415962792496944,0.0
135,434.0,2,0.011220055256718792,-0.4951898748965634
135,434.0,3,0.011220055256718792,0.4951898748965634
135,434.0,4,0.0033583770803489454,-0.6903287776362079
135,434.0,5,0.0033583770803489454,0.6903287776362079
135,434.0,6,-0.002901462855745234,-0.11111536173840872
135,434.0,7,-0.002901462855745234,0.11111536173840872
135,434.0,8,-0.006326325536880527,-0.07257701461712703
135,434.0,9,-0.006326325536880527,0.07257701461712703
135,434.0,10,-0.01295534194042186,-0.9047341720561413
135,434.0,11,-0.01295534194042186,0.9047341720561413
135,434.0,12,-0.025398417889135695,-0.025375565082717075
135,434.0,13,-0.025398417889135695,0.025375565082717075
135,434.0,14,-0.02761054155693199,-0.6008276300287148
135,434.0,15,-0.02761054155693199,0.6008276300287148
135,434.0,16,-0.032560356132248974,0.0
135,434.0,17,-0.03499002121033229,-1.0002230789288529
135,434.0,18,-0.03499002121033229,1.0002230789288529
135,434.0,19,-0.03967343215893113,-1.287865738821068
135,434.0,20,-0.03967343215893113,1.287865738821068
135,434.0,21,-0.03971254825962087,-0.13481327742336052
135,434.0,22,-0.03971254825962087,0.13481327742336052
135,434.0,23,-0.05126130440902435,-0.3240430296124848
135,434.0,24,-0.05126130440902435,0.3240430296124848
135,434.0,25,-0.05158039776796601,-0.24847319093386294
135,434.0,26,-0.05158039776796601,0.24847319093386294
135,434.0,27,-0.06083522874173638,-0.19182158271831423
135,434.0,28,-0.06083522874173638,0.19182158271831423
135,434.0,29,-0.06137736397805496,-0.36272505126401816
135,434.0,30,-0.06137736397805496,0.36272505126401816
135,434.0,31,-0.06711579116141045,-0.02512396887619823
135,434.0,32,-0.06711579116141045,0.02512396887619823
135,434.0,33,-0.06765046504221522,-0.5109853451849348
135,434.0,34,-0.06765046504221522,0.5109853451849348
135,434.0,35,-0.07030174670751638,-0.039270704493574525
135,434.0,36,-0.07030174670751638,0.039270704493574525
135,434.0,37,-0.08662050768746882,-0.15375936364045534
135,434.0,38,-0.08662050768746882,0.15375936364045534
135,434.0,39,-0.10201883742639163,-0.6884559818208142
135,434.0,40,-0.10201883742639163,0.6884559818208142
136,435.0,1,0.07433728373532864,0.0
136,435.0,2,0.011647975896390148,-0.4947551632313375
136,435.0,3,0.011647975896390148,0.4947551632313375
136,435.0,4,0.0038904597566500887,-0.6902130201382397
136,435.0,5,0.0038904597566500887,0.6902130201382397
136,435.0,6,-0.002903866295964729,-0.11105295793468115
136,435.0,7,-0.002903866295964729,0.11105295793468115
136,435.0,8,-0.006124675926143263,-0.07234445262456042
136,435.0,9,-0.006124675926143263,0.07234445262456042
136,435.0,10,-0.012571794079139914,-0.904555120000182
136,435.0,11,-0.012571794079139914,0.904555120000182
136,435.0,12,-0.025225674166450357,-0.02501449667891866
136,435.0,13,-0.025225674166450357,0.02501449667891866
136,435.0,14,-0.02732863086540916,-0.6008593064866713
136,435.0,15,-0.02732863086540916,0.6008593064866713
136,435.0,16,-0.03264518423061131,0.0
136,435.0,17,-0.034306517104637085,-0.9998848263006508
136,435.0,18,-0.034306517104637085,0.9998848263006508
136,435.0,19,-0.0392539226451909,-1.2878622587247943
136,435.0,20,-0.0392539226451909,1.2878622587247943
136,435.0,21,-0.0395072416768366,-0.1344874351118559
136,435.0,22,-0.0395072416768366,0.1344874351118559
136,435.0,23,-0.051030583568710854,-0.3241670378256886
136,435.0,24,-0.051030583568710854,0.3241670378256886
136,435.0,25,-0.05114808941875247,-0.24830748306110928
136,435.0,26,-0.05114808941875247,0.24830748306110928
136,435.0,27,-0.06067634170310615,-0.1917393689574181
136,435.0,28,-0.06067634170310615,0.1917393689574181
136,435.0,29,-0.061005780729704986,-0.36261033717726693
136,435.0,30,-0.061005780729704986,0.36261033717726693
136,435.0,31,-0.06690081098178113,-0.025177567523413553
136,435.0,32,-0.06690081098178113,0.025177567523413553
136,435.0,33,-0.06731538662542899,-0.510966865849587
136,435.0,34,-0.06731538662542899,0.510966865849587
136,435.0,35,-0.0699945058457461,-0.03935214105002251
136,435.0,36,-0.0699945058457461,0.03935214105002251
136,435.0,37,-0.08610648430757954,-0.15372920490937136
136,435.0,38,-0.08610648430757954,0.15372920490937136
136,435.0,39,-0.10175410404127064,-0.6885969829836013
136,435.0,40,-0.10175410404127064,0.6885969829836013
137,436.0,1,0.07451794898144704,0.0
137,436.0,2,0.01207308126426887,-0.49431487368732757
137,436.0,3,0.01207308126426887,0.49431487368732757
137,436.0,4,0.004422481091803293,-0.690093945971428
137,436.0,5,0.004422481091803293,0.690093945971428
137,436.0,6,-0.0029130884168919943,-0.11097877036917127
137,436.0,7,-0.0029130884168919943,0.11097877036917127
137,436.0,8,-0.005925584594154308,-0.07211520223131697
137,436.0,9,-0.005925584594154308,0.07211520223131697
137,436.0,10,-0.012189842305697307,-0.9043724753421668
137,436.0,11,-0.012189842305697307,0.9043724753421668
137,436.0,12,-0.025050140736424517,-0.024647240278036754
137,436.0,13,-0.025050140736424517,0.024647240278036754
137,436.0,14,-0.02704988173707415,-0.6008912318999505
137,436.0,15,-0.02704988173707415,0.6008912318999505
137,436.0,16,-0.03273853883933635,0.0
137,436.0,17,-0.033624657969680366,-0.9995411734003149
137,436.0,18,-0.033624657969680366,0.9995411734003149
137,436.0,19,-0.038835136254644964,-1.2878560673456958
137,436.0,20,-0.038835136254644964,1.2878560673456958
137,436.0,21,-0.039304469779589145,-0.13416477337672003
137,436.0,22,-0.039304469779589145,0.13416477337672003
137,436.0,23,-0.05071823891027592,-0.24814483543042262
137,436.0,24,-0.05071823891027592,0.24814483543042262
137,436.0,25,-0.05080065635639651,-0.324289301564285
137,436.0,26,-0.05080065635639651,0.324289301564285
137,436.0,27,-0.06052031543565324,-0.19164694361276055
137,436.0,28,-0.06052031543565324,0.19164694361276055
137,436.0,29,-0.060637625783955956,-0.3624937781078857
137,436.0,30,-0.060637625783955956,0.3624937781078857
137,436.0,31,-0.06668551430826027,-0.025230194107427818
137,436.0,32,-0.06668551430826027,0.025230194107427818
137,436.0,33,-0.06698216142716314,-0.510945949716156
137,436.0,34,-0.06698216142716314,0.510945949716156
137,436.0,35,-0.06968734975635174,-0.039434664919646686
137,436.0,36,-0.06968734975635174,0.039434664919646686
137,436.0,37,-0.08558774891715488,-0.1537001693063685
137,436.0,38,-0.08558774891715488,0.1537001693063685
137,436.0,39,-0.10148936168621385,-0.6887366697891851
137,436.0,40,-0.10148936168621385,0.6887366697891851
138,437.0,1,0.0747016934283465,0.0
138,437.0,2,0.01249535572494111,-0.49386879592181915
138,437.0,3,0.01249535572494111,0.49386879592181915
138,437.0,4,0.004954443909868822,-0.6899714159679232
138,437.0,5,0.004954443909868822,0.6899714159679232
138,437.0,6,-0.0029294891571457096,-0.11089249985908967
138,437.0,7,-0.0029294891571457096,0.11089249985908967
138,437.0,8,-0.0057289284767198054,-0.07188921039275957
138,437.0,9,-0.0057289284767198054,0.07188921039275957
138,437.0,10,-0.011809473204117737,-0.9041861162517262
138,437.0,11,-0.011809473204117737,0.9041861162517262
138,437.0,12,-0.024871554105225964,-0.02427362002120657
138,437.0,13,-0.024871554105225964,0.02427362002120657
138,437.0,14,-0.02677432552256708,-0.6009234462339744
138,437.0,15,-0.02677432552256708,0.6009234462339744
138,437.0,16,-0.03284111915238282,0.0
138,437.0,17,-0.032944371739222045,-0.9991919408609122
138,437.0,18,-0.032944371739222045,0.9991919408609122
138,437.0,19,-0.03841704179939559,-1.287847126838178
138,437.0,20,-0.03841704179939559,1.287847126838178
138,437.0,21,-0.039104010669143194,-0.13384530220949298
138,437.0,22,-0.039104010669143194,0.13384530220949298
138,437.0,23,-0.050290802221560654,-0.24798534608333053
138,437.0,24,-0.050290802221560654,0.24798534608333053
138,437.0,25,-0.050571541740331086,-0.3244097911938923
138,437.0,26,-0.050571541740331086,0.3244097911938923
138,437.0,27,-0.06027288417115593,-0.3623753468018911
138,437.0,28,-0.06027288417115593,0.3623753468018911
138,437.0,29,-0.06036710747110584,-0.19154406618989653
138,437.0,30,-0.06036710747110584,0.19154406618989653
138,437.0,31,-0.06646978245006407,-0.025281909731931767
138,437.0,32,-0.06646978245006407,0.025281909731931767
138,437.0,33,-0.06665076926757349,-0.5109225635376499
138,437.0,34,-0.06665076926757349,0.5109225635376499
138,437.0,35,-0.06938026268747155,-0.039518277504500314
138,437.0,36,-0.06938026268747155,0.039518277504500314
138,437.0,37,-0.08506421076498558,-0.15367242798045552
138,437.0,38,-0.08506421076498558,0.15367242798045552
138,437.0,39,-0.1012246189752056,-0.6888750014092309
138,437.0,40,-0.1012246189752056,0.6888750014092309
139,438.0,1,0.07488858965156735,0.0
139,438.0,2,0.012914781876218306,-0.4934167070715711
139,438.0,3,0.012914781876218306,0.4934167070715711
139,438.0,4,0.005486352270014094,-0.6898452831509392
139,438.0,5,0.005486352270014094,0.6898452831509392
139,438.0,6,-0.002953440355310446,-0.11079382085942634
139,438.0,7,-0.002953440355310446,0.11079382085942634
139,438.0,8,-0.0055345822209949685,-0.07166642731427547
139,438.0,9,-0.0055345822209949685,0.07166642731427547
139,438.0,10,-0.011430673223924631,-0.9039959130441784
139,438.0,11,-0.011430673223924631,0.9039959130441784
139,438.0,12,-0.02468962573048864,-0.023893466935739308
139,438.0,13,-0.02468962573048864,0.023893466935739308
139,438.0,14,-0.026501995967080805,-0.6009559905098857
139,438.0,15,-0.026501995967080805,0.6009559905098857
139,438.0,16,-0.03226558350891992,-0.9988369380521709
139,438.0,17,-0.03226558350891992,0.9988369380521709
139,438.0,18,-0.032953683817276994,0.0
139,438.0,19,-0.03799960667069367,-1.2878353961970186
139,438.0,20,-0.03799960667069367,1.2878353961970186
139,438.0,21,-0.03890564182873252,-0.13352904099457533
139,438.0,22,-0.03890564182873252,0.13352904099457533
139,438.0,23,-0.0498657372069989,-0.24782911763994392
139,438.0,24,-0.0498657372069989,0.24782911763994392
139,438.0,25,-0.05034325983295419,-0.32452847424724796
139,438.0,26,-0.05034325983295419,0.32452847424724796
139,438.0,27,-0.059911542052912825,-0.3622550136045551
139,438.0,28,-0.059911542052912825,0.3622550136045551
139,438.0,29,-0.060216667451186354,-0.1914304816008429
139,438.0,30,-0.060216667451186354,0.1914304816008429
139,438.0,31,-0.06625348982779597,-0.025332781337938162
139,438.0,32,-0.06625348982779597,0.025332781337938162
139,438.0,33,-0.06632118974311443,-0.5108966703827782
139,438.0,34,-0.06632118974311443,0.5108966703827782
139,438.0,35,-0.06907322864093153,-0.039602979720421747
139,438.0,36,-0.06907322864093153,0.039602979720421747
139,438.0,37,-0.08453577599605054,-0.15364616208770393
139,438.0,38,-0.08453577599605054,0.15364616208770393
139,438.0,39,-0.10095988504385761,-0.6890119374682081
139,438.0,40,-0.10095988504385761,0.6890119374682081
140,439.0,1,0.07507871323811331,0.0
140,439.0,2,0.013331340426691304,-0.49295837073919463
140,439.0,3,0.013331340426691304,0.49295837073919463
140,439.0,4,0.0060182115388001806,-0.6897153919472926
140,439.0,5,0.0060182115388001806,0.6897153919472926
140,439.0,6,-0.0029853266532955045,-0.11068237901369381
140,439.0,7,-0.0029853266532955045,0.11068237901369381
140,439.0,8,-0.005342417377671122,-0.07144680631091062
140,439.0,9,-0.005342417377671122,0.07144680631091062
140,439.0,10,-0.011053428647887414,-0.903801727517027
140,439.0,11,-0.011053428647887414,0.903801727517027
140,439.0,12,-0.02450404101959447,-0.023506622542482116
140,439.0,13,-0.02450404101959447,0.023506622542482116
140,439.0,14,-0.02623292938193697,-0.6009889068407258
140,439.0,15,-0.02623292938193697,0.6009889068407258
140,439.0,16,-0.03158821527182626,-0.9984759621864551
140,439.0,17,-0.03158821527182626,0.9984759621864551
140,439.0,18,-0.0330770537249648,0.0
140,439.0,19,-0.03758279672011444,-1.2878208310036767
140,439.0,20,-0.03758279672011444,1.2878208310036767
140,439.0,21,-0.0387091407635903,-0.1332160198277285
140,439.0,22,-0.0387091407635903,0.1332160198277285
140,439.0,23,-0.04944300353968645,-0.24767625765770715
140,439.0,24,-0.04944300353968645,0.24767625765770715
140,439.0,25,-0.05011583203085029,-0.3246453151659537
140,439.0,26,-0.05011583203085029,0.3246453151659537
140,439.0,27,-0.05955358673219966,-0.3621327463291
140,439.0,28,-0.05955358673219966,0.3621327463291
140,439.0,29,-0.06006893688738183,-0.19130591944625236
140,439.0,30,-0.06006893688738183,0.19130591944625236
140,439.0,31,-0.06599340217854784,-0.5108682293578329
140,439.0,32,-0.06599340217854784,0.5108682293578329
140,439.0,33,-0.06603650338820584,-0.02538288229792792
140,439.0,34,-0.06603650338820584,0.02538288229792792
140,439.0,35,-0.06876623125045075,-0.039688771916992015
140,439.0,36,-0.06876623125045075,0.039688771916992015
140,439.0,37,-0.08400234730916625,-0.15362156349242065
140,439.0,38,-0.08400234730916625,0.15362156349242065
140,439.0,39,-0.10069516945359257,-0.6891474379428892
140,439.0,40,-0.10069516945359257,0.6891474379428892
141,440.0,1,0.07527214300551432,0.0
141,440.0,2,0.013745010061772147,-0.4924935358752029
141,440.0,3,0.013745010061772147,0.4924935358752029
141,440.0,4,0.006550028467125969,-0.6895815773123882
141,440.0,5,0.006550028467125969,0.6895815773123882
141,440.0,6,-0.0030255464049435505,-0.11055778843523356
141,440.0,7,-0.0030255464049435505,0.11055778843523356
141,440.0,8,-0.0051523015324470255,-0.07123030366697392
141,440.0,9,-0.0051523015324470255,0.07123030366697392
141,440.0,10,-0.010677725555232526,-0.9036034122151719
141,440.0,11,-0.010677725555232526,0.9036034122151719
141,440.0,12,-0.024314458827255803,-0.023112943134445705
141,440.0,13,-0.024314458827255803,0.023112943134445705
141,440.0,14,-0.02596716483113254,-0.6010222384642909
141,440.0,15,-0.02596716483113254,0.6010222384642909
141,440.0,16,-0.030912185625623326,-0.9981087973322369
141,440.0,17,-0.030912185625623326,0.9981087973322369
141,440.0,18,-0.033212113887158515,0.0
141,440.0,19,-0.037166576128112916,-1.2878033831456328
141,440.0,20,-0.037166576128112916,1.2878033831456328
141,440.0,21,-0.038514285822516536,-0.13290628099902901
141,440.0,22,-0.038514285822516536,0.13290628099902901
141,440.0,23,-0.04902256264812923,-0.24752687903300793
141,440.0,24,-0.04902256264812923,0.24752687903300793
141,440.0,25,-0.049889281169009134,-0.32476027501312926
141,440.0,26,-0.049889281169009134,0.32476027501312926
141,440.0,27,-0.05919900666457112,-0.36200851011070856
141,440.0,28,-0.05919900666457112,0.36200851011070856
141,440.0,29,-0.05992384894420669,-0.19117009316609898
141,440.0,30,-0.05992384894420669,0.19117009316609898
141,440.0,31,-0.06566738557242663,-0.5108371952963389
141,440.0,32,-0.06566738557242663,0.5108371952963389
141,440.0,33,-0.06581868194362289,-0.025432293090630893
141,440.0,34,-0.06581868194362289,0.025432293090630893
141,440.0,35,-0.06845925365366996,-0.039775653781817494
141,440.0,36,-0.06845925365366996,0.039775653781817494
141,440.0,37,-0.08346382354134105,-0.15359883557701154
141,440.0,38,-0.08346382354134105,0.15359883557701154
141,440.0,39,-0.10043048209954343,-0.689281463050115
141,440.0,40,-0.10043048209954343,0.689281463050115
142,441.0,1,0.07546896124093279,0.0
142,441.0,2,0.014155767296978969,-0.4920219355424362
142,441.0,3,0.014155767296978969,0.4920219355424362
142,441.0,4,0.007081811272488053,-0.6894436637551726
142,441.0,5,0.007081811272488053,0.6894436637551726
142,441.0,6,-0.0030745125836100177,-0.11041962869520906
142,441.0,7,-0.0030745125836100177,0.11041962869520906
142,441.0,8,-0.0049640973610457825,-0.07101687849363504
142,441.0,9,-0.0049640973610457825,0.07101687849363504
142,441.0,10,-0.01030354977958639,-0.9034008096153278
142,441.0,11,-0.01030354977958639,0.9034008096153278
142,441.0,12,-0.024120511683679548,-0.022712304756338345
142,441.0,13,-0.024120511683679548,0.022712304756338345
142,441.0,14,-0.02570474433441345,-0.6010560297714631
142,441.0,15,-0.02570474433441345,0.6010560297714631
142,441.0,16,-0.03023740944772363,-0.9977352133233253
142,441.0,17,-0.03023740944772363,0.9977352133233253
142,441.0,18,-0.0333598139488064,0.0
142,441.0,19,-0.036750907258334964,-1.287783000505597
142,441.0,20,-0.036750907258334964,1.287783000505597
142,441.0,21,-0.038320857242872396,-0.13259988064967845
142,441.0,22,-0.038320857242872396,0.13259988064967845
142,441.0,23,-0.048604377645247665,-0.24738110045244763
142,441.0,24,-0.048604377645247665,0.24738110045244763
142,441.0,25,-0.0496636316914142,-0.324873311152745
142,441.0,26,-0.0496636316914142,0.324873311152745
142,441.0,27,-0.05884779147035252,-0.3618822672441973
142,441.0,28,-0.05884779147035252,0.3618822672441973
142,441.0,29,-0.05978132825230005,-0.19102269903066302
142,441.0,30,-0.05978132825230005,0.19102269903066302
142,441.0,31,-0.06534311853507085,-0.5108035184122925
142,441.0,32,-0.06534311853507085,0.5108035184122925
142,441.0,33,-0.06559987542563286,-0.025481102070270642
142,441.0,34,-0.06559987542563286,0.025481102070270642
142,441.0,35,-0.06815227835733711,-0.03986362422508743
142,441.0,36,-0.06815227835733711,0.03986362422508743
142,441.0,37,-0.08292009916714015,-0.15357819418226604
142,441.0,38,-0.08292009916714015,0.15357819418226604
142,441.0,39,-0.10016583312190595,-0.6894139731222666
142,441.0,40,-0.10016583312190595,0.6894139731222666
143,442.0,1,0.07566925396243387,0.0
143,442.0,2,0.01456358631698902,-0.4915432855475107
143,442.0,3,0.01456358631698902,0.4915432855475107
143,442.0,4,0.00761356972737276,-0.6893014642486159
143,442.0,5,0.00761356972737276,0.6893014642486159
143,442.0,6,-0.0031326536788027007,-0.11026744149275206
143,442.0,7,-0.0031326536788027007,0.11026744149275206
143,442.0,8,-0.004777661589781799,-0.0708064925816181
143,442.0,9,-0.004777661589781799,0.0708064925816181
143,442.0,10,-0.009930886860730265,-0.9031937512187939
143,442.0,11,-0.009930886860730265,0.9031937512187939
143,442.0,12,-0.02392180704291754,-0.02230460886879145
143,442.0,13,-0.02392180704291754,0.02230460886879145
143,442.0,14,-0.02544571308867083,-0.6010903263281953
143,442.0,15,-0.02544571308867083,0.6010903263281953
143,442.0,16,-0.029563797533805253,-0.9973549645501584
143,442.0,17,-0.029563797533805253,0.9973549645501584
143,442.0,18,-0.033521166767551056,0.0
143,442.0,19,-0.03633575049572757,-1.2877596266161488
143,442.0,20,-0.03633575049572757,1.2877596266161488
143,442.0,21,-0.03812863847062668,-0.13229689061071337
143,442.0,22,-0.03812863847062668,0.13229689061071337
143,442.0,23,-0.04818841324866446,-0.24723904690173396
143,442.0,24,-0.04818841324866446,0.24723904690173396
143,442.0,25,-0.049438909840274436,-0.3249843768906846
143,442.0,26,-0.049438909840274436,0.3249843768906846
143,442.0,27,-0.05849993194765685,-0.36175397700354944
143,442.0,28,-0.05849993194765685,0.36175397700354944
143,442.0,29,-0.059641290757635294,-0.19086341493675035
143,442.0,30,-0.059641290757635294,0.19086341493675035
143,442.0,31,-0.0650205792177949,-0.5107671439119402
143,442.0,32,-0.0650205792177949,0.5107671439119402
143,442.0,33,-0.06537992404109617,-0.025529406346634167
143,442.0,34,-0.06537992404109617,0.025529406346634167
143,442.0,35,-0.06784528709503751,-0.03995268123959485
143,442.0,36,-0.06784528709503751,0.03995268123959485
143,442.0,37,-0.08237106369942934,-0.153559868704804
143,442.0,38,-0.08237106369942934,0.153559868704804
143,442.0,39,-0.09990123282060409,-0.6895449284697691
143,442.0,40,-0.09990123282060409,0.6895449284697691
144,443.0,1,0.07587311120471935,0.0
144,443.0,2,0.014968438798893272,-0.49105728292199574
144,443.0,3,0.014968438798893272,0.49105728292199574
144,443.0,4,0.0081453152545915,-0.6891547790087373
144,443.0,5,0.0081453152545915,0.6891547790087373
144,443.0,6,-0.0032004145679477803,-0.11010072698310405
144,443.0,7,-0.0032004145679477803,0.11010072698310405
144,443.0,8,-0.004592843840721951,-0.07059911024520744
144,443.0,9,-0.004592843840721951,0.07059911024520744
144,443.0,10,-0.009559721989108122,-0.9029820565398311
144,443.0,11,-0.009559721989108122,0.9029820565398311
144,443.0,12,-0.02371792990118231,-0.02188978860835026
144,443.0,13,-0.02371792990118231,0.02188978860835026
144,443.0,14,-0.025190119709554537,-0.6011251748886675
144,443.0,15,-0.025190119709554537,0.6011251748886675
144,443.0,16,-0.028891256194696874,-0.9969677886177336
144,443.0,17,-0.028891256194696874,0.9969677886177336
144,443.0,18,-0.03369724437307128,0.0
144,443.0,19,-0.03592106406626017,-1.287733200275606
144,443.0,20,-0.03592106406626017,1.287733200275606
144,443.0,21,-0.03793741781824027,-0.13199740042914784
144,443.0,22,-0.03793741781824027,0.13199740042914784
144,443.0,23,-0.04777463569118395,-0.24710085024138545
144,443.0,24,-0.04777463569118395,0.24710085024138545
144,443.0,25,-0.0492151438666309,-0.32509342107172584
144,443.0,26,-0.0492151438666309,0.32509342107172584
144,443.0,27,-0.0581554200860023,-0.36162359544115474
144,443.0,28,-0.0581554200860023,0.36162359544115474
144,443.0,29,-0.05950364361270698,-0.19069189896616734
144,443.0,30,-0.05950364361270698,0.19069189896616734
144,443.0,31,-0.06469974523193182,-0.5107280115583532
144,443.0,32,-0.06469974523193182,0.5107280115583532
144,443.0,33,-0.06515865731678991,-0.025577312795355828
144,443.0,34,-0.06515865731678991,0.025577312795355828
144,443.0,35,-0.06753826067667727,-0.04004282173009571
144,443.0,36,-0.06753826067667727,0.04004282173009571
144,443.0,37,-0.08181660097577154,-0.15354410338434293
144,443.0,38,-0.08181660097577154,0.15354410338434293
144,443.0,39,-0.0996366915729122,-0.689674289229684
144,443.0,40,-0.0996366915729122,0.689674289229684
145,444.0,1,0.07608062733189036,0.0
145,444.0,2,0.015370293717848135,-0.49056360423287476
145,444.0,3,0.015370293717848135,0.49056360423287476
145,444.0,4,0.008677061030623018,-0.689003394122257
145,444.0,5,0.008677061030623018,0.689003394122257
145,444.0,6,-0.0032782573445876585,-0.10991893974046937
145,444.0,7,-0.0032782573445876585,0.10991893974046937
145,444.0,8,-0.00440948533694002,-0.07039469815235895
145,444.0,9,-0.00440948533694002,0.07039469815235895
145,444.0,10,-0.009190039941795236,-0.9027655319750839
145,444.0,11,-0.009190039941795236,0.9027655319750839
145,444.0,12,-0.02350844718845471,-0.021467815446997118
145,444.0,13,-0.02350844718845471,0.021467815446997118
145,444.0,14,-0.024938016495514505,-0.6011606233969146
145,444.0,15,-0.024938016495514505,0.6011606233969146
145,444.0,16,-0.028219686805435906,-0.9965734048518702
145,444.0,17,-0.028219686805435906,0.9965734048518702
145,444.0,18,-0.033889170513623855,0.0
145,444.0,19,-0.03550680383569013,-1.2877036551193215
145,444.0,20,-0.03550680383569013,1.2877036551193215
145,444.0,21,-0.037746990536853514,-0.1317015195830739
145,444.0,22,-0.037746990536853514,0.1317015195830739
145,444.0,23,-0.04736301262021624,-0.24696664985994948
145,444.0,24,-0.04736301262021624,0.24696664985994948
145,444.0,25,-0.048992364265456,-0.32520038762574394
145,444.0,26,-0.048992364265456,0.32520038762574394
145,444.0,27,-0.05781424908024878,-0.36149107516439866
145,444.0,28,-0.05781424908024878,0.36149107516439866
145,444.0,29,-0.059368285115052814,-0.19050778765347773
145,444.0,30,-0.059368285115052814,0.19050778765347773
145,444.0,31,-0.06438059355589593,-0.5106860551820558
145,444.0,32,-0.06438059355589593,0.5106860551820558
145,444.0,33,-0.06493589301682587,-0.02562493922147509
145,444.0,34,-0.06493589301682587,0.02562493922147509
145,444.0,35,-0.06723117882875347,-0.04013404130460916
145,444.0,36,-0.06723117882875347,0.04013404130460916
145,444.0,37,-0.08125658831185728,-0.1535311588211103
145,444.0,38,-0.08125658831185728,0.1535311588211103
145,444.0,39,-0.09937221975377689,-0.6898020151991805
145,444.0,40,-0.09937221975377689,0.6898020151991805
146,445.0,1,0.07629190138026587,0.0
146,445.0,2,0.015769117133050542,-0.490061903698511
146,445.0,3,0.015769117133050542,0.490061903698511
146,445.0,4,0.00920882209804455,-0.688847079998976
146,445.0,5,0.00920882209804455,0.688847079998976
146,445.0,6,-0.0033666620792238873,-0.1097214843354794
146,445.0,7,-0.0033666620792238873,0.1097214843354794
146,445.0,8,-0.004227417438912393,-0.07019322513373626
146,445.0,9,-0.004227417438912393,0.07019322513373626
146,445.0,10,-0.008821825008363371,-0.9025439695364171
146,445.0,11,-0.008821825008363371,0.9025439695364171
146,445.0,12,-0.02329291437017567,-0.02103870590687064
146,445.0,13,-0.02329291437017567,0.02103870590687064
146,445.0,14,-0.024689459716743918,-0.6011967209730059
146,445.0,15,-0.024689459716743918,0.6011967209730059
146,445.0,16,-0.02754898529947994,-0.9961715126327066
146,445.0,17,-0.02754898529947994,0.9961715126327066
146,445.0,18,-0.034098108932109815,0.0
146,445.0,19,-0.03509292308427231,-1.2876709191402562
146,445.0,20,-0.03509292308427231,1.2876709191402562
146,445.0,21,-0.03755716139511385,-0.1314093798810025
146,445.0,22,-0.03755716139511385,0.1314093798810025
146,445.0,23,-0.04695351298492856,-0.24683659341760078
146,445.0,24,-0.04695351298492856,0.24683659341760078
146,445.0,25,-0.04877060403892828,-0.325305215054916
146,445.0,26,-0.04877060403892828,0.325305215054916
146,445.0,27,-0.05747641334453059,-0.3613563650867865
146,445.0,28,-0.05747641334453059,0.3613563650867865
146,445.0,29,-0.05923510469730793,-0.19031069389775643
146,445.0,30,-0.05923510469730793,0.19031069389775643
146,445.0,31,-0.06406310042818077,-0.5106412021297309
146,445.0,32,-0.06406310042818077,0.5106412021297309
146,445.0,33,-0.06471143591450074,-0.025672415703791376
146,445.0,34,-0.06471143591450074,0.025672415703791376
146,445.0,35,-0.06692402002408027,-0.04022633401869324
146,445.0,36,-0.06692402002408027,0.04022633401869324
146,445.0,37,-0.08069089549997763,-0.15352131377321784
146,445.0,38,-0.08069089549997763,0.15352131377321784
146,445.0,39,-0.09910782765839515,-0.6899280656524075
146,445.0,40,-0.09910782765839515,0.6899280656524075
147,446.0,1,0.07650703743412063,0.0
147,446.0,2,0.01616487195181765,-0.48955181108328516
147,446.0,3,0.01616487195181765,0.48955181108328516
147,446.0,4,0.009740615488366966,-0.6886855896214575
147,446.0,5,0.009740615488366966,0.6886855896214575
147,446.0,6,-0.0034661274822835823,-0.10950771051308639
147,446.0,7,-0.0034661274822835823,0.10950771051308639
147,446.0,8,-0.0040464599775590065,-0.06999466196168981
147,446.0,9,-0.0040464599775590065,0.06999466196168981
147,446.0,10,-0.00845506090474099,-0.902317145427435
147,446.0,11,-0.00845506090474099,0.902317145427435
147,446.0,12,-0.02307088468888878,-0.020602527795717994
147,446.0,13,-0.02307088468888878,0.020602527795717994
147,446.0,14,-0.024444509931617883,-0.6012335178790486
147,446.0,15,-0.024444509931617883,0.6012335178790486
147,446.0,16,-0.026879041599791847,-0.9957617895312
147,446.0,17,-0.026879041599791847,0.9957617895312
147,446.0,18,-0.03432524652851222,0.0
147,446.0,19,-0.03467937225398782,-1.2876349141514603
147,446.0,20,-0.03467937225398782,1.2876349141514603
147,446.0,21,-0.03736774787675771,-0.13112113803124115
147,446.0,22,-0.03736774787675771,0.13112113803124115
147,446.0,23,-0.04654610690972445,-0.24671083769466104
147,446.0,24,-0.04654610690972445,0.24671083769466104
147,446.0,25,-0.048549898992077206,-0.3254078358525614
147,446.0,26,-0.048549898992077206,0.3254078358525614
147,446.0,27,-0.05714190852564817,-0.36121941015047637
147,446.0,28,-0.05714190852564817,0.36121941015047637
147,446.0,29,-0.059103982970736164,-0.19010020443898237
147,446.0,30,-0.059103982970736164,0.19010020443898237
147,446.0,31,-0.06374724122378846,-0.5105933726417664
147,446.0,32,-0.06374724122378846,0.5105933726417664
147,446.0,33,-0.0644850763972177,-0.025719886152771074
147,446.0,34,-0.0644850763972177,0.025719886152771074
147,446.0,35,-0.0666167613000225,-0.04031969206111048
147,446.0,36,-0.0666167613000225,0.04031969206111048
147,446.0,37,-0.08011938362742299,-0.1535148672959714
147,446.0,38,-0.08011938362742299,0.1535148672959714
147,446.0,39,-0.09884352542662302,-0.6900523991389722
147,446.0,40,-0.09884352542662302,0.6900523991389722
148,447.0,1,0.07672614503806043,0.0
148,447.0,2,0.016557517669156793,-0.489032929338414
148,447.0,3,0.016557517669156793,0.489032929338414
148,447.0,4,0.010272460356747504,-0.6885186565582678
148,447.0,5,0.010272460356747504,0.6885186565582678
148,447.0,6,-0.003577171433134475,-0.10927690796530373
148,447.0,7,-0.003577171433134475,0.10927690796530373
148,447.0,8,-0.0038664193426832813,-0.06979898108646358
148,447.0,9,-0.0038664193426832813,0.06979898108646358
148,447.0,10,-0.008089730672828949,-0.902084818439555
148,447.0,11,-0.008089730672828949,0.902084818439555
148,447.0,12,-0.02284192140328876,-0.02015940520000723
148,447.0,13,-0.02284192140328876,0.02015940520000723
148,447.0,14,-0.02420323233369679,-0.601271065458874
148,447.0,15,-0.02420323233369679,0.601271065458874
148,447.0,16,-0.026209738976878116,-0.9953438892197727
148,447.0,17,-0.026209738976878116,0.9953438892197727
148,447.0,18,-0.034266098664065936,-1.2875955551816995
148,447.0,19,-0.034266098664065936,1.2875955551816995
148,447.0,20,-0.034571770713574056,0.0
148,447.0,21,-0.03717858413070383,-0.1308369783535413
148,447.0,22,-0.03717858413070383,0.1308369783535413
148,447.0,23,-0.04614076555256616,-0.24658954956283088
148,447.0,24,-0.04614076555256616,0.24658954956283088
148,447.0,25,-0.0483302880658569,-0.325508175842094
148,447.0,26,-0.0483302880658569,0.325508175842094
148,447.0,27,-0.056810731515393086,-0.36108015101658764
148,447.0,28,-0.056810731515393086,0.36108015101658764
148,447.0,29,-0.058974791822106784,-0.18987587680101406
148,447.0,30,-0.058974791822106784,0.18987587680101406
148,447.0,31,-0.06343299031096158,-0.5105424791476155
148,447.0,32,-0.06343299031096158,0.5105424791476155
148,447.0,33,-0.06425658887948171,-0.025767510121369436
148,447.0,34,-0.06425658887948171,0.025767510121369436
148,447.0,35,-0.06630937806345052,-0.04041410536717949
148,447.0,36,-0.06630937806345052,0.04041410536717949
148,447.0,37,-0.07954190368436428,-0.15351214130040117
148,447.0,38,-0.07954190368436428,0.15351214130040117
148,447.0,39,-0.09857932296864821,-0.6901749732618239
148,447.0,40,-0.09857932296864821,0.6901749732618239
149,448.0,1,0.07694933964953451,0.0
149,448.0,2,0.016947010079984923,-0.4885048319521148
149,448.0,3,0.016947010079984923,0.4885048319521148
149,448.0,4,0.01080437813024486,-0.6883459927014716
149,448.0,5,0.01080437813024486,0.6883459927014716
149,448.0,6,-0.0036870862771660497,-0.0696061563132224
149,448.0,7,-0.0036870862771660497,0.0696061563132224
149,448.0,8,-0.003700331331582249,-0.10902830070823386
149,448.0,9,-0.003700331331582249,0.10902830070823386
149,448.0,10,-0.007725816562984544,-0.9018467281398304
149,448.0,11,-0.007725816562984544,0.9018467281398304
149,448.0,12,-0.022605613214116086,-0.01970952122912567
149,448.0,13,-0.022605613214116086,0.01970952122912567
149,448.0,14,-0.02396569713254766,-0.6013094160435154
149,448.0,15,-0.02396569713254766,0.6013094160435154
149,448.0,16,-0.025540953322209597,-0.9949174391236859
149,448.0,17,-0.025540953322209597,0.9949174391236859
149,448.0,18,-0.03385304618994184,-1.2875527497941135
149,448.0,19,-0.03385304618994184,1.2875527497941135
149,448.0,20,-0.034838840595280064,0.0
149,448.0,21,-0.036989525834461384,-0.13055711558602476
149,448.0,22,-0.036989525834461384,0.13055711558602476
149,448.0,23,-0.04573746094654152,-0.24647290709979097
149,448.0,24,-0.04573746094654152,0.24647290709979097
149,448.0,25,-0.0481118137134241,-0.32560615342255356
149,448.0,26,-0.0481118137134241,0.32560615342255356
149,448.0,27,-0.056482880460941604,-0.3609385237190826
149,448.0,28,-0.056482880460941604,0.3609385237190826
149,448.0,29,-0.05884739455955522,-0.18963723558136802
149,448.0,30,-0.05884739455955522,0.18963723558136802
149,448.0,31,-0.06312032088454383,-0.510488425466002
149,448.0,32,-0.06312032088454383,0.510488425466002
149,448.0,33,-0.0640257299946433,-0.025815464915924072
149,448.0,34,-0.0640257299946433,0.025815464915924072
149,448.0,35,-0.06600184388111295,-0.04050956114207671
149,448.0,36,-0.06600184388111295,0.04050956114207671
149,448.0,37,-0.07895829492614012,-0.15351348362809836
149,448.0,38,-0.07895829492614012,0.15351348362809836
149,448.0,39,-0.09818642109387611,-0.22945055271491938
149,448.0,40,-0.09818642109387611,0.22945055271491938
150,449.0,1,0.07717674313567244,0.0
150,449.0,2,0.017333300960795387,-0.48796705996503736
150,449.0,3,0.017333300960795387,0.48796705996503736
150,449.0,4,0.011336392671644963,-0.6881672856807276
150,449.0,5,0.011336392671644963,0.6881672856807276
150,449.0,6,-0.0035082333168164424,-0.06941616239769885
150,449.0,7,-0.0035082333168164424,0.06941616239769885
150,449.0,8,-0.003836164223335903,-0.10876104109350378
150,449.0,9,-0.003836164223335903,0.10876104109350378
150,449.0,10,-0.007363299896038927,-0.9016025928171824
150,449.0,11,-0.007363299896038927,0.9016025928171824
150,449.0,12,-0.022361592778092756,-0.01925311728072755
150,449.0,13,-0.022361592778092756,0.01925311728072755
150,449.0,14,-0.02373197997198321,-0.6013486228123849
150,449.0,15,-0.02373197997198321,0.6013486228123849
150,449.0,16,-0.024872552323151886,-0.9944820377738802
150,449.0,17,-0.024872552323151886,0.9944820377738802
150,449.0,18,-0.033440154899825464,-1.287506397315762
150,449.0,19,-0.033440154899825464,1.287506397315762
150,449.0,20,-0.035127552218916204,0.0
150,449.0,21,-0.036800456160706305,-0.13028179771322862
150,449.0,22,-0.036800456160706305,0.13028179771322862
150,449.0,23,-0.04533616582284615,-0.24636110087200044
150,449.0,24,-0.04533616582284615,0.24636110087200044
150,449.0,25,-0.047894522326535745,-0.3257016787042622
150,449.0,26,-0.047894522326535745,0.3257016787042622
150,449.0,27,-0.056158354772400956,-0.3607944592775088
150,449.0,28,-0.056158354772400956,0.3607944592775088
150,449.0,29,-0.0587216460985552,-0.18938376794023226
150,449.0,30,-0.0587216460985552,0.18938376794023226
150,449.0,31,-0.06280920477136995,-0.5104311058944889
150,449.0,32,-0.06280920477136995,0.5104311058944889
150,449.0,33,-0.0637922365307111,-0.02586394806398763
150,449.0,34,-0.0637922365307111,0.02586394806398763
150,449.0,35,-0.06569413025377749,-0.04060604327228055
150,449.0,36,-0.06569413025377749,0.04060604327228055
150,449.0,37,-0.07836838294816774,-0.1535192717647135
150,449.0,38,-0.07836838294816774,0.1535192717647135
150,449.0,39,-0.09765270019586497,-0.22958083162553558
150,449.0,40,-0.09765270019586497,0.22958083162553558
151,450.0,1,0.0774084843185142,0.0
151,450.0,2,0.01771633771721308,-0.4874191185997698
151,450.0,3,0.01771633771721308,0.4874191185997698
151,450.0,4,0.011868530460986682,-0.6879821958966443
151,450.0,5,0.011868530460986682,0.6879821958966443
151,450.0,6,-0.003329611803032482,-0.06922897453068061
151,450.0,7,-0.003329611803032482,0.06922897453068061
151,450.0,8,-0.003985246646351687,-0.10847420351554393
151,450.0,9,-0.003985246646351687,0.10847420351554393
151,450.0,10,-0.007002160900513699,-0.901352107147643
151,450.0,11,-0.007002160900513699,0.901352107147643
151,450.0,12,-0.022109557792359492,-0.018790487457549153
151,450.0,13,-0.022109557792359492,0.018790487457549153
151,450.0,14,-0.023502162389626713,-0.6013887395969995
151,450.0,15,-0.023502162389626713,0.6013887395969995
151,450.0,16,-0.02420439452287551,-0.9940372518147137
151,450.0,17,-0.02420439452287551,0.9940372518147137
151,450.0,18,-0.03302736064203726,-1.2874563879638665
151,450.0,19,-0.03302736064203726,1.2874563879638665
151,450.0,20,-0.03543889892028886,0.0
151,450.0,21,-0.03661129307123849,-0.1300113087042166
151,450.0,22,-0.03661129307123849,0.1300113087042166
151,450.0,23,-0.04493685341329784,-0.24625433541526925
151,450.0,24,-0.04493685341329784,0.24625433541526925
151,450.0,25,-0.04767846472010852,-0.3257946525147742
151,450.0,26,-0.04767846472010852,0.3257946525147742
151,450.0,27,-0.05583715512611938,-0.36064788326298547
151,450.0,28,-0.05583715512611938,0.36064788326298547
151,450.0,29,-0.0585973931723476,-0.18911491810658562
151,450.0,30,-0.0585973931723476,0.18911491810658562
151,450.0,31,-0.06249961220209773,-0.510370404169983
151,450.0,32,-0.06249961220209773,0.510370404169983
151,450.0,33,-0.06355582306903715,-0.025913180207778455
151,450.0,34,-0.06355582306903715,0.025913180207778455
151,450.0,35,-0.06538620637274932,-0.040703531597445684
151,450.0,36,-0.06538620637274932,0.040703531597445684
151,450.0,37,-0.0777719774244506,-0.15352991734754007
151,450.0,38,-0.0777719774244506,0.15352991734754007
151,450.0,39,-0.09711670694000306,-0.22972520074882427
151,450.0,40,-0.09711670694000306,0.22972520074882427
