Lx,Lz,alpha,gamma,id,norm,shear,dissipation,residual
5.0,2.3333333333333335,1.2566370614359172,2.6927937030769655,1,0.29869086532785666,2.889739725386406,2.6405947962829988,8.780677967510192e-14
5.0,2.3333333333333335,1.2566370614359172,2.6927937030769655,2,0.10753952322374316,1.292586767809953,1.3375342308081535,1.4999075466777446e-8
13.75,9.333333333333334,0.4569589314312426,0.6731984257692414,1,0.2596296702802489,1.4240806455631247,1.5362574452006568,3.0294546646824626e-13
13.75,9.333333333333334,0.4569589314312426,0.6731984257692414,2,0.28165086504063314,1.6115343613072457,1.5373453592745865,1.7190485912287234e-10
12.5,8.333333333333334,0.5026548245743669,0.7539822368615503,1,0.25491190979412043,1.4400297015858459,1.5864946291102153,4.3118880646513114e-10
12.5,8.333333333333334,0.5026548245743669,0.7539822368615503,2,0.2826727659256086,1.6590229436862027,1.604658153399416,2.6614769436070053e-11
11.25,7.333333333333333,0.5585053606381855,0.85679799643358,1,0.29656150884231686,1.7201951331089123,1.696459267130186,1.4228062322955991e-8
11.25,7.333333333333333,0.5585053606381855,0.85679799643358,2,0.252141433179457,1.457006881837021,1.649867708626499,3.1742025359377596e-8
10.0,6.333333333333333,0.6283185307179586,0.9920818906073031,1,0.30441417500616225,1.821594705851568,1.7795981900990943,2.241445364332711e-8
10.0,6.333333333333333,0.6283185307179586,0.9920818906073031,2,0.25021912904820653,1.473690377437078,1.7275913157991463,5.276760544563914e-12
7.5,4.333333333333333,0.8377580409572781,1.4499658401183662,1,0.2549446741359444,1.260086008263728,1.271249128708627,3.192427275128824e-8
7.5,4.333333333333333,0.8377580409572781,1.4499658401183662,2,0.16721704109292107,1.221073797809777,1.4331387415355177,1.9652048704499284e-8
8.75,5.333333333333333,0.7180783208205241,1.1780972450961724,1,0.24216251698963479,1.465417953262908,1.781406895629381,8.979066396645317e-12
6.25,3.3333333333333335,1.0053096491487339,1.8849555921538759,1,0.104887799236832,1.1269705467056563,1.2194901578011232,2.9174185656644247e-9
5.0,2.6666666666666665,1.2566370614359172,2.356194490192345,1,0.10752576692646593,1.208268342820366,1.300668058783446,4.864066489687891e-13
13.75,9.666666666666666,0.4569589314312426,0.6499846869496124,1,0.27125629527126954,1.4543478220079877,1.5636486568280024,6.009470515255886e-10
13.75,9.666666666666666,0.4569589314312426,0.6499846869496124,2,0.2871463838639993,1.6176656220767667,1.5445776759160383,1.080989480833036e-9
12.5,8.666666666666666,0.5026548245743669,0.7249829200591831,1,0.2665106336173225,1.4750196051366586,1.617048543435606,1.6173279600914792e-12
12.5,8.666666666666666,0.5026548245743669,0.7249829200591831,2,0.28524104292353747,1.665084854503668,1.6103275245696131,4.640442974708877e-14
11.25,7.666666666666667,0.5585053606381855,0.8195459096321199,1,0.2643445444777469,1.500147992686526,1.6870302616332102,2.9883288578861764e-13
11.25,7.666666666666667,0.5585053606381855,0.8195459096321199,2,0.29509852177710993,1.6985029787972736,1.7001482750619963,2.6224007687089763e-8
10.0,6.666666666666667,0.6283185307179586,0.9424777960769379,1,0.3075376158075489,1.8052423410197824,1.7859074646615338,1.0839597552413108e-10
10.0,6.666666666666667,0.6283185307179586,0.9424777960769379,2,0.2649983039163595,1.5348903216180623,1.7840894820619317,3.7978060019531057e-10
10.0,6.666666666666667,0.6283185307179586,0.9424777960769379,3,0.48713047635895607,2.7856460025183942,2.9429939895524075,1.1518025551733287e-9
7.5,4.666666666666667,0.8377580409572781,1.3463968515384828,1,0.26929410552758454,1.3329031123877564,1.3634590938248126,6.531916899189813e-11
7.5,4.666666666666667,0.8377580409572781,1.3463968515384828,2,0.25615762054702024,1.5797675902702804,1.9670239063555044,3.054584915553905e-11
7.5,4.666666666666667,0.8377580409572781,1.3463968515384828,3,0.2401254982740134,1.2048586297512398,1.2046143141036127,4.2034476923758493e-13
8.75,5.666666666666667,0.7180783208205241,1.1087974071493387,1,0.2667364129990384,1.5811085403163339,1.9091940244048078,7.01177516952581e-12
6.25,3.6666666666666665,1.0053096491487339,1.71359599286716,1,0.14551060924528955,1.1998834330257362,1.385142087353524,4.1439433306606913e-10
6.25,3.6666666666666665,1.0053096491487339,1.71359599286716,2,0.24923011709991075,1.3105768545436702,1.3232962148968594,9.239140116144478e-12
5.0,3.0,1.2566370614359172,2.0943951023931953,1,0.1421906478195862,1.2633642053335734,1.4527239491624595,5.002194918657103e-12
5.0,3.0,1.2566370614359172,2.0943951023931953,2,0.39754804347868994,2.5646239716877557,2.68806018202188,7.221089316563899e-14
13.75,10.0,0.4569589314312426,0.6283185307179586,1,0.28239259798628763,1.481895677668204,1.5880157596489486,3.291414395609398e-10
13.75,10.0,0.4569589314312426,0.6283185307179586,2,0.2944765656162395,1.6259021355095653,1.5556892635166144,3.214260503955396e-11
12.5,9.0,0.5026548245743669,0.6981317007977318,1,0.2772875200951701,1.5057476324444625,1.642670182285579,5.1650005635563054e-11
12.5,9.0,0.5026548245743669,0.6981317007977318,2,0.2902610586128819,1.6752110572051622,1.6208478599816671,1.3140051690156294e-12
11.25,8.0,0.5585053606381855,0.7853981633974483,1,0.2750337525238279,1.5358757930554785,1.7150047139075575,2.4045938406960415e-12
11.25,8.0,0.5585053606381855,0.7853981633974483,2,0.2982497967666845,1.709073111422695,1.7170727321020214,6.638237935970013e-11
10.0,7.0,0.6283185307179586,0.8975979010256552,1,0.3148277866893938,1.7766054132459894,1.8005474734616769,2.873406338694482e-9
10.0,7.0,0.6283185307179586,0.8975979010256552,2,0.2764869156951068,1.5806678871782567,1.8196346830403325,6.157764860014939e-13
8.75,6.0,0.7180783208205241,1.0471975511965976,1,0.2833320484310165,1.6583968923584798,1.9734056284977575,2.213967865668544e-10
7.5,5.0,0.8377580409572781,1.2566370614359172,1,0.230648394485971,1.1735239216795497,1.168116359085871,1.1146743464482923e-12
7.5,5.0,0.8377580409572781,1.2566370614359172,2,0.2605648394529974,1.30507651040931,1.3265363757668855,1.814597015960489e-9
6.25,4.0,1.0053096491487339,1.5707963267948966,1,0.23075654997325368,1.2347399305440008,1.2313803450155942,1.4695596622341687e-9
5.0,3.3333333333333335,1.2566370614359172,1.8849555921538759,1,0.230392596143996,1.3132546573526869,1.3147908699010802,1.647616655314028e-8
5.0,3.3333333333333335,1.2566370614359172,1.8849555921538759,2,0.2608841795458295,1.8535074016941753,2.229182747648947,4.545505479736684e-13
12.5,9.333333333333334,0.5026548245743669,0.6731984257692414,1,0.2875653104631326,1.533416748042606,1.6650124178635113,7.16207254393919e-13
12.5,9.333333333333334,0.5026548245743669,0.6731984257692414,2,0.29699176292027263,1.6868314526732415,1.6345513945738073,1.5796570334611179e-10
11.25,8.333333333333334,0.5585053606381855,0.7539822368615503,1,0.28485523389321576,1.5666628491152264,1.7373881987063706,2.704244288387385e-9
11.25,8.333333333333334,0.5585053606381855,0.7539822368615503,2,0.30388195639982446,1.7318542891691775,1.737850199112002,2.1404954721084744e-10
10.0,7.333333333333333,0.6283185307179586,0.85679799643358,1,0.3173924122454285,1.7396999324369664,1.8163168698680254,1.4934583130449278e-9
10.0,7.333333333333333,0.6283185307179586,0.85679799643358,2,0.2862333517812717,1.6170966357977328,1.843557881962543,7.183749114544837e-12
8.75,6.333333333333333,0.7180783208205241,0.9920818906073031,1,0.29375944940175597,1.7110271115513505,2.016319111171673,7.7861419688972e-9
8.75,6.333333333333333,0.7180783208205241,0.9920818906073031,2,0.3261015477433654,1.8994690364834426,1.9174430222327938,1.053994966184899e-9
7.5,5.333333333333333,0.8377580409572781,1.1780972450961724,1,0.22368115786829365,1.153096491144626,1.1447911286548895,3.576671487897184e-8
7.5,5.333333333333333,0.8377580409572781,1.1780972450961724,2,0.2529824165346662,1.282276012871417,1.2956598046813455,1.3726822886111421e-11
7.5,5.333333333333333,0.8377580409572781,1.1780972450961724,3,0.30522901316588974,1.8321702409808052,2.1782940332631453,5.156745379649195e-9
6.25,4.333333333333333,1.0053096491487339,1.4499658401183662,1,0.21921983938705877,1.1925840000625416,1.1831033725278994,8.515871877555587e-14
6.25,4.333333333333333,1.0053096491487339,1.4499658401183662,2,0.2967086472916546,1.924217086162193,2.3374617047068824,2.9335282156158576e-13
6.25,4.333333333333333,1.0053096491487339,1.4499658401183662,3,0.25892412651908725,1.3855547024416528,1.4305366787214204,3.437721937229007e-8
5.0,3.6666666666666665,1.2566370614359172,1.71359599286716,1,0.2131612576955189,1.2391953922962715,1.2274445236486937,4.807107785011049e-12
5.0,3.6666666666666665,1.2566370614359172,1.71359599286716,2,0.3604138429769275,2.8712933588743565,2.870797951532473,2.837528481389641e-9
12.5,9.666666666666666,0.5026548245743669,0.6499846869496124,1,0.3052201535158606,1.6993856916726848,1.6513245909277687,2.8220646003019997e-12
12.5,9.666666666666666,0.5026548245743669,0.6499846869496124,2,0.2975481834831824,1.5588584407810393,1.685150344800054,3.193222078162086e-14
11.25,8.666666666666666,0.5585053606381855,0.7249829200591831,1,0.29417802030028345,1.5940611478209545,1.7563012219534455,2.9300424910157156e-10
11.25,8.666666666666666,0.5585053606381855,0.7249829200591831,2,0.3103135832920417,1.7568623035617676,1.7584687132977996,2.838891942069975e-8
10.0,7.666666666666667,0.6283185307179586,0.8195459096321199,1,0.2950120434355084,1.6475466502800036,1.860751272423416,2.8561387147800375e-11
10.0,7.666666666666667,0.6283185307179586,0.8195459096321199,2,0.31939619169640704,1.7355546253000398,1.8470602917915628,9.221341196153295e-13
7.5,5.666666666666667,0.8377580409572781,1.1087974071493387,1,0.2183312276461666,1.1390804986268503,1.1289075006615699,2.4369594643781928e-8
7.5,5.666666666666667,0.8377580409572781,1.1087974071493387,2,0.32552830888036494,1.906814268022131,2.1797532953122305,2.8723167648786785e-11
7.5,5.666666666666667,0.8377580409572781,1.1087974071493387,3,0.24581109680333013,1.2613396107858241,1.2671122333089462,1.272216395100764e-10
7.5,5.666666666666667,0.8377580409572781,1.1087974071493387,4,0.31550926029826126,1.9330019989497995,2.290062070695858,2.0982723830852267e-11
7.5,5.666666666666667,0.8377580409572781,1.1087974071493387,5,0.46322340850999677,3.0714737771527343,3.1845541604993715,1.5705020462842346e-12
8.75,6.666666666666667,0.7180783208205241,0.9424777960769379,1,0.30306540558517786,1.7525388709791319,2.039041330156364,8.375841064379593e-9
8.75,6.666666666666667,0.7180783208205241,0.9424777960769379,2,0.38571472276925783,2.176508486642705,2.2384715507365254,2.351761852484509e-12
8.75,6.666666666666667,0.7180783208205241,0.9424777960769379,3,0.3266978702205672,1.7937833352222916,1.9956557592921946,2.463488818525216e-10
6.25,4.666666666666667,1.0053096491487339,1.3463968515384828,1,0.36255194910010213,2.4866729475100167,2.5516713356062546,6.503186643185924e-12
6.25,4.666666666666667,1.0053096491487339,1.3463968515384828,2,0.2476824982210532,1.3472629732809767,1.3787496372390784,9.17117875129341e-12
6.25,4.666666666666667,1.0053096491487339,1.3463968515384828,3,0.21065608461837762,1.1651713963153958,1.152865739332688,2.960469567868711e-14
5.0,4.0,1.2566370614359172,1.5707963267948966,1,0.20157462711717844,1.1955838567505799,1.1793595088829738,4.684018612303437e-9
12.5,10.0,0.5026548245743669,0.6283185307179586,1,0.3149794950109088,1.71306832472933,1.6717380128248842,4.2343183153036333e-13
12.5,10.0,0.5026548245743669,0.6283185307179586,2,0.30737243118182717,1.582670254473613,1.7038145364346495,1.2790865226387788e-13
11.25,9.0,0.5585053606381855,0.6981317007977318,1,0.3032282929880567,1.6191010038476294,1.7730699873439257,2.768036031355759e-8
11.25,9.0,0.5585053606381855,0.6981317007977318,2,0.3172247724126088,1.780364728395912,1.7788076186098096,1.4373323365567696e-12
10.0,8.0,0.6283185307179586,0.7853981633974483,1,0.3032615305965442,1.6740832153281506,1.8740768053254164,2.0033685715361335e-10
10.0,8.0,0.6283185307179586,0.7853981633974483,2,0.32557597230697066,1.7561197516752727,1.867014642148527,4.1906557299736047e-13
8.75,7.0,0.7180783208205241,0.8975979010256552,1,0.31107429788379687,1.7851689940221722,2.0514484722782447,1.5776548045560015e-9
7.5,6.0,0.8377580409572781,1.0471975511965976,1,0.21421380653544614,1.129388342794784,1.1178481530340383,8.04768146813673e-13
7.5,6.0,0.8377580409572781,1.0471975511965976,2,0.3259579864480865,1.998934071546322,2.3278549033681175,1.5859741832464268e-12
7.5,6.0,0.8377580409572781,1.0471975511965976,3,0.2385610562804177,1.2399534871044415,1.2385120537948378,2.3840799011012556e-9
7.5,6.0,0.8377580409572781,1.0471975511965976,4,0.3499217795325913,2.0532207421465785,2.1101586094773737,1.087824447372263e-11
6.25,5.0,1.0053096491487339,1.2566370614359172,1,0.4268408727779988,3.1572631873799795,3.1671828367458086,8.38799259014774e-10
6.25,5.0,1.0053096491487339,1.2566370614359172,2,0.20388780518427,1.14601631600619,1.1322730119364226,2.57033961319451e-8
6.25,5.0,1.0053096491487339,1.2566370614359172,3,0.23944673424641946,1.320798446593863,1.3422673542186345,3.0350618254955697e-12
5.0,4.333333333333333,1.2566370614359172,1.4499658401183662,1,0.19248642920349412,1.1661006049819034,1.1483470044740989,3.059098572091003e-11
11.25,9.333333333333334,0.5585053606381855,0.6731984257692414,1,0.3250949539560791,1.8022071581859767,1.8014742126368888,5.720423192628419e-9
11.25,9.333333333333334,0.5585053606381855,0.6731984257692414,2,0.3121524935778812,1.6424990076397463,1.788562270789953,1.4589262481977547e-10
10.0,8.333333333333334,0.6283185307179586,0.7539822368615503,1,0.33314583181900426,1.7869828180813732,1.8902302453808442,8.920120879380982e-9
10.0,8.333333333333334,0.6283185307179586,0.7539822368615503,2,0.311248706661614,1.6980571935954414,1.8853110447936348,2.5488395947806626e-13
14.166666666666666,3.0,0.4435189628597355,2.0943951023931953,1,0.16085732432163666,1.3337200258416666,1.378312335501297,2.539622401712375e-11
14.166666666666666,3.0,0.4435189628597355,2.0943951023931953,2,0.21892557535600074,1.5710749537130273,1.6344329692430297,4.657048408535188e-9
8.75,7.333333333333333,0.7180783208205241,0.85679799643358,1,0.31831606136305607,1.8116003085794563,2.057521855987962,4.301984042224152e-12
7.5,6.333333333333333,0.8377580409572781,0.9920818906073031,1,0.3835061882529415,2.2590078418860933,2.343825746750142,1.648669937618281e-11
7.5,6.333333333333333,0.8377580409572781,0.9920818906073031,2,0.21114066331867426,1.1229827168604094,1.110299688067562,3.0123668833779336e-10
7.5,6.333333333333333,0.8377580409572781,0.9920818906073031,3,0.3542159077428256,1.986329256970781,2.1796071584997083,1.65763801770293e-11
7.5,6.333333333333333,0.8377580409572781,0.9920818906073031,4,0.23111336955105188,1.2169051786794316,1.2090019364873317,2.8947495893760647e-11
7.5,6.333333333333333,0.8377580409572781,0.9920818906073031,5,0.3349829648534168,2.05288614212695,2.3529498825998623,4.895112835032061e-11
6.25,5.333333333333333,1.0053096491487339,1.1780972450961724,1,0.23271939602693992,1.2998858487605238,1.3128811540577536,3.349355539981402e-10
6.25,5.333333333333333,1.0053096491487339,1.1780972450961724,2,0.19845044608063875,1.132125378784699,1.1175854018016969,3.770017089167966e-9
5.0,4.666666666666667,1.2566370614359172,1.3463968515384828,1,0.18497759337236802,1.1448703804759692,1.1268108521188294,9.014454724748628e-10
5.0,4.666666666666667,1.2566370614359172,1.3463968515384828,2,0.21614185843950395,1.3231543181012628,1.3537370318676982,9.97736230137635e-9
10.0,8.666666666666666,0.6283185307179586,0.7249829200591831,1,0.31914414225042653,1.7203954433627673,1.8955956213027676,1.0614430525491726e-8
10.0,8.666666666666666,0.6283185307179586,0.7249829200591831,2,0.3447790468733141,1.836178072460745,1.9465504861365766,2.9608260367774765e-9
14.166666666666666,3.3333333333333335,0.4435189628597355,1.8849555921538759,1,0.1238456544568344,1.1782699692184269,1.2160265454719763,2.7331130923751423e-11
14.166666666666666,3.3333333333333335,0.4435189628597355,1.8849555921538759,2,0.29050944272362095,1.8589332102960738,1.9473108513471407,4.2198797621627835e-14
8.75,7.666666666666667,0.7180783208205241,0.8195459096321199,1,0.3251455342790323,1.8338758065312302,2.060117444985407,5.487876460563839e-9
8.75,7.666666666666667,0.7180783208205241,0.8195459096321199,2,0.3924924040625706,2.1335404756792786,2.193555910544416,2.3447904830569387e-13
7.5,6.666666666666667,0.8377580409572781,0.9424777960769379,1,0.20903860477040473,1.119525596142891,1.1057423782588345,1.219954680950747e-9
7.5,6.666666666666667,0.8377580409572781,0.9424777960769379,2,0.22369023872658744,1.1920350033825107,1.1789608799692821,8.819138129634894e-14
6.25,5.666666666666667,1.0053096491487339,1.1087974071493387,1,0.19412729171739995,1.1218751228070487,1.106831515531481,2.5618258574404356e-8
6.25,5.666666666666667,1.0053096491487339,1.1087974071493387,2,0.22648543006620658,1.2806357007706783,1.2857833445313143,8.581441966452959e-11
5.0,5.0,1.2566370614359172,1.2566370614359172,1,0.17874204738555324,1.1290971278310953,1.111255128990372,2.0986937089076225e-9
5.0,5.0,1.2566370614359172,1.2566370614359172,2,0.2091508699071456,1.2986754198611976,1.3203234062655296,1.1329737033432155e-12
5.0,5.0,1.2566370614359172,1.2566370614359172,3,0.36772487778884866,2.712837924187195,2.8495681594430913,2.6501502884709262e-8
11.25,10.0,0.5585053606381855,0.6283185307179586,1,0.32999781691595237,1.6863387329981483,1.8179284505937034,5.292019242459256e-14
11.25,10.0,0.5585053606381855,0.6283185307179586,2,0.350138449116143,1.8625414532047366,1.8915096680384178,3.3792887389428578e-9
10.0,9.0,0.6283185307179586,0.6981317007977318,1,0.32706221835754135,1.7417629714549037,1.9056863751594997,4.982650167798412e-11
10.0,9.0,0.6283185307179586,0.6981317007977318,2,0.36269045740154454,1.8873737691793373,2.0300787211481732,9.43319685839744e-11
8.75,8.0,0.7180783208205241,0.7853981633974483,1,0.33181917127556376,1.8536607250919193,2.061366998335386,7.155155609988548e-11
7.5,7.0,0.8377580409572781,0.8975979010256552,1,0.20801845917103637,1.1198259363852274,1.104779934171279,1.516551515875252e-12
7.5,7.0,0.8377580409572781,0.8975979010256552,2,0.21655797021549814,1.1650257908485795,1.148581045558303,5.127653839891231e-13
7.5,7.0,0.8377580409572781,0.8975979010256552,3,0.3829434822287596,2.1677678471563206,2.2796876328183906,5.056165890208421e-10
14.166666666666666,3.6666666666666665,0.4435189628597355,1.71359599286716,1,0.11196513895960458,1.126512947432606,1.1626030891267636,5.265153002751154e-14
6.25,6.0,1.0053096491487339,1.0471975511965976,1,0.190796924119075,1.1142911355937917,1.0988574153599773,2.3973112605714986e-8
6.25,6.0,1.0053096491487339,1.0471975511965976,2,0.22006331786609198,1.2602382878342844,1.2578720996078974,7.911321111090767e-13
5.0,5.333333333333333,1.2566370614359172,1.1780972450961724,1,0.17369739095797804,1.1172033709796259,1.099758759867792,9.221680471976633e-13
5.0,5.333333333333333,1.2566370614359172,1.1780972450961724,2,0.20325253872552843,1.2766566498594698,1.291232565308534,1.3526770959428307e-8
5.0,5.333333333333333,1.2566370614359172,1.1780972450961724,3,0.37748155342519885,2.7914338601541213,2.889451512735502,5.024715515505396e-13
10.0,9.333333333333334,0.6283185307179586,0.6731984257692414,1,0.33508552843408135,1.7626640989420084,1.916107864234434,5.5067670660570955e-9
12.916666666666666,3.0,0.48644015281390346,2.0943951023931953,1,0.13419703273799363,1.2519437770844586,1.292138663141273,1.4903683354383316e-13
12.916666666666666,3.0,0.48644015281390346,2.0943951023931953,2,0.24819069877187186,1.752868511114544,1.8245199317473033,2.212659829147448e-8
8.75,8.333333333333334,0.7180783208205241,0.7539822368615503,1,0.33852941822414195,1.8723155940951606,2.0628451625725113,1.8796175070321223e-9
14.166666666666666,4.0,0.4435189628597355,1.5707963267948966,1,0.10626867748943675,1.099940983787922,1.1350336751338157,5.5350806802629e-10
7.5,7.333333333333333,0.8377580409572781,0.85679799643358,1,0.38072041285980956,2.120633560003484,2.2416878365903257,6.46136164528269e-9
6.25,6.333333333333333,1.0053096491487339,0.9920818906073031,1,0.21330804797718053,1.2375772224022146,1.2282989525547816,1.1569090996790683e-13
6.25,6.333333333333333,1.0053096491487339,0.9920818906073031,2,0.36810319648680784,2.4510632970028086,2.657957139955338,9.11057268559455e-10
6.25,6.333333333333333,1.0053096491487339,0.9920818906073031,3,0.1883734310399189,1.1087533790902684,1.0929467112264988,1.4287099330912054e-9
5.0,5.666666666666667,1.2566370614359172,1.1087974071493387,1,0.16982556408040114,1.1081693719338515,1.0911227896325535,2.687199872997775e-10
5.0,5.666666666666667,1.2566370614359172,1.1087974071493387,2,0.19754296563391585,1.254168711384557,1.2625828471894933,2.8354575743346565e-13
5.0,5.666666666666667,1.2566370614359172,1.1087974071493387,3,0.385523133367691,2.8431905384159064,2.9154814309560297,2.718046100372478e-10
10.0,9.666666666666666,0.6283185307179586,0.6499846869496124,1,0.34328115666996867,1.783511930714106,1.9272557856731298,3.611467951049122e-10
8.75,8.666666666666666,0.7180783208205241,0.7249829200591831,1,0.3454266464483457,1.8909465224154545,2.0657028461329343,1.5571215289867103e-9
8.75,8.666666666666666,0.7180783208205241,0.7249829200591831,2,0.39417196556979645,2.0748264282391897,2.1500864595169427,1.0254392628913799e-8
12.916666666666666,3.3333333333333335,0.48644015281390346,1.8849555921538759,1,0.11318592565970198,1.155083809303731,1.193608773575006,3.991859210760075e-13
14.166666666666666,4.333333333333333,0.4435189628597355,1.4499658401183662,1,0.10360351362280414,1.0847285901692598,1.1193171172176841,1.836222813927205e-10
14.166666666666666,4.333333333333333,0.4435189628597355,1.4499658401183662,2,0.37272362641062695,2.2658198101334888,2.3585197646510734,1.0221875174775073e-14
7.5,7.666666666666667,0.8377580409572781,0.8195459096321199,1,0.36613532546483074,2.2003307234334635,2.39617264708773,7.595696850368763e-15
6.25,6.666666666666667,1.0053096491487339,0.9424777960769379,1,0.186783414744556,1.1048688043459498,1.0886546855433308,6.630137516133535e-9
6.25,6.666666666666667,1.0053096491487339,0.9424777960769379,2,0.20663197147975923,1.2134571038204272,1.198398710213578,1.5228220875901196e-10
5.0,6.0,1.2566370614359172,1.0471975511965976,1,0.16708821004487243,1.1012714634481058,1.084541385709395,3.545863140046745e-11
5.0,6.0,1.2566370614359172,1.0471975511965976,2,0.1914834439750658,1.229833958527196,1.232346430337855,2.4272060464357275e-12
10.0,10.0,0.6283185307179586,0.6283185307179586,1,0.35171393878104035,1.8046834779635201,1.9394744258538745,4.131108081208186e-12
8.75,9.0,0.7180783208205241,0.6981317007977318,1,0.39486173644580325,2.0608066425382305,2.14258922013904,1.0936838368194785e-8
14.166666666666666,4.666666666666667,0.4435189628597355,1.3463968515384828,1,0.10283110805244915,1.0757738454212802,1.1103665815727821,6.200092651402957e-10
12.916666666666666,3.6666666666666665,0.48644015281390346,1.71359599286716,1,0.10487338138737147,1.1141819807030051,1.1520717353330667,5.9716997391416e-8
6.25,7.0,1.0053096491487339,0.8975979010256552,1,0.20067178785849574,1.189382464072737,1.1701282791904297,2.7317352743811034e-10
6.25,7.0,1.0053096491487339,0.8975979010256552,2,0.18596287160553754,1.1024295748786168,1.085742985243209,1.0481565750032061e-11
6.25,7.0,1.0053096491487339,0.8975979010256552,3,0.43893783271532677,3.0916189919242516,3.0146948198294528,8.531716363382748e-9
5.0,6.333333333333333,1.2566370614359172,0.9920818906073031,1,0.16539782379289397,1.0959852174531324,1.0794714366789224,5.051976984536917e-12
5.0,6.333333333333333,1.2566370614359172,0.9920818906073031,2,0.18529731625639584,1.2048258469756914,1.201600226362062,6.933063779452659e-9
8.75,9.333333333333334,0.7180783208205241,0.6731984257692414,1,0.3621649009580095,1.85710927067712,2.049803193675855,2.5540118359224693e-9
8.75,9.333333333333334,0.7180783208205241,0.6731984257692414,2,0.36031919879642266,1.9319307116264117,2.07909476560029,2.654147138565511e-11
14.166666666666666,5.0,0.4435189628597355,1.2566370614359172,1,0.10344528053933871,1.0707785264010181,1.1059106393484899,4.11806775363852e-11
11.666666666666666,3.0,0.5385587406153931,2.0943951023931953,1,0.11822678062025382,1.2068896050863172,1.2462541580327255,1.4999715797577066e-10
11.666666666666666,3.0,0.5385587406153931,2.0943951023931953,2,0.26948385163729277,1.9291436604654781,1.9980054719910165,2.0888990711210363e-11
7.5,8.333333333333334,0.8377580409572781,0.7539822368615503,1,0.384925117988403,2.1033044662466147,2.2282912487544397,4.03286942784558e-11
12.916666666666666,4.0,0.48644015281390346,1.5707963267948966,1,0.10112333622789738,1.0925288808505749,1.1301242011836614,2.776795243258478e-8
6.25,7.333333333333333,1.0053096491487339,0.85679799643358,1,0.18586949531169514,1.101457649706725,1.0842033840140897,2.3362764882733135e-10
6.25,7.333333333333333,1.0053096491487339,0.85679799643358,2,0.19591771058032353,1.1662710013867266,1.1446686367995933,5.490290823223975e-9
5.0,6.666666666666667,1.2566370614359172,0.9424777960769379,1,0.1797211636189067,1.181310406045678,1.172872962866411,1.6847283843005255e-9
5.0,6.666666666666667,1.2566370614359172,0.9424777960769379,2,0.16463154435316354,1.0919489744090483,1.0755706747981935,9.429807512136332e-10
8.75,9.666666666666666,0.7180783208205241,0.6499846869496124,1,0.36694354571239474,1.8720301986892234,2.059012668294862,2.8334318680690267e-13
14.166666666666666,5.333333333333333,0.4435189628597355,1.1780972450961724,1,0.10521753249521594,1.068638329079531,1.1048875962902789,1.2854470783983003e-10
7.5,8.666666666666666,0.8377580409572781,0.7249829200591831,1,0.4279296522875215,2.477665152459644,2.644574319847694,3.904983437474405e-9
7.5,8.666666666666666,0.8377580409572781,0.7249829200591831,2,0.3890835777530997,2.121475132522266,2.2500410841718237,1.2032102385902661e-9
12.916666666666666,4.333333333333333,0.48644015281390346,1.4499658401183662,1,0.09988204953177054,1.0802724351007826,1.1180788942674325,7.109431780359115e-14
12.916666666666666,4.333333333333333,0.48644015281390346,1.4499658401183662,2,0.3775769363828208,2.436122045662131,2.504834452176329,3.2064422492328153e-12
11.666666666666666,3.3333333333333335,0.5385587406153931,1.8849555921538759,1,0.10470499798393851,1.1367147824384731,1.1766952328610696,9.369536598479439e-10
6.25,7.666666666666667,1.0053096491487339,0.8195459096321199,1,0.1865343761541931,1.102539447687075,1.0845425977310026,1.7712714924167476e-8
6.25,7.666666666666667,1.0053096491487339,0.8195459096321199,2,0.19246079330307087,1.1438087617697728,1.1217768373122803,5.055898742166595e-11
5.0,7.0,1.2566370614359172,0.8975979010256552,1,0.16465937160285998,1.0889434997037943,1.0726582348075326,2.223321446492635e-8
5.0,7.0,1.2566370614359172,0.8975979010256552,2,0.17543444207493997,1.1604400710436615,1.1478438138624747,4.415193359539907e-12
8.75,10.0,0.7180783208205241,0.6283185307179586,1,0.37269144607454396,1.8901437987080167,2.070500141689129,6.6926107650832504e-12
8.75,10.0,0.7180783208205241,0.6283185307179586,2,0.40610215097265606,2.087151154802336,2.1934248166860915,2.772368570225511e-13
14.166666666666666,5.666666666666667,0.4435189628597355,1.1087974071493387,1,0.10807911021545177,1.0688727759586465,1.1068934816935099,1.7603641429273243e-10
10.416666666666666,2.6666666666666665,0.6031857894892403,2.356194490192345,1,0.13642888028307995,1.3326253177382998,1.36912878130774,9.594774838328371e-12
10.416666666666666,2.6666666666666665,0.6031857894892403,2.356194490192345,2,0.21399111623927905,1.7205023707380462,1.7693265201124113,3.423894610740602e-11
7.5,9.0,0.8377580409572781,0.6981317007977318,1,0.43774690744695743,2.5097489330861347,2.65893879170961,1.0763115153795523e-13
7.5,9.0,0.8377580409572781,0.6981317007977318,2,0.3948373020384877,2.1509837642407206,2.2822943345249476,2.9955857990186336e-9
12.916666666666666,4.666666666666667,0.48644015281390346,1.3463968515384828,1,0.1003689283966352,1.0735020602944942,1.1121592809587837,1.0682414957754366e-13
11.666666666666666,3.6666666666666665,0.5385587406153931,1.71359599286716,1,0.09923465164203991,1.104163414541413,1.1445037512901008,8.563488976009217e-9
5.0,7.333333333333333,1.2566370614359172,0.85679799643358,1,0.1653671392935947,1.0868936490391323,1.0707059964599481,6.692912160993761e-12
5.0,7.333333333333333,1.2566370614359172,0.85679799643358,2,0.1727339830725969,1.1419999891950157,1.1267493876147159,3.9156562472570284e-11
14.166666666666666,6.0,0.4435189628597355,1.0471975511965976,1,0.11208553880168613,1.07141888485228,1.111998239830719,5.236041584794882e-8
7.5,9.333333333333334,0.8377580409572781,0.6731984257692414,1,0.4025806475666959,2.212278785798177,2.3292042876784884,6.587798753490903e-11
7.5,9.333333333333334,0.8377580409572781,0.6731984257692414,2,0.44478153831559913,2.5185032085265777,2.660620443147272,1.302803016571017e-9
12.916666666666666,5.0,0.48644015281390346,1.2566370614359172,1,0.10227178185341933,1.0704728664814314,1.1107474905837997,3.672011675297613e-12
10.416666666666666,3.0,0.6031857894892403,2.0943951023931953,1,0.10674742903621368,1.1753106364443264,1.215421631945308,1.6064034478290278e-8
10.416666666666666,3.0,0.6031857894892403,2.0943951023931953,2,0.2905391002317135,2.140028330746107,2.1912171178557123,1.906176786393097e-11
11.666666666666666,4.0,0.5385587406153931,1.5707963267948966,1,0.0973272640283807,1.0868407300936902,1.1278179636675993,4.0978426751172383e-10
11.666666666666666,4.0,0.5385587406153931,1.5707963267948966,2,0.3646864541519081,2.452791481762004,2.524619510056011,1.8179213612119e-8
6.25,8.333333333333334,1.0053096491487339,0.7539822368615503,1,0.4251160167576108,2.5245499130317657,2.717479931262145,4.781855922945874e-9
5.0,7.666666666666667,1.2566370614359172,0.8195459096321199,1,0.166676377997296,1.085958065596402,1.069928728278039,2.8535110964728487e-13
5.0,7.666666666666667,1.2566370614359172,0.8195459096321199,2,0.17144423261359207,1.1248920158730589,1.1086327969573855,7.647503614488316e-9
14.166666666666666,6.333333333333333,0.4435189628597355,0.9920818906073031,1,0.11742653631910079,1.0766089378781036,1.1207576075149752,6.341536864920098e-13
7.5,9.666666666666666,0.8377580409572781,0.6499846869496124,1,0.4490810475071296,2.5113367944812235,2.6513916749642243,4.246390848619262e-13
7.5,9.666666666666666,0.8377580409572781,0.6499846869496124,2,0.38882875470487743,1.9889384490967101,2.2261432936503738,1.1957417343519218e-9
12.916666666666666,5.333333333333333,0.48644015281390346,1.1780972450961724,1,0.10552894224959584,1.0704751492320692,1.1133131575710324,1.5804497755783264e-10
10.416666666666666,3.3333333333333335,0.6031857894892403,1.8849555921538759,1,0.09812527806391226,1.122165740232157,1.1644730732043171,9.26263629028217e-14
11.666666666666666,4.333333333333333,0.5385587406153931,1.4499658401183662,1,0.09765256416343425,1.0775259980956549,1.1198258151499163,2.7603502009124247e-10
6.25,8.666666666666666,1.0053096491487339,0.7249829200591831,1,0.4096348650618175,2.2367699240930348,2.477921227489653,2.2753045344173424e-13
6.25,8.666666666666666,1.0053096491487339,0.7249829200591831,2,0.4221161060573583,2.6701094148637456,2.731195061634094,6.486147899261054e-13
6.25,8.666666666666666,1.0053096491487339,0.7249829200591831,3,0.43248376500858,2.558623157737465,2.7269036498090435,8.256746163852812e-14
5.0,8.0,1.2566370614359172,0.7853981633974483,1,0.1686314234515442,1.087253146847872,1.0715226239061504,1.4669014104706143e-8
14.166666666666666,6.666666666666667,0.4435189628597355,0.9424777960769379,1,0.1244783616011416,1.0853100867827745,1.1344107811889637,7.752304876885744e-14
7.5,10.0,0.8377580409572781,0.6283185307179586,1,0.3935033772345178,2.0109505819319375,2.245507857495517,1.6840795414109994e-10
7.5,10.0,0.8377580409572781,0.6283185307179586,2,0.4511614714256266,2.4919613473053994,2.6327975701336626,2.0635704438425379e-13
12.916666666666666,5.666666666666667,0.48644015281390346,1.1087974071493387,1,0.1102834484439795,1.0734813243889696,1.1201310722002074,1.7023977343938996e-11
9.166666666666666,2.6666666666666665,0.6854383971468639,2.356194490192345,1,0.11441292518631152,1.2525226825382112,1.2875849127988555,2.0374709159347583e-10
9.166666666666666,2.6666666666666665,0.6854383971468639,2.356194490192345,2,0.24936424595012555,2.0105385558215874,2.037246316539764,2.141957461032899e-8
11.666666666666666,4.666666666666667,0.5385587406153931,1.3463968515384828,1,0.09975353338053682,1.073305133659751,1.1179245298594214,6.8180322558764554e-9
10.416666666666666,3.6666666666666665,0.6031857894892403,1.71359599286716,1,0.09516862747823505,1.0965187589193994,1.1404057365606526,6.563122890238723e-8
10.416666666666666,3.6666666666666665,0.6031857894892403,1.71359599286716,2,0.3578458178878599,2.5146478808764323,2.572922568710909,1.1678134345216948e-8
6.25,9.0,1.0053096491487339,0.6981317007977318,1,0.4094255071856217,2.229175694582034,2.466143965227187,7.829028913224007e-9
6.25,9.0,1.0053096491487339,0.6981317007977318,2,0.43689662590940914,2.56268624210652,2.7145705935063873,3.725813960672052e-10
14.166666666666666,7.0,0.4435189628597355,0.8975979010256552,1,0.13391350510546948,1.099312532564353,1.1553543651271934,2.627300611907513e-8
12.916666666666666,6.0,0.48644015281390346,1.0471975511965976,1,0.11693942799529691,1.0801866680917342,1.13244465205842,2.7397543954156733e-13
11.666666666666666,5.0,0.5385587406153931,1.2566370614359172,1,0.10359072060881631,1.073086732945469,1.1214099071541754,7.663769092284201e-8
10.416666666666666,4.0,0.6031857894892403,1.5707963267948966,1,0.09524835210209377,1.0833638414440596,1.1293536792698737,1.3509507390517155e-11
6.25,9.333333333333334,1.0053096491487339,0.6731984257692414,1,0.41331830299828887,2.2698034852633358,2.4944626527529277,2.2835076249274613e-11
9.166666666666666,3.0,0.6854383971468639,2.0943951023931953,1,0.09841167124832627,1.1520727528140464,1.1944889111311023,1.6076905826372774e-9
9.166666666666666,3.0,0.6854383971468639,2.0943951023931953,2,0.3149443625535811,2.4147442959695313,2.4241021672871073,1.8062396934953748e-13
14.166666666666666,7.333333333333333,0.4435189628597355,0.85679799643358,1,0.14681669095550173,1.1220422308623457,1.1878648670868484,2.007096915838626e-12
12.916666666666666,6.333333333333333,0.48644015281390346,0.9920818906073031,1,0.12636249333022773,1.092532983966795,1.153253106645204,4.092436131999922e-12
11.666666666666666,5.333333333333333,0.5385587406153931,1.1780972450961724,1,0.10948935066386697,1.0769616395706452,1.1310440407831122,6.157327798663011e-8
10.416666666666666,4.333333333333333,0.6031857894892403,1.4499658401183662,1,0.09762722022847461,1.0774824071940399,1.126829665775601,7.564605320330602e-11
9.166666666666666,3.3333333333333335,0.6854383971468639,1.8849555921538759,1,0.09359822166436305,1.1114252390473724,1.1576620638537354,1.2491936033927085e-12
14.166666666666666,7.666666666666667,0.4435189628597355,0.8195459096321199,1,0.16421922939846528,1.158407241137276,1.2371374864397167,2.8550187867262084e-8
12.916666666666666,6.666666666666667,0.48644015281390346,0.9424777960769379,1,0.14035601761083713,1.115354810534649,1.189498907244949,3.244176338616765e-10
11.666666666666666,5.666666666666667,0.5385587406153931,1.1087974071493387,1,0.11835973501895268,1.086517087821055,1.149810528768383,1.643462235524446e-9
10.416666666666666,4.666666666666667,0.6031857894892403,1.3463968515384828,1,0.10232146573103422,1.0771222002923373,1.1319057460107174,5.989995340449043e-11
7.916666666666667,2.6666666666666665,0.7936655124858425,2.356194490192345,1,0.10193552016788604,1.2079856945060008,1.2458425610538562,1.3770176140254934e-9
7.916666666666667,2.6666666666666665,0.7936655124858425,2.356194490192345,2,0.2847199747371667,2.3773797253230975,2.340754157032105,5.057882537596385e-10
9.166666666666666,3.6666666666666665,0.6854383971468639,1.71359599286716,1,0.09326139305031739,1.0920903909437518,1.1418670501256036,1.3421515020566468e-13
14.166666666666666,8.0,0.4435189628597355,0.7853981633974483,1,0.18469545897106784,1.208321161267121,1.3001908316404018,7.475358329347341e-12
12.916666666666666,7.0,0.48644015281390346,0.8975979010256552,1,0.16182484854506984,1.15929044475147,1.254720336738504,1.1255076754361348e-13
11.666666666666666,6.0,0.5385587406153931,1.0471975511965976,1,0.1325395918294749,1.1070280025669017,1.1864237028687525,2.15389235861565e-11
10.416666666666666,5.0,0.6031857894892403,1.2566370614359172,1,0.11007083623322321,1.0827650652701089,1.146613081324854,6.20122528300439e-12
7.916666666666667,3.0,0.7936655124858425,2.0943951023931953,1,0.0932352197978594,1.1362864642123878,1.1837996756353304,1.7276163559511236e-12
9.166666666666666,4.0,0.6854383971468639,1.5707963267948966,1,0.09603834101289264,1.0838012972271338,1.1386022963717757,2.7186265925965237e-9
14.166666666666666,8.333333333333334,0.4435189628597355,0.7539822368615503,1,0.20425655193082165,1.2611910532384267,1.3619047948003997,1.3891223752228528e-9
14.166666666666666,8.333333333333334,0.4435189628597355,0.7539822368615503,2,0.2953212118525606,1.6321013915759286,1.5653773526854873,1.6118424176802605e-8
12.916666666666666,7.333333333333333,0.48644015281390346,0.85679799643358,1,0.18857650532155518,1.227712801822196,1.3468773661437805,7.584722489511377e-9
11.666666666666666,6.333333333333333,0.5385587406153931,0.9920818906073031,1,0.1581197932317415,1.1564602694849149,1.2677561438630884,4.691058900085886e-12
10.416666666666666,5.333333333333333,0.6031857894892403,1.1780972450961724,1,0.1232386956108277,1.098757500229683,1.1793936854040648,1.533626454286284e-9
6.666666666666667,2.3333333333333335,0.9424777960769379,2.6927937030769655,1,0.11600211094426864,1.3398819893054448,1.358694686860697,1.3637173922289195e-9
6.666666666666667,2.3333333333333335,0.9424777960769379,2.6927937030769655,2,0.22391143499910315,2.0394961455134197,2.0031576267098674,3.6506784933211667e-9
7.916666666666667,3.3333333333333335,0.7936655124858425,1.8849555921538759,1,0.09214292228267272,1.1061211096699424,1.160185483169531,1.0996741406578849e-11
9.166666666666666,4.333333333333333,0.6854383971468639,1.4499658401183662,1,0.10208927745665482,1.083619705863544,1.1467548279356081,2.1007510865245987e-8
14.166666666666666,8.666666666666666,0.4435189628597355,0.7249829200591831,1,0.22121958092315944,1.3089650142568612,1.413725000345197,3.563533381321507e-12
14.166666666666666,8.666666666666666,0.4435189628597355,0.7249829200591831,2,0.2808591847152708,1.5995752089887427,1.5283053990357676,1.896478230363202e-13
12.916666666666666,7.666666666666667,0.48644015281390346,0.8195459096321199,1,0.21137334206729236,1.2954892815889685,1.428131095006351,1.4212631331932098e-9
12.916666666666666,7.666666666666667,0.48644015281390346,0.8195459096321199,2,0.3016646781393084,1.7064631183069645,1.640246639067315,8.388649867952935e-10
11.666666666666666,6.666666666666667,0.5385587406153931,0.9424777960769379,1,0.19436843609613214,1.2521814202170878,1.4065590685987992,2.249583285055768e-10
11.666666666666666,6.666666666666667,0.5385587406153931,0.9424777960769379,2,0.3079320665408482,1.7946399520897487,1.7274308596105281,6.066552753266326e-11
10.416666666666666,5.666666666666667,0.6031857894892403,1.1087974071493387,1,0.1507338251830048,1.1470001840499804,1.2679855489595195,7.20077463088321e-12
7.916666666666667,3.6666666666666665,0.7936655124858425,1.71359599286716,1,0.0955841583559588,1.0942245192473576,1.1563767061646815,1.466410680849789e-9
14.166666666666666,9.0,0.4435189628597355,0.6981317007977318,1,0.2774736693479678,1.5916676884928713,1.5171925286773718,1.8743353216810483e-13
14.166666666666666,9.0,0.4435189628597355,0.6981317007977318,2,0.2360134419156024,1.3504594652905522,1.4560993576958459,3.0727253812594467e-12
9.166666666666666,4.666666666666667,0.6854383971468639,1.3463968515384828,1,0.11328365081256125,1.0935197156580831,1.1723516261046254,2.067388599076365e-9
6.666666666666667,2.6666666666666665,0.9424777960769379,2.356194490192345,1,0.0957425953973398,1.1831439582684884,1.22931107998453,1.187060010632566e-8
12.916666666666666,8.0,0.48644015281390346,0.7853981633974483,1,0.22904938802802166,1.3510197363499679,1.4880365245774785,8.474173665760418e-9
12.916666666666666,8.0,0.48644015281390346,0.7853981633974483,2,0.2871951943612882,1.6612737794852612,1.5984613453120846,1.3407274942098836e-12
11.666666666666666,7.0,0.5385587406153931,0.8975979010256552,1,0.22077097391883108,1.3386317676264115,1.5129810026050992,1.6788668071644756e-13
11.666666666666666,7.0,0.5385587406153931,0.8975979010256552,2,0.30091923851849084,1.761215739676697,1.694941866673659,1.100499453768421e-14
10.416666666666666,6.0,0.6031857894892403,1.0471975511965976,1,0.20143898274400734,1.2828806746952444,1.4817779466672905,3.1386864110738515e-12
14.166666666666666,9.333333333333334,0.4435189628597355,0.6731984257692414,1,0.24932655813839927,1.386703516194421,1.491409254184581,9.719636032713872e-9
14.166666666666666,9.333333333333334,0.4435189628597355,0.6731984257692414,2,0.27910727458995477,1.5928281778502587,1.5166265207897476,2.9826541277423075e-9
7.916666666666667,4.0,0.7936655124858425,1.5707963267948966,1,0.1041815998187736,1.095576276966866,1.1718818222009426,6.083207587509692e-9
7.916666666666667,4.0,0.7936655124858425,1.5707963267948966,2,0.3947235156737834,3.0858068334758966,3.0449256009434515,1.0770658930696295e-8
9.166666666666666,5.0,0.6854383971468639,1.2566370614359172,1,0.1384688405866222,1.1319663849293233,1.2515654305357289,3.831274327178996e-12
6.666666666666667,3.0,0.9424777960769379,2.0943951023931953,1,0.09314441066384177,1.1315434344275137,1.191654696060142,3.7246791123696894e-10
5.416666666666667,2.3333333333333335,1.1599726720946928,2.6927937030769655,1,0.10620925463591942,1.29047100649767,1.3251746320400448,2.516244593681525e-8
5.416666666666667,2.3333333333333335,1.1599726720946928,2.6927937030769655,2,0.28048097504915187,2.667110750824583,2.48081850981207,1.3678955835359708e-13
12.916666666666666,8.333333333333334,0.48644015281390346,0.7539822368615503,1,0.24357529605828437,1.3964070032446312,1.5330346289694925,1.8384392550496157e-9
12.916666666666666,8.333333333333334,0.48644015281390346,0.7539822368615503,2,0.28104600799371304,1.6440673785214135,1.5810390134372627,5.465749111890105e-13
11.666666666666666,7.333333333333333,0.5385587406153931,0.85679799643358,1,0.2388495642629953,1.4022037222734702,1.5806320657553161,1.4841254362805893e-11
11.666666666666666,7.333333333333333,0.5385587406153931,0.85679799643358,2,0.2954947013839764,1.7236543023924962,1.674852652562788,1.076182231152884e-11
10.416666666666666,6.333333333333333,0.6031857894892403,0.9920818906073031,1,0.2324090321178448,1.3951409075447152,1.6238546560390814,9.30551093396787e-11
10.416666666666666,6.333333333333333,0.6031857894892403,0.9920818906073031,2,0.3068601634303503,1.8242942535756874,1.775050922563158,4.9103421292917173e-11
14.166666666666666,9.666666666666666,0.4435189628597355,0.6499846869496124,1,0.2835182670728805,1.5977762873312917,1.5214528927594375,1.5687756824626746e-10
14.166666666666666,9.666666666666666,0.4435189628597355,0.6499846869496124,2,0.2616638172399102,1.4188864604995297,1.521663639842795,1.9424375099027303e-8
7.916666666666667,4.333333333333333,0.7936655124858425,1.4499658401183662,1,0.12449704587028945,1.1208025715192633,1.232424222913481,1.7329694234169533e-11
7.916666666666667,4.333333333333333,0.7936655124858425,1.4499658401183662,2,0.43150067769519895,3.276822702691451,3.2265868117626417,1.128061839145731e-9
9.166666666666666,5.333333333333333,0.6854383971468639,1.1780972450961724,1,0.20887319023077427,1.3219085860091824,1.5743808406006425,5.3450009595663137e-11
6.666666666666667,3.3333333333333335,0.9424777960769379,1.8849555921538759,1,0.0980979429110968,1.114382030810118,1.1895645895365798,1.0794964725222382e-12
5.416666666666667,2.6666666666666665,1.1599726720946928,2.356194490192345,1,0.09987732735819496,1.1876220100428576,1.2587920367384111,6.571124475930926e-9
12.916666666666666,8.666666666666666,0.48644015281390346,0.7249829200591831,1,0.25625583942843233,1.434631913455728,1.5685201102336932,1.0378599815717048e-10
12.916666666666666,8.666666666666666,0.48644015281390346,0.7249829200591831,2,0.28109021901455616,1.642924614187058,1.5789004104682434,3.728653521728968e-12
11.666666666666666,7.666666666666667,0.5385587406153931,0.8195459096321199,1,0.29037771533919726,1.6914706428459394,1.6638395825989982,8.747281252006107e-11
11.666666666666666,7.666666666666667,0.5385587406153931,0.8195459096321199,2,0.25287525132269667,1.4512045508382452,1.627011447832969,3.2602831692102925e-8
10.416666666666666,6.666666666666667,0.6031857894892403,0.9424777960769379,1,0.2509554558025018,1.468631133478844,1.7007023569568838,6.300384042192733e-10
10.416666666666666,6.666666666666667,0.6031857894892403,0.9424777960769379,2,0.3011065938067671,1.790089220303751,1.7473937574825333,2.7624489585563076e-9
14.166666666666666,10.0,0.4435189628597355,0.6283185307179586,1,0.27336111400127355,1.447969550155531,1.5482987317715562,3.716517180185365e-12
14.166666666666666,10.0,0.4435189628597355,0.6283185307179586,2,0.28989814311486145,1.6048822299599959,1.5301295751570507,3.3094933119157776e-9
7.916666666666667,4.666666666666667,0.7936655124858425,1.3463968515384828,1,0.25586974901423903,1.242887950727892,1.2529263292711743,1.148715920278619e-8
7.916666666666667,4.666666666666667,0.7936655124858425,1.3463968515384828,2,0.2143905214809811,1.3689948731840653,1.6767112432923508,9.160275848339352e-9
9.166666666666666,5.666666666666667,0.6854383971468639,1.1087974071493387,1,0.24667261315722985,1.475697714038809,1.773738979082936,2.13081247726308e-10
6.666666666666667,3.6666666666666665,0.9424777960769379,1.71359599286716,1,0.11370324634243092,1.1253743350294323,1.2319926313857983,1.026194509464201e-11
6.666666666666667,3.6666666666666665,0.9424777960769379,1.71359599286716,2,0.26886511331565016,1.3675673125399987,1.4000009069170278,7.019604337126526e-12
12.916666666666666,9.0,0.48644015281390346,0.6981317007977318,1,0.2678222622860042,1.4678006388107536,1.597811898424568,1.505030152351056e-11
12.916666666666666,9.0,0.48644015281390346,0.6981317007977318,2,0.2846028029464717,1.6484624098914282,1.5842960189956412,7.351889537149626e-11
5.416666666666667,3.0,1.1599726720946928,2.0943951023931953,1,0.1105959564380997,1.1684220072009366,1.2780888410712192,2.1725463477694612e-13
5.416666666666667,3.0,1.1599726720946928,2.0943951023931953,2,0.3105078907568739,1.66796170724666,1.7796531903525983,7.093657375110287e-13
11.666666666666666,8.0,0.5385587406153931,0.7853981633974483,1,0.2647583066544931,1.4910210055551971,1.6612794125187675,7.581206438410284e-9
11.666666666666666,8.0,0.5385587406153931,0.7853981633974483,2,0.29060499069450857,1.6903621186306081,1.67053184040483,7.193957626914859e-9
10.416666666666666,7.0,0.6031857894892403,0.8975979010256552,1,0.26448071737537476,1.5218273628672552,1.7480371682814289,4.063847558305736e-11
10.416666666666666,7.0,0.6031857894892403,0.8975979010256552,2,0.3067567611746893,1.7647767446404563,1.7607984984661014,2.588236866830705e-11
7.916666666666667,5.0,0.7936655124858425,1.2566370614359172,1,0.26293849224502996,1.5954894871700682,1.9699440275932527,4.911419236387955e-12
7.916666666666667,5.0,0.7936655124858425,1.2566370614359172,2,0.2637692862313306,1.2856339581359435,1.3047898586374154,4.660378861431478e-9
7.916666666666667,5.0,0.7936655124858425,1.2566370614359172,3,0.24224585357987338,1.1941060255548135,1.194121251157497,1.6900522735818204e-9
9.166666666666666,6.0,0.6854383971468639,1.0471975511965976,1,0.26643179371439046,1.5655034432309756,1.8665179349226726,5.495576664913676e-10
12.916666666666666,9.333333333333334,0.48644015281390346,0.6731984257692414,1,0.2787014182437877,1.497330854214753,1.622959604200295,1.9065675227075616e-9
12.916666666666666,9.333333333333334,0.48644015281390346,0.6731984257692414,2,0.2903523030579283,1.6568947030618866,1.5941613552277656,1.0973618994570957e-11
6.666666666666667,4.0,0.9424777960769379,1.5707963267948966,1,0.2894201722475886,1.473860447594022,1.5468001409369558,5.060849051807764e-11
6.666666666666667,4.0,0.9424777960769379,1.5707963267948966,2,0.24274482089689647,1.2581373888705305,1.262430628946213,1.2628204966048217e-11
11.666666666666666,8.333333333333334,0.5385587406153931,0.7539822368615503,1,0.27542502521971024,1.5247713118010826,1.688224721522364,1.6186996194203906e-9
11.666666666666666,8.333333333333334,0.5385587406153931,0.7539822368615503,2,0.29468604022292794,1.705481450687088,1.6857020345011193,9.603096361731967e-12
5.416666666666667,3.3333333333333335,1.1599726720946928,1.8849555921538759,1,0.24513454110370234,1.34953539631197,1.3641686898058034,1.881160476922944e-9
5.416666666666667,3.3333333333333335,1.1599726720946928,1.8849555921538759,2,0.19772208103916925,1.4374776545858516,1.7596096636494112,2.631178920696817e-10
10.416666666666666,7.333333333333333,0.6031857894892403,0.85679799643358,1,0.27552088591510343,1.563231319849653,1.7798455764864314,1.561620602126839e-8
7.916666666666667,5.333333333333333,0.7936655124858425,1.1780972450961724,1,0.23378251557922516,1.1675017870319166,1.1628704271460648,2.3577108397531393e-8
7.916666666666667,5.333333333333333,0.7936655124858425,1.1780972450961724,2,0.2568056116854857,1.2655900861691607,1.2779659874855982,2.1473789509297283e-8
9.166666666666666,6.333333333333333,0.6854383971468639,0.9920818906073031,1,0.27996337876551014,1.6268846548567413,1.9183083240444925,7.879743783380293e-9
9.166666666666666,6.333333333333333,0.6854383971468639,0.9920818906073031,2,0.3158411315416202,1.8639043985578332,1.860405777231144,3.861204320470303e-11
12.916666666666666,9.666666666666666,0.48644015281390346,0.6499846869496124,1,0.2891574262397477,1.5241978006453807,1.645281032616904,3.304142998890805e-9
12.916666666666666,9.666666666666666,0.48644015281390346,0.6499846869496124,2,0.2978605751636653,1.6670480871695776,1.6076272123706783,7.73921245050284e-9
6.666666666666667,4.333333333333333,0.9424777960769379,1.4499658401183662,1,0.2751668161582844,1.743472440230864,2.164160426444128,2.871511409627491e-8
6.666666666666667,4.333333333333333,0.9424777960769379,1.4499658401183662,2,0.22901423767413348,1.2059147079990702,1.2007652472398616,2.8484696630028562e-9
11.666666666666666,8.666666666666666,0.5385587406153931,0.7249829200591831,1,0.30039244421983097,1.7244277815615032,1.7026544069300815,9.995570235874645e-11
11.666666666666666,8.666666666666666,0.5385587406153931,0.7249829200591831,2,0.2853791539297738,1.5543662225965065,1.7105728317033098,8.294258767950986e-14
5.416666666666667,3.6666666666666665,1.1599726720946928,1.71359599286716,1,0.22362999590988092,1.2560223986139398,1.249865865073884,6.0126549776795424e-12
5.416666666666667,3.6666666666666665,1.1599726720946928,1.71359599286716,2,0.39426323107025846,3.146321592865662,3.0205057630908914,9.61952122815133e-12
5.416666666666667,3.6666666666666665,1.1599726720946928,1.71359599286716,3,0.2784273581859413,1.9033415479781315,2.3033376734758484,3.5149099086265522e-9
10.416666666666666,7.666666666666667,0.6031857894892403,0.8195459096321199,1,0.31083727817906737,1.7210940330295528,1.79256035410834,2.749434205792761e-11
10.416666666666666,7.666666666666667,0.6031857894892403,0.8195459096321199,2,0.28520649293427797,1.5972466959993783,1.8027809606834548,2.2028473989999483e-10
7.916666666666667,5.666666666666667,0.7936655124858425,1.1087974071493387,1,0.30762807312784424,1.801112644371496,2.109584079398778,1.9866868284058794e-10
7.916666666666667,5.666666666666667,0.7936655124858425,1.1087974071493387,2,0.22765589349314674,1.1505160835894874,1.1430928610732576,3.6999792359379603e-10
7.916666666666667,5.666666666666667,0.7936655124858425,1.1087974071493387,3,0.44167150384071724,2.837113947271934,2.9908359804070157,1.722465877545788e-8
9.166666666666666,6.666666666666667,0.6854383971468639,0.9424777960769379,1,0.290471678890137,1.6723643252753946,1.9489733649197816,1.4950016081901992e-10
9.166666666666666,6.666666666666667,0.6854383971468639,0.9424777960769379,2,0.3259330833340938,1.852363217501452,1.8793169830494456,1.9761341820554396e-13
9.166666666666666,6.666666666666667,0.6854383971468639,0.9424777960769379,3,0.3039155495264925,1.7046739283240027,1.938346545906124,8.104783125159406e-11
9.166666666666666,6.666666666666667,0.6854383971468639,0.9424777960769379,4,0.6209390482684308,3.619709320047911,3.6884057744406595,4.635329084028449e-14
12.916666666666666,10.0,0.48644015281390346,0.6283185307179586,1,0.29936269210887323,1.5490948518762746,1.6656597602987375,6.779358770997604e-13
12.916666666666666,10.0,0.48644015281390346,0.6283185307179586,2,0.30693226036634585,1.6787377684416342,1.624630706915353,1.7672974426009342e-8
11.666666666666666,9.0,0.5385587406153931,0.6981317007977318,1,0.29491894411693215,1.5810470976048343,1.7299861909184144,1.5539396087931043e-12
11.666666666666666,9.0,0.5385587406153931,0.6981317007977318,2,0.3070122339276088,1.7428901778186352,1.7200369691743302,3.1651352481892876e-8
6.666666666666667,4.666666666666667,0.9424777960769379,1.3463968515384828,1,0.2195280572463243,1.1740689383125316,1.1646727596237063,9.85095080824519e-9
6.666666666666667,4.666666666666667,0.9424777960769379,1.3463968515384828,2,0.3008696563014868,1.9113541602858557,2.31954642097548,1.1589734136250895e-9
10.416666666666666,8.0,0.6031857894892403,0.7853981633974483,1,0.29413267664855186,1.6264333912572688,1.820488789591265,1.5295913057084048e-12
10.416666666666666,8.0,0.6031857894892403,0.7853981633974483,2,0.31662741138117495,1.7421162694553216,1.816691461823178,8.460338238154065e-14
5.416666666666667,4.0,1.1599726720946928,1.5707963267948966,1,0.21081592046955452,1.2062600092133087,1.193334609962059,4.708683780790525e-11
5.416666666666667,4.0,1.1599726720946928,1.5707963267948966,2,0.356959392214581,2.722724906552733,2.7509545619145923,2.1913660118149649e-13
5.416666666666667,4.0,1.1599726720946928,1.5707963267948966,3,0.2512698203747928,1.416480839688686,1.4779424300170412,3.2324173465101983e-12
7.916666666666667,6.0,0.7936655124858425,1.0471975511965976,1,0.22310012310134666,1.139480321459204,1.1301086515747953,1.7209633610695704e-11
7.916666666666667,6.0,0.7936655124858425,1.0471975511965976,2,0.3122248531937588,1.8725159604550252,2.210775051577825,3.79352472736497e-12
7.916666666666667,6.0,0.7936655124858425,1.0471975511965976,3,0.24227441237025538,1.2234416471410494,1.2222679381625925,8.962858702885375e-11
7.916666666666667,6.0,0.7936655124858425,1.0471975511965976,4,0.3805861472489952,2.274775759490142,2.3565865080288937,1.978999272661197e-8
14.583333333333334,3.0,0.43084699249231445,2.0943951023931953,1,0.18367641791045888,1.414236197965178,1.465024126567472,2.094195886751893e-9
14.583333333333334,3.0,0.43084699249231445,2.0943951023931953,2,0.19567395902757345,1.4622095418015504,1.5170024251510998,1.1826907848022861e-9
9.166666666666666,7.0,0.6854383971468639,0.8975979010256552,1,0.3249223513310777,1.7636401007373084,1.9392540324725382,4.894103352038349e-9
9.166666666666666,7.0,0.6854383971468639,0.8975979010256552,2,0.3334700671723735,1.8290293841579097,1.8884959625553905,5.429512912930569e-12
11.666666666666666,9.333333333333334,0.5385587406153931,0.6731984257692414,1,0.3042324355810396,1.6056610713943547,1.7475334265684448,2.0911585799777554e-8
11.666666666666666,9.333333333333334,0.5385587406153931,0.6731984257692414,2,0.31460024880847526,1.760273956576187,1.7389384885450427,1.9302504155254122e-10
6.666666666666667,5.0,0.9424777960769379,1.2566370614359172,1,0.21227569123074708,1.1525758445724321,1.140960697605287,2.737879548206858e-10
6.666666666666667,5.0,0.9424777960769379,1.2566370614359172,2,0.36770573696253817,2.421286451322423,2.4948664052726004,1.3206005842684103e-14
6.666666666666667,5.0,0.9424777960769379,1.2566370614359172,3,0.3187090037671498,1.9867337252259905,2.332315896772408,1.7095652088041076e-8
10.416666666666666,8.333333333333334,0.6031857894892403,0.7539822368615503,1,0.32388569060820027,1.774025112549166,1.8435251679799634,1.8755121896590634e-12
10.416666666666666,8.333333333333334,0.6031857894892403,0.7539822368615503,2,0.30264491087229634,1.652399283941318,1.8351402858478534,6.7493225264682055e-9
5.416666666666667,4.333333333333333,1.1599726720946928,1.4499658401183662,1,0.23725522392989196,1.3676983753963894,1.4107486940244658,6.151652850622595e-11
5.416666666666667,4.333333333333333,1.1599726720946928,1.4499658401183662,2,0.20127043595150362,1.1741074579972732,1.1585340699426006,7.895174035698546e-9
7.916666666666667,6.333333333333333,0.7936655124858425,0.9920818906073031,1,0.32176264231986695,1.9255331898909476,2.2385481116313164,1.5331736298404658e-9
7.916666666666667,6.333333333333333,0.7936655124858425,0.9920818906073031,2,0.23452561892479987,1.1994617741518299,1.192341852996642,1.7094131639940364e-11
7.916666666666667,6.333333333333333,0.7936655124858425,0.9920818906073031,3,0.21984690164328294,1.133064287982954,1.1221271120648104,3.363849964913917e-11
7.916666666666667,6.333333333333333,0.7936655124858425,0.9920818906073031,4,0.35264932707029517,2.0439786319533595,2.062364443421114,1.6323641960586577e-8
9.166666666666666,7.333333333333333,0.6854383971468639,0.85679799643358,1,0.30719568318086254,1.7368114691061154,1.9785864744279045,2.389197090173488e-9
14.583333333333334,3.3333333333333335,0.43084699249231445,1.8849555921538759,1,0.12799259465779111,1.1874156914729752,1.225080185063635,5.456915603886827e-13
11.666666666666666,9.666666666666666,0.5385587406153931,0.6499846869496124,1,0.3236038036675738,1.7778518339644969,1.7619633042350702,8.84377448149589e-11
11.666666666666666,9.666666666666666,0.5385587406153931,0.6499846869496124,2,0.31344476241923414,1.628812017339763,1.7639325853849943,3.97323854362125e-9
6.666666666666667,5.333333333333333,0.9424777960769379,1.1780972450961724,1,0.2405219960368332,1.2980046768065132,1.311243288280085,5.34589394798681e-14
6.666666666666667,5.333333333333333,0.9424777960769379,1.1780972450961724,2,0.20653592278652685,1.1373316387467005,1.1244217225514492,2.1031808911319295e-10
6.666666666666667,5.333333333333333,0.9424777960769379,1.1780972450961724,3,0.3757000800881608,2.378444747471102,2.4593287414528424,6.299709931617896e-10
10.416666666666666,8.666666666666666,0.6031857894892403,0.7249829200591831,1,0.31095672837406535,1.6762127347711822,1.8480965834348542,3.0836511619908957e-12
10.416666666666666,8.666666666666666,0.6031857894892403,0.7249829200591831,2,0.33312976794892224,1.8213789296224354,1.8879437270292367,2.2329643348783025e-10
5.416666666666667,4.666666666666667,1.1599726720946928,1.3463968515384828,1,0.1935864486757073,1.1515494543441847,1.1349656674942912,3.067603104225404e-10
5.416666666666667,4.666666666666667,1.1599726720946928,1.3463968515384828,2,0.2275685898331115,1.3354590064507001,1.3660601561238177,3.31020647557177e-8
9.166666666666666,7.666666666666667,0.6854383971468639,0.8195459096321199,1,0.31456430690968384,1.7614465349482202,1.9857058636652005,6.9674591279429024e-12
7.916666666666667,6.666666666666667,0.7936655124858425,0.9424777960769379,1,0.21802976040691932,1.1320257325732752,1.1195986569120655,1.9926332442866466e-10
7.916666666666667,6.666666666666667,0.7936655124858425,0.9424777960769379,2,0.22641178942390885,1.1717882545768177,1.1600222388941785,4.2211805824618274e-10
7.916666666666667,6.666666666666667,0.7936655124858425,0.9424777960769379,3,0.33009877738660554,1.9685218310667456,2.2553823461014693,6.364752104065246e-14
7.916666666666667,6.666666666666667,0.7936655124858425,0.9424777960769379,4,0.3851660927345103,2.22233533819874,2.2991731410940326,2.950310594376458e-9
7.916666666666667,6.666666666666667,0.7936655124858425,0.9424777960769379,5,0.3588423072315817,1.9913208024573215,2.0671524518376003,4.473037676497152e-10
14.583333333333334,3.6666666666666665,0.43084699249231445,1.71359599286716,1,0.11466373970161493,1.1311878484547346,1.166791723296873,8.538012703141557e-14
11.666666666666666,10.0,0.5385587406153931,0.6283185307179586,1,0.32264431519058684,1.650950744411218,1.7796892100075419,3.2056114640774635e-12
11.666666666666666,10.0,0.5385587406153931,0.6283185307179586,2,0.3351624471192782,1.7993456948947322,1.795555204533414,1.5512874767357504e-9
6.666666666666667,5.666666666666667,0.9424777960769379,1.1087974071493387,1,0.20198530367180914,1.1262644721703592,1.112501539109115,9.737376087015182e-9
6.666666666666667,5.666666666666667,0.9424777960769379,1.1087974071493387,2,0.383320235083012,2.3377617125529637,2.449059273140055,8.753727790860833e-9
6.666666666666667,5.666666666666667,0.9424777960769379,1.1087974071493387,3,0.23392981010731229,1.278269664364133,1.2835301060873208,1.6017513244240834e-10
6.666666666666667,5.666666666666667,0.9424777960769379,1.1087974071493387,4,0.34064187504930155,2.2031630567165377,2.510705900938799,9.522893320443735e-10
5.416666666666667,5.0,1.1599726720946928,1.2566370614359172,1,0.18726990373696323,1.1350495771260425,1.1181770934248998,8.568620291848797e-11
5.416666666666667,5.0,1.1599726720946928,1.2566370614359172,2,0.22028373063728127,1.3112255676948092,1.3324176549479,6.523790028620148e-15
5.416666666666667,5.0,1.1599726720946928,1.2566370614359172,3,0.4012098770166543,3.121952594740064,3.0372337504249476,1.3013977027066345e-12
7.916666666666667,7.0,0.7936655124858425,0.8975979010256552,1,0.3377014734313059,2.0038331580722164,2.264845762604886,2.0665373003370315e-12
7.916666666666667,7.0,0.7936655124858425,0.8975979010256552,2,0.3585680517417562,1.9385705459725593,2.095285732116557,1.5894600419845373e-12
9.166666666666666,8.0,0.6854383971468639,0.7853981633974483,1,0.32169820025756696,1.7833754150758683,1.990896652909166,4.660267891353255e-9
14.583333333333334,4.0,0.43084699249231445,1.5707963267948966,1,0.10826328806257794,1.1027777465496955,1.1371731249723567,2.27857516578849e-8
13.333333333333334,3.0,0.47123889803846897,2.0943951023931953,1,0.14117957415896928,1.2724055554912712,1.3134250956582112,4.299690737022198e-10
13.333333333333334,3.0,0.47123889803846897,2.0943951023931953,2,0.24009265784799985,1.69622489114999,1.76639043178711,5.94595382726863e-9
6.666666666666667,6.0,0.9424777960769379,1.0471975511965976,1,0.19845188262922617,1.1181980944575773,1.1037823526098116,3.1887452451236845e-10
6.666666666666667,6.0,0.9424777960769379,1.0471975511965976,2,0.44515006000140056,3.16634961517875,3.1390407339835877,1.791819524283434e-11
6.666666666666667,6.0,0.9424777960769379,1.0471975511965976,3,0.22722853121554465,1.2578179863275265,1.2554669418956745,1.3985931062531578e-9
5.416666666666667,5.333333333333333,1.1599726720946928,1.1780972450961724,1,0.18213497243129456,1.122725318914028,1.1058666148246343,1.9350462932524644e-8
5.416666666666667,5.333333333333333,1.1599726720946928,1.1780972450961724,2,0.2142548189528236,1.2906231216720676,1.3040756240574654,2.473577022012877e-11
5.416666666666667,5.333333333333333,1.1599726720946928,1.1780972450961724,3,0.3654323089576988,2.6040349804876692,2.783475530185731,7.147370574373367e-10
7.916666666666667,7.333333333333333,0.7936655124858425,0.85679799643358,1,0.386120145773334,2.1565848675374903,2.2479840009762837,3.7786306906192807e-10
14.583333333333334,4.333333333333333,0.43084699249231445,1.4499658401183662,1,0.10512503960134806,1.086530099527508,1.1202321909872077,2.025510456624454e-11
14.583333333333334,4.333333333333333,0.43084699249231445,1.4499658401183662,2,0.3716459933254115,2.216298040361945,2.3145348638321517,1.915612212501466e-9
10.416666666666666,9.666666666666666,0.6031857894892403,0.6499846869496124,1,0.3358807855508643,1.7412619651500534,1.8843471200663302,4.412606816745699e-12
10.416666666666666,9.666666666666666,0.6031857894892403,0.6499846869496124,2,0.3760707741901164,2.020792903703496,2.1187187020783713,2.2758104235667903e-8
13.333333333333334,3.3333333333333335,0.47123889803846897,1.8849555921538759,1,0.11647217618031185,1.1621975393456325,1.2003899824852964,2.3634865958127113e-13
13.333333333333334,3.3333333333333335,0.47123889803846897,1.8849555921538759,2,0.2991252616230902,1.9457052467844473,2.0352370073725847,3.2375099323345675e-8
6.666666666666667,6.333333333333333,0.9424777960769379,0.9920818906073031,1,0.4461075638065998,3.1466118360715294,3.1044513379664287,1.571725079946263e-10
6.666666666666667,6.333333333333333,0.9424777960769379,0.9920818906073031,2,0.19582798451528427,1.1124253350395084,1.0974248931719606,2.422424388926397e-9
5.416666666666667,5.666666666666667,1.1599726720946928,1.1087974071493387,1,0.178106041387972,1.1134341019904117,1.096677030948343,5.281019086855016e-10
5.416666666666667,5.666666666666667,1.1599726720946928,1.1087974071493387,2,0.20852573215055953,1.2702840001303932,1.2767798305799618,4.3090951535000806e-8
5.416666666666667,5.666666666666667,1.1599726720946928,1.1087974071493387,3,0.3740776593349567,2.666551139435784,2.814150264473166,3.357882568224825e-14
5.416666666666667,5.666666666666667,1.1599726720946928,1.1087974071493387,4,0.4155083991464411,3.199227493989587,3.066434190025115,3.856524233422463e-10
9.166666666666666,8.666666666666666,0.6854383971468639,0.7249829200591831,1,0.3456194023537526,1.8030189915115922,1.9893128183464528,9.952808510210802e-9
9.166666666666666,8.666666666666666,0.6854383971468639,0.7249829200591831,2,0.35743871498359014,1.849472246728992,2.006885154293853,9.596521537654946e-11
9.166666666666666,8.666666666666666,0.6854383971468639,0.7249829200591831,3,0.33596845589347396,1.8235285162226162,2.000825554876708,5.945448760002435e-10
7.916666666666667,7.666666666666667,0.7936655124858425,0.8195459096321199,1,0.35188481779726893,2.0590405412370103,2.2718987436107208,1.5503760756602153e-10
14.583333333333334,4.666666666666667,0.43084699249231445,1.3463968515384828,1,0.10396822107804755,1.0768657372340413,1.1103643125814222,7.35964652225359e-12
10.416666666666666,10.0,0.6031857894892403,0.6283185307179586,1,0.3444366047004878,1.762278427788512,1.897074451849624,3.294812728775711e-11
13.333333333333334,3.6666666666666665,0.47123889803846897,1.71359599286716,1,0.10707455800623383,1.1180252628940446,1.1552540698798335,5.747031658586913e-13
6.666666666666667,6.666666666666667,0.9424777960769379,0.9424777960769379,1,0.194036778316602,1.1085346493750925,1.0929382445941642,5.354396216280596e-14
5.416666666666667,6.0,1.1599726720946928,1.0471975511965976,1,0.20244281626574778,1.247938145950982,1.2477913813962356,3.921443112300779e-12
5.416666666666667,6.0,1.1599726720946928,1.0471975511965976,2,0.17513003259899465,1.1064117171805494,1.0897355341620896,2.4629563449669985e-8
9.166666666666666,9.0,0.6854383971468639,0.6981317007977318,1,0.37674931164867853,1.9179383760595594,2.1017722614197325,1.2913886506753267e-10
9.166666666666666,9.0,0.6854383971468639,0.6981317007977318,2,0.34333984802671935,1.8433261893036934,2.0072400731500935,2.0584297089332313e-8
14.583333333333334,5.0,0.43084699249231445,1.2566370614359172,1,0.10422217110041987,1.0712914218857408,1.1050801466991507,3.704318198705729e-12
13.333333333333334,4.0,0.47123889803846897,1.5707963267948966,1,0.10269663146738563,1.0948166111545135,1.1315002452473464,2.8067827964476287e-12
6.666666666666667,7.0,0.9424777960769379,0.8975979010256552,1,0.19302654032834443,1.106370156777802,1.0901071656310481,8.71159614930643e-13
6.666666666666667,7.0,0.9424777960769379,0.8975979010256552,2,0.20707121895764985,1.1868559417943656,1.167782600320681,3.800820956374904e-8
12.083333333333334,3.0,0.5199877495596898,2.0943951023931953,1,0.12292570593015618,1.2199476955403394,1.2593818960112673,1.7072266504273004e-11
12.083333333333334,3.0,0.5199877495596898,2.0943951023931953,2,0.26262977793708675,1.8679943907672965,1.9391168052742023,6.850216256815775e-9
5.416666666666667,6.333333333333333,1.1599726720946928,0.9920818906073031,1,0.17313667916744943,1.1011213520464858,1.0844599100907075,2.6670856931574166e-8
5.416666666666667,6.333333333333333,1.1599726720946928,0.9920818906073031,2,0.1960349480354715,1.2236771773037671,1.217261725001471,2.8928327591549553e-11
9.166666666666666,9.333333333333334,0.6854383971468639,0.6731984257692414,1,0.4150859325471454,2.3172806451844083,2.448590055376246,5.9020957819890335e-9
9.166666666666666,9.333333333333334,0.6854383971468639,0.6731984257692414,2,0.400937897073381,2.0473237543883482,2.11688756921891,1.7374774872058963e-9
9.166666666666666,9.333333333333334,0.6854383971468639,0.6731984257692414,3,0.35099195342470274,1.8637646416863456,2.0153963365541387,2.6732102115207492e-11
9.166666666666666,9.333333333333334,0.6854383971468639,0.6731984257692414,4,0.35403945047208774,1.8263617029311794,2.0046910496127293,1.491139969658817e-13
7.916666666666667,8.333333333333334,0.7936655124858425,0.7539822368615503,1,0.36644642802075317,2.1078296809552777,2.279132142861494,3.484898898443349e-11
14.583333333333334,5.333333333333333,0.43084699249231445,1.1780972450961724,1,0.10561550238432046,1.0685911446341498,1.1031827547070672,7.668235042251999e-9
13.333333333333334,4.333333333333333,0.47123889803846897,1.4499658401183662,1,0.10097473800303179,1.0815913064093408,1.1182169541356832,5.3460674502613266e-9
13.333333333333334,4.333333333333333,0.47123889803846897,1.4499658401183662,2,0.3756553435605451,2.3756223694682106,2.453607245620751,1.7779307118147095e-9
6.666666666666667,7.333333333333333,0.9424777960769379,0.85679799643358,1,0.19279390434683133,1.106176357334535,1.0890976252224391,8.080388744074996e-10
6.666666666666667,7.333333333333333,0.9424777960769379,0.85679799643358,2,0.20185044830656956,1.1626722891328332,1.1414715546305034,1.71644190863217e-11
12.083333333333334,3.3333333333333335,0.5199877495596898,1.8849555921538759,1,0.1073147336549225,1.1423842384683378,1.1817990670897107,1.1095713511066514e-9
12.083333333333334,3.3333333333333335,0.5199877495596898,1.8849555921538759,2,0.3124309473684531,2.0978009129351918,2.1822285160160386,4.978414742769216e-12
9.166666666666666,9.666666666666666,0.6854383971468639,0.6499846869496124,1,0.35984286640005214,1.843346254164468,2.0141672887812754,7.623225500304027e-10
9.166666666666666,9.666666666666666,0.6854383971468639,0.6499846869496124,2,0.35902509596936877,1.8854533319245996,2.0258346951679815,2.438690285167863e-12
5.416666666666667,6.666666666666667,1.1599726720946928,0.9424777960769379,1,0.17203464298198878,1.0971905994840947,1.080471507261009,4.0225286821737356e-11
5.416666666666667,6.666666666666667,1.1599726720946928,0.9424777960769379,2,0.18994101969565372,1.1994058600118955,1.1875035248228525,1.8179026161511605e-12
14.583333333333334,5.666666666666667,0.43084699249231445,1.1087974071493387,1,0.10803843083476714,1.0681907836293225,1.1041421299614511,6.566853738551321e-8
7.916666666666667,8.666666666666666,0.7936655124858425,0.7249829200591831,1,0.389033152726948,2.093017092787665,2.2055091742402624,6.795917653502702e-10
7.916666666666667,8.666666666666666,0.7936655124858425,0.7249829200591831,2,0.39712897043608153,2.058786634420658,2.2979523162313615,4.524902631813639e-10
13.333333333333334,4.666666666666667,0.47123889803846897,1.3463968515384828,1,0.10101741395570017,1.0740738474725289,1.1112214809007481,7.832120414322854e-10
6.666666666666667,7.666666666666667,0.9424777960769379,0.8195459096321199,1,0.19762511102112068,1.1372730130460316,1.116082843620804,5.007289470241204e-11
6.666666666666667,7.666666666666667,0.9424777960769379,0.8195459096321199,2,0.193566549254558,1.1098687848353004,1.0915553563370026,1.0014360529236211e-10
10.833333333333334,2.6666666666666665,0.5799863360473464,2.356194490192345,1,0.14985317974604603,1.3850161035142512,1.4239747191130108,4.7157468523616646e-9
10.833333333333334,2.6666666666666665,0.5799863360473464,2.356194490192345,2,0.19750538380790622,1.6151736102261973,1.6641912887247083,6.307748452926397e-10
9.166666666666666,10.0,0.6854383971468639,0.6283185307179586,1,0.36636513698437323,1.862609502454375,2.025499192078382,1.2085685356636272e-11
9.166666666666666,10.0,0.6854383971468639,0.6283185307179586,2,0.4406354677132607,2.366548219938303,2.4955454629837392,7.418853732782385e-14
12.083333333333334,3.6666666666666665,0.5199877495596898,1.71359599286716,1,0.10095124186541009,1.1072525763205716,1.146685343596435,1.593918377689568e-9
5.416666666666667,7.0,1.1599726720946928,0.8975979010256552,1,0.18489440470491988,1.1767837692867629,1.160650791594295,8.070039754821026e-14
5.416666666666667,7.0,1.1599726720946928,0.8975979010256552,2,0.4254282073731884,3.0886037907072437,2.9945411397466626,1.624925177017963e-12
5.416666666666667,7.0,1.1599726720946928,0.8975979010256552,3,0.17172451154806523,1.0943864486292993,1.0775528074223828,1.034350686862935e-8
14.583333333333334,6.0,0.43084699249231445,1.0471975511965976,1,0.11149406868989215,1.069912823847201,1.1078632100925607,4.0246598286724044e-13
7.916666666666667,9.0,0.7936655124858425,0.6981317007977318,1,0.3910932857624527,1.9904731875346682,2.2113333656779885,1.615678490437053e-13
7.916666666666667,9.0,0.7936655124858425,0.6981317007977318,2,0.43387936105704705,2.467488180524189,2.6169184716194076,3.196370665468703e-9
13.333333333333334,5.0,0.47123889803846897,1.2566370614359172,1,0.10244544158488961,1.0703356753281816,1.108670768793478,8.667552798005179e-11
6.666666666666667,8.0,0.9424777960769379,0.7853981633974483,1,0.4138055033548378,2.4279406585573335,2.6586218512613264,1.1282474574316686e-11
6.666666666666667,8.0,0.9424777960769379,0.7853981633974483,2,0.4049670120137192,2.245094184752273,2.5097787974380275,1.3569267406344224e-9
12.083333333333334,4.0,0.5199877495596898,1.5707963267948966,1,0.09842859069216336,1.0885283061569964,1.1282488016283547,4.3919214455708955e-10
10.833333333333334,3.0,0.5799863360473464,2.0943951023931953,1,0.11019189765244129,1.1847731981389047,1.2244820101098186,2.3326266277214907e-8
10.833333333333334,3.0,0.5799863360473464,2.0943951023931953,2,0.2833029089688765,2.064087837337719,2.1233042085769656,2.0734692702545453e-8
5.416666666666667,7.333333333333333,1.1599726720946928,0.85679799643358,1,0.18132942853458292,1.1562558710637076,1.1375253966509091,3.261707969247958e-12
5.416666666666667,7.333333333333333,1.1599726720946928,0.85679799643358,2,0.17211688264548705,1.0926241398231513,1.075643249898997,1.0145911956584086e-13
14.583333333333334,6.333333333333333,0.43084699249231445,0.9920818906073031,1,0.11609121181076194,1.0739054043564151,1.1146341480362818,1.2357111236549566e-10
7.916666666666667,9.333333333333334,0.7936655124858425,0.6731984257692414,1,0.37795471912952816,1.9291035637705456,2.151822987672161,1.9170431739615892e-8
13.333333333333334,5.333333333333333,0.47123889803846897,1.1780972450961724,1,0.10513120704386011,1.0695180489062817,1.109823098847552,3.6494005590594795e-8
6.666666666666667,8.333333333333334,0.9424777960769379,0.7539822368615503,1,0.4059961291176146,2.19797199233927,2.45258245741876,1.2224760457498096e-13
6.666666666666667,8.333333333333334,0.9424777960769379,0.7539822368615503,2,0.4235460368471944,2.5015328095071165,2.6948250729576673,2.920204446372105e-11
12.083333333333334,4.333333333333333,0.5199877495596898,1.4499658401183662,1,0.09820107215971866,1.078212740926664,1.118820411287354,1.3694241844641743e-8
5.416666666666667,7.666666666666667,1.1599726720946928,0.8195459096321199,1,0.17315611140813247,1.0920640633488325,1.0749260712463082,1.6044128182832793e-11
5.416666666666667,7.666666666666667,1.1599726720946928,0.8195459096321199,2,0.179217595818541,1.1372033257442347,1.1176280396799751,2.8371739141211945e-11
7.916666666666667,9.666666666666666,0.7936655124858425,0.6499846869496124,1,0.38086488019645554,1.9395657620591724,2.1613950965645583,1.1089235947851042e-8
7.916666666666667,9.666666666666666,0.7936655124858425,0.6499846869496124,2,0.4487499606250061,2.485127766355547,2.6239696251709175,1.1090091493318088e-11
7.916666666666667,9.666666666666666,0.7936655124858425,0.6499846869496124,3,0.4074126102929982,2.1775681423889175,2.302650653578393,1.1509424348688342e-8
14.583333333333334,6.666666666666667,0.43084699249231445,0.9424777960769379,1,0.12206727162395276,1.0806906761219892,1.1252038339891839,7.360080499501558e-10
10.833333333333334,3.3333333333333335,0.5799863360473464,1.8849555921538759,1,0.10010870399416223,1.1266135491187153,1.168020161774474,6.5960871432232824e-12
10.833333333333334,3.3333333333333335,0.5799863360473464,1.8849555921538759,2,0.3276933198204388,2.2900235220742404,2.3562915810027025,2.934246620100974e-11
13.333333333333334,5.666666666666667,0.47123889803846897,1.1087974071493387,1,0.10912419804700754,1.0713970585004962,1.114647766016328,1.1984810002893915e-8
6.666666666666667,8.666666666666666,0.9424777960769379,0.7249829200591831,1,0.406272814907598,2.1676016398883258,2.4136145229257475,1.5195664866516394e-10
6.666666666666667,8.666666666666666,0.9424777960769379,0.7249829200591831,2,0.4325541311397356,2.5449015765652603,2.712045129663485,8.53049343904149e-9
12.083333333333334,4.666666666666667,0.5199877495596898,1.3463968515384828,1,0.0997007011129117,1.073066696409262,1.1153981521886316,1.4034953512889994e-13
5.416666666666667,8.0,1.1599726720946928,0.7853981633974483,1,0.17491496913702437,1.093797275532805,1.0764778076701513,2.0187099258224648e-11
5.416666666666667,8.0,1.1599726720946928,0.7853981633974483,2,0.17805038666189218,1.117870867861923,1.098975935538282,9.426532231494882e-13
7.916666666666667,10.0,0.7936655124858425,0.6283185307179586,1,0.3855958901015475,1.9575150317967909,2.1760059077534173,1.3505027806167482e-9
14.583333333333334,7.0,0.43084699249231445,0.8975979010256552,1,0.12984484916032965,1.091351998115961,1.141012541661618,5.165685862653434e-11
10.833333333333334,3.6666666666666665,0.5799863360473464,1.71359599286716,1,0.09632788152292075,1.098775397546278,1.1413082645172372,9.66598361619223e-14
9.583333333333334,2.6666666666666665,0.6556367277056959,2.356194490192345,1,0.12024363367048278,1.27328507162435,1.3082693487172246,1.2462075514488205e-9
9.583333333333334,2.6666666666666665,0.6556367277056959,2.356194490192345,2,0.23825000659845677,1.9097293303340832,1.9475294996593662,4.561981872222219e-14
13.333333333333334,6.0,0.47123889803846897,1.0471975511965976,1,0.1146598322596595,1.07629946606108,1.1238069033847442,5.587105299470655e-9
6.666666666666667,9.0,0.9424777960769379,0.6981317007977318,1,0.4049523362459933,2.1429172595646566,2.3859705704354717,8.416998772103122e-11
12.083333333333334,5.0,0.5199877495596898,1.2566370614359172,1,0.10277710422901948,1.0717487504035683,1.1169054629024022,6.949265876384565e-8
5.416666666666667,8.333333333333334,1.1599726720946928,0.7539822368615503,1,0.4248152061111095,2.800007476062495,2.8409522500485673,4.903570520983828e-12
14.583333333333334,7.333333333333333,0.43084699249231445,0.85679799643358,1,0.14011367080756817,1.107913292949817,1.1646007758050927,7.420854571639415e-13
10.833333333333334,4.0,0.5799863360473464,1.5707963267948966,1,0.09570634061863739,1.084214234355286,1.128268311969062,1.1457916514570615e-11
10.833333333333334,4.0,0.5799863360473464,1.5707963267948966,2,0.37056696400852474,2.5943122156107705,2.6422823660537977,3.9820571901266975e-9
9.583333333333334,3.0,0.6556367277056959,2.0943951023931953,1,0.10086474719192667,1.1590115171787254,1.2004444758290442,1.4952615092349214e-8
13.333333333333334,6.333333333333333,0.47123889803846897,0.9920818906073031,1,0.12225169892990798,1.0853127741474455,1.1389917803169716,2.6813705572962232e-8
6.666666666666667,9.333333333333334,0.9424777960769379,0.6731984257692414,1,0.4039772081566126,2.1358466195729604,2.380643838788899,7.276975829345801e-12
12.083333333333334,5.333333333333333,0.5199877495596898,1.1780972450961724,1,0.10757394542133474,1.073982124375945,1.1234868974924994,1.3862226593316013e-9
14.583333333333334,7.666666666666667,0.43084699249231445,0.8195459096321199,1,0.15378951869156196,1.1337067050688454,1.1997894904146351,6.708574996155615e-9
10.833333333333334,4.333333333333333,0.5799863360473464,1.4499658401183662,1,0.09730783366903943,1.0770763279126168,1.1236426507982713,3.883258735070747e-13
10.833333333333334,4.333333333333333,0.5799863360473464,1.4499658401183662,2,0.3856958064176966,1.737490005849993,1.8548249518974207,1.928724448649377e-10
9.583333333333334,3.3333333333333335,0.6556367277056959,1.8849555921538759,1,0.09484438925686413,1.114533304653084,1.1591948832410484,3.006112358809924e-11
13.333333333333334,6.666666666666667,0.47123889803846897,0.9424777960769379,1,0.13291838525425828,1.1010006435132684,1.1638850954929456,1.7538741912871293e-9
6.666666666666667,9.666666666666666,0.9424777960769379,0.6499846869496124,1,0.4080975629738696,2.1709258886447387,2.4093868982639863,2.1573988352395295e-9
12.083333333333334,5.666666666666667,0.5199877495596898,1.1087974071493387,1,0.11460133480719675,1.0805036271115676,1.1366768291951252,4.0145206900027e-12
14.583333333333334,8.0,0.43084699249231445,0.7853981633974483,1,0.17117289671156236,1.1718141632083783,1.249060008891972,2.4529903075293463e-11
10.833333333333334,4.666666666666667,0.5799863360473464,1.3463968515384828,1,0.10094863680615114,1.0751562132133277,1.1257974050654158,1.3020965615436916e-8
8.333333333333334,2.6666666666666665,0.7539822368615503,2.356194490192345,1,0.10538497918808687,1.2204557553659514,1.2569343293193602,2.1572368410836628e-11
8.333333333333334,2.6666666666666665,0.7539822368615503,2.356194490192345,2,0.27229587638713604,2.241992885372775,2.2322572633647204,1.497437635694117e-8
13.333333333333334,7.0,0.47123889803846897,0.8975979010256552,1,0.14853293632025535,1.1290978788523065,1.2061133718420904,3.2208672172073786e-10
9.583333333333334,3.6666666666666665,0.6556367277056959,1.71359599286716,1,0.09358321365365603,1.0930952631714952,1.1405012010128595,5.406233822910447e-8
9.583333333333334,3.6666666666666665,0.6556367277056959,1.71359599286716,2,0.36644252274337175,2.675752948729537,2.7064287574848453,2.4544239776847243e-8
6.666666666666667,10.0,0.9424777960769379,0.6283185307179586,1,0.42007958687941127,2.2718433265885527,2.4835308901265876,1.6632371305219947e-12
6.666666666666667,10.0,0.9424777960769379,0.6283185307179586,2,0.4354834048402759,2.419732188744672,2.5859359049874673,6.552979897545474e-10
14.583333333333334,8.333333333333334,0.43084699249231445,0.7539822368615503,1,0.19026303811486786,1.219143093926851,1.306377659309791,8.188554167509441e-12
14.583333333333334,8.333333333333334,0.43084699249231445,0.7539822368615503,2,0.31132280650492594,1.6484470136001463,1.586658586865695,3.244010509034165e-12
12.083333333333334,6.0,0.5199877495596898,1.0471975511965976,1,0.12508052723806146,1.093869687048611,1.160738478962926,1.5648031447889518e-13
10.833333333333334,5.0,0.5799863360473464,1.2566370614359172,1,0.1069753146909601,1.0781572442208258,1.1353558297796897,2.569471545436784e-13
13.333333333333334,7.333333333333333,0.47123889803846897,0.85679799643358,1,0.17067812944908592,1.178215747283734,1.2749003818623108,1.9458300285622708e-9
13.333333333333334,7.333333333333333,0.47123889803846897,0.85679799643358,2,0.33602677562246214,1.8087799511208977,1.7398901198501244,8.280467412669424e-12
8.333333333333334,3.0,0.7539822368615503,2.0943951023931953,1,0.09455302845465786,1.1406380395948728,1.1859789287693718,1.0430929641416137e-11
9.583333333333334,4.0,0.6556367277056959,1.5707963267948966,1,0.09531305217298937,1.0830000889932285,1.1341709914486444,1.1389174257067704e-10
14.583333333333334,8.666666666666666,0.43084699249231445,0.7249829200591831,1,0.2082282056341552,1.2670251748549137,1.360526859020217,2.133650589540738e-14
14.583333333333334,8.666666666666666,0.43084699249231445,0.7249829200591831,2,0.2847473089100608,1.589433400406711,1.5206930275669652,1.7726504664165447e-10
12.083333333333334,6.333333333333333,0.5199877495596898,0.9920818906073031,1,0.14199231166506626,1.121739787664887,1.2074238427768982,5.929850181749521e-12
10.833333333333334,5.333333333333333,0.5799863360473464,1.1780972450961724,1,0.11656730712029738,1.087907836498367,1.1561703056624248,4.5623135071879514e-10
13.333333333333334,7.666666666666667,0.47123889803846897,0.8195459096321199,1,0.19478122943587664,1.2423465960972286,1.3565558631165122,3.012735366828756e-8
13.333333333333334,7.666666666666667,0.47123889803846897,0.8195459096321199,2,0.3146331901130217,1.728783998025899,1.6609519558268486,1.681220610092434e-10
9.583333333333334,4.333333333333333,0.6556367277056959,1.4499658401183662,1,0.09979555628066332,1.0803930165216695,1.1375997977555354,4.383086745945062e-12
9.583333333333334,4.333333333333333,0.6556367277056959,1.4499658401183662,2,0.3666320274721085,1.6821292865895692,1.7965045368698123,9.060868952499412e-11
8.333333333333334,3.3333333333333335,0.7539822368615503,1.8849555921538759,1,0.09214977191667353,1.1070480166147674,1.1577808291057914,2.2911311690582533e-8
14.583333333333334,9.0,0.43084699249231445,0.6981317007977318,1,0.22419187894540304,1.310497961895286,1.4067741076819544,1.1624700552090804e-10
14.583333333333334,9.0,0.43084699249231445,0.6981317007977318,2,0.27739817741412603,1.575154460949443,1.5018432139835909,1.4767919916364807e-8
5.416666666666667,10.0,1.1599726720946928,0.6283185307179586,1,0.5691784282308577,2.1105230145415925,2.295215990061492,3.3560040106937123e-11
7.083333333333333,2.3333333333333335,0.887037925719471,2.6927937030769655,1,0.20565673604360665,1.874023380120582,1.8635552738341468,7.319409027963156e-12
7.083333333333333,2.3333333333333335,0.887037925719471,2.6927937030769655,2,0.12401363186023667,1.3770422423336361,1.3930980577548682,2.758430050619669e-9
12.083333333333334,6.666666666666667,0.5199877495596898,0.9424777960769379,1,0.17048678557587876,1.183822562629873,1.3027646471873124,1.0181415325883494e-8
10.833333333333334,5.666666666666667,0.5799863360473464,1.1087974071493387,1,0.13328643145145203,1.112101484190168,1.2018040455125083,3.3202526201662164e-8
13.333333333333334,8.0,0.47123889803846897,0.7853981633974483,1,0.2149650816460066,1.3019470114455414,1.425073498479604,5.370002680848735e-12
13.333333333333334,8.0,0.47123889803846897,0.7853981633974483,2,0.29413077359351514,1.6658543766461198,1.5997390664276085,7.588854905096322e-11
9.583333333333334,4.666666666666667,0.6556367277056959,1.3463968515384828,1,0.10786057585892785,1.0851773110291818,1.1528184689080148,3.2984859134259026e-10
8.333333333333334,3.6666666666666665,0.7539822368615503,1.71359599286716,1,0.09405963341054954,1.0923074804240949,1.1490423227748268,9.835136278380112e-12
8.333333333333334,3.6666666666666665,0.7539822368615503,1.71359599286716,2,0.3519906360546699,1.6798235201728797,1.8005668970661821,2.240880018855357e-11
14.583333333333334,9.333333333333334,0.43084699249231445,0.6731984257692414,1,0.2384899805713729,1.348920848658348,1.4456673094795627,1.476581696124362e-14
14.583333333333334,9.333333333333334,0.43084699249231445,0.6731984257692414,2,0.277464496824455,1.5747844408325258,1.4985780050124098,4.175666146710787e-12
12.083333333333334,7.0,0.5199877495596898,0.8975979010256552,1,0.2017183848843233,1.27223686965751,1.4218824648430055,9.791924926867294e-12
12.083333333333334,7.0,0.5199877495596898,0.8975979010256552,2,0.3073084085501397,1.7727683079938241,1.7010477981475054,4.911635961049048e-9
7.083333333333333,2.6666666666666665,0.887037925719471,2.356194490192345,1,0.09704721708480327,1.1892226064864906,1.2316912367047304,8.266581989035111e-13
10.833333333333334,6.0,0.5799863360473464,1.0471975511965976,1,0.16859901501801394,1.185307989794725,1.326239984420044,2.7325435742136698e-9
13.333333333333334,8.333333333333334,0.47123889803846897,0.7539822368615503,1,0.23135127532984873,1.3517144539505401,1.4774668456347315,3.041467702557788e-12
13.333333333333334,8.333333333333334,0.47123889803846897,0.7539822368615503,2,0.2823052975488863,1.6344514127679899,1.5670236814651222,3.1065001254284165e-8
9.583333333333334,5.0,0.6556367277056959,1.2566370614359172,1,0.1227719606900462,1.1030304145970617,1.1917122629005448,1.0636635859900826e-10
14.583333333333334,9.666666666666666,0.43084699249231445,0.6499846869496124,1,0.28085049303362825,1.579229018014743,1.50167310850177,3.432311382822876e-10
14.583333333333334,9.666666666666666,0.43084699249231445,0.6499846869496124,2,0.25161060508825095,1.383036201707406,1.4788918428560065,2.0573388074835992e-9
8.333333333333334,4.0,0.7539822368615503,1.5707963267948966,1,0.09994935105900303,1.0891487042089145,1.1554190577137236,3.189586884104967e-10
8.333333333333334,4.0,0.7539822368615503,1.5707963267948966,2,0.3366773483227509,1.576820250029083,1.6765844241310415,8.977378802275259e-12
12.083333333333334,7.333333333333333,0.5199877495596898,0.85679799643358,1,0.22396854614907585,1.3451685654268175,1.5067833603514615,3.061621439797833e-9
12.083333333333334,7.333333333333333,0.5199877495596898,0.85679799643358,2,0.29890089456873836,1.731065529833836,1.668380358321063,3.6363702723287417e-12
7.083333333333333,3.0,0.887037925719471,2.0943951023931953,1,0.0923175690828928,1.1312838244861254,1.1857012860205554,1.5716453337321083e-11
5.833333333333333,2.3333333333333335,1.0771174812307862,2.6927937030769655,1,0.10743900507704046,1.2986225208260316,1.3262844889543768,4.26370856810982e-8
5.833333333333333,2.3333333333333335,1.0771174812307862,2.6927937030769655,2,0.2609575581135421,2.4366160633872798,2.311862134880198,5.3011409481656813e-11
10.833333333333334,6.333333333333333,0.5799863360473464,0.9920818906073031,1,0.2106820796036043,1.3108400240014868,1.5066625847429171,2.1365357862910112e-14
13.333333333333334,8.666666666666666,0.47123889803846897,0.7249829200591831,1,0.27913558090130697,1.6256193894817248,1.5562848712783217,2.2989391380974873e-8
13.333333333333334,8.666666666666666,0.47123889803846897,0.7249829200591831,2,0.24532757195651497,1.3934498942213582,1.518446222792263,4.1716722733231655e-11
14.583333333333334,10.0,0.43084699249231445,0.6283185307179586,1,0.2639314764864954,1.4137327421847696,1.5079297903940492,7.724116968080812e-10
14.583333333333334,10.0,0.43084699249231445,0.6283185307179586,2,0.2863313821434836,1.5858875508257189,1.5085835497183107,8.783079061081571e-9
9.583333333333334,5.333333333333333,0.6556367277056959,1.1780972450961724,1,0.16140134281388535,1.1765186633094848,1.3304755915710893,5.9365806046240086e-8
8.333333333333334,4.333333333333333,0.7539822368615503,1.4499658401183662,1,0.11210779858160302,1.099024308657645,1.1841764162069226,6.352714191927319e-9
12.083333333333334,7.666666666666667,0.5199877495596898,0.8195459096321199,1,0.28968014933289293,1.6896006019102625,1.6412556270726577,9.721297792943567e-11
12.083333333333334,7.666666666666667,0.5199877495596898,0.8195459096321199,2,0.24039971197870383,1.400979898734883,1.5642819406753117,1.4386508259412258e-8
7.083333333333333,3.3333333333333335,0.887037925719471,1.8849555921538759,1,0.09461182611108626,1.1087559574590196,1.173904997119801,7.54570167627067e-10
10.833333333333334,6.666666666666667,0.5799863360473464,0.9424777960769379,1,0.235148218130491,1.4003092413454734,1.6119721569281353,3.785844417199084e-13
10.833333333333334,6.666666666666667,0.5799863360473464,0.9424777960769379,2,0.29944634520539865,1.7826007891254778,1.7258941656686813,1.3689421520431312e-13
5.833333333333333,2.6666666666666665,1.0771174812307862,2.356194490192345,1,0.09653690721717405,1.1805019648316746,1.2395904468120171,1.0204385440298515e-7
13.333333333333334,9.0,0.47123889803846897,0.6981317007977318,1,0.257827510240123,1.429323685105872,1.5518291330834042,2.9272954847910747e-8
13.333333333333334,9.0,0.47123889803846897,0.6981317007977318,2,0.28079881316072686,1.6267852854255949,1.5564389852431213,1.456042623585126e-10
9.583333333333334,5.666666666666667,0.6556367277056959,1.1087974071493387,1,0.22142606903505954,1.3630356107764032,1.6178688312006297,6.028949452529303e-10
8.333333333333334,4.666666666666667,0.7539822368615503,1.3463968515384828,1,0.1460701954524723,1.1555924299901035,1.3031277097778966,1.2810410101224048e-11
12.083333333333334,8.0,0.5199877495596898,0.7853981633974483,1,0.2537895140925378,1.4455456125916477,1.6059323398135694,1.0719985960242219e-10
12.083333333333334,8.0,0.5199877495596898,0.7853981633974483,2,0.2856876225646226,1.67437306693667,1.6331721755975828,1.4676969389387386e-11
7.083333333333333,3.6666666666666665,0.887037925719471,1.71359599286716,1,0.10352252779361922,1.106679255523704,1.1893150244466457,2.0050350813924987e-8
10.833333333333334,7.0,0.5799863360473464,0.8975979010256552,1,0.25153483500894075,1.4628883755222062,1.6745178134097243,2.1001669172241645e-13
10.833333333333334,7.0,0.5799863360473464,0.8975979010256552,2,0.3005964717878248,1.7595510927848763,1.725444886570763,9.57356558495386e-11
13.333333333333334,9.333333333333334,0.47123889803846897,0.6731984257692414,1,0.28531315950036357,1.6323093434416371,1.5624594941905248,9.416226337792525e-9
13.333333333333334,9.333333333333334,0.47123889803846897,0.6731984257692414,2,0.2694075052060782,1.4609381878908876,1.5800902529524739,7.394965645414001e-9
5.833333333333333,3.0,1.0771174812307862,2.0943951023931953,1,0.10023693501271794,1.1444380824329279,1.227123993606055,1.5264185451739224e-9
9.583333333333334,6.0,0.6556367277056959,1.0471975511965976,1,0.24899194419793924,1.4768644023569362,1.7532548784691644,3.473769504591908e-11
12.083333333333334,8.333333333333334,0.5199877495596898,0.7539822368615503,1,0.26548477988309516,1.4827093860997198,1.6380883838262603,1.2751926932400259e-14
12.083333333333334,8.333333333333334,0.5199877495596898,0.7539822368615503,2,0.28730501038185197,1.6799424044436764,1.6398220457777346,1.6203233586404223e-9
8.333333333333334,5.0,0.7539822368615503,1.2566370614359172,1,0.23327560464174707,1.4367298971138696,1.761154000974758,4.094439571346503e-8
13.333333333333334,9.666666666666666,0.47123889803846897,0.6499846869496124,1,0.2918740739786244,1.6402414605011457,1.572649787124424,1.4822391854592009e-8
13.333333333333334,9.666666666666666,0.47123889803846897,0.6499846869496124,2,0.2804083046246463,1.4894181130638509,1.6048276730386268,8.231529589108401e-13
7.083333333333333,4.0,0.887037925719471,1.5707963267948966,1,0.12948508798802005,1.1424386439603227,1.2761364014916166,1.5462206808795784e-12
7.083333333333333,4.0,0.887037925719471,1.5707963267948966,2,0.2586292335252773,1.2982451978354927,1.3153779359015139,1.9223058892422774e-10
10.833333333333334,7.333333333333333,0.5799863360473464,0.85679799643358,1,0.26425281399008366,1.510327727646645,1.715797064477571,1.3819852259570199e-9
10.833333333333334,7.333333333333333,0.5799863360473464,0.85679799643358,2,0.301487434397233,1.7203094294105887,1.7303158509919547,7.489955159751309e-14
5.833333333333333,3.3333333333333335,1.0771174812307862,1.8849555921538759,1,0.12054408212478625,1.1612278554877875,1.2925937398956269,9.424736191197554e-13
5.833333333333333,3.3333333333333335,1.0771174812307862,1.8849555921538759,2,0.26494289346687067,1.4081530278197523,1.4444583307939496,6.557949324116496e-12
9.583333333333334,6.333333333333333,0.6556367277056959,0.9920818906073031,1,0.26571681379384043,1.5495905306632556,1.8239053136711056,1.6968750011188884e-11
9.583333333333334,6.333333333333333,0.6556367277056959,0.9920818906073031,2,0.30729095336028894,1.8349889373090402,1.8090979935223164,1.5272018071561374e-10
12.083333333333334,8.666666666666666,0.5199877495596898,0.7249829200591831,1,0.27618684797133414,1.5148239989894716,1.6642871269298576,2.9903678497793724e-11
12.083333333333334,8.666666666666666,0.5199877495596898,0.7249829200591831,2,0.29178990945001193,1.692854582113814,1.6521611933277873,9.474368697477545e-11
8.333333333333334,5.333333333333333,0.7539822368615503,1.1780972450961724,1,0.26592800914649545,1.593028808740856,1.946521068881688,9.349230832158267e-10
8.333333333333334,5.333333333333333,0.7539822368615503,1.1780972450961724,2,0.24911111510347905,1.2028054039144886,1.2058982160946488,3.686569325792473e-12
8.333333333333334,5.333333333333333,0.7539822368615503,1.1780972450961724,3,0.25491991233943406,1.2267313047658082,1.2341415021119482,3.770756073655117e-9
13.333333333333334,10.0,0.47123889803846897,0.6283185307179586,1,0.29104873450250135,1.5155630918423342,1.6271059038209181,9.440326568317187e-13
13.333333333333334,10.0,0.47123889803846897,0.6283185307179586,2,0.30012696977333503,1.6501052791366038,1.5866235927847427,2.0589014944432517e-13
10.833333333333334,7.666666666666667,0.5799863360473464,0.8195459096321199,1,0.27505117689238984,1.5485237715468858,1.7452789496320475,1.106930092827185e-12
10.833333333333334,7.666666666666667,0.5799863360473464,0.8195459096321199,2,0.302351702477516,1.7087096852696155,1.744159780370215,2.977671854174349e-12
7.083333333333333,4.333333333333333,0.887037925719471,1.4499658401183662,1,0.24020536373486023,1.2254946713190729,1.2264026399846424,7.1853191055949515e-9
7.083333333333333,4.333333333333333,0.887037925719471,1.4499658401183662,2,0.27608669243995126,1.3873386615458867,1.433031647560361,1.9233619109608636e-9
7.083333333333333,4.333333333333333,0.887037925719471,1.4499658401183662,3,0.24249404395432742,1.5308630958313378,1.9155934545284636,3.503607973197466e-11
5.833333333333333,3.6666666666666665,1.0771174812307862,1.71359599286716,1,0.23522586116077593,1.2779901590160354,1.2794228767972573,1.3965854655921344e-14
5.833333333333333,3.6666666666666665,1.0771174812307862,1.71359599286716,2,0.2422032380479299,1.6251544802746227,2.0231698158332794,3.301596838032235e-11
12.083333333333334,9.0,0.5199877495596898,0.6981317007977318,1,0.28629572847109186,1.5433936010407763,1.686633220248916,3.739619878819322e-10
12.083333333333334,9.0,0.5199877495596898,0.6981317007977318,2,0.2978619208130584,1.7073580922490263,1.666841652261243,3.2573952037030225e-8
9.583333333333334,6.666666666666667,0.6556367277056959,0.9424777960769379,1,0.3163893791682448,1.8253029766668902,1.8313514381461686,7.5644700149533e-9
9.583333333333334,6.666666666666667,0.6556367277056959,0.9424777960769379,2,0.2779778214956905,1.601635759316873,1.8655948898973491,4.241419252360806e-12
8.333333333333334,5.666666666666667,0.7539822368615503,1.1087974071493387,1,0.38690575010914985,2.328518120443545,2.4601748388056235,4.369838911380013e-12
8.333333333333334,5.666666666666667,0.7539822368615503,1.1087974071493387,2,0.24015951672711955,1.1745939202436568,1.172027619515869,1.4553651834973296e-8
8.333333333333334,5.666666666666667,0.7539822368615503,1.1087974071493387,3,0.285592213441839,1.6894270500874156,2.0302378685059432,1.0605893773521906e-10
10.833333333333334,8.0,0.5799863360473464,0.7853981633974483,1,0.28477544475503536,1.5807411430240998,1.7678063169480667,1.583893273142149e-10
10.833333333333334,8.0,0.5799863360473464,0.7853981633974483,2,0.3072554585630494,1.726763640128253,1.7668633462185617,4.0413234131343795e-11
7.083333333333333,4.666666666666667,0.887037925719471,1.3463968515384828,1,0.28180829882131286,1.7519646458085538,2.164554492719132,2.571142938550079e-9
7.083333333333333,4.666666666666667,0.887037925719471,1.3463968515384828,2,0.22908875708416365,1.186262108330474,1.1806353486170174,1.36156455244722e-11
5.833333333333333,4.0,1.0771174812307862,1.5707963267948966,1,0.22039403310724073,1.2186338539488386,1.209863534885734,1.4509159113023825e-13
12.083333333333334,9.333333333333334,0.5199877495596898,0.6731984257692414,1,0.2960563771117141,1.5694270871168199,1.7064529655511786,8.369556289820546e-12
12.083333333333334,9.333333333333334,0.5199877495596898,0.6731984257692414,2,0.30519013593850075,1.7219295122862648,1.6835508464725435,3.167057708321732e-14
9.583333333333334,7.0,0.6556367277056959,0.8975979010256552,1,0.2879574154268855,1.6415781879643305,1.891710301804218,8.895259079022013e-13
15.0,3.3333333333333335,0.41887902047863906,1.8849555921538759,1,0.1325024535328821,1.1974767458940085,1.2351467655662565,6.213652228852214e-14
15.0,3.3333333333333335,0.41887902047863906,1.8849555921538759,2,0.2814906041963327,1.7792594909357686,1.8640961903180957,1.0459572213282347e-12
8.333333333333334,6.0,0.7539822368615503,1.0471975511965976,1,0.23511938492477716,1.1622253071130455,1.1566666653772963,2.1574578515601333e-11
8.333333333333334,6.0,0.7539822368615503,1.0471975511965976,2,0.3092525217424183,1.772810113989103,2.0487979919769574,4.6246668751257175e-9
8.333333333333334,6.0,0.7539822368615503,1.0471975511965976,3,0.32560497873124933,1.9390047747859394,1.9528838292872208,8.830507530849936e-12
10.833333333333334,8.333333333333334,0.5799863360473464,0.7539822368615503,1,0.31388020428168395,1.7555177594227398,1.7917048329279548,1.3993246572619584e-14
10.833333333333334,8.333333333333334,0.5799863360473464,0.7539822368615503,2,0.29389021204320404,1.6089549500523928,1.7861347127116711,5.750284356313534e-14
7.083333333333333,5.0,0.887037925719471,1.2566370614359172,1,0.3027200143067485,1.8863405241189573,2.2839158731184903,1.4585237203940514e-10
7.083333333333333,5.0,0.887037925719471,1.2566370614359172,2,0.22104371337569115,1.1611658415333708,1.1522125775035008,1.4449475343796748e-11
7.083333333333333,5.0,0.887037925719471,1.2566370614359172,3,0.371699584023857,2.4414736995477178,2.5460156126169924,1.613425965218817e-9
7.083333333333333,5.0,0.887037925719471,1.2566370614359172,4,0.38933463614058145,2.600714592566517,2.7408323051397683,8.072250627193771e-9
12.083333333333334,9.666666666666666,0.5199877495596898,0.6499846869496124,1,0.31384695553164615,1.7367624372553392,1.70322085577781,5.306297625636911e-13
12.083333333333334,9.666666666666666,0.5199877495596898,0.6499846869496124,2,0.30562771354435025,1.593631443061094,1.7246230772932964,1.2855396981314335e-9
5.833333333333333,4.333333333333333,1.0771174812307862,1.4499658401183662,1,0.21009896879783393,1.1825329828665068,1.1696838458197165,1.6054094260040365e-12
5.833333333333333,4.333333333333333,1.0771174812307862,1.4499658401183662,2,0.3136001490707866,2.0986538549619027,2.477871858859344,1.9140600890433176e-10
5.833333333333333,4.333333333333333,1.0771174812307862,1.4499658401183662,3,0.35788830950866507,2.5772293320405293,2.6296614117220383,7.798903617554612e-9
5.833333333333333,4.333333333333333,1.0771174812307862,1.4499658401183662,4,0.24848726525194192,1.378105389175555,1.4220089621581358,3.9301572948038064e-11
9.583333333333334,7.333333333333333,0.6556367277056959,0.85679799643358,1,0.2966752677136343,1.6738923486497037,1.908858723661186,8.198877916180184e-9
15.0,3.6666666666666665,0.41887902047863906,1.71359599286716,1,0.11754049038417815,1.136177799869067,1.171347746599059,4.4543529210194263e-10
15.0,3.6666666666666665,0.41887902047863906,1.71359599286716,2,0.3233013787747833,1.9297015373203523,2.0328784113610237,3.438282602671549e-13
10.833333333333334,8.666666666666666,0.5799863360473464,0.7249829200591831,1,0.3026724226390052,1.6344400610182896,1.8019432043138184,2.2033915737175775e-8
10.833333333333334,8.666666666666666,0.5799863360473464,0.7249829200591831,2,0.32105787519311496,1.78907645679187,1.8186907770317622,1.245233559295372e-9
7.083333333333333,5.333333333333333,0.887037925719471,1.1780972450961724,1,0.2148343243252098,1.1439138827235074,1.1330163189254052,1.7733450047216656e-9
7.083333333333333,5.333333333333333,0.887037925719471,1.1780972450961724,2,0.4336457230007991,2.970619668421839,3.0693353807172907,2.5595343915105327e-11
7.083333333333333,5.333333333333333,0.887037925719471,1.1780972450961724,3,0.3724222735729085,2.3673586494022865,2.446564689425484,2.2619629556203807e-10
7.083333333333333,5.333333333333333,0.887037925719471,1.1780972450961724,4,0.3172736396494451,1.9862379593694417,2.3563820011086962,1.6109313474913325e-14
7.083333333333333,5.333333333333333,0.887037925719471,1.1780972450961724,5,0.24734892102214417,1.2923281246600753,1.305802628775003,1.4500870025291947e-11
7.083333333333333,5.333333333333333,0.887037925719471,1.1780972450961724,6,0.32225331731140644,1.942357275016961,2.247992321340108,4.258681899749258e-14
12.083333333333334,10.0,0.5199877495596898,0.6283185307179586,1,0.3151185388459931,1.616522968080636,1.7417488972599964,5.091115359545991e-11
12.083333333333334,10.0,0.5199877495596898,0.6283185307179586,2,0.32424225658367384,1.7530697324601818,1.7281240276436947,1.3943197947749345e-12
5.833333333333333,4.666666666666667,1.0771174812307862,1.3463968515384828,1,0.202090105716057,1.1580190879547607,1.14335695984588,6.102421120349477e-11
5.833333333333333,4.666666666666667,1.0771174812307862,1.3463968515384828,2,0.23805306444677884,1.3431582719886717,1.3741033066360049,1.535229220906872e-8
9.583333333333334,7.666666666666667,0.6556367277056959,0.8195459096321199,1,0.3086951201014644,1.704870417297399,1.9184914691767752,2.1207837445198364e-8
9.583333333333334,7.666666666666667,0.6556367277056959,0.8195459096321199,2,0.322240542349019,1.7392372201992354,1.9137804639617846,1.4309222688789794e-9
15.0,4.0,0.41887902047863906,1.5707963267948966,1,0.1103967399355773,1.1058021383688739,1.1395569883511358,9.348610397279703e-13
8.333333333333334,6.666666666666667,0.7539822368615503,0.9424777960769379,1,0.31631806901768594,1.850014065919754,2.1412939057898672,4.255691535834185e-14
8.333333333333334,6.666666666666667,0.7539822368615503,0.9424777960769379,2,0.34688298234497833,1.9338474626196729,1.9926535974155977,2.3353503379081832e-8
10.833333333333334,9.0,0.5799863360473464,0.6981317007977318,1,0.3287519932304273,1.8232034293556594,1.8482659002020378,4.841551101367199e-9
10.833333333333334,9.0,0.5799863360473464,0.6981317007977318,2,0.3112969145410064,1.658062228105789,1.8163044280544058,8.82351644983261e-10
13.75,3.0,0.4569589314312426,2.0943951023931953,1,0.1496450617774001,1.298048278376575,1.3403884742525471,7.452188880113286e-9
13.75,3.0,0.4569589314312426,2.0943951023931953,2,0.23076955934276458,1.6373685148890866,1.7048772133393526,3.608419069790518e-11
7.083333333333333,5.666666666666667,0.887037925719471,1.1087974071493387,1,0.34374922760011856,2.015451596045396,2.245917092801962,4.071547001056351e-12
7.083333333333333,5.666666666666667,0.887037925719471,1.1087974071493387,2,0.2404155114369756,1.2718913614865848,1.2774514076962673,2.0758079133493597e-11
7.083333333333333,5.666666666666667,0.887037925719471,1.1087974071493387,3,0.209959064968354,1.131665514642041,1.1194849848178807,1.0891473440192804e-10
7.083333333333333,5.666666666666667,0.887037925719471,1.1087974071493387,4,0.3286893549824679,2.065617659199527,2.404341440822063,3.163221346919404e-12
9.583333333333334,8.0,0.6556367277056959,0.7853981633974483,1,0.33160414245462433,1.7653582457648658,1.921719624734577,8.656879827112002e-11
9.583333333333334,8.0,0.6556367277056959,0.7853981633974483,2,0.47785626812253407,2.416181892355198,2.403179674174454,9.114950105434051e-15
5.833333333333333,5.0,1.0771174812307862,1.2566370614359172,1,0.1956136629826284,1.1404434018178051,1.1249583328982702,1.463286387646734e-9
5.833333333333333,5.0,1.0771174812307862,1.2566370614359172,2,0.23032403330806925,1.3181140970282337,1.3392986815170098,3.314919185745878e-14
15.0,4.333333333333333,0.41887902047863906,1.4499658401183662,1,0.10677849745855203,1.088480921255619,1.121370078785699,4.386049844879422e-10
15.0,4.333333333333333,0.41887902047863906,1.4499658401183662,2,0.3707780368184809,2.17014039606909,2.2727898772136523,4.867740264237495e-11
8.333333333333334,7.0,0.7539822368615503,0.8975979010256552,1,0.32388698198291704,1.882295365712225,2.150294526245598,3.623383267897496e-14
10.833333333333334,9.333333333333334,0.5799863360473464,0.6731984257692414,1,0.3383551704891099,1.857258755328031,1.8861728846625085,1.3205217728814914e-12
10.833333333333334,9.333333333333334,0.5799863360473464,0.6731984257692414,2,0.31988032474583805,1.6804383064688524,1.829933625628812,3.5656106884640734e-13
7.083333333333333,6.0,0.887037925719471,1.0471975511965976,1,0.2334218245021607,1.251020565652135,1.24906834649452,3.964541038574014e-10
7.083333333333333,6.0,0.887037925719471,1.0471975511965976,2,0.3828122697889262,2.2977431419644647,2.3929087259289696,1.5181641043562816e-8
7.083333333333333,6.0,0.887037925719471,1.0471975511965976,3,0.2061707973133612,1.1229219124634047,1.1097769981529244,2.491006549300845e-12
7.083333333333333,6.0,0.887037925719471,1.0471975511965976,4,0.35981223754137076,2.0626447252797457,2.261980552270737,6.198223219988628e-9
7.083333333333333,6.0,0.887037925719471,1.0471975511965976,5,0.3383313196161128,2.13020289705271,2.437259204588222,7.636932870231332e-9
13.75,3.3333333333333335,0.4569589314312426,1.8849555921538759,1,0.12001679720998773,1.1698992011039375,1.2078341893276994,8.539476043019968e-13
13.75,3.3333333333333335,0.4569589314312426,1.8849555921538759,2,0.2948339688992779,1.9011997847958466,1.990506842539796,4.681014419161567e-11
9.583333333333334,8.333333333333334,0.6556367277056959,0.7539822368615503,1,0.3250719086557262,1.7452314893852947,1.9354049764659713,1.5308402918350216e-8
9.583333333333334,8.333333333333334,0.6556367277056959,0.7539822368615503,2,0.3407962404519113,1.7972552353830507,1.933747031508597,4.1714053963284327e-10
5.833333333333333,5.333333333333333,1.0771174812307862,1.1780972450961724,1,0.19036486655583199,1.1274819200568078,1.1116215476168918,8.17233418364039e-12
5.833333333333333,5.333333333333333,1.0771174812307862,1.1780972450961724,2,0.22399151115052499,1.2977449098680343,1.3107356964630075,4.5089091902039626e-10
15.0,4.666666666666667,0.41887902047863906,1.3463968515384828,1,0.10524592668528047,1.0781030858842233,1.110606381423874,4.625513327924686e-8
10.833333333333334,9.666666666666666,0.5799863360473464,0.6499846869496124,1,0.328505388887943,1.7020298000902954,1.8433296791956741,2.750362427516035e-12
7.083333333333333,6.333333333333333,0.887037925719471,0.9920818906073031,1,0.20332996775934295,1.1168444596057847,1.1028676938521333,8.75372746777276e-13
7.083333333333333,6.333333333333333,0.887037925719471,0.9920818906073031,2,0.34691498140665605,2.1833315976091825,2.4601555929827033,4.162425487767268e-9
13.75,3.6666666666666665,0.4569589314312426,1.71359599286716,1,0.10943727100546023,1.1221312068153924,1.1587619071843267,1.086345454148088e-8
13.75,3.6666666666666665,0.4569589314312426,1.71359599286716,2,0.3309933090088771,2.045770347023535,2.150453892270775,1.7673675732833364e-8
9.583333333333334,8.666666666666666,0.6556367277056959,0.7249829200591831,1,0.3316183072396815,1.761733300098391,1.9433608004591392,3.9651295505347603e-10
5.833333333333333,5.666666666666667,1.0771174812307862,1.1087974071493387,1,0.18620391120966176,1.1177999708239519,1.1017456375276455,1.6608300420604478e-12
5.833333333333333,5.666666666666667,1.0771174812307862,1.1087974071493387,2,0.21806702576090284,1.2784092761019827,1.2838831780402133,2.0383662339738507e-8
15.0,5.0,0.41887902047863906,1.2566370614359172,1,0.10516090435157263,1.0719686906656516,1.104548933756419,2.0809044769288478e-12
8.333333333333334,7.666666666666667,0.7539822368615503,0.8195459096321199,1,0.3373687646739434,1.929574288488265,2.1530219070105945,1.0940493118683847e-13
10.833333333333334,10.0,0.5799863360473464,0.6283185307179586,1,0.33723648634153935,1.7232037800398585,1.8568643630444206,8.90725246392577e-11
10.833333333333334,10.0,0.5799863360473464,0.6283185307179586,2,0.36885479761167145,1.9509236391818123,2.0212354492168214,1.1326930458863077e-11
7.083333333333333,6.666666666666667,0.887037925719471,0.9424777960769379,1,0.2013548205214872,1.1130126778056346,1.0982185298690865,3.442549488745566e-11
7.083333333333333,6.666666666666667,0.887037925719471,0.9424777960769379,2,0.21907825292453983,1.204186746569175,1.1899237199515897,9.71558913387267e-10
7.083333333333333,6.666666666666667,0.887037925719471,0.9424777960769379,3,0.35487843998892843,2.2275657327899063,2.476213727728181,7.832368329758418e-11
13.75,4.0,0.4569589314312426,1.5707963267948966,1,0.10441274710080353,1.0972877837887347,1.1331406916679858,3.6340828915998256e-8
9.583333333333334,9.0,0.6556367277056959,0.6981317007977318,1,0.36963570113098904,1.8971161241605365,2.0618295539658718,7.883790141297637e-13
5.833333333333333,6.0,1.0771174812307862,1.0471975511965976,1,0.18304791990034103,1.1105534815472318,1.0943479860891268,7.160011175591934e-14
5.833333333333333,6.0,1.0771174812307862,1.0471975511965976,2,0.21186414299688308,1.2574389460363813,1.2557164601676738,4.8781845035079224e-9
15.0,5.333333333333333,0.41887902047863906,1.1780972450961724,1,0.1062112809982889,1.068751818774187,1.101872452092234,8.048678657880435e-14
12.5,3.0,0.5026548245743669,2.0943951023931953,1,0.12819835055232157,1.2347782235289868,1.2744733784219515,6.815333081825125e-8
12.5,3.0,0.5026548245743669,2.0943951023931953,2,0.2556015305121973,1.8096292991044667,1.8816277713503855,7.368736391758257e-14
8.333333333333334,8.0,0.7539822368615503,0.7853981633974483,1,0.34380972216308214,1.9483051295566582,2.151545502864724,1.3049712697198672e-8
7.083333333333333,7.0,0.887037925719471,0.8975979010256552,1,0.20021995552854985,1.1114346778849507,1.0957328791567953,3.610414167098857e-8
7.083333333333333,7.0,0.887037925719471,0.8975979010256552,2,0.21247268762038804,1.1790981161975789,1.1610344224800917,1.9124156199979743e-11
13.75,4.333333333333333,0.4569589314312426,1.4499658401183662,1,0.10221807900714627,1.0830801457252686,1.1186388375341216,2.2014572651386394e-8
9.583333333333334,9.333333333333334,0.6556367277056959,0.6731984257692414,1,0.4005388398745755,2.2193724622131024,2.351021590228883,5.114243592677573e-12
9.583333333333334,9.333333333333334,0.6556367277056959,0.6731984257692414,2,0.34282046504244235,1.8095536199104951,1.9630162784037641,2.3004420570466566e-8
5.833333333333333,6.333333333333333,1.0771174812307862,0.9920818906073031,1,0.18082455247393905,1.1051769529746407,1.0887937767175084,3.060245622822747e-13
5.833333333333333,6.333333333333333,1.0771174812307862,0.9920818906073031,2,0.20529324546474798,1.234140336188537,1.2257331513451768,1.0745957102355645e-11
15.0,5.666666666666667,0.41887902047863906,1.1087974071493387,1,0.10825242817810424,1.0677960449820671,1.1019413100707576,9.61479871904155e-10
8.333333333333334,8.333333333333334,0.7539822368615503,0.7539822368615503,1,0.35036059837114875,1.966243102474928,2.1509258854238293,2.830850958268337e-9
12.5,3.3333333333333335,0.5026548245743669,1.8849555921538759,1,0.11013834031333976,1.1484953565845049,1.1874270601287558,3.2448634905239474e-8
12.5,3.3333333333333335,0.5026548245743669,1.8849555921538759,2,0.30786080067307814,2.043453337552238,2.130728298850622,2.748899218866298e-8
13.75,4.666666666666667,0.4569589314312426,1.3463968515384828,1,0.1018435475404311,1.074838200853363,1.1106403061946524,2.6493404815824237e-8
7.083333333333333,7.333333333333333,0.887037925719471,0.85679799643358,1,0.2000584206859196,1.1132217673243625,1.0963245561524635,1.437079865045316e-8
7.083333333333333,7.333333333333333,0.887037925719471,0.85679799643358,2,0.3767762686977583,2.0990619560671613,2.228859536680972,1.6749595062281705e-13
7.083333333333333,7.333333333333333,0.887037925719471,0.85679799643358,3,0.20666695335989846,1.1528499802116778,1.1330487093786377,3.8586816144443125e-9
9.583333333333334,9.666666666666666,0.6556367277056959,0.6499846869496124,1,0.3520042608710735,1.8149428248618404,1.9707527800510005,4.6895938487412866e-12
5.833333333333333,6.666666666666667,1.0771174812307862,0.9424777960769379,1,0.179457195160576,1.1012905465530238,1.0846741723921933,1.2280609539737985e-8
5.833333333333333,6.666666666666667,1.0771174812307862,0.9424777960769379,2,0.19886960974515958,1.2098466436120345,1.1957470166244404,9.313421718180562e-9
15.0,6.0,0.41887902047863906,1.0471975511965976,1,0.11124768576419,1.0688354886924727,1.1045382807045772,8.798939509229427e-12
12.5,3.6666666666666665,0.5026548245743669,1.71359599286716,1,0.102832011043567,1.1105924585931237,1.1492132931817345,1.4967674623548354e-8
12.5,3.6666666666666665,0.5026548245743669,1.71359599286716,2,0.3395118918131964,2.189169103051321,2.2872351626389174,4.873860999670295e-10
13.75,5.0,0.4569589314312426,1.2566370614359172,1,0.102846042762021,1.070450565441084,1.1070867877299202,2.3942865427976386e-12
9.583333333333334,10.0,0.6556367277056959,0.6283185307179586,1,0.35947226466718946,1.8352031377854923,1.9823684843072802,1.173927389816897e-11
9.583333333333334,10.0,0.6556367277056959,0.6283185307179586,2,0.41021385131350707,2.0277340607904444,2.0932827521208557,4.984003419679594e-9
5.833333333333333,7.0,1.0771174812307862,0.8975979010256552,1,0.1788678247258979,1.0986662003313206,1.081754017669569,1.7413790064304685e-9
5.833333333333333,7.0,1.0771174812307862,0.8975979010256552,2,0.19329708960004674,1.1862723055217903,1.167926883274711,4.326572418328425e-8
5.833333333333333,7.0,1.0771174812307862,0.8975979010256552,3,0.43169083801568126,3.0958293136291575,3.0023646561947888,2.791224888289484e-12
5.833333333333333,7.0,1.0771174812307862,0.8975979010256552,4,0.39058171481784326,2.634646151111901,2.765355962466895,1.7542638602285494e-8
15.0,6.333333333333333,0.41887902047863906,0.9920818906073031,1,0.11524984265856945,1.0718916188627474,1.1097717162962497,7.419494647364721e-11
8.333333333333334,9.0,0.7539822368615503,0.6981317007977318,1,0.3687417850552213,1.887780885844645,2.092507129113865,2.4742859297504613e-8
12.5,4.0,0.5026548245743669,1.5707963267948966,1,0.09969795108833082,1.0904295751984865,1.129031046509624,1.3423456021279962e-9
11.25,3.0,0.5585053606381855,2.0943951023931953,1,0.11400387451305946,1.1952448625750003,1.234704855069694,8.686069570929493e-13
11.25,3.0,0.5585053606381855,2.0943951023931953,2,0.27632764220786105,1.9941539691419403,2.0591438833101954,1.5552357029756275e-13
13.75,5.333333333333333,0.4569589314312426,1.1780972450961724,1,0.10504410400263642,1.068930265672558,1.1070652876915177,2.288957491980831e-10
7.083333333333333,8.0,0.887037925719471,0.7853981633974483,1,0.40990199383634224,2.367532923491029,2.6089247898026757,2.258973362629718e-10
15.0,6.666666666666667,0.41887902047863906,0.9424777960769379,1,0.12040740783028202,1.0772703584255539,1.1180880903651693,1.9934069214965906e-9
5.833333333333333,7.333333333333333,1.0771174812307862,0.85679799643358,1,0.1890682573337259,1.1642498915048578,1.143410582160455,1.4530774194633014e-8
5.833333333333333,7.333333333333333,1.0771174812307862,0.85679799643358,2,0.1789903670478639,1.0972448585785375,1.0799742920636703,1.9628446518396044e-8
8.333333333333334,9.333333333333334,0.7539822368615503,0.6731984257692414,1,0.37342517399700625,2.0360291330635794,2.174121680215107,1.524434529873457e-9
8.333333333333334,9.333333333333334,0.7539822368615503,0.6731984257692414,2,0.36989506411512474,1.8900998316190583,2.0978075423640083,3.5781044289945517e-10
8.333333333333334,9.333333333333334,0.7539822368615503,0.6731984257692414,3,0.40647509475791926,2.1209575557771387,2.181430153929102,1.865387608475715e-10
12.5,4.333333333333333,0.5026548245743669,1.4499658401183662,1,0.09895195680049702,1.07913885496522,1.1182625463665226,5.98323902131666e-13
13.75,5.666666666666667,0.4569589314312426,1.1087974071493387,1,0.10841982949511095,1.069909008374143,1.110330674641149,2.9183345461984953e-8
11.25,3.3333333333333335,0.5585053606381855,1.8849555921538759,1,0.10230335992366826,1.1314624655672068,1.1721014338621245,3.4989595044903067e-13
15.0,7.0,0.41887902047863906,0.8975979010256552,1,0.1269927600876978,1.0856486955271294,1.130380327967736,3.9343788721541876e-8
5.833333333333333,7.666666666666667,1.0771174812307862,0.8195459096321199,1,0.17979953617906,1.0972883404567253,1.079581941987384,3.497880580418192e-8
5.833333333333333,7.666666666666667,1.0771174812307862,0.8195459096321199,2,0.1862518446893002,1.1434943685147334,1.1219905667583032,1.1127513970268742e-9
5.833333333333333,7.666666666666667,1.0771174812307862,0.8195459096321199,3,0.3991780865189408,2.6047041989234927,2.728695837566468,2.246840290138463e-8
5.833333333333333,7.666666666666667,1.0771174812307862,0.8195459096321199,4,0.49769219642136314,1.8080235811517733,1.91707192122845,2.551661602513588e-9
8.333333333333334,9.666666666666666,0.7539822368615503,0.6499846869496124,1,0.3737733990357597,1.9028740045293504,2.1071415464499013,3.2221850299262834e-12
12.5,4.666666666666667,0.5026548245743669,1.3463968515384828,1,0.09991996136717689,1.0731523977243818,1.1135204996682129,2.515416351521576e-10
13.75,6.0,0.4569589314312426,1.0471975511965976,1,0.1131019106921463,1.0734824634016693,1.117189100680208,7.702948640645124e-9
7.083333333333333,8.666666666666666,0.887037925719471,0.7249829200591831,1,0.4310014479168788,2.5171755543302234,2.6831085421513805,1.6963266018668446e-12
11.25,3.6666666666666665,0.5585053606381855,1.71359599286716,1,0.09768949215251549,1.1013324812884275,1.142696598224115,9.717268741739474e-10
15.0,7.333333333333333,0.41887902047863906,0.85679799643358,1,0.13545014149067247,1.0982712418966243,1.1482036566809486,4.7832459705953774e-11
5.833333333333333,8.0,1.0771174812307862,0.7853981633974483,1,0.1814803830085737,1.100594429295991,1.0822238565246025,3.173317967283201e-10
5.833333333333333,8.0,1.0771174812307862,0.7853981633974483,2,0.18433802017025067,1.1218176250047298,1.1013575812203837,8.211157910388573e-9
8.333333333333334,10.0,0.7539822368615503,0.6283185307179586,1,0.37891025199599004,1.92021293145929,2.1195228906664876,8.212456322889848e-11
8.333333333333334,10.0,0.7539822368615503,0.6283185307179586,2,0.4115656041397546,2.1546230698849334,2.2737415174667115,5.496132220847721e-9
10.0,2.6666666666666665,0.6283185307179586,2.356194490192345,1,0.12733902149806253,1.2989078477739517,1.3343060408020198,3.720452985243421e-10
10.0,2.6666666666666665,0.6283185307179586,2.356194490192345,2,0.22675166168897956,1.8146831807475552,1.8597179985044532,6.224209206807613e-9
12.5,5.0,0.5026548245743669,1.2566370614359172,1,0.10236400826639344,1.0709172517752272,1.1134355449452007,7.77574056656113e-12
13.75,6.333333333333333,0.4569589314312426,0.9920818906073031,1,0.11940288726170646,1.0802656277675384,1.128617482757331,3.7816686930532495e-8
7.083333333333333,9.0,0.887037925719471,0.6981317007977318,1,0.40106451724825626,2.083211188691167,2.3227495830523535,3.168603634960662e-11
11.25,4.0,0.5585053606381855,1.5707963267948966,1,0.096411448810081,1.0853908136504078,1.1277966684724883,6.742881657272542e-13
11.25,4.0,0.5585053606381855,1.5707963267948966,2,0.3675081358057932,2.5217676862420015,2.5823889414214283,1.979557542563873e-8
15.0,7.666666666666667,0.41887902047863906,0.8195459096321199,1,0.14642276990470315,1.1172273878804455,1.1740084267510356,5.447288508787853e-9
5.833333333333333,8.333333333333334,1.0771174812307862,0.7539822368615503,1,0.5115625144491938,1.9455109372880242,2.122740996405902,1.709505542531052e-9
5.833333333333333,8.333333333333334,1.0771174812307862,0.7539822368615503,2,0.4146569975691246,2.368804715223585,2.5981019106319594,8.322217952409303e-9
10.0,3.0,0.6283185307179586,2.0943951023931953,1,0.10364304337043086,1.16674650798481,1.20742429690317,3.1648336310745526e-8
10.0,3.0,0.6283185307179586,2.0943951023931953,2,0.2981565788394413,2.223080460331538,2.2635805481963107,7.152354349028662e-12
12.5,5.333333333333333,0.5026548245743669,1.1780972450961724,1,0.10630814827595109,1.0719083757420884,1.1177558458928583,2.1284550574252396e-12
13.75,6.666666666666667,0.4569589314312426,0.9424777960769379,1,0.1279304001266791,1.0917188270221219,1.1467058863378172,1.867868467699387e-11
7.083333333333333,9.333333333333334,0.887037925719471,0.6731984257692414,1,0.3965909438267481,2.051832675025779,2.295781112450914,1.7292306221925374e-9
11.25,4.333333333333333,0.5585053606381855,1.4499658401183662,1,0.0973391928547866,1.0771246846485067,1.1213829625961882,3.1342975355244595e-12
11.25,4.333333333333333,0.5585053606381855,1.4499658401183662,2,0.38887720619852684,2.7137763736083333,2.7332238545457477,1.2311622304771442e-9
15.0,8.0,0.41887902047863906,0.7853981633974483,1,0.16053508637811664,1.145291453199377,1.2106375950625115,5.254312232459019e-13
5.833333333333333,8.666666666666666,1.0771174812307862,0.7249829200591831,1,0.4150366567606887,2.3551646381964595,2.5740781976485954,4.732658967982452e-13
10.0,3.3333333333333335,0.6283185307179586,1.8849555921538759,1,0.09636401023942577,1.1181299075148572,1.1615057764124128,6.877802777660519e-8
12.5,5.666666666666667,0.5026548245743669,1.1087974071493387,1,0.11203573243927743,1.0763898296996504,1.127227579458264,8.577047253381412e-9
13.75,7.0,0.4569589314312426,0.8975979010256552,1,0.13979275054326754,1.1109532115266427,1.1756305396630258,4.6349844894378934e-12
7.083333333333333,9.666666666666666,0.887037925719471,0.6499846869496124,1,0.5340945451487245,1.8876062359324783,2.0272617498831753,5.836552160815581e-13
7.083333333333333,9.666666666666666,0.887037925719471,0.6499846869496124,2,0.44719719867089847,2.524081979124968,2.665587538012833,7.690853427686376e-14
7.083333333333333,9.666666666666666,0.887037925719471,0.6499846869496124,3,0.3978701042992464,2.0609436571619875,2.306413204559413,1.6031455509631087e-10
15.0,8.333333333333334,0.41887902047863906,0.7539822368615503,1,0.17746394534927182,1.1835295449954337,1.2580363885241446,4.0035752340155364e-8
11.25,4.666666666666667,0.5585053606381855,1.3463968515384828,1,0.10013936731057677,1.0739564380726772,1.1212930524886795,2.1838837718099078e-10
12.5,6.0,0.5026548245743669,1.0471975511965976,1,0.12023647062014259,1.085693158536841,1.1441176862908513,9.015398776350883e-11
10.0,3.6666666666666665,0.6283185307179586,1.71359599286716,1,0.09423974073361141,1.0946039615172471,1.1400875919118982,3.938269487726487e-11
8.75,2.6666666666666665,0.7180783208205241,2.356194490192345,1,0.1095164685140103,1.2351659545880807,1.2707279530265534,7.453900954413547e-12
13.75,7.333333333333333,0.4569589314312426,0.85679799643358,1,0.1566074100368716,1.1438378766239972,1.2224975724116494,2.1102418243951014e-11
7.083333333333333,10.0,0.887037925719471,0.6283185307179586,1,0.4035375594450938,2.096991691904811,2.33696305333454,3.516176581370398e-14
15.0,8.666666666666666,0.41887902047863906,0.7249829200591831,1,0.2923046401926967,1.5837534758119431,1.519749095659072,1.6234893367267112e-10
15.0,8.666666666666666,0.41887902047863906,0.7249829200591831,2,0.1952388319004261,1.227644341407068,1.3095922248212029,3.815293964926724e-11
11.25,5.0,0.5585053606381855,1.2566370614359172,1,0.10492584444062465,1.0751191057830114,1.1273432933547003,6.56608755364644e-9
12.5,6.333333333333333,0.5026548245743669,0.9920818906073031,1,0.13245263948711092,1.1034862984495721,1.174081558172415,3.746093596183693e-13
10.0,4.0,0.6283185307179586,1.5707963267948966,1,0.09509075859441016,1.0829187602225703,1.131231093683722,2.5120408235692682e-8
8.75,3.0,0.7180783208205241,2.0943951023931953,1,0.3242516906342705,2.5250442315575015,2.513118162547728,2.9003240243847947e-13
8.75,3.0,0.7180783208205241,2.0943951023931953,2,0.09629728677175294,1.1459333685890356,1.1896215958356173,8.107788448778045e-13
13.75,7.666666666666667,0.4569589314312426,0.8195459096321199,1,0.17826101039616238,1.1947412742982346,1.2900121182419118,2.5990780148422745e-8
15.0,9.0,0.41887902047863906,0.6981317007977318,1,0.21197495341446596,1.2712262627871875,1.3576452061417479,1.872531325581488e-13
15.0,9.0,0.41887902047863906,0.6981317007977318,2,0.27828160844561184,1.558728835682861,1.4882107697648657,2.4727577752500096e-8
11.25,5.333333333333333,0.5585053606381855,1.1780972450961724,1,0.11232396415627274,1.0813078504103524,1.1413517641397057,7.118027827285132e-9
5.833333333333333,9.666666666666666,1.0771174812307862,0.6499846869496124,1,0.5409480894116612,2.010378833770664,2.1883392182726817,1.8921743051586482e-13
12.5,6.666666666666667,0.5026548245743669,0.9424777960769379,1,0.15200855730232177,1.1396835262842275,1.2311411368651548,1.801881144383624e-13
10.0,4.333333333333333,0.6283185307179586,1.4499658401183662,1,0.0984014420689097,1.0785012006634214,1.1312923067337703,5.516578887564207e-10
13.75,8.0,0.4569589314312426,0.7853981633974483,1,0.19986851295630387,1.253200584217983,1.3609799769482767,1.0634303052399774e-9
13.75,8.0,0.4569589314312426,0.7853981633974483,2,0.306330531683679,1.6807155722743805,1.6148568637669918,1.5318242348054503e-8
8.75,3.3333333333333335,0.7180783208205241,1.8849555921538759,1,0.09267468031055774,1.1088867446543567,1.157094053751153,6.416905218310614e-9
15.0,9.333333333333334,0.41887902047863906,0.6731984257692414,1,0.2767099465921246,1.5570168757439151,1.4824636426235256,2.685622660639693e-12
15.0,9.333333333333334,0.41887902047863906,0.6731984257692414,2,0.2271873872046358,1.3111335170841616,1.399474491900968,2.0569108403303414e-8
11.25,5.666666666666667,0.5585053606381855,1.1087974071493387,1,0.12403974544711924,1.0958623356600095,1.1693312896726686,4.846799727857275e-9
7.5,2.3333333333333335,0.8377580409572781,2.6927937030769655,1,0.18378060376885733,1.7068539871765387,1.7129700724796841,2.95168853971337e-11
7.5,2.3333333333333335,0.8377580409572781,2.6927937030769655,2,0.13768278502390743,1.4420759744748741,1.4561995085049142,1.4993105776490533e-11
12.5,7.0,0.5026548245743669,0.8975979010256552,1,0.18067434286346998,1.2083085707228538,1.3296167254013336,4.121309042077595e-9
10.0,4.666666666666667,0.6283185307179586,1.3463968515384828,1,0.1044879826835936,1.08022739658906,1.1404150179168815,1.5652867080535362e-8
13.75,8.333333333333334,0.4569589314312426,0.7539822368615503,1,0.21818512397483672,1.306247556316885,1.4199965847530347,7.260295445186765e-12
13.75,8.333333333333334,0.4569589314312426,0.7539822368615503,2,0.28667935425617547,1.6298657096017284,1.5613333767311386,1.814902600567603e-13
15.0,9.666666666666666,0.41887902047863906,0.6499846869496124,1,0.24111441917154408,1.346962142468511,1.4355249876690799,4.6263241763021855e-14
15.0,9.666666666666666,0.41887902047863906,0.6499846869496124,2,0.27913478745987386,1.5613373929544951,1.4842906438935888,2.222722628262822e-10
8.75,3.6666666666666665,0.7180783208205241,1.71359599286716,1,0.09336985012400546,1.0917436693495612,1.1445284963396052,3.329726143371729e-11
8.75,3.6666666666666665,0.7180783208205241,1.71359599286716,2,0.37456598523453566,2.8420905961890934,2.841203217407871,6.106477534943323e-14
11.25,6.0,0.5585053606381855,1.0471975511965976,1,0.1451211019301785,1.1313447088252193,1.2317912617444504,1.0830803683882188e-12
7.5,2.6666666666666665,0.8377580409572781,2.356194490192345,1,0.09914523786218658,1.1975732505024652,1.2373692592966024,6.323681442141273e-8
12.5,7.333333333333333,0.5026548245743669,0.85679799643358,1,0.20711740861816802,1.286019761353069,1.4278188186302065,2.3597851736561696e-12
12.5,7.333333333333333,0.5026548245743669,0.85679799643358,2,0.3064466465319993,1.7450912481130607,1.6755117210529007,1.0228124660677209e-10
13.75,8.666666666666666,0.4569589314312426,0.7249829200591831,1,0.23364981336605048,1.351448011918078,1.4667437460315316,1.1991230112669446e-8
13.75,8.666666666666666,0.4569589314312426,0.7249829200591831,2,0.27909226200158616,1.6115814112757247,1.5400131790285698,7.61457170246761e-10
10.0,5.0,0.6283185307179586,1.2566370614359172,1,0.114849421698837,1.090096312688647,1.1634718729396858,7.327139511398574e-13
15.0,10.0,0.41887902047863906,0.6283185307179586,1,0.28378378978630614,1.568074035503231,1.4900249076824834,1.2730801184858806e-11
15.0,10.0,0.41887902047863906,0.6283185307179586,2,0.2541023703224172,1.3792360573355,1.466987563494436,4.773868391846868e-13
8.75,4.0,0.7180783208205241,1.5707963267948966,1,0.09746669025933574,1.0856494662870164,1.1452452026956377,4.307066786865969e-12
8.75,4.0,0.7180783208205241,1.5707963267948966,2,0.3878052986239288,2.9693886578765905,2.9448551478473055,1.1886365413758593e-9
11.25,6.333333333333333,0.5585053606381855,0.9920818906073031,1,0.1837613709462527,1.2233477166201812,1.3761255195614952,4.421908814654911e-9
7.5,3.0,0.8377580409572781,2.0943951023931953,1,0.0924378991437669,1.1330609421985076,1.1834825009269807,1.2914465706563056e-8
6.25,2.3333333333333335,1.0053096491487339,2.6927937030769655,1,0.1106990074032276,1.3149503022815723,1.3375252478204203,3.5424527307202223e-9
6.25,2.3333333333333335,1.0053096491487339,2.6927937030769655,2,0.24200984420701516,2.224983078745047,2.151012206642412,1.5294857932404083e-14
12.5,7.666666666666667,0.5026548245743669,0.8195459096321199,1,0.22664168523746145,1.349015247312348,1.4980465969729178,9.160215229051716e-12
13.75,9.0,0.4569589314312426,0.6981317007977318,1,0.2785269959709149,1.6084442890066963,1.5348332212210152,6.077759348928952e-14
13.75,9.0,0.4569589314312426,0.6981317007977318,2,0.24723744722879445,1.3901924492564073,1.5045804334649127,4.810452752330493e-13
10.0,5.333333333333333,0.6283185307179586,1.1780972450961724,1,0.1349961831185404,1.1196695278307356,1.2220668870293576,2.5629046081255585e-11
8.75,4.333333333333333,0.7180783208205241,1.4499658401183662,1,0.10580712200907101,1.089099720754338,1.1607318914347287,3.783801347335871e-9
11.25,6.666666666666667,0.5585053606381855,0.9424777960769379,1,0.2166079988566594,1.327997546226743,1.5143542919308381,2.94719953540386e-13
7.5,3.3333333333333335,0.8377580409572781,1.8849555921538759,1,0.092849598112853,1.1064679578597043,1.165087201997319,1.923605979318976e-11
7.5,3.3333333333333335,0.8377580409572781,1.8849555921538759,2,0.3621951819013591,1.8410199680387878,1.9840281970868086,4.678196522905485e-9
12.5,8.0,0.5026548245743669,0.7853981633974483,1,0.24194893273146933,1.3989665776033124,1.548339798656952,1.1908560523470097e-11
12.5,8.0,0.5026548245743669,0.7853981633974483,2,0.2844871212613239,1.6643676900114928,1.6092762441866721,2.237452914509871e-9
6.25,2.6666666666666665,1.0053096491487339,2.356194490192345,1,0.09543827827201845,1.1798622354552288,1.2312584090272451,3.086711300726732e-8
10.0,5.666666666666667,0.6283185307179586,1.1087974071493387,1,0.18579572052001708,1.2374500142026983,1.4249460108656833,4.9883348240507985e-12
8.75,4.666666666666667,0.7180783208205241,1.3463968515384828,1,0.1229381409426729,1.1096511959519406,1.2080270863716884,1.4093239653700754e-11
11.25,7.0,0.5585053606381855,0.8975979010256552,1,0.23717076069461981,1.4022237202987455,1.596878213595192,9.585329799049686e-10
11.25,7.0,0.5585053606381855,0.8975979010256552,2,0.49723388725586903,2.7426318890633032,2.9039284260042315,1.2582246281399035e-8
7.5,3.6666666666666665,0.8377580409572781,1.71359599286716,1,0.09840848690034862,1.0983556021019594,1.168394888532875,2.4485511333183505e-8
7.5,3.6666666666666665,0.8377580409572781,1.71359599286716,2,0.3202643493830602,1.5489917168005751,1.6399251364646812,2.0975336629199635e-13
10.0,6.0,0.6283185307179586,1.0471975511965976,1,0.22827678153617528,1.3842766690736312,1.6285083034929664,4.564795829715936e-13
6.25,3.0,1.0053096491487339,2.0943951023931953,1,0.09542323102240757,1.1350139118452054,1.2036836628160814,5.82259400204458e-10
8.75,5.0,0.7180783208205241,1.2566370614359172,1,0.18296590771048607,1.242891959542455,1.4587705530203297,2.517246202123959e-11
7.5,4.0,0.8377580409572781,1.5707963267948966,1,0.11185848732857309,1.1083350967972432,1.2018537406329375,5.0343438167848124e-12
7.5,4.0,0.8377580409572781,1.5707963267948966,2,0.3141757968551027,1.5221805463319464,1.6082139921787744,3.476873238455293e-11
7.5,4.0,0.8377580409572781,1.5707963267948966,3,0.39808171805129144,3.1273405237664957,3.086440870247947,2.158383867993565e-11
