Re,shear
270.35758144529024,1.2833518718625054
268.9433679435056,1.2801005946936996
267.52915443758644,1.2771523583073263
266.1149409277661,1.2745148258481422
264.7007274144344,1.2721914686956135
263.2865138981085,1.270181853982959
261.87230037939634,1.2684821929541688
260.4580868589599,1.2670860646479296
259.04387333748315,1.2659852154458737
257.62965981564724,1.2651703452714682
256.2154462941144,1.2646318162539396
254.80123277351993,1.2643602487536978
253.38701925447074,1.2643469949574104
251.9728057375488,1.264584498161811
250.55859222331807,1.265066556130634
249.14437871233375,1.2657885111359115
247.73016520515293,1.2667473896327421
246.3159517023466,1.2679420129021761
244.9017382045125,1.269373097882923
243.48752471228943,1.2710433657947395
242.07331122637348,1.2729576757306413
240.6590977475371,1.2751232017600964
239.24488427665239,1.2775496759645222
237.83067081472103,1.2802497273413418
236.4164573629139,1.283239359595028
235.0022439226258,1.2865386329546846
233.58803049555428,1.2901726527677009
232.1738170838163,1.2941730331854329
230.75960369012867,1.2985801231094316
229.34539031809854,1.3034465083949005
227.9311769727126,1.3088427662497355
226.51696366120856,1.3148674684311674
225.1027503947271,1.3216659326440128
223.68853719163022,1.3294692775834949
222.2743240908984,1.3386894813747041
221.24261889391,1.346780159329044
220.49888689324246,1.353773544864586
219.97630971996202,1.3596505285252958
219.6091251998358,1.3645755660569594
219.35112607207637,1.3686963840220718
219.16984517797238,1.3721415513859805
219.0424697306259,1.375020928169366
218.95297050956313,1.377427365540639
218.89008471249878,1.379438830054871
218.8458986224089,1.3811205444060908
218.81485172998967,1.3825269600287227
218.79303698834158,1.3837034930738623
218.7777091425727,1.384688013280119
218.76693926156466,1.3855121019926213
218.75937199750936,1.3862021059900003
218.75405502628504,1.3867800160302939
218.75031920511827,1.3872641974927238
218.7476943663388,1.3876699974477766
218.74585015055024,1.38801024906613
218.74455443354762,1.3882956910088482
218.7436441153447,1.388535316538673
218.74300459534598,1.3887366646437416
218.74255535078123,1.3889060634396144
218.7422398035681,1.3890488345530505
218.74201820043837,1.3891694661007594
218.74186261113462,1.3892717607302223
218.74175340733737,1.389358638882094
218.74167878329212,1.3894314679305706
218.74162783299565,1.3894924986006734
218.74159309616633,1.3895439417827005
218.74156946998284,1.3895876649229066
218.74155346413534,1.3896252173872612
218.7415426822182,1.3896581614131185
218.74153549817134,1.389689292793797
218.74153074904117,1.3897242759180446
218.74152937544548,1.389755984782217
218.74152919955603,1.389766025338749
218.74153123891097,1.3897956109052099
218.741539360555,1.389840039569858
218.74155192886138,1.3898826185049533
218.74185151720215,1.3902316050181287
218.74363098993177,1.3909697673028456
218.92040623887914,1.4008256717709942
220.33461844086992,1.4218035396564206
221.74883154190908,1.4329655559026697
223.16304483478712,1.4413621176359577
224.57725821192574,1.44827810710211
225.9914716358139,1.4542371844052941
227.4056850883134,1.4595139174729477
228.19253555238126,1.4622179314666772
229.60674903439087,1.4667386490220697
231.02096252871706,1.4708949783281626
232.43517603248037,1.4747496889397484
233.84938954367803,1.4783494419209515
235.2636030608644,1.4817300051662328
236.67781658296406,1.484919487031038
238.0920301091568,1.4879404361346535
239.5062436388038,1.490811257451946
240.92045717139845,1.4935471979268282
242.33467070653288,1.4961610510650685
243.74888424387407,1.4986636723416364
245.16309778314707,1.5010643638244536
246.57731132412232,1.5033711662747893
247.99152486660645,1.5055910844479334
249.40573841043516,1.5077302632889906
250.81995195546781,1.509794127445641
252.23416550158316,1.511787492977763
253.64837904867608,1.5137146577166058
255.0625925966548,1.515579475032423
256.47680614543896,1.5173854145676124
257.89101969495766,1.5191356126273943
259.30523324514814,1.5208329142881096
260.7194467959547,1.5224799088163188
262.1336603473276,1.5240789596427204
263.5478738992222,1.5256322298706242
264.9620874515987,1.5271417040974018
266.37630100442084,1.5286092071717436
267.79051455765614,1.5300364203889405
269.2047281112751,1.531424895531643
270.61894166525076,1.5327760670888941
272.03315521955875,1.5340912629267431
273.4473687741767,1.5353717136361398
274.8615823290842,1.5366185607454201
276.2757958842624,1.5378328639536176
277.69000943969405,1.539015607515423
279.1042229953634,1.5401677058877679
280.51843655125566,1.541290008730852
281.9326501073573,1.5423833053421647
283.34686366365577,1.5434483285901859
284.7610772201394,1.5444857584044422
286.1752907767973,1.5454962248702346
287.58950433361935,1.546480310969208
289.00371789059614,1.547438555000844
290.41793144771884,1.5483714527147265
291.83214500497917,1.5492794591789611
293.2463585623693,1.5501629904061276
294.660572119882,1.551022424754659
296.0747856775102,1.551858104120552
297.48899923524743,1.5526703355792095
298.9032127930875,1.5534593895492614
300.31742635102455,1.5542255044616147
301.7316399090529,1.5549688844538394
303.14585346716717,1.5556897003494705
304.5600670253622,1.5563880897602456
305.974280583633,1.5570641570138062
307.3884941419748,1.5577179729031365
308.8027077003828,1.5583495742515554
310.21692125885255,1.558958963284637
311.63113481737946,1.5595461067976708
313.0453483759591,1.5601109351041913
314.45956193458716,1.560653340747733
315.87377549325913,1.5611731769549344
317.2879890519706,1.5616702558036755
318.70220261071705,1.5621443460744466
320.11641616949396,1.5625951707470431
321.5306297282965,1.5630224040970373
322.94484328711985,1.5634256683376557
324.3590568459589,1.5638045293875074
325.7732704048072,1.5641584936697783
327.1768569308633,1.5644846297717545
328.59107048971543,1.5647872480688492
330.00528404855925,1.5650630742397913
331.4194976073875,1.5653113126756297
332.83371116619213,1.565531071963566
334.2479247249644,1.5657213539570682
335.6621382836943,1.5658810396995828
337.0763518423687,1.5660088780117873
338.2733193444723,1.5660911580257655
339.6875329030154,1.5661563742899263
341.1017464614638,1.566185267756323
342.51596001979857,1.5661758667844203
343.93017357799744,1.56612593760537
345.344387136034,1.5660329393773251
346.75860069387693,1.5658939685098292
348.17281425148815,1.5657056889671892
349.5870278088215,1.5654642439941295
351.00124136582,1.5651651428407665
352.41545492241255,1.5648031132547728
353.8296684785089,1.56437190617396
355.2438820339931,1.5638640321811266
356.65809558871314,1.5632703980399025
358.0723091424658,1.5625797925635085
359.4865226949727,1.5617781373495039
360.90073624584136,1.5608473552671094
362.3149497945001,1.5597635861032404
363.7291633400813,1.5584942171286649
365.14337688120304,1.5569925892435248
366.5575904155384,1.5551876539883775
367.97180393854046,1.5529609869907965
369.23533140183184,1.550433784914829
370.12313875802437,1.5481685953464983
370.74694940953054,1.5461723815908552
371.1852649041269,1.5444345991521469
371.49324372139625,1.542935318507499
371.7096425223252,1.5416504030715443
371.86169336233854,1.5405546861212884
371.96853062569585,1.5396238166629959
372.0435989333041,1.5388352438132094
372.0963450397216,1.538168661202743
372.13340663094255,1.5376061257787963
372.1594476235739,1.5371319901757161
372.1777450810655,1.5367327366155747
372.19060160566613,1.536396766354005
372.19963510230497,1.5361141767218145
372.2059823788441,1.5358765438903268
372.21044220415126,1.535676720846388
372.21357582669566,1.5355086548095755
372.2157776031205,1.5353672252100388
372.21732462482703,1.5352481015356898
372.21841158767336,1.5351476193143268
372.21917529263794,1.5350626719007452
372.21971186290637,1.5349908428458239
372.220079131756,1.5349311167796549
372.22033050494906,1.5348816345330505
372.22050254081097,1.534840626686024
372.22062026551623,1.534806626035724
372.22070081081023,1.5347784156427107
372.22075590417734,1.5347549824058406
372.22079357317614,1.5347354806032667
372.22081931274363,1.5347192632687205
372.22083689392196,1.5347059748153005
372.2208485534563,1.5346949104825787
372.22085660360557,1.5346872712812252
372.22086176692983,1.5346782162717836
372.220865209146,1.5346721795988276
372.2208680384966,1.5346672177186267
372.22086954559234,1.5346566063227165
372.220870662502,1.5346559377255669
372.2208725292022,1.5346548202937638
372.22087303044003,1.5346459829778738
372.2208727617665,1.5346446525782036
372.2208712969789,1.5346373993385714
372.2208690772641,1.5346264078997545
372.2208550342834,1.5346045812727984
372.22077461639265,1.534546180784597
372.2206611454902,1.534498795380711
372.22034174409595,1.534412484122184
372.2166556203412,1.5339864517492647
372.20602548035316,1.533405850685973
372.14471981651803,1.5318234300456686
371.9679434961389,1.5294707247898858
370.5537307645048,1.5212238072663737
369.13951759527276,1.5164145401475462
367.7253043105015,1.5126933310844772
366.31109096814237,1.5095646266451905
364.89687759107676,1.5068131091623824
364.11864257212443,1.5054146096443715
362.7044291595884,1.5030298658345185
361.2902157316756,1.50079885620694
359.87600229171665,1.4986798424377261
358.4617888420541,1.4966423381284357
357.04757538440396,1.4946633292442255
355.6333619200634,1.4927249799288715
354.21914845003766,1.4908131584335207
352.8049349751218,1.4889164471755743
351.3907214959554,1.487025454136601
349.9765080130609,1.485132320011035
348.5622945268704,1.4832303570441594
347.14808103774607,1.4813137790743993
345.73386754599454,1.479377496299793
344.31965405187873,1.4774169569335092
342.9054405556263,1.4754280234275072
341.49122705743673,1.4734068745628215
340.0770135574868,1.4713499271409747
338.6628000559654,1.4692537729367743
337.4668402478226,1.4674480825382012
336.05262674368305,1.465270997501836
334.6384132383219,1.4630455407615721
333.22419973185566,1.4607685664650156
331.8099862243953,1.458436921913984
330.39577271604753,1.4560474252916245
328.98155920694495,1.4535968464665243
328.34033475951406,1.4524647078169086
326.9261212494265,1.4499194565084108
325.5119077388058,1.447304896452656
324.0976942277545,1.444617520233243
322.6834807163768,1.4418537181097024
321.26926720477917,1.4390097732410831
319.8550536930714,1.4360818605313945
318.44084018136687,1.4330660499542476
317.0266266697835,1.4299583155013806
315.6124131584443,1.4267545512305713
314.19819964747774,1.423450596264197
312.7839861370181,1.4200422710060443
311.36977262720586,1.416525427286254
309.95555911818775,1.4128960155815222
308.5413456101162,1.4091501728351583
307.1271321031489,1.405284334632049
305.7129185974474,1.4012953754370425
304.2987050931755,1.3971807801035467
302.8844915904962,1.3929388486781895
301.4702780895683,1.388568934416515
300.0560645905414,1.3840717116578634
298.6418510935501,1.3794494656729968
297.2276375987068,1.3747063909343211
295.81342410609363,1.3698488780138907
294.3992106157538,1.3648857635783103
292.984997127683,1.3598285143504782
291.5707836418211,1.3546913163647045
290.15657015804555,1.3494910469843617
288.74235667616705,1.3442471194958856
287.32814319592745,1.3389812072611722
285.9139297170005,1.333716872867208
284.499716238995,1.3284791424140066
283.08550276146053,1.323294071035922
281.6712892838941,1.3181883399193448
280.25707580574965,1.3131889077830148
278.84286232644916,1.3083227149648522
277.4286488453979,1.3036164125621208
276.0144353620046,1.2990960702824963
274.6002218757074,1.2947868119105812
273.186008386006,1.2907123411706893
271.7717948924966,1.2868943532406432
270.35758139490656,1.2833518717414054
268.94336789312194,1.2801005945832098
267.52915438720277,1.2771523582077937
266.1149408773824,1.2745148257597656
264.70072736405075,1.2721914686184466
263.28651384772485,1.2701818539169183
261.87230032901266,1.2684821928990684
260.45808680857624,1.2670860646035054
259.0438732870995,1.265985215411805
257.62965976526357,1.2651703452474177
256.2154462437307,1.2646318162395644
254.80123272313622,1.2643602487486731
253.38701920408704,1.2643469949614456
251.9728056871651,1.2645844981746592
250.55859217293437,1.2650665561521028
249.14437866195004,1.2657885111658655
247.73016515476922,1.2667473896711046
246.3159516519629,1.2679420129489385
244.9017381541288,1.269373097938147
243.48752466190572,1.2710433658585578
242.07331117598977,1.2729576758032681
240.65909769715338,1.2751232018418284
239.24488422626868,1.2775496760557559
237.83067076433733,1.2802497274425881
236.41645731253018,1.283239359706918
235.0022438722421,1.2865386330780222
233.58803044517057,1.2901726529034834
232.17381703343258,1.2941730333349268
230.75960363974497,1.2985801232742704
229.34539026771483,1.3034465085772253
227.9311769223289,1.3088427664524858
226.51696361082486,1.3148674686585369
225.1027503443434,1.3216659329023823
223.6885371412465,1.3294692778834538
222.2743240405147,1.338689481736478
221.2426188435263,1.3467801597633857
220.49888684285878,1.3537735453850568
219.97630966957837,1.35965052914672
219.60912514945218,1.364575566797399
219.35112602169278,1.3686963849033418
219.16984512758881,1.3721415524343223
219.04246968024236,1.375020929416266
218.95297045917965,1.3774273670238506
218.89008466211538,1.3794388318194994
218.84589857202565,1.3811205465060825
218.8148516796066,1.382526962528539
218.79303693795876,1.383703496050584
218.77770909219024,1.3846880168257347
218.76693921118274,1.3855121062170823
218.7593719471282,1.38620211102483
218.75405497590495,1.3867800220326874
218.7503191547397,1.387264204651216
218.7476943159624,1.3876700059883076
218.74585010017694,1.3880102592605428
218.74455438317875,1.3882957031838534
218.7436440649822,1.3885353310915596
218.7430045449926,1.388736682057502
218.74255530044096,1.3889060843076553
218.7422397532468,1.3890488596143706
218.74201815014473,1.3891694962891168
218.74186256088277,1.3892717972539104
218.74175335714253,1.3893586829975795
218.74167873318783,1.389431521783
218.74162778302852,1.3894925647104954
218.74159304641714,1.3895440236177454
218.7415694205815,1.3895877663596192
218.74155341511465,1.3896253418366946
218.74154263323555,1.389658325742618
218.74153545007204,1.3896895610271438
218.74153070876702,1.3897247327584261
218.74152937597987,1.389755984782122
218.7415292005074,1.3897660482708711
218.74153124059936,1.3897956244948229
218.74153936250138,1.3898400476753259
218.74155193084894,1.389882623914756
218.74185151921017,1.3902316064995455
218.74363099194042,1.3909697678819128
218.92040624088787,1.4008256718322905
220.33461844287868,1.421803539675636
221.74883154391785,1.432965555916083
223.16304483679588,1.4413621176466624
224.5772582139345,1.4482781071111706
225.99147163782266,1.4542371844132271
227.40568509032215,1.4595139174800493
228.19253551224315,1.4622179313324455
229.60674899425277,1.4667386488992813
231.02096248857896,1.4708949782147311
232.43517599234227,1.4747496888341545
233.84938950353992,1.4783494418220444
235.2636030207263,1.4817300050731157
236.67781654282595,1.4849194869430018
238.0920300690187,1.4879404360511206
239.5062435986657,1.490811257372447
240.92045713126035,1.4935471978509645
242.33467066639477,1.496161050992509
243.74888420373597,1.4986636722720943
245.16309774300896,1.5010643637576857
246.57731128398422,1.5033711662105849
247.99152482646835,1.5055910843861
249.40573837029706,1.5077302632293696
250.8199519153297,1.5097941273880877
252.23416546144506,1.5117874929221462
253.64837900853797,1.5137146576628129
255.0625925565167,1.5155794749803464
256.47680610530085,1.5173854145171606
257.89101965481956,1.5191356125784865
259.30523320501004,1.5208329142406618
260.7194467558166,1.5224799087702647
262.1336603071895,1.5240789595979969
263.5478738590841,1.52563222982717
264.9620874114606,1.527141704055164
266.37630096428273,1.5286092071306707
267.79051451751803,1.5300364203489931
269.20472807113697,1.5314248954927703
270.61894162511265,1.5327760670510586
272.03315517942065,1.5340912628899133
273.4473687340386,1.5353717136002811
274.86158228894607,1.536618560710499
276.2757958441243,1.5378328639196048
277.69000939955595,1.5390156074822916
279.1042229552253,1.5401677058554966
280.51843651111756,1.5412900086994115
281.9326500672192,1.542383305311539
283.34686362351766,1.5434483285603535
284.7610771800013,1.5444857583753833
286.1752907366592,1.5454962248419328
287.58950429348124,1.5464803109416487
289.00371785045803,1.54743855497401
290.41793140758074,1.5483714526886057
291.83214496484106,1.5492794591535388
293.2463585222312,1.5501629903813918
294.6605720797439,1.5510224247306015
296.0747856373721,1.551858104097168
297.48899919510933,1.5526703355564868
298.9032127529494,1.5534593895271918
300.31742631088645,1.554225504440195
301.7316398689148,1.5549688844330616
303.14585342702907,1.5556897003293313
304.56006698522407,1.5563880897407434
305.9742805434949,1.5570641569949357
307.38849410183667,1.5577179728848953
308.8027076602447,1.558349574233943
310.21692121871445,1.5589589632676586
311.63113477724136,1.5595461067813265
313.045348335821,1.5601109350884803
314.45956189444905,1.5606533407326566
315.873775453121,1.561173176940501
317.2879890118325,1.5616702557898932
318.70220257057895,1.56214434606132
320.11641612935585,1.562595170734581
321.5306296881584,1.5630224040852523
322.94484324698175,1.563425668326556
324.3590568058208,1.563804529377153
325.7732703646691,1.564158493660101
327.17685701716573,1.5644846297910266
328.59107057601784,1.5647872480865082
330.00528413486165,1.5650630742557914
331.4194976936899,1.5653113126899194
332.83371125249454,1.5655310719760869
334.2479248112668,1.565721353967788
335.6621383699967,1.5658810397118412
337.0763519286711,1.5660088777183332
337.12741093890173,1.5660128811162495
338.54162449750936,1.566106238921007
339.9558380560358,1.5661647046469938
341.3700516144642,1.5661864918646429
342.78426517277506,1.5661695822432349
344.19847873094534,1.5661116874998706
345.6126922889478,1.5660102026269789
347.0269058467499,1.5658621478417072
348.4411194043123,1.5656640957620305
349.8553329615869,1.5654120789528607
351.26954651851435,1.565101470972563
352.6837600750203,1.5647268310056555
354.09797363101035,1.5642816974479086
355.51218718636255,1.563758308284399
356.9264007409166,1.563147213709619
358.34061429445717,1.5624367252664093
359.75482784668776,1.5616121080099432
361.1690413971881,1.5606543512972815
362.5832549453415,1.5595382122728594
363.99746849020397,1.558228921515438
365.41168203025666,1.5566762192857446
366.8258955629152,1.5548024570051537
368.24010908278296,1.5524753280839498
369.42385225133165,1.5499948751842738
370.2555998159784,1.5477795361692444
370.8400205067905,1.5458322533202622
371.25065896292523,1.544140238690506
371.53919073210466,1.542682465672843
371.74192522133296,1.5414344154281165
371.88437494275934,1.54037096411495
371.98446605742623,1.539468039198335
372.05479423793844,1.538703483501329
372.10420973217344,1.5380574259085436
372.1389310955143,1.5375123570426315
372.16332774582185,1.5370530380308443
372.1804698193749,1.536666322924992
372.1925145227122,1.5363409439656621
372.2009775996381,1.53606728865909
372.20692407532255,1.5358371848668873
372.2111022811016,1.5356437022196456
372.2140380259178,1.535480973385578
372.2161007651144,1.5353440359070554
372.2175500933924,1.535228693701467
372.2185684126909,1.5351313963814333
372.2192838857584,1.5350491340315366
372.2197865662012,1.5349795662888068
372.22013063543767,1.5349217063976102
372.2203661270315,1.5348737536994426
372.2205272908217,1.5348339930749542
372.2206375726594,1.5348010013969275
372.2207130224089,1.5347735973409309
372.22076462690245,1.5347507998636982
372.22079990698245,1.534731792700865
372.2208240105756,1.534715886429148
372.2208404596755,1.5347024879411566
372.2208516628112,1.5346912079168766
372.2208592983549,1.5346821708020508
372.220864638425,1.5346740485357855
372.22086771965047,1.5346637443999345
372.2208697738008,1.5346568749759752
372.2208711432344,1.5346522953599508
372.2208730308135,1.534645982977999
372.2208727606925,1.534644645799712
372.2208712957265,1.5346373937901663
372.22086907587675,1.5346264048852127
372.2208550328644,1.5346045795462468
372.22077461496,1.5345461800477476
372.22066114405544,1.5344987948811848
372.2203417426605,1.5344124838064774
372.2166556189054,1.5339864516367716
372.2060254789173,1.5334058506257908
372.14471981508217,1.531823430018859
371.96794349470304,1.5294707247750057
370.5537307630689,1.5212238072605697
369.1395175938369,1.5164145401433453
367.7253043090656,1.5126933310810529
366.31109096670656,1.5095646266422325
364.89687758964095,1.5068131091597394
364.1186425706886,1.5054146096418521
362.7044291581526,1.5030298658321803
361.29021573023977,1.5007988562047354
359.87600229028084,1.4986798424356211
358.4617888406183,1.4966423381263996
357.04757538296815,1.494663329242242
355.6333619186276,1.492724979926918
354.21914844860186,1.4908131584315893
352.804934973686,1.4889164471736551
351.3907214945196,1.487025454134683
349.97650801162507,1.4851323200091069
348.5622945254346,1.4832303570422223
347.14808103631026,1.4813137790724424
345.7338675445588,1.4793774962978157
344.319654050443,1.4774169569315068
342.90544055419053,1.475428023425472
341.491227056001,1.473406874560751
340.07701355605104,1.4713499271388648
338.66280005452967,1.4692537729346247
337.4668402463868,1.4674480825360172
336.0526267422473,1.4652709974996028
334.63841323688615,1.4630455407592857
333.2241997304199,1.4607685664626753
331.80998622295954,1.4584369219115874
330.3957727146118,1.4560474252891697
328.9815592055092,1.4535968464640043
328.3403347580783,1.4524647078143593
326.92612124799075,1.4499194565057918
325.51190773737005,1.4473048964499649
324.09769422631877,1.4446175202304752
322.683480714941,1.441853718106859
321.2692672033434,1.4390097732381524
319.85505369163565,1.4360818605283767
318.4408401799311,1.4330660499511398
317.0266266683478,1.429958315498176
315.6124131570086,1.4267545512272681
314.198199646042,1.4234505962607893
312.7839861355823,1.4200422710025273
311.3697726257701,1.4165254272826275
309.955559116752,1.41289601557778
308.54134560868044,1.4091501728312945
307.12713210171313,1.4052843346280621
305.71291859601166,1.4012953754329294
304.29870509173975,1.3971807800993044
302.8844915890605,1.3929388486738183
301.47027808813255,1.3885689344120142
300.05606458910563,1.3840717116532335
298.64185109211434,1.3794494656682423
297.22763759727104,1.3747063909294455
295.8134241046579,1.3698488780089024
294.39921061431806,1.364885763573222
292.98499712624726,1.3598285143452988
291.57078364038534,1.3546913163594505
290.1565701566098,1.3494910469790573
288.7423566747313,1.3442471194905479
287.3281431944917,1.338981207255821
285.91392971556473,1.333716872861869
284.49971623755926,1.3284791424087081
283.0855027600248,1.3232940710306986
281.67128928245836,1.3181883399142078
280.2570758043139,1.313188907778006
278.8428623250134,1.3083227149599925
277.42864884396215,1.3036164125574317
276.0144353605688,1.2990960702780103
274.60022187427165,1.2947868119063204
273.18600838457024,1.2907123411666803
271.77179489106084,1.2868943532369042
270.3575813934708,1.283351871737954
268.9433678916862,1.2801005945800612
267.529154385767,1.277152358204954
266.1149408759467,1.2745148257572478
264.700727362615,1.2721914686162448
263.2865138462891,1.270181853915037
261.8723003275769,1.268482192897498
260.4580868071405,1.2670860646022366
259.0438732856637,1.2659852154108349
257.6296597638278,1.2651703452467316
256.21544624229495,1.2646318162391532
254.80123272170047,1.2643602487485301
253.3870192026513,1.2643469949615596
251.97280568572936,1.2645844981750265
250.55859217149862,1.265066556152716
249.1443786605143,1.265788511166718
247.73016515333347,1.2667473896721975
246.31595165052715,1.2679420129502728
244.90173815269304,1.2693730979397198
243.48752466046997,1.2710433658603772
242.07331117455402,1.2729576758053383
240.65909769571763,1.275123201844157
239.24488422483293,1.277549676058359
237.83067076290158,1.2802497274454723
236.41645731109443,1.2832393597101088
235.00224387080635,1.2865386330815363
233.58803044373482,1.2901726529073538
232.17381703199683,1.2941730333391872
230.75960363830922,1.2985801232789638
229.34539026627908,1.3034465085824212
227.93117692089314,1.3088427664582616
226.5169636093891,1.3148674686650166
225.10275034290765,1.3216659329097422
223.68853713981076,1.329469277892
222.27432403907895,1.3386894817467794
221.24261884209054,1.346780159775761
220.49888684142303,1.353773545399877
219.97630966814262,1.359650529164429
219.60912514801643,1.3645755668185025
219.35112602025703,1.3686963849284584
219.16984512615306,1.372141552464203
219.0424696788066,1.375020929451812
218.9529704577439,1.3774273670661172
218.89008466067963,1.379438831869766
218.8458985705899,1.381120546565917
218.81485167817087,1.3825269625997827
218.79303693652307,1.3837034961354142
218.77770909075454,1.384688016926773
218.76693920974705,1.3855121063374891
218.75937194569252,1.386202111168193
218.7540549744693,1.3867800222037945
218.7503191533041,1.3872642048552197
218.74769431452685,1.3876700062316598
218.74585009874147,1.3880102595507882
218.74455438174343,1.3882957035309444
218.74364406354704,1.388535331506228
218.7430045435577,1.388736682553771
218.74255529900643,1.3889060849024455
218.7422397518128,1.3890488603285562
218.74201814871154,1.3891694971493909
218.74186255945077,1.389271798294419
218.74175335571215,1.3893586842544032
218.74167873176003,1.3894315233182288
218.74162778160456,1.3894925665916764
218.74159304499938,1.3895440259454532
218.74156941917295,1.3895877692437628
218.74155341371798,1.389625345455564
218.7415426318575,1.3896583306039862
218.74153544876125,1.389689568008823
218.74153070854337,1.3897247352199067
218.7415293747525,1.3897559847826506
218.74152919833583,1.389765995714702
218.74153123673366,1.3897955934536965
218.74153935804765,1.389840029122937
218.74155192630093,1.3898826115345044
218.7418515146153,1.3902316031102193
218.74363098734415,1.3909697665564826
218.9204062362914,1.4008256716920338
220.33461843828218,1.4218035396316733
221.74883153932134,1.4329655558853946
223.16304483219938,1.4413621176221678
224.577258209338,1.4482781070904385
225.99147163322615,1.4542371843950788
227.40568508572565,1.4595139174638032
228.19253554979352,1.462217931458022
229.60674903180313,1.4667386490141539
231.02096252612932,1.4708949783208503
232.43517602989263,1.4747496889329414
233.8493895410903,1.4783494419145733
235.26360305827666,1.4817300051602278
236.67781658037632,1.4849194870253613
238.09203010656907,1.4879404361292667
239.50624363621606,1.4908112574468217
240.9204571688107,1.493547197921937
242.33467070394514,1.4961610510603904
243.74888424128633,1.4986636723371523
245.16309778055933,1.5010643638201495
246.57731132153458,1.5033711662706526
247.99152486401871,1.505591084443946
249.40573840784742,1.5077302632851457
250.81995195288007,1.5097941274419322
252.23416549899542,1.5117874929741775
253.64837904608834,1.5137146577131395
255.06259259406707,1.5155794750290656
256.4768061428512,1.5173854145643573
257.8910196923699,1.5191356126242441
259.3052332425604,1.5208329142850507
260.71944679336696,1.5224799088133503
262.13366034473984,1.524078959639836
263.5478738966345,1.525632229867822
264.96208744901094,1.5271417040946773
266.3763010018331,1.5286092071690962
267.7905145550684,1.5300364203863666
269.20472810868733,1.531424895529137
270.618941662663,1.5327760670864523
272.033155216971,1.5340912629243684
273.44736877158897,1.5353717136338296
274.86158232649643,1.5366185607431675
276.27579588167464,1.5378328639514214
277.6900094371063,1.5390156075132857
279.10422299277565,1.540167705885688
280.5184365486679,1.5412900087288248
281.93265010476955,1.5423833053401896
283.346863661068,1.543448328588262
284.76107721755164,1.544485758402565
286.17529077420954,1.5454962248684088
287.5895043310316,1.5464803109674343
289.0037178880084,1.5474385549991163
290.4179314451311,1.5483714527130414
291.8321450023914,1.549279459177325
293.2463585597816,1.5501629904045324
294.66057211729424,1.551022424753107
296.07478567492245,1.5518581041190445
297.4889992326597,1.552670335577744
298.90321279049977,1.5534593895478344
300.3174263484368,1.5542255044602342
301.73163990646515,1.554968884452498
303.14585346457943,1.5556897003481733
304.56006702277443,1.5563880897589875
305.97428058104526,1.557064157012591
307.38849413938703,1.5577179729019606
308.8027076977951,1.5583495742504185
310.2169212562648,1.5589589632835439
311.6311348147917,1.5595461067966174
313.0453483733714,1.5601109351031788
314.4595619319994,1.5606533407467609
315.8737754906714,1.561173176954004
317.2879890493829,1.5616702558027868
318.7022026081293,1.5621443460736029
320.1164161669062,1.5625951707462378
321.53062972570876,1.563022404096276
322.9448432845321,1.5634256683369396
324.35905684337115,1.5638045293869063
325.77327040221945,1.5641584936691255
327.1768565489539,1.5644846296864794
328.591070107806,1.564787247990712
330.0052836666498,1.5650630741689917
331.41949722547804,1.5653113126123954
332.8337107842827,1.5655310719081497
334.24792434305493,1.5657213539096788
335.66213790178483,1.5658810396797358
337.07635146045925,1.5660088790365112
337.51115567090505,1.5660415693295506
338.92536922949216,1.5661256238872796
340.3395827879938,1.566174322660025
341.75379634639233,1.5661858196359921
343.16800990466743,1.566158027321492
344.582223462795,1.566088576534483
345.99643702074655,1.5659747668578516
347.4106505784878,1.5658135049735689
348.82486413597724,1.5656012270624051
350.23907769316406,1.5653337999434584
351.6532912499853,1.5650063933803526
353.06750480636157,1.5646133125610306
354.481718362192,1.5641477744169816
355.8959319173454,1.5636016028605415
357.3101454716486,1.5629648037443848
358.7243590248672,1.5622249556868448
360.13857257667644,1.5613663083390192
361.5527861266116,1.5603683946971802
362.9669996739835,1.5592037912267758
364.38121321772394,1.5578342787152737
365.795426756088,1.5562037274769107
367.2096402860653,1.554223433377782
368.62385380068866,1.5517368328452714
369.6934841201975,1.5493309115591134
370.4450512113175,1.5471931411247795
370.97313373862505,1.545320973450013
371.3441866381475,1.5436986279259843
371.60490393488425,1.542303685056877
371.7880948090733,1.5411112210584663
371.91681236675254,1.5400962866178856
372.00725468709106,1.539235297716553
372.0708032198977,1.5385067324666761
372.11545504919076,1.5378914003746176
372.1468292616444,1.5373724594366762
372.16887406326236,1.5369352935201348
372.184363629206,1.5365673201730972
372.19524721131955,1.5362577712924805
372.202894435716,1.5359974713234021
372.2082676591464,1.5357786265217666
372.2120430738091,1.5355946319657519
372.21469580066275,1.5354398988936135
372.2165596795474,1.5353097025428273
372.2178692802187,1.5352000493090663
372.2187894210414,1.535107561268605
372.21943590981226,1.5350293756985716
372.2198901190268,1.5349632663420758
372.220201007047,1.5349082971009116
372.2204137843408,1.5348627559504715
372.22055939908927,1.5348250138801398
372.22065903700417,1.5347937202867057
372.22072720081206,1.5347677552911954
372.2207738183059,1.534746188235268
372.22080568520175,1.534728242156384
372.2208274528927,1.5347132964222288
372.22084231031465,1.53470096016396
372.2208521618471,1.5346909414745928
372.2208589827076,1.5346840048804407
372.22086331084034,1.5346755497949107
372.22086619626214,1.5346699130712262
372.2208685770928,1.5346652620754433
372.22086980738766,1.5346559202330794
372.2208707499439,1.534655205326723
372.2208727691122,1.534653673835881
372.2208730308377,1.5346459829779828
372.2208727606251,1.5346446453729539
372.2208712956472,1.5346373934460145
372.22086907578864,1.5346264047124636
372.22085503277464,1.5346045794399232
372.2207746148694,1.5345461800005957
372.2206611439647,1.5344987948497064
372.2203417425697,1.534412483786098
372.2166556188146,1.533986451629756
372.2060254788265,1.5334058506219097
372.1447198149914,1.5318234300171982
371.96794349461226,1.5294707247740766
370.55373076297815,1.5212238072602062
369.1395175937461,1.5164145401430815
367.72530430897484,1.5126933310808333
366.3110909666157,1.5095646266420455
364.8968775895501,1.506813109159573
364.1186425705978,1.5054146096416954
362.70442915806177,1.5030298658320362
361.29021573014893,1.5007988562045955
359.87600229019,1.498679842435489
358.46178884052745,1.496642338126272
357.0475753828773,1.4946633292421174
355.63336191853676,1.492724979926794
354.219148448511,1.4908131584314694
352.80493497359515,1.4889164471735328
351.39072149442876,1.4870254541345609
349.97650801153424,1.4851323200089876
348.56229452534376,1.4832303570420995
347.1480810362194,1.4813137790723214
345.73386754446796,1.479377496297691
344.31965405035214,1.477416956931379
342.9054405540997,1.4754280234253443
341.49122705591014,1.473406874560622
340.0770135559602,1.4713499271387334
338.66280005443883,1.4692537729344877
337.466840246296,1.4674480825358778
336.05262674215646,1.4652709974994598
334.6384132367953,1.4630455407591416
333.2241997303291,1.4607685664625283
331.8099862228687,1.4584369219114364
330.39577271452094,1.456047425289014
328.98155920541836,1.4535968464638445
328.3403347579875,1.4524647078141992
326.9261212478999,1.449919456505628
325.5119077372792,1.447304896449796
324.09769422622793,1.4446175202303022
322.6834807148502,1.4418537181066768
321.2692672032526,1.4390097732379687
319.8550536915448,1.4360818605281884
318.4408401798403,1.4330660499509429
317.02662666825694,1.4299583154979743
315.61241315691774,1.426754551227059
314.19819964595115,1.4234505962605768
312.7839861354915,1.4200422710023053
311.3697726256793,1.416525427282397
309.95555911666116,1.412896015577544
308.5413456085896,1.409150172831048
307.1271321016223,1.4052843346278103
305.7129185959208,1.4012953754326685
304.2987050916489,1.3971807800990366
302.88449158896964,1.3929388486735417
301.4702780880417,1.3885689344117307
300.0560645890148,1.3840717116529402
298.6418510920235,1.3794494656679415
297.2276375971802,1.374706390929138
295.81342410456705,1.3698488780085891
294.39921061422723,1.3648857635728984
292.98499712615643,1.3598285143449718
291.5707836402945,1.3546913163591228
290.15657015651897,1.349491046978719
288.74235667464046,1.3442471194902064
287.32814319440087,1.3389812072554834
285.9139297154739,1.3337168728615352
284.4997162374684,1.3284791424083762
283.08550275993395,1.3232940710303678
281.6712892823675,1.3181883399138827
280.25707580422306,1.313188907777685
278.8428623249226,1.3083227149596826
277.4286488438713,1.3036164125571361
276.014435360478,1.2990960702777261
274.6002218741808,1.2947868119060524
273.1860083844794,1.2907123411664247
271.77179489097,1.2868943532366632
270.35758139338,1.2833518717377352
268.94336789159536,1.2801005945798618
267.5291543856762,1.277152358204777
266.11494087585584,1.274514825757088
264.70072736252416,1.2721914686161062
263.28651384619826,1.2701818539149148
261.8723003274861,1.268482192897399
260.45808680704965,1.2670860646021571
259.0438732855729,1.2659852154107738
257.629659763737,1.2651703452466887
256.2154462422041,1.2646318162391283
254.80123272160964,1.2643602487485222
253.38701920256045,1.2643469949615693
251.97280568563852,1.26458449817505
250.55859217140778,1.2650665561527548
249.14437866042346,1.2657885111667715
247.73016515324264,1.266747389672267
246.31595165043632,1.267942012950356
244.9017381526022,1.2693730979398195
243.48752466037914,1.2710433658604932
242.07331117446319,1.27295767580547
240.6590976956268,1.275123201844305
239.2448842247421,1.2775496760585208
237.83067076281074,1.280249727445655
236.4164573110036,1.2832393597103113
235.00224387071552,1.2865386330817574
233.588030443644,1.290172652907596
232.173817031906,1.2941730333394579
230.75960363821838,1.298580123279264
229.34539026618825,1.30344650858275
227.9311769208023,1.308842766458627
226.51696360929827,1.3148674686654283
225.10275034281682,1.3216659329102052
223.68853713971993,1.3294692778925392
222.2743240389881,1.3386894817474393
221.2426188419997,1.3467801597765408
220.4988868413322,1.3537735454008164
219.97630966805178,1.3596505291655487
219.6091251479256,1.3645755668198345
219.3511260201662,1.3686963849300433
219.16984512606223,1.372141552466092
219.04246967871578,1.3750209294540596
218.95297045765307,1.3774273670688144
218.8900846605888,1.3794388318729935
218.84589857049906,1.3811205465697118
218.81485167808003,1.3825269626042802
218.79303693643223,1.383703496140784
218.77770909066373,1.384688016933137
218.76693920965624,1.3855121063450708
218.7593719456017,1.3862021111773561
218.7540549743785,1.386780022214646
218.7503191532133,1.3872642048681367
218.74769431443607,1.387670006247041
218.74585009865072,1.388010259569194
218.74455438165268,1.3882957035527095
218.7436440634563,1.3885353315322748
218.74300454346698,1.3887366825852334
218.74255529891573,1.3889060849401729
218.74223975172217,1.3890488603733453
218.74201814862096,1.3891694972038184
218.74186255936024,1.38927179836038
218.7417533556217,1.3893586843340329
218.7416787316698,1.3894315234156107
218.74162778151452,1.3894925667092304
218.74159304490976,1.3895440260932905
218.74156941908402,1.3895877694298198
218.74155341362965,1.3896253456847831
218.74154263176973,1.389658330917063
218.74153544868108,1.389689568489105
218.741530708533,1.389724735392596
218.74152937467596,1.3897559847834229
218.7415291982045,1.3897659925500632
218.74153123650194,1.389795591544491
218.74153935777898,1.3898400280034897
218.74155192602655,1.389882610788322
218.7418515143381,1.390231602905456
218.74363098706687,1.3909697664765421
218.92040623601412,1.400825671683545
220.3346184380049,1.4218035396290225
221.74883153904406,1.4329655558835446
223.1630448319221,1.4413621176206963
224.57725820906072,1.4482781070891853
225.99147163294887,1.4542371843939859
227.40568508544837,1.459513917462826
228.19253554951624,1.4622179314570947
229.60674903152585,1.4667386490133048
231.02096252585204,1.4708949783200667
232.43517602961535,1.4747496889322116
233.849389540813,1.4783494419138932
235.26360305799938,1.4817300051595867
236.67781658009903,1.4849194870247537
238.0920301062918,1.4879404361286899
239.50624363593877,1.4908112574462735
240.92045716853343,1.4935471979214126
242.33467070366785,1.4961610510598897
243.74888424100905,1.4986636723366722
245.16309778028204,1.5010643638196868
246.5773113212573,1.5033711662702085
247.99152486374143,1.505591084443521
249.40573840757014,1.5077302632847316
250.8199519526028,1.509794127441534
252.23416549871814,1.5117874929737938
253.64837904581105,1.5137146577127676
255.0625925937898,1.5155794750287044
256.47680614257393,1.5173854145640098
257.89101969209264,1.5191356126239077
259.3052332422831,1.5208329142847208
260.7194467930897,1.5224799088130312
262.13366034446256,1.524078959639528
263.5478738963572,1.5256322298675222
264.96208744873366,1.527141704094383
266.3763010015558,1.5286092071688127
267.7905145547911,1.5300364203860919
269.20472810841005,1.5314248955288676
270.61894166238574,1.53277606708619
272.03315521669373,1.5340912629241166
273.4473687713117,1.5353717136335818
274.86158232621915,1.536618560742927
276.27579588139736,1.5378328639511878
277.69000943682903,1.5390156075130563
279.10422299249836,1.5401677058854648
280.51843654839064,1.5412900087286092
281.93265010449227,1.5423833053399783
283.34686366079075,1.5434483285880545
284.76107721727436,1.5444857584023681
286.17529077393226,1.5454962248682131
287.5895043307543,1.5464803109672425
289.0037178877311,1.54743855499893
290.4179314448538,1.5483714527128611
291.83214500211415,1.5492794591771453
293.2463585595043,1.550162990404361
294.66057211701695,1.5510224247529403
296.07478567464517,1.551858104118884
297.4889992323824,1.5526703355775868
298.9032127902225,1.5534593895476854
300.31742634815953,1.5542255044600854
301.73163990618787,1.5549688844523541
303.14585346430215,1.5556897003480317
304.56006702249715,1.5563880897588527
305.974280580768,1.5570641570124595
307.38849413910975,1.5577179729018342
308.8027076975178,1.5583495742502973
310.21692125598753,1.5589589632834266
311.63113481451444,1.5595461067965055
313.0453483730941,1.5601109351030735
314.45956193172213,1.5606533407466587
315.8737754903941,1.5611731769539035
317.2879890491056,1.561670255802691
318.70220260785203,1.5621443460735116
320.11641616662894,1.5625951707461514
321.5306297254315,1.5630224040961933
322.94484328425483,1.5634256683368624
324.35905684309387,1.5638045293867644
325.77327040194217,1.5641584936690898
327.1768569279983,1.564484629771118
328.5910704868504,1.5647872480682659
330.0052840456942,1.5650630742392606
331.41949760452246,1.5653113126751583
332.8337111633271,1.5655310719631514
334.24792472209936,1.5657213539567119
335.66213828082925,1.5658810396992915
337.0763518395037,1.5660088780115669
338.2733193416073,1.5660911580255954
339.68753290015036,1.5661563742898377
341.10174645859877,1.5661852677563082
342.51596001693355,1.566175866784485
343.9301735751324,1.5661259376055148
345.344387133169,1.5660329393775525
346.7586006910119,1.5658939685101607
348.1728142486231,1.5657056889676286
349.5870278059565,1.5654642439946718
351.001241362955,1.5651651428414353
352.4154549195475,1.564803113255573
353.82966847564387,1.5643719061749064
355.24388203112807,1.5638640321822375
356.6580955858481,1.563270398041197
358.0723091396008,1.5625797925650156
359.48652269210766,1.5617781373512476
360.90073624297634,1.5608473552691415
362.31494979163506,1.5597635861056098
363.7291633372163,1.5584942171314498
365.143376878338,1.5569925892468497
366.5575904126734,1.5551876539924057
367.97180393567544,1.5529609869958507
369.2353313989668,1.55043378492135
370.12313875515935,1.5481685953547306
370.7469494066655,1.5461723816011188
371.18526490126186,1.544434599164774
371.49324371853123,1.5429353185229644
371.7096425194602,1.5416504030903784
371.8616933594735,1.5405546861440769
371.9685306228308,1.5396238166905276
372.0435989304391,1.5388352438463806
372.0963450368566,1.5381686612425918
372.1334066280775,1.5376061258266283
372.1594476207089,1.5371319902331022
372.1777450782005,1.536732736684276
372.19060160280117,1.5363967664362204
372.19963509944,1.5361141768201585
372.20598237597915,1.535876544008232
372.21044220128636,1.5356767209875217
372.2135758238308,1.535508654978286
372.2157776002557,1.53536722541223
372.2173246219623,1.5352481017782642
372.21841158480873,1.5351476196056504
372.2191752897735,1.5350626722523857
372.21971186004214,1.5349908432684267
372.2200791288921,1.5349311172911564
372.2203305020857,1.5348816351509358
372.22050253794833,1.5348406274337578
372.2206202626548,1.5348066269522036
372.22070080795106,1.5347784167595604
372.22075590131976,1.534754983590948
372.2207935703029,1.5347354816521952
372.22081930985934,1.5347192670850818
372.22083689155653,1.534705991888762
372.22084855060365,1.5346949100282514
372.2208565997469,1.5346872593615875
372.2208617636559,1.5346782157481564
372.22086520626186,1.5346721866725168
372.2208680370877,1.5346672290144836
372.220869545051,1.5346566064139995
372.2208706620336,1.5346559419890196
372.22087252947796,1.5346548311599288
372.22087303215494,1.5346459829785821
372.22087275704564,1.5346446224869212
372.2208712914595,1.5346373747569333
372.2208690711422,1.5346263946721255
372.22085502802355,1.5346045736611138
372.2207746100727,1.5345461775305842
372.2206611391607,1.5344987931781193
372.22034173776336,1.5344124827290089
372.21665561400704,1.5339864512526258
372.20602547401876,1.5334058504202517
372.1447198101836,1.5318234299273377
371.96794348980444,1.5294707247243036
370.55373075817033,1.5212238072407813
369.1395175889383,1.5164145401290117
367.725304304167,1.512693331069353
366.31109096180796,1.5095646266321365
364.89687758474236,1.5068131091507087
364.11864256579,1.505414609633267
362.704429153254,1.5030298658242167
361.29021572534117,1.500798856197225
359.87600228538224,1.4986798424284395
358.4617888357197,1.4966423381194558
357.04757537806955,1.4946633292354652
355.633361913729,1.4927249799202573
354.21914844370326,1.490813158425
352.8049349687874,1.4889164471671004
351.390721489621,1.4870254541281342
349.9765080067265,1.4851323200025393
348.562294520536,1.4832303570356116
347.14808103141166,1.4813137790657738
345.73386753966014,1.4793774962910697
344.3196540455443,1.4774169569246696
342.9054405492919,1.4754280234185306
341.4912270511023,1.4734068745536908
340.0770135511524,1.4713499271316768
338.662800049631,1.4692537729272914
337.46684024148817,1.4674480825285556
336.05262673734865,1.4652709974919786
334.6384132319875,1.4630455407514904
333.22419972552126,1.4607685664546963
331.8099862180609,1.4584369219034135
330.3957727097131,1.456047425280786
328.98155920061055,1.4535968464554212
328.34033483747334,1.4524647079553676
326.9261213273858,1.449919456650597
325.5119078167651,1.447304896598759
324.0976943057138,1.4446175203834575
322.68348079433605,1.4418537182642341
321.26926728273844,1.4390097734001361
319.85505377103067,1.4360818606951844
318.44084025932614,1.4330660501229935
317.0266267477428,1.429958315675305
315.6124132364036,1.4267545514099047
314.198199725437,1.4234505964491664
312.78398621497735,1.4200422711968828
311.36977270516513,1.41652542748319
309.955559196147,1.4128960157847699
308.54134568807547,1.4091501730449263
307.12713218110815,1.4052843348485236
305.7129186754067,1.4012953756603785
304.29870517113477,1.3971807803338645
302.8844916684555,1.3929388489155563
301.47027816752757,1.3885689346609325
300.05606466850065,1.3840717119092503
298.64185117150936,1.37944946593118
297.22763767666606,1.374706391199008
295.8134241840529,1.3698488782846676
294.3992106937131,1.3648857638546175
292.9849972056423,1.3598285146316047
291.57078371978037,1.354691316649798
290.1565702360048,1.3494910472724244
288.7423567541263,1.3442471197857717
287.3281432738867,1.338981207551639
285.91392979495976,1.3337168731569058
284.4997163169543,1.3284791427015306
283.0855028394198,1.3232940713198142
281.6712893618534,1.3181883401981176
280.2570758837089,1.3131889080551882
278.84286240440844,1.3083227152289392
277.4286489233572,1.3036164128166678
276.01443543996385,1.2990960705260883
274.6002219536667,1.2947868121418706
273.18600846396527,1.2907123413884187
271.77179497045586,1.2868943534436772
270.35758147286583,1.2833518719287895
268.9433679710812,1.2801005947541744
267.52915446516204,1.2771523583618054
266.1149409553417,1.2745148258965169
264.70072744201,1.2721914687378515
263.2865139256841,1.2701818540191072
261.87230040697193,1.2684821929843229
260.4580868865355,1.267086064672245
259.04387336505874,1.265985215464522
257.62965984322284,1.2651703452846323
256.21544632168997,1.26463181626181
254.80123280109552,1.2643602487564505
253.38701928204634,1.2643469949552038
251.9728057651244,1.264584498154776
250.55859225089367,1.2650665561188832
249.14437873990934,1.2657885111195166
247.73016523272852,1.2667473896117447
246.3159517299222,1.2679420128765815
244.9017382320881,1.2693730978527005
243.48752473986502,1.2710433657598146
242.07331125394907,1.2729576756908947
240.65909777511268,1.275123201715362
239.24488430422798,1.2775496759145855
237.83067084229663,1.2802497272859275
236.41645739048948,1.2832393595337859
235.0022439502014,1.286538632887177
233.58803052312987,1.2901726526933832
232.17381711139188,1.2941730331036152
230.75960371770427,1.2985801230192167
229.34539034567413,1.3034465082951114
227.9311770002882,1.3088427661387665
226.51696368878416,1.314867468306726
225.1027504223027,1.321665932502605
223.6885372192058,1.3294692774193242
222.274324118474,1.3386894811767018
221.24261892148556,1.3467801590913173
220.49888692081802,1.3537735445797314
219.97630974753758,1.3596505281851736
219.60912522741137,1.3645755656517085
219.35112609965194,1.3686963835397459
219.16984520554792,1.3721415508122092
219.0424697582014,1.3750209274869223
218.95297053713858,1.3774273647288795
218.89008474007417,1.3794388290890627
218.84589864998424,1.3811205432567175
218.8148517575649,1.3825269586605302
218.79303701591667,1.3837034914446735
218.77770917014757,1.3846880113396232
218.76693928913926,1.385512099680517
218.75937202508354,1.3862021032343965
218.75405505385862,1.3867800127450955
218.750319232691,1.3872641935747934
218.74769439391034,1.3876699927735656
218.74585017812007,1.3880102434869515
218.74455446111503,1.3882956843451546
218.74364414290864,1.3885353085736423
218.74300462290495,1.3887366551131664
218.742555378333,1.3889060520181211
218.7422398311095,1.3890488208373353
218.7420182279646,1.3891694495792457
218.741862638638,1.3892717407411497
218.74175343480954,1.389358614737088
218.74167881071466,1.3894314384531345
218.74162786034321,1.3894924624253853
218.74159312339498,1.3895438970219214
218.74156949702333,1.3895876094463493
218.74155349096364,1.3896251490954172
218.74154270897478,1.3896580710792288
218.74153552432668,1.3896891480768434
218.74153077068254,1.3897240395900812
218.74152937674165,1.3897559847817944
218.7415292018758,1.3897660812885997
218.74153124303064,1.3897956440152472
218.7415393653025,1.3898400593391305
218.7415519337093,1.3898826316991668
218.7418515221,1.3902316086314384
218.7436309948311,1.3909697687154592
218.9204062437787,1.4008256719205
220.3346184457695,1.4218035397032824
221.74883154680867,1.4329655559353878
223.1630448396867,1.441362117662067
224.57725821682533,1.4482781071242048
225.99147164071348,1.454237184424642
227.40568509321298,1.4595139174902618
228.19253551513398,1.4622179313421122
229.6067489971436,1.4667386489081218
231.0209624914698,1.4708949782229017
232.4351759952331,1.474749688841759
233.84938950643075,1.4783494418291652
235.26360302361712,1.4817300050798237
236.67781654571678,1.4849194869493432
238.09203007190953,1.4879404360571387
239.50624360155652,1.4908112573781733
240.92045713415118,1.4935471978564263
242.3346706692856,1.4961610509977348
243.7488842066268,1.498663672277104
245.1630977458998,1.5010643637624952
246.57731128687504,1.5033711662152074
247.99152482935918,1.5055910843905516
249.4057383731879,1.5077302632336642
250.81995191822054,1.5097941273922324
252.2341654643359,1.5117874929261497
253.6483790114288,1.513714657666688
255.06259255940753,1.5155794749840965
256.4768061081917,1.517385414520793
257.8910196577104,1.5191356125820092
259.30523320790087,1.520832914244079
260.7194467587074,1.5224799087735832
262.1336603100803,1.5240789596012165
263.54787386197495,1.525632229830298
264.9620874143514,1.5271417040582054
266.37630096717356,1.528609207133632
267.79051452040886,1.530036420351869
269.2047280740278,1.5314248954955691
270.6189416280035,1.5327760670537844
272.0331551823115,1.5340912628925665
273.44736873692943,1.5353717136028642
274.8615822918369,1.5366185607130145
276.2757958470151,1.537832863922053
277.6900094024468,1.5390156074846781
279.1042229581161,1.5401677058578211
280.5184365140084,1.541290008701677
281.93265007011,1.542383305313746
283.3468636264085,1.5434483285625018
284.7610771828921,1.5444857583774743
286.17529073955,1.5454962248439696
287.58950429637207,1.546480310943632
289.00371785334886,1.5474385549759444
290.41793141047157,1.5483714526904846
291.8321449677319,1.5492794591553698
293.24635852512205,1.550162990383174
294.6605720826347,1.5510224247323365
296.0747856402629,1.5518581040988537
297.48899919800016,1.5526703355581228
298.90321275584023,1.5534593895287825
300.3174263137773,1.5542255044417392
301.7316398718056,1.5549688844345586
303.1458534299199,1.555689700330781
304.5600669881149,1.5563880897421463
305.9742805463857,1.557064156996293
307.3884941047275,1.557717972886211
308.80270766313555,1.5583495742352134
310.2169212216053,1.5589589632688823
311.6311347801322,1.5595461067825003
313.04534833871185,1.5601109350896118
314.4595618973399,1.5606533407337417
315.87377545601186,1.5611731769415391
317.28798901472334,1.5616702557908844
318.7022025734698,1.5621443460622648
320.1164161322467,1.5625951707354762
321.5306296910492,1.563022404086101
322.9448432498726,1.5634256683273535
324.3590568087116,1.5638045293778513
325.7732703675599,1.564158493660755
327.17685647214745,1.5644846296693329
328.59107003099956,1.5647872479749998
330.0052835898434,1.5650630741547527
331.4194971486716,1.5653113125996747
332.83371070747626,1.5655310718969875
334.2479242662485,1.5657213539001664
335.6621378249784,1.5658810397287517
337.07635138365293,1.5660088792978426
338.31595539623913,1.5660936379359165
339.7301689547796,1.566157785711398
341.14438251322485,1.5661855547105685
342.5585960715559,1.5661749659624573
343.97280962975026,1.5661237771447565
345.3870231877815,1.5660294373545607
346.801236745618,1.565889031063368
348.2154503032216,1.5656992079346246
349.62966386054575,1.5654560939008437
351.04387741753317,1.5651551770088263
352.45809097411217,1.5647911586958945
353.8723045301919,1.564357756767309
355.28651808565553,1.5638474393736057
356.7007316403497,1.5632510578696863
358.1149451940694,1.5625573270525674
359.5291587465333,1.56175206694628
360.94337229734487,1.5608170564203165
362.3575858459254,1.559728222763102
363.7717993913958,1.5584526233487417
365.1860129323533,1.556943051791789
366.6002264664323,1.5551274654052678
368.01443998896184,1.5528853773048377
369.26528884297556,1.5503653306016565
370.1441876765648,1.5481078393089864
370.7617388264664,1.546119218469633
371.19565613270265,1.544388559381571
371.50054459835627,1.5428957518961037
371.7147719886148,1.5416165936245982
371.86529710440595,1.5405259206254784
371.9710623299204,1.539599422951015
372.0453773787648,1.5388146097334419
372.0975942139702,1.5381512417361116
372.13428391702854,1.5375914431920437
372.16006360542997,1.5371196303399577
372.1781774596021,1.5367223434372432
372.1909049768032,1.5363880354941615
372.19984782742677,1.5361068492862788
372.2061314122695,1.5358704004634443
372.2105464851165,1.5356715760525264
372.21364866270386,1.5355043524766536
372.2158283445832,1.5353636341406285
372.2173598417377,1.53524511186285
372.2184358963878,1.535145139402895
372.2191919368059,1.5350606257571735
372.21972312165553,1.534989166487534
372.22008670390716,1.534929752105364
372.2203355534521,1.534880532847121
372.2205058617891,1.5348397486892398
372.22062240398583,1.5348059402688436
372.22070213989076,1.534777897483358
372.22075667935746,1.5347546170731572
372.22079396985544,1.5347352677012183
372.22081945171874,1.534719154228159
372.2208368478537,1.5347056713382863
372.220848701967,1.5346943581266306
372.2208565682656,1.5346856865593375
372.2208620766359,1.534679614300213
372.22086544364305,1.534671329609314
372.2208679287888,1.5346652147829267
372.22086965359415,1.534655210331731
372.22086967867114,1.5346432132796406
372.2208704591972,1.5346416926388549
372.22087097954795,1.534640678878284
372.22087132644845,1.5346400030378684
372.2208726374708,1.5346374488704426
372.22087271804065,1.5346383027405408
372.2208732432565,1.5346438689189243
372.2208727515126,1.5346459828714014
372.2208669344557,1.5346701688449933
372.22084761136125,1.5346968700144075
372.22082073409393,1.5347189303514486
372.22051696515047,1.5348367302750043
372.2200895327702,1.5349290530376618
372.21503193386854,1.5354180740164103
371.724583308927,1.5415513975459258
371.0174767137551,1.5451434864222908
369.603263294869,1.549558143737558
368.189049802886,1.5525695913518964
366.77483628400364,1.5548769573755021
365.3606227517644,1.556737284770778
363.94640921180616,1.5582800648632327
362.532195666948,1.5595816254767274
361.117982118773,1.5606915116630933
359.70376856824527,1.561644067269078
358.2895550159881,1.5624642635258532
356.8753414624238,1.5631709283192188
355.46112790784923,1.5637786684167674
354.04691435247946,1.5642990793098988
352.6327007964745,1.5647415414814727
351.21848723995595,1.5651137640347823
349.8042736830178,1.5654221673767237
348.3900601257342,1.565672159689535
346.9758465681641,1.5658683411734202
345.56163301035554,1.5660146578794418
344.14741945234755,1.566114519555927
342.7332058941726,1.5661708912886847
341.31899233585784,1.5661863657168218
339.90477877742615,1.5661632206219247
338.49056521889696,1.5661034658073718
337.076351660289,1.566008878606154
335.67276530299694,1.5658821215593597
334.2585517442676,1.5657226691159272
332.8443381854959,1.5655326127679574
331.43012462669157,1.5653130711767855
330.0159110678636,1.5650650433390754
328.60169750902,1.5647894214293159
327.18748395016803,1.5644870014014325
325.7732703913153,1.5641584938415092
324.9864197938034,1.5639646569203713
323.5722062349592,1.5635967753986628
322.1579926761283,1.5632042795751167
320.7437791173159,1.5627876293877347
319.32956555852707,1.5623472269274488
317.91535199976653,1.561883420570911
316.501138441039,1.5613965085604984
315.08692488234897,1.5608867421021826
313.6727113237009,1.560354328040288
312.25849776509926,1.5597994311583954
310.84428420654837,1.5592221761474228
309.4300706480527,1.5586226492754423
308.01585708961676,1.5580008997876809
306.601643531245,1.5573569410606365
305.1874299729421,1.5566907515297288
303.7732164147128,1.5560022754065428
302.35900285656203,1.5552914231983221
300.94478929849487,1.554558072038919
299.5305757405166,1.5538020652172475
298.1163621826327,1.5530232145885965
296.70214862484903,1.5522212967985765
295.2879350671716,1.5513960552483572
293.87372150960675,1.5505471989756823
292.4595079521613,1.54967440193011
291.04529439484236,1.5487773020634719
289.6310808376575,1.5478555002272292
288.2168672806148,1.5469085588657459
286.8026537237228,1.5459360004919813
285.38844016699073,1.5449373059290594
283.97422661042833,1.543911912297939
282.5600130540462,1.5428592107276042
281.14579949785553,1.5417785437600666
279.73158594186856,1.5406692024174387
278.3173723860983,1.5395304228927529
276.90315883055905,1.5383613828195386
275.4889452752661,1.5371611970673476
274.07473172023595,1.5359289130011908
272.6605181654868,1.5346635051318862
271.2463046110383,1.5333638690711209
269.83209105691185,1.5320288146893066
268.41787750313097,1.5306570583551034
267.00366394972144,1.5292472141123346
265.5894503967115,1.5277977836215488
264.17523684413237,1.5263071446585297
262.7610232920185,1.5247735379189125
261.346809740408,1.5231950518241186
259.9325961893433,1.5215696049564515
258.5183826388718,1.5198949256659882
257.10416908904637,1.5181685282835866
255.6899555399265,1.5163876852356526
254.27574199157925,1.5145493941767274
252.86152844408053,1.5126503390221884
251.44731489751678,1.5106868434550516
250.03310135198677,1.508654815071099
248.61888780760415,1.5065496777746794
247.2046742645003,1.5043662892864147
245.79046072282824,1.5020988395868975
244.3762471827674,1.4997407246689174
242.9620336445299,1.4972843879057578
241.5478201083687,1.4947211183550757
240.1336065745885,1.4920407909096893
238.7193930435604,1.489231526563409
237.30517951574205,1.4862792408061192
235.8909659917061,1.483167031902599
234.4767524721809,1.4798743342223708
233.0625389581106,1.4763757167541054
231.64832545074714,1.4726391274706123
230.234111951795,1.4686232370556453
228.81989846365036,1.4642732467990727
227.40568499073333,1.4595139178543772
226.15055682581067,1.4548610913015065
224.73634339624746,1.4489897341903495
223.32213000861267,1.4422008359508993
222.00148063366544,1.434613236572501
221.0494555029057,1.4279392671150724
220.36316296471895,1.4220751906151794
219.8809451400026,1.417062572739071
219.54211876866594,1.4127932498008249
219.30404524715598,1.4091679337240703
219.1367649043344,1.4060970651487839
219.0192268186994,1.4035010427005454
218.93663972986178,1.4013099659586061
218.87861067785565,1.3994630457771422
218.83783713305888,1.3979078209663385
218.8091880318273,1.3965992894226371
218.78905807359197,1.3954990290432936
218.7749140229213,1.3945743560585797
218.76497592232295,1.3937975476714561
218.7579930989905,1.3931451415680387
218.75308677775212,1.3925973156038016
218.74963949433078,1.3921373453662995
218.7472173924685,1.3917511342030935
218.74551562663484,1.3914268088024788
218.74431999969175,1.3911543729203009
218.74348000792543,1.3909254119343095
218.7428899013809,1.3907328413036484
218.7424753760977,1.390570692528498
218.74218422357626,1.3904339306974565
218.74197976079512,1.3903182980230426
218.74183621479526,1.390220178392851
218.7417354730365,1.3901367935570434
218.74166664191793,1.3900668405547596
218.74161965766774,1.390008171547196
218.74158763668893,1.3899586699638866
218.7415658709139,1.3899165476275583
218.7415511399778,1.3898803004262028
218.74154123518574,1.3898483298303588
218.74153467259768,1.389817921281709
218.74153049626446,1.3897847395042267
218.7415292702466,1.3897559848604177
218.7415291195293,1.3897507716059812
218.74152997334113,1.3897322227450124
218.74156472264517,1.3895980737457099
218.74197920806301,1.389193293532884
218.74256342078596,1.388902724725846
218.74424929216207,1.3883714028793315
218.74911223570166,1.3874419996653273
218.80663427794988,1.3829466511061401
218.88956853976342,1.3794569251258013
219.38001642868494,1.3681968211662707
220.08712238379206,1.358313106233597
221.5013350654955,1.3446070110664357
222.91554807066433,1.3342940933432281
224.3297612197014,1.325786345102373
225.74397445199793,1.3184754624814752
227.15818773951383,1.31205003059173
228.5724010668923,1.3063248839295458
229.98661442475534,1.3011791073869696
231.4008278069124,1.2965284681365148
232.81504120902662,1.2923114659727803
234.22925462791255,1.2884816105373067
235.64346806113798,1.2850028549651413
237.057681506785,1.2818467577278445
238.4718949632997,1.2789906488913925
239.88610842939337,1.2764164086144076
241.30032190397546,1.2741096337108242
242.71453538610572,1.272059058348225
244.1287488749595,1.2702561457072488
245.54296236980096,1.268694796930587
246.95717586996165,1.2673711411385093
248.37138937482297,1.2662833805307308
249.78560288380083,1.2654316702821728
251.19981639633195,1.264818015571805
252.61402991186134,1.2644461685600683
254.02824342983084,1.2643215070890967
255.442456949669,1.2644508749373213
256.85667047078266,1.2648423614245472
258.2708839925513,1.265504997223482
259.6850975143257,1.2664483450710922
261.0993110354319,1.2676819707801106
262.51352455518327,1.2692147935590083
263.9277380729003,1.2710543361154483
265.34195158793966,1.2732059227393673
266.75616509972906,1.2756719020121707
268.17037860780516,1.2784509904954537
269.58459211184726,1.2815378339005088
270.99880561170164,1.284922855955684
272.41301910739065,1.2885924151287687
273.8272325991055,1.2925292294293742
275.24144608718416,1.2967129799559018
276.6556595720798,1.30112098166054
278.06987305432534,1.3057288205020412
279.48408653449934,1.3105108921897615
280.89830001319694,1.3154408236981778
282.31251349100665,1.320491799075436
283.7267269684928,1.3256368354961072
285.14094044618236,1.3308490606137704
286.55515392455465,1.336102030384649
287.9693674040334,1.3413701036472137
289.3835808849803,1.3466288635054982
290.7977943676906,1.3518555534601997
292.2120078523909,1.3570294838529933
293.6262213392398,1.3621323638839216
295.04043482833083,1.3671485249187696
296.45464831969804,1.3720650178738012
297.8688618133234,1.376871585899438
299.28307530914526,1.3815605288774553
300.69728880706697,1.3861264858217672
302.1115023069654,1.3905661646856164
303.5257158086985,1.39487804745918
304.9399293121121,1.3990620936437432
306.35414281704504,1.4031194590498566
307.7683563233337,1.407052240785387
309.18256983081505,1.4108632541079453
310.59678333932914,1.414555842857864
312.01099684872054,1.418133722468556
313.4252103588393,1.4216008528930049
314.8394238695416,1.42496133794226
316.2536373806896,1.4282193472618567
317.6678508921517,1.431379057270091
319.082064403802,1.4344446076926454
320.49627791551984,1.4374200707412028
321.91049142718936,1.4403094304283997
323.3247049386988,1.4431165699446837
324.73891844994006,1.445845265421669
326.1531319608077,1.4484991847620605
327.56734547119834,1.4510818905268543
328.9815589809814,1.4535968465163296
330.17751883658525,1.4556732982634153
331.59173234506045,1.4580720093923176
333.0059458526647,1.4604123735484489
334.4201593592918,1.462697578818359
335.83437286483155,1.4649307810259367
337.2485863691684,1.4671151254836448
338.66279987214904,1.4692537720939631
339.44103486388013,1.4704123263480522
340.85524836457097,1.472486492055402
342.26946186357526,1.4745233081059559
343.68367536072503,1.4765262720536143
345.0978888558318,1.4784990893775194
346.5121023486814,1.480445744551364
347.9263158390281,1.4823705894774482
349.3405293265864,1.4842784547212398
350.75474281102123,1.4861747910363072
352.1689562919346,1.488065851689676
353.5831697688485,1.4899589306455996
354.99738324118135,1.4918626787014597
356.4115967082156,1.493787530893483
357.825810169052,1.4957462970476874
359.2400236225424,1.497754999348499
360.6542370671885,1.4998340987863619
362.0684505009803,1.5020103639117308
363.4826639211279,1.5043198661860453
364.89687732279253,1.5068131093841484
366.16550842628476,1.5092664930283806
367.57972177470265,1.5123487687411727
368.9598404892809,1.5158967122167888
369.9295697162483,1.518908999720882
370.61094208353904,1.5214570470977682
371.0897028320075,1.5236039678902857
371.4261001628948,1.525407209178652
371.6624669883885,1.5269184296785037
371.82854818744636,1.5281831386924543
371.94524375909316,1.5292407100452068
372.0272389188665,1.5301247538562008
372.0848521148542,1.5308636951239365
372.125333521246,1.5314814279034075
372.1537774143464,1.5319979617418595
372.1737632462152,1.5324300166349554
372.18780608988493,1.5327915485048003
372.1976731410555,1.533094201901897
372.20460610545143,1.5333476941169664
372.2094774574995,1.533560138129749
372.2129002342204,1.533738312747734
372.21530518101144,1.5338878880621354
372.21699495749414,1.5340136136371285
372.2181822247946,1.534119476035811
372.2190164070165,1.5342088315092743
372.2196024968625,1.5342842833801766
372.22000366412266,1.5343469350719139
372.2202782423403,1.5343987724167631
372.22046616318863,1.5344416715424458
372.2205947621138,1.5344771827332058
372.220682751737,1.5345065868976038
372.2207429418789,1.534530944508762
372.22078410128637,1.5345511447372169
372.220812231237,1.5345679127908047
372.2208314437987,1.534581581161462
372.2208446058221,1.5345919755713457
372.2208532518569,1.534602508672049
372.22085920277397,1.5346097584241036
372.22086304167203,1.5346169353804386
372.22086560093743,1.5346217200180117
372.22086730711436,1.5346249097764058
372.2208688226904,1.5346277431997088
372.22087031652893,1.5346413575923024
372.22087090406603,1.5346405300805765
372.22087129575743,1.5346399784060964
372.22087269950447,1.5346380013103316
372.2208731575612,1.5346438584850743
372.2208726671265,1.534645982838941
372.220866942599,1.534670153911273
372.2208476196986,1.5346968620594135
372.2208207424607,1.5347189246554378
372.2205169735416,1.5348367280243966
372.2200895411637,1.534929051520357
372.2150319422624,1.5354180734633718
371.72458331732093,1.541551397489861
371.01747672214907,1.5451434863883189
369.60326330326296,1.54955814371666
368.18904981128,1.5525695913364685
366.7748362923976,1.5548769573633008
365.3606227601584,1.5567372847607774
363.9464092202001,1.558280064854849
362.53219567534194,1.5595816254696035
361.11798212716695,1.560691511657002
359.7037685766392,1.5616440672638392
358.2895550243821,1.5624642635213424
356.8753414708178,1.5631709283153288
355.4611279162432,1.5637786684134265
354.0469143608734,1.5642990793070486
352.6327008048685,1.564741541479065
351.2184872483499,1.5651137640327684
349.80427369141177,1.56542216737507
348.39006013412813,1.5656721596882108
346.97584657655807,1.5658683411724115
345.5616330187495,1.566014657878713
344.1474194607415,1.5661145195554615
342.73320590256657,1.566170891288479
341.3189923442518,1.5661863657168458
339.9047787858201,1.5661632206221703
338.4905652272909,1.5661034658078277
337.07635166868295,1.566008878606815
335.6727653113909,1.5658821215602114
334.25855175266156,1.565722669116965
332.8443381938898,1.565532612769174
331.4301246350855,1.565313071178173
330.01591107625757,1.56506504334063
328.601697517414,1.5647894214310314
327.187483958562,1.564487001403335
325.77327039970925,1.5641584938435327
324.9864198443442,1.5639646569330743
323.5722062855,1.563596775412254
322.1579927266691,1.5632042795895735
320.7437791678567,1.562787629403052
319.32956560906786,1.5623472269436092
317.9153520503073,1.561883420587902
316.5011384915798,1.5613965085783101
315.08692493288976,1.5608867421208057
313.6727113742417,1.5603543280597219
312.25849781564006,1.5597994311786252
310.84428425708916,1.5592221761684497
309.4300706985935,1.5586226492972637
308.01585714015755,1.5580008998102979
306.60164358178577,1.5573569410840482
305.1874300234829,1.5566907515539363
303.7732164652536,1.5560022754315452
302.3590029071028,1.555291423224127
300.94478934903566,1.5545580720655294
299.5305757910574,1.5538020652446713
298.1163622331735,1.5530232146168421
296.7021486753898,1.5522212968276492
295.2879351177124,1.5513960552782686
293.87372156014754,1.5505471990064454
292.4595080027021,1.5496744019617346
291.04529444538315,1.5487773020959725
289.6310808881983,1.5478555002606187
288.2168673311556,1.5469085589000444
286.8026537742636,1.5459360005272038
285.3884402175315,1.5449373059652265
283.9742266609691,1.543911912335067
282.560013104587,1.5428592107657215
281.1457995483963,1.5417785437991962
279.73158599240935,1.5406692024576047
278.3173724366391,1.539530422933983
276.90315888109984,1.5383613828618687
275.48894532580687,1.5371611971108052
274.07473177077674,1.5359289130458151
272.6605182160276,1.534663505177713
271.2463046615791,1.5333638691181941
269.83209110745264,1.5320288147376653
268.41787755367176,1.530657058404796
267.00366400026223,1.5292472141634177
265.5894504472523,1.5277977836740755
264.17523689467316,1.5263071447125585
262.76102334255927,1.524773537974508
261.3468097909488,1.5231950518813548
259.9325962398841,1.521569605015407
258.5183826894126,1.5198949257267445
257.10416913958716,1.5181685283462396
255.68995559046732,1.5163876853003022
254.27574204212007,1.5145493942434878
252.86152849462135,1.512650339091184
251.4473149480576,1.5106868435264222
250.0331014025276,1.5086548151449979
248.61888785814497,1.5065496778512804
247.20467431504113,1.5043662893659084
245.79046077336906,1.5020988396695116
244.37624723330822,1.499740724754898
242.96203369507072,1.4972843879953999
241.54782015890953,1.4947211184487101
240.13360662512932,1.4920407910077051
238.7193930941012,1.4892315266662695
237.30517956628287,1.4862792409143761
235.89096604224693,1.4831670320169135
234.4767525227217,1.4798743343435572
233.0625390086514,1.4763757168831761
231.64832550128796,1.4726391276088595
230.23411200233582,1.4686232372047567
228.81989851419118,1.4642732469613426
227.40568504127256,1.4595139177406868
226.64422346308174,1.4567458061791776
225.23001002281677,1.4511273712887756
223.8157966179428,1.4446979485783735
222.4015832739021,1.4370771875869348
221.3463370251305,1.4301666085274534
220.5856347956856,1.4241068180384167
220.03726245902305,1.4187969782006271
219.65195315277188,1.4142688693672099
219.38121877138923,1.4104198391764478
219.1909895383292,1.4071567273091938
219.0573265996623,1.4043963120815857
218.96340951255976,1.4020652129207232
218.89741952837068,1.4000994044440649
218.8510522985444,1.3984434893771525
218.81847283943915,1.3970498504560345
218.79558124677075,1.3958777682199395
218.77949675579035,1.3948925616386731
218.7681952203286,1.394064785219148
218.7602543903698,1.393369499708147
218.7546749333947,1.392785622573339
218.7507546764733,1.392295357660506
218.74800024348974,1.391883699518078
218.74606496775823,1.3915380058757378
218.74470526683405,1.3912476309585262
218.74374998964237,1.3910036122229197
218.74307887850978,1.3907984034089442
218.74260743572074,1.3906256472755332
218.7422762901815,1.3904799818718363
218.74204372608028,1.3903568745466628
218.7418804340982,1.390252478501011
218.74176581697915,1.390163832850523
218.74168748561627,1.3900895739329666
218.74163399539898,1.3900274193922213
218.74159751680122,1.3899751352498122
218.74157269362345,1.389930827056643
218.7415558641753,1.389892902441428
218.74154452083727,1.38985999808836
218.74153693414743,1.3898302164702907
218.7415317771799,1.389798402469378
218.74152916625934,1.3897559849371768
218.74152983992516,1.3897308941244937
218.74153559768536,1.389688449422554
218.74154461970497,1.3896522494203978
218.74157115616248,1.3895844149888752
218.74164724453587,1.389467891886668
218.74186267463736,1.3892715048610913
218.74246975055254,1.3889423194206314
218.7442219834922,1.3883783386308055
218.75433071482138,1.3867473476592498
218.81411560170713,1.382563574326889
219.52122053821168,1.3659015147645563
220.93543292617468,1.3495181767488402
222.3496458378142,1.338151732560539
223.76385893977562,1.3290228011964502
225.17807214324088,1.3212810843247005
226.592285410994,1.314528641223345
228.0064987237949,1.3085405440337199
229.42071207034107,1.3031746854836492
230.83492544338074,1.2983343495898185
232.24913883794457,1.293950119087268
233.66335225044674,1.2899701789653863
235.07756567818905,1.2863547194572906
236.49177911906975,1.2830725207693696
237.90599257140343,1.2800987779949926
239.3202060338048,1.2774136685907131
240.7344195051106,1.2750013836165999
242.1486329843252,1.2728494589519328
243.56284647058132,1.270948306296175
244.97705996311035,1.269290880308741
246.39127346121919,1.2678724397537557
247.80548696427124,1.2666903732320347
249.21970047167034,1.2657440673648066
250.63391398284642,1.265034799015521
252.0481274972426,1.2645656343896496
253.46234101430332,1.2643413173481313
254.87655453346355,1.264368127606526
256.2907680541397,1.2646536873759198
257.70498157572257,1.2652066934501018
259.11919509757433,1.2660365522358317
260.53340861902996,1.267152899717901
261.94762213940595,1.2685649989925774
263.361835658017,1.2702810263377189
264.7760491742014,1.272307282428144
266.1902626873538,1.274647394404433
267.60447619696293,1.2773015990261831
269.0186897026474,1.2802662063005128
270.4329032041847,1.28353332758457
271.84711670152666,1.2870909105412152
273.2613301947988,1.290923065084095
274.67554368428375,1.2950106082842274
276.08975717039283,1.2993317216402922
277.50397065363126,1.3038626118824501
278.91818413456315,1.3085780939541252
280.33239761378013,1.313452058834749
281.74661109187576,1.3184578330715735
283.1608245694258,1.3235684684732594
284.57503804697353,1.328757013252642
285.98925152501846,1.333996810258753
287.40346500400744,1.339261848587234
288.8176784843276,1.3445271690145901
290.2318919663012,1.3497692991299397
291.6461054501824,1.3549666772824982
293.06031893615676,1.3601000192838373
294.4745324243433,1.3651525883252251
295.88874591478424,1.3701103436074584
297.1562648282562,1.3744639193754684
298.0468767696311,1.3774684128356927
298.6726580667808,1.3795514620490592
299.10104066364613,1.3809637827168317
299.39429271528104,1.381924118264838
299.5950402862768,1.3825784629356994
299.7324633223057,1.3830249582659582
299.8265371421615,1.3833299323818162
299.89093597832215,1.3835383864198976
299.93502061425056,1.3836809357747566
299.96519903424655,1.383778448873013
299.985857865022,1.3838451692777776
300.0,1.383890827776165
300.0,1.383890827776165
300.01414213497816,1.3839364737690056
300.03480096575464,1.3840031309515863
300.0649793857537,1.3841004557661547
300.10906402169,1.3842425253731614
300.1734628578693,1.384449841787059
300.2675366777677,1.3847522220140225
300.40495971389134,1.385192939620429
300.6057072850951,1.3858346024105899
300.8989593371822,1.3867673685342068
301.32734193502415,1.388120153922833
301.95312323427237,1.3900753015022138
302.8437351799993,1.392814702714798
304.11125410238657,1.3966258674118475
305.5254676064459,1.400757263450679
306.9396811119673,1.4047627463250496
308.35389461877617,1.4086447356367051
309.7681081267105,1.4124062865841096
311.182321635612,1.4160509141216404
312.59653514532755,1.4195824487430877
314.01074865570956,1.4230049207947566
315.4249621666168,1.4263224696455363
316.8391756779141,1.429539273945828
318.2533891894723,1.4326594994093447
319.6676027011676,1.4356872609156455
321.08181621288156,1.4386265961644282
322.49602972450015,1.4414814485563272
323.9102432359132,1.4442556573958791
325.3244567470138,1.4469529538940065
326.73867025769755,1.4495769617839684
328.1528837678616,1.452131201657711
328.9815591830617,1.4535968464915523
330.3957726921643,1.456047425250763
331.80998620051207,1.4584369218741255
333.22419970797245,1.4607685664261076
334.6384132144387,1.4630455407235616
336.05262671979983,1.46527099746467
337.46684022393936,1.4674480825018275
338.6628000320822,1.4692537729010255
340.0770135336036,1.4713499271059136
341.4912270335535,1.4734068745283966
342.90544053174307,1.4754280233936572
344.3196540279955,1.4774169569001714
345.7338675221113,1.4793774962669
347.1480810138628,1.4813137790418787
348.56229450298713,1.48323035701193
349.9765079891776,1.4851323199790072
351.39072147207213,1.4870254541046695
352.8049349512385,1.4889164471436138
354.2191484261544,1.4908131584013913
355.63336189618013,1.4927249798963957
357.0475753605207,1.4946633292111928
358.4617888181708,1.4966423380945781
359.87600226783337,1.498679842402703
361.2902157077923,1.5007988561703076
362.70442913570514,1.5030298657956807
364.11864254824116,1.5054146096024967
364.8968775671935,1.5068131091183539
366.3110909442591,1.5095646265959626
367.7253042866182,1.5126933310274628
369.1395175713895,1.5164145400776528
370.5537307406215,1.521223807169872
371.9679434722557,1.5294707245426216
372.1447197926349,1.5318234295994777
372.20602545647023,1.5334058496844656
372.2166555964591,1.5339864498770814
372.22034172021984,1.5344124788674869
372.2206611216258,1.5344987870783329
372.22077459256434,1.5345461685195299
372.22085501068136,1.5346045526057543
372.22086905418195,1.5346263580553046
372.220871276155,1.5346373069561154
372.2208727439338,1.5346445395211785
372.2208730368699,1.5346459829802768
372.2208729685326,1.5346509482630868
372.2208708413171,1.5346544555916573
372.2208697607352,1.5346562372427615
372.2208681398623,1.5346589097194534
372.22086609517635,1.5346709276668258
372.2208621008359,1.53467813164326
372.2208568179907,1.5346849264726088
372.2208491271982,1.5346948184190958
372.2208374272336,1.534705306604748
372.2208203167152,1.5347185115710857
372.220795253039,1.5347345161731398
372.22075857135445,1.534753719791969
372.2207049210421,1.5347768112573326
372.2206264840627,1.534804625836166
372.2205118393374,1.5348381595802998
372.22034430281695,1.5348786122719063
372.22009950233365,1.5349274313411254
372.2197418349446,1.5349863625813784
372.21921929051956,1.5350572408208891
372.2184755471477,1.5351410675241073
372.21741699364713,1.5352402278204398
372.2159104041216,1.5353577879595912
372.21376617077186,1.535497365108176
372.2107144435229,1.5356632342750236
372.206371171587,1.5358604509276987
372.20018977378874,1.5360949916303834
372.1913923557523,1.5363739144798507
372.17887181819225,1.5367055401174317
372.16105253742484,1.5370996523645655
372.1356920858688,1.5375677145442046
372.0995990406601,1.5381230924891036
372.0482313688721,1.538781266912982
371.97512484936254,1.5395600043779083
371.87107960274875,1.5404794348455901
371.723002360871,1.5415619509258964
371.5122587846972,1.5428317942335696
371.2123284831674,1.5443141211244398
370.78546763601605,1.546033235642631
370.1779592385717,1.548009532862316
369.31335325014965,1.5502544998572088
368.0828459732301,1.5527628544741645
366.6686324514781,1.5550301015735304
365.2544189178184,1.5568629979540054
363.8402053771287,1.5583854483382762
362.4259918318388,1.5596711322852224
361.01177828338535,1.5607681533795437
359.59756473266657,1.561709993429416
358.1833511802723,1.5625210716652138
356.7691376266062,1.563219843621147
355.3549240719539,1.5638206543809985
353.94071051652367,1.5643349093213277
352.5264969604708,1.5647718469620626
351.1122834039137,1.565139067922436
349.69806984694424,1.5654429080568184
348.2838562896349,1.5656887085122253
346.8696427320437,1.5658810155416227
345.45542917421756,1.5660237312041227
344.04121561619496,1.5661202289489315
342.6270020580078,1.5661734435908963
341.21278849968286,1.5661859422811097
339.79857494124263,1.5661599811508065
338.3843613827064,1.5660975510018156
337.0763517286183,1.5660088783306385
335.6621381699439,1.5658810396948168
334.247924611214,1.5657213539429518
332.83371105244174,1.5655310719470568
331.4194974936371,1.565311312656794
330.00528393480886,1.5650630742187044
328.59107037596505,1.5647872480455765
327.17685681711293,1.564484629746359
325.7732703753506,1.5641584936626622
324.3590568165023,1.5638045293798748
322.94484325766325,1.5634256683295078
321.5306296988399,1.563022404088386
320.11641614003736,1.5625951707378958
318.70220258126045,1.5621443460648137
317.287989022514,1.5616702557935624
315.87377546380253,1.5611731769443433
314.45956190513056,1.5606533407366672
313.0453483465025,1.560110935092663
311.63113478792286,1.5595461067856742
310.21692122939595,1.5589589632721759
308.8027076709262,1.5583495742386289
307.3884941125182,1.5577179728897483
305.9742805541764,1.5570641569999553
304.5600669959056,1.5563880897459337
303.14585343771057,1.5556897003346895
301.7316398795963,1.5549688844385887
300.31742632156795,1.5542255044458955
298.9032127636309,1.5534593895330626
297.48899920579083,1.5526703355625342
296.0747856480536,1.55185810410339
294.6605720904254,1.5510224247370028
293.2463585329127,1.550162990387975
291.83214497552257,1.549279459160304
290.41793141826224,1.5483714526955557
289.00371786113953,1.5474385549811496
287.58950430416274,1.5464803109489833
286.1752907473407,1.5454962248494661
284.7610771906828,1.5444857583831157
283.34686363419917,1.5434483285682943
281.9326500779007,1.542383305319689
280.51843652179906,1.5412900087077763
279.1042229659068,1.5401677058640844
277.69000941023745,1.53901560749111
276.2757958548058,1.5378328639286538
274.86158229962757,1.5366185607197895
273.4473687447201,1.5353717136098242
272.03315519010215,1.5340912628997172
270.61894163579416,1.5327760670611275
269.2047280818185,1.5314248955031147
267.79051452819954,1.5300364203596215
266.37630097496424,1.5286092071416038
264.9620874221421,1.5271417040664041
263.5478738697656,1.5256322298387335
262.133660317871,1.5240789596098963
260.7194467664981,1.5224799087825223
259.30523321569154,1.5208329142532875
257.89101966550106,1.5191356125915008
256.47680611598236,1.5173854145305856
255.0625925671982,1.5155794749942038
253.64837901921948,1.5137146576771296
252.23416547212656,1.5117874929369441
250.8199519260112,1.5097941274034032
249.40573838097856,1.5077302632452367
247.99152483714985,1.5055910844025562
246.57731129466572,1.5033711662276714
245.16309775369047,1.5010643637754533
243.74888421441747,1.498663672290602
242.33467067707628,1.496161051011818
240.92045714194185,1.493547197871153
239.5062436093472,1.4908112573936039
238.0920300797002,1.4879404360733495
236.67781655350745,1.4849194869664295
235.2636030314078,1.481730005097896
233.84938951422143,1.4783494418483616
232.43517600302377,1.4747496888622535
231.02096249926046,1.4708949782449192
229.60674900493427,1.4667386489319565
228.19253552292466,1.462217931368168
227.4056850588568,1.4595139173688794
225.9914716063573,1.4542371842889916
224.57725818246914,1.4482781069692598
223.16304480533051,1.4413621174790117
221.74883151245248,1.4329655557059886
220.33461841141332,1.4218035393747095
218.9204062094226,1.4008256708721079
218.74363096047654,1.3909697588081082
218.74185148775584,1.3902315832947918
218.74155189971555,1.389882539146942
218.74153933201424,1.389839920604698
218.74153121415392,1.3897954116080105
218.74152918572096,1.389765687561298
218.74152936728214,1.3897559847881367
218.7415307306224,1.3897244803362332
218.7415354696681,1.3896894495555103
218.74154265285142,1.38965826178317
218.7415534346129,1.3896252928844142
218.74156944022366,1.3895877259607678
218.74159306620288,1.3895439910232104
218.74162780290175,1.3894925384119032
218.74167875311554,1.3894315003660538
218.7417533771062,1.3893586654514345
218.7418625808691,1.389271782726777
218.7420181701477,1.3891694842822448
218.74223977326076,1.3890488496466007
218.74255532046246,1.3889060760078644
218.7430045650193,1.388736675131668
218.74364408501253,1.3885353253034274
218.74455440321162,1.3882956983416037
218.74585012021157,1.3880102552058151
218.74769433599826,1.3876700025914719
218.75031917477642,1.3872642018041572
218.75405499594228,1.3867800196454412
218.75937196716595,1.3862021090223353
218.7669392312208,1.385512104536967
218.7777091122285,1.3846880154155454
218.79303695799717,1.3837034948666407
218.8148516996451,1.382526961534316
218.8458985920642,1.3811205456708597
218.890084682154,1.3794388311176817
218.9529704792183,1.3774273664339587
219.04246970028103,1.3750209289203605
219.16984514762748,1.3721415520173794
219.35112604173145,1.3686963845528421
219.60912516949085,1.3645755665029202
219.97630968961704,1.359650528899564
220.49888686289748,1.3537735451780495
221.24261886356499,1.3467801595906352
222.2743240605534,1.338689481592591
223.6885371612852,1.3294692777641477
225.1027503643821,1.3216659327996183
226.51696363086356,1.3148674685681114
227.93117694236759,1.3088427663718438
229.34539028775353,1.303446508504712
230.75960365978366,1.2985801232087093
232.17381705347128,1.2941730332754693
233.58803046520927,1.290172652849478
235.0022438922808,1.2865386330289674
236.41645733256888,1.283239359662418
237.83067078437603,1.2802497274023206
239.24488424630738,1.277549676019471
240.65909771719208,1.2751232018093215
242.07331119602847,1.2729576757743837
243.48752468194442,1.2710433658331777
244.9017381741675,1.2693730979161828
246.3159516720016,1.26794201293034
247.73016517480792,1.2667473896558479
249.14437868198874,1.2657885111539515
250.55859219297307,1.265066556143566
251.9728057072038,1.2645844981695502
253.38701922412574,1.2643469949598405
254.80123274317492,1.2643602487506715
256.21544626376937,1.2646318162452816
257.62965978530224,1.2651703452569838
259.04387330713814,1.2659852154253555
260.4580868286149,1.2670860646211732
261.87230034905133,1.2684821929209809
263.2865138677635,1.270181853943185
264.7007273840894,1.2721914686491396
266.1149408974211,1.2745148257949164
267.52915440724144,1.2771523582473798
268.9433679131606,1.2801005946271555
270.35758141494523,1.2833518717895693
271.77179491253526,1.2868943532928312
273.18600840604466,1.290712341226655
274.6002218957461,1.2947868119700292
276.01443538204325,1.2990960703451089
277.42864886543657,1.3036164126275511
278.84286234648783,1.3083227150327366
280.2570758257883,1.3131889078529748
281.6712893039328,1.3181883399909977
283.0855027814992,1.3232940711088959
284.4997162590337,1.3284791424879074
285.91392973703915,1.3337168729416726
287.3281432159661,1.338981207335833
288.7423566962057,1.3442471195703989
290.1565701780842,1.3494910470584052
291.57078366185976,1.3546913164379846
292.9849971477217,1.3598285144227358
294.3992106357925,1.3648857636493292
295.8134241261323,1.3698488780834932
297.22763761874546,1.3747063910023547
298.64185111358876,1.3794494657393601
300.05606461058005,1.3840717117224777
301.47027810960697,1.3885689344793395
302.8844916105349,1.392938848739202
304.29870511321417,1.397180780162747
305.7129186174861,1.4012953754944506
307.12713212318755,1.4052843346876918
308.54134563015486,1.4091501728890758
309.9555591382264,1.412896015633767
311.36977264724453,1.4165254273368746
312.78398615705675,1.4200422710550957
314.1981996675164,1.4234505963117412
315.612413178483,1.426754551276666
317.0266266898222,1.4299583155460835
318.44084020140554,1.4330660499976222
319.85505371311007,1.4360818605734955
321.26926722481784,1.4390097732819649
322.68348073641545,1.4418537181494226
324.0976942477932,1.4446175202718539
325.5119077588445,1.4473048964902107
326.92612126946517,1.4499194565449587
328.34033477955273,1.4524647078524984
328.9815591848368,1.4535968464277276
330.39577269393936,1.4560474252538007
331.8099862022871,1.4584369218770885
333.2241997097475,1.4607685664290009
334.63841321621373,1.463045540726389
336.0526267215749,1.4652709974674316
337.4668402257144,1.4674480825045297
338.66280003385725,1.4692537729036808
340.0770135353786,1.471349927108518
341.49122703532856,1.473406874530954
342.9054405335181,1.475428023396172
344.31965402977056,1.4774169569026494
345.7338675238864,1.479377496269346
347.14808101563784,1.4813137790442958
348.5622945047622,1.4832303570143264
349.97650799095265,1.4851323199813882
351.3907214738472,1.487025454107044
352.80493495301357,1.4889164471459913
354.21914842792944,1.4908131584037774
355.6333618979552,1.4927249798988083
357.04757536229573,1.49466332921365
358.46178881994587,1.4966423380970928
359.8760022696084,1.4986798424053056
361.29021570956735,1.5007988561730292
362.7044291374802,1.5030298657985652
364.1186425500162,1.5054146096056111
364.89687756896853,1.5068131091216277
366.31109094603414,1.509564626599625
367.72530428839326,1.5126933310317014
369.13951757316454,1.5164145400828504
370.55373074239657,1.5212238071770483
371.96794347403073,1.5294707245610193
372.1447197944099,1.5318234296326891
372.2060254582453,1.533405849758943
372.21665559823407,1.5339864500162885
372.2203417219944,1.5344124792580605
372.22066112339945,1.5344987876941707
372.2207745943353,1.5345461694310123
372.2208550124355,1.5346045547354445
372.2208690558974,1.5346263617619638
372.22087127770294,1.5346373138183118
372.22087274525995,1.5346445479199393
372.2208730363856,1.5346459829800791
372.2208711432603,1.5346522953658561
372.22086977283755,1.5346568648663004
372.2208677172034,1.5346637191169372
372.2208646337522,1.5346740004928587
372.22085929904677,1.5346821561976336
372.2208516636508,1.5346912090693456
372.2208404603641,1.5347024881105844
372.2208240112524,1.5347158858885002
372.220799907666,1.5347317922469341
372.22076462758776,1.5347507995250598
372.22071302309485,1.5347735970692493
372.2206375733457,1.5348010011719313
372.2205272915083,1.5348339928896508
372.2203661277183,1.5348737535463641
372.22013063612457,1.5349217062706488
372.21978656688816,1.5349795661849923
372.2192838864454,1.5350491339440266
372.2185684133779,1.5351313963091178
372.21755009407946,1.5352286936413444
372.21610076580146,1.5353440358569408
372.21403802660484,1.535480973343935
372.21110228178867,1.5356437021848393
372.2069240760096,1.5358371848376415
372.2009776003252,1.536067288634613
372.19251452339927,1.53634094394539
372.18046982006194,1.536666322907859
372.1633277465089,1.5370530380166154
372.13893109620136,1.5375123570307683
372.1042097328605,1.538057425898662
372.0547942386255,1.5387034834930888
371.9844660581133,1.5394680391914939
371.8843749434464,1.5403709641092904
371.74192522202003,1.5414344154234312
371.5391907327917,1.542682465669001
371.2506589636123,1.5441402386873628
370.84002050747756,1.545832253317696
370.2555998166655,1.5477795361671873
369.4238522520187,1.5499948751826318
368.24010908347003,1.552475328082678
366.8258955636023,1.5548024570041374
365.4116820309437,1.556676219284913
363.99746849089104,1.558228921514749
362.58325494602855,1.5595382122722685
361.16904139787516,1.56065435129678
359.7548278473748,1.5616121080095153
358.34061429514423,1.5624367252660387
356.9264007416037,1.5631472137093014
355.5121871870496,1.5637583082841282
354.0979736316974,1.564281697447675
352.68376007570737,1.5647268310054558
351.2695465192014,1.5651014709723965
349.85533296227396,1.5654120789527295
348.44111940499937,1.5656640957619272
347.026905847437,1.5658621478416244
345.6126922896349,1.566010202626916
344.1984787316324,1.5661116874998342
342.78426517346213,1.5661695822432176
341.3700516151513,1.5661864918646446
339.9558380567229,1.5661647046470113
338.5416244981964,1.566106238921042
337.1274109395888,1.5660128811163014
337.07635192935817,1.5660088777183865
335.66213837068375,1.565881039711914
334.24792481195385,1.5657213539678705
332.8337112531816,1.5655310719761852
331.41949769437696,1.5653113126900322
330.0052841355487,1.5650630742559204
328.5910705767049,1.564787248086648
327.1768570178528,1.5644846297911774
325.77327036535615,1.5641584936602637
324.35905680650785,1.5638045293773288
322.9448432476688,1.5634256683267433
321.53062968884547,1.5630224040854515
320.1164161300429,1.5625951707347916
318.702202571266,1.562144346061545
317.2879890125196,1.5616702557901303
315.8737754538081,1.5611731769407504
314.4595618951361,1.5606533407329144
313.0453483365081,1.5601109350887488
311.6311347779284,1.5595461067816059
310.2169212194015,1.5589589632679481
308.8027076609318,1.5583495742342464
307.38849410252374,1.557717972885208
305.97428054418197,1.5570641569952584
304.56006698591113,1.5563880897410771
303.14585342771613,1.5556897003296744
301.73163986960185,1.5549688844334142
300.3174263115735,1.5542255044405615
298.90321275363647,1.5534593895275712
297.4889991957964,1.552670335556877
296.07478563805915,1.551858104097568
294.66057208043094,1.5510224247310143
293.2463585229183,1.550162990381815
291.83214496552813,1.5492794591539758
290.4179314082678,1.548371452689052
289.0037178511451,1.54743855497447
287.5895042941683,1.5464803109421217
286.17529073734624,1.5454962248424162
284.76107718068835,1.5444857583758789
283.34686362420473,1.5434483285608627
281.93265006790625,1.5423833053120628
280.5184365118046,1.5412900086999501
279.10422295591235,1.5401677058560492
277.690009400243,1.5390156074828583
276.27579584481134,1.5378328639201866
274.86158228963313,1.5366185607110965
273.44736873472567,1.5353717136008933
272.0331551801077,1.5340912628905432
270.6189416257997,1.532776067051708
269.20472807182404,1.5314248954934377
267.7905145182051,1.530036420349676
266.3763009649698,1.528609207131378
264.96208741214764,1.5271417040558875
263.5478738597712,1.5256322298279132
262.13366030787654,1.5240789595987594
260.71944675650366,1.5224799087710537
259.3052332056971,1.5208329142414743
257.8910196555066,1.519135612579323
256.4768061059879,1.517385414518023
255.06259255720377,1.5155794749812368
253.64837900922504,1.5137146576637341
252.23416546213213,1.511787492923097
250.81995191601678,1.5097941273890736
249.40573837098412,1.5077302632303908
247.99152482715542,1.5055910843871567
246.57731128467128,1.5033711662116829
245.16309774369603,1.5010643637588266
243.74888420442304,1.4986636722732862
242.33467066708184,1.4961610509937502
240.92045713194742,1.4935471978522643
239.50624359935276,1.4908112573738077
238.09203006970577,1.4879404360525523
236.67781654351302,1.4849194869445093
235.26360302141336,1.481730005074709
233.849389504227,1.478349441823735
232.43517599302933,1.4747496888359635
231.02096248926603,1.4708949782166725
229.60674899493984,1.4667386489013805
228.19253551293022,1.4622179313347416
227.40568509100922,1.4595139174824754
225.99147163850972,1.4542371844159399
224.57725821462157,1.4482781071142667
223.16304483748294,1.4413621176503235
221.7488315446049,1.4329655559206735
220.33461844356574,1.4218035396822082
218.92040624157494,1.40082567185327
218.74363099262743,1.390969768080152
218.74185151989698,1.3902316070064855
218.74155193152873,1.3898826257651242
218.7415393631671,1.3898400504472048
218.7415312411769,1.3897956291415554
218.74152920083426,1.3897660560917038
218.7415293761602,1.3897559847823286
218.74153070880445,1.3897247324170343
218.7415354502529,1.3896895600032546
218.74154263343212,1.389658325043698
218.74155341531326,1.3896253413209787
218.74156942078207,1.3895877659572533
218.7415930466188,1.3895440232886904
218.74162778323105,1.3894925644429024
218.74167873339093,1.389431521564816
218.741753357346,1.3893586828175797
218.7418625610865,1.389271797105633
218.74201815034863,1.3891694961662
218.7422397534508,1.3890488595124075
218.74255530064502,1.3889060842233774
218.74300454519673,1.3887366819869778
218.74364406518634,1.3885353310324933
218.74455438338293,1.388295703134589
218.74585010038112,1.38801025921896
218.7476943161666,1.3876700059536051
218.7503191549439,1.3872642046221377
218.75405497610916,1.386780022008368
218.7593719473324,1.3862021110044618
218.76693921138695,1.3855121061999327
218.77770909239445,1.384688016811357
218.79303693816297,1.383703496038514
218.8148516798108,1.382526962518427
218.84589857222986,1.3811205464975536
218.8900846623196,1.379438831812362
218.95297045938386,1.377427367017848
219.04246968044657,1.3750209294112383
219.16984512779302,1.37214155243008
219.351126021897,1.3686963848997626
219.6091251496564,1.3645755667943953
219.97630966978258,1.3596505291442011
220.498886843063,1.3537735453829298
221.2426188437305,1.346780159761619
222.2743240407189,1.3386894817350035
223.68853714145072,1.3294692778822372
225.10275034454762,1.3216659329013314
226.51696361102907,1.3148674686576172
227.9311769225331,1.308842766451661
229.34539026791904,1.3034465085764875
230.75960363994918,1.2985801232736007
232.1738170336368,1.2941730333343213
233.58803044537478,1.2901726529029303
235.00224387244631,1.2865386330775221
236.4164573127344,1.2832393597064649
237.83067076454154,1.2802497274421778
239.2448842264729,1.277549676055386
240.6590976973576,1.2751232018414957
242.07331117619398,1.2729576758029744
243.48752466210993,1.2710433658583002
244.901738154333,1.2693730979379216
246.31595165216712,1.26794201294875
247.73016515497343,1.2667473896709502
249.14437866215425,1.2657885111657443
250.55859217313858,1.2650665561520156
251.97280568736932,1.264584498174607
253.38701920429125,1.2643469949614294
254.80123272334043,1.2643602487486918
256.2154462439349,1.2646318162396237
257.62965976546775,1.2651703452475134
259.04387328730365,1.2659852154119446
260.4580868087804,1.2670860646036841
261.87230032921684,1.26848219289929
263.28651384792903,1.2701818539171847
264.70072736425493,1.2721914686187559
266.1149408775866,1.2745148257601235
267.52915438740695,1.2771523582081947
268.9433678933261,1.280100594583658
270.35758139511074,1.283351871741896
271.77179489270077,1.2868943532411752
273.1860083862102,1.29071234117126
274.6002218759116,1.2947868119111867
276.01443536220876,1.2990960702831353
277.4286488456021,1.3036164125627856
278.84286232665335,1.3083227149655472
280.25707580595383,1.3131889077837298
281.6712892840983,1.3181883399200731
283.0855027616647,1.3232940710366679
284.4997162391992,1.3284791424147575
285.91392971720467,1.3337168728679645
287.32814319613163,1.3389812072619325
288.74235667637123,1.344247119496643
290.15657015824974,1.3494910469851162
291.5707836420253,1.3546913163654488
292.9849971278872,1.3598285143512139
294.399210615958,1.3648857635790348
295.8134241062978,1.3698488780145994
297.227637598911,1.3747063909350166
298.64185109375427,1.3794494656736715
300.05606459074556,1.3840717116585215
301.4702780897725,1.3885689344171577
302.8844915907004,1.3929388486788084
304.2987050933797,1.3971807801041498
305.7129185976516,1.4012953754376274
307.12713210335306,1.405284334632616
308.5413456103204,1.4091501728357065
309.95555911839193,1.412896015582056
311.36977262741004,1.416525427286768
312.78398613722226,1.4200422710065417
314.1981996476819,1.423450596264682
315.6124131586485,1.42675455123104
317.0266266699877,1.4299583155018345
318.44084018157105,1.4330660499546906
319.8550536932756,1.4360818605318224
321.26926720498335,1.4390097732414984
322.68348071658096,1.4418537181101088
324.0976942279587,1.4446175202336369
325.51190773901,1.4473048964530388
326.9261212496307,1.4499194565087827
328.34033475971825,1.452464707817271
328.98155920714913,1.4535968464668834
330.3957727162517,1.4560474252919733
331.80998622459947,1.458436921914324
333.22419973205984,1.4607685664653483
334.6384132385261,1.4630455407618976
336.05262674388723,1.465270997502154
337.46684024802676,1.4674480825385143
338.6628000561696,1.469253772937078
340.077013557691,1.471349927141273
341.4912270576409,1.473406874563115
342.90544055583047,1.4754280234277974
344.3196540520829,1.4774169569337947
345.7338675461987,1.4793774963000759
347.14808103795025,1.4813137790746778
348.5622945270746,1.4832303570444374
349.97650801326506,1.4851323200113087
351.3907214961596,1.4870254541368757
352.804934975326,1.4889164471758485
354.21914845024185,1.490813158433796
355.6333619202676,1.4927249799291482
357.04757538460814,1.4946633292445108
358.4617888422583,1.4966423381287257
359.8760022919208,1.4986798424380268
361.29021573187975,1.5007988562072525
362.7044291597926,1.5030298658348469
364.1186425723286,1.5054146096447283
364.89687759128094,1.5068131091627623
366.31109096834655,1.5095646266456093
367.7253043107056,1.5126933310849673
369.1395175954769,1.5164145401481468
370.5537307647089,1.521223807267199
371.967943496343,1.529470724791981
372.14471981672216,1.5318234300495202
372.2060254805573,1.5334058506945094
372.21665562054534,1.5339864517654425
372.2203417443,1.534412484167556
372.2206611456942,1.5344987954514067
372.22077461659626,1.5345461808894054
372.2208550344851,1.5346045815164466
372.22086907746126,1.5346264083333416
372.2208712971574,1.534637400117444
372.2208727619206,1.534644653525148
372.2208730303921,1.5346459829779107
372.2208725291854,1.5346548201234724
372.2208706625103,1.5346559377383673
372.2208695456027,1.5346566064528364
372.22086803852744,1.534667217312538
372.2208652092409,1.5346721792780424
372.22086176703607,1.5346782161715993
372.2208566037288,1.5346872715119007
372.220848553555,1.5346949104725285
372.22083689401035,1.5347059744327438
372.22081931284293,1.5347192631638036
372.2207935732753,1.5347354805591389
372.2207559042762,1.5347549823608977
372.2207008109092,1.5347784156050375
372.22062026561525,1.5348066260044972
372.22050254091005,1.5348406266592538
372.2203305050482,1.5348816345104965
372.22007913185513,1.5349311167618858
372.21971186300556,1.5349908428313725
372.21917529273713,1.5350626718886162
372.21841158777255,1.5351476193041578
372.2173246249262,1.53524810152736
372.2157776032197,1.5353672252030777
372.21357582679485,1.5355086548038823
372.21044220425046,1.5356767208416564
372.2059823789433,1.5358765438862612
372.19963510240416,1.5361141767184048
372.1906016057653,1.5363967663511837
372.1777450811647,1.5367327366131898
372.1594476236731,1.5371319901737674
372.13340663104174,1.5376061257770968
372.0963450398208,1.538168661201404
372.0435989334033,1.538835243812041
371.96853062579504,1.5396238166620608
371.86169336243773,1.540554686120485
371.7096425224244,1.5416504030708669
371.49324372149545,1.5429353185069556
371.1852649042261,1.5444345991516994
370.74694940962974,1.546172381590496
370.12313875812356,1.5481685953461959
369.23533140193103,1.550433784914597
367.97180393863965,1.552960986990617
366.5575904156376,1.5551876539882423
365.14337688130223,1.5569925892434102
363.7291633401805,1.5584942171285678
362.3149497945993,1.5597635861031591
360.90073624594055,1.560847355267042
359.48652269507187,1.561778137349445
358.072309142565,1.5625797925634548
356.65809558881233,1.5632703980398543
355.2438820340923,1.5638640321810897
353.8296684786081,1.5643719061739256
352.41545492251174,1.5648031132547398
351.0012413659192,1.5651651428407458
349.5870278089207,1.5654642439941082
348.17281425158734,1.5657056889671828
346.7586006939761,1.5658939685098159
345.3443871361332,1.5660329393773174
343.9301735780966,1.5661259376053636
342.51596001989776,1.5661758667844223
341.101746461563,1.5661852677563295
339.6875329031146,1.5661563742899327
338.2733193445715,1.5660911580257706
337.0763518424679,1.5660088780117967
335.66213828379347,1.5658810396995926
334.24792472506357,1.5657213539570771
332.8337111662913,1.5655310719635789
331.4194976074867,1.565311312675646
330.00528404865844,1.5650630742398086
328.5910704898146,1.5647872480688725
327.1768569309625,1.5644846297717765
325.7732704049064,1.5641584936698023
324.3590568460581,1.5638045293875296
322.94484328721904,1.563425668337683
321.5306297283957,1.5630224040970653
320.11641616959315,1.5625951707470698
318.70220261081624,1.5621443460744815
317.2879890520698,1.561670255803709
315.8737754933583,1.5611731769549708
314.45956193468635,1.5606533407477694
313.0453483760583,1.5601109351042313
311.63113481747865,1.5595461067977103
310.21692125895174,1.5589589632846779
308.802707700482,1.558349574251597
307.38849414207397,1.5577179729031814
305.9742805837322,1.5570641570138533
304.56006702546136,1.5563880897602953
303.14585346726636,1.555689700349519
301.7316399091521,1.5549688844538885
300.31742635112374,1.5542255044616695
298.9032127931867,1.5534593895493125
297.4889992353466,1.5526703355792657
296.0747856776094,1.5518581041206096
294.66057211998117,1.5510224247547155
293.2463585624685,1.5501629904061862
291.83214500507836,1.5492794591790269
290.41793144781803,1.54837145271479
289.0037178906953,1.5474385550009127
287.58950433371854,1.5464803109692769
286.1752907768965,1.5454962248703028
284.7610772202386,1.544485758404513
283.34686366375496,1.5434483285902598
281.9326501074565,1.5423833053422384
280.51843655135485,1.5412900087309283
279.1042229954626,1.5401677058878454
277.69000943979324,1.5390156075155044
276.27579588436157,1.5378328639537004
274.86158232918336,1.5366185607455058
273.4473687742759,1.5353717136362284
272.03315521965794,1.5340912629268344
270.61894166534995,1.5327760670889852
269.20472811137427,1.5314248955317415
267.79051455775533,1.5300364203890393
266.37630100452003,1.5286092071718438
264.96208745169787,1.5271417040975055
263.5478738993214,1.5256322298707308
262.13366034742677,1.5240789596428292
260.7194467960539,1.522479908816434
259.30523324524734,1.5208329142882262
257.89101969505685,1.519135612627518
256.47680614553815,1.5173854145677366
255.062592596754,1.5155794750325506
253.64837904877527,1.51371465771674
252.23416550168236,1.511787492977899
250.819951955567,1.5097941274457845
249.40573841053435,1.5077302632891374
247.99152486670565,1.505591084448087
246.5773113242215,1.50337116627495
245.16309778324626,1.5010643638246168
243.74888424397327,1.4986636723418107
242.33467070663207,1.4961610510652479
240.92045717149765,1.4935471979270147
239.506243638903,1.4908112574521435
238.092030109256,1.4879404361348576
236.67781658306325,1.484919487031254
235.2636030609636,1.481730005166464
233.84938954377722,1.4783494419211967
232.43517603257956,1.47474968894001
231.02096252881626,1.4708949783284448
229.60674903449006,1.466738649022373
228.19253555248045,1.4622179314670065
227.40568508841258,1.459513917473297
225.9914716359131,1.4542371844056876
224.57725821202493,1.4482781071025572
223.1630448348863,1.4413621176364897
221.74883154200828,1.4329655559033323
220.3346184409691,1.4218035396573727
218.92040623897833,1.4008256717740146
218.74363099003097,1.3909697673311587
218.7418515173013,1.3902316050916974
218.74155192895955,1.389882618770484
218.74153936065113,1.389840039968879
218.7415312389936,1.3897956115941685
218.7415291996038,1.3897660264574474
218.74152937546953,1.3897559847824372
218.74153070867533,1.3897247337855294
218.74153544951903,1.38968956391239
218.741542632659,1.3896583277623615
218.74155341453033,1.389625343352262
218.74156941999226,1.3895877675741233
218.74159304582386,1.3895440245944335
218.74162778243263,1.3894925654980845
218.74167873259034,1.3894315224251261
218.74175335654397,1.38935868352402
218.74186256028352,1.3892717976894198
218.742018149545,1.3891694966491224
218.74223975264673,1.3890488599133026
218.74255529984066,1.3889060845567296
218.74300454439214,1.3887366822649967
218.7436440643816,1.3885353312649718
218.74455438257812,1.388295703329112
218.74585009957624,1.3880102593818284
218.74769431536166,1.3876700060901226
218.75031915413894,1.387264204736625
218.75405497530417,1.3867800221043272
218.7593719465274,1.386202111084833
218.76693921058194,1.3855121062674716
218.77770909158943,1.384688016867989
218.79303693735795,1.3837034960860395
218.81485167900578,1.382526962558357
218.84589857142484,1.3811205465311376
218.89008466151458,1.3794388318405448
218.95297045857885,1.3774273670415467
219.04246967964156,1.3750209294311597
219.169845126988,1.3721415524468354
219.35112602109197,1.3686963849138447
219.60912514885138,1.3645755668062334
219.97630966897756,1.3596505291541314
220.49888684225797,1.3537735453912565
221.24261884292548,1.3467801597685698
222.2743240399139,1.3386894817407893
223.6885371406457,1.3294692778870276
225.1027503437426,1.3216659329054568
226.51696361022405,1.3148674686612494
227.93117692172808,1.3088427664549016
229.34539026711403,1.303446508579401
230.75960363914416,1.2985801232762342
232.17381703283178,1.2941730333367092
233.58803044456977,1.2901726529051027
235.0022438716413,1.2865386330794926
236.41645731192938,1.2832393597082536
237.83067076373652,1.2802497274437943
239.24488422566787,1.2775496760568448
240.65909769655258,1.2751232018428018
242.07331117538897,1.2729576758041352
243.48752466130492,1.2710433658593199
244.901738153528,1.269373097938804
246.3159516513621,1.2679420129494963
247.73016515416842,1.2667473896715626
249.14437866134924,1.2657885111662228
250.55859217233356,1.2650665561523624
251.9728056865643,1.2645844981748133
253.38701920348623,1.264346994961494
254.80123272253542,1.2643602487486125
256.21544624312986,1.2646318162393946
257.62965976466273,1.26517034524713
259.04387328649864,1.2659852154114004
260.4580868079754,1.2670860646029725
261.8723003284118,1.26848219289841
263.286513847124,1.2701818539161296
264.7007273634499,1.2721914686175237
266.1149408767816,1.2745148257587133
267.52915438660193,1.2771523582066053
268.9433678925211,1.280100594581891
270.3575813943057,1.2833518717399581
271.77179489189575,1.2868943532390793
273.18600838540516,1.2907123411690131
274.60022187510657,1.2947868119087982
276.01443536140374,1.2990960702806178
277.42864884479707,1.3036164125601606
278.84286232584833,1.3083227149628205
280.2570758051488,1.3131889077809218
281.6712892832933,1.3181883399171959
283.0855027608597,1.3232940710337364
284.49971623839417,1.3284791424117883
285.91392971639965,1.3337168728649729
287.3281431953266,1.3389812072589324
288.7423566755662,1.3442471194936507
290.1565701574447,1.34949104698214
291.57078364122026,1.3546913163625045
292.9849971270822,1.3598285143483089
294.399210615153,1.3648857635761784
295.8134241054928,1.3698488780118037
297.22763759810596,1.3747063909322779
298.64185109294925,1.3794494656710081
300.05606458994055,1.3840717116559262
301.47027808896746,1.3885689344146324
302.8844915898954,1.3929388486763594
304.29870509257466,1.397180780101772
305.7129185968466,1.4012953754353235
307.12713210254805,1.4052843346303803
308.54134560951536,1.4091501728335396
309.9555591175869,1.4128960155799575
311.369772626605,1.4165254272847358
312.78398613641724,1.4200422710045726
314.1981996468769,1.4234505962627706
315.6124131578435,1.4267545512291882
317.0266266691827,1.429958315500037
318.44084018076603,1.4330660499529464
319.85505369247056,1.4360818605301326
321.26926720417833,1.4390097732398572
322.68348071577594,1.4418537181085131
324.0976942271537,1.444617520232085
325.51190773820497,1.4473048964515296
326.92612124882567,1.449919456507316
328.34033475891323,1.4524647078158401
328.9815592063441,1.453596846465469
330.3957727154467,1.456047425290596
331.80998622379445,1.458436921912981
333.2241997312548,1.4607685664640344
334.63841323772107,1.4630455407606162
336.0526267430822,1.4652709975009004
337.46684024722174,1.4674480825372884
338.6628000553646,1.469253772935872
340.07701355688596,1.4713499271400927
341.4912270568359,1.4734068745619568
342.90544055502545,1.4754280234266584
344.3196540512779,1.4774169569326707
345.7338675453937,1.4793774962989663
347.14808103714523,1.481313779073582
348.56229452626957,1.483230357043348
349.97650801246004,1.4851323200102278
351.39072149535457,1.487025454135801
352.80493497452096,1.4889164471747702
354.21914844943683,1.490813158432714
355.6333619194626,1.4927249799280533
357.0475753838031,1.494663329243396
358.46178884145326,1.4966423381275846
359.8760022911158,1.4986798424368464
361.29021573107474,1.500798856206019
362.7044291589876,1.5030298658335388
364.1186425715236,1.5054146096433176
364.8968775904759,1.5068131091612789
366.31109096754153,1.509564626643953
367.7253043099006,1.5126933310830468
369.1395175946719,1.5164145401457887
370.5537307639039,1.5212238072639443
371.967943495538,1.5294707247836623
372.14471981591714,1.5318234300344886
372.20602547975227,1.5334058506606962
372.2166556197404,1.5339864517021935
372.2203417434952,1.534412483990856
372.2206611448898,1.5344987951717415
372.2207746157931,1.5345461804765204
372.22085503368953,1.5346045805518989
372.2208690766839,1.5346264066201964
372.22087129645547,1.5346373969990066
372.22087276131776,1.5346446497234894
372.22087303060044,1.5346459829779233
372.220871143299,1.5346522953597732
372.2208697739152,1.5346568754833028
372.2208677198394,1.5346637456686705
372.2208646387258,1.5346740509466965
372.22085929837885,1.534682171465217
372.2208516628285,1.5346912077880273
372.2208404597011,1.5347024878824516
372.22082401060175,1.534715886411423
372.22079990700854,1.5347317926909685
372.22076462692837,1.5347507998488366
372.22071302243495,1.534773597330053
372.22063757268546,1.534801001388395
372.2205272908477,1.5348339930665964
372.22036612705756,1.5348737536933434
372.2201306354637,1.5349217063932097
372.21978656622724,1.5349795662853174
372.2192838857844,1.5350491340283694
372.21856841271693,1.535131396378529
372.2175500934184,1.5352286936993251
372.2161007651404,1.5353440359052457
372.2140380259438,1.5354809733840924
372.21110228112764,1.53564370221833
372.2069240753486,1.5358371848657346
372.20097759966416,1.5360672886581432
372.19251452273824,1.536340943964945
372.1804698194009,1.536666322924324
372.1633277458479,1.5370530380303575
372.13893109554033,1.5375123570421834
372.1042097321995,1.538057425908172
372.0547942379645,1.538703483501009
371.98446605745227,1.5394680391981037
371.88437494278537,1.5403709641147156
371.741925221359,1.541434415427918
371.5391907321307,1.5426824656726987
371.25065896295126,1.5441402386903975
370.84002050681653,1.545832253320166
370.25559981600446,1.5477795361691689
369.4238522513577,1.549994875184202
368.240109082809,1.552475328083902
366.82589556294124,1.5548024570051102
365.4116820302827,1.5566762192857075
363.99746849023,1.558228921515414
362.5832549453675,1.559538212272836
361.16904139721413,1.5606543512972646
359.7548278467138,1.5616121080099357
358.3406142944832,1.5624367252663962
356.92640074094265,1.5631472137096125
355.5121871863886,1.5637583082843916
354.0979736310364,1.5642816974479046
352.68376007504634,1.5647268310056452
351.2695465185404,1.5651014709725564
349.85533296161293,1.565412078952857
348.44111940433834,1.5656640957620322
347.02690584677595,1.5658621478417043
345.61269228897385,1.5660102026269715
344.1984787309714,1.5661116874998733
342.7842651728011,1.5661695822432358
341.37005161449025,1.566186491864645
339.95583805606185,1.5661647046469935
338.5416244975354,1.566106238921006
337.12741093892777,1.5660128811162495
337.07635192869714,1.5660088777183319
335.6621383700227,1.5658810397118461
334.2479248112928,1.5657213539677874
332.8337112525206,1.565531071976089
331.4194976937159,1.5653113126899236
330.0052841348877,1.5650630742557985
328.5910705760439,1.5647872480865135
327.17685701719176,1.5644846297910329
325.7732703646951,1.5641584936601072
324.3590568058468,1.5638045293771605
322.9448432470078,1.5634256683265575
321.53062968818443,1.5630224040852592
320.1164161293819,1.5625951707345862
318.702202570605,1.5621443460613278
317.28798901185854,1.5616702557898998
315.87377545314706,1.5611731769405086
314.4595618944751,1.5606533407326637
313.04534833584705,1.5601109350884905
311.6311347772674,1.5595461067813357
310.2169212187405,1.5589589632676673
308.80270766027076,1.5583495742339557
307.3884941018627,1.5577179728849067
305.97428054352093,1.5570641569949477
304.5600669852501,1.556388089740756
303.1458534270551,1.5556897003293453
301.7316398689408,1.5549688844330727
300.3174263109125,1.5542255044402093
298.90321275297543,1.5534593895272064
297.48899919513536,1.5526703355565008
296.0747856373981,1.5518581040971826
294.6605720797699,1.55102242473062
293.24635852225725,1.5501629903814074
291.8321449648671,1.5492794591535561
290.4179314076068,1.5483714526886192
289.00371785048407,1.5474385549740273
287.5895042935073,1.5464803109416654
286.1752907366852,1.5454962248419495
284.7610771800273,1.5444857583754006
283.3468636235437,1.5434483285603728
281.9326500672452,1.5423833053115594
280.5184365111436,1.5412900086994332
279.1042229552513,1.5401677058555179
277.690009399582,1.5390156074823151
276.2757958441503,1.5378328639196257
274.8615822889721,1.536618560710521
273.44736873406464,1.5353717136003056
272.0331551794467,1.534091262889938
270.6189416251387,1.532776067051086
269.204728071163,1.5314248954927963
267.79051451754407,1.530036420349017
266.37630096430877,1.5286092071307005
264.9620874114866,1.5271417040551911
263.54787385911015,1.5256322298271974
262.1336603072155,1.5240789595980258
260.7194467558426,1.5224799087702952
259.3052332050361,1.5208329142406922
257.8910196548456,1.5191356125785185
256.4768061053269,1.517385414517195
255.06259255654274,1.5155794749803788
253.648379008564,1.5137146576628477
252.2341654614711,1.5117874929221795
250.81995191535574,1.5097941273881261
249.4057383703231,1.5077302632294085
247.99152482649438,1.5055910843861404
246.57731128401025,1.5033711662106257
245.163097743035,1.5010643637577286
243.748884203762,1.4986636722721385
242.3346706664208,1.496161050992555
240.92045713128638,1.4935471978510118
239.50624359869173,1.4908112573725
238.09203006904474,1.487940436051174
236.67781654285199,1.4849194869430589
235.26360302075233,1.4817300050731763
233.84938950356596,1.478349441822106
232.4351759923683,1.4747496888342222
231.020962488605,1.4708949782148042
229.6067489942788,1.4667386488993581
228.1925355122692,1.4622179313325323
227.4056850903482,1.4595139174801397
225.9914716378487,1.4542371844133317
224.57725821396053,1.4482781071112871
223.1630448368219,1.4413621176467988
221.74883154394388,1.4329655559162564
220.3346184429047,1.4218035396758852
218.9204062409139,1.4008256718331045
218.74363099196643,1.3909697678896007
218.74185151923618,1.3902316065187765
218.74155193087466,1.3898826239846123
218.74153936252654,1.3898400477820834
218.74153124062113,1.3897956246729406
218.74152920051955,1.389766048570592
218.7415293759867,1.3897559847820797
218.74153070876702,1.389724732741655
218.7415354500828,1.3896895609919886
218.74154263324493,1.3896583257148634
218.7415534151243,1.3896253418142903
218.7415694205913,1.3895877663432343
218.74159304642697,1.3895440236037835
218.74162778303835,1.3894925646969787
218.74167873319772,1.3894315217727415
218.74175335715245,1.389358682989829
218.74186256089268,1.3892717972463113
218.74201815015468,1.3891694962830914
218.74223975325674,1.3890488596092325
218.7425553004509,1.3889060843037497
218.74300454500255,1.3887366820541698
218.74364406499214,1.3885353310886122
218.74455438318873,1.388295703181547
218.7458501001869,1.3880102592583503
218.74769431597238,1.3876700059866036
218.7503191547497,1.3872642046498163
218.75405497591493,1.3867800220315845
218.75937194713816,1.3862021110237697
218.76693921119272,1.3855121062162397
218.7777090922002,1.3846880168250313
218.79303693796874,1.3837034960499688
218.81485167961657,1.3825269625280718
218.84589857203562,1.3811205465056575
218.89008466212536,1.37943883181914
218.95297045918963,1.377427367023563
219.04246968025234,1.375020929416036
219.1698451275988,1.3721415524341307
219.35112602170275,1.368696384903164
219.60912514946216,1.3645755667972557
219.97630966958835,1.3596505291465943
220.49888684286876,1.353773545384942
221.24261884353626,1.3467801597632945
222.27432404052468,1.3386894817364032
223.6885371412565,1.3294692778833899
225.10275034435338,1.3216659329023268
226.51696361083484,1.3148674686584927
227.93117692233886,1.3088427664524447
229.3453902677248,1.3034465085771865
230.75960363975494,1.298580123274233
232.17381703344256,1.2941730333348975
233.58803044518055,1.2901726529034565
235.00224387225208,1.2865386330779973
236.41645731254016,1.2832393597068987
237.8306707643473,1.2802497274425688
239.24488422627866,1.2775496760557377
240.65909769716336,1.2751232018418124
242.07331117599975,1.2729576758032528
243.4875246619157,1.2710433658585454
244.90173815413877,1.2693730979381346
246.31595165197288,1.267942012948929
247.7301651547792,1.2667473896710972
249.14437866196002,1.26578851116586
250.55859217294434,1.2650665561520986
251.97280568717508,1.264584498174657
253.38701920409702,1.2643469949614445
254.8012327231462,1.264360248748674
256.21544624374064,1.2646318162395667
257.6296597652735,1.2651703452474217
259.0438732871094,1.265985215411812
260.4580868085862,1.267086064603512
261.8723003290226,1.2684821928990777
263.2865138477348,1.2701818539169307
264.7007273640607,1.2721914686184612
266.11494087739237,1.2745148257597836
267.5291543872127,1.2771523582078133
268.9433678931319,1.280100594583232
270.3575813949165,1.2833518717414316
271.77179489250653,1.28689435324067
273.18600838601594,1.2907123411707178
274.60022187571735,1.2947868119106103
276.0144353620145,1.2990960702825238
277.42864884540785,1.3036164125621554
278.8428623264591,1.3083227149648893
280.2570758057596,1.3131889077830512
281.67128928390406,1.318188339919377
283.0855027614705,1.3232940710359609
284.49971623900495,1.3284791424140427
285.91392971701043,1.3337168728672428
287.3281431959374,1.338981207261209
288.742356676177,1.3442471194959242
290.1565701580555,1.3494910469843995
291.57078364183104,1.3546913163647394
292.98499712769296,1.3598285143505107
294.39921061576376,1.3648857635783438
295.8134241061036,1.3698488780139253
297.22763759871674,1.374706390934355
298.64185109356004,1.379449465673032
300.05606459055133,1.3840717116578958
301.47027808957824,1.388568934416548
302.8844915905062,1.3929388486782188
304.29870509318545,1.397180780103576
305.71291859745736,1.4012953754370712
307.12713210315883,1.4052843346320765
308.54134561012614,1.4091501728351832
309.9555591181977,1.4128960155815498
311.3697726272158,1.4165254272862786
312.783986137028,1.4200422710060665
314.1981996474877,1.4234505962642183
315.6124131584543,1.4267545512305944
317.0266266697935,1.4299583155014035
318.4408401813768,1.4330660499542698
319.85505369308135,1.4360818605314152
321.2692672047891,1.4390097732411036
322.6834807163867,1.4418537181097242
324.09769422776446,1.4446175202332605
325.51190773881575,1.4473048964526747
326.92612124943645,1.4499194565084288
328.340334759524,1.4524647078169286
328.9815592069549,1.4535968464665414
330.3957727160575,1.4560474252916396
331.80998622440524,1.4584369219140012
333.2241997318656,1.4607685664650312
334.63841323833185,1.4630455407615865
336.052626743693,1.465270997501852
337.4668402478325,1.467448082538218
338.66280005597537,1.469253772936792
340.07701355749674,1.4713499271409904
341.4912270574467,1.4734068745628357
342.90544055563623,1.475428023427523
344.3196540518887,1.477416956933525
345.7338675460045,1.479377496299807
347.148081037756,1.481313779074414
348.56229452688035,1.4832303570441714
349.9765080130708,1.4851323200110482
351.39072149596535,1.4870254541366155
352.80493497513174,1.4889164471755887
354.2191484500476,1.490813158433534
355.63336192007336,1.4927249799288833
357.0475753844139,1.49466332924424
358.46178884206404,1.4966423381284502
359.8760022917266,1.4986798424377408
361.2902157316855,1.5007988562069559
362.70442915959836,1.5030298658345327
364.1186425721344,1.5054146096443888
364.8968775910867,1.5068131091624055
366.3110909681523,1.5095646266452125
367.72530431051143,1.512693331084503
369.1395175952827,1.5164145401475724
370.55373076451474,1.5212238072664126
371.96794349614885,1.5294707247899864
372.144719816528,1.5318234300459095
372.2060254803631,1.5334058506864054
372.21665562035116,1.5339864517500794
372.2203417441059,1.5344124841246187
372.2206611455002,1.5344987953844837
372.22077461640254,1.5345461807905196
372.2208550342932,1.5346045812839255
372.22086907727356,1.5346264079280287
372.2208712969864,1.5346373994027263
372.22087276177143,1.5346446526598065
372.22087303042713,1.5346459829778782
372.2208725289656,1.5346548219586975
372.22087066233576,1.534655938715062
372.2208695454195,1.5346566069371925
372.22086803823646,1.534667218803497
372.22086520882846,1.5346721803225347
372.2208617665858,1.5346782164800263
372.2208566032219,1.5346872707162205
372.220848553136,1.5346949105988914
372.2208368936308,1.5347059759780186
372.22081931242053,1.5347192636041131
372.2207935728534,1.534735480750335
372.2207559038554,1.53475498254635
372.22070081048804,1.534778415767617
372.2206202651938,1.5348066261395508
372.2205025404884,1.5348406267696506
372.2203305046264,1.5348816346029754
372.2200791314333,1.5349311168365865
372.21971186258367,1.5349908428933696
372.2191752923152,1.5350626719401363
372.21841158735054,1.5351476193471782
372.2173246245042,1.5352481015630552
372.2157776027977,1.5353672252328414
372.21357582637285,1.5355086548286931
372.21044220382845,1.5356767208623316
372.20598237852124,1.5358765439036688
372.1996351019821,1.5361141767329245
372.19060160534326,1.5363967663632856
372.1777450807426,1.53673273662335
372.159447623251,1.5371319901822336
372.1334066306197,1.5376061257841487
372.0963450393987,1.5381686612072598
372.04359893298124,1.538835243816938
371.968530625373,1.5396238166661065
371.86169336201567,1.5405546861238344
371.70964252200235,1.5416504030736564
371.4932437210734,1.54293531850924
371.185264903804,1.544434599153547
370.7469494092077,1.546172381592008
370.1231387577015,1.5481685953474198
369.235331401509,1.5504337849155563
367.9718039382176,1.5529609869913668
366.55759041521554,1.5551876539888334
365.14337688088017,1.556992589243908
363.72916333975843,1.5584942171289788
362.3149497941772,1.55976358610351
360.9007362455185,1.5608473552673403
359.4865226946498,1.561778137349703
358.07230914214296,1.5625797925636729
356.65809558839027,1.5632703980400429
355.2438820336702,1.5638640321812514
353.829668478186,1.564371906174067
352.4154549220897,1.5648031132548617
351.00124136549715,1.5651651428408384
349.58702780849865,1.565464243994188
348.1728142511653,1.5657056889672425
346.75860069355406,1.5658939685098658
345.34438713571114,1.5660329393773516
343.93017357767457,1.566125937605387
342.5159600194757,1.5661758667844343
341.1017464611409,1.566185267756323
339.6875329026925,1.5661563742899203
338.27331934414946,1.5660911580257437
337.0763518420458,1.5660088780117618
335.6621382833714,1.565881039699549
334.2479247246415,1.5657213539570258
332.83371116586926,1.5655310719635176
331.4194976070646,1.5653113126755769
330.0052840482364,1.5650630742397322
328.59107048939256,1.5647872480687846
327.17685693054045,1.5644846297716835
325.7732704044843,1.5641584936697006
324.359056845636,1.5638045293874234
322.944843286797,1.5634256683375642
321.53062972797363,1.5630224040969467
320.1164161691711,1.5625951707469437
318.7022026103942,1.5621443460743407
317.28798905164774,1.5616702558035618
315.87377549293626,1.5611731769548183
314.4595619342643,1.560653340747611
313.04534837563625,1.5601109351040674
311.6311348170566,1.5595461067975398
310.2169212585297,1.5589589632845031
308.80270770005995,1.5583495742514102
307.3884941416519,1.5577179729029917
305.97428058331013,1.557064157013656
304.5600670250393,1.5563880897600897
303.1458534668443,1.5556897003493104
301.73163990873,1.5549688844536713
300.3174263507017,1.554225504461443
298.90321279276463,1.5534593895490836
297.48899923492456,1.5526703355790266
296.0747856771873,1.551858104120363
294.6605721195591,1.551022424754465
293.24635856204645,1.5501629904059269
291.8321450046563,1.5492794591787562
290.417931447396,1.5483714527145167
289.00371789027326,1.5474385550006284
287.5895043332965,1.5464803109689889
286.1752907764744,1.5454962248700053
284.7610772198165,1.5444857584042067
283.3468636633329,1.5434483285899436
281.9326501070344,1.5423833053419203
280.5184365509328,1.5412900087305976
279.1042229950405,1.5401677058875058
277.6900094393712,1.5390156075151564
276.2757958839395,1.5378328639533432
274.8615823287613,1.5366185607451377
273.44736877385384,1.535371713635853
272.0331552192359,1.5340912629264458
270.6189416649279,1.5327760670885886
269.2047281109522,1.5314248955313283
267.79051455733327,1.5300364203886208
266.37630100409797,1.5286092071714128
264.9620874512758,1.5271417040970627
263.54787389889935,1.5256322298702751
262.1336603470047,1.5240789596423603
260.7194467956318,1.5224799088159475
259.3052332448253,1.5208329142877266
257.8910196946348,1.519135612627003
256.4768061451161,1.517385414567205
255.06259259633194,1.5155794750320024
253.6483790483532,1.5137146577161746
252.2341655012603,1.511787492977314
250.81995195514494,1.509794127445178
249.4057384101123,1.5077302632885123
247.99152486628358,1.5055910844474376
246.57731132379945,1.5033711662742755
245.1630977828242,1.5010643638239167
243.7488842435512,1.4986636723410784
242.33467070621,1.4961610510644858
240.92045717107558,1.4935471979262167
239.50624363848092,1.490811257451309
238.09203010883394,1.4879404361339796
236.67781658264119,1.4849194870303304
235.26360306054153,1.4817300051654858
233.84938954335516,1.478349441920156
232.4351760321575,1.4747496889389011
231.0209625283942,1.4708949783272516
229.606749034068,1.4667386490210823
228.1925355520584,1.4622179314655965
227.40568508799052,1.4595139174718077
225.99147163549102,1.4542371844040203
224.57725821160287,1.4482781071006503
223.16304483446424,1.4413621176342388
221.7488315415862,1.4329655559005205
220.33461844054705,1.42180353965333
218.92040623855627,1.4008256717611443
218.7436309896089,1.3909697672096666
218.74185151687936,1.3902316047798842
218.7415519285419,1.3898826176345547
218.74153936024217,1.3898400382644132
218.7415312386391,1.3897956087317391
218.7415291994044,1.389766021631361
218.74152937535825,1.3897559847822187
218.74153077053586,1.3897240411166734
218.74153552303682,1.3896891550018504
218.74154270760488,1.3896580759399824
218.74155348957467,1.3896251527096135
218.7415694956219,1.3895876123080524
218.74159312198472,1.389543899335803
218.74162785892682,1.3894924642983313
218.74167880929443,1.3894314399830792
218.7417534333867,1.3893586159885651
218.74186263721353,1.3892717417763412
218.74201822653896,1.3891694504350356
218.74223982968306,1.3890488215474694
218.74255537690604,1.3889060526099046
218.74300462147758,1.3887366556068579
218.743644141481,1.3885353089862518
218.74455445968724,1.388295684690251
218.74585017669216,1.388010243776038
218.74769439248234,1.3876699930156255
218.75031923126295,1.3872641937777532
218.75405505243052,1.386780012915284
218.75937202365537,1.386202103377123
218.76693928771107,1.385512099800286
218.77770916871938,1.3846880114400881
218.79303701448848,1.38370349152901
218.8148517561367,1.3825269587313789
218.84589864855604,1.3811205433162717
218.89008473864598,1.3794388291391164
218.9529705357104,1.377427364770931
219.0424697567732,1.375020927522256
219.1698452041197,1.3721415508419295
219.35112609822372,1.3686963835647377
219.60912522598315,1.3645755656727094
219.97630974610937,1.3596505282027898
220.4988869193898,1.353773544594486
221.24261892005734,1.346780159103631
222.27432411704578,1.3386894811869556
223.6885372177776,1.3294692774278247
225.1027504208745,1.3216659325099283
226.51696368735594,1.3148674683131722
227.93117699885997,1.3088427661445117
229.3453903442459,1.3034465083002824
230.75960371627605,1.2985801230238885
232.17381710996366,1.2941730331078505
233.58803052170165,1.290172652697232
235.00224394877318,1.2865386328906725
236.41645738906126,1.2832393595369573
237.8306708408684,1.2802497272887976
239.24488430279976,1.277549675917171
240.65909777368446,1.2751232017176772
242.07331125252085,1.272957675692953
243.4875247384368,1.271043365761622
244.90173823065987,1.2693730978542652
246.31595172849399,1.2679420128779078
247.7301652313003,1.266747389612834
249.14437873848112,1.2657885111203668
250.55859224946545,1.2650665561194898
251.9728057636962,1.2645844981551422
253.38701928061812,1.264346994955316
254.8012327996673,1.2643602487563064
256.2154463202618,1.2646318162614028
257.62965984179465,1.2651703452839507
259.04387336363055,1.2659852154635551
260.4580868851073,1.2670860646709847
261.87230040554374,1.2684821929827628
263.2865139242559,1.2701818540172354
264.70072744058183,1.272191468735664
266.1149409539135,1.27451482589401
267.52915446373385,1.277152358358983
268.943367969653,1.2801005947510418
270.35758147143764,1.2833518719253534
271.77179496902767,1.2868943534399575
273.1860084625371,1.290712341384428
274.6002219522385,1.2947868121376322
276.01443543853566,1.2990960705216268
277.428648921929,1.3036164128120027
278.84286240298024,1.3083227152241044
280.25707588228073,1.3131889080502042
281.6712893604252,1.31818834019301
283.0855028379916,1.3232940713146122
284.4997163155261,1.3284791426962594
285.91392979353157,1.3337168731515996
287.32814327245853,1.3389812075463168
288.74235675269813,1.3442471197804606
290.15657023457663,1.3494910472671455
291.5707837183522,1.3546913166445798
292.9849972042141,1.359828514626457
294.3992106922849,1.3648857638495522
295.8134241826247,1.3698488782797076
297.2276376752379,1.3747063911941588
298.64185117008117,1.3794494659264522
300.05606466707246,1.3840717119046435
301.4702781660994,1.3885689346564547
302.8844916670273,1.3929388489112071
304.2987051697066,1.3971807803296457
305.7129186739785,1.4012953756562885
307.12713217967996,1.4052843348445583
308.5413456866473,1.4091501730410827
309.95555919471883,1.4128960157810486
311.36977270373694,1.4165254274795802
312.78398621354916,1.4200422711933847
314.1981997240088,1.4234505964457778
315.6124132349754,1.426754551406618
317.0266267463146,1.4299583156721172
318.44084025789795,1.4330660501199022
319.8550537696025,1.4360818606921826
321.26926728131025,1.4390097733972198
322.68348079290786,1.4418537182614029
324.0976943042856,1.444617520380707
325.5119078153369,1.4473048965960824
326.9261213259576,1.4499194566479912
328.34033483604514,1.4524647079528343
328.98155919918236,1.453596846452913
330.39577270828494,1.456047425278343
331.8099862166327,1.458436921901028
333.22419972409307,1.4607685664523702
334.6384132305593,1.4630455407492184
336.05262673592046,1.465270997489756
337.46684024006,1.4674480825263805
338.6628000482028,1.4692537729251545
340.0770135497242,1.4713499271295802
341.49122704967414,1.4734068745516318
342.9054405478637,1.4754280234165063
344.31965404411613,1.4774169569226736
345.73386753823195,1.4793774962891024
347.1480810299835,1.481313779063829
348.5622945191078,1.4832303570336856
349.9765080052983,1.4851323200006241
351.3907214881928,1.4870254541262236
352.8049349673592,1.4889164471651881
354.21914844227507,1.490813158423079
355.6333619123008,1.4927249799183153
357.04757537664136,1.4946633292334937
358.4617888342915,1.496642338117431
359.87600228395405,1.4986798424263443
361.290215723913,1.5007988561950316
362.7044291518258,1.5030298658218921
364.11864256436183,1.5054146096307608
364.89687758331416,1.5068131091480743
366.3110909603798,1.5095646266291929
367.72530430273883,1.5126933310659487
369.1395175875101,1.5164145401248277
370.55373075674214,1.5212238072350055
371.9679434883763,1.5294707247095372
372.14471980875544,1.5318234299006876
372.2060254725906,1.5334058503604293
372.21665561257896,1.533986451140783
372.2203417363356,1.5344124824148109
372.2206611377337,1.534498792682172
372.22077460864784,1.5345461767977917
372.2208550266122,1.5346045719503958
372.2208690697618,1.5346263916994323
372.2208712902134,1.5346373692575566
372.22087275597727,1.534644615760293
372.22087303252715,1.534645982978628
372.2208711432448,1.5346522953616826
372.22086977350676,1.5346568718671447
372.22086771889974,1.5346637366253761
372.2208646369892,1.534674033762766
372.22085929857104,1.5346821662991477
372.2208516630737,1.5346912082621456
372.220840459892,1.5347024879917375
372.22082401078825,1.5347158862582382
372.22079990719726,1.5347317925600006
372.2207646271177,1.5347507997544363
372.22071302262447,1.5347735972556869
372.22063757287503,1.5348010013259745
372.2205272910374,1.534833993017158
372.2203661272473,1.5348737536506503
372.2201306356535,1.5349217063579836
372.21978656641704,1.5349795662564785
372.2192838859742,1.5350491340042516
372.21856841290673,1.5351313963586068
372.2175500936082,1.5352286936826542
372.2161007653302,1.5353440358914778
372.2140380261336,1.5354809733725567
372.21110228131744,1.535643702208656
372.2069240755384,1.5358371848576051
372.20097759985396,1.5360672886514788
372.19251452292804,1.5363409439593496
372.1804698195907,1.5366663229195794
372.1633277460377,1.537053038026375
372.13893109573013,1.5375123570389493
372.1042097323893,1.5380574259054334
372.0547942381543,1.5387034834987245
371.98446605764207,1.5394680391962148
371.88437494297517,1.5403709641131962
371.7419252215488,1.5414344154266255
371.5391907323205,1.5426824656716251
371.25065896314106,1.5441402386895315
370.84002050700633,1.5458322533194633
370.25559981619426,1.5477795361686097
369.4238522515475,1.5499948751837511
368.2401090829988,1.552475328083549
366.82589556313104,1.554802457004838
365.4116820304725,1.5566762192854862
363.9974684904198,1.558228921515222
362.5832549455573,1.5595382122726764
361.16904139740393,1.5606543512971247
359.7548278469036,1.5616121080098124
358.340614294673,1.5624367252662958
356.92640074113245,1.5631472137095177
355.5121871865784,1.5637583082843092
354.0979736312262,1.5642816974478349
352.68376007523614,1.564726831005594
351.2695465187302,1.5651014709725133
349.85533296180273,1.5654120789528174
348.44111940452814,1.5656640957619972
347.02690584696575,1.5658621478416803
345.61269228916365,1.5660102026269553
344.1984787311612,1.566111687499862
342.7842651729909,1.566169582243231
341.37005161468005,1.566186491864646
339.95583805625165,1.5661647046469973
338.5416244977252,1.5661062389210136
337.12741093911757,1.5660128811162632
337.07635192888694,1.5660088777183478
335.6621383702125,1.5658810397118659
334.2479248114826,1.5657213539678128
332.8337112527104,1.565531071976119
331.4194976939057,1.5653113126899547
330.0052841350775,1.5650630742558311
328.5910705762337,1.5647872480865535
327.17685701738156,1.5644846297910728
325.7732703648849,1.5641584936601511
324.3590568060366,1.563804529377205
322.9448432471976,1.5634256683266132
321.53062968837423,1.563022404085313
320.1164161295717,1.562595170734646
318.7022025707948,1.5621443460613922
317.28798901204834,1.5616702557899642
315.87377545333686,1.5611731769405783
314.4595618946649,1.5606533407327376
313.04534833603685,1.5601109350885622
311.6311347774572,1.5595461067814094
310.2169212189303,1.5589589632677479
308.80270766046056,1.5583495742340365
307.3884941020525,1.5577179728849917
305.97428054371073,1.5570641569950356
304.5600669854399,1.5563880897408477
303.1458534272449,1.5556897003294416
301.7316398691306,1.554968884433173
300.3174263111023,1.55422550444031
298.90321275316523,1.5534593895273072
297.48899919532516,1.5526703355566065
296.0747856375879,1.551858104097293
294.6605720799597,1.551022424730732
293.24635852244705,1.5501629903815248
291.8321449650569,1.5492794591536807
290.4179314077966,1.548371452688746
289.00371785067387,1.5474385549741532
287.5895042936971,1.5464803109417953
286.175290736875,1.5454962248420845
284.7610771802171,1.5444857583755387
283.3468636237335,1.543448328560513
281.932650067435,1.542383305311704
280.5184365113334,1.5412900086995827
279.1042229554411,1.5401677058556702
277.6900093997718,1.5390156074824701
276.2757958443401,1.5378328639197867
274.8615822891619,1.5366185607106866
273.44736873425444,1.5353717136004734
272.0331551796365,1.5340912628901107
270.6189416253285,1.5327760670512636
269.2047280713528,1.531424895492977
267.79051451773387,1.5300364203492065
266.37630096449857,1.5286092071308945
264.9620874116764,1.5271417040553905
263.54787385929995,1.5256322298274043
262.1336603074053,1.5240789595982365
260.7194467560324,1.5224799087705128
259.3052332052259,1.5208329142409187
257.8910196550354,1.5191356125787494
256.4768061055167,1.517385414517433
255.06259255673254,1.5155794749806237
253.6483790087538,1.5137146576630998
252.2341654616609,1.5117874929224466
250.81995191554554,1.509794127388397
249.4057383705129,1.5077302632296887
247.99152482668418,1.5055910843864324
246.57731128420005,1.5033711662109295
245.1630977432248,1.5010643637580439
243.7488842039518,1.4986636722724689
242.3346706666106,1.4961610509928969
240.92045713147618,1.4935471978513735
239.50624359888153,1.4908112573728747
238.09203006923454,1.48794043605157
236.67781654304179,1.4849194869434736
235.26360302094213,1.4817300050736175
233.84938950375576,1.4783494418225727
232.4351759925581,1.474749688834722
231.0209624887948,1.4708949782153415
229.6067489944686,1.4667386488999359
228.192535512459,1.4622179313331676
227.405685090538,1.4595139174808118
225.9914716380385,1.4542371844140778
224.57725821415033,1.4482781071121436
223.1630448370117,1.4413621176478106
221.74883154413368,1.4329655559175234
220.3346184430945,1.4218035396776978
218.9204062411037,1.400825671838847
218.74363099215623,1.3909697679441886
218.74185151942592,1.390231606658736
218.74155193106247,1.3898826244973126
218.74153936271054,1.389840048544166
218.74153124078117,1.389795625944907
218.7415292006108,1.3897660507155871
218.7415293760389,1.3897559847820506
218.7415307087809,1.3897247326501314
218.74153545011757,1.3896895606537063
218.74154263329362,1.3896583255011272
218.74155341517388,1.3896253416857114
218.74156942064093,1.3895877662428304
218.74159304647682,1.3895440235207515
218.74162778308846,1.3894925646308818
218.741678733248,1.3894315217211
218.74175335720278,1.389358682946163
218.74186256094308,1.389271797209949
218.7420181502051,1.3891694962531778
218.7422397533072,1.3890488595842059
218.74255530050135,1.3889060842829366
218.743004545053,1.3887366820366038
218.74364406504262,1.388535331073912
218.7445543832392,1.388295703169313
218.7458501002374,1.3880102592480505
218.74769431602286,1.3876700059780107
218.75031915480017,1.387264204642543
218.75405497596543,1.3867800220255324
218.75937194718867,1.3862021110187601
218.76693921124323,1.3855121062120344
218.77770909225072,1.3846880168214633
218.79303693801924,1.3837034960469599
218.81485167966707,1.3825269625255652
218.84589857208613,1.3811205465035412
218.89008466217587,1.3794388318173705
218.95297045924013,1.377427367022063
219.04246968030284,1.3750209294147928
219.1698451276493,1.372141552433087
219.35112602175326,1.368696384902277
219.60912514951266,1.3645755667965114
219.97630966963885,1.3596505291459728
220.49888684291926,1.3537735453844215
221.24261884358677,1.3467801597628628
222.27432404057518,1.3386894817360404
223.688537141307,1.329469277883091
225.1027503444039,1.3216659329020675
226.51696361088534,1.3148674686582678
227.93117692238937,1.3088427664522397
229.34539026777531,1.3034465085770057
230.75960363980545,1.2985801232740712
232.17381703349307,1.2941730333347459
233.58803044523106,1.29017265290332
235.00224387230259,1.2865386330778723
236.41645731259067,1.2832393597067844
237.8306707643978,1.280249727442466
239.24488422632916,1.2775496760556475
240.65909769721387,1.2751232018417302
242.07331117605025,1.272957675803181
243.4875246619662,1.2710433658584812
244.90173815418927,1.2693730979380797
246.3159516520234,1.267942012948882
247.7301651548297,1.2667473896710604
249.14437866201052,1.265788511165829
250.55859217299485,1.2650665561520777
251.9728056872256,1.2645844981746466
253.38701920414752,1.264346994961442
254.8012327231967,1.2643602487486785
256.2154462437912,1.2646318162395822
257.62965976532405,1.265170345247447
259.04387328715995,1.265985215411849
260.4580868086367,1.267086064603556
261.87230032907314,1.2684821928991312
263.28651384778533,1.2701818539169958
264.70072736411123,1.2721914686185367
266.1149408774429,1.2745148257598742
267.52915438726325,1.2771523582079114
268.9433678931824,1.2801005945833421
270.35758139496704,1.2833518717415497
271.77179489255707,1.2868943532407995
273.1860083860665,1.290712341170858
274.6002218757679,1.2947868119107602
276.01443536206506,1.299096070282685
277.4286488454584,1.3036164125623197
278.84286232650965,1.3083227149650587
280.25707580581013,1.3131889077832288
281.6712892839546,1.31818833991956
283.085502761521,1.323294071036146
284.4997162390555,1.3284791424142255
285.91392971706097,1.333716872867431
287.32814319598793,1.3389812072613985
288.74235667622753,1.3442471194961114
290.15657015810604,1.3494910469845882
291.5707836418816,1.3546913163649241
292.9849971277435,1.3598285143506965
294.3992106158143,1.3648857635785223
295.8134241061541,1.369848878014102
297.2276375987673,1.374706390934525
298.64185109361057,1.3794494656731995
300.05606459060186,1.3840717116580576
301.4702780896288,1.3885689344167067
302.8844915905567,1.3929388486783725
304.298705093236,1.3971807801037253
305.7129185975079,1.401295375437216
307.12713210320936,1.4052843346322175
308.5413456101767,1.4091501728353184
309.95555911824823,1.4128960155816817
311.36977262726634,1.416525427286406
312.78398613707856,1.4200422710061895
314.1981996475382,1.4234505962643387
315.6124131585048,1.42675455123071
317.026626669844,1.429958315501514
318.44084018142735,1.4330660499543786
319.8550536931319,1.4360818605315235
321.26926720483965,1.4390097732412046
322.68348071643726,1.441853718109823
324.097694227815,1.444617520233359
325.5119077388663,1.4473048964527704
326.926121249487,1.4499194565085203
328.34033475957455,1.4524647078170165
328.98155920700543,1.4535968464666307
330.395772716108,1.456047425291727
331.80998622445577,1.4584369219140851
333.22419973191614,1.4607685664651135
334.6384132383824,1.463045540761668
336.05262674374353,1.4652709975019302
337.46684024788306,1.4674480825382978
338.6628000560259,1.4692537729368662
340.0770135575473,1.4713499271410635
341.4912270574972,1.4734068745629083
342.90544055568677,1.475428023427595
344.3196540519392,1.477416956933594
345.733867546055,1.4793774962998765
347.14808103780655,1.4813137790744801
348.5622945269309,1.4832303570442409
349.97650801312136,1.4851323200111162
351.3907214960159,1.4870254541366834
352.8049349751823,1.4889164471756549
354.21914845009815,1.4908131584336028
355.6333619201239,1.4927249799289528
357.04757538446444,1.4946633292443103
358.4617888421146,1.4966423381285214
359.8760022917771,1.498679842437817
361.29021573173605,1.5007988562070336
362.7044291596489,1.5030298658346137
364.1186425721849,1.5054146096444785
364.89687759113724,1.5068131091624948
366.31109096820285,1.5095646266453155
367.7253043105619,1.512693331084622
369.1395175953332,1.5164145401477234
370.5537307645652,1.5212238072666207
371.9679434961993,1.529470724790515
372.14471981657846,1.5318234300468085
372.2060254804136,1.5334058506884656
372.21665562040164,1.5339864517541117
372.2203417441563,1.5344124841360096
372.22066114555054,1.5344987954010916
372.22077461645284,1.534546180814946
372.22085503434306,1.5346045813432858
372.22086907732245,1.5346264080256877
372.2208712970303,1.5346373995966731
372.22087276180866,1.5346446529001387
372.220873030413,1.5346459829777825
372.2208725289966,1.5346548216217695
372.22087066236736,1.5346559385428225
372.2208695454528,1.5346566068626757
372.22086803829086,1.5346672185124788
372.22086520889286,1.5346721800405403
372.22086176665175,1.534678216227673
372.2208566032901,1.5346872705083425
372.22084855320867,1.5346949105099554
372.2208368937082,1.5347059760628845
372.22081931249323,1.5347192635698583
372.2207935729264,1.5347354807022342
372.2207559039287,1.534754982510758
372.2207008105615,1.5347784157405442
372.22062026526726,1.534806626115682
372.2205025405619,1.5348406267512518
372.2203305046999,1.534881634586205
372.2200791315068,1.5349311168241062
372.21971186265716,1.5349908428828802
372.21917529238874,1.5350626719310214
372.2184115874241,1.5351476193395237
372.21732462457777,1.5352481015569397
372.21577760287124,1.5353672252275867
372.2135758264464,1.5355086548244503
372.210442203902,1.535676720858703
372.2059823785948,1.5358765439005304
372.19963510205565,1.536114176730322
372.1906016054168,1.536396766361156
372.1777450808162,1.5367327366216228
372.1594476233246,1.5371319901807121
372.13340663069323,1.5376061257829343
372.0963450394723,1.5381686612062537
372.0435989330548,1.5388352438161241
371.96853062544653,1.5396238166654235
371.8616933620892,1.5405546861232522
371.7096425220759,1.541650403073171
371.49324372114694,1.54293531850885
371.18526490387757,1.5444345991532231
370.7469494092812,1.546172381591742
370.12313875777505,1.5481685953472015
369.2353314015825,1.5504337849153917
367.97180393829115,1.5529609869912315
366.5575904152891,1.5551876539887322
365.1433768809537,1.5569925892438157
363.729163339832,1.5584942171289056
362.31494979425077,1.559763586103449
360.90073624559204,1.5608473552672857
359.48652269472336,1.5617781373496584
358.0723091422165,1.5625797925636378
356.6580955884638,1.5632703980400104
355.2438820337438,1.5638640321812218
353.8296684782596,1.5643719061740398
352.41545492216324,1.5648031132548448
351.0012413655707,1.5651651428408284
349.5870278085722,1.5654642439941722
348.17281425123883,1.5657056889672323
346.7586006936276,1.5658939685098558
345.3443871357847,1.5660329393773418
343.9301735777481,1.5661259376053824
342.51596001954925,1.5661758667844257
341.1017464612145,1.5661852677563242
339.68753290276607,1.566156374289922
338.273319344223,1.5660911580257477
337.0763518421194,1.5660088780117691
335.66213828344496,1.5658810396995597
334.24792472471506,1.5657213539570376
332.8337111659428,1.5655310719635311
331.41949760713817,1.5653113126755862
330.00528404830993,1.5650630742397451
328.5910704894661,1.5647872480688
327.176856930614,1.5644846297717006
325.7732704045579,1.564158493669717
324.3590568457096,1.563804529387442
322.94484328687054,1.563425668337587
321.5306297280472,1.563022404096965
320.11641616924464,1.5625951707469625
318.70220261046774,1.562144346074367
317.2879890517213,1.5616702558035873
315.8737754930098,1.5611731769548434
314.45956193433784,1.5606533407476384
313.0453483757098,1.5601109351040952
311.63113481713015,1.5595461067975684
310.21692125860324,1.5589589632845327
