Re,shear
232.3659390776201,1.4732245443582566
230.95172556433383,1.4697788082835632
229.53751205829167,1.4660772294530364
228.12329856145993,1.462072592600338
226.70908507665388,1.4577013416894253
225.29487160925385,1.4528746193200726
224.70100742779462,1.4506826450599721
223.28679399455245,1.4449688393305018
221.87258060232097,1.438339924758214
220.514164971394,1.4306792229305476
219.5349150341786,1.4238961211869599
218.8289967735953,1.4179097313648303
218.3201169257966,1.4126361354640538
217.9625567075662,1.4081196727458276
217.71132000890987,1.4042677961706116
217.53479067566002,1.4009939696675207
217.41075387176343,1.3982191365949974
217.32360052157304,1.3958724271472747
217.26236303376152,1.3938912550767122
217.21933511856304,1.392220989434686
217.18910201348322,1.3908143691363988
217.1678590792106,1.3896307889525055
217.15293301652596,1.388635545487134
217.14244545322325,1.3877990989772826
217.1350765661714,1.3870963829017078
217.12989899226335,1.3865061772619234
217.12626112728552,1.386010551115189
217.12370512681366,1.3855943737491436
217.12190929021003,1.3852448904232715
217.1206475772136,1.3849513568774365
217.11976116261383,1.384704726139896
217.11913844939406,1.3844973811314587
217.11870102516153,1.3843229068369367
217.11839379459752,1.3841758962181985
217.11817804618212,1.384051784430699
217.1180265807108,1.383946706055935
217.11792028957086,1.3838573707964406
217.1178457421837,1.383781264258555
217.117794864296,1.3837171434452944
217.11776019464676,1.3836630483988706
217.11773663357235,1.3836170267560317
217.11772069356417,1.3835774125702562
217.11770998792798,1.3835424585327087
217.11770292151394,1.3835095448961423
217.1176986011557,1.3834761021412056
217.1176968564639,1.3834470858373669
217.11769748463965,1.383421299459163
217.1177052379029,1.3833611707206002
217.11775567105056,1.38322831114399
217.11782814017474,1.3831226709982696
217.11824891629098,1.3827869652823055
217.11884138965695,1.3824986834304858
217.12055145708658,1.3819515244289198
217.20348456119976,1.375218269956169
217.69393196927578,1.3619300965640246
218.40103776368187,1.3512178223908529
219.81525031005526,1.3367378365948719
221.22946324319324,1.3260405125964807
222.64367634653019,1.3173430160840465
224.0578895480929,1.309971614032829
225.47210281468628,1.3035822523231035
226.88631612808535,1.2979700695175107
228.3005294770965,1.293000940284677
229.71474285427598,1.2885812739217608
231.12895625436988,1.2846428288139675
232.54316967349405,1.2811343458587143
233.95738310866855,1.2780166158039958
235.37159655753618,1.27525941589212
236.78581001818281,1.2728395284832135
238.200023489017,1.2707394178359732
239.61423696868542,1.2689463233940335
241.02845045601063,1.2674516239333404
242.44266394994315,1.266250379023922
243.85687744952293,1.2653409824607642
245.271090953847,1.2647248766328274
246.68530446204178,1.2644062825757576
248.09951797323924,1.2643919009748594
249.51373148655713,1.2646905373479804
250.92794500108496,1.265312603155068
252.3421585158777,1.266269447843159
253.75637202996063,1.2675724901812386
255.17058554234833,1.2692321460541152
256.5847990520802,1.271256596717704
257.9990125582712,1.273650501619228
259.4132260601727,1.2764138173597885
260.82743955723305,1.2795409134438684
262.24165304914493,1.2830201508490768
263.6558665358677,1.286834003713465
265.0700800176188,1.290959680577874
266.4842934948378,1.2953700872454958
267.8985069681315,1.3000349154465505
269.31272043821355,1.3049216594247748
270.72693390584806,1.3099964395420969
272.1411473718046,1.3152246095062483
273.5553608368247,1.3205712041420927
274.9695743015987,1.3260013256581134
276.3837877667499,1.3314805641311045
277.7980012328231,1.3369755117991247
279.2122147002761,1.3424543773566373
280.6264281694741,1.3478876545553722
282.04064164068683,1.3532487651267897
283.4548551140901,1.3585145883227978
284.86906858977085,1.363665807549075
286.283282067736,1.3686870395130029
287.697495547924,1.3735667500322122
289.11170903021747,1.3782969918190489
290.52592251445617,1.3828730171183936
291.9401360004489,1.3872928217384866
293.3543494879839,1.3915566703585818
294.76856297683725,1.3956666409077005
296.1827764667796,1.3996262125320618
297.5969899575809,1.4034399099504569
299.0112034490134,1.4071130080799357
300.42541694085406,1.4106512948600463
301.8396304328851,1.4140608867831725
303.25384392489434,1.417348090111019
304.6680574166746,1.4205193004983243
306.0822709080228,1.4235809342489207
307.49648439873835,1.4265393853334554
308.9106978886215,1.4294010033675757
310.32491137747104,1.4321720888485425
311.73912486508175,1.4348589030127876
313.15333835124125,1.4374676906906778
314.5675518357263,1.440004715514568
315.9817653182402,1.4424763075399265
316.0900814061759,1.4426630951423207
317.437913898932,1.4449596349917577
318.85212737679564,1.4473185004993394
320.2663408518682,1.449632245316469
321.6805543237798,1.4519082918722677
323.0947677921001,1.4541546644869943
324.5089812563202,1.4563802028310264
325.92319471582897,1.4585948443878634
327.3374081698792,1.4608100051647486
328.7516216175416,1.4630391037512114
330.1658350576378,1.4652983005325448
331.5800484886408,1.4676075708663419
332.99426190852074,1.4699923181316792
334.408475314496,1.4724859043579879
335.82268870260737,1.475133842073063
337.2369020669409,1.4780012501708786
338.6511153981047,1.481187468763672
340.06532867893833,1.484859036317493
341.30029212387154,1.4887095344027153
342.1680291501392,1.4920303478884676
342.7777374957006,1.4949020757765066
343.2061440580051,1.497399289704262
343.3037620558044,1.4980580458171857
343.51526873626676,1.499664383795088
343.6638821440282,1.5010115369318744
343.76830410231196,1.5021400992302985
343.84167529612165,1.5030849399550101
343.8932289215933,1.5038757187112375
343.929452609362,1.5045374930496995
343.95490484063487,1.5050913372993535
343.9727885953525,1.5055549251223124
343.98535442143725,1.5059430530675184
343.9941836481441,1.5062680978300427
344.00038738363213,1.5065404084854235
344.00474633899717,1.5067686391605477
344.0078090744935,1.5069600292410041
344.00996103143933,1.5071206384746412
344.0114730369159,1.5072555439224427
344.0125353851837,1.5073690050302115
344.0132817846863,1.5074646024408442
344.01380618389607,1.5075453555112208
344.01417459630545,1.5076136042807304
344.0144267392031,1.5076703516477004
344.01459928993546,1.5077173859254973
344.0147173549087,1.5077564048141485
344.0147981206671,1.507788814555451
344.0148533521019,1.5078157828832
344.014891102318,1.5078382920575866
344.01491688198104,1.507857163506905
344.014934464151,1.5078728954777842
344.0149464721585,1.507885528879003
344.01495434715616,1.507897082610705
344.0149599180507,1.507905255898295
344.0149631718248,1.5079157402934833
344.0149655776437,1.5079234923855354
344.0149677224715,1.5079390500449428
344.0149669646192,1.5079523360031617
344.0149608880601,1.5079709810796371
344.01488826682396,1.5080416662629847
344.01404561934436,1.508289104052408
344.01161421510943,1.508606205814003
343.9975903732868,1.5094539259785007
343.91465584228933,1.5115530248396216
343.42420705446506,1.516519787169225
342.7171004783022,1.5203748051988077
341.3028870819213,1.5252634559506923
339.88867360208616,1.5286265129510854
338.4744600908289,1.5312029033873396
337.0602465638696,1.5332740054273328
335.64603302782643,1.534983878031503
334.2318194860249,1.5364182463568077
332.817605940336,1.537633093927596
331.40339239189944,1.538667380861063
329.9891788414517,1.5395495048527605
328.57496528949116,1.540300906450492
327.16075173636784,1.540938227202297
325.7465381823351,1.5414746741577845
324.33232462758104,1.541920921256012
322.91811107224856,1.542285726594324
321.5038975164585,1.5425763679804325
320.3079930020979,1.5427688217750017
318.8937794456569,1.5429379424011063
318.63296585514104,1.54296255480926
317.21875229838696,1.5430621371497246
315.8045387414257,1.543107186679692
314.39032518429553,1.5431009785589902
312.9761116270287,1.543046357091716
311.5618980696526,1.5429458012207025
310.1476845121909,1.542801477286103
308.733470954664,1.5426152819097951
307.3192573970901,1.5423888784468829
305.9050438394852,1.5421237205238794
304.4908302818637,1.5418210846371518
303.07661672423865,1.5414820842874346
301.6624031666222,1.5411076883845887
300.24818960902553,1.5406987354055375
298.83397605145916,1.5402559446797626
297.41976249393315,1.539779929060868
296.0055489364571,1.539271199459957
294.5913353790404,1.5387301746748645
293.1771218216922,1.538157186689372
291.7629082644217,1.5375524856510874
290.348694707238,1.5369162439622184
288.9344811501503,1.5362485595807054
287.52026759316806,1.5355494586089877
286.1060540363009,1.5348188972311063
284.6918404795588,1.5340567630442163
283.2776269229521,1.5332628758181333
281.8634133664916,1.5324369877049668
280.4491998101888,1.5315787829105987
279.0349862540557,1.530687876829591
277.6207726981051,1.52976381463552
276.2065591423506,1.5288060693085603
274.79234558680685,1.5278140390719857
273.37813203148943,1.5267870441978695
271.9639184764153,1.5257243231299848
270.54970492160277,1.5246250278579199
269.1354913670716,1.5234882184603236
267.72127781284337,1.522312856716349
266.30706425894164,1.5210977986620016
264.8928507053922,1.5198417859413658
263.47863715222337,1.5185434357700613
262.06442359946635,1.5172012292885675
260.6502100471557,1.5158134980339624
259.2359964953297,1.5143784081974614
257.8217829440309,1.5128939422585592
256.4075693933069,1.5113578774896386
254.9933558432112,1.5097677607013735
253.5791422938038,1.5081208784403375
252.16492874515276,1.506414221644081
250.75071519733527,1.5046444434890498
249.33650165043954,1.5028078088094121
247.92228810456686,1.500900132987304
246.50807455983414,1.4989167075689016
245.09386101637728,1.4968522089755236
243.6796474743553,1.494700585450081
242.26543393395573,1.492454915647156
240.85122039540158,1.4901072297941196
239.4370068589606,1.4876482807333988
238.02279332495755,1.485067246775323
236.6085797937912,1.4823513401096662
235.1943662659576,1.479485281771321
233.78015274208346,1.4764505837127397
232.36593922297453,1.4732245447005787
230.95172570968825,1.4697788086501646
229.5375122036461,1.4660772298481353
228.12329870681435,1.4620725930295109
226.7090852220083,1.4577013421602905
225.29487175460943,1.4528746187413146
224.68422992565564,1.4506191102338146
223.27001649279885,1.4448962064581932
221.8558031012092,1.4382542428632072
220.50217894589565,1.430603891828297
219.52638307130468,1.4238303826198704
218.8229547636313,1.41785280843136
218.31586986461838,1.4125872547974616
217.95957085270155,1.4080778823487414
217.70922033051167,1.4042321939840312
217.53331366202798,1.4009637220866284
217.4097143685246,1.3981934890303322
217.32286843149936,1.395850707593645
217.26184694508476,1.393872872480316
217.21897080154235,1.3922054286837315
217.18884433761147,1.3908011841639205
217.16767633390486,1.3896195950215053
217.1528029206073,1.3886260113553655
217.14235235101043,1.3877909393553196
217.13500945734052,1.3870893514182696
217.12985014754608,1.3865000600174153
217.12622511580358,1.3860051608203372
217.12367813264706,1.385589544389339
217.12188863219498,1.385240472355536
217.12063137154072,1.3849472122295003
217.11974808576775,1.3847007243585878
217.11912757160306,1.384493394459509
217.11869169340002,1.3843188054266642
217.11838555042155,1.3841715424130818
217.11817056806578,1.3840470254401456
217.11801964450834,1.3839413643686984
217.1179137330989,1.383851569912022
217.1178413786607,1.3837762434441199
217.11779199833182,1.3837130757022709
217.11775835371128,1.3836597945583773
217.1177354940187,1.3836144785336766
217.11772003396982,1.383575483599277
217.11770965831846,1.3835411105500521
217.11770281962507,1.3835089148719923
217.1176986404858,1.3834765418340473
217.11769692057538,1.3834484997804928
217.11769748256341,1.3834213342101322
217.11770523507894,1.3833611839333002
217.1177556680739,1.3832283165521664
217.1178281371788,1.3831226746450265
217.11824891328283,1.3827869670667503
217.1188413866464,1.3824986846720992
217.12055145407555,1.3819515252159196
217.20348455818853,1.3752182701015518
217.69393196626453,1.3619300966208558
218.4010377606706,1.3512178224289002
219.81525030704398,1.3367378366206388
221.22946324018196,1.326040512616791
222.6436763435189,1.3173430161009958
224.05788954508162,1.3099716140473898
225.472102811675,1.3035822523358223
226.88631612507407,1.297970069528737
228.3005294740852,1.2930009402946445
229.7147428512647,1.288581273930639
231.1289562513586,1.2846428288218825
232.54316967048277,1.2811343458657565
233.95738310565727,1.2780166158102402
235.3715965545249,1.275259415897625
236.78581001517153,1.2728395284880218
238.20002348600573,1.2707394178401148
239.61423696567414,1.2689463233975327
241.02845045299935,1.267451623936208
242.44266394693187,1.2662503790261703
243.85687744651165,1.2653409824623887
245.2710909508357,1.2647248766338253
246.6853044590305,1.2644062825761133
248.09951797022796,1.2643919009745597
249.51373148354585,1.2646905373470045
250.92794499807368,1.2653126031533921
252.34215851286643,1.266269447840756
253.75637202694935,1.267572490178091
255.17058553933705,1.269232146050197
256.5847990490689,1.2712565967129996
257.9990125552599,1.2736505016137343
259.4132260571614,1.2764138173535162
260.82743955422177,1.27954091343683
262.24165304613365,1.2830201508413026
263.6558665328564,1.286834003705004
265.0700800146075,1.290959680568775
266.4842934918265,1.2953700872358243
267.89850696512025,1.3000349154363673
269.31272043520227,1.304921659414159
270.7269339028368,1.309996439531114
272.1411473687933,1.315224609494973
273.55536083381344,1.320571204130607
274.9695742985874,1.3260013256464893
276.3837877637386,1.3314805641194107
277.7980012298118,1.336975511787429
279.2122146972648,1.3424543773450113
280.6264281664628,1.3478876545438692
282.04064163767555,1.3532487651154648
283.4548551110788,1.3585145883117
284.86906858675957,1.3636658075382404
286.28328206472474,1.3686870395024613
287.6974955449127,1.3735667500219777
289.1117090272062,1.37829699180914
290.5259225114449,1.3828730171088144
291.9401359974376,1.387292821729242
293.3543494849726,1.3915566703496665
294.76856297382596,1.3956666408991134
296.18277646376833,1.3996262125237888
297.5969899545696,1.403439909942486
299.0112034460021,1.4071130080722583
300.4254169378428,1.410651294852652
301.8396304298738,1.4140608867760456
303.25384392188306,1.4173480901041433
304.66805741366335,1.4205193004916896
306.0822709050115,1.4235809342425136
307.49648439572707,1.4265393853272623
308.9106978856102,1.429401003361583
310.32491137445976,1.4321720888427343
311.73912486207047,1.4348589030071512
313.15333834822997,1.4374676906852015
314.567551832715,1.4400047155092395
315.9817653152289,1.442476307534727
316.0900814031646,1.4426630951371324
317.4379138959207,1.4449596349866818
318.85212737378436,1.4473185004943674
320.26634084885694,1.4496322453115844
321.6805543207685,1.4519082918674573
323.0947677890888,1.4541546644822334
324.50898125330895,1.4563802028263042
325.9231947128177,1.4585948443831507
327.33740816686793,1.4608100051600228
328.75162161453034,1.4630391037464376
330.16583505462654,1.4652983005276905
331.5800484856295,1.467607570861356
332.99426190550946,1.4699923181265007
334.4084753114847,1.4724859043525327
335.8226886995961,1.4751338420672195
337.2369020639296,1.478001250164478
338.6511153950934,1.4811874687564515
340.06532867592705,1.4848590363089733
341.30029212086026,1.4887095343922712
342.1680291471279,1.4920303478756363
342.7777374926893,1.4949020757607276
343.20614405499373,1.4973992896841102
343.3037605079246,1.4980580350200783
343.51526718838744,1.4996643708989377
343.6638805961495,1.5010115215494049
343.7683025544341,1.5021400808974186
343.841673748245,1.5030849181156047
343.89322737371833,1.5038756926995935
343.92945106148943,1.5045374620689473
343.9549032927656,1.5050913003962603
343.97278704748794,1.5055548811561548
343.9853528735793,1.5059430006730006
343.99418210029546,1.5062680353714533
344.0003858357967,1.5065403340010002
344.00474479118054,1.5067685502918136
344.0078075267036,1.5069599231453072
344.00995948368757,1.507120511711106
344.01147148921876,1.5072553922992986
344.012533837565,1.5073688234005658
344.0132802371809,1.507464384403599
344.01380463655875,1.507545092969225
344.01417304919784,1.5076132888249236
344.0144251924506,1.507669969943091
344.01459774370414,1.5077169237368495
344.0147158094446,1.5077558447395627
344.0147965763257,1.5077881356262537
344.01485180937493,1.507814958278924
344.01488956212404,1.5078372770557866
344.0149153471035,1.507855896265871
344.01493293690373,1.5078714757365508
344.0149449159171,1.507884494262894
344.01495306858146,1.5078954204503545
344.0149583665741,1.5079052974195473
344.0149618985692,1.5079118820656765
344.0149648196231,1.5079173277432076
344.0149677222531,1.5079390500444807
344.01496695780634,1.507952360225911
344.01496088089425,1.5079709939534283
344.0148882595845,1.5080416709270685
344.01404561209176,1.5082891054283794
344.0116142078556,1.5086062065338444
343.9975903660327,1.5094539262932387
343.91465583503515,1.511553024968599
343.42420704721087,1.5165197872196627
342.717100471048,1.520374805230952
341.3028870746671,1.5252634559708276
339.88867359483197,1.5286265129659755
338.47446008357474,1.531202903399106
337.0602465566154,1.5332740054369396
335.64603302057225,1.5349838780395062
334.2318194787707,1.5364182463635503
332.81760593308184,1.537633093933334
331.40339238464526,1.5386673808659581
329.9891788341975,1.5395495048569348
328.574965282237,1.5403009064540412
327.16075172911366,1.5409382272052965
325.7465381750809,1.5414746741602967
324.33232462032686,1.5419209212580829
322.9181110649944,1.5422857265959964
321.5038975092043,1.5425763679817426
320.3079929948437,1.5427688217760227
318.8937794384027,1.5429379424018215
318.63296584788685,1.5429625548099157
317.2187522911328,1.5430621371500899
315.8045387341715,1.5431071866797876
314.39032517704135,1.5431009785588299
312.9761116197745,1.5430463570913175
311.5618980623984,1.5429458012200703
310.1476845049367,1.5428014772852545
308.73347094740984,1.542615281908732
307.3192573898359,1.5423888784456214
305.905043832231,1.5421237205224234
304.4908302746095,1.541821084635505
303.07661671698446,1.5414820842856058
301.662403159368,1.541107688382578
300.24818960177134,1.5406987354033537
298.833976044205,1.5402559446774051
297.41976248667896,1.5397799290583412
296.0055489292029,1.5392711994572672
294.5913353717862,1.5387301746720061
293.177121814438,1.5381571866863528
291.7629082571675,1.5375524856479041
290.3486946999838,1.5369162439588742
288.9344811428961,1.536248559577197
287.52026758591387,1.5355494586053227
286.10605402904673,1.5348188972272783
284.6918404723046,1.5340567630402246
283.2776269156979,1.5332628758139768
281.8634133592374,1.5324369877006476
280.44919980293463,1.5315787829061118
279.0349862468015,1.5306878768249372
277.6207726908509,1.5297638146306938
276.2065591350964,1.5288060693035583
274.79234557955266,1.5278140390668091
273.37813202423524,1.5267870441925102
271.9639184691611,1.5257243231244386
270.5497049143486,1.5246250278521836
269.1354913598174,1.5234882184543965
267.7212778055892,1.5223128567102195
266.30706425168745,1.5210977986556646
264.89285069813803,1.5198417859348174
263.4786371449692,1.5185434357632912
262.06442359221217,1.5172012292815664
260.65021003990154,1.5158134980267255
259.2359964880755,1.5143784081899758
257.8217829367767,1.5128939422508128
256.4075693860527,1.5113578774816232
254.99335583595698,1.5097677606930762
253.5791422865496,1.5081208784317388
252.16492873789855,1.5064142216351675
250.75071519008105,1.504644443479806
249.33650164318533,1.502807808799812
247.92228809731265,1.5009001329773304
246.50807455257993,1.4989167075585255
245.09386100912306,1.4968522089647156
243.6796474671011,1.494700585438811
242.26543392670152,1.4924549156353804
240.85122038814737,1.4901072297817992
239.43700685170637,1.487648280720479
238.02279331770333,1.4850672467617478
236.60857978653698,1.4823513400953636
235.19436625870338,1.4794852817562032
233.78015273482924,1.476450583696705
232.36593921572032,1.4732245446834984
230.95172570243403,1.4697788086318715
229.53751219639187,1.4660772298284186
228.12329869956014,1.4620725930080942
226.70908521475408,1.457701342136772
225.29487174735613,1.4528746187883668
224.86748077630412,1.451308137446871
223.45326733933987,1.4456827366691476
222.03905394095688,1.4391800084210356
220.63307889060718,1.431417977996082
219.61954448107343,1.4245408919094449
218.88891134676913,1.4184680505746639
218.36221512486267,1.4131155080317601
217.99213637481262,1.4085293672270007
217.7321036305334,1.4046166024612883
217.5493938265987,1.4012900137162476
217.42101436468084,1.3984697724757695
217.33080968073835,1.3960841978436362
217.267428197777,1.3940699046962801
217.22289382159573,1.3923715089324025
217.191602213787,1.3909410607710304
217.16961553105068,1.389737338776003
217.15416687945745,1.388725096813359
217.14331212323137,1.3878743225716503
217.13568523099818,1.387159541590383
217.13032637180027,1.3865591839434233
217.1265611281498,1.3860550199522383
217.12391562605856,1.3856316647841362
217.12205690184425,1.385276148105887
217.12075100135797,1.3849775431006552
217.11983353875934,1.3847266484127698
217.1191890098998,1.3845157164910746
217.11873625707213,1.3843382220525122
217.11841825598535,1.3841886647855564
217.11819493974454,1.3840624007632845
217.11803815680528,1.3839554972159696
217.11792812941172,1.3838646059663264
217.11785095680244,1.3837871688796655
217.11779828190257,1.383721917300042
217.1177623823096,1.383666854224923
217.11773797973328,1.3836199907440208
217.11772146392568,1.3835796375306302
217.11771036189978,1.3835439865072767
217.1177030206039,1.3835101682353106
217.11769852564876,1.3834752444254528
217.1176967825455,1.3834449020126294
217.11769748327833,1.3834213222435159
217.1177052360514,1.3833611793844347
217.1177556690989,1.3832283146907256
217.11782813821043,1.3831226733880937
217.11824891431866,1.382786966452255
217.11884138768306,1.3824986842444165
217.12055145511238,1.381951524945018
217.20348455922542,1.3752182700514832
217.6939319673014,1.3619300966012875
218.40103776170747,1.3512178224157936
219.81525030808086,1.336737836611766
221.22946324121884,1.326040512609792
222.6436763445558,1.317343016095161
224.0578895461185,1.3099716140423765
225.47210281271188,1.3035822523314433
226.88631612611096,1.2979700695248764
228.3005294751221,1.2930009402912113
229.71474285230158,1.2885812739275817
231.12895625239548,1.284642828819158
232.54316967151965,1.2811343458633335
233.95738310669415,1.278016615808091
235.37159655556178,1.2752594158957278
236.78581001620842,1.2728395284863667
238.2000234870426,1.270739417838688
239.61423696671102,1.268946323396327
241.02845045403623,1.2674516239352207
242.44266394796875,1.2662503790253976
243.85687744754853,1.2653409824618278
245.2710909518726,1.2647248766334829
246.68530446006739,1.2644062825759912
248.09951797126485,1.264391900974664
249.51373148458273,1.2646905373473407
250.92794499911057,1.2653126031539697
252.3421585139033,1.266269447841585
253.75637202798623,1.267572490179175
255.17058554037393,1.2692321460515472
256.5847990501058,1.2712565967146192
257.9990125562968,1.2736505016156254
259.4132260581983,1.2764138173556772
260.82743955525865,1.279540913439253
262.24165304717053,1.2830201508439787
263.6558665338933,1.2868340037079151
265.0700800156444,1.2909596805719086
266.4842934928634,1.2953700872391556
267.89850696615713,1.300034915439877
269.31272043623915,1.3049216594178157
270.72693390387366,1.3099964395348973
272.1411473698302,1.3152246094988573
273.5553608348503,1.3205712041345596
274.9695742996243,1.3260013256504908
276.3837877647755,1.3314805641234386
277.7980012308487,1.3369755117914575
279.2122146983017,1.342454377349017
280.6264281674997,1.3478876545478302
282.04064163871243,1.353248765119365
283.4548551121157,1.3585145883155216
284.86906858779645,1.363665807541972
286.2832820657616,1.3686870395060882
287.6974955459496,1.3735667500255002
289.11170902824307,1.3782969918125518
290.52592251248177,1.3828730171121135
291.9401359984745,1.3872928217324252
293.3543494860095,1.391556670352737
294.76856297486285,1.3956666409020706
296.1827764648052,1.3996262125266392
297.5969899556065,1.4034399099452302
299.011203447039,1.4071130080749032
300.42541693887966,1.4106512948551986
301.8396304309107,1.4140608867785007
303.25384392291994,1.417348090106511
304.66805741470023,1.420519300493972
306.0822709060484,1.423580934244719
307.49648439676395,1.4265393853293946
308.9106978866471,1.4294010033636448
310.32491137549664,1.4321720888447336
311.73912486310735,1.4348589030090935
313.15333834926685,1.4374676906870887
314.5675518337519,1.4400047155110731
315.9817653162658,1.4424763075365177
316.0900814042015,1.442663095138919
317.4379138969576,1.4449596349884297
318.85212737482124,1.447318500496076
320.2663408498938,1.4496322453132648
321.6805543218054,1.4519082918691137
323.0947677901257,1.4541546644838736
324.5089812543458,1.456380202827929
325.92319471385457,1.4585948443847698
327.3374081679048,1.4608100051616493
328.7516216155672,1.4630391037480794
330.1658350556634,1.4652983005293623
331.5800484866664,1.467607570863071
332.99426190654634,1.4699923181282841
334.4084753125216,1.4724859043544125
335.82268870063297,1.4751338420692315
337.2369020649665,1.4780012501666837
338.6511153961303,1.481187468758935
340.06532867696393,1.4848590363119092
341.30029212189714,1.4887095343958667
342.1680291481648,1.4920303478800538
342.7777374937262,1.4949020757661802
343.2061440560306,1.497399289690881
343.3037605089615,1.4980580350273058
343.5152671894243,1.4996643709075776
343.6638805971864,1.501011521559704
343.768302555471,1.5021400809096854
343.8416737492819,1.5030849181302353
343.8932273747552,1.5038756927169945
343.9294510625263,1.5045374620896899
343.9549032938025,1.5050913004209732
343.97278704852476,1.5055548811856172
343.9853528746161,1.5059430007081371
343.9941821013323,1.5062680354133322
344.0003858368335,1.5065403340508183
344.00474479221737,1.5067685503512551
344.0078075277404,1.5069599232164026
344.0099594847244,1.5071205117960222
344.01147149025553,1.5072553924010161
344.0125338386017,1.5073688235222304
344.01328023821753,1.5074643845495757
344.0138046375953,1.5075450931453143
344.01417305023426,1.5076132890353353
344.0144251934868,1.507669970198555
344.01459774474,1.5077169240459534
344.01471581047997,1.507755845114895
344.0147965773603,1.5077881360802454
344.0148518104085,1.5078149588246361
344.01488956315643,1.5078372777204676
344.0149153481329,1.5078558971586018
344.01493293791395,1.507871477021524
344.01494491690624,1.5078844946482644
344.01495306993644,1.5078954158143243
344.0149583676974,1.5079052971647056
344.014961899538,1.507911884731587
344.0149648204725,1.5079173328402993
344.01496772156645,1.5079390500443899
344.0149669289061,1.507952462755099
344.01496085050354,1.5079710485639324
344.0148882288815,1.5080416907002434
344.0140455813331,1.5082891112643313
344.01161417709164,1.5086062095869586
343.99759033526743,1.509453927627991
343.91465580426967,1.5115530255155427
343.42420701644534,1.5165197874336038
342.7171004402825,1.5203748053672643
341.3028870439016,1.5252634560562317
339.88867356406644,1.5286265130291468
338.4744600528092,1.5312029034489711
337.0602465258499,1.5332740054776808
335.6460329898067,1.5349838780734677
334.2318194480052,1.5364182463922096
332.8176059023163,1.5376330939576783
331.4033923538797,1.538667380886713
329.98917880343197,1.53954950487464
328.57496525147144,1.540300906469094
327.1607516983481,1.5409382272180212
325.74653814431537,1.5414746741709526
324.3323245895613,1.5419209212668785
322.91811103422884,1.5422857266030967
321.5038974784388,1.5425763679872815
320.307993006225,1.5427688217744158
318.893779449784,1.5429379424006413
318.63296573282764,1.542962554820337
317.21875217607356,1.5430621371559279
315.8045386191123,1.5431071866813304
314.39032506198214,1.5431009785563203
312.9761115047153,1.5430463570849728
311.5618979473392,1.5429458012100838
310.1476843898775,1.542801477271784
308.73347083235063,1.5426152818919276
307.3192572747767,1.5423888784256068
305.9050437171718,1.5421237204993106
304.4908301595503,1.5418210846093863
303.07661660192525,1.5414820842565722
301.6624030443088,1.541107688350702
300.24818948671214,1.5406987353686947
298.83397592914577,1.5402559446400228
297.41976237161975,1.5397799290182772
296.0055488141437,1.5392711994145563
294.591335256727,1.5387301746266837
293.1771216993788,1.5381571866384425
291.7629081421083,1.5375524855974236
290.3486945849246,1.536916243905829
288.9344810278369,1.536248559521598
287.52026747085466,1.535549458547165
286.1060539139875,1.5348188971665575
284.6918403572454,1.5340567629769302
283.2776268006387,1.5332628757480873
281.8634132441782,1.5324369876321422
280.4491996878754,1.5315787828349627
279.0349861317423,1.5306878767511116
277.6207725757917,1.5297638145541494
276.2065590200372,1.5288060692242522
274.79234546449345,1.5278140389846877
273.37813190917603,1.5267870441075155
271.9639183541019,1.5257243230365019
270.5497047992894,1.5246250277612354
269.1354912447582,1.5234882183603524
267.72127769053,1.522312856612994
266.30706413662824,1.5210977985551604
264.8928505830788,1.5198417858309259
263.47863702991,1.5185434356558938
262.06442347715296,1.5172012291705363
260.65020992484233,1.5158134979119195
259.2359963730163,1.5143784080712368
257.8217828217175,1.5128939421279703
256.4075692709935,1.5113578773544833
254.9933557208978,1.509767760561435
253.57914217149042,1.508120878295362
252.16492862283937,1.506414221493795
250.75071507502187,1.5046444433331514
249.33650152812615,1.5028078086475545
247.92228798225347,1.5009001328191078
246.50807443752075,1.4989167073939336
245.09386089406388,1.496852208793295
243.6796473520419,1.4947005852600328
242.26543381164234,1.4924549154486422
240.8512202730882,1.4901072295864037
239.4370067366472,1.4876482805156162
238.02279320264415,1.4850672465464625
236.6085796714778,1.48235133986852
235.1943661436442,1.479485281516439
233.78015261977006,1.4764505834423636
232.36593910066114,1.473224544412519
230.95172558737485,1.4697788083416747
229.5375120813327,1.4660772295156677
228.12329858450096,1.4620725926683682
226.7090850996949,1.4577013417640503
225.294871632296,1.4528746191319832
224.69387822770057,1.4506556586883248
223.27966479462185,1.4449379921628231
221.86545140266264,1.4383035394464034
220.50907077575704,1.4306472261390357
219.5312878253112,1.4238681903977202
218.8264270811582,1.4178855359331741
218.31830957220768,1.412615345949675
217.96128500523207,1.4081018837630825
217.71042467762,1.4042526232292203
217.53415979845826,1.400981056982355
217.4103088111028,1.3982081615110729
217.32328602341562,1.3958631015845195
217.2621402743042,1.3938833247512663
217.2191768185756,1.392214231628395
217.18898900543766,1.3908085896428362
217.16777789520276,1.3896258186499288
217.1528741934488,1.3886312368289175
217.1424023419113,1.3877953225691277
217.1350444946573,1.3870930242478767
217.12987467784865,1.3865031337045897
217.1262422634398,1.3860077289508455
217.12369009291663,1.3855916854773953
217.12189694761017,1.3852422520617222
217.12063712593897,1.384948685247208
217.11975204070387,1.38470193599723
217.11913026218483,1.3844943819604318
217.1186934956275,1.3843195990240569
217.1183867285042,1.384172166161714
217.11817130767236,1.3840474977869353
217.1180200761399,1.383941698446191
217.11791394847913,1.3838517755719666
217.1178414462765,1.3837763246731463
217.11779196518836,1.3837130321929356
217.11775825226192,1.3836596178854292
217.11773534701726,1.3836141553755192
217.1177198567297,1.3835750128158004
217.1177094563867,1.3835404412236856
217.11770258990938,1.3835075816146671
217.11769825153314,1.3834719316541726
217.11769704818988,1.3834415634236357
217.11769698265488,1.3834392739892425
217.11769748304013,1.3834213262439556
217.11770523572696,1.3833611808999933
217.11775566875696,1.3832283153106562
217.11782813786627,1.3831226738079123
217.11824891397308,1.3827869666574069
217.1188413873372,1.3824986843870215
217.12055145476646,1.3819515250354029
217.20348455887947,1.3752182700681754
217.69393196695546,1.3619300966078174
218.40103776136152,1.3512178224201667
219.8152503077349,1.336737836614726
221.2294632408729,1.3260405126121297
222.64367634420984,1.3173430160971078
224.05788954577255,1.3099716140440516
225.47210281236593,1.303582252332904
226.886316125765,1.2979700695261607
228.30052947477614,1.2930009402923588
229.71474285195563,1.2885812739286002
231.12895625204953,1.2846428288200658
232.5431696711737,1.281134345864141
233.9573831063482,1.2780166158088089
235.37159655521583,1.2752594158963606
236.78581001586247,1.27283952848692
238.20002348669667,1.2707394178391636
239.61423696636507,1.2689463233967306
241.02845045369028,1.2674516239355504
242.4426639476228,1.266250379025653
243.85687744720258,1.2653409824620174
245.27109095152665,1.2647248766335968
246.68530445972144,1.2644062825760334
248.0995179709189,1.2643919009746298
249.51373148423679,1.2646905373472288
250.92794499876462,1.2653126031537758
252.34215851355737,1.2662694478413083
253.75637202764028,1.2675724901788128
255.170585540028,1.2692321460510985
256.58479904975985,1.2712565967140794
257.99901255595086,1.2736505016149977
259.41322605785234,1.276413817354955
260.8274395549127,1.2795409134384452
262.2416530468246,1.2830201508430878
263.65586653354734,1.286834003706945
265.07008001529846,1.2909596805708634
266.48429349251745,1.2953700872380454
267.8985069658112,1.3000349154387028
269.3127204358932,1.3049216594165962
270.7269339035277,1.309996439533632
272.14114736948426,1.3152246094975624
273.55536083450437,1.3205712041332434
274.96957429927835,1.3260013256491539
276.38378776442954,1.331480564122094
277.79800123050273,1.3369755117901148
279.21221469795574,1.3424543773476774
280.62642816715373,1.3478876545465088
282.0406416383665,1.3532487651180638
283.45485511176975,1.3585145883142458
284.8690685874505,1.363665807540725
286.2832820654157,1.368687039504879
287.69749554560366,1.373566750024327
289.1117090278971,1.3782969918114116
290.5259225121358,1.3828730171110126
291.94013599812854,1.387292821731363
293.35434948566353,1.3915566703517122
294.7685629745169,1.3956666409010847
296.18277646445927,1.399626212525689
297.59698995526054,1.403439909944314
299.01120344669306,1.4071130080740208
300.4254169385337,1.410651294854349
301.83963043056474,1.4140608867776818
303.253843922574,1.417348090105719
304.6680574143543,1.4205193004932122
306.08227090570244,1.4235809342439816
307.496484396418,1.4265393853286823
308.91069788630114,1.4294010033629574
310.3249113751507,1.4321720888440657
311.7391248627614,1.4348589030084449
313.1533383489209,1.437467690686458
314.56755183340596,1.440004715510458
315.98176531591986,1.4424763075359197
316.09008140385555,1.4426630951383221
317.43791389661163,1.4449596349878473
318.8521273744753,1.4473185004955087
320.2663408495479,1.4496322453127046
321.68055432145945,1.4519082918685615
323.0947677897797,1.4541546644833285
324.5089812539999,1.4563802028273858
325.9231947135086,1.4585948443842305
327.33740816755886,1.460810005161107
328.75162161522127,1.4630391037475325
330.1658350553175,1.4652983005288034
331.58004848632044,1.467607570862497
332.9942619062004,1.4699923181276893
334.40847531217565,1.4724859043537868
335.822688700287,1.4751338420685587
337.23690206462055,1.478001250165947
338.65111539578436,1.4811874687581066
340.065328676618,1.4848590363109313
341.3002921215512,1.4887095343946684
342.16802914781886,1.4920303478785792
342.77773749338024,1.4949020757643654
343.20614405568466,1.4973992896886203
343.30376050861554,1.4980580350248882
343.5152671890784,1.4996643709046884
343.66388059684044,1.50101152155626
343.76830255512505,1.5021400809055894
343.84167374893593,1.5030849181253454
343.89322737440926,1.5038756927111794
343.92945106218036,1.504537462082768
343.95490329345654,1.5050913004127409
343.9727870481789,1.5055548811758088
343.98535287427023,1.5059430006963936
343.9941821009864,1.506268035399434
344.0003858364876,1.5065403340341654
344.0047447918715,1.5067685503314738
344.0078075273945,1.506959923192548
344.0099594843785,1.507120511767663
344.01147148990964,1.5072553923670913
344.0125338382558,1.5073688234815497
344.01328023787164,1.5074643845009223
344.01380463724945,1.5075450930866665
344.0141730498884,1.5076132889649991
344.01442519314105,1.5076699701122058
344.0145977443944,1.5077169239424073
344.01471581013453,1.5077558449903914
344.01479657701515,1.5077881359284397
344.0148518100637,1.50781495864379
344.014889562812,1.5078372774996178
344.0149153477895,1.5078558968623537
344.01493293757665,1.5078714765987065
344.0149449165757,1.5078844945004795
344.0149530694907,1.50789541723244
344.01495836732636,1.5079052971700384
344.0149618992168,1.5079118837951229
344.01496482018746,1.507917331115421
344.01496772179473,1.5079390500446017
344.01496694085074,1.5079524204136696
344.01496086306327,1.5079710260010586
344.0148882415702,1.5080416825289795
344.01404559404483,1.5082891088524462
344.0116141898055,1.5086062083255367
343.9975903479818,1.5094539270763816
343.9146558169842,1.5115530252895195
343.42420702915985,1.5165197873451925
342.717100452997,1.5203748053109458
341.3028870566161,1.5252634560209384
339.88867357678095,1.5286265130030379
338.4744600655237,1.5312029034283663
337.0602465385644,1.5332740054608391
335.6460330025212,1.5349838780594298
334.2318194607197,1.5364182463803624
332.8176059150308,1.5376330939476173
331.40339236659423,1.5386673808781333
329.9891788161465,1.539549504867317
328.57496526418595,1.5403009064628732
327.16075171106263,1.5409382272127639
325.7465381570299,1.541474674166549
324.33232460227583,1.5419209212632428
322.91811104694335,1.5422857266001633
321.5038974911533,1.5425763679849835
320.3079930189395,1.5427688217726137
318.8937794624985,1.542937942399351
318.6329656612484,1.5429625548268169
317.21875210449434,1.5430621371595572
315.80453854753307,1.5431071866822839
314.3903249904029,1.5431009785547567
312.97611143313605,1.5430463570810302
311.56189787576,1.542945801203867
310.1476843182983,1.5428014772634073
308.7334707607714,1.542615281881472
307.3192572031975,1.5423888784131536
305.90504364559257,1.5421237204849318
304.49083008797106,1.541821084593142
303.07661653034603,1.5414820842385129
301.6624029727296,1.5411076883308723
300.2481894151329,1.5406987353471344
298.83397585756654,1.5402559446167647
297.41976230004053,1.5397799289933511
296.0055487425645,1.5392711993879873
294.5913351851478,1.5387301745984892
293.1771216277996,1.5381571866086383
291.7629080705291,1.5375524855660159
290.3486945133454,1.5369162438728294
288.9344809562577,1.5362485594870081
287.52026739927544,1.5355494585109846
286.1060538424083,1.5348188971287833
284.69184028566616,1.5340567629375537
283.2776267290595,1.5332628757070994
281.863413172599,1.5324369875895307
280.4491996162962,1.531578782790704
279.0349860601631,1.5306878767051835
277.6207725042125,1.5297638145065304
276.206558948458,1.5288060691749128
274.7923453929142,1.527814038933595
273.3781318375968,1.526787044054637
271.9639182825227,1.5257243229817952
270.54970472771015,1.5246250277046514
269.135491173179,1.523488218301849
267.72127761895075,1.5223128565525084
266.307064065049,1.5210977984926382
264.8928505114996,1.5198417857662954
263.47863695833075,1.5185434355890848
262.06442340557373,1.517201229101466
260.6502098532631,1.5158134978404976
259.23599630143707,1.5143784079973706
257.82178275013825,1.5128939420515493
256.4075691994143,1.5113578772753913
254.99335564931854,1.5097677604795396
253.57914209991117,1.5081208782105229
252.16492855126012,1.5064142214058465
250.75071500344262,1.5046444432419153
249.3365014565469,1.502807808552837
247.9222879106742,1.5009001327206803
246.5080743659415,1.4989167072915432
245.09386082248463,1.4968522086866498
243.67964728046266,1.4947005851488109
242.2654337400631,1.492454915332469
240.85122020150894,1.4901072294648445
239.43700666506794,1.4876482803881659
238.0227931310649,1.4850672464125265
236.60857959989855,1.4823513397273962
235.19436607206495,1.4794852813672796
233.7801525481908,1.476450583284136
232.3659390290819,1.4732245442439469
230.9517255157956,1.4697788081611418
229.53751200975344,1.4660772293210986
228.1232985129217,1.4620725924570246
226.70908502811565,1.4577013415321274
225.29487156071866,1.45287461933779
224.45284157181956,1.4497333225798923
223.03862814447592,1.4438813103580361
221.6244147621848,1.4370526918948057
220.33689548203253,1.4295481589222037
219.40875306475488,1.4229096909724195
218.7396770192176,1.4170561422076045
218.25735586210402,1.4119036767682185
217.91845689405702,1.4074939786090868
217.68033237264768,1.4037352880939546
217.51301620524862,1.400542130231432
217.3954529582491,1.3978366629627534
217.31284820078557,1.395549280469159
217.25480674512428,1.393618633364682
217.21402449627385,1.3919912514100268
217.18536929065954,1.3906209312830224
217.16523505482655,1.389468011668209
217.15108801025858,1.388498618693082
217.14114781785162,1.3876839333604072
217.13416353664985,1.3869995100620613
217.12925620305927,1.3864246601406314
217.12580822040465,1.3859419049106774
217.12338563939898,1.3855364968497779
217.12168354915036,1.3851960045186376
217.12048770660613,1.3849099552410233
217.11964757581026,1.3846695290121298
217.11905738418375,1.384467297118739
217.11864281191598,1.3842969992230514
217.1183516394396,1.3841533530247903
217.11814717605935,1.3840318908336553
217.11800364366994,1.3839288180588323
217.11790292571882,1.3838412191427207
217.11783412666009,1.3837677299451516
217.1177871803919,1.3837060991909933
217.1177552022619,1.3836541123860244
217.11773348361044,1.3836098965116106
217.11771880516662,1.3835718432572541
217.11770896678473,1.3835383016519347
217.1177024994337,1.383506980186674
217.11769855457817,1.3834756175876235
217.1176969554818,1.3834481624928798
217.11769748313577,1.3834213246014346
217.11770523585832,1.383361180290653
217.11775566889537,1.383228315059623
217.1178281380056,1.383122673638832
217.11824891411297,1.3827869665741939
217.1188413874772,1.3824986843296365
217.1205514549065,1.3819515249988599
217.20348455901953,1.375218270061439
217.69393196709552,1.3619300966051637
218.40103776150158,1.3512178224183928
219.81525030787498,1.3367378366135287
221.22946324101295,1.3260405126111858
222.6436763443499,1.3173430160963202
224.05788954591262,1.3099716140433715
225.472102812506,1.3035822523323115
226.88631612590507,1.2979700695256398
228.3005294749162,1.293000940291893
229.7147428520957,1.2885812739281883
231.1289562521896,1.2846428288196985
232.54316967131376,1.2811343458638143
233.95738310648827,1.278016615808518
235.3715965553559,1.2752594158961048
236.78581001600253,1.2728395284866947
238.20002348683673,1.2707394178389704
239.61423696650513,1.268946323396567
241.02845045383035,1.2674516239354152
242.44266394776287,1.266250379025551
243.85687744734264,1.26534098246194
245.2710909516667,1.26472487663355
246.6853044598615,1.2644062825760156
248.09951797105896,1.2643919009746436
249.51373148437685,1.2646905373472737
250.92794499890468,1.2653126031538542
252.34215851369743,1.2662694478414203
253.75637202778034,1.2675724901789596
255.17058554016805,1.2692321460512797
256.5847990498999,1.2712565967142975
257.9990125560909,1.2736505016152497
259.4132260579924,1.2764138173552477
260.82743955505276,1.279540913438773
262.24165304696464,1.2830201508434484
263.6558665336874,1.2868340037073376
265.0700800154385,1.290959680571286
266.4842934926575,1.2953700872384943
267.89850696595124,1.3000349154391797
269.31272043603326,1.3049216594170874
270.72693390366777,1.3099964395341432
272.1411473696243,1.3152246094980855
273.55536083464443,1.320571204133774
274.9695742994184,1.3260013256496945
276.3837877645696,1.3314805641226364
277.7980012306428,1.3369755117906583
279.2122146980958,1.342454377348219
280.6264281672938,1.3478876545470442
282.04064163850654,1.3532487651185914
283.4548551119098,1.3585145883147636
284.86906858759056,1.3636658075412287
286.28328206555574,1.36868703950537
287.6974955457437,1.3735667500247999
289.1117090280372,1.3782969918118737
290.5259225122759,1.3828730171114598
291.9401359982686,1.3872928217317921
293.3543494858036,1.3915566703521278
294.76856297465696,1.3956666409014833
296.1827764645993,1.3996262125260719
297.5969899554006,1.4034399099446868
299.0112034468331,1.4071130080743806
300.4254169386738,1.4106512948546925
301.8396304307048,1.4140608867780116
303.25384392271405,1.4173480901060396
304.66805741449434,1.4205193004935195
306.0822709058425,1.4235809342442827
307.49648439655806,1.426539385328972
308.9106978864412,1.4294010033632343
310.32491137529075,1.432172088844335
311.73912486290146,1.434858903008706
313.15333834906096,1.4374676906867125
314.567551833546,1.440004715510708
315.9817653160599,1.4424763075361615
316.0900814039956,1.442663095138565
317.4379138967517,1.4449596349880833
318.85212737461535,1.4473185004957396
320.26634084968794,1.4496322453129316
321.6805543215995,1.4519082918687873
323.0947677899198,1.4541546644835481
324.50898125413994,1.4563802028276063
325.9231947136487,1.4585948443844505
327.3374081676989,1.4608100051613255
328.75162161536133,1.4630391037477537
330.16583505545753,1.4652983005290303
331.5800484864605,1.4676075708627307
332.99426190634045,1.4699923181279302
334.4084753123157,1.472485904354038
335.8226887004271,1.4751338420688318
337.2369020647606,1.4780012501662436
338.6511153959244,1.4811874687584416
340.06532867675804,1.484859036311322
341.30029212169126,1.4887095343951557
342.1680291479589,1.4920303478791788
342.7777374935203,1.4949020757650917
343.2061440558247,1.4973992896895383
343.3037605087556,1.4980580350258772
343.51526718921843,1.4996643709058581
343.6638805969805,1.501011521557651
343.7683025552651,1.502140080907253
343.841673749076,1.503084918127331
343.8932273745493,1.5038756927135493
343.9294510623204,1.5045374620855634
343.9549032935966,1.505091300416048
343.97278704831893,1.5055548811797883
343.9853528744103,1.5059430007010755
343.99418210112646,1.5062680354050824
344.0003858366277,1.5065403340410002
344.00474479201154,1.5067685503395245
344.00780752753457,1.5069599232022994
344.00995948451856,1.507120511779243
344.0114714900497,1.5072553923807679
344.0125338383959,1.5073688234979916
344.0132802380117,1.5074643845207234
344.0138046373895,1.507545093110478
344.0141730500285,1.5076132889941853
344.01442519328106,1.5076699701461342
344.01459774453434,1.507716923985066
344.0147158102744,1.5077558450414186
344.0147965771549,1.507788135991209
344.01485181020337,1.5078149587168594
344.01488956295157,1.507837277587975
344.0149153479286,1.5078558969882738
344.01493293771193,1.507871476796367
344.01494491670667,1.50788449449644
344.0149530696989,1.5078954161370108
344.01495836748956,1.5079052969247249
344.01496189935,1.5079118841165005
344.01496482028347,1.5079173318823793
344.01496772166445,1.5079390500442762
344.0149669339465,1.5079524448845851
344.0149608558035,1.5079710390432068
344.01488823423585,1.5080416872513125
344.0140455866972,1.5082891102466056
344.01161418245664,1.508606209054462
343.99759034063266,1.5094539273952106
343.91465580963495,1.5115530254201697
343.4242070218106,1.5165197873962746
342.71710044564776,1.520374805343507
341.3028870492669,1.5252634560413365
339.8886735694317,1.5286265130181274
338.4744600581745,1.531202903440278
337.06024653121517,1.5332740054705751
335.646032995172,1.5349838780675453
334.23181945337046,1.536418246387203
332.8176059076816,1.5376330939534308
331.403392359245,1.5386673808830926
329.98917880879725,1.539549504871548
328.5749652568367,1.5403009064664703
327.1607517037134,1.5409382272158014
325.74653814968065,1.541474674169094
324.3323245949266,1.541920921265348
322.9181110395941,1.5422857266018621
321.50389748380405,1.5425763679863116
320.30799301159027,1.5427688217736573
318.8937794551493,1.542937942400179
318.63296586463343,1.5429625548083963
317.21875230787936,1.5430621371492401
315.8045387509181,1.5431071866795651
314.39032519378793,1.5431009785591958
312.97611163652107,1.543046357092242
311.561898079145,1.542945801221526
310.1476845216833,1.542801477287215
308.7334709641564,1.5426152819111785
307.3192574065825,1.5423888784485333
305.9050438489776,1.5421237205257894
304.4908302913561,1.5418210846393061
303.07661673373104,1.5414820842898331
301.6624031761146,1.5411076883872181
300.2481896185179,1.540698735408396
298.83397606095156,1.5402559446828483
297.41976250342555,1.539779929064173
296.0055489459495,1.5392711994634802
294.5913353885328,1.5387301746786017
293.1771218311846,1.5381571866933264
291.7629082739141,1.5375524856552527
290.3486947167304,1.536916243966594
288.9344811596427,1.5362485595852906
287.52026760266045,1.535549458613787
286.1060540457933,1.534818897236115
284.6918404890512,1.5340567630494386
283.2776269324445,1.5332628758235691
281.863413375984,1.5324369877106179
280.4491998196812,1.5315787829164667
279.0349862635481,1.530687876835683
277.6207727075975,1.5297638146418338
276.206559151843,1.5288060693151038
274.79234559629924,1.5278140390787631
273.3781320409818,1.526787044204882
271.9639184859077,1.5257243231372386
270.54970493109516,1.5246250278654239
269.135491376564,1.5234882184680822
267.72127782233576,1.5223128567243713
266.30706426843403,1.521097798670295
264.8928507148846,1.5198417859499376
263.47863716171577,1.5185434357789198
262.06442360895875,1.517201229297728
260.6502100566481,1.515813498043436
259.2359965048221,1.5143784082072593
257.82178295352327,1.512893942268695
256.4075694027993,1.5113578775001253
254.9933558527036,1.5097677607122346
253.5791423032962,1.5081208784515867
252.16492875464516,1.506414221655744
250.75071520682766,1.5046444435011521
249.33650165993194,1.502807808821974
247.92228811405926,1.5009001330003593
246.50807456932654,1.4989167075824836
245.09386102586967,1.4968522089896656
243.6796474838477,1.4947005854648325
242.26543394344813,1.4924549156625604
240.85122040489398,1.4901072298102385
239.43700686845298,1.4876482807502986
238.02279333444994,1.485067246793087
236.6085798032836,1.4823513401283792
235.19436627545,1.4794852817911013
233.78015275157586,1.4764505837337232
232.36593923246693,1.473224544722937
230.95172571918064,1.4697788086741084
229.53751221313848,1.46607722987394
228.12329871630675,1.4620725930575424
226.7090852315007,1.4577013421910485
225.29487176410137,1.4528746188373123
224.48487999440343,1.449857047575048
223.07066656627356,1.4440233305034402
221.6564531826435,1.4372213230892932
220.35978091976992,1.4296962667828836
219.42504033147384,1.4230388060682349
218.75120781886656,1.4171678265730583
218.2654578359473,1.4119994787741772
217.9241496310533,1.4075757911274334
217.68433227876378,1.4038048970027042
217.515826657366,1.4006011792807376
217.39742765007935,1.3978866344766208
217.31423565236716,1.395591489588731
217.2557815770617,1.3936542321511705
217.2147094043296,1.392021239203829
217.1858504860242,1.3906461684348015
217.16557311310004,1.389489234594257
217.1513254943993,1.388516454926426
217.14131463438042,1.3876989158108783
217.1342806991435,1.3870120900713965
217.12933847653875,1.3864352191609302
217.12586597939338,1.3859507647848714
217.12342617347235,1.3855439287547364
217.12171198026957,1.3852022366798444
217.1205076336753,1.3849151795434953
217.11966152756924,1.3846739066376361
217.1190671374294,1.3844709633326753
217.11864961509758,1.3843000674272394
217.11835636976596,1.3841559181745422
217.11815044988822,1.3840340323140738
217.11800589407025,1.3839306020891846
217.11790445697577,1.3838427016611567
217.11783516555576,1.3837689627385317
217.1177878821461,1.383707126190085
217.11775567308746,1.3836549701463865
217.11773379615718,1.3836106153895034
217.1177190091224,1.3835724492003925
217.117709096052,1.383538821674657
217.1177025764994,1.3835074465332748
217.11769859358878,1.3834760633297996
217.1176969566707,1.3834484826564446
217.11769748307535,1.3834213256463936
217.11770523577505,1.3833611806733426
217.1177556688077,1.3832283152188842
217.11782813791734,1.3831226737457225
217.11824891402438,1.3827869666269734
217.11884138738856,1.3824986843658724
217.12055145481781,1.381951525022132
217.20348455893085,1.375218270065714
217.69393196700685,1.3619300966068382
218.4010377614129,1.351217822419514
219.8152503077863,1.3367378366142897
221.22946324092428,1.3260405126117805
222.64367634426122,1.3173430160968154
224.05788954582394,1.3099716140437998
225.47210281241732,1.303582252332684
226.8863161258164,1.2979700695259717
228.30052947482753,1.2930009402921852
229.71474285200702,1.2885812739284503
231.12895625210092,1.2846428288199303
232.5431696712251,1.2811343458640196
233.9573831063996,1.2780166158087019
235.37159655526722,1.2752594158962676
236.78581001591385,1.272839528486837
238.20002348674805,1.2707394178390936
239.61423696641646,1.2689463233966691
241.02845045374167,1.2674516239355011
242.4426639476742,1.2662503790256172
243.85687744725396,1.2653409824619886
245.27109095157803,1.2647248766335786
246.68530445977282,1.2644062825760272
248.09951797097028,1.2643919009746334
249.51373148428817,1.2646905373472448
250.927944998816,1.2653126031538044
252.34215851360875,1.26626944784135
253.75637202769167,1.2675724901788636
255.17058554007937,1.2692321460511606
256.58479904981124,1.2712565967141587
257.99901255600224,1.273650501615089
259.4132260579037,1.2764138173550643
260.8274395549641,1.2795409134385654
262.24165304687597,1.283020150843219
263.6558665335987,1.2868340037070884
265.07008001534984,1.290959680571017
266.48429349256884,1.2953700872382088
267.89850696586257,1.300034915438879
269.3127204359446,1.3049216594167783
270.7269339035791,1.3099964395338224
272.14114736953564,1.3152246094977547
273.55536083455576,1.3205712041334394
274.96957429932974,1.3260013256493537
276.3837877644809,1.3314805641222933
277.7980012305541,1.3369755117903135
279.21221469800713,1.3424543773478776
280.6264281672051,1.3478876545467067
282.04064163841787,1.3532487651182563
283.45485511182113,1.358514588314436
284.8690685875019,1.36366580754091
286.28328206546706,1.3686870395050579
287.69749554565504,1.3735667500245017
289.1117090279485,1.3782969918115815
290.5259225121872,1.3828730171111776
291.9401359981799,1.387292821731522
293.3543494857149,1.3915566703518654
294.7685629745683,1.39566664090123
296.18277646451065,1.3996262125258274
297.5969899553119,1.40343990994445
299.01120344674445,1.407113008074152
300.4254169385851,1.4106512948544756
301.8396304306161,1.4140608867778033
303.2538439226254,1.417348090105838
304.66805741440567,1.420519300493325
306.08227090575383,1.4235809342440933
307.4964843964694,1.426539385328791
308.9106978863525,1.4294010033630602
310.3249113752021,1.432172088844164
311.7391248628128,1.434858903008542
313.1533383489723,1.437467690686553
314.56755183345734,1.4400047155105515
315.98176531597124,1.4424763075360103
316.09008140390694,1.4426630951384118
317.437913896663,1.4449596349879337
318.8521273745267,1.4473185004955909
320.26634084959926,1.449632245312787
321.68055432151084,1.4519082918686448
323.0947677898311,1.4541546644834078
324.50898125405126,1.4563802028274664
325.92319471356,1.4585948443843098
327.33740816761025,1.4608100051611885
328.75162161527265,1.4630391037476131
330.16583505536886,1.4652983005288869
331.5800484863718,1.467607570862584
332.9942619062518,1.4699923181277774
334.40847531222704,1.4724859043538767
335.8226887003384,1.475133842068657
337.23690206467194,1.4780012501660558
338.65111539583575,1.4811874687582283
340.06532867666937,1.484859036311075
341.3002921216026,1.488709534394844
342.16802914787024,1.4920303478788046
342.77773749343163,1.4949020757646363
343.20614405573605,1.497399289688956
343.3037605086669,1.4980580350252586
343.51526718912976,1.4996643709051185
343.66388059689183,1.50101152155677
343.76830255517643,1.502140080906197
343.8416737489873,1.5030849181260773
343.89322737446065,1.5038756927120485
343.92945106223175,1.504537462083786
343.9549032935079,1.505091300413945
343.97278704823026,1.5055548811772599
343.9853528743216,1.5059430006980783
343.9941821010378,1.5062680354015097
344.000385836539,1.5065403340366408
344.00474479192286,1.5067685503344597
344.0078075274459,1.5069599231961621
344.0099594844299,1.507120511771801
344.011471489961,1.5072553923722278
344.0125338383072,1.5073688234878124
344.013280237923,1.5074643845081388
344.01380463730084,1.50754509309516
344.0141730499398,1.507613288976051
344.01442519319244,1.5076699701251288
344.0145977444458,1.5077169239576267
344.01471581018586,1.507755845008556
344.0147965770664,1.507788135951003
344.0148518101149,1.5078149586696803
344.0148895628632,1.5078372775318762
344.01491534784043,1.5078558969058058
344.0149329376273,1.5078714766498
344.01494491662646,1.5078844945454888
344.0149530695448,1.507895417268894
344.0149583673738,1.5079052973323197
344.01496189925984,1.507911884041277
344.01496482023697,1.5079173314498535
344.0149677217452,1.5079390500444263
344.0149669386838,1.5079524280987737
344.0149608607847,1.507971030095716
344.0148882392682,1.50804168401099
344.01404559173864,1.5082891092901423
344.01161418749894,1.508606208554259
343.9975903456752,1.509453927176393
343.9146558146775,1.5115530253305147
343.42420702685314,1.5165197873612484
342.7171004506903,1.5203748053211632
341.3028870543094,1.525263456027344
339.88867357447424,1.5286265130077759
338.474460063217,1.531202903432104
337.0602465362577,1.5332740054638956
335.6460330002145,1.5349838780619767
334.231819458413,1.5364182463825085
332.8176059127241,1.537633093949442
331.4033923642875,1.5386673808796951
329.98917881383977,1.5395495048686452
328.57496526187924,1.5403009064640052
327.1607517087559,1.5409382272137182
325.74653815472317,1.5414746741673506
324.3323245999691,1.5419209212639036
322.91811104463665,1.5422857266006975
321.5038974888466,1.5425763679853979
320.3079930166328,1.5427688217729432
318.8937794601918,1.5429379423995782
318.6329656589417,1.5429625548270254
317.21875210218764,1.5430621371596758
315.80453854522636,1.5431071866823203
314.3903249880962,1.5431009785547098
312.97611143082935,1.5430463570808999
311.5618978734533,1.5429458012036683
310.14768431599157,1.542801477263131
308.7334707584647,1.5426152818811376
307.3192572008908,1.5423888784127533
305.90504364328586,1.5421237204844673
304.49083008566436,1.5418210845926166
303.0766165280393,1.54148208423793
301.6624029704229,1.5411076883302308
300.2481894128262,1.5406987353464405
298.83397585525984,1.5402559446160164
297.4197622977338,1.5397799289925467
296.0055487402578,1.5392711993871304
294.5913351828411,1.5387301745975828
293.1771216254929,1.5381571866076786
291.7629080682224,1.5375524855650036
290.3486945110387,1.5369162438717687
288.934480953951,1.536248559485895
287.52026739696873,1.5355494585098213
286.1060538401016,1.5348188971275658
284.69184028335945,1.5340567629362856
283.27762672675277,1.5332628757057798
281.8634131702923,1.5324369875881578
280.4491996139895,1.5315787827892762
279.0349860578564,1.5306878767037055
277.6207725019058,1.529763814504997
276.2065589461513,1.5288060691733232
274.7923453906075,1.5278140389319472
273.3781318352901,1.5267870440529314
271.963918280216,1.5257243229800335
270.54970472540344,1.524625027702828
269.1354911708723,1.52348821829996
267.72127761664404,1.5223128565505566
266.3070640627423,1.5210977984906213
264.8928505091929,1.5198417857642141
263.47863695602405,1.518543435586928
262.064423403267,1.51720122909924
260.6502098509564,1.5158134978381954
259.23599629913036,1.5143784079949907
257.82178274783155,1.5128939420490861
256.4075691971076,1.5113578772728415
254.99335564701184,1.509767760476901
253.57914209760446,1.508120878207788
252.1649285489534,1.5064142214030125
250.75071500113592,1.5046444432389772
249.3365014542402,1.5028078085497827
247.9222879083675,1.5009001327175056
246.5080743636348,1.4989167072882421
245.09386082017792,1.4968522086832123
243.67964727815595,1.4947005851452257
242.26543373775638,1.4924549153287259
240.85122019920223,1.4901072294609263
239.43700666276123,1.4876482803840594
238.0227931287582,1.4850672464082126
236.60857959759184,1.4823513397228503
235.19436606975825,1.4794852813624728
233.7801525458841,1.4764505832790362
232.36593902677518,1.473224544238513
230.9517255134889,1.4697788081553231
229.53751200744674,1.46607722931483
228.123298510615,1.462072592450212
226.70908502580895,1.457701341524656
225.29487155841184,1.4528746192765323
224.6958051918664,1.450662954519492
223.28159175874347,1.4449463321546894
221.86737836671062,1.4383133774694712
220.51044896764148,1.43065588548345
219.5322704201868,1.4238757591713642
218.82712449940792,1.4178921046740869
218.31880141330063,1.4126210052046773
217.96163239919002,1.4081067446813988
217.71067057695976,1.4042567916493869
217.5343343834191,1.4009846313959287
217.41043328758587,1.3982112319516362
217.3233752915754,1.395865749335109
217.26220480361235,1.3938856226688858
217.21922396531957,1.3922162448814803
217.18902393844994,1.3908103766966644
217.16780424631656,1.389627432383948
217.15289451453498,1.388632725714778
217.14241842601052,1.3877967318716107
217.1350576016197,1.3870943972375032
217.12988569287566,1.3865045128888152
217.12625180847948,1.3860091573463489
217.12369860493052,1.3855932079594546
217.12190473356083,1.3852439168426283
217.12064440141788,1.3849505455593598
217.1197589570601,1.3847040520877603
217.11913692556757,1.3844968235642159
217.1186999803371,1.3843224485760546
217.118393086328,1.3841755231915518
217.11817757437234,1.3840514852753505
217.1180262750208,1.3839464718293866
217.1179201005607,1.3838571948067209
217.11784563510724,1.3837811411838796
217.11779481320985,1.3837170704954673
217.11776018170565,1.383663025704724
217.11773664632028,1.3836170550580065
217.11772072384144,1.3835774764402933
217.11771003435203,1.3835425577907474
217.1177029887303,1.3835099567877003
217.1176979941867,1.3834725864080393
217.11769704472752,1.383441563427281
217.11769698155754,1.3834393783552583
217.1176974785312,1.3834214018507756
217.11770522959065,1.3833612096373857
217.11775566228835,1.3832283270657093
217.1178281313557,1.383122681730383
217.11824890743594,1.382786970535356
217.1188413807949,1.3824986870851486
217.1205514482231,1.381951526746136
217.20348455233565,1.375218270384141
217.69393196041162,1.3619300967312886
218.40103775481768,1.3512178225028455
219.81525030119104,1.3367378366707383
221.22946323432902,1.326040512656271
222.64367633766597,1.3173430161339392
224.05788953922868,1.3099716140756894
225.47210280582206,1.3035822523605454
226.88631611922114,1.297970069550559
228.30052946823227,1.293000940314017
229.71474284541176,1.2885812739478937
231.12895624550566,1.2846428288372618
232.54316966462983,1.2811343458794462
233.95738309980433,1.2780166158223807
235.37159654867196,1.275259415908322
236.7858100093186,1.2728395284973635
238.2000234801528,1.2707394178481624
239.6142369598212,1.2689463234043288
241.0284504471464,1.2674516239417857
242.44266394107893,1.2662503790305384
243.8568774406587,1.2653409824655482
245.27109094498277,1.2647248766357633
246.68530445317757,1.2644062825768083
248.09951796437502,1.264391900973979
249.51373147769291,1.2646905373451076
250.92794499222074,1.2653126031501316
252.3421585070135,1.266269447836088
253.7563720210964,1.2675724901719656
255.17058553348411,1.2692321460425773
256.584799043216,1.2712565967038578
257.999012549407,1.2736505016030604
259.41322605130847,1.27641381734132
260.82743954836883,1.2795409134231521
262.2416530402807,1.2830201508261976
263.65586652700347,1.2868340036885562
265.0700800087546,1.2909596805510912
266.4842934859736,1.295370087217025
267.8985069592673,1.3000349154165816
269.3127204293493,1.3049216593935196
270.72693389698384,1.3099964395097698
272.1411473629404,1.3152246094730675
273.5553608279605,1.3205712041082813
274.9695742927345,1.326001325623889
276.38378775788567,1.33148056409668
277.79800122395886,1.336975511764699
279.2122146914119,1.3424543773224102
280.62642816060986,1.3478876545215166
282.0406416318226,1.3532487650934608
283.4548551052259,1.3585145882901317
284.8690685809066,1.3636658075171817
286.2832820588718,1.3686870394819648
287.6974955390598,1.3735667500020883
289.11170902135325,1.37829699178988
290.52592250559195,1.3828730170902008
291.94013599158467,1.3872928217112737
293.35434947911966,1.3915566703323403
294.768562967973,1.3956666408824185
296.1827764579154,1.3996262125077084
297.59698994871667,1.403439909926997
299.0112034401492,1.4071130080573413
300.42541693198984,1.4106512948382783
301.83963042402087,1.414060886762193
303.2538439160301,1.4173480900907833
304.6680574078104,1.4205193004787984
306.0822708991586,1.4235809342300607
307.4964843898741,1.4265393853152226
308.91069787975727,1.4294010033499314
310.3249113686068,1.4321720888314442
311.73912485621753,1.4348589029961973
313.153338342377,1.4374676906745585
314.5675518268621,1.4400047154988784
315.9817653093758,1.4424763073615263
316.1857157521657,1.4428277279687947
317.5999292322295,1.445232385974292
319.0141427097906,1.4475857211130774
320.4283561845208,1.449894760952112
321.8425696560441,1.4521669877634313
323.2567831239221,1.4544105073506532
324.6709965876358,1.4566342692801464
326.08521004656006,1.4588483588840826
327.4994234999296,1.4610643917232833
328.9136369467905,1.4632960579959833
330.3278503859303,1.465559892805293
331.7420638157734,1.467876398500261
333.156277234219,1.4702717391366356
334.57049063837667,1.4727804136562015
335.9847040241119,1.4754497157312487
337.3989173852101,1.478347742710346
338.8131307117237,1.4815793071276606
340.227343984829,1.485322568910316
341.39860341696743,1.489053851881661
342.2215793351997,1.4922603269421215
342.7998366527447,1.4950187630074843
343.20614441021735,1.4973992889190235
343.3404485401357,1.4983173764124234
343.5410449104702,1.4998819873526983
343.68199227703434,1.501193884782618
343.78102775347816,1.5022927771913015
343.8506141794129,1.5032127154859591
343.8995084683832,1.5039826285525755
343.9338635949077,1.5046269368239313
343.958002896776,1.505166167962855
343.9749641323062,1.505617531523958
343.9868817577825,1.5059954327315255
343.99525553160873,1.506311919733644
344.00113924684507,1.5065770664579379
344.0052733425968,1.5067992968987376
344.00817808233023,1.50698565803788
344.01021902485513,1.507142048719576
344.0116530269697,1.5072734113249573
344.01266056682937,1.5073838923980893
344.0133684556725,1.5074769776974053
344.0138657957092,1.5075556065145912
344.01421519524325,1.5076220571022967
344.0144543228086,1.5076773045385499
344.0146179638835,1.5077230897418552
344.0147299297979,1.5077610649651372
344.01480652055125,1.5077925989199152
344.0148588941297,1.5078188267568502
344.01489468839617,1.5078406915676168
344.01491913130155,1.5078589790588997
344.01493580078903,1.5078743470610343
344.0149471447846,1.5078873522604432
344.01495483664013,1.5078984743138437
344.01496001823296,1.5079081279909472
344.01496347121133,1.5079166932727213
344.0149657750299,1.50792493864425
344.01496772201364,1.5079390500448755
344.014966948793,1.507952392248412
344.0149608714149,1.5079710109953377
344.0148882500077,1.5080416770943077
344.0140456024976,1.508289107248649
344.0116141982598,1.5086062074862594
343.9975903564365,1.509453926709572
343.9146558254389,1.5115530251392126
343.42420703761456,1.5165197872863918
342.7171004614517,1.5203748052734798
341.3028870650708,1.5252634559974714
339.88867358523567,1.5286265129856755
338.47446007397843,1.5312029034146566
337.0602465470191,1.5332740054496483
335.64603301097594,1.5349838780501022
334.2318194691744,1.536418246372488
332.81760592348553,1.5376330939409253
331.40339237504895,1.5386673808724336
329.9891788246012,1.5395495048624601
328.57496527264067,1.540300906458736
327.16075171951735,1.5409382272092658
325.7465381654846,1.5414746741636203
324.33232461073055,1.541920921260824
322.9181110553981,1.5422857265982115
321.503897499608,1.542576367983477
320.3079929852474,1.5427688217773863
318.8937794288064,1.5429379424026821
318.6329656697032,1.5429625548260502
317.2187521129491,1.5430621371591309
315.80453855598785,1.5431071866821757
314.3903249988577,1.54310097855494
312.97611144159083,1.5430463570814914
311.5618978842148,1.5429458012046027
310.14768432675305,1.5428014772643937
308.7334707692262,1.5426152818827061
307.31925721165226,1.5423888784146251
305.90504365404735,1.54212372048663
304.49083009642584,1.5418210845950626
303.0766165388008,1.5414820842406474
301.66240298118436,1.541107688333215
300.2481894235877,1.540698735349681
298.8339758660213,1.5402559446195128
297.4197623084953,1.5397799289962957
296.00554875101926,1.5392711993911266
294.59133519360256,1.5387301746018214
293.17712163625436,1.5381571866121577
291.76290807898386,1.5375524855697225
290.34869452180016,1.5369162438767296
288.93448096471246,1.5362485594910957
287.5202674077302,1.5355494585152558
286.1060538508631,1.534818897133243
284.69184029412094,1.5340567629422057
283.27762673751425,1.5332628757119435
281.8634131810538,1.5324369875945614
280.449199624751,1.5315787827959286
279.03498606861785,1.5306878767106098
277.62077251266726,1.5297638145121542
276.2065589569128,1.5288060691807415
274.792345401369,1.5278140389396295
273.3781318460516,1.5267870440608808
271.96391829097746,1.5257243229882556
270.5497047361649,1.5246250277113358
269.13549118163377,1.5234882183087566
267.7212776274055,1.5223128565596533
266.3070640735038,1.52109779850002
264.8928505199544,1.5198417857739277
263.47863696678553,1.5185434355969778
262.0644234140285,1.517201229109623
260.6502098617179,1.5158134978489328
259.23599630989185,1.5143784080060956
257.82178275859303,1.5128939420605754
256.4075692078691,1.511357877284735
254.99335565777335,1.5097677604892121
253.57914210836597,1.508120878220541
252.16492855971492,1.5064142214162346
250.75071501189743,1.504644443252693
249.3365014650017,1.5028078085640235
247.92228791912902,1.5009001327323057
246.5080743743963,1.4989167073036358
245.09386083093943,1.4968522086992462
243.67964728891747,1.4947005851619466
242.2654337485179,1.4924549153461917
240.85122020996374,1.4901072294792022
239.43700667352275,1.4876482804032216
238.0227931395197,1.4850672464283483
236.60857960835335,1.4823513397440646
235.19436608051976,1.4794852813848993
233.78015255664562,1.4764505833028243
232.3659390375367,1.4732245442638587
230.9517255242504,1.4697788081824676
229.53751201820825,1.4660772293440831
228.1232985213765,1.4620725924819862
226.70908503657046,1.457701341559525
225.29487156917315,1.4528746192073765
224.05475430521426,1.448165791977984
222.64054088830736,1.4420742769331099
221.2263275242131,1.4348921886983286
220.0525375333019,1.4276523128877323
219.20637989883534,1.4212583576830378
218.5964047645565,1.415628838652454
218.15668807137905,1.4106801765424841
217.8477247869239,1.4064497347139795
217.63063433266908,1.4028472271379344
217.4780975833409,1.3997890816541037
217.37091897560663,1.3971995836752873
217.2956109014658,1.3950113090074037
217.2426964017399,1.393165022318414
217.20551656733423,1.3916092241261235
217.1793925693475,1.3902994989455622
217.16103686628213,1.3891977760497471
217.14813949353655,1.3882715767827394
217.1390773730519,1.3874932933456288
217.13271006207935,1.3868395235377222
217.1282362376998,1.3862904724564484
217.1250928568317,1.3858294237647248
217.12288430182878,1.3854422782166318
217.12133259521326,1.3851171544844938
217.12024241847183,1.3848440461132738
217.11947653281226,1.3846145280644986
217.11893850878292,1.384421506431701
217.11856059141925,1.3842590052638208
217.11829517384783,1.3841219848398836
217.11810880637904,1.3840061860484763
217.11797798802033,1.3839079963257659
217.11788620233483,1.3838246337075994
217.11782351570247,1.383754832555375
217.1177807504561,1.3836964609266742
217.11775162869068,1.3836474515427117
217.11773185514463,1.3836060203093912
217.11771850434008,1.383570487080344
217.1177087010667,1.3835367771575737
217.11769720065567,1.3834415632912822
217.1176994754666,1.3833981565625377
217.1177114869202,1.3833357945942772
217.1177296836345,1.3832824688475247
217.11778214739974,1.3831845645747527
217.1179312170198,1.3830151206781511
217.11835191921102,1.3827284742483028
217.1195670549622,1.3822359008765477
217.13394615415973,1.3798786396726064
217.15467922125288,1.378056637164192
217.39990213290656,1.3684464055039962
218.10700753004286,1.3551774010913484
219.52121991968846,1.339333243208158
220.93543279977843,1.328066949476025
222.3496458758032,1.3190267356649934
223.76385906042682,1.3114146816901608
225.17807231532967,1.3048412155366214
226.5922856200864,1.2990802440444602
228.00649896240049,1.2939861786405442
229.42071233421328,1.2894585775823542
230.8349257298997,1.28542477563448
232.24913914533758,1.2818304722322231
233.6633525773866,1.2786342520029617
235.07756602357748,1.275804214887955
236.49177948191542,1.2733158131457931
237.90599295074978,1.2711504155551474
239.32020642868346,1.2692943284444032
240.73441991450676,1.2677381125090401
242.14863340714703,1.2664760934706314
243.56284690562848,1.2655059967516773
244.97706040903867,1.2648286529966177
246.39127391650004,1.2644477285086573
247.80548742714512,1.2643694360613558
249.21970094009603,1.2646021798084515
250.63391445444896,1.2651560861144997
252.04812796926606,1.2660423739962197
253.46234148357775,1.2672725296419145
254.87655499639848,1.2688572747118156
256.29076850675875,1.2708053612861436
257.704982013753,1.2731222845785708
259.1191955165991,1.2758090644362874
260.53340901469994,1.2788612839535827
261.9476225076945,1.2822685615458367
263.3618359954864,1.2860145589836098
264.7760494782416,1.2900775085698868
266.1902629563575,1.2944311219404037
267.60447643041124,1.2990456705455682
269.018689901099,1.3038890303157427
270.4329033691786,1.3089275505044393
271.8471168354216,1.3141267033813568
273.2613303005776,1.3194515577851331
274.675543765349,1.3248671696263636
276.0897572303742,1.3303389887744772
277.503970696215,1.3358333514672522
278.9181841633479,1.3413180760288013
280.3323976321577,1.346763125992772
281.746611102934,1.3521412657486955
283.16082457587186,1.3574286203123203
284.57503805107604,1.3626050641367478
285.9892515285692,1.367654396369431
287.40346500830304,1.3725642989604228
288.81767849017075,1.3773261074682126
290.2318919740199,1.3819344449985498
291.64610545966485,1.3863867760584123
293.0603189468973,1.390682932202105
294.4745324354954,1.3948246499960986
295.8887459252167,1.3988151485188816
297.15626483689465,1.4022667504647355
298.0468767762838,1.4046233705804463
298.67265807165535,1.4062462111793335
299.10104066711426,1.4073417227913088
299.3942927176956,1.4080845388286285
299.59504028792696,1.408589732624899
299.73246332341216,1.4089340276939506
299.82653714288614,1.4091689994770895
299.89093597878093,1.4093295157236911
299.93502061452523,1.4094392414227903
299.9651990343941,1.409514281521505
299.9858578650821,1.4095656163736514
300.0,1.409600741900579
300.0,1.409600741900579
300.0141421349179,1.4096358543693437
300.03480096560605,1.4096871232069321
300.06497938547534,1.4097619667054793
300.10906402122066,1.4098711914632467
300.17346285711784,1.4100305198122336
300.2675366765973,1.4102627829866803
300.40495971209464,1.4106010443423238
300.6057072823527,1.4110929921506845
300.89895933299204,1.4118070019068325
301.32734192857646,1.4128402580021242
301.9531232242183,1.414329122051295
302.84373516417054,1.4164070569575196
304.11125407701314,1.419284167169517
305.5254675685509,1.4223881783047043
306.9396810595432,1.4253864938348284
308.353894549781,1.4282854822945747
309.7681080390639,1.4310914631074998
311.18232152718866,1.4338107109359899
312.5965350139461,1.436449473549563
314.01074849911765,1.4390140021837408
315.42496198247136,1.441510594339897
315.98176535737514,1.442476307460895
316.09008161389806,1.4426630952328874
317.5042950940595,1.4450714691370603
318.91850857179554,1.4474280576328185
320.33272204672267,1.449739862915898
321.746935518468,1.4520143316723377
323.16114898659737,1.454259521266667
324.57536245059697,1.456484315944551
325.98957590984855,1.458698713157844
327.4037893635956,1.460914209837883
328.8180028108957,1.4631443346775936
330.23221625055146,1.465405399879606
331.6464296810073,1.4677175941501657
333.06064310018854,1.470106628508344
334.4748565052378,1.4726063241555765
335.88906989205645,1.4752629116479374
337.303283254439,1.4781427075191322
338.71749658225764,1.4813472444126836
340.1317098570263,1.485047682529388
341.5459230381671,1.489583146371365
342.96013599611575,1.4959001835623889
343.20614459978145,1.4973992886368575
343.69659330170083,1.501344526732995
343.8666807183501,1.5034513541162444
343.98465294006655,1.505919435837592
344.00510902876357,1.506789650204743
344.0122028582782,1.5073312192354378
344.01466248047166,1.507737380863821
344.0148754445175,1.5078281253358783
344.01495076219237,1.5078919492491396
344.0149638454635,1.5079150350606954
344.01496799651756,1.5079348699160435
344.01496765494085,1.507941359990877
344.01496636685516,1.5079491720265836
344.01496502252104,1.507957325200082
344.01496222646585,1.5079650217764917
344.0149584065895,1.5079755365797438
344.01495213008315,1.5079843026744395
344.01494314976304,1.5079968450557573
344.0149294594027,1.508010103024103
344.01490943516814,1.5080267478463012
344.01488009081675,1.508046791947011
344.0148371340834,1.5080707169865932
344.01477429786246,1.5080993887145069
344.01468242392065,1.508133848911224
344.01454813297926,1.508175332919686
344.01435188025454,1.508225325829594
344.01406511447624,1.5082856174275767
344.0136461261105,1.5083580855973193
344.01304974843055,1.5084437669252793
344.0122009106004,1.5085451042527573
344.0109927737555,1.5086652420961144
344.0092732839028,1.5088078918651542
344.00682603745867,1.5089774436495076
344.0033430486255,1.5091790949675068
343.99838599188456,1.509418999334837
343.9913310422878,1.5097044371326334
343.9812903721456,1.510044010487153
343.9670004251039,1.5104478624860254
343.9466629078047,1.5109279185128748
343.9177184892155,1.5114981430309808
343.8765247295142,1.5121747975694264
343.8178977084795,1.5129766731335437
343.7344596710195,1.5139252500032938
343.61571059629205,1.5150447059346595
343.44670685488245,1.5163616446926382
343.20618067370503,1.5179043437837012
342.86386375845626,1.5197012155590743
342.37667827309326,1.5217780323324808
341.68331584182545,1.5241532780574865
340.69652238473543,1.5268307488602058
339.2921178958074,1.5297882049594116
337.87790437514525,1.5321279800573855
336.4636908432103,1.5340334744280772
335.04947730417973,1.5356188013159269
333.6352637604318,1.5369549233461597
332.22105021340093,1.5380895710157259
330.80683666399983,1.539056672370004
329.3926231128366,1.53988135506396
327.97840956033195,1.5405828281373612
326.5641960067867,1.541176150102624
325.1499824524215,1.541673368977118
323.7357688974023,1.542084287538471
322.3215553418562,1.5424169943933055
321.50389742291276,1.5425763680367355
320.0896838667399,1.5427989585427297
318.89377960499166,1.5429379415909683
317.47956604828636,1.5430479780519906
316.0653524913589,1.5431028243733262
314.65113893425627,1.54310584361887
313.23692537701163,1.543059954192869
311.8227118196532,1.542967698117011
310.4084982622051,1.5428312958966397
308.9942847046884,1.542652691047581
307.5800711471216,1.5424335865286833
306.165857589521,1.5421754747669214
304.7516440319013,1.5418796625578475
303.33743047427583,1.5415472929907412
301.9232169166568,1.5411793580356214
300.5090033590556,1.540776720617921
299.0947898014828,1.540340121756857
297.68057624394856,1.5398701923069726
296.26636268646257,1.5393674609989283
294.8521491290342,1.5388323647220785
293.4379355716727,1.538265250309077
292.0237220143872,1.5376663826674701
290.60950845718685,1.5370359482669465
289.1952949000808,1.536374058579773
287.7810813430785,1.5356807527958858
286.36686778618946,1.5349559998762872
284.9526542294236,1.5341996999934122
283.53844067279124,1.533411685394125
282.12422711630313,1.53259172070962
280.71001355997055,1.5317395027257144
279.29580000380537,1.530854659617038
277.8815864478203,1.529936749638842
276.46737289202883,1.528985259260215
275.05315933644533,1.5279996007122147
273.6389457810852,1.5269791089134224
272.2247322259652,1.5259230377232986
270.81051867110335,1.5248305554600565
269.3963051165191,1.5237007396041278
267.98209156223373,1.5225325705899897
266.56787800827044,1.5213249245675375
265.1536644546546,1.5200765649882388
263.73945090141393,1.5187861328399501
262.3252373485792,1.5174521353160095
260.9110237961843,1.5160729326569966
259.4968102442668,1.5146467228448692
258.08259669286844,1.5131715237557954
256.66838314203585,1.5116451522852057
255.25416959182138,1.5100651998404822
253.83995604228383,1.5084290034452539
252.4257424934897,1.5067336115027086
251.01152894551447,1.5049757430088975
249.59731539844424,1.503151738667841
248.18310185237777,1.501257501908076
246.76888830742905,1.499288427189662
245.35467476373032,1.4972393121562775
243.9404612214362,1.4951042490315694
242.52624768072883,1.4928764890348796
241.11203414182447,1.4905482712729086
239.69782060498238,1.4881106041941405
238.28360707051658,1.4855529827002927
236.8693935388119,1.4828630164495251
235.45518001034617,1.4800259331593588
234.04096648572187,1.4770239020209572
232.62675296571186,1.4738350915840899
231.21253945132813,1.4704323240422617
229.79832594392795,1.466781094647708
228.38411244538506,1.4628365509457684
226.96989895837922,1.4585386817170543
225.5556854869161,1.4538042310690837
225.29487157595875,1.4528746189277557
223.88065813245322,1.4474618899138143
222.46644472342777,1.4412579505532368
221.0522313735415,1.4339065424055175
219.63801813844248,1.4246799149719178
218.2238052073998,1.41150284931833
217.51669922849817,1.4006194662103388
217.27147539600298,1.3942104180875632
217.1864322291942,1.3906765571190318
217.12744737093803,1.3861821360844877
217.12246063637224,1.3853590235090993
217.11900266996292,1.3844464816196855
217.1178047699894,1.383730880588822
217.11770214240002,1.3835055848838698
217.11769834867823,1.383473372994241
217.11769695402515,1.3834439267987833
217.11769812743142,1.3834148368559742
217.11770344862921,1.3833703856814474
217.11771274296396,1.3833312857299502
217.11772599396957,1.3832912152628802
217.11774572639837,1.3832467996671767
217.1177748258432,1.3831955922346295
217.1178175840975,1.3831354397980193
217.1178802789596,1.3830641591279902
217.11797208970157,1.3829795690158868
217.11810295073695,1.3828802568152296
217.1182893848737,1.3827634030611267
217.1185549015509,1.3826253143804415
217.11893296330354,1.3824616447380285
217.11947119567103,1.3822672498291706
217.1202373804506,1.3820360185083178
217.12132798547972,1.3817606746589937
217.12288030433928,1.3814325418666153
217.1250897336543,1.3810412623671244
217.1282343621993,1.380574460356693
217.1327099661476,1.3800173379149314
217.13907981433462,1.3793521895721812
217.14814555112636,1.378557818999292
217.16104807693102,1.3776088385497827
217.17941112135372,1.3764748297764822
217.20554557651906,1.3751193412740008
217.2427403042638,1.3734987006679023
217.29567601294153,1.3715606229239472
217.37101428689934,1.3692426122487933
217.4782358932394,1.3664701884002506
217.63083386001412,1.3631550354254525
217.84801146512982,1.359193297973311
218.1570988141775,1.354464482748495
218.5969921140368,1.3488318410793951
219.22304844712977,1.3421458702961073
220.09151397906552,1.3344364007920397
221.29624955091523,1.3255921717441057
222.71046266553378,1.3169685674710592
224.12467587372635,1.3096497696220584
225.53888914422268,1.3033009915844516
226.95310246023803,1.2977217939370382
228.3673158111507,1.2927804759987462
229.78152918978805,1.2883849122865239
231.19574259104147,1.2844678156089788
232.60995601111205,1.2809785879194768
234.02416944707335,1.2778785025323498
235.4383828966036,1.275137705670126
236.85259635781304,1.272733273790263
238.26680982912745,1.2706479144796763
239.68102330920587,1.2688690752744374
241.09523679687968,1.2673883179932268
242.50945029110565,1.2662008668021536
243.92366379092795,1.265305265599533
245.33787729544625,1.264703094123738
246.75209080378838,1.2643986976508779
248.1663043150868,1.2643988854887473
249.58051782845936,1.2647125513860829
250.99473134299575,1.2653501676131493
252.4089448577517,1.2663231080806499
253.82315837175446,1.2676427698272077
255.2373718840224,1.2693194918524289
256.65158539360044,1.2713613179161811
258.0657988996109,1.273772710353752
259.4800124013136,1.2765533787209018
260.8942258981658,1.2796974141143238
262.30843938986874,1.2831928924719629
263.72265287638953,1.2870220218515271
265.1368663579526,1.2911617840889758
266.5510798350032,1.2955849086042013
267.9652933081526,1.3002609616841099
269.3795067781177,1.305157355921452
270.79372024566464,1.3102401633812342
272.2079337115637,1.3154747135252942
273.6221471765562,1.3208260357336257
275.0363606413313,1.3262592452094326
276.45057410651043,1.3317399669359253
277.8647875726358,1.3372348549947475
279.27900104016203,1.3427122108114915
280.6932145094505,1.3481426525124627
282.107427980767,1.3534997544134446
283.5216414542829,1.3587605692571931
284.935854930081,1.3639059650435192
286.3500684081642,1.3689207437209339
287.7642818884674,1.3737935475988894
289.17849537087034,1.3785165899540208
290.59270885521045,1.3830852631762038
292.0069223412948,1.38749768087465
293.4211358289105,1.3917542033412202
294.83534931783305,1.3958569835370882
296.2495628078327,1.3998095575168126
297.6637762986794,1.4036164916004057
299.0779897901456,1.4072830898296844
300.4922032820084,1.4108151594233291
301.9064167740504,1.4142188286286808
303.32063026605965,1.4175004099140676
304.7348437578293,1.420666301232734
306.14905724915644,1.4237229186195322
307.5632707398407,1.4266766542978602
308.9774842296822,1.4295338555476067
310.39169771847975,1.4323008206834167
311.8059112060278,1.4349838095548229
313.2201246921136,1.4375890669912121
314.6343381765131,1.4401228585938481
315.9817653873366,1.442476307866145
316.09008160171305,1.4426630952118906
317.5042950818745,1.4450714691165398
318.91850855961053,1.4474280576127168
320.33272203453765,1.4497398628961518
321.74693550628297,1.4520143316528793
323.16114897441236,1.4542595212474225
324.57536243841196,1.4564843159254406
325.98957589766354,1.4586987131387756
327.4037893514106,1.4609142098187529
328.81800279871067,1.463144334658272
330.23221623836645,1.465405399859934
331.6464296688223,1.4677175941299554
333.06064308800353,1.4701066284873407
334.4748564930528,1.4726063241334397
335.88906987987144,1.4752629116241998
337.303283242254,1.4781427074931022
338.7174965700726,1.4813472443832596
340.1317098448413,1.485047682494598
341.54592302598206,1.4895831463268892
342.96013598393074,1.495900183492875
343.20614458759644,1.4973992885572278
343.6965932895159,1.501344526605856
343.8666807061652,1.50345135393055
343.9846529278817,1.5059194354299108
344.00510901657896,1.506789649492443
344.01220284609445,1.5073312178940619
344.0146624682943,1.5077373768467563
344.01487543235686,1.5078281181216635
344.01495075015833,1.507891932693647
344.0149638337417,1.507915007260601
344.0149679869031,1.5079348058666877
344.01496765746674,1.507941174269147
344.0149663948055,1.5079489862828281
344.0149650642139,1.507957218577821
344.0149622588717,1.5079649528827983
344.01495844005973,1.507975481315522
344.01495216333177,1.50798425561399
344.01494318343543,1.507996808697547
344.0149294930985,1.508010072265672
344.01490946897485,1.50802672226626
344.0148801247036,1.5080467711217533
344.0148371680189,1.5080706999610594
344.0147743318299,1.5080993747183769
344.01468245790977,1.50813383738261
344.01454816698305,1.5081753234103463
344.0143519142683,1.508225317981599
344.01406514849674,1.5082856109461742
344.01364616013535,1.5083580802069934
344.0130497824586,1.508443762452996
344.0122009446306,1.5085451005312462
344.01099280778715,1.5086652389935038
344.0092733179355,1.5088078892752677
344.006826071492,1.5089774414858281
344.0033430826593,1.5091790931590383
343.9983860259187,1.5094189978228831
343.9913310763222,1.509704435868676
343.98129040618016,1.5100440094307976
343.96700045913855,1.510447861603431
343.9466629418394,1.5109279177759776
343.91771852325024,1.511498142416127
343.87652476354896,1.5121747970571386
343.8178977425143,1.5129766727072629
343.7344597050543,1.513925249649331
343.6157106303268,1.5150447056415763
343.4467068889173,1.5163616444508323
343.20618070773986,1.5179043435851696
342.8638637924911,1.519701215397144
342.37667830712815,1.5217780322015773
341.68331587586033,1.5241532779529332
340.6965224187703,1.5268307487781376
339.2921179298423,1.5297882048965137
337.87790440918013,1.5321279800068852
336.4636908772452,1.5340334743864175
335.0494773382146,1.5356188012810026
333.6352637944667,1.5369549233165847
332.2210502474358,1.5380895709905507
330.8068366980347,1.5390566723485297
329.3926231468715,1.5398813550456663
327.97840959436684,1.5405828281218366
326.56419604082157,1.541176150089547
325.1499824864564,1.5416733689662254
323.7357689314372,1.5420842875295495
322.3215553758911,1.5424169943861763
321.50389745694764,1.542576368030582
320.0896839007748,1.5427989585381487
318.8937795968797,1.5429379415917839
317.4795660401744,1.54304797805246
316.06535248324695,1.5431028243734886
314.6511389261443,1.5431058436187466
313.2369253688997,1.5430599541924641
311.82271181154124,1.5429676981163545
310.40849825409316,1.5428312958957342
308.99428469657647,1.5426526910464373
307.58007113900965,1.542433586527315
306.16585758140906,1.5421754747653318
304.75164402378937,1.5418796625560456
303.3374304661639,1.5415472929887317
301.9232169085449,1.5411793580334088
300.50900335094366,1.5407767206155127
299.09478979337086,1.5403401217542567
297.6805762358366,1.5398701923041842
296.2663626783506,1.5393674609959502
294.85214912092226,1.5388323647189188
293.43793556356076,1.538265250305737
292.02372200627525,1.5376663826639414
290.6095084490749,1.5370359482632423
289.19529489196884,1.5363740585758885
287.78108133496653,1.535680752791817
286.3668677780775,1.5349559998720395
284.95265422131166,1.5341996999889846
283.5384406646793,1.5334116853895117
282.1242271081912,1.532591720704826
280.7100135518586,1.5317395027207337
279.2957999956934,1.5308546596118673
277.88158643970837,1.5299367496334815
276.4673728839169,1.5289852592546604
275.0531593283334,1.527999600706461
273.6389457729733,1.5269791089074667
272.2247322178533,1.525923037717136
270.8105186629914,1.5248305554536854
269.39630510840715,1.5237007395975377
267.9820915541218,1.5225325705831727
266.5678780001585,1.521324924560493
265.1536644465426,1.5200765649809567
263.739450893302,1.518786132832424
262.32523734046725,1.5174521353082309
260.9110237880723,1.5160729326489517
259.49681023615483,1.5146467228365497
258.0825966847565,1.5131715237471908
256.6683831339239,1.5116451522762975
255.25416958370943,1.510065199831263
253.83995603417188,1.5084290034357017
252.42574248537775,1.5067336114928085
251.01152893740252,1.5049757429986261
249.59731539033228,1.5031517386571804
248.18310184426582,1.5012575018970002
246.7688882993171,1.4992884271781435
245.35467475561836,1.4972393121442853
243.94046121332426,1.495104249019064
242.52624767261688,1.4928764890218238
241.1120341337125,1.4905482712592493
239.69782059687043,1.4881106041798238
238.28360706240463,1.4855529826852547
236.86939353069994,1.4828630164336893
235.45518000223421,1.48002593314263
234.0409664776099,1.477023902003224
232.6267529575999,1.4738350915652156
231.21253944321617,1.470432324022066
229.798325935816,1.4667810946259707
228.3841124372731,1.4628365509221943
226.96989895026726,1.4585386816912411
225.55568547880415,1.45380423104047
225.29487160999363,1.4528746190503359
223.8806581664881,1.4474618900525615
222.46644475746265,1.4412579507144558
221.0522314075764,1.433906542600807
219.63801817247736,1.4246799152274918
218.2238052414347,1.411502849728354
217.51669926253302,1.4006194669232448
217.27147543003773,1.394210419261127
217.1864322632287,1.3906765588931242
217.12744740497092,1.3861821408515362
217.122460670403,1.38535903034259
217.11900270397976,1.384446494695779
217.11780480389731,1.3837309256192418
217.1177021752384,1.383505772932602
217.1176983771952,1.3834737117235982
217.11769696001485,1.3834444338613054
217.11769816401463,1.3834142924776824
217.1177035178646,1.383369987852641
217.1177128090623,1.3833310537319978
217.11772606095394,1.3832910513975394
217.11774579373161,1.3832466697564083
217.11777489354918,1.3831954867497267
217.1178176520748,1.3831353543687022
217.11788034710995,1.383064089627289
217.11797215795684,1.3829795116616674
217.11810301906954,1.382880209538705
217.11828945325703,1.3827633638862136
217.11855496996893,1.3826252818011824
217.1189330317454,1.3824616175758928
217.11947126412943,1.3822672271437284
217.1202374489205,1.3820359995371578
217.12132805395768,1.381760658779643
217.12288037282286,1.3814325285657816
217.12508980214182,1.3810412512203192
217.1282344306896,1.380574451010921
217.1327100346398,1.3800173300761753
217.1390798828282,1.379352182995434
217.14814561962092,1.3785578134795582
217.16104814542626,1.3776088339159835
217.17941118984945,1.3764748258852066
217.20554564501512,1.3751193380053621
217.24274037276012,1.3734986979216917
217.29567608143802,1.3715606206161617
217.37101435539594,1.3692426103093238
217.4782359617361,1.3664701867704352
217.63083392851087,1.3631550340563932
217.84801153362662,1.3591932968242602
218.15709888267432,1.354464481785607
218.59699218253365,1.3488318402746462
219.22304851562663,1.3421458696264459
220.09151404756238,1.3344364002363573
221.29624961941212,1.325592171286461
222.71046273403067,1.3169685670884914
224.12467594222323,1.309649769293071
225.53888921271957,1.303300991296868
226.95310252873492,1.297721793683128
228.36731587964758,1.2927804757732555
229.78152925828493,1.288384912085679
231.19574265953835,1.2844678154299705
232.60995607960893,1.280978587760175
234.02416951557024,1.2778785023911081
235.4383829651005,1.2751377055456834
236.85259642630993,1.2727332736816512
238.26680989762434,1.2706479143861797
239.68102337770276,1.2688690751955511
241.09523686537656,1.267388317928634
242.50945035960254,1.266200866751706
243.92366385942483,1.265305265563235
245.33787736394314,1.2647030941017365
246.75209087228527,1.2643986976434487
248.16630438358368,1.2643988854962698
249.58051789695625,1.2647125514090325
250.99473141149264,1.2653501676520607
252.40894492624858,1.266323108136083
253.82315844025135,1.2676427698996953
255.23737195251928,1.2693194919424304
256.65158546209733,1.2713613180240082
258.0657989681078,1.2737727104795145
259.4800124698105,1.2765533788644565
260.8942259666627,1.2796974142752373
262.3084394583656,1.2831928926495113
263.7226529448864,1.287022022044717
265.1368664264495,1.291161784296579
266.55107990350007,1.2955849088248175
267.96529337664947,1.3002609619161971
269.37950684661456,1.3051573561634
270.79372031416153,1.3102401636313732
272.2079337800606,1.3154747137819416
273.6221472450531,1.3208260359950792
275.0363607098282,1.326259245474013
276.4505741750073,1.331739967201988
277.8647876411327,1.3372348552607125
279.2790011086589,1.3427122110758765
280.6932145779474,1.3481426527739102
282.1074280492639,1.3534997546707523
283.5216415227798,1.3587605695093452
284.9358549985779,1.363905965289677
286.3500684766611,1.3689207439604598
287.7642819569643,1.3737935478313241
289.1784954393672,1.378516590179067
290.59270892370733,1.3830852633937072
292.0069224097917,1.3874976810845778
293.4211358974074,1.3917542035436345
294.83534938632994,1.395856983732132
296.2495628763296,1.3998095577046845
297.6637763671763,1.403616491781347
299.07798985864247,1.4072830900039688
300.4922033505053,1.4108151595912442
301.9064168425473,1.4142188287905295
303.32063033455654,1.417500410070156
304.7348438263262,1.4206663013833758
306.14905731765333,1.4237229187650353
307.56327080833756,1.4266766544385368
308.9774842981791,1.4295338556837582
310.39169778697664,1.4323008208153483
311.8059112745247,1.43498380968284
313.2201247606105,1.4375890671156144
314.63433824501,1.4401228587149433
315.98176537153984,1.4424763078388674
316.09008158591627,1.4426630951846737
317.5042950660777,1.4450714690899429
318.91850854381374,1.4474280575866563
320.33272201874087,1.4497398628705538
321.7469354904862,1.452014331627653
323.16114895861557,1.454259521222474
324.57536242261517,1.456484315900667
325.98957588186676,1.4586987131140594
327.4037893356138,1.4609142097939514
328.8180027829139,1.4631443346332216
330.23221622256966,1.465405399834436
331.6464296530255,1.4677175941037515
333.06064307220674,1.4701066284601079
334.474856477256,1.472606324104743
335.88906986407466,1.475262911593429
337.3032832264572,1.4781427074593576
338.71749655427584,1.4813472443451108
340.1317098290445,1.485047682449498
341.5459230101853,1.4895831462692366
342.96013596813395,1.4959001834027257
343.2061446010327,1.497399288644849
343.69659330295207,1.5013445267460503
343.86668071960133,1.5034513541353345
343.98465294131773,1.505919435879402
344.00510903001475,1.5067896502778575
344.0122028595293,1.5073312193733208
344.0146624817221,1.50773738127658
344.01487544576617,1.5078281260765942
344.01495076342803,1.5078919509513993
344.0149638466671,1.5079150379163078
344.01496799750294,1.507934876529049
344.0149676546555,1.5079413792528928
344.01496636388185,1.507949191290852
344.014965018118,1.5079573361414265
344.0149622230433,1.507965028983268
344.01495840307604,1.5079755426214425
344.01495212656386,1.5079843076982726
344.0149431461887,1.5079968486885247
344.0149294558373,1.5080101062318647
344.0149094315914,1.5080267505564906
344.0148800872312,1.5080467941522937
344.0148371304926,1.5080707187854254
344.01477429426836,1.5080993901964816
344.0146824203242,1.5081338501337063
344.01454812938124,1.5081753339257444
344.01435187665544,1.508225326660439
344.0140651108764,1.5082856181130992
344.0136461225102,1.5083580861678731
344.0130497448299,1.508443767398591
344.01220090699957,1.5085451046464957
344.0109927701545,1.5086652424245919
344.00927328030167,1.5088078921391874
344.0068260338574,1.5089774438786776
344.00334304502417,1.5091790951589543
343.9983859882832,1.5094189994949323
343.9913310386864,1.5097044372663002
343.9812903685442,1.5100440105989574
343.96700042150246,1.5104478625794264
343.9466629042032,1.510927918590912
343.917718485614,1.5114981430960297
343.87652472591265,1.5121747976236546
343.81789770487796,1.5129766731786503
343.734459667418,1.5139252500407108
343.6157105926905,1.515044705965666
343.4467068512809,1.5163616447182366
343.2061806701035,1.5179043438047348
342.8638637548547,1.5197012155762144
342.3766782694917,1.5217780323463326
341.6833158382239,1.5241532780685418
340.6965223811339,1.5268307488688957
339.29211789220585,1.5297882049660732
337.8779043715437,1.53212798006273
336.4636908396088,1.5340334744324822
335.0494773005782,1.5356188013196235
333.6352637568303,1.5369549233492874
332.2210502097994,1.5380895710183908
330.8068366603983,1.539056672372277
329.39262310923505,1.5398813550658978
327.9784095567304,1.5405828281390008
326.56419600318515,1.54117615010401
325.14998244881997,1.54167336897827
323.73576889380075,1.5420842875394163
322.32155533825465,1.5424169943940536
321.50389746145805,1.5425763680297766
320.0896839052852,1.5427989585375461
318.8937796013901,1.5429379415913436
317.4795660446848,1.5430479780521993
316.06535248775737,1.5431028243733982
314.6511389306547,1.543105843618815
313.2369253734101,1.543059954192688
311.82271181605165,1.542967698116723
310.4084982586036,1.5428312958962405
308.9942847010869,1.542652691047076
307.58007114352006,1.5424335865280754
306.16585758591947,1.5421754747662155
304.7516440282998,1.5418796625570432
303.3374304706743,1.5415472929898475
301.9232169130553,1.541179358034638
300.50900335545407,1.5407767206168517
299.0947897978813,1.540340121755704
297.680576240347,1.5398701923057327
296.26636268286103,1.5393674609976065
294.8521491254327,1.538832364720678
293.43793556807117,1.5382652503075949
292.02372201078566,1.5376663826659036
290.6095084535853,1.5370359482653018
289.19529489647925,1.5363740585780494
287.78108133947694,1.535680752794081
286.3668677825879,1.5349559998744022
284.9526542258221,1.5341996999914431
283.5384406691897,1.5334116853920752
282.1242271127016,1.5325917207074915
280.710013556369,1.5317395027235032
279.2958000002038,1.5308546596147419
277.8815864442188,1.5299367496364633
276.4673728884273,1.528985259257749
275.0531593328438,1.5279996007096606
273.6389457774837,1.526979108910777
272.2247322223637,1.5259230377205633
270.8105186675018,1.5248305554572261
269.39630511291756,1.5237007396012006
267.9820915586322,1.5225325705869643
266.5678780046689,1.521324924564409
265.15366445105303,1.520076564985006
263.7394508978124,1.5187861328366083
262.32523734497767,1.5174521353125547
260.91102379258274,1.5160729326534261
259.49681024066524,1.5146467228411744
258.0825966892669,1.5131715237519747
256.6683831384343,1.5116451522812486
255.25416958821984,1.51006519983639
253.8399560386823,1.5084290034410115
252.42574248988817,1.5067336114983112
251.01152894191293,1.5049757430043398
249.5973153948427,1.5031517386631077
248.18310184877623,1.5012575019031602
246.7688883038275,1.4992884271845497
245.35467476012877,1.4972393121509548
243.94046121783467,1.495104249026016
242.5262476771273,1.4928764890290835
241.11203413822292,1.4905482712668436
239.69782060138084,1.4881106041877832
238.28360706691504,1.485552982693616
236.86939353521035,1.4828630164424932
235.45518000674463,1.4800259331519339
234.04096648212033,1.4770239020130849
232.62675296211032,1.4738350915757112
231.21253944772658,1.4704323240332917
229.7983259403264,1.466781094638057
228.38411244178351,1.4628365509353016
226.96989895477768,1.4585386817055952
225.55568548331456,1.4538042310563808
225.2948715723572,1.4528746189147848
223.88065812885168,1.447461889899131
222.46644471982623,1.441257950536175
221.05223136993996,1.4339065423848483
219.63801813484093,1.4246799149448777
218.22380520379826,1.4115028492749502
217.51669922489663,1.4006194661348828
217.27147539240144,1.3942104179633747
217.18643222559265,1.3906765569313355
217.12744736733669,1.3861821355799795
217.12246063277112,1.3853590227858654
217.1190026663633,1.3844464802361562
217.1178047664013,1.3837308758229594
217.1177021389253,1.383505564957105
217.1176983456644,1.383473336998945
217.11769695342753,1.3834438728167189
217.11769812357343,1.3834148944165543
217.11770344125406,1.3833704278557568
217.11771273595326,1.3833313103653015
217.1177259868626,1.3832912326807725
217.1177457192537,1.3832468134617888
217.11777481865897,1.3831956034300057
217.11781757688456,1.383135448867361
217.1178802717282,1.383064166502631
217.11797208245906,1.3829795751018104
217.11810294348624,1.3828802618312255
217.1182893776176,1.38276340721801
217.11855489429115,1.382625317837619
217.11893295604122,1.3824616476198401
217.11947118840698,1.3822672522364963
217.12023737318532,1.382036020521012
217.1213279782136,1.3817606763439967
217.12288029707256,1.3814325432779055
217.12508972638716,1.3810412635498495
217.12823435493186,1.380574461348284
217.13270995887996,1.3800173387466859
217.13907980706682,1.379352190270052
217.14814554385845,1.3785578195849917
217.16104806966302,1.3776088390414853
217.17941111408567,1.3764748301894152
217.20554556925097,1.3751193416208265
217.2427402969957,1.37349870095936
217.29567600567339,1.3715606231688249
217.3710142796312,1.369242612454603
217.47823588597126,1.3664701885732027
217.63083385274598,1.363155035570725
217.84801145786167,1.3591932980952306
218.15709880690935,1.3544644828506676
218.59699210676865,1.3488318411647877
219.22304843986163,1.3421458703671574
220.09151397179738,1.3344364008510068
221.2962495436471,1.3255921717926662
222.71046265826564,1.316968567511648
224.1246758664582,1.3096497696569647
225.53888913695454,1.3033009916149703
226.9531024529699,1.2977217939639785
228.36731580388255,1.2927804760226715
229.7815291825199,1.288384912307835
231.19574258377332,1.2844678156279707
232.6099560038439,1.2809785879363806
234.0241694398052,1.277878502547337
235.43838288933546,1.2751377056833326
236.8525963505449,1.2727332738017876
238.2668098218593,1.2706479144895966
239.68102330193773,1.268869075282806
241.09523678961153,1.2673883180000787
242.5094502838375,1.266200866807507
243.9236637836598,1.2653052656033843
245.3378772881781,1.2647030941260717
246.75209079652024,1.2643986976516661
248.16630430781865,1.264398885487949
249.58051782119122,1.2647125513836484
250.9947313357276,1.2653501676090204
252.40894485048355,1.266323108074772
253.82315836448632,1.2676427698195145
255.23737187675425,1.2693194918428792
256.65158538633233,1.2713613179047394
258.0657988923428,1.273772710340407
259.4800123940455,1.2765533787056724
260.8942258908977,1.2796974140972508
262.3084393826006,1.2831928924531213
263.7226528691214,1.287022021831028
265.1368663506845,1.2911617840669456
266.55107982773507,1.295584908580794
267.96529330088447,1.300260961659485
269.37950677084956,1.3051573558957803
270.79372023839653,1.31024016335469
272.2079337042956,1.31547471349806
273.6221471692881,1.320826035705882
275.0363606340632,1.3262592451813622
276.4505740992423,1.3317399669076933
277.8647875653677,1.3372348549665236
279.2790010328939,1.3427122107834408
280.6932145021824,1.3481426524847233
282.1074279734989,1.3534997543861444
283.5216414470148,1.358760569230441
284.9358549228129,1.363905965017399
286.3500684008961,1.368920743695517
287.7642818811993,1.3737935475742251
289.1784953636022,1.378516589930141
290.59270884794233,1.3830852631531236
292.0069223340267,1.3874976808523756
293.4211358216424,1.3917542033197414
294.83534931056494,1.3958569835163914
296.2495628005646,1.399809557496876
297.6637762914113,1.403616491581205
299.07798978287747,1.4072830898111919
300.4922032747403,1.4108151594055136
301.9064167667823,1.4142188286115094
303.32063025879154,1.4175004098975053
304.7348437505612,1.4206663012167484
306.14905724188833,1.4237229186040934
307.56327073257256,1.4266766542829359
308.9774842224141,1.4295338555331583
310.39169771121163,1.4323008206694166
311.8059111987597,1.4349838095412406
313.2201246848455,1.437589066978013
314.634338169245,1.4401228585809978
315.9817653800685,1.4424763078535996
316.09008159444494,1.4426630951993684
317.5042950746064,1.4450714691043038
318.9185085523424,1.4474280576007272
320.33272202726954,1.4497398628843738
321.74693549901485,1.4520143316412724
323.16114896714424,1.4542595212359437
324.57536243114384,1.4564843159140428
325.98957589039543,1.4586987131274016
327.40378934414247,1.4609142098073442
328.81800279144255,1.4631443346467479
330.23221623109833,1.4654053998482037
331.6464296615542,1.4677175941178977
333.0606430807354,1.47010662847481
334.4748564857847,1.4726063241202376
335.88906987260333,1.4752629116100402
337.3032832349859,1.4781427074775773
338.7174965628045,1.4813472443657059
340.13170983757317,1.4850476824738479
341.54592301871395,1.4895831463003621
342.9601359766626,1.4959001834514023
343.20614460956136,1.4973992887005823
343.69659331148074,1.5013445268350256
343.86668072813,1.5034513542653156
343.98465294984635,1.505919436164754
344.0051090385432,1.5067896507764165
344.0122028680571,1.5073312203123599
344.0146624902454,1.5077373840880741
344.0148754542778,1.5078281311287012
344.01495077185103,1.507891962547185
344.0149638548715,1.5079150573826643
344.01496800423064,1.507934921376842
344.0149676527258,1.5079415098639115
344.01496634388667,1.50794932191744
344.01496498862645,1.507957411044361
344.0149621998561,1.5079650783877765
344.01495837917224,1.5079755828364634
344.01495210274794,1.5079843416012937
344.0149431220408,1.5079968741991663
344.0149294317023,1.5080101281458087
344.014909407378,1.5080267688904019
344.01488006295943,1.5080468090715142
344.01483710618595,1.5080707309798904
344.0147742699388,1.5080994002191477
344.0146823959792,1.5081338583914994
344.0145481050257,1.5081753407357117
344.0143518522928,1.5082253322811767
344.01406508650894,1.50828562275617
344.0136460981396,1.5083580900283688
344.01304972045705,1.508443770602076
344.01220088262517,1.5085451073119607
344.01099274577905,1.5086652446466344
344.0092732559255,1.5088078939944278
344.00682600948073,1.5089774454284015
344.00334302064715,1.5091790964542748
343.99838596390595,1.509419000577826
343.99133101430897,1.5097044381716826
343.98129034416667,1.5100440113555964
343.9670003971248,1.5104478632116358
343.9466628798255,1.510927919118723
343.9177184612363,1.5114981435363706
343.87652470153495,1.5121747979906106
343.8178976805002,1.5129766734839476
343.73445964304017,1.513925250294224
343.6157105683127,1.5150447061755934
343.4467068269031,1.5163616448914334
343.2061806457257,1.5179043439469264
342.8638637304769,1.5197012156922058
342.3766782451139,1.521778032440098
341.6833158138461,1.5241532781434197
340.696522356756,1.5268307489276873
339.292117867828,1.5297882050111276
337.87790434716584,1.532127980098896
336.4636908152309,1.534033474462328
335.0494772762003,1.5356188013446446
333.6352637324524,1.5369549233704678
332.2210501854215,1.5380895710364229
330.8068366360204,1.539056672387657
329.3926230848572,1.5398813550790045
327.97840953235254,1.5405828281501246
326.5641959788073,1.5411761501133767
325.1499824244421,1.5416733689860724
323.7357688694229,1.5420842875458038
322.3215553138768,1.5424169943991564
321.5038974370802,1.542576368034182
320.08968388090733,1.5427989585408253
318.8937796191591,1.5429379415895828
317.4795660624538,1.5430479780511708
316.06535250552633,1.54310282437304
314.6511389484237,1.543105843619089
313.23692539117906,1.5430599541935623
311.8227118338206,1.5429676981181633
310.40849827637254,1.542831295898222
308.99428471885585,1.5426526910495735
307.580071161289,1.5424335865310803
306.16585760368844,1.5421754747696983
304.75164404606875,1.5418796625609965
303.33743048844326,1.5415472929942495
301.92321693082425,1.5411793580394801
300.50900337322304,1.540776720622123
299.09478981565024,1.5403401217614012
297.680576258116,1.5398701923118479
296.26636270063,1.5393674610041272
294.85214914320164,1.5388323647276014
293.43793558584014,1.5382652503149221
292.02372202855463,1.5376663826736252
290.6095084713543,1.5370359482734222
289.1952949142482,1.5363740585865644
287.7810813572459,1.5356807528029888
286.3668678003569,1.5349559998837081
284.95265424359104,1.5341997000011458
283.53844068695867,1.5334116854021747
282.12422713047056,1.5325917207179947
280.710013574138,1.5317395027344154
279.2958000179728,1.5308546596260628
277.88158646198775,1.529936749648206
276.46737290619626,1.5289852592699176
275.05315935061276,1.5279996007222598
273.63894579525265,1.5269791089238223
272.22473224013265,1.5259230377340574
270.8105186852708,1.5248305554711874
269.3963051306865,1.523700739615638
267.98209157640116,1.5225325706018873
266.56787802243787,1.5213249245798346
265.153664468822,1.5200765650009531
263.73945091558136,1.51878613285309
262.32523736274663,1.5174521353295958
260.9110238103517,1.5160729326710456
259.4968102584342,1.5146467228593996
258.08259670703586,1.5131715237708268
256.6683831562033,1.5116451523007588
255.2541696059888,1.5100651998565884
253.83995605645126,1.5084290034619368
252.42574250765713,1.50673361152
251.0115289596819,1.5049757430268313
249.59731541261166,1.5031517386864572
248.1831018665452,1.5012575019274195
246.76888832159648,1.4992884272097804
245.35467477789774,1.4972393121772267
243.94046123560364,1.4951042490534103
242.52624769489626,1.4928764890576858
241.1120341559919,1.4905482712967637
239.6978206191498,1.488110604219141
238.283607084684,1.4855529827265535
236.86939355297932,1.4828630164771828
235.4551800245136,1.4800259331885768
234.0409664998893,1.4770239020519271
232.62675297987929,1.473835091617059
231.21253946549555,1.470432324077529
229.79832595809538,1.4667810946856688
228.38411245955248,1.4628365509869363
226.96989897254664,1.4585386817621313
225.55568550108353,1.4538042311190627
225.29487159012618,1.4528746189787816
223.88065814662065,1.4474618899715703
222.4664447375952,1.4412579506203445
221.05223138770893,1.4339065424868078
219.6380181526099,1.4246799150783067
218.22380522156723,1.4115028494890065
217.5166992426656,1.4006194665070855
217.27147541017035,1.394210418576081
217.18643224336148,1.3906765578575029
217.12744738510463,1.3861821380689343
217.12246065053796,1.3853590263536737
217.11900268412285,1.3844464870627409
217.11780478410398,1.3837308993336082
217.11770215606904,1.3835056632103253
217.1176983605409,1.3834735143016763
217.11769695645268,1.383444138446997
217.1176981425178,1.3834146117185417
217.1177034773466,1.3833702204222917
217.1177127703809,1.3833311894450395
217.1177260217531,1.3832911472962468
217.11774575432554,1.3832467457793056
217.117774853925,1.3831955484764409
217.117817612292,1.3831354043648516
217.1178803072258,1.3830641302992217
217.11797211801132,1.3829795452266425
217.11810297907877,1.3828802372058144
217.11828941323657,1.3827633868124227
217.11855492992817,1.3826253008675278
217.11893299169068,1.3824616334718327
217.11947122406505,1.382267240420185
217.1202374088494,1.3820360106395881
217.12132801388185,1.38176066807288
217.12288033274373,1.3814325363500854
217.12508976206038,1.3810412577438163
217.12823439060654,1.3805744564802813
217.13270999455563,1.3800173346637412
217.13907984274323,1.3793521868444096
217.14814557953537,1.378557816709923
217.1610481053403,1.3776088366278503
217.1794111497632,1.3764748281625339
217.2055456049287,1.3751193399182866
217.24274033267355,1.3734986995288978
217.29567604135133,1.3715606219667813
217.3710143153092,1.3692426114443683
217.47823592164931,1.3664701877242709
217.63083388842406,1.3631550348576134
217.8480114935398,1.359193297496725
218.1570988425875,1.3544644823491194
218.5969921424468,1.3488318407456181
219.22304847553977,1.3421458700183568
220.09151400747552,1.3344364005615637
221.29624957932523,1.3255921715542893
222.71046269394378,1.3169685673123854
224.12467590213635,1.3096497694856053
225.53888917263268,1.3033009914651708
226.95310248864803,1.2977217938317256
228.3673158395607,1.29278047590522
229.78152921819805,1.2883849122032212
231.19574261945147,1.2844678155347315
232.60995603952205,1.2809785878534041
234.02416947548335,1.2778785024737682
235.4383829250136,1.2751377056185134
236.85259638622304,1.2727332737452137
238.26680985753745,1.2706479144408975
239.68102333761587,1.2688690752417184
241.09523682528967,1.2673883179664347
242.50945031951565,1.2662008667812288
243.92366381933795,1.265305265584477
245.33787732385625,1.2647030941146111
246.75209083219838,1.264398697647797
248.1663043434968,1.2643988854918673
249.58051785686936,1.2647125513956028
250.99473137140575,1.265350167629288
252.4089448861617,1.2663231081036435
253.82315840016446,1.2676427698572694
255.2373719124324,1.2693194918897588
256.65158542201044,1.271361317960904
258.0657989280209,1.2737727104059149
259.4800124297236,1.2765533787804437
260.8942259265758,1.2796974141810669
262.30843941827874,1.2831928925456026
263.72265290479953,1.287022021931658
265.1368663863626,1.2911617841750798
266.5510798634132,1.2955849086957067
267.9652933365626,1.3002609617803702
269.3795068065277,1.3051573560218066
270.79372027407464,1.3102401634849832
272.2079337399737,1.3154747136317406
273.6221472049662,1.3208260358420638
275.0363606697413,1.3262592453191715
276.45057413492043,1.3317399670462757
277.8647876010458,1.3372348551050595
279.27900106857203,1.3427122109211471
280.6932145378605,1.3481426526209015
282.107428009177,1.3534997545201677
283.5216414826929,1.3587605693617757
284.935854958491,1.3639059651456162
286.3500684365742,1.3689207438202802
287.7642819168774,1.3737935476952943
289.17849539928034,1.378516590047361
290.59270888362045,1.3830852632664172
292.0069223697048,1.3874976809617185
293.4211358573205,1.3917542034251738
294.83534934624305,1.395856983617986
296.2495628362427,1.3998095575947354
297.6637763270894,1.403616491675454
299.0779898185556,1.4072830899019722
300.4922033104184,1.410815159492974
301.9064168024604,1.414218828695812
303.32063029446965,1.4175004099788064
304.7348437862393,1.4206663012952152
306.14905727756644,1.4237229186798828
307.5632707682507,1.4266766543562088
308.9774842580922,1.4295338556040742
310.39169774688975,1.4323008207381367
311.8059112344378,1.4349838096079206
313.2201247205236,1.4375890670428102
314.6343382049231,1.440122858644075
315.9817653735998,1.4424763078424276
316.0900815879762,1.4426630951882222
317.50429506813765,1.44507146909341
318.9185085458737,1.4474280575900553
320.3327220208008,1.4497398628738924
321.74693549254613,1.452014331630941
323.1611489606755,1.4542595212257274
324.5753624246751,1.4564843159039
325.9895758839267,1.45869871311728
327.40378933767374,1.4609142097971857
328.8180027849738,1.463144334636489
330.2322162246296,1.4654053998377614
331.64642965508546,1.4677175941071707
333.0606430742667,1.4701066284636584
334.474856479316,1.4726063241084852
335.8890698661346,1.4752629115974396
337.30328322851716,1.4781427074637583
338.7174965563358,1.4813472443500837
340.13170983110444,1.485047682455383
341.5459230122452,1.489583146276753
342.9601359701939,1.49590018341449
343.20614460309264,1.4973992886583196
343.696593305012,1.5013445267675345
343.8666807216613,1.5034513541667467
343.9846529433777,1.505919435948339
344.00510903207464,1.5067896503983143
344.01220286158906,1.5073312196001334
344.0146624837808,1.5077373819553004
344.014875447822,1.5078281272971514
344.0149507654625,1.5078919537504456
344.0149638486488,1.5079150426171695
344.0149679991291,1.507934887337827
344.0149676542375,1.5079414103391047
344.0149663591429,1.507949222380717
344.01496501108977,1.5079573538689832
344.0149622175692,1.5079650406825764
344.01495839744814,1.5079755523496345
344.0149521209346,1.507984315812101
344.0149431404727,1.5079968546108677
344.0149294501314,1.5080101113841113
344.01490942586736,1.5080267548961481
344.01488008149306,1.5080467976821503
344.0148371247462,1.5080707216690914
344.01477428851655,1.5080993925657156
344.01468241456877,1.5081338520848635
344.0145481236233,1.508175335535174
344.01435187089584,1.508225327988984
344.01406510511566,1.5082856192103176
344.0136461167487,1.508358087080564
344.01304973906787,1.508443768155982
344.0122009012371,1.5085451052765773
344.0109927643918,1.5086652429499037
344.0092732745388,1.5088078925779438
344.00682602809445,1.5089774442450197
344.0033430392611,1.5091790954651365
343.99838598252006,1.5094189997509022
343.99133103292326,1.5097044374803597
343.981290362781,1.510044010777841
343.9670004157392,1.5104478627288982
343.94666289843997,1.5109279187157234
343.91771847985075,1.511498143200143
343.8765247201494,1.5121747977103777
343.8178976991147,1.5129766732508225
343.7344596616547,1.513925250100654
343.6157105869272,1.5150447060152916
343.4467068455176,1.516361644759185
343.2061806643402,1.5179043438383386
342.8638637490914,1.5197012156036362
342.3766782637284,1.5217780323685044
341.6833158324606,1.5241532780862497
340.6965223753706,1.526830748882795
339.29211788644255,1.5297882049767204
337.8779043657804,1.5321279800712755
336.4636908338455,1.5340334744395356
335.0494772948149,1.5356188013255347
333.635263751067,1.536954923354293
332.2210502040361,1.5380895710226523
330.806836654635,1.5390566723759158
329.39262310347175,1.5398813550689927
327.9784095509671,1.5405828281416352
326.56419599742185,1.54117615010622
325.1499824430567,1.5416733689801172
323.73576888803746,1.5420842875409213
322.32155533249136,1.5424169943952604
321.50389745569476,1.5425763680308158
320.0896838995219,1.5427989585383204
318.8937795956268,1.5429379415919091
317.4795660389215,1.5430479780525328
316.06535248199407,1.5431028243735156
314.6511389248914,1.543105843618728
313.2369253676468,1.5430599541924057
311.82271181028835,1.5429676981162523
310.4084982528403,1.5428312958955963
308.9942846953236,1.5426526910462623
307.58007113775676,1.5424335865271028
306.16585758015617,1.542175474765085
304.7516440225365,1.5418796625557682
303.337430464911,1.54154729298842
301.923216907292,1.5411793580330693
300.5090033496908,1.540776720615142
299.094789792118,1.540340121753855
297.6805762345837,1.539870192303749
296.26636267709773,1.5393674609954935
294.8521491196694,1.5388323647184319
293.43793556230787,1.5382652503052199
292.02372200502236,1.5376663826633967
290.609508447822,1.5370359482626688
289.19529489071596,1.5363740585752894
287.78108133371364,1.5356807527911895
286.3668677768246,1.5349559998713842
284.9526542200588,1.534199699988298
283.5384406634264,1.5334116853887991
282.1242271069383,1.5325917207040856
280.7100135506057,1.531739502719966
279.29579999444053,1.5308546596110701
277.8815864384555,1.5299367496326521
276.467372882664,1.5289852592538018
275.0531593270805,1.5279996007055718
273.6389457717204,1.526979108906549
272.2247322166004,1.5259230377161865
270.8105186617385,1.5248305554527009
269.39630510715426,1.5237007395965203
267.9820915528689,1.5225325705821227
266.5678779989056,1.5213249245594054
265.15366444528973,1.5200765649798347
263.7394508920491,1.5187861328312602
262.32523733921437,1.5174521353070263
260.91102378681944,1.5160729326477111
259.49681023490194,1.5146467228352645
258.0825966835036,1.513171523745862
256.668383132671,1.5116451522749215
255.25416958245654,1.5100651998298367
253.839956032919,1.508429003434227
252.42574248412487,1.5067336114912804
251.01152893614963,1.5049757429970405
249.5973153890794,1.503151738655534
248.18310184301293,1.5012575018952914
246.7688882980642,1.4992884271763647
245.35467475436548,1.497239312142435
243.94046121207137,1.495104249017133
242.526247671364,1.492876489019807
241.11203413245963,1.4905482712571398
239.69782059561754,1.4881106041776118
238.28360706115174,1.4855529826829321
236.86939352944705,1.4828630164312417
235.45518000098133,1.480025933140049
234.04096647635703,1.477023902000486
232.62675295634702,1.4738350915622995
231.2125394419633,1.4704323240189476
229.7983259345631,1.4667810946226156
228.38411243602022,1.4628365509185555
226.96989894901438,1.4585386816872574
225.55568547755126,1.4538042310360493
225.29487160874075,1.4528746190458248
223.88065816523522,1.4474618900474536
222.46644475620977,1.4412579507085244
221.0522314063235,1.4339065425936175
219.63801817122447,1.424679915218087
218.2238052401818,1.4115028497132664
217.51669926128014,1.4006194668969982
217.27147542878484,1.394210419217961
217.18643226197582,1.3906765588278163
217.1274474037181,1.3861821406761503
217.12246066915026,1.3853590300911094
217.11900270272753,1.3844464942142876
217.1178048026491,1.3837309239611426
217.1177021740295,1.3835057660169796
217.11769837614466,1.383473699284319
217.11769695978106,1.383444415310813
217.11769816269057,1.3834143120363693
217.1177035153783,1.3833700023223372
217.117712806663,1.3833310621469612
217.11772605852346,1.383291057312082
217.11774579128954,1.3832466744607355
217.11777489109343,1.3831954905700963
217.11781764960932,1.3831353574676433
217.11788034463817,1.3830640921479471
217.11797215548128,1.3829795137424965
217.11810301659116,1.3828802112536032
217.1182894507768,1.3827633653071971
217.11855496748746,1.3826252829827579
217.11893302926308,1.382461618561115
217.1194712616465,1.3822672279663848
217.12023744643716,1.3820360002253427
217.12132805147405,1.3817606593555611
217.12288037033903,1.3814325290483225
217.12508979965784,1.381041251624545
217.1282344282055,1.3805744513497327
217.13271003215567,1.3800173303605532
217.139079880344,1.379352183234047
217.14814561713666,1.3785578136798269
217.16104814294198,1.3776088340839496
217.17941118736513,1.3764748260263344
217.2055456425308,1.3751193381239326
217.24274037027578,1.37349869802129
217.29567607895365,1.371560620699884
217.37101435291157,1.3692426103796755
217.47823595925172,1.3664701868295486
217.6308339260265,1.3631550341060623
217.84801153114225,1.3591932968659433
218.15709888018995,1.3544644818205267
218.59699218004928,1.3488318403038386
219.22304851314226,1.3421458696507327
220.09151404507801,1.3344364002565134
221.29624961692775,1.3255921713030592
222.7104627315463,1.3169685671023674
224.12467593973886,1.3096497693050038
225.5388892102352,1.3033009913072957
226.95310252625055,1.297721793692341
228.3673158771632,1.2927804757814356
229.78152925580056,1.2883849120929645
231.19574265705398,1.2844678154364633
232.60995607712456,1.2809785877659539
234.02416951308587,1.2778785023962305
235.43838296261612,1.2751377055501987
236.85259642382556,1.2727332736855899
238.26680989513997,1.2706479143895713
239.6810233752184,1.2688690751984142
241.0952368628922,1.2673883179309762
242.50945035711817,1.266200866753537
243.92366385694046,1.2653052655645516
245.33787736145877,1.264703094102534
246.7520908698009,1.264398697643717
248.1663043810993,1.2643988854959973
249.58051789447188,1.2647125514081996
250.99473140900827,1.2653501676506478
252.4089449237642,1.2663231081340731
253.82315843776698,1.267642769897067
255.2373719500349,1.2693194919391655
256.651585459613,1.2713613180200987
258.06579896562346,1.273772710474953
259.48001246732616,1.2765533788592487
260.89422596417836,1.2796974142694018
262.3084394558813,1.2831928926430713
263.7226529424021,1.2870220220377107
265.13686642396516,1.2911617842890495
266.5510799010157,1.2955849088168159
267.9652933741651,1.3002609619077794
269.3795068441302,1.3051573561546248
270.7937203116772,1.3102401636223031
272.2079337775763,1.3154747137726304
273.62214724256876,1.320826035985596
275.0363607073439,1.3262592454644198
276.450574172523,1.3317399671923353
277.86478763864835,1.337234855251066
279.2790011061746,1.3427122110662895
280.69321457546306,1.348142652764429
282.10742804677955,1.3534997546614238
283.5216415202955,1.358760569500201
284.93585499609355,1.3639059652807493
286.35006847417674,1.3689207439517737
287.76428195447994,1.3737935478228918
289.1784954368829,1.3785165901709049
290.592708921223,1.3830852633858206
292.00692240730734,1.3874976810769644
293.42113589492305,1.3917542035362946
294.8353493838456,1.39585698372506
296.24956287384526,1.3998095576978724
297.66377636469196,1.403616491774785
299.0779898561581,1.4072830899976483
300.49220334802095,1.4108151595851532
301.90641684006295,1.4142188287846578
303.3206303320722,1.4175004100644957
304.73484382384186,1.420666301377911
306.149057315169,1.4237229187597584
307.5632708058532,1.4266766544334344
308.97748429569475,1.429533855678819
310.3916977844923,1.4323008208105632
311.80591127204036,1.434983809678198
313.22012475812613,1.4375890671111051
314.63433824252564,1.4401228587105523
315.9817653690555,1.4424763078345793
316.0900815834319,1.4426630951803947
317.50429506359336,1.4450714690857582
318.9185085413294,1.4474280575825582
320.3327220162565,1.449739862866527
321.74693548800184,1.4520143316236864
323.1611489561312,1.4542595212185523
324.57536242013083,1.4564843158967724
325.9895758793824,1.4586987131101694
327.40378933312945,1.4609142097900514
328.81800278042954,1.4631443346292832
330.2322162200853,1.4654053998304244
331.64642965054117,1.4677175940996314
333.0606430697224,1.470106628455824
334.4748564747717,1.4726063241002312
335.8890698615903,1.475262911588589
337.30328322397287,1.4781427074540503
338.7174965517915,1.4813472443391111
340.13170982656015,1.4850476824424035
341.54592300770094,1.4895831462601696
342.9601359656496,1.4959001833885623
343.20614459854835,1.4973992886285994
343.6965933004677,1.501344526720147
343.866680717117,1.503451354097444
343.98465293883345,1.505919435796296
344.0051090275305,1.5067896501326707
344.0122028570452,1.5073312190998442
344.01466247923935,1.507737380457356
344.0148754432868,1.5078281246061085
344.0149507609745,1.5078919475769015
344.0149638442775,1.5079150322399222
344.0149679955461,1.5079348634076486
344.0149676552102,1.5079413411217326
344.01496636968466,1.5079491531551927
344.01496502671637,1.507957314263237
344.0149622297692,1.507965014685873
344.01495841001486,1.507975531052772
344.01495213346885,1.5079842979056162
344.0149431531865,1.5079968412398181
344.0149294628349,1.5080100998744064
344.0149094386117,1.5080267452471012
344.0148800942682,1.5080467898259786
344.0148371375398,1.5080707152509676
344.0147743013222,1.508099387289426
344.0146824273826,1.5081338477390818
344.01454813644267,1.5081753319509992
344.014351883719,1.5082253250308915
344.01406511794136,1.508285616768425
344.01364612957605,1.5083580850480762
344.01304975189646,1.5084437664699484
344.01220091406657,1.508545103873874
344.0109927772218,1.5086652417800936
344.0092732873692,1.5088078916013719
344.0068260409251,1.5089774434291807
344.00334305209196,1.5091790947832964
343.9983859953511,1.5094189991808566
343.99133104575435,1.5097044370038442
343.9812903756122,1.5100440103795245
343.9670004285705,1.5104478623961326
343.9466629112713,1.510927918437875
343.9177184926821,1.5114981429683576
343.87652473298084,1.512174797517262
343.81789771194616,1.5129766730901049
343.7344596744862,1.5139252499672078
343.6157105997587,1.5150447059047951
343.4467068583491,1.5163616446680181
343.2061806771717,1.5179043437634976
342.8638637619229,1.5197012155425726
342.3766782765599,1.521778032319153
341.6833158452921,1.5241532780468394
340.6965223882021,1.526830748851852
339.29211789927405,1.5297882049530012
337.8779043786119,1.5321279800522327
336.46369084667697,1.5340334744238322
335.0494773076464,1.5356188013123713
333.6352637638985,1.536954923343148
332.2210502168676,1.5380895710131648
330.8068366674665,1.5390566723678165
329.39262311630324,1.5398813550620953
327.9784095637986,1.5405828281357792
326.56419601025334,1.5411761501012893
325.14998245588816,1.5416733689760074
323.73576890086895,1.5420842875375613
322.32155534532285,1.5424169943925723
321.5038974263794,1.5425763680361089
320.08968387020656,1.5427989585422646
318.8937796084583,1.5429379415906328
317.479566051753,1.5430479780517885
316.06535249482556,1.5431028243732512
314.6511389377229,1.5431058436189258
313.2369253804783,1.5430599541930345
311.82271182311985,1.5429676981172937
310.40849826567177,1.5428312958970303
308.9942847081551,1.5426526910480676
307.58007115058825,1.5424335865292695
306.16585759298766,1.5421754747676006
304.751644035368,1.541879662558618
303.3374304777425,1.5415472929916003
301.9232169201235,1.5411793580365634
300.50900336252226,1.5407767206189507
299.09478980494947,1.5403401217579678
297.6805762474152,1.5398701923081664
296.2663626899292,1.5393674610002024
294.85214913250087,1.5388323647234314
293.43793557513936,1.5382652503105105
292.02372201785386,1.5376663826689756
290.6095084606535,1.5370359482685325
289.19529490354745,1.5363740585814356
287.78108134654514,1.5356807527976213
286.3668677896561,1.534955999878103
284.95265423289027,1.534199699995304
283.5384406762579,1.5334116853960953
282.1242271197698,1.5325917207116713
280.7100135634372,1.5317395027278435
279.295800007272,1.5308546596192476
277.881586451287,1.5299367496411354
276.4673728954955,1.528985259262591
275.053159339912,1.5279996007146726
273.6389457845519,1.526979108915966
272.2247322294319,1.5259230377259327
270.81051867457,1.5248305554627806
269.39630511998575,1.523700739606943
267.9820915657004,1.5225325705928987
266.5678780117371,1.5213249245705476
265.1536644581212,1.5200765649913492
263.7394509048806,1.518786132843165
262.32523735204586,1.517452135319334
260.91102379965093,1.5160729326604336
259.49681024773344,1.5146467228484237
258.0825966963351,1.5131715237594736
256.6683831455025,1.511645152289011
255.25416959528803,1.5100651998444248
253.83995604575048,1.5084290034493364
252.42574249695636,1.5067336115069403
251.01152894898112,1.5049757430132866
249.5973154019109,1.5031517386723954
248.18310185584443,1.5012575019128116
246.7688883108957,1.4992884271945843
245.35467476719697,1.497239312161406
243.94046122490286,1.4951042490369129
242.52624768419548,1.4928764890404607
241.11203414529112,1.4905482712787477
239.69782060844904,1.488110604200258
238.28360707398323,1.4855529827067184
236.86939354227854,1.4828630164562924
235.45518001381282,1.4800259331665067
234.04096648918852,1.4770239020285356
232.6267529691785,1.473835091592159
231.21253945479478,1.4704323240508912
229.7983259473946,1.4667810946569957
228.3841124488517,1.46283655095584
226.96989896184587,1.458538681728084
225.55568549038276,1.4538042310813153
225.2948715794254,1.4528746189402415
223.88065813591987,1.4474618899279457
222.46644472689442,1.4412579505696548
221.05223137700816,1.4339065424254056
219.63801814190913,1.4246799149979537
218.22380521086646,1.4115028493600956
217.51669923196482,1.400619466282951
217.2714753994696,1.3942104182071056
217.1864322326608,1.390676557299725
217.12744737440448,1.3861821365699414
217.12246063983847,1.385359024205043
217.11900267342773,1.3844464829517806
217.1178047734431,1.3837308851755896
217.11770214574466,1.3835056040556712
217.1176983515797,1.3834734076185156
217.11769695460947,1.3834439786752892
217.1176981310858,1.383414782088985
217.11770345561808,1.3833703454615056
217.11771274962956,1.3833312623188163
217.11772600072356,1.383291198726484
217.11774573318792,1.3832467865680023
217.11777483267016,1.3831955815958592
217.11781759095186,1.383135431182007
217.1178802858314,1.3830641521176867
217.11797209658397,1.3829795632320343
217.11810295762714,1.3828802520478274
217.118289391769,1.3827633991108323
217.1185549084497,1.3826253110950237
217.11893297020472,1.382461641998948
217.1194712025739,1.3822672475417412
217.12023738735462,1.3820360165951138
217.12132799238458,1.3817606730577419
217.1228803112447,1.3814325405254517
217.12508974056013,1.381041261243106
217.1282343691054,1.3805744594142855
217.1327099730539,1.3800173371245301
217.13907982124104,1.3793521889090148
217.14814555803287,1.3785578184427092
217.16104808383758,1.3776088380825269
217.17941112826034,1.3764748293841398
217.2055455834257,1.375119340944395
217.24274031117048,1.3734987003910093
217.2956760198482,1.3715606226912405
217.371014293806,1.369242612053224
217.4782359001461,1.3664701882359211
217.63083386692082,1.3631550352873958
217.84801147203652,1.3591932978574457
218.1570988210842,1.35446448265141
218.5969921209435,1.348831840998252
219.22304845403647,1.342145870228578
220.09151398597223,1.3344364007360094
221.29624955782194,1.3255921716979566
222.71046267244049,1.3169685674324838
224.12467588063305,1.3096497695888862
225.53888915112938,1.3033009915554572
226.95310246714473,1.2977217939114345
228.3673158180574,1.2927804759760055
229.78152919669475,1.2883849122662738
231.19574259794817,1.2844678155909275
232.60995601801875,1.280978587903415
234.02416945398005,1.2778785025181074
235.4383829035103,1.2751377056575786
236.85259636471974,1.2727332737793102
238.26680983603416,1.2706479144702478
239.68102331611257,1.268869075266483
241.09523680378638,1.2673883179867116
242.50945029801235,1.2662008667970666
243.92366379783465,1.265305265595872
245.33787730235295,1.2647030941215172
246.75209081069508,1.2643986976501296
248.1663043219935,1.2643988854895074
249.58051783536607,1.2647125513883983
250.99473134990245,1.2653501676170729
252.4089448646584,1.2663231080862407
253.82315837866116,1.2676427698345152
255.2373718909291,1.2693194918615038
256.65158540050714,1.2713613179270533
258.0657989065176,1.273772710366432
259.4800124082203,1.2765533787353798
260.8942259050725,1.27969741413055
262.30843939677544,1.2831928924898643
263.72265288329623,1.2870220218710064
265.1368663648593,1.2911617841099081
266.5510798419099,1.295584908626448
267.9652933150593,1.300260961707511
269.3795067850244,1.3051573559458514
270.79372025257135,1.3102401634064549
272.20793371847043,1.3154747135511724
273.6221471834629,1.3208260357599877
275.03636064823803,1.3262592452361113
276.45057411341713,1.3317399669627528
277.8647875795425,1.337234855021562
279.27900104706873,1.3427122108381502
280.6932145163572,1.3481426525388231
282.1074279876737,1.3534997544393903
283.52164146118963,1.35876056928262
284.9358549369877,1.3639059650683396
286.3500684150709,1.368920743745085
287.7642818953741,1.3737935476223253
289.17849537777704,1.3785165899767124
290.59270886211715,1.3830852631981334
292.0069223482015,1.3874976808958175
293.4211358358172,1.391754203361629
294.83534932473975,1.3958569835567536
296.2495628147394,1.3998095575357554
297.6637763055861,1.4036164916186498
299.0779897970523,1.4072830898472588
300.4922032889151,1.4108151594402607
301.9064167809571,1.4142188286450015
303.32063027296635,1.4175004099298083
304.734843764736,1.4206663012479237
306.14905725606314,1.4237229186342042
307.5632707467474,1.4266766543120473
308.9774842365889,1.429533855561334
310.39169772538645,1.4323008206967178
311.8059112129345,1.4349838095677327
313.2201246990203,1.4375890670037552
314.6343381834198,1.4401228586060606
315.9817653942433,1.4424763078780685
316.09008160861976,1.4426630952237884
317.5042950887812,1.4450714691281714
318.91850856651723,1.447428057624111
320.33272204144436,1.4497398629073457
321.74693551318967,1.4520143316639074
323.16114898131906,1.4542595212583302
324.57536244531866,1.4564843159362728
325.98957590457024,1.4586987131495834
327.4037893583173,1.460914209829596
328.81800280561737,1.4631443346692248
330.23221624527315,1.4654053998710839
331.646429675729,1.4677175941414102
333.06064309491023,1.4701066284992472
334.4748564999595,1.472606324145984
335.88906988677815,1.4752629116376557
337.3032832491607,1.4781427075078564
338.71749657697933,1.4813472443999363
340.131709851748,1.4850476825143193
341.54592303288877,1.489583146352099
342.96013599083744,1.4959001835322776
343.20614459450314,1.4973992886023648
343.6965932964226,1.501344526677945
343.86668071307184,1.5034513540357992
343.9846529347883,1.505919435661013
344.00510902348543,1.5067896498961906
344.0122028530004,1.5073312186543388
344.01466247519664,1.5077373791238795
344.0148754392497,1.5078281222112466
344.0149507569795,1.507891942074195
344.0149638403861,1.5079150230079696
344.01496799235264,1.5079348421758096
344.0149676560575,1.5079412795043035
344.01496637901977,1.5079490915304143
344.01496504060844,1.507957278997441
344.01496224057917,1.507964991770633
344.0149584211636,1.5079755124770502
344.01495214456514,1.50798428217261
344.01494316443143,1.5079968292615085
344.0149294740791,1.5080100896351003
344.01490944989285,1.508026736704959
344.0148801055764,1.5080467828767439
344.0148371488642,1.5080707095711543
344.0147743126572,1.5080993826195237
344.01468243872483,1.5081338438912537
344.0145481477898,1.5081753287776292
344.0143518950694,1.508225322412116
344.01406512929407,1.5082856146051786
344.01364614093023,1.5083580832497614
344.0130497632517,1.5084437649776965
344.01220092542246,1.5085451026318106
344.01099278857816,1.5086652407448913
344.0092732987259,1.5088078907371498
344.006826052282,1.508977442707022
344.003343063449,1.5091790941798358
343.99838600670824,1.509418998676261
343.9913310571116,1.509704436582051
343.98129038696953,1.5100440100270238
343.96700043992786,1.5104478621016286
343.94666292262866,1.5109279181919493
343.9177185040395,1.5114981427631968
343.8765247443382,1.5121747973463002
343.81789772330353,1.5129766729478502
343.73445968584355,1.5139252498491302
343.61571061111607,1.5150447058069978
343.4467068697065,1.5163616445873256
343.20618068852906,1.5179043436972561
342.8638637732803,1.5197012154885425
342.3766782879173,1.5217780322754784
341.6833158566495,1.524153278011945
340.69652239955946,1.526830748824471
339.2921179106314,1.529788204932015
337.8779043899693,1.5321279800353897
336.46369085803434,1.5340334744099349
335.04947731900376,1.535618801300717
333.63526377525585,1.5369549233332802
332.22105022822495,1.5380895710047664
330.80683667882386,1.5390566723606534
329.3926231276606,1.5398813550559949
327.978409575156,1.540582828130601
326.5641960216107,1.5411761500969305
325.14998246724554,1.5416733689723734
323.7357689122263,1.54208428753459
322.3215553566802,1.5424169943901989
321.5038974377368,1.5425763680340565
320.08968388156393,1.5427989585407382
318.8937796198157,1.542937941589513
317.4795660631104,1.543047978051131
316.06535250618293,1.543102824373026
314.6511389490803,1.5431058436190972
313.23692539183565,1.543059954193596
311.8227118344772,1.5429676981182139
310.40849827702914,1.542831295898294
308.99428471951245,1.5426526910496674
307.5800711619456,1.5424335865311876
306.16585760434504,1.5421754747698246
304.75164404672535,1.5418796625611415
303.33743048909986,1.5415472929944125
301.92321693148085,1.5411793580396567
300.50900337387964,1.5407767206223177
299.09478981630684,1.5403401217616097
297.6805762587726,1.539870192312069
296.2663627012866,1.5393674610043695
294.85214914385824,1.5388323647278555
293.43793558649674,1.5382652503151915
292.0237220292112,1.5376663826739116
290.6095084720109,1.5370359482737213
289.1952949149048,1.5363740585868766
287.7810813579025,1.5356807528033172
286.3668678010135,1.5349559998840503
284.95265424424764,1.5341997000015049
283.53844068761526,1.5334116854025521
282.12422713112716,1.5325917207183848
280.7100135747946,1.5317395027348168
279.2958000186294,1.5308546596264838
277.88158646264435,1.52993674964864
276.46737290685286,1.528985259270367
275.05315935126936,1.5279996007227283
273.63894579590925,1.5269791089243032
272.22473224078925,1.525923037734557
270.8105186859274,1.5248305554717025
269.3963051313431,1.5237007396161701
267.98209157705776,1.5225325706024373
266.56787802309447,1.5213249245804052
265.1536644694786,1.5200765650015429
263.73945091623796,1.5187861328537013
262.32523736340323,1.5174521353302262
260.9110238110083,1.5160729326716957
259.4968102590908,1.5146467228600704
258.08259670769246,1.5131715237715242
256.6683831568599,1.5116451523014827
255.2541696066454,1.510065199857335
253.83995605710786,1.5084290034627101
252.42574250831373,1.5067336115208025
251.0115289603385,1.5049757430276636
249.59731541326826,1.5031517386873214
248.1831018672018,1.501257501928317
246.76888832225308,1.4992884272107099
245.35467477855434,1.4972393121781975
243.94046123626023,1.4951042490544229
242.52624769555285,1.4928764890587445
241.1120341566485,1.4905482712978704
239.6978206198064,1.4881106042203003
238.2836070853406,1.4855529827277718
236.86939355363592,1.4828630164784657
235.4551800251702,1.4800259331899284
234.0409665005459,1.4770239020533624
232.62675298053588,1.4738350916185854
231.21253946615215,1.4704323240791632
229.79832595875197,1.4667810946874251
228.38411246020908,1.4628365509888446
226.96989897320324,1.4585386817642245
225.55568550174013,1.4538042311213795
225.29487159078278,1.4528746189811463
223.88065814727725,1.447461889974245
222.4664447382518,1.4412579506234562
221.05223138836553,1.433906542490575
219.6380181532665,1.4246799150832339
218.22380522222383,1.4115028494969244
217.5166992433222,1.4006194665208376
217.27147541082695,1.3942104185987267
217.18643224401805,1.3906765578917393
217.12744738576117,1.3861821381607522
217.12246065119444,1.385359026485414
217.11900268477908,1.3844464873152378
217.1178047847581,1.3837309002032219
217.11770215670253,1.3835056668385421
217.11769836109082,1.3834735208459183
217.11769695656844,1.3834441482285111
217.11769814319254,1.3834146015946287
217.11770347863924,1.3833702129952494
217.11771277161355,1.3833311851169021
217.1177260230019,1.383291144231348
217.11774575558144,1.3832467433616915
217.1177748551876,1.3831955465107466
217.11781761355962,1.3831354027710407
217.11788030849667,1.3830641290032042
217.11797211928413,1.382979544157191
217.11810298035303,1.3828802363246828
217.11828941451176,1.3827633860816206
217.11855493120402,1.382625300259928
217.118932992967,1.3824616329655253
217.11947122534167,1.3822672399970084
217.1202374101262,1.3820360102859146
217.12132801515884,1.381760667776625
217.12288033402083,1.381432536101892
217.12508976333757,1.3810412575359503
217.12823439188378,1.3805744563060136
217.13270999583293,1.3800173345174684
217.13907984402053,1.3793521867218272
217.14814558081267,1.3785578166070023
217.1610481066176,1.3776088365414163
217.1794111510405,1.37647482808997
217.205545606206,1.3751193398573334
217.24274033395085,1.3734986994776799
217.29567604262863,1.371560621923736
217.3710143165865,1.3692426114082021
217.47823592292661,1.3664701876938832
217.63083388970136,1.3631550348320909
217.8480114948171,1.3591932974752996
218.1570988438648,1.3544644823311716
218.5969921437241,1.348831840730616
219.22304847681707,1.3421458700058626
220.09151400875282,1.3344364005511948
221.29624958060253,1.325592171545755
222.71046269522108,1.3169685673052522
224.12467590341365,1.3096497694794698
225.53888917390998,1.3033009914598082
226.95310248992533,1.2977217938269936
228.367315840838,1.2927804759010144
229.78152921947535,1.2883849121994753
231.19574262072877,1.2844678155313933
232.60995604079935,1.2809785878504343
234.02416947676065,1.2778785024711348
235.4383829262909,1.275137705616192
236.85259638750034,1.2727332737431891
238.26680985881475,1.2706479144391523
239.68102333889317,1.2688690752402485
241.09523682656697,1.267388317965229
242.50945032079295,1.2662008667802882
243.92366382061525,1.2653052655838
245.33787732513355,1.264703094114203
246.75209083347568,1.2643986976476578
248.1663043447741,1.2643988854920067
249.58051785814666,1.2647125513960304
250.99473137268305,1.2653501676300134
252.408944887439,1.266323108104677
253.82315840144176,1.2676427698586226
255.2373719137097,1.2693194918914363
256.65158542328777,1.2713613179629146
258.06579892929824,1.2737727104082603
259.48001243100094,1.276553378783122
260.89422592785314,1.2796974141840685
262.30843941955607,1.2831928925489136
263.72265290607686,1.2870220219352586
265.13686638763994,1.2911617841789536
266.5510798646905,1.2955849086998201
267.9652933378399,1.300260961784697
269.379506807805,1.3051573560263183
270.793720275352,1.3102401634896463
272.20793374125105,1.315474713636526
273.62214720624354,1.3208260358469424
275.03636067101866,1.3262592453241036
276.45057413619776,1.3317399670512384
277.86478760232313,1.3372348551100162
279.27900106984936,1.342712210926079
280.69321453913784,1.3481426526257776
282.1074280104543,1.353499754524967
283.52164148397026,1.3587605693664802
284.93585495976833,1.363905965150205
286.3500684378515,1.3689207438247495
287.7642819181547,1.3737935476996306
289.17849540055767,1.3785165900515588
290.5927088848978,1.3830852632704729
292.0069223709821,1.3874976809656354
293.42113585859784,1.3917542034289498
294.8353493475204,1.3958569836216221
296.24956283752005,1.3998095575982392
297.66377632836674,1.4036164916788283
299.0779898198329,1.4072830899052209
300.49220331169573,1.4108151594961056
301.9064168037377,1.414218828698829
303.320630295747,1.4175004099817174
304.73484378751664,1.4206663012980247
306.14905727884377,1.4237229186825957
307.563270769528,1.4266766543588316
308.97748425936953,1.429533855606616
310.3916977481671,1.4323008207405983
311.80591123571514,1.4349838096103085
313.2201247218009,1.4375890670451308
314.6343382062004,1.4401228586463313
315.9817653748771,1.4424763078446334
316.09008158925354,1.4426630951904236
317.504295069415,1.4450714690955624
318.918508547151,1.4474280575921616
320.33272202207814,1.4497398628759615
321.74693549382346,1.4520143316329828
323.16114896195285,1.4542595212277432
324.57536242595245,1.456484315905901
325.98957588520403,1.4586987131192795
327.40378933895107,1.4609142097991912
328.81800278625116,1.4631443346385158
330.23221622590694,1.465405399839824
331.6464296563628,1.4677175941092875
333.060643075544,1.4701066284658606
334.4748564805933,1.472606324110805
335.88906986741193,1.4752629115999292
337.3032832297945,1.4781427074664861
338.7174965576131,1.4813472443531706
340.1317098323818,1.4850476824590264
341.54592301352255,1.4895831462814162
342.96013597147123,1.4959001834217778
343.20614460436997,1.4973992886666532
343.69659330628934,1.501344526780878
343.8666807229386,1.5034513541861887
343.984652944655,1.505919435991061
344.00510903335197,1.5067896504729141
344.0122028628663,1.5073312197408875
344.01466248505733,1.5077373823763895
344.0148754490968,1.5078281280543133
344.014950766724,1.5078919554883168
344.0149638498778,1.507915045520497
344.01496800013905,1.5079348940081005
344.0149676539279,1.5079414301539007
344.01496635613285,1.5079492421979372
344.0149650066548,1.5079573653463867
344.01496221405193,1.5079650481436073
344.01495839379993,1.507975558131256
344.01495211733226,1.5079843208228536
344.01494313683247,1.5079968586632553
344.01492944648146,1.5080101147444942
344.01490942220505,1.5080267576628994
344.01488007782234,1.5080467999356495
344.01483712107023,1.5080707235132502
344.01477428483713,1.5080993940814873
344.014682410887,1.5081338533339843
344.01454811993995,1.508175336565789
344.0143518672114,1.5082253288396568
344.0140651014305,1.508285619913556
344.0136461130631,1.5083580876643088
344.0130497353819,1.508443768640292
344.01220089755094,1.5085451056799393
344.01099276070545,1.5086652432859062
344.00927327085236,1.5088078928583792
344.0068260244079,1.5089774444793664
344.0033430355745,1.5091790956610744
343.9983859788335,1.5094189999146308
343.9913310292366,1.5097044376172888
343.9812903590944,1.510044010892282
343.9670004120526,1.5104478628245062
343.94666289475333,1.5109279187955211
343.9177184761641,1.5114981432667116
343.87652471646277,1.5121747977659161
343.8178976954281,1.5129766732969792
343.73445965796805,1.5139252501389844
343.61571058324057,1.515044706047053
343.446706841831,1.5163616447853778
343.20618066065356,1.5179043438598538
342.8638637454048,1.5197012156211733
342.3766782600418,1.521778032382688
341.68331582877397,1.5241532780975704
340.69652237168395,1.5268307488916915
339.2921178827559,1.5297882049835323
337.8779043620938,1.5321279800767489
336.46369083015884,1.534033474444048
335.04947729112826,1.5356188013293208
333.63526374738035,1.536954923357496
332.22105020034945,1.5380895710253792
330.80683665094836,1.5390566723782413
329.3926230997851,1.5398813550709807
327.9784095472805,1.5405828281433158
326.5641959937352,1.5411761501076393
325.14998243937004,1.5416733689812963
