Re,shear
223.6758274244073,2.549149670469699
223.67580089103862,2.548945265512296
223.6757854720941,2.5487968908745224
223.67577360644398,2.5486455644469155
223.6757659895433,2.5485061693718922
223.67576173703225,2.548378289600682
223.6757598741288,2.548197499507126
223.67576889591163,2.5478931677979384
223.67578588559695,2.5476583024179407
223.67619862750288,2.5458946937517215
223.67678218070793,2.544671643295662
223.6784673282429,2.5424561650815196
223.68332950848074,2.5386247605064467
223.71208947664618,2.5275093957210837
223.88217491115145,2.5008778682093507
224.1273984298512,2.4807961861948264
224.834504013978,2.448283522246003
226.24871661912997,2.415157509794891
227.6629296800461,2.3967852093007793
229.07714291228663,2.3850719989157385
230.491356231878,2.3771831067138436
231.9055696035474,2.371764256275619
233.31978300945593,2.3680597831361174
234.73399643944455,2.3656049000511277
236.1482098872248,2.364093567392909
237.5624233486548,2.3633137538019033
238.9766368208723,2.363112615890757
240.390850301822,2.363376408569597
241.8050637899811,2.3640182374305336
243.21927728419146,2.3649702510666155
244.63349078355284,2.3661784760408024
246.04770428735205,2.36759929151024
247.46191779501476,2.369196957610875
248.8761313060719,2.3709418418333774
250.29034482013546,2.3728091200371058
251.7045583368809,2.3747778077496884
253.11877185603402,2.3768300260460955
254.53298537736106,2.3789504371002472
255.94719890066114,2.3811258044908774
257.3614124257603,2.3833446466051686
258.77562595250697,2.385596960460383
260.1898394807681,2.3878739994501776
261.6040530104264,2.3901680928562437
263.0182665413779,2.39247249804872
264.43248007352986,2.3947812785214477
265.84669360679936,2.3970892025317467
267.2609071411118,2.3993916583139923
268.67512067639984,2.401684582732886
270.08933421260264,2.4039644009188352
271.5035477496648,2.4062279749439335
272.91776128753577,2.4084725599933305
274.33197482616936,2.4106957667950293
275.7461883655232,2.412895529311568
277.16040190555833,2.4150700768870896
278.57461544623874,2.4172179101943576
279.98882898753124,2.419337780446828
281.4030425294049,2.421428671439269
282.8172560718311,2.423489784059326
284.2314696147831,2.425520522978614
285.64568315823595,2.4275204852859398
287.05989670216627,2.42948945087147
288.4741102465521,2.4314273744096218
289.88832379137267,2.433334378822667
291.30253733660857,2.435210750137098
292.7167508822413,2.437056933672446
294.1309644282532,2.4388735315275003
295.54517797462756,2.4406613013538667
296.9593915213483,2.442421156430986
298.3736050684001,2.4441541670819253
299.787818615768,2.445861563495928
301.20203216343765,2.447544740052387
302.616245711395,2.4492052612737383
304.03045925962624,2.45084486957159
305.4446728081178,2.452465494993773
306.8588863568561,2.4540692672316062
308.2730999058276,2.4556585302080887
309.68731345501874,2.4572358596432586
311.10152700441546,2.458804084085189
312.5157405540034,2.460366310010019
313.92995410376767,2.4619259517379724
315.3441676536926,2.463486767094235
316.75838120376136,2.4650528999746135
318.1725947539561,2.4666289312733904
319.58680830425726,2.4682199400162608
321.0010218546432,2.4698315770453396
322.4152354050899,2.4714701542691
323.8294489555701,2.4731427533788413
325.2436625060528,2.4748573591319243
326.6578760565018,2.476623023937253
328.07208960687484,2.4784500727390246
329.48630315712177,2.4803503603607293
330.90051670718213,2.482337597972037
332.3147302569823,2.484427771843588
333.7289438064311,2.486639687117361
335.14315735541436,2.4889956836596605
336.5573709037866,2.491522593039651
337.9715844513593,2.494253040180847
339.3857979978839,2.4972272489073477
340.8000115430257,2.5004956032596612
342.2142250863235,2.5041223762082696
343.62843862712526,2.508191324368269
345.0426521644802,2.512814388230843
346.45686569695215,2.5181458171712134
347.8710792222791,2.524406349599249
349.2852927367219,2.5319274757840335
350.6995062337734,2.5412399188831474
352.1137197001547,2.5532734779596717
353.3823747374008,2.5678799214264467
354.2969183714275,2.582305851690548
354.95619136898694,2.5963161518016697
355.41942411350334,2.6093469611950497
355.74491074444813,2.6212431991304506
355.97361117066646,2.6319330412174313
356.13430554345496,2.6414133471359675
356.2472160054097,2.649731192476159
356.32655148304985,2.6569661058573475
356.3822957648753,2.663215414080687
356.4214638800438,2.6685833635309137
356.4489848827586,2.6731737080952547
356.4683221336316,2.6770850697794186
356.4819091354029,2.68040833466689
356.4914557694097,2.6832254520887133
356.49816347018054,2.6856091499698422
356.5028764161328,2.6876232146773638
356.5061877624963,2.6893230927951013
356.5085142850153,2.6907566535551117
356.51014882773103,2.6919650086446065
356.51129715497405,2.692983325946292
356.5121038450872,2.693841600810994
356.5126704843926,2.6945653661889835
356.5130684509605,2.6951763346317463
356.513347896904,2.69569297319187
356.51354405952736,2.6961310179655893
356.5136816940371,2.6965039363388583
356.51377820050055,2.6968220318721903
356.51384403804894,2.6970904028604856
356.51388887282536,2.697317130700628
356.5139193099405,2.6975103122652597
356.51393986612857,2.6976769076411786
356.51395363153483,2.697824489001243
356.5139626598387,2.69796465890243
356.51396823707483,2.6981139191126022
356.5139697246666,2.6982386521998687
356.5139688606086,2.698334872518727
356.5139342624726,2.6988495635921863
356.51388219264504,2.6992000355590173
356.5137333249148,2.6998186266894884
356.5120061235264,2.7028112675556217
356.50702067006563,2.706891969727004
356.4998313183299,2.710647673499746
356.47909851524224,2.7179223435570057
355.98865299901513,2.780172968368157
355.2815481487249,2.828958852613424
354.64350062368095,2.8631058785378003
353.22928853600587,2.9242971484591562
351.81507598946536,2.9744578661668033
350.40086319821177,3.0176444827112325
348.986650247126,3.0555823219308604
347.572437180797,3.089235922987705
346.15822402736836,3.1192670904015247
344.7440108066463,3.146193890240841
343.3297975333262,3.1704474177478947
341.9155842185493,3.1923929892270912
340.50137087083476,3.2123402915110164
339.08715749672837,3.2305507503752535
337.6729441012853,3.247244275317504
336.25873068843396,3.262605601949938
334.84451726125036,3.276790046446231
333.4303038221636,3.2899285277681294
332.0160903731092,3.302131824441678
330.6018769156441,3.313494112585206
329.1876634510322,3.3240958712675237
327.7734499803094,3.33400625249
326.3592365043322,3.3432850088905326
324.94502302381534,3.351984061270411
323.5308095393602,3.3601487751171666
322.11659605147713,3.367819002859182
320.70238256060276,3.375029937638251
319.2881690671635,3.3818128174433824
318.3794506032083,3.385958407004806
316.9652371061146,3.392097268103826
315.55102360718513,3.397875583257578
314.1368101066535,3.403314380899893
312.7225966047281,3.4084327014021985
311.30838310159584,3.4132478408170193
309.89416959742556,3.417775552210385
308.4799560923707,3.422030210314817
307.0657425865713,3.4260249437532937
305.65152908015585,3.4297717378109476
304.23731557324294,3.433281509602945
302.8231020659419,3.4365641564496885
301.4088885583541,3.439628577280795
299.9946750505732,3.4424826659159535
298.580461542686,3.445133274086999
297.1662480347722,3.4475861410675845
295.7520345269045,3.4498457857703984
294.3378210191484,3.451915356203478
292.9236075115618,3.4537964303337865
291.50939400419406,3.4554887618459724
290.09518049708555,3.4569899642628084
288.68096699026637,3.4582951277982636
287.26675348375556,3.4593963657013185
285.85253997756007,3.460282291438985
284.4383264716741,3.4609374357440164
283.0241129660792,3.4613416241878885
281.6098994607451,3.4614693521259965
280.1956859556322,3.4612892143581804
278.7814724506957,3.4607634698209218
277.36725894589256,3.459847842782562
275.95304544119074,3.4584916740924747
274.5388319365809,3.456638529398549
273.1246184320896,3.4542273364321128
271.710404927793,3.4511940559141716
270.29619142382774,3.447473796355717
268.8819779203992,3.4430031816814854
267.46776441778303,3.437722702294784
266.0535509163214,3.431578754433369
264.6393374164141,3.4245251140097284
263.2251239185061,3.416523690106726
261.81091042307463,3.4075445293521436
260.39669693061774,3.397565157839631
258.9824834416461,3.386569423504551
257.56826995667893,3.3745460286141125
256.1540564762447,3.36148692620447
254.7398430008856,3.3473857121676045
253.32562953116593,3.3322360932210198
251.91141606768406,3.316030462422825
250.49720261108746,3.2987585742031316
249.08298916209162,3.280406280886667
247.66877572150324,3.2609542698964793
246.25456229024928,3.2403767210819554
244.84034886941404,3.218639781779282
243.42613546028753,3.195699727122689
242.01192206443045,3.1715006264775263
240.5977086837636,3.1459712608863395
239.18349532069468,3.119020909182355
237.76928197830316,3.0905334013379235
236.35506866061974,3.0603584467764495
234.94085537306384,3.0282985157439035
233.52664212316037,2.9940881096437524
232.11242892177438,2.9573591941807083
230.6982157853675,2.917579449872509
229.28400274037617,2.873931334006059
227.86978983716222,2.8250425128854237
226.679408792202,2.777952645919835
225.82129117682223,2.7387618774787574
225.202694488631,2.706121685071329
224.7567628305234,2.678878448191371
224.43530135460773,2.656057367329229
224.20942925654194,2.6373649123609013
224.05072226107342,2.622027930277743
223.9392082808232,2.6094203261561892
223.86085409003405,2.5990360993516655
223.80579935613665,2.5904665301682606
223.76711579626783,2.583381277238744
223.73993530860736,2.5775129471502174
223.7208373608986,2.5726446350640604
223.7074185439407,2.568599939670197
223.6979901218296,2.5652349979428495
223.69136551808407,2.562432144936815
223.68671099449688,2.5600948680722784
223.6834407318478,2.5581437861717697
223.6811431092302,2.5565134370633658
223.6795289048377,2.555149702495498
223.67839489969737,2.5540077356744355
223.67759830417236,2.553050285739671
223.67703878901753,2.552246336126638
223.6766458597466,2.5515699910268017
223.67636998548863,2.5509995568410564
223.67617636599883,2.5505167738711023
223.67604055250834,2.5501061569022823
223.67594537144697,2.5497543982670177
223.67587876482366,2.5494497665040114
223.67583226808262,2.549181672240067
223.6758009217811,2.5489452654500027
223.67579303992196,2.548874849555881
223.6757787904746,2.5487173319054235
223.6757694542433,2.5485767684399825
223.6757636408196,2.5484461353108863
223.6757606013698,2.5483235534313007
223.67575989193767,2.5482292614237076
223.67575981397255,2.5482074360779023
223.67576870755667,2.547896649509358
223.67578568917165,2.547660425349002
223.67619842652823,2.5458952263775103
223.67678197938224,2.5446719920328733
223.67846712676186,2.54245637829306
223.68332930695053,2.538624886743114
223.71208927509963,2.5275094515340104
223.88217470960043,2.5008778895646824
224.1273982282995,2.4807961994132794
224.834503812426,2.4482835290450446
226.24871641757784,2.4151575131425664
227.66292947849394,2.396785211347272
229.07714271073445,2.385072000269473
230.4913560303258,2.3771831076392425
231.9055694019952,2.371764256912126
233.31978280790372,2.368059783566289
234.73399623789234,2.3656049003278214
236.14820968567258,2.364093567551964
237.56242314710258,2.363313753868708
238.9766366193201,2.3631126158839497
240.3908501002698,2.363376408503251
241.80506358842888,2.364018237315518
243.21927708263925,2.364970250911534
244.63349058200063,2.3661784758525153
246.04770408579984,2.3675992912943813
247.46191759346254,2.369196957372053
248.8761311045197,2.3709418415754375
250.29034461858325,2.37280911976329
251.70455813532868,2.3747778074627717
253.1187716544818,2.3768300257484207
254.53298517580885,2.378950436793837
255.94719869910892,2.3811258041775
257.3614122242081,2.3833446462863295
258.77562575095476,2.3855969601374287
260.1898392792159,2.387873999124272
261.6040528088742,2.390168092528413
263.0182663398257,2.3924724977198544
264.43247987197765,2.3947812781923568
265.84669340524715,2.3970892022031007
267.26090693955956,2.3993916579864347
268.67512047484763,2.4016845824069395
270.0893340110504,2.403964400595002
271.5035475481126,2.406227974622623
272.91776108598356,2.4084725596749066
274.33197462461715,2.4106957664798054
275.746188163971,2.4128955289998153
277.1604017040061,2.4150700765790543
278.5746152446865,2.41721790989021
279.988828785979,2.4193377801467593
281.4030423278527,2.4214286711433837
282.81725587027887,2.423489783767736
284.2314694132309,2.4255205226913743
285.64568295668374,2.4275204850031105
287.05989650061406,2.429489450593074
288.47411004499986,2.431427374135641
289.88832358982046,2.4333343785530683
291.30253713505635,2.435210749871845
292.7167506806891,2.4370569334114567
294.130964226701,2.438873531270675
295.54517777307535,2.4406613011010885
296.9593913197961,2.4424211561821103
298.37360486684787,2.4441541668368014
299.7878184142158,2.4458615632543514
301.20203196188544,2.4475447398141545
302.61624550984277,2.4492052610386197
304.03045905807403,2.450844869339308
305.4446726065656,2.4524654947640565
306.8588861553039,2.4540692670041273
308.2730997042754,2.4556585299825064
309.6873132534665,2.4572358594191694
311.10152680286325,2.458804083862191
312.5157403524512,2.460366309787639
313.92995390221546,2.461925951515701
315.34416745214037,2.4634867668715144
316.75838100220915,2.4650528997508165
318.1725945524039,2.466628931047827
319.58680810270505,2.4682199397881845
321.001021653091,2.469831576813891
322.4152352035377,2.4714701540333253
323.8294487540179,2.4731427531376697
325.24366230450056,2.47485735888415
326.65787585494957,2.476623023681504
328.07208940532263,2.4784500724737217
329.48630295556956,2.480350360084059
330.9005165056299,2.4823375976818927
332.31473005543006,2.484427771537505
333.7289436048789,2.486639686792432
335.14315715386215,2.4889956833124174
336.5573707022344,2.491522592665847
337.9715842498071,2.4942530397754057
339.3857977963317,2.4972272484638554
340.80001134147346,2.5004956027700445
342.2142248847713,2.504122375662172
343.62843842557305,2.5081913237519737
345.042651962928,2.512814387525781
346.45686549539994,2.5181458163514416
347.8710790207269,2.524406348626811
349.2852925351697,2.531927474600402
350.69950603222117,2.5412399173912785
352.1137194986025,2.5532734759804767
353.3823745358486,2.567879918689942
354.29691816987537,2.582305847974337
354.95619116743484,2.5963161468325655
355.4194239119513,2.6093469546822563
355.7449105428962,2.6212431907406835
355.97361096911465,2.6319330305637103
356.13430534190337,2.6414133337678325
356.2472158038584,2.649731175862841
356.32655128149895,2.6569660853694876
356.382295563325,2.6632153889715577
356.4214636784943,2.6685833329111226
356.4489846812104,2.673173670902856
356.4683219320852,2.677085024747801
356.481908933859,2.6804082802835185
356.49145556786954,2.6832253865452804
356.49816326864567,2.685609071102295
356.5028762146055,2.687623119894156
356.50618756098,2.689322978995967
356.50851408351457,2.690756517013118
356.5101486262527,2.691964844868423
356.5112969535279,2.692983129510786
356.51210364368734,2.6938413651341424
356.51267028305944,2.6945650832089534
356.5130682497239,2.695175994392511
356.5133476958081,2.6956925632045348
356.5135438586378,2.696130522286877
356.51368149346274,2.6965033340409006
356.5137780003545,2.696821301191867
356.51384383860244,2.6970895041003944
356.5138886744839,2.697316016926049
356.5139191133144,2.6975089283556954
356.51393967152114,2.6976751822755456
356.5139534384893,2.6978221640646582
356.5139624733387,2.697960980092198
356.5139680957433,2.6981081435224983
356.5139697349121,2.698238652035374
356.51396887420447,2.698334152919192
356.5139342812958,2.698849401424657
356.51388221182214,2.6991999309166044
356.51373334419276,2.699818562281717
356.51200614285244,2.7028112448995096
356.5070206893996,2.706891957536915
356.4998313376657,2.7106476648636137
356.47909853457855,2.717922337952267
355.9886530183518,2.78017296673414
355.2815481680615,2.8289588514786903
354.64350055872393,2.8631058817362423
353.2292884710488,2.9242971509686235
351.8150759245083,2.974457868292496
350.4008631332547,3.0176444845651735
348.98665018216894,3.055582323569106
347.57243711583993,3.0892359244458913
346.1582239624113,3.119267091706035
344.74401074168924,3.1461938914132355
343.3297974683691,3.170447418806263
341.91558415359225,3.1923929901870025
340.5013708058777,3.212340292385486
339.0871574317713,3.2305507511753038
337.6729440363282,3.247244276052399
336.2587306234769,3.2626056026274117
334.8445171962933,3.276790047072825
333.4303037572065,3.2899285283493263
332.0160903081521,3.302131824982231
330.601876850687,3.31349411308906
329.18766338607514,3.3240958717381357
327.77344991535233,3.3340062529302776
326.35923643937514,3.343285009303032
324.94502295885826,3.351984061657352
323.5308094744031,3.360148775480543
322.11659598652005,3.3678190032006787
320.7023824956457,3.3750299379593875
319.28816900220727,3.3818128170419923
319.13582576944196,3.382519143942114
317.7216122734363,3.388860247584322
316.3073987754578,3.39482864291504
314.8931852757556,3.400446538652005
313.47897177455116,3.4057340051596596
312.06475827204224,3.410709243828145
310.6505447684071,3.415388810270696
309.2363312638071,3.4197877979769857
307.82211775838914,3.423919987434255
306.40790425228784,3.4277979643518544
304.99369074562685,3.4314332094276403
303.57947723852027,3.4348361610127047
302.1652637310737,3.4380162510219763
300.7510502233849,3.440981913459101
299.3368367155442,3.4437405639478698
297.9226232076351,3.446298547672757
296.50840969973416,3.448661052125109
295.09419619191067,3.4508319800565936
293.67998268422673,3.4528137771152214
292.26576917673634,3.4546072079043597
290.8515556694848,3.4562110738539884
289.4373421625078,3.4576218666485463
288.0231286558304,3.458833352466983
286.60891514946616,3.459836085603974
285.1947016434161,3.4606168559521855
283.7804881376686,3.4611580842434266
282.36627463219946,3.4614371926599037
280.9520611269736,3.461425996724261
279.5378476219484,3.461090186384775
278.1236341170789,3.4603889870488205
276.7094206123258,3.4592751093331167
275.29520710766604,3.457695100945858
273.88099360310537,3.4555901953832873
272.4667800986917,3.452897702132136
271.0525665945281,3.4495529015263444
269.6383530907827,3.4454913065905317
268.2241395876935,3.4406510595333866
266.80992608556807,3.4349751735998235
265.3957125847767,3.4284133359986577
263.98149908574175,3.4209230584581634
262.5672855889249,3.41247007817166
261.15307209481426,3.403028037482613
259.7388586039145,3.3925775704034797
258.32464511674044,3.3811049773857484
256.9104316338154,3.368600675055021
255.49621815567335,3.3550575773220688
254.08200468286552,3.3404695159035063
252.6677912159704,3.324829757027255
251.2535777556071,3.308129626268898
249.83936430245214,3.290357218426334
248.42515085726023,3.2714961431389744
247.01093742088997,3.251524236170724
245.59672399433632,3.2304121462451656
244.18251057877237,3.208121682507505
242.76829717560472,3.18460377112506
241.35408378654853,3.1597958112458473
239.93987041373242,3.1336181242673624
238.5256570598489,3.1059690271653997
237.1114437283775,3.076717775276329
235.6972304239273,3.045694100691388
234.28301715278405,3.012672078566723
232.86880392382704,2.9773440268258136
231.454590750151,2.939275668289669
230.04037765211672,2.897822824067063
228.62616466362087,2.8519591977098724
227.2276830197627,2.8004846877472414
226.21955055412883,2.757652457443434
225.4928116708961,2.722020511815319
224.96892283308438,2.6923429913736383
224.59126384532814,2.667563356683943
224.31901853748602,2.6467933284929046
224.1277277816055,2.629767689275269
223.99331908612095,2.6157861685733277
223.8988781093558,2.6042823303724303
223.83252012589332,2.5947985823449606
223.78589442958057,2.5869652509052656
223.75313346435962,2.5804833743223003
223.7301144395248,2.575110734960873
223.71394050964403,2.5706506253031836
223.70257622982163,2.56694286766164
223.69459141128658,2.5638566599681036
223.68898114359573,2.561284883174779
223.6850393346958,2.55913956913552
223.68226985487928,2.5573482855451584
223.6803241028158,2.5558512440883643
223.6789571368462,2.554598978930329
223.6779968510153,2.553550475629099
223.67732231689524,2.552671656601685
223.6768485656924,2.551934149559918
223.6765158955913,2.5513142809125515
223.67628235875605,2.5507922479445946
223.67611848255297,2.5503514320889855
223.67600356073177,2.549977821087242
223.6759230479052,2.549659509440343
223.6758667313534,2.5493862517101467
223.675827429551,2.5491498208532133
223.67580089195707,2.5489452655103984
223.67578548423742,2.5487970207238346
223.67577361829424,2.548645738500776
223.6757660005953,2.548506423191398
223.67576174421654,2.548378605243659
223.6757598740589,2.548197509996703
223.67576889570807,2.5478931715494615
223.6757858853847,2.5476583047040178
223.67619862728574,2.545894694327595
223.6767821804904,2.54467164367242
223.6784673280252,2.5424561653118114
223.683329508263,2.5386247606428025
223.71208947642842,2.5275093957814256
223.88217491093368,2.5008778682324477
224.12739842963344,2.4807961862090986
224.83450401376024,2.448283522253363
226.2487166189122,2.4151575097985045
227.66292967982832,2.3967852093029913
229.07714291206887,2.3850719989172013
230.49135623166023,2.3771831067148463
231.90556960332964,2.371764256276304
233.31978300923817,2.3680597831365886
234.7339964392268,2.3656049000514274
236.14820988700703,2.364093567393075
237.56242334843702,2.363313753801978
238.97663682065453,2.3631126158907434
240.39085030160425,2.3633764085695255
241.80506378976332,2.3640182374304017
243.2192772839737,2.3649702510664516
244.63349078333508,2.366178476040593
246.04770428713428,2.3675992915100075
247.461917794797,2.3691969576106198
248.87613130585413,2.370941841833102
250.2903448199177,2.37280912003681
251.70455833666313,2.374777807749379
253.11877185581625,2.3768300260457735
254.5329853771433,2.378950437099917
255.94719890044337,2.3811258044905363
257.36141242554254,2.3833446466048205
258.7756259522892,2.38559696046004
260.18983948055035,2.387873999449827
261.60405301020864,2.390168092855899
263.01826654116013,2.392472498048364
264.4324800733121,2.3947812785210854
265.8466936065816,2.3970892025313915
267.260907140894,2.399391658313642
268.6751206761821,2.401684582732526
270.08933421238487,2.403964400918487
271.503547749447,2.4062279749435858
272.917761287318,2.408472559992984
274.3319748259516,2.4106957667946878
275.74618836530544,2.412895529311233
277.16040190534056,2.4150700768867583
278.57461544602097,2.417217910194025
279.98882898731347,2.419337780446509
281.40304252918713,2.4214286714389486
282.8172560716133,2.4234897840590044
284.23146961456536,2.4255205229783012
285.6456831580182,2.4275204852856276
287.0598967019485,2.429489450871168
288.4741102463343,2.431427374409327
289.8883237911549,2.4333343788223774
291.3025373363908,2.435210750136814
292.7167508820235,2.437056933672162
294.13096442803544,2.438873531527219
295.5451779744098,2.4406613013535887
296.95939152113056,2.442421156430714
298.3736050681823,2.444154167081664
299.78781861555024,2.445861563495667
301.2020321632199,2.447544740052127
302.6162457111772,2.4492052612734843
304.0304592594085,2.4508448695713287
305.4446728079,2.4524654949935263
306.8588863566383,2.4540692672313593
308.27309990560985,2.4556585302078435
309.687313454801,2.4572358596430206
311.1015270041977,2.458804084084952
312.51574055378563,2.46036631000978
313.9299541035499,2.461925951737737
315.3441676534748,2.4634867670940004
316.7583812035436,2.465052899974377
318.17259475373834,2.4666289312731386
319.5868083040395,2.468219940016011
321.00102185442546,2.4698315770450963
322.41523540487213,2.4714701542688404
323.82944895535235,2.473142753378583
325.243662505835,2.474857359131664
326.657876056284,2.476623023936985
328.0720896066571,2.4784500727387173
329.486303156904,2.4803503603604367
330.90051670696437,2.482337597971732
332.3147302567645,2.4844277718432455
333.72894380621335,2.4866396871170005
335.1431573551966,2.488995683659298
336.5573709035688,2.4915225930392553
337.97158445114155,2.494253040180405
339.38579799766615,2.497227248906876
340.8000115428079,2.500495603259142
342.2142250861057,2.504122376207697
343.6284386269075,2.5081913243675977
345.04265216426245,2.512814388230077
346.4568656967344,2.5181458171703106
347.8710792220613,2.524406349598194
349.2852927365041,2.5319274757827053
350.6995062335556,2.541239918881521
352.11371969993695,2.553273477957528
353.38237473718306,2.567879921423496
354.29691837120976,2.582305851686426
354.95619136876917,2.596316151796196
355.4194241132856,2.609346961187876
355.74491074423037,2.6212431991217264
355.9736111704487,2.631933041205632
356.1343055432372,2.6414133471216643
356.24721600519194,2.649731192458288
356.3265514828321,2.656966105834817
356.38229576465756,2.6632154140531514
356.42146387982604,2.6685833634981893
356.44898488254086,2.6731737080553106
356.46832213341384,2.677085069731235
356.4819091351851,2.6804083346086607
356.49145576919193,2.683225452019626
356.4981634699628,2.685609149886502
356.502876415915,2.6876232145769086
356.50618776227856,2.6893230926715925
356.5085142847975,2.6907566534084184
356.51014882751326,2.691965008467818
356.51129715475633,2.692983325731309
356.51210384486956,2.6938416005562598
356.51267048417503,2.69456536588298
356.51306845074305,2.6951763342673196
356.51334789668675,2.6956929727481036
356.5135440593103,2.696131017435622
356.51368169382033,2.696503935689096
356.51377820028426,2.696822031076226
356.5138440378335,2.697090401882029
356.5138888726104,2.6973171295385496
356.513919309729,2.6975103106772718
356.5139398659176,2.6976769057295797
356.51395363133497,2.697824486324026
356.51396265963257,2.6979646555432373
356.513968237048,2.6981139181082283
356.5139697244631,2.698238652203123
356.5139688603217,2.6983348873820825
356.51393426207807,2.6988495669868136
356.5138821922431,2.6992000377522833
356.5137333245108,2.6998186280384973
356.51200612312135,2.70281126802779
356.5070206696604,2.7068919699803917
356.4998313179246,2.7106476736821867
356.4790985148369,2.7179223436747497
355.9886529986098,2.780172968402473
355.28154814831953,2.8289588526370286
354.6435006232756,2.8631058785577856
353.22928853560046,2.9242971484748015
351.81507598905995,2.974457866180101
350.40086319780636,3.017644482722795
348.9866502467206,3.0555823219410496
347.5724371803916,3.0892359229968274
346.15822402696296,3.1192670904096675
344.7440108062409,3.1461938902482256
343.3297975329208,3.1704474177545006
341.9155842181439,3.192392989233085
340.50137087042935,3.2123402915164823
339.08715749632296,3.230550750380234
337.6729441008799,3.2472442753221014
336.25873068802855,3.2626056019541876
334.84451726084495,3.2767900464501194
333.4303038217582,3.28992852777176
332.0160903727038,3.3021318244450573
330.6018769152387,3.3134941125883612
329.1876634506268,3.324095871270469
327.773449979904,3.334006252492757
326.3592365039268,3.3432850088931128
324.94502302340993,3.3519840612727942
323.53080953895477,3.360148775119435
322.1165960510717,3.367819002861311
320.70238256019735,3.3750299376402078
319.2881690667581,3.3818128174452275
318.3794506028029,3.3859584070066227
316.9652371057092,3.392097268105529
315.5510236067797,3.3978755832591796
314.1368101062481,3.40331438090141
312.7225966043227,3.408432701403589
311.30838310119043,3.4132478408183347
309.89416959702015,3.417775552211635
308.4799560919653,3.4220302103159894
307.06574258616587,3.4260249437543986
305.65152907975045,3.429771737811987
304.23731557283753,3.4332815096039107
302.8231020655365,3.4365641564505873
301.40888855794867,3.439628577281645
299.9946750501678,3.4424826659167356
298.5804615422806,3.4451332740876968
297.1662480343668,3.447586141068244
295.7520345264991,3.449845785771031
294.337821018743,3.451915356204038
292.9236075111564,3.4537964303342887
291.50939400378866,3.455488761846453
290.09518049668014,3.456989964263195
288.68096698986096,3.458295127798624
287.26675348335016,3.4593963657015783
285.85253997715466,3.460282291439194
284.4383264712687,3.4609374357441673
283.0241129656738,3.4613416241879946
281.6098994603397,3.461469352126019
280.1956859552268,3.461289214358082
278.78147245029027,3.4607634698207184
277.36725894548715,3.45984784278223
275.95304544078533,3.4584916740919853
274.5388319361755,3.4566385293979636
273.1246184316842,3.4542273364312965
271.7104049273876,3.451194055913203
270.29619142342233,3.4474737963545454
268.8819779199938,3.443003181680077
267.4677644173776,3.43772270229314
266.053550915916,3.4315787544314658
264.6393374160087,3.424525114007576
263.2251239181007,3.416523690104279
261.8109104226692,3.407544529349415
260.39669693021233,3.3975651578366093
258.9824834412407,3.38656942350126
257.5682699562735,3.374546028610513
256.1540564758393,3.361486926200583
254.73984300048016,3.347385712163406
253.3256295307605,3.332236093216535
251.91141606727862,3.3160304624180275
250.49720261068202,3.2987585741980316
249.08298916168619,3.280406280881228
247.6687757210978,3.2609542698907226
246.25456228984385,3.2403767210758883
244.84034886900858,3.2186397817728696
243.42613545988206,3.1956997271159366
242.011922064025,3.171500626470418
240.59770868335815,3.145971260878815
239.1834953202892,3.119020909174418
237.7692819778977,3.090533401329508
236.35506866021427,3.0603584467675478
234.94085537265838,3.028298515734423
233.5266421227549,2.994088109633606
232.11242892136892,2.9573591941697757
230.69821578496203,2.917579449860594
229.2840027399707,2.8739313339928882
227.86978983675675,2.825042512870464
226.67940879179653,2.777952645902536
225.82129117641676,2.7387618774587965
225.20269448822555,2.706121685048265
224.75676283011794,2.6788784481646206
224.43530135420227,2.656057367298013
224.20942925613647,2.6373649123245624
224.05072226066795,2.6220279302351805
223.93920828041774,2.6094203261064384
223.8608540896286,2.5990360992932313
223.80579935573118,2.590466530099552
223.76711579586237,2.5833812771578755
223.7399353082019,2.5775129470547227
223.72083736049314,2.572644634951363
223.70741854353523,2.568599939536857
223.69799012142414,2.5652349977849216
223.6913655176786,2.562432144749379
223.68671099409144,2.560094867849555
223.6834407314424,2.5581437859074776
223.6811431088248,2.5565134367484372
223.67952890443237,2.5551497021207776
223.67839489929213,2.554007735226763
223.67759830376724,2.5530502852057784
223.67703878861258,2.552246335487662
223.67664585934187,2.5515699902619264
223.67636998508425,2.5509995559200096
223.67617636559493,2.5505167727594165
223.6760405521052,2.5501061555488374
223.67594537104495,2.5497543966105436
223.67587876442204,2.549449764437197
223.67583226770154,2.5491816690449616
223.67580092139826,2.5489452654529483
223.67579305675443,2.5488750092484542
223.67577880694236,2.548717538917744
223.67576946988345,2.548577051456685
223.67576365413723,2.548446509568107
223.6757606013765,2.548323553578527
223.67575991800757,2.548229261830455
223.67575985122335,2.5482010335618686
223.67576882779449,2.5478944229288274
223.6757858145791,2.5476590691140646
223.67619855484256,2.545894886302404
223.6767821079207,2.5446717693742107
223.6784672553995,2.542456242164592
223.68332943561958,2.5386248061459
223.71208940377912,2.527509415899668
223.88217483828276,2.500877875930178
224.12739835698227,2.4807961909738276
224.83450394110895,2.44828352470412
226.24871654626085,2.415157511005216
227.66292960717698,2.396785210040658
229.07714283941752,2.385071999405165
230.4913561590089,2.377183107048416
231.9055695306783,2.3717642565057493
233.31978293658682,2.368059783291631
234.73399636657544,2.3656049001511583
236.14820981435568,2.364093567450414
237.56242327578568,2.3633137538260582
238.9766367480032,2.3631126158882942
240.3908502289529,2.3633764085456104
241.80506371711198,2.364018237388955
243.21927721132235,2.364970251010549
244.63349071068373,2.366178475972728
246.04770421448293,2.3675992914321924
247.46191772214564,2.3691969575245304
248.87613123320278,2.3709418417401285
250.29034474726635,2.3728091199381094
251.70455826401178,2.3747778076459554
253.1187717831649,2.37683002593847
254.53298530449194,2.3789504369894745
255.94719882779202,2.381125804377579
257.3614123528912,2.383344646489899
258.77562587963786,2.385596960343624
260.189839407899,2.3878739993323492
261.6040529375573,2.3901680927377154
263.0182664685088,2.392472497929824
264.43248000066075,2.394781278402466
265.84669353393025,2.397089202412923
267.26090706824266,2.3993916581955728
268.67512060353073,2.4016845826150437
270.0893341397335,2.4039644008017547
271.5035476767957,2.406227974827763
272.91776121466665,2.408472559878205
274.33197475330024,2.4106957666810684
275.7461882926541,2.4128955291988543
277.1604018326892,2.415070076775728
278.5746153733696,2.4172179100843936
279.9888289146621,2.4193377803383376
281.4030424565358,2.4214286713322917
282.81725599896197,2.423489783953901
284.231469541914,2.425520522874766
285.64568308536684,2.427520485183684
287.05989662929716,2.4294894507708182
288.47411017368296,2.4314273743105743
289.88832371850356,2.433334378725198
291.30253726373945,2.435210750041199
292.7167508093722,2.437056933578088
294.1309643553841,2.4388735314346492
295.54517790175845,2.440661301262475
296.9593914484792,2.4424211563410037
298.37360499553097,2.4441541669933002
299.7878185428989,2.4458615634085934
301.20203209056854,2.4475447399662533
302.61624563852587,2.4492052611887276
304.0304591867571,2.450844869487609
305.4446727352487,2.4524654949107187
306.858886283987,2.45406926714936
308.2730998329585,2.4556585301265357
309.6873133821496,2.4572358595622426
311.10152693154635,2.4588040840045666
312.5157404811343,2.4603663099296167
313.92995403089856,2.461925951657614
315.34416758082347,2.4634867670137193
316.75838113089225,2.465052899893708
318.172594681087,2.466628931191833
319.58680823138815,2.4682199399338036
321.0010217817741,2.4698315769616634
322.4152353322208,2.4714701541838515
323.829448882701,2.473142753291653
325.24366243318366,2.4748573590423533
326.65787598363266,2.4766230238447937
328.0720895340057,2.478450072643099
329.48630308425265,2.480350360260717
330.900516634313,2.4823375978671294
332.31473018411316,2.4844277717329293
333.728943733562,2.4866396869998857
335.14315728254525,2.488995683534119
336.5573708309175,2.491522592904518
337.9715843784902,2.494253040034254
339.3857979250148,2.4972272487470177
340.80001147015656,2.500495603082653
342.2142250134544,2.504122376010845
343.62843855425615,2.5081913241454443
345.0426520916111,2.5128143879759226
346.45686562408304,2.5181458168748474
347.87107914941,2.524406349247667
349.2852926638528,2.531927475356131
350.69950616090426,2.541239918343747
352.1137196272856,2.55327347724411
353.3823746645317,2.567879920437168
354.29691829855847,2.582305850346933
354.9561912961179,2.59631615000509
355.41942404063434,2.609346958840236
355.7449106715792,2.6212431960974225
355.9736110977976,2.631933037365725
356.1343054705861,2.6414133423030357
356.247215932541,2.6497311864699307
356.3265514101813,2.656966098450051
356.38229569200695,2.6632154050023757
356.4214638071757,2.668583352461016
356.448984809891,2.673173694648708
356.46832206076465,2.6770850534987813
356.4819090625369,2.680408315004682
356.491455696545,2.683225428393314
356.4981633973178,2.6856091214577384
356.50287634327276,2.687623180410795
356.5061876896402,2.6893230516535476
356.5085142121648,2.690756604190196
356.51014875488863,2.6919649494326396
356.5112970821433,2.6929832549247177
356.5121037722732,2.6938415156037054
356.51267041160264,2.6945652638791278
356.5130683782055,2.695176211612133
356.51334782419985,2.6956928249624954
356.51354398689784,2.6961308387383465
356.5136816215215,2.696503718558922
356.51377812813985,2.696821767647956
356.5138439659417,2.6970900778037556
356.5138888011168,2.697316727969609
356.5139192388539,2.6975098117218996
356.51393979576557,2.6976762836130526
356.51395356172657,2.6978236467200114
356.51396259234474,2.697963322302782
356.51396818744547,2.6981118498662813
356.5139697268147,2.6982386521663644
356.5139688635358,2.6983347180476085
356.51393426652123,2.698849528701855
356.5138821967697,2.6992000130349108
356.5137333290612,2.699818612826763
356.51200612768315,2.702811262685647
356.50702067422407,2.7068919671039486
356.4998313224887,2.71064767164152
356.4790985194012,2.717922342351746
355.98865300317414,2.7801729680168643
355.28154815288394,2.828958852369141
354.64350062784,2.8631058783330507
353.22928854016493,2.9242971482985407
351.8150759936244,2.974457866030694
350.40086320237083,3.017644482592621
348.9866502512851,3.055582321825931
347.5724371849561,3.0892359228943014
346.1582240315274,3.1192670903180097
344.7440108108054,3.146193890165798
343.32979753748526,3.170447417680097
341.9155842227084,3.192392989165633
340.5013708749938,3.212340291454985
339.08715750088743,3.230550750324014
337.67294410544434,3.2472442752704596
336.258730692593,3.2626056019065874
334.8445172654094,3.2767900464061164
333.43030382632264,3.289928527730896
332.01609037726826,3.3021318244070526
330.60187691980315,3.313494112552955
329.1876634551913,3.324095871237428
327.77344998446847,3.3340062524618084
326.3592365084913,3.343285008864115
324.9450230279744,3.351984061245643
323.53080954351924,3.3601487750938936
322.1165960556362,3.3678190028373276
320.7023825647618,3.3750299376176423
319.28816907132256,3.3818128174240445
318.37945060736735,3.3859584069861883
316.9652371102737,3.3920972680863124
315.5510236113442,3.397875583241096
314.1368101108126,3.4033143808843733
312.72259660888716,3.4084327013875932
311.3083831057549,3.413247840803282
309.8941696015846,3.417775552197476
308.47995609652975,3.422030210302672
307.06574259073034,3.4260249437419055
305.6515290843149,3.429771737800287
304.237315577402,3.433281509592953
302.82310207010096,3.436564156440353
301.40888856251314,3.4396285772721127
299.9946750547323,3.442482665907834
298.5804615468451,3.4451332740794585
297.16624803893126,3.4475861410606523
295.75203453106354,3.4498457857640474
294.33782102330747,3.451915356197673
292.92360751572085,3.453796430328511
291.5093940083531,3.4554887618413135
290.0951805012446,3.456989964258679
288.68096699442543,3.45829512779471
287.2667534879146,3.4593963656983777
285.85253998171913,3.4602822914366937
284.43832647583315,3.4609374357424434
283.02411297023826,3.4613416241871198
281.6098994649042,3.4614693521260453
280.19568595979126,3.461289214359206
278.78147245485474,3.4607634698230143
277.3672589500516,3.4598478427858743
275.9530454453498,3.458491674097146
274.53883194073995,3.456638529404796
273.1246184362487,3.454227336440079
271.71040493195204,3.4511940559240717
270.2961914279868,3.4474737963677367
268.88197792455827,3.4430031816957936
267.4677644219421,3.437722702311556
266.05355092048046,3.431578754452735
264.63933742057316,3.4245251140318422
263.22512392266515,3.4165236901316804
261.8109104272337,3.407544529380003
260.3966969347768,3.3975651578704595
258.98248344580514,3.386569423538394
257.568269960838,3.3745460286509648
256.15405648040377,3.361486926244403
254.73984300504463,3.3473857122106114
253.32562953532496,3.332236093267146
251.9114160718431,3.31603046247204
250.4972026152465,3.2987585742555106
249.08298916625066,3.280406280942235
247.66877572566227,3.26095426995533
246.25456229440832,3.240376721144154
244.84034887357305,3.21863978184495
243.42613546444653,3.195699727191978
242.01192206858946,3.1715006265506163
240.59770868792262,3.1459712609634556
239.18349532485368,3.1190209092638086
237.76928198246216,3.0905334014241053
236.35506866477874,3.0603584468678506
234.94085537722285,3.0282985158412195
233.52664212731938,2.994088109747853
232.1124289259334,2.957359194292909
230.6982157895265,2.917579449994693
229.28400274453517,2.8739313341412602
227.86978984132122,2.82504251303901
226.679408796361,2.777952646097148
225.82129118098123,2.738761877683498
225.20269449279002,2.7061216853080707
224.7567628346824,2.678878448465933
224.43530135876674,2.656057367649029
224.20942926070092,2.637364912734049
224.05072226523237,2.6220279307138465
223.93920828498213,2.609420326666956
223.86085409419294,2.5990360999510003
223.8057993602955,2.590466530872826
223.76711580042667,2.5833812780685337
223.73993531276614,2.5775129481292076
223.72083736505735,2.572644636221019
223.70741854809935,2.568599941039228
223.69799012598818,2.56523499956457
223.6913655222425,2.5624321468605125
223.68671099865512,2.5600948703564383
223.68344073600576,2.55814378888733
223.68114311338775,2.556513440294397
223.67952890899468,2.555149706344067
223.67839490385356,2.554007740263949
223.67759830832742,2.5530502912203845
223.67703879317094,2.552246342681836
223.67664586389762,2.551569998886152
223.67636998963619,2.550999566289425
223.6761763701413,2.550516785279961
223.67604055664324,2.550106170757817
223.67594537557068,2.549754415245727
223.67587876912543,2.5494497886426526
223.67583227116197,2.549181792211103
223.67580092181072,2.548945265450632
223.67579303861666,2.548874837176596
223.67577878919826,2.5487173158115546
223.67576945303261,2.54857674644518
223.6757636397837,2.5484461062621935
223.67576060137324,2.548323553418101
223.6757598898825,2.5482292613900874
223.6757598117194,2.548207855495055
223.6757686998193,2.5478967932677756
223.67578568109948,2.5476605127531844
223.67619841826865,2.5458952482692045
223.67678197110826,2.5446720063660564
223.6784671184815,2.54245638705566
223.68332929866816,2.538624891931446
223.71208926681658,2.527509453827807
223.88217470131718,2.500877890442358
224.12739822001623,2.4807961999565453
224.8345038041427,2.4482835293244625
226.24871640929456,2.4151575132801333
227.66292947021066,2.3967852114313684
229.07714270245117,2.385072000325103
230.4913560220425,2.37718310767727
231.90556939371191,2.371764256938284
233.31978279962044,2.36805978358396
234.73399622960906,2.3656049003391897
236.1482096773893,2.3640935675585055
237.5624231388193,2.363313753871462
238.9766366110368,2.363112615883679
240.39085009198652,2.3633764085005318
241.8050635801456,2.3640182373107983
243.21927707435597,2.3649702509051607
244.63349057371735,2.3661784758447784
246.04770407751656,2.3675992912855017
247.46191758517926,2.3691969573622274
248.8761310962364,2.3709418415648367
250.29034461029997,2.3728091197520453
251.7045581270454,2.374777807450975
253.11877164619852,2.376830025736184
254.53298516752557,2.3789504367812504
255.94719869082564,2.3811258041646157
257.3614122159248,2.3833446462732284
258.7756257426715,2.3855969601241567
260.1898392709326,2.3878739991108757
261.6040528005909,2.3901680925149362
263.0182663315424,2.3924724977063434
264.43247986369437,2.3947812781788196
265.8466933969639,2.397089202189596
267.2609069312763,2.3993916579729753
268.67512046656435,2.4016845823935498
270.08933400276715,2.4039644005816925
271.5035475398293,2.4062279746094166
272.9177610777003,2.408472559661818
274.33197461633387,2.410695766466861
275.7461881556877,2.4128955289870126
277.16040169572284,2.415070076566395
278.57461523640325,2.4172179098777127
279.98882877769574,2.4193377801344216
281.4030423195694,2.4214286711312205
282.8172558619956,2.4234897837557456
284.23146940494763,2.4255205226795735
285.64568294840046,2.4275204849914855
287.0598964923308,2.4294894505816274
288.4741100367166,2.431427374124378
289.8883235815372,2.433334378541995
291.3025371267731,2.4352107498609445
292.7167506724058,2.4370569334007284
294.1309642184177,2.4388735312601213
295.5451777647921,2.4406613010906986
296.95939131151283,2.442421156171883
298.3736048585646,2.4441541668267184
299.7878184059325,2.4458615632444287
301.20203195360216,2.4475447398043646
302.6162455015595,2.4492052610289528
304.03045904979075,2.4508448693297584
305.4446725982823,2.45246549475461
306.8588861470206,2.454069266994781
308.27309969599213,2.4556585299732347
309.68731324518325,2.4572358594099635
311.10152679457997,2.4588040838530247
312.5157403441679,2.460366309778501
313.9299538939322,2.4619259515065695
315.3441674438571,2.4634867668623706
316.75838099392587,2.465052899741626
318.1725945441206,2.466628931038556
319.58680809442177,2.4682199397788063
321.00102164480774,2.4698315768043795
322.4152351952544,2.471470154023625
323.8294487457346,2.473142753127753
325.2436622962173,2.474857358873975
326.6578758466663,2.476623023670994
328.07208939703935,2.478450072462811
329.4863029472863,2.4803503600727077
330.90051649734664,2.482337597669959
332.3147300471468,2.4844277715249223
333.7289435965956,2.4866396867790774
335.14315714557887,2.4889956832981444
336.5573706939511,2.491522592650512
337.97158424152383,2.494253039758731
339.3857977880484,2.4972272484456224
340.8000113331902,2.5004956027499263
342.214224876488,2.5041223756397275
343.6284384172898,2.508191323726625
345.0426519546447,2.5128143874968165
346.45686548711666,2.5181458163177624
347.8710790124436,2.5244063485868606
349.2852925268864,2.5319274745518072
350.6995060239379,2.541239917329989
352.1137194903192,2.5532734758990863
353.38237452756533,2.5678799185775025
354.2969181615921,2.5823058478216248
354.95619115915156,2.59631614662856
355.419423903668,2.6093469544145145
355.7449105346129,2.621243190395897
355.97361096083137,2.6319330301258357
356.1343053336201,2.641413333218634
356.24721579557513,2.6497311751801265
356.3265512732157,2.6569660845277014
356.38229555504176,2.6632153879393443
356.4214636702111,2.6685833316524947
356.4489846729272,2.6731736693740444
356.4683219238021,2.677085022897043
356.481908925576,2.6804082780474294
356.49145555958665,2.683225383850818
356.498163260363,2.6856090678603524
356.50287620632315,2.687623115999946
356.50618755269807,2.689322974317684
356.5085140752333,2.690756511399702
356.51014861797233,2.691964838135013
356.51129694524883,2.6929831214376296
356.51210363541014,2.693841355447321
356.51267027478497,2.69456507157611
356.5130682414534,2.6951759804095614
356.5133476875434,2.6956925463608052
356.5135438503816,2.696130501918314
356.51368148521954,2.6965033092892217
356.51377799212884,2.6968212711728987
356.51384383040573,2.697089467206146
356.5138886663301,2.697315971395287
356.5139191052307,2.6975088713396995
356.5139396635271,2.697675109855746
356.5139534306916,2.6978220655780474
356.5139624661308,2.6979608453531956
356.51396809572407,2.6981081436513206
356.51396972468257,2.698238652201119
356.51396886062474,2.6983348714998643
356.5139342624962,2.6988495633555187
356.5138821926692,2.6992000354204446
356.51373332493915,2.699818626614805
356.5120061235508,2.702811267529139
356.50702067009,2.7068919697117244
356.49983131835427,2.710647673490034
356.4790985152666,2.7179223435506232
355.9886529990395,2.7801729683661365
355.28154814874927,2.828958852611903
354.64350062370534,2.8631058785365258
353.22928853603025,2.924297148458196
351.81507598948974,2.974457866166073
350.40086319823615,3.0176444827104936
348.9866502471504,3.0555823219302805
347.5724371808214,3.0892359229871484
346.15822402739275,3.119267090401035
344.7440108066707,3.146193890240461
343.3297975333506,3.1704474177475204
341.9155842185737,3.1923929892267187
340.50137087085915,3.2123402915106727
339.08715749675275,3.230550750374945
337.67294410130967,3.247244275317226
336.25873068845834,3.262605601949691
334.84451726127475,3.276790046445966
333.43030382218797,3.2899285277678945
332.0160903731336,3.3021318244414943
330.60187691566847,3.31349411258501
329.1876634510566,3.3240958712673514
327.7734499803338,3.3340062524898464
326.3592365043566,3.3432850088903803
324.9450230238397,3.3519840612702607
323.53080953938456,3.3601487751170156
322.1165960515015,3.367819002859063
320.70238256062714,3.3750299376381
319.2881690671879,3.381812817443253
318.37945060323267,3.3859584070047037
316.965237106139,3.392097268103724
315.5510236072095,3.397875583257478
314.1368101066779,3.4033143808997908
312.7225966047525,3.408432701402102
311.3083831016202,3.413247840816936
309.89416959744995,3.4177755522102813
308.47995609239507,3.4220302103147504
307.06574258659566,3.426024943753241
305.65152908018024,3.4297717378108867
304.2373155732673,3.433281509602896
302.8231020659663,3.436564156449612
301.40888855837846,3.4396285772807578
299.9946750505976,3.4424826659158803
298.5804615427104,3.445133274086921
297.1662480347966,3.4475861410675406
295.75203452692887,3.4498457857703824
294.3378210191728,3.4519153562034326
292.92360751158617,3.4537964303337425
291.50939400421845,3.4554887618459778
290.09518049710994,3.456989964262785
288.68096699029076,3.458295127798245
287.26675348377995,3.4593963657012794
285.85253997758446,3.4602822914389586
284.4383264716985,3.4609374357440066
283.0241129661036,3.461341624187903
281.6098994607695,3.461469352126009
280.1956859556566,3.4612892143581764
278.78147245072006,3.4607634698209275
277.36725894591694,3.4598478427825716
275.9530454412151,3.4584916740924996
274.5388319366053,3.4566385293985973
273.124618432114,3.4542273364321523
271.71040492781736,3.451194055914247
270.2961914238521,3.4474737963558026
268.8819779204236,3.443003181681584
267.4677644178074,3.4377227022948444
266.0535509163458,3.431578754433465
264.6393374164385,3.4245251140098416
263.22512391853047,3.416523690106863
261.810910423099,3.4075445293523043
260.3966969306421,3.3975651578397956
258.98248344167047,3.386569423504747
257.5682699567033,3.374546028614315
256.1540564762691,3.3614869262047185
254.73984300090999,3.347385712167841
253.32562953119032,3.33223609322131
251.91141606770844,3.3160304624231056
250.49720261111185,3.2987585742034464
249.082989162116,3.280406280886974
247.66877572152762,3.2609542698968155
246.25456229027367,3.2403767210823227
244.8403488694384,3.218639781779675
243.42613546031188,3.1956997271231073
242.0119220644548,3.1715006264779784
240.59770868378797,3.1459712608868067
239.18349532071903,3.1190209091828347
237.7692819783275,3.09053340133843
236.3550686606441,3.060358446776995
234.9408553730882,3.028298515744475
233.52664212318473,2.9940881096443657
232.11242892179874,2.9573591941813664
230.69821578539185,2.9175794498732346
229.28400274040052,2.8739313340068513
227.86978983718657,2.8250425128863377
226.67940879222635,2.7779526459208754
225.8212911768466,2.738761877479955
225.20269448865537,2.7061216850727168
224.75676283054776,2.678878448192979
224.4353013546321,2.656057367331102
224.2094292565663,2.637364912363098
224.05072226109777,2.622027930280262
223.93920828084754,2.6094203261592366
223.86085409005838,2.5990360993551525
223.80579935616097,2.590466530172314
223.76711579629216,2.583381277243611
223.7399353086317,2.5775129471558493
223.72083736092293,2.5726446350709207
223.70741854396502,2.568599939678304
223.69799012185393,2.565234997952359
223.6913655181084,2.562432144948172
223.6867109945212,2.5600948680854048
223.68344073187214,2.558143786187798
223.68114310925452,2.556513437082179
223.67952890486202,2.555149702517938
223.6783948997217,2.554007735701828
223.6775983041967,2.553050285772039
223.67703878904186,2.5522463361652097
223.6766458597709,2.5515699910732312
223.6763699855129,2.5509995568956665
223.67617636602304,2.5505167739385275
223.67604055253253,2.5501061569826278
223.6759453714711,2.5497543983649447
223.67587876484765,2.5494497666284808
223.67583226810598,2.549181672382724
223.6758009218047,2.548945265447876
223.67579303888488,2.5488748397093532
223.67577878946176,2.5487173190844286
223.67576945328125,2.548576751044898
223.6757636399892,2.548446112349729
223.6757606013715,2.548323553420265
223.6757598903089,2.5482292613964947
223.675759812183,2.5482077697442787
223.67576870140363,2.5478967638106633
223.67578568275246,2.547660494852851
223.67619841996,2.545895243787772
223.67678197280256,2.5446720034310184
223.67846712017712,2.542456385261141
223.6833293003642,2.5386248908687925
223.71208926851276,2.5275094533580393
223.88217470301342,2.5008778902626734
224.1273982217125,2.4807961998453187
224.83450380583898,2.448283529267238
226.24871641099082,2.4151575132519705
227.66292947190692,2.396785211414147
229.07714270414743,2.3850720003136994
230.49135602373877,2.3771831076694845
231.90556939540818,2.371764256932921
233.3197828013167,2.36805978358034
234.73399623130533,2.365604900336859
236.14820967908557,2.364093567557165
237.56242314051556,2.3633137538709015
238.97663661273307,2.3631126158837317
240.3908500936828,2.3633764085010833
241.80506358184186,2.3640182373117664
243.21927707605224,2.3649702509064663
244.63349057541362,2.36617847584637
246.04770407921282,2.367599291287318
247.46191758687553,2.3691969573642395
248.87613109793267,2.3709418415670087
250.29034461199623,2.3728091197543515
251.70455812874167,2.3747778074533974
253.1187716478948,2.3768300257386823
254.53298516922183,2.3789504367838283
255.9471986925219,2.3811258041672585
257.3614122176211,2.383344646275912
258.77562574436774,2.38559696012688
260.1898392726289,2.387873999113623
261.6040528022872,2.3901680925176976
263.01826633323867,2.392472497709103
264.43247986539063,2.39478127818159
265.84669339866014,2.3970892021923675
267.26090693297255,2.3993916579757215
268.6751204682606,2.4016845823962907
270.0893340044634,2.4039644005844156
271.50354754152556,2.406227974612122
272.91776107939654,2.4084725596645047
274.33197461803013,2.410695766469509
275.746188157384,2.4128955289896292
277.1604016974191,2.4150700765689854
278.5746152380995,2.4172179098802804
279.988828779392,2.419337780136953
281.4030423212657,2.4214286711337136
282.81725586369186,2.4234897837581966
284.2314694066439,2.4255205226819894
285.6456829500967,2.4275204849938774
287.05989649402704,2.4294894505839633
288.47411003841285,2.431427374126689
289.88832358323344,2.4333343785442576
291.30253712846934,2.43521074986317
292.71675067410206,2.4370569334029213
294.130964220114,2.438873531262281
295.54517776648834,2.4406613010928337
296.9593913132091,2.4424211561739773
298.37360486026085,2.444154166828784
299.7878184076288,2.4458615632464533
301.2020319552984,2.4475447398063688
302.61624550325575,2.4492052610309223
304.030459051487,2.4508448693317155
305.44467259997856,2.4524654947565434
306.85888614871686,2.4540692669966897
308.2730996976884,2.455658529975123
309.6873132468795,2.45723585941185
311.10152679627623,2.4588040838549032
312.5157403458642,2.4603663097803725
313.92995389562844,2.4619259515084457
315.34416744555335,2.463486766864246
316.75838099562213,2.465052899743507
318.1725945458169,2.4666289310404577
319.58680809611803,2.4682199397807247
321.001021646504,2.4698315768063326
322.4152351969507,2.4714701540256137
323.8294487474309,2.473142753129798
325.24366229791354,2.4748573588760627
326.65787584836255,2.4766230236731452
328.0720893987356,2.4784500724650513
329.48630294898254,2.480350360075017
330.9005164990429,2.482337597672413
332.31473004884305,2.4844277715274936
333.7289435982919,2.486639686781806
335.14315714727513,2.4889956833010656
336.55737069564736,2.4915225926536557
337.9715842432201,2.494253039762146
339.3857977897447,2.4972272484493536
340.80001133488645,2.5004956027540333
342.21422487818427,2.504122375644335
343.62843841898604,2.5081913237318227
345.042651956341,2.512814387502751
346.4568654888129,2.5181458163246675
347.87107901413987,2.524406348595049
349.28529252858266,2.5319274745617864
350.69950602563415,2.541239917342496
352.1137194920155,2.5532734759157503
353.3823745292616,2.567879918600531
354.29691816328835,2.5823058478528544
354.9561911608478,2.5963161466702362
355.4194239053643,2.609346954469432
355.7449105363092,2.6212431904664033
355.97361096252763,2.631933030215601
356.13430533531636,2.64141333333096
356.2472157972714,2.6497311753195083
356.326551274912,2.656966084699741
356.38229555673803,2.6632153881512615
356.42146367190736,2.668583331909689
356.44898467462343,2.6731736696877126
356.4683219254983,2.677085023275466
356.48190892727223,2.6804082785057375
356.49145556128286,2.6832253844031295
356.49816326205917,2.685609068525694
356.50287620801925,2.687623116797579
356.50618755439405,2.6893229752761263
356.50851407692915,2.6907565125531114
356.51014861966803,2.6919648395142444
356.5112969469443,2.6929831230920946
356.5121036371052,2.6938413574313738
356.51267027647947,2.694565073960846
356.51306824314713,2.6951759832708313
356.5133476892359,2.695692549805343
356.51354385207236,2.6961305060911402
356.5136814869076,2.6965033143530244
356.5137779938137,2.696821277270561
356.5138438320839,2.6970894747995526
356.51388866800016,2.6973159806925713
356.51391910688506,2.6975088830395344
356.5139396651702,2.6976751245041495
356.51395343228853,2.6978220864791886
356.5139624675415,2.697960874390032
356.5139680957406,2.6981081436239895
356.5139697268177,2.6982386521660224
356.5139688635372,2.6983347177406936
356.51393426652527,2.6988495286785934
356.5138821967739,2.699200013038751
356.5137333290654,2.699818612819543
356.51200612768736,2.70281126267482
356.5070206742283,2.7068919671033678
356.4998313224929,2.7106476716394283
356.4790985194054,2.717922342351023
355.98865300317834,2.780172968016414
355.28154815288815,2.828958852368599
354.6435006278442,2.86310587833281
353.22928854016914,2.9242971482982085
351.8150759936286,2.9744578660305874
350.40086320237504,3.0176444825924436
348.9866502512893,3.0555823218257934
347.5724371849603,3.0892359228941975
346.15822403153163,3.1192670903179573
344.7440108108096,3.1461938901657476
343.32979753748947,3.1704474176800583
341.9155842227126,3.1923929891655787
340.50137087499803,3.212340291454947
339.08715750089164,3.2305507503239514
337.67294410544855,3.247244275270429
336.2587306925972,3.262605601906554
334.84451726541363,3.276790046406056
333.43030382632685,3.2899285277308876
332.01609037727246,3.3021318244070366
330.60187691980735,3.3134941125529243
329.1876634551955,3.324095871237361
327.7734499844727,3.334006252461792
326.3592365084955,3.343285008864079
324.9450230279786,3.3519840612455982
323.53080954352345,3.360148775093859
322.1165960556404,3.3678190028372854
320.702382564766,3.3750299376176436
319.28816907132676,3.3818128174239956
318.37945060737155,3.385958406986189
316.9652371102779,3.3920972680862898
315.5510236113484,3.3978755832410745
314.1368101108168,3.4033143808843374
312.72259660889137,3.4084327013875564
311.3083831057591,3.413247840803258
309.8941696015888,3.41777555219746
308.47995609653395,3.4220302103026787
307.06574259073454,3.4260249437418993
305.6515290843191,3.429771737800259
304.2373155774062,3.4332815095929465
302.82310207010516,3.436564156440338
301.40888856251735,3.4396285772720745
299.9946750547365,3.4424826659078347
298.5804615468493,3.4451332740794647
297.16624803893546,3.4475861410606248
295.75203453106775,3.4498457857640537
294.3378210233117,3.451915356197663
292.92360751572505,3.453796430328511
291.50939400835733,3.455488761841314
290.0951805012488,3.456989964258655
288.68096699442964,3.458295127794703
287.26675348791883,3.4593963656983644
285.85253998172334,3.4602822914366795
284.43832647583736,3.460937435742427
283.02411297024247,3.4613416241871073
281.6098994649084,3.461469352126052
280.19568595979547,3.461289214359187
278.78147245485894,3.4607634698229925
277.3672589500558,3.459847842785871
275.953045445354,3.4584916740971714
274.53883194074416,3.456638529404806
273.1246184362529,3.4542273364400837
271.71040493195625,3.451194055924067
270.296191427991,3.447473796367765
268.8819779245625,3.4430031816957873
267.4677644219463,3.4377227023115733
266.05355092048467,3.43157875445275
264.63933742057736,3.4245251140318604
263.22512392266935,3.4165236901316995
261.8109104272379,3.407544529380037
260.396696934781,3.397565157870483
258.98248344580935,3.386569423538422
257.5682699608422,3.374546028651008
256.154056480408,3.361486926244448
254.7398430050488,3.347385712210643
253.32562953532914,3.3322360932671837
251.91141607184727,3.316030462472095
250.49720261525067,3.2987585742555794
249.08298916625483,3.2804062809422985
247.66877572566645,3.260954269955376
246.2545622944125,3.2403767211442185
244.84034887357723,3.218639781845023
243.4261354644507,3.1956997271920335
242.01192206859363,3.171500626550705
240.5977086879268,3.1459712609635417
239.18349532485786,3.1190209092638894
237.76928198246634,3.090533401424196
236.35506866478292,3.060358446867952
234.94085537722702,3.0282985158413
233.52664212732356,2.994088109747966
232.11242892593756,2.9573591942930086
230.69821578953068,2.917579449994809
229.28400274453935,2.8739313341414054
227.8697898413254,2.8250425130391728
226.67940879636518,2.7779526460973143
225.8212911809854,2.738761877683699
225.2026944927942,2.706121685308328
224.75676283468658,2.678878448466226
224.43530135877091,2.6560573676493497
224.2094292607051,2.637364912734416
224.05072226523654,2.622027930714306
223.9392082849863,2.6094203266674714
223.86085409419712,2.599036099951655
223.8057993602997,2.5904665308734955
223.76711580043084,2.5833812780694316
223.7399353127703,2.577512948130164
223.72083736506153,2.572644636222191
223.70741854810353,2.5685999410404707
223.69799012599236,2.565234999566413
223.69136552224668,2.5624321468623066
223.6867109986593,2.5600948703584407
223.68344073600994,2.5581437888901313
223.68114311339193,2.556513440297553
223.67952890899886,2.555149706347697
223.67839490385774,2.554007740268717
223.6775983083316,2.5530502912250084
223.67703879317511,2.5522463426889512
223.6766458639018,2.551569998893811
223.67636998964036,2.5509995662987737
223.67617637014544,2.5505167852904957
223.6760405566474,2.5501061707725365
223.67594537557486,2.549754415261186
223.67587876912955,2.5494497886663394
223.67583227116592,2.549181792238942
223.67580092181495,2.548945265446722
223.6757930384327,2.5488748354118727
223.67577878901844,2.5487173135176358
223.67576945286433,2.54857674334973
223.67576363962934,2.5484461022744234
223.67576060137256,2.548323553417224
223.6757598895949,2.548229261386308
223.67575981140914,2.548207914425018
223.67576869873713,2.5478968133847237
223.67578567997043,2.5476605249759037
223.6761984171134,2.5458952513323236
223.67678196995098,2.5446720083714656
223.67846711732332,2.5424563882806384
223.6833292975097,2.538624892657306
223.71208926565802,2.5275094541485768
223.8821747001586,2.500877890565101
224.12739821885765,2.4807962000325223
224.83450380298413,2.448283529363546
226.24871640813598,2.415157513299382
227.66292946905207,2.396785211443132
229.0771427012926,2.3850720003328814
230.49135602088393,2.3771831076825873
231.90556939255333,2.371764256941944
233.31978279846186,2.368059783586437
234.73399622845048,2.3656049003407835
236.14820967623072,2.3640935675594155
237.56242313766072,2.3633137538718456
238.97663660987823,2.3631126158836406
240.39085009082794,2.363376408500139
241.80506357898702,2.364018237310133
243.2192770731974,2.3649702509042685
244.63349057255877,2.366178475843705
246.04770407635797,2.3675992912842574
247.46191758402068,2.3691969573608533
248.87613109507782,2.3709418415633547
250.29034460914139,2.372809119750466
251.70455812588682,2.3747778074493358
253.11877164503994,2.3768300257344683
254.53298516636698,2.3789504367794856
255.94719868966706,2.3811258041628163
257.36141221476623,2.3833446462714036
258.7756257415129,2.3855969601223
260.18983926977404,2.3878739991089994
261.60405279943234,2.390168092513055
263.0182663303838,2.3924724977044454
264.4324798625358,2.394781278176925
265.8466933958053,2.397089202187713
267.2609069301177,2.399391657971095
268.67512046540577,2.401684582391677
270.08933400160856,2.4039644005798326
271.5035475386707,2.4062279746075745
272.9177610765417,2.408472559659992
274.3319746151753,2.410695766465034
275.74618815452914,2.4128955289852083
277.16040169456426,2.415070076564626
278.57461523524466,2.4172179098759647
279.98882877653716,2.4193377801326985
281.4030423184108,2.4214286711295236
282.817255860837,2.423489783754073
284.23146940378905,2.4255205226779237
285.6456829472419,2.427520484989861
287.0598964911722,2.4294894505800295
288.474110035558,2.431427374122806
289.8883235803786,2.433334378540443
291.3025371256145,2.4352107498594227
292.7167506712472,2.437056933399229
294.13096421725913,2.4388735312586483
295.5451777636335,2.440661301089248
296.95939131035425,2.44242115617045
298.373604857406,2.4441541668253164
299.78781840477393,2.4458615632430374
301.2020319524436,2.447544739802996
302.6162455004009,2.449205261027606
304.03045904863217,2.4508448693284297
305.4446725971237,2.4524654947532882
306.858886145862,2.4540692669934723
308.27309969483355,2.4556585299719336
309.68731324402466,2.4572358594086747
311.1015267934214,2.458804083851753
312.5157403430093,2.460366309777222
313.9299538927736,2.4619259515052905
315.3441674426985,2.463486766861079
316.7583809927673,2.4650528997403374
318.17259454296203,2.466628931037264
319.5868080932632,2.4682199397774944
321.00102164364915,2.4698315768030508
322.4152351940958,2.471470154022278
323.82944874457604,2.473142753126374
325.2436622950587,2.4748573588725487
326.6578758455077,2.4766230236695215
328.07208939588077,2.4784500724612832
329.4863029461277,2.480350360071106
330.90051649618806,2.4823375976683097
332.3147300459882,2.4844277715231478
333.72894359543704,2.486639686777207
335.1431571444203,2.4889956832961415
336.5573706927925,2.491522592648367
337.97158424036525,2.4942530397564027
339.38579778688984,2.4972272484430826
340.8000113320316,2.500495602747095
342.2142248753294,2.5041223756365736
343.6284384161312,2.5081913237230773
345.04265195348614,2.5128143874927504
346.4568654859581,2.51814581631307
347.871079011285,2.524406348581257
349.2852925257278,2.5319274745449976
350.6995060227793,2.5412399173213993
352.11371948916064,2.5532734758877087
353.38237452640675,2.567879918561792
354.2969181604335,2.5823058478002063
354.956191157993,2.596316146599807
355.41942390250944,2.6093469543772185
355.74491053345434,2.6212431903475535
355.9736109596728,2.6319330300646024
356.1343053324615,2.6414133331418563
356.24721579441655,2.6497311750844172
356.32655127205715,2.6569660844098837
356.3822955538832,2.6632153877952893
356.4214636690525,2.668583331476455
356.44898467176864,2.6731736691607626
356.4683219226435,2.6770850226383027
356.4819089244175,2.680408277735687
356.4914555584282,2.683225383473562
356.4981632592046,2.685609067406544
356.5028762051648,2.6876231154554153
356.50618755153977,2.6893229736645266
356.5085140740751,2.690756510615493
356.5101486168143,2.6919648371971667
356.51129694409104,2.6929831203083285
356.51210363425264,2.693841354096355
356.51267027362786,2.694565069951892
356.5130682402969,2.6951759784498517
356.51334768638765,2.6956925440040753
356.51354384922706,2.696130499073047
356.5136814840668,2.6965033058357832
356.5137779909787,2.696821266966518
356.51384382925943,2.6970894620543264
356.5138886651908,2.697315964995041
356.51391910409814,2.6975088635886797
356.51393966241034,2.697675099858624
356.51395342960774,2.6978220524513596
356.51396246505357,2.6979608282023335
356.5139680957186,2.6981081436687457
356.51396972330787,2.698238652223515
356.51396885873805,2.6983349708101345
356.5139342598888,2.698849585826725
356.51388219001274,2.6992000499136353
356.5137333222687,2.6998186355417477
356.5120061208737,2.7028112706657206
356.50702066741184,2.706891971399826
356.4998313156758,2.71064767468436
356.47909851258805,2.7179223443270732
355.9886529963609,2.780172968592273
355.2815481460704,2.828958852771949
354.6435004102925,2.863105889044715
353.2292883226173,2.9242971567029636
351.81507577607675,2.974457873149867
350.40086298482316,3.0176444888013054
348.9866500337374,3.055582327312782
347.57243696740835,3.089235927777917
346.1582238139797,3.1192670946869194
344.74401059325766,3.146193894092171
343.32979731993754,3.1704474212249107
341.91558400516067,3.1923929923805363
340.5013706574461,3.2123402943837402
339.0871572833397,3.230550753003475
337.6729438878966,3.2472442777316313
336.2587304750453,3.2626056041754063
334.8445170478617,3.276790048504549
333.4303036087749,3.289928529677486
332.01609015972053,3.3021318262173978
330.6018767022554,3.3134941142403687
329.18766323764356,3.324095872813458
327.77344976692075,3.334006253936307
326.35923629094356,3.3432850102456197
324.9450228104267,3.351984062541628
323.5308093259715,3.360148776310869
322.1165958380885,3.3678190039810434
320.7023823472141,3.3750299386932245
319.28816885377523,3.3818128155253784
318.48339812679694,3.3854923441413765
317.0691846298482,3.3916585958547576
315.6549711310454,3.397462669899615
314.24075763062416,3.4029257517583713
312.8265441287946,3.4080670190702333
311.412330625745,3.4129038887641405
309.99811712164563,3.417452221293691
308.58390361665084,3.4217264878247646
307.1696901109016,3.4257399047271258
305.75547660452736,3.4295045384349097
304.3412630976472,3.4330313826037195
302.9270495903711,3.436330408449002
301.5128360828011,3.439410588160263
300.09862257503136,3.4422798903090968
298.6844090671492,3.4449452451902847
297.27019555923476,3.4474124770345327
295.85598205136137,3.449686199026767
294.441768543595,3.4517696660903634
293.0275550359941,3.4536645795397853
291.6133415286088,3.4553708371160723
290.19912802148013,3.4568862218475283
288.7849145146389,3.458206023997743
287.370701008105,3.4593225926177205
285.9564875018864,3.46022481761979
284.5422739959781,3.4608975507096846
283.1280604903627,3.461320984830791
281.7138469850107,3.4614700276210977
280.299633479883,3.461313724600719
278.8854199749351,3.460814810709358
277.47120647012343,3.459929490314347
276.05699296541485,3.4586075588636116
274.64277946079784,3.4567929744452583
273.22856595629594,3.4544249550196366
271.8143524519811,3.451439611904324
270.4001389479854,3.447772037273537
268.9859254445089,3.4433586616640772
267.5717119418221,3.43813961637811
266.15749844026266,3.432060805287184
264.74328494022643,3.4250754269678483
263.32907144215557,3.417144783685693
261.91485794652533,3.4082383391076423
260.50064445383254,3.398333104007252
259.0864309645871,3.387412508943966
257.67221747930773,3.375464953219456
256.25800399852204,3.3624822062253372
254.84379052277097,3.3484577964851274
253.4295770526169,3.3333854724215266
252.0153635886552,3.317257769815938
250.6011501315291,3.3000646805057565
249.18693668194837,3.281792386209397
247.7727232407121,3.262421998183423
246.3585098087373,3.241928223610274
244.94429638709516,3.2202778581267224
243.53008297705864,3.197427974667545
242.11586958016585,3.173323633727926
240.70165619830735,3.1478948669217726
239.2874428338496,3.121052563314031
237.8732294898147,3.0926826777280114
236.45901617015087,3.062637806198567
235.04480288015557,3.030724478077824
233.6305896271652,2.9966831456253713
232.21637642173934,2.9601549628653867
230.80216327981478,2.9206227785495322
229.38795022686858,2.877296467896179
227.97373731046903,2.8288602218412278
226.75385295859272,2.781109926890556
225.87446710027214,2.7413659591509543
225.24053863394533,2.708264691835871
224.78355465618188,2.6806378105673687
224.4541258220235,2.65749725138084
224.22265552415612,2.6385451784642764
224.06001499893094,2.6229971286649265
223.94573715587987,2.6102177223290584
223.86544095931944,2.599693409901649
223.80902169084374,2.5910093746579905
223.7693793518555,2.583830371625523
223.74152518586186,2.577885072194662
223.72195388357648,2.5729534149204243
223.70820246790493,2.5688564640421228
223.69854034804592,2.565448317511187
223.69175153851495,2.5626096653459745
223.68698163710906,2.560242663348458
223.68363030522184,2.5582668484262294
223.68127572002194,2.5566158758717386
223.67962149140956,2.5552349044897382
223.67845936367752,2.554078492556722
223.67764300818178,2.5531088970781135
223.67706960904232,2.552294691794616
223.67666692458917,2.551609636908182
223.67638419635358,2.5510317463110037
223.6761857616032,2.55054250641532
223.67604656567045,2.550126203616654
223.67594900945852,2.549769311120495
223.67588073673312,2.5494598635341603
223.67583306993765,2.5491871509869033
223.6758009350457,2.548945265423613
223.67579235477442,2.5488683838671684
223.67577780173903,2.5487025925366344
223.67576790259068,2.5485477048084055
223.67576172045833,2.548380703726673
223.6757600361459,2.5482292636839468
223.67576033227647,2.548151913481933
223.67576742456606,2.5479210817157774
223.67579329886337,2.5475837327030124
223.67595059326342,2.5466886341545547
223.67617399368444,2.545961266676691
223.67682054396838,2.544605729030329
223.68055526840104,2.5405650760850658
223.70265146908184,2.530331081682241
225.11686185938734,2.4395702550225895
226.53107460597272,2.410715415260589
227.9452877127877,2.3940398143455184
229.3595009668111,2.383247414579467
230.77371429883257,2.3759338256146734
232.18792767843462,2.3709055568435393
233.60214108980313,2.367481334157243
235.01635452376053,2.3652356104589582
236.43056797454693,2.3638850019812674
237.84478143832848,2.363231462370533
239.25899491243356,2.3631312403959823
240.67320839493075,2.363476753306063
242.08742188438106,2.3641854289017767
243.50163537968498,2.365192535877448
244.91584887998437,2.366446409188616
246.33006238459706,2.367905172593423
247.7442758929721,2.36953442955417
249.15848940465824,2.3713055991203102
250.57270291928143,2.3731946925299985
251.98691643652808,2.3751813978074723
253.40112995613276,2.377248383942443
254.81534347786885,2.379380764437307
256.22955700154125,2.3815656783930765
257.6437705269808,2.3837919595539896
259.05798405403993,2.3860498720528502
260.47219758258893,2.3883308973539994
261.8864111125134,2.3906275609353225
263.3006246437116,2.392933290135259
264.71483817609305,2.395242296676174
266.12905170957646,2.3975494789029117
267.54326524408884,2.3998503399057776
268.95747877956427,2.4021409185443163
270.37169231594294,2.404417731028664
271.78590585317045,2.406677721204554
273.20011939119723,2.408918218064522
274.6143329299779,2.4111368993011606
276.02854646947077,2.41333175994749
277.4427600096375,2.4155010853308334
278.85697355044266,2.4176434277110466
280.27118709185356,2.419757586089422
281.6854006338398,2.4218425887689357
283.09961417637305,2.4238976783223825
284.513827719427,2.4259222986886275
285.92804126297705,2.4279160841693708
287.342254807,2.429878850143458
288.75646835147427,2.4318105853538725
290.17068189637934,2.4337114456555415
291.5848954416959,2.435581749141687
292.9991089874057,2.4374219725936888
294.4133225334913,2.4392327492243604
295.82753607993584,2.4410148677094377
297.16291376709074,2.4426721820440442
298.07705511936456,2.4437929333119297
298.7028364394536,2.444553890790493
299.13121905181714,2.445071943773669
299.4244711139662,2.4454252604835087
299.62521869211525,2.445666514838729
299.76264173302036,2.4458313832871648
299.85671555620456,2.445944112874174
299.92111439463923,2.446021220963202
299.96519903212226,2.446073976983978
299.99537745318145,2.4461100778825084
299.98585786452435,2.446098691334316
300.0,2.4461156053249216
300.0,2.4461156053249216
300.01414213547565,2.4461325197531645
300.00462254681855,2.44612113515553
300.0348009678779,2.446157221965457
300.0788856053617,2.446209917818349
300.14328444379845,2.44628685414444
300.23735826698805,2.4463991538527594
300.3747813079058,2.4465630124567794
300.57552888608336,2.446801976865199
300.86878094829586,2.4471502104203995
301.29716356079837,2.447657132263414
301.9229448811894,2.448393936261297
302.8370862341154,2.4494626281888547
304.1724639226742,2.4510084242512002
305.58667747119085,2.452627257791185
307.00089101995314,2.454229463564028
308.41510456894724,2.455817407921443
309.8293181181595,2.457393690958483
311.2435316675759,2.4589611679236425
312.657745217182,2.4605229747660804
314.0719587669629,2.4620825585831962
315.4861723169027,2.4636437139180574
316.9003858669846,2.465210626093257
318.3145994171905,2.466787923073074
319.7288129675006,2.4683807377410973
321.143026517893,2.469994782999369
322.5572400683435,2.4716364427796975
323.97145361882434,2.4733128829735103
325.385667169304,2.475032187522114
326.7998807197457,2.476803526598218
328.21409427010644,2.478637366145735
329.6283078203349,2.48054573132272
331.0425213703693,2.4825425410589346
332.45673492013407,2.4846440376928234
333.87094846953573,2.486869345603414
335.28516201845673,2.4892412077048958
336.6993755667469,2.4917869716396006
338.1135891142111,2.4945399336611582
339.5278026605911,2.4975412067099274
340.9420162055376,2.5008423768803247
342.35622974856665,2.5045093815809985
343.77044328898904,2.508628347817662
345.18465682579,2.5133147072169213
346.59887035741554,2.518728065948641
348.01308388136727,2.525097813528539
349.4272973933723,2.5327703652078366
350.8415108855025,2.5423045892726677
352.25572434127565,2.5546905775784796
353.66993771996096,2.5719580583090065
355.08415088433634,2.5995783751625723
356.4983623318209,2.685687231231653
356.50941043314884,2.691391802161613
356.51314506835786,2.695308692590331
356.5137913361282,2.696872666688008
356.51390246731864,2.697398775256096
356.5139412250233,2.6976919848911467
356.51396703955555,2.698067448821502
356.51396974776276,2.6982275258752875
356.51396964445837,2.6982386534851033
356.5139678984452,2.6983769206564707
356.5139612845906,2.698539064503537
356.51395098622356,2.698686449526159
356.5139354150333,2.698841815080469
356.51391223622977,2.6990181085947293
356.5138779712689,2.6992231323920794
356.51382754652036,2.6994642862833302
356.5137535352744,2.6997489640915355
356.5136479046075,2.7000822915415865
356.513497279703,2.7004737761340554
356.51328263503194,2.7009359817722105
356.51297688657576,2.7014837061284522
356.5125414853844,2.7021345134236583
356.51192156656236,2.702909358762974
356.5110390449694,2.703833332644682
356.5097827888131,2.704936562811776
356.5079946345702,2.7062553170359465
356.50544948333123,2.707833361081666
356.50182697385605,2.7097236404115685
356.4966711676209,2.7119903736173914
356.4893331725439,2.7147116704583807
356.4788894850452,2.717982819528663
356.46402577444394,2.721920430544882
356.44287148489286,2.726667664862563
356.4127644408326,2.732400843725162
356.3699158334545,2.7393377835473323
356.30893342941584,2.747748262770354
356.2221430014628,2.757967061522228
356.09862258847744,2.7704100118902977
355.9228280543647,2.7855934203037434
355.6726369834586,2.8041569997677387
355.31656475245615,2.82688980643588
355.28154815896755,2.828958853029911
354.57856742053684,2.8662799700058588
353.57808469546995,2.910489023877338
352.19021462712703,2.9619342792185765
350.776001877171,3.0067514715526404
349.3617889578105,3.045968506118887
347.94757591604986,3.0806857714779676
346.53336278179887,3.1116229251821106
345.1191495761458,3.139328147459251
343.7049363147383,3.164252715601571
342.29072300944193,3.186778177966261
340.87650966932966,3.207228211265673
339.46229630136986,3.2258763713532304
338.0480829109393,3.242952943129443
336.6338695022111,3.258651404128708
335.2196560784478,3.2731343534800477
333.80544264222124,3.2865387358997635
332.3912291955768,3.298980299457157
330.97701574015645,3.3105573168701574
329.5628022772906,3.3213536493038784
328.14858880806713,3.3314412489483605
326.734375333384,3.340882195527694
325.32016185398874,3.349730352092103
323.9059483705093,3.358032712715596
322.4917348834774,3.3658305020123422
321.0775213933471,3.3731600749938724
319.66330790050927,3.380053656131643
319.28816876655526,3.3818128153501625
317.8739552708235,3.3881954942931922
316.4597417730395,3.3942029306959225
315.0455282735074,3.3998575831460056
313.63131477245105,3.4051797385188745
312.21710127007066,3.4101877880514873
310.80288776654623,3.4148984551641175
309.3886742620408,3.419326983106088
307.9744607567027,3.423487287599249
306.5602472506676,3.4273920782537046
305.14603374406033,3.4310529513160715
303.73182023699593,3.4344804552194272
302.3176067295808,3.437684129389171
300.9033932219135,3.4406725157775706
299.4891797140853,3.443453141625819
298.07496620618036,3.4460324709627708
296.6607526982759,3.448415821346014
295.2465391904422,3.4506072413519453
293.83232568274207,3.4526093433839593
292.41811217523053,3.4544230856031364
291.00389866795393,3.4560474963826833
289.5896851609491,3.4574793349450688
288.17547165424253,3.45871268320153
286.7612581478491,3.4597384668962277
285.3470446417715,3.4605439097463098
283.93283113599966,3.4611119332656473
282.518617630511,3.4614205281847163
281.10440412527186,3.4614421411964895
279.69019062024046,3.4611431424614727
278.27597711537203,3.460483462271718
276.8617636106263,3.4594165041702944
275.4475501059778,3.457889448389109
274.033336601428,3.4558440437098707
272.6191230970188,3.4532179394283196
271.2049095928457,3.4499465306181047
269.79069608906786,3.445965190133335
268.3764825859145,3.4412116639507855
266.96226908368476,3.435628344013885
265.54805558274194,3.4291641304486977
264.13384208350345,3.4217756593478246
262.7196285864277,3.413427785222823
261.3054150920014,3.4040933336492665
259.8912016007289,3.393752243482839
258.47698811312523,3.3823902767461687
257.0627746297139,3.3699974843368197
255.64856115102836,3.3565665884107254
254.23434767761853,3.3420913950516886
252.8201342100601,3.326565299325049
251.40592074896787,3.309979899036903
249.99170729501205,3.2923236974125416
248.57749384893881,3.2735808478886343
247.16328041159542,3.2537298730513085
245.7490669839621,3.2327422698897395
244.3348535671929,3.2105808895357577
242.92064016266977,3.1871979447704626
241.5064267720758,3.162532443256927
240.0922133974974,3.1365067533699826
238.67800004157107,3.1090218555201754
237.26378670770083,3.0799505636479596
235.8495734003931,3.0491275158385607
234.4353601257936,3.016333808868641
233.02114689259508,2.9812722809738985
231.6069337136714,2.9435253549652804
230.19272060927145,2.902477463922496
228.7785076139857,2.8571567988554416
227.36429479452843,2.8058604084952083
225.95008230800025,2.74502307520436
224.53587071735961,2.6635818857050424
223.82876672096785,2.594211778792136
223.70919702392797,2.569177686740817
223.6889788592762,2.5612837379993367
223.68196801773746,2.5571320891181584
223.67710680769687,2.5523523232607213
223.6762648989021,2.5507489244828947
223.6759738515112,2.549867754245933
223.6758007676991,2.548945265649005
223.67576750564328,2.548537955566499
223.6757624074894,2.548414051767163
223.6757600463054,2.54828839096201
223.6757599073979,2.548229261658829
223.67576587519073,2.5479558994897333
223.67577996312934,2.547728758316574
223.67579925432992,2.5475286014552307
223.67582718456444,2.547313415427994
223.6758674045346,2.5470719960568053
223.67592505344564,2.5467954097081993
223.6760074657925,2.546474473141062
223.6761250942804,2.546099006719736
223.67629282419193,2.5456573484803764
223.6765318460305,2.5451359284880093
223.67687232191145,2.5445188357459037
223.6773571810986,2.543787346039469
223.67804752224782,2.542919392137888
223.6790303021489,2.5418889637845368
223.68042927851508,2.5406654288820265
223.68242058387298,2.5392127716579456
223.68525489039757,2.537488749843938
223.68928895495534,2.5354439828291007
223.69503051404345,2.5330209985789605
223.70320217828925,2.530153292140346
223.71483236711606,2.5267644876272017
223.73138472696698,2.522767755671299
223.75494231932342,2.5180657295331423
223.7884697570903,2.5125512988827357
223.83618627709092,2.5061098573863134
223.90409669682526,2.4986238544121173
224.00074707210064,2.4899808549062588
224.13830014892602,2.4800867030075713
224.33406594657816,2.468885664856734
224.612680083323,2.456389253863957
224.99917385130342,2.443017440839676
225.53531822695325,2.4289847797626036
226.2790579106464,2.41465656626906
227.31077379058223,2.4005681409421804
228.72498700196869,2.387557307619355
230.1392003104621,2.3788776644348415
231.553413673638,2.372930311090326
232.96762707324837,2.3688506954440687
234.3818404984855,2.3661180140072533
235.79605394259167,2.3643944621720743
237.21026740111236,2.3634486641704453
238.6244808709769,2.3631153334443358
240.03869434998828,2.3632723639942057
241.452907836525,2.363827039111631
242.8671213293586,2.364707329863892
244.28133482753753,2.365856188174984
245.6955483303104,2.3672276800226553
247.10976183707402,2.368784291512861
248.523975347337,2.3704950063360934
249.93818886069394,2.372333904518161
251.35240237680654,2.3742791219421275
252.76661589538952,2.376312064857286
254.1808294162002,2.378416808019767
255.59504293903035,2.380579627321771
257.00925646369996,2.3827886324261973
258.4234699900524,2.3850334747991075
259.83768351795044,2.3873051133087477
261.2518970472732,2.389595624288657
262.66611057791357,2.391898046313818
264.0803241097763,2.394206252346574
265.49453764277615,2.3965148436633013
266.90875117683663,2.3988190612646134
268.32296471188874,2.401114711434924
269.7371782478701,2.4033981028425444
271.15139178472396,2.4056659931225735
272.5656053223987,2.4079155433082713
273.97981886084716,2.4101442788039424
275.394032400026,2.412350055848438
276.80824593989547,2.4145310326193723
278.2224594804189,2.4166856442881546
279.63667302156233,2.418812581463344
281.0508865632944,2.420910771563194
282.4651001055859,2.422979362741448
283.8793136484097,2.4250177100599517
285.2935271917404,2.4270253636577497
286.7077407355542,2.429002058714878
288.1219542798288,2.430947707049503
289.5361678245432,2.432862390222094
290.95038136967764,2.4347463540517187
292.3645949152134,2.4366000044772367
293.7788084611326,2.438423904722367
295.19302200741834,2.4402187737483563
296.6072355540544,2.441985486002192
298.02144910102527,2.4437250724934367
299.4356626483159,2.4454387232588015
300.8498761959118,2.447127791301703
302.2640897437988,2.4487937981256462
303.6783032919631,2.4504384410162046
305.09251684039106,2.4520636022678257
306.5067303890691,2.4536713606007794
307.9209439379838,2.4552640050728574
309.3351574871214,2.4568440518616725
310.7493710364681,2.4584142643811093
312.1635845860096,2.4599776773044493
313.5777981357312,2.4615376252021424
314.99201168561734,2.4630977766736555
316.40622523565156,2.4646621750703535
317.8204387858163,2.466235287185504
319.2346523360923,2.4678220616487128
320.6488658864586,2.469427999232546
322.06307943689177,2.471059237901107
323.4772929873654,2.4727226562550593
324.89150653784935,2.4744260001403457
326.3057200883089,2.4761780386986825
327.71993363870325,2.477988758221504
329.13414718898434,2.4798696050758693
330.54836073909433,2.481833793088268
331.9625742889629,2.483896696696127
333.37678783850345,2.4860763598479716
334.7910013876076,2.4883941635722002
336.20521493613774,2.490875714850395
337.6194284839162,2.4935520501953627
339.03364203070936,2.496461296619726
340.4478555762037,2.499651014043552
341.86206911996874,2.5031815821766656
343.2762826613974,2.507131241899767
344.69049619960674,2.511603860817347
346.1047097332646,2.516741396251361
347.5189232602677,2.522744927070823
348.93313677710216,2.5299124547352863
350.3473502774494,2.538712643464441
351.761563748746,2.549945681540667
353.1757771620461,2.5651568955940593
354.58999043208905,2.5880385149276526
356.0042031159273,2.633581115962282
356.3577555264613,2.660306642788032
356.48036628913405,2.6799972127382716
356.5010989335661,2.6868193560184626
356.5082882744765,2.6906050915397692
356.51327309563516,2.695544474349936
356.5137044495837,2.6965736933979323
356.5138532286915,2.6971342670810374
356.5139572969821,2.6978775850008074
356.5139654700201,2.6980272311222975
356.51396969305273,2.6981821373646135
356.5139699570377,2.69823864849456
356.5139668621368,2.6984121532916463
356.51395782087434,2.6985980148222093
356.5139439446493,2.698759373260132
356.513924034966,2.698933778966972
356.5138944320077,2.699130895981309
356.513850793008,2.699359710332885
356.513786678533,2.6996281230687815
356.51369512337124,2.699941311981891
356.5135645226078,2.7003080949552434
356.5133783712542,2.700740284466618
356.51311317109423,2.7012517251687997
356.51273547594786,2.701858801885257
356.5121976828368,2.702581025885146
356.5114320415576,2.7034417270803206
356.51034212885196,2.704468887929962
356.5087907142847,2.7056961596939924
356.50658249085353,2.707164110456608
356.5034394971202,2.708921767266464
356.498966137936,2.7110285319616856
356.49259940190007,2.7135565727315436
356.48353801081754,2.716593822613274
356.4706415851843,2.7202477528497746
356.4522871364846,2.724650134108989
356.4261648270093,2.729963051908793
356.3889872952109,2.736386501384715
356.3360759675283,2.744167945063423
356.2607722973573,2.7536142635109524
356.1535998403341,2.76510654460943
356.00107171986616,2.7791181154449296
355.783993412069,2.7962360716190067
355.47504726928696,2.8171861454462994
355.28154805856803,2.8289588542853243
354.6557775821386,2.8625005401783272
353.7651805828536,2.902786005359498
352.5297440354316,2.9501458635546687
351.11553134070977,2.9965574741053493
349.7013184567592,3.0369963108314546
348.2871054412094,3.0727189605105276
346.87289232698345,3.1045089899662
345.4586791368754,3.132945969790415
344.04446588764813,3.158500945498871
342.6302525919689,3.181570826613011
341.2160392595099,3.202492409000084
339.8018258976926,3.221550641183851
338.38761251223633,3.2389855915126047
336.9733991075733,3.254999009831759
335.55918568716214,3.2697604036896175
334.14497225372367,3.28341244143641
332.7307588094171,3.2960755939540984
331.3165453559719,3.3078520267810205
329.9023318947862,3.318828813238356
328.48811842700076,3.3290805628242635
327.0739049535551,3.338671561383369
325.65969147522975,3.347657511183818
324.24547799267907,3.3560869466547443
322.83126450645597,3.364002388658846
321.4170510170317,3.371441288404758
320.0028375248112,3.378436802020053
319.288168832678,3.3818128155781393
317.873955336946,3.3881954940037113
316.459741839162,3.394202930423417
315.04552833962987,3.399857582889532
313.63131483857353,3.405179738277526
312.21710133619314,3.410187787824417
310.8028878326687,3.414898454950572
309.3886743281633,3.419326982905396
307.97446082282516,3.423487287410786
306.5602473167901,3.4273920780769123
305.1460338101828,3.431052951150438
303.7318203031184,3.434480455064477
302.3176067957033,3.437684129244462
300.903393288036,3.4406725156427345
299.4891797802078,3.4434531415005574
298.07496627230285,3.446032470846792
296.6607527643984,3.4484158212390934
295.2465392565647,3.450607241253939
293.83232574886455,3.4526093432947604
292.418112241353,3.454423085522733
291.0038987340764,3.4560474963111987
289.5896852270716,3.4574793348827177
288.175471720365,3.4587126831486237
286.7612582139716,3.4597384668533215
285.347044707894,3.4605439097140462
283.93283120212214,3.4611119332449483
282.5186176966335,3.461420528176782
281.10440419139434,3.461442141202657
279.69019068636294,3.4611431424835577
278.2759771814945,3.4604834623116822
276.8617636767488,3.4594165042305036
275.4475501721003,3.4578894484721423
274.0333366675505,3.4558440438185953
272.6191231631413,3.453217939565669
271.2049096589682,3.4499465307871584
269.79069615519035,3.445965190337101
268.376482652037,3.441211664192011
266.96226914980724,3.4356283442951767
265.5480556488644,3.4291641307722265
264.13384214962593,3.4217756597154647
262.71962865255017,3.4134277856360216
261.3054151581239,3.4040933341091
259.8912016668514,3.3937522439901096
258.4769881792477,3.382390277301445
257.06277469583637,3.369997484940468
255.64856121715084,3.3565665890630476
254.234347743741,3.342091395752993
252.82013427618259,3.326565300075674
251.40592081509035,3.3099798998372876
249.99170736113453,3.292323698263331
248.5774939150613,3.2735808487906675
247.1632804777179,3.2537298740057747
245.74906705008456,3.2327422708981497
244.33485363331536,3.2105808906000703
242.92064022879222,3.1871979458931916
241.50642683819825,3.1625324444412954
240.09221346361986,3.136506754620082
238.67800010769352,3.109021856841218
237.26378677382328,3.079950565046703
235.84957346651555,3.049127517323814
234.43536019191606,3.0163338104522386
233.02114695871754,2.981272282672136
231.60693377979385,2.9435253568014845
230.19272067539387,2.9024774659320567
228.77850768010813,2.857156801096461
227.36429486065086,2.805860411076169
225.95008237412264,2.7450230783794485
224.53587078348193,2.6635818905228295
223.8287667870898,2.5942117891872725
223.7091970900486,2.5691777079437923
223.68897892539346,2.5612837711471403
223.68196808384664,2.557132137026337
223.67710687376186,2.5523524248838414
223.67626496487898,2.550749089581157
223.6759739172512,2.549868006173532
223.67580077140715,2.548945265663227
223.67576750858547,2.5485380149619665
223.6757624099684,2.5484141326381495
223.67576004749606,2.548288503791844
223.6757599074436,2.548229261661123
223.67576596524924,2.547953859112572
223.67578005488417,2.5477276162271565
223.67579934586078,2.547527788342837
223.67582727710044,2.547312786724129
223.67586749775694,2.5470714951949356
223.67592514711097,2.5467950039344496
223.67600755974803,2.5464741409399663
223.67612518842932,2.5460987328928146
223.67629291847157,2.545657121740086
223.67653194039943,2.5451357401638113
223.6768724163418,2.5445186790138647
223.6773572755715,2.5437872154292807
223.67804761675026,2.5429192832134975
223.67903039667192,2.54188887291226
223.68042937305245,2.540665353067853
223.68242067842039,2.539212708422003
223.685254984952,2.5374886971260455
223.68928904951468,2.5354439389136694
223.69503060860623,2.5330209620340516
223.70320227285444,2.530153261770476
223.71483246168293,2.526764462432488
223.73138482153502,2.522767734815979
223.75494241389228,2.5180657123176635
223.78846985165973,2.5125512847217237
223.83618637166074,2.5061098457899154
223.90409679139538,2.4986238449703384
224.00074716667092,2.489980847275694
224.13830024349645,2.480086696900165
224.33406604114867,2.468885660030077
224.61268017789357,2.4563892501126885
224.99917394587402,2.4430174379703775
225.53531832152387,2.4289847776181746
226.27905800521702,2.414656564717003
227.31077388515288,2.4005681398676115
228.72498709653934,2.3875573069183615
230.13920040503274,2.378877663958195
231.55341376820869,2.3729303107622783
232.96762716781905,2.3688506952208512
234.38184059305618,2.3661180138613176
235.79605403716235,2.364394462084968
237.21026749568304,2.3634486641292383
238.62448096554758,2.363115333439619
240.03869444455896,2.363272364018904
241.45290793109567,2.3638270391603258
242.8671214239293,2.3647073299323056
244.28133492210821,2.3658561882597198
245.69554842488108,2.3672276801209353
247.1097619316447,2.3687842916224153
248.52397544190768,2.3704950064550308
249.93818895526462,2.372333904644899
251.35240247137722,2.3742791220753285
252.7666159899602,2.376312064995795
254.18082951077088,2.3784168081625947
255.59504303360103,2.380579627468065
257.00925655827064,2.3827886325752274
258.4234700846231,2.3850334749502218
259.8376836125211,2.387305113461367
261.25189714184387,2.389595624442303
262.66611067248425,2.3918980464680395
264.080324204347,2.3942062525009935
265.49453773734683,2.39651484381759
266.9087512714073,2.398819061418456
268.3229648064594,2.401114711588061
269.73717834244076,2.403398102994755
271.15139187929464,2.405665993273656
272.5656054169694,2.4079155434580355
273.97981895541784,2.410144278952247
275.3940324945967,2.412350055995132
276.80824603446615,2.414531032764353
278.22245957498956,2.416685644431319
279.636673116133,2.4188125816046346
281.0508866578651,2.420910771702518
282.4651002001566,2.4229793628787757
283.8793137429804,2.4250177101952417
285.2935272863111,2.4270253637909693
286.70774083012486,2.4290020588460193
288.1219543743995,2.430947707178569
289.5361679191139,2.4328623903491016
290.9503814642483,2.4347463541766907
292.36459500978407,2.436600004600186
293.7788085557033,2.4384239048433543
295.193022101989,2.4402187738674312
296.6072356486251,2.4419854861194055
298.02144919559595,2.4437250726088813
299.43566274288656,2.445438723372554
300.8498762904825,2.447127791413866
302.2640898383695,2.448793798236313
303.6783033865338,2.450438441125512
305.09251693496174,2.4520636023758984
306.5067304836398,2.453671360707762
307.9209440325545,2.455264005178913
309.3351575816921,2.4568440519669714
310.7493711310388,2.4584142644858495
312.1635846805803,2.459977677408845
313.5777982303019,2.4615376253064283
314.992011780188,2.46309777677808
316.40622533022224,2.464662175175202
317.820438880387,2.4662352872911013
319.234652430663,2.4678220617554074
320.6488659810293,2.4694279993407156
322.06307953146245,2.471059238011173
323.47729308193607,2.472722656367538
324.89150663242003,2.4744260002557716
326.30572018287955,2.4761780388176784
327.71993373327393,2.477988758344791
329.134147283555,2.4798696052042635
330.548360833665,2.4818337932227363
331.9625743835336,2.483896696837756
333.3767879330741,2.4860763599980804
334.7910014821783,2.4883941637323685
336.2052150307084,2.4908757150224696
337.61942857848686,2.493552050381663
339.03364212528004,2.4964612968230497
340.4478556707744,2.499651014267485
341.8620692145394,2.503181582425762
343.27628275596805,2.5071312421800362
344.6904962941774,2.511603861136809
346.1047098278353,2.516741396621203
347.51892335483836,2.5227449275071714
348.93313687167284,2.529912455262616
350.34735037202006,2.538712644122601
351.7615638433167,2.5499456824009377
353.17577725661675,2.5651568968043166
354.5899905266597,2.5880385168921816
356.0042032104978,2.6335811211557534
356.3577556210315,2.660306653472374
356.48036638370263,2.6799972376266368
356.5010990281307,2.686819397195475
356.5082883690305,2.6906051542935296
356.5132731900989,2.695544656043522
356.51370454388353,2.696573988600992
356.5138533224654,2.6971347105477435
356.5139573861652,2.697878880677795
356.5139655515585,2.6980292543682234
356.513969736755,2.698185443712598
356.5139700466082,2.6982386470682655
356.5139669325669,2.6984099114499607
356.51395797044086,2.6985956686159103
356.5139440977772,2.698757823357335
356.51392419045936,2.6989326400942324
356.5138945885641,2.6991299916642677
356.51385095042036,2.6993589775017126
356.5137868364959,2.6996275221454247
356.51369528173467,2.699940819678815
356.5135646812277,2.7003076885962725
356.5133785300475,2.7007399473047036
356.51311333000604,2.7012514443880447
356.5127356349414,2.7018585674494457
356.5121978418871,2.7025808297528227
356.51143220064733,2.703441562725508
356.5103422879693,2.7044687500340308
356.5087908734214,2.7056960438678255
356.5065826500038,2.7071640130623456
356.50343965628,2.708921685288143
356.4989662971025,2.7110284628838413
356.49259956107136,2.713556514454826
356.4835381699922,2.7165937733876606
356.47064174436133,2.7202477112095327
356.45228729566327,2.7246500988311837
356.42616498618924,2.729963021968468
356.38898745439167,2.736386475926522
356.3360761267097,2.744167923371876
356.26077245653914,2.7536142449899152
356.1535999995163,2.7651065287601506
356.0010718790486,2.7791181018533324
355.7839935712516,2.796236059940993
355.4750474284697,2.817186135396891
355.2815480685556,2.828958853698979
354.6557775921262,2.862500539685054
353.76518059284115,2.9027860049422713
352.52974404541914,2.9501458632010955
351.1155313506973,2.996557473800566
349.7013184667468,3.0369963105635556
348.28710545119696,3.072718960272855
346.872892336971,3.1045089897541733
345.45867914686295,3.13294596960027
344.0444658976357,3.1585009453275457
342.63025260195644,3.181570826458019
341.21603926949746,3.2024924088592153
339.80182590768015,3.2215506410552632
338.3876125222239,3.238985591394693
336.97339911756086,3.254999009723253
335.5591856971497,3.2697604035894603
334.1449722637112,3.2834124413436023
332.7307588194047,3.2960755938678883
331.3165453659595,3.307852026700786
329.90233190477375,3.318828813163479
328.4881184369883,3.3290805627542635
327.07390496354265,3.3386715613178453
325.6596914852173,3.347657511122371
324.24547800266663,3.356086946597064
322.8312645164435,3.364002388604677
321.4170510270193,3.3714412883538256
320.00283753479874,3.3784368019721707
319.28816880051875,3.3818128157277356
317.8739553047867,3.3881954941445045
316.45974180700273,3.3942029305559607
315.0455283074706,3.3998575830142896
313.63131480641425,3.4051797383949105
312.21710130403386,3.410187787934828
310.80288780050944,3.4148984550544323
309.388674296004,3.4193269830030024
307.9744607906659,3.423487287502444
306.5602472846308,3.4273920781629057
305.14603377802354,3.431052951230984
303.73182027095913,3.4344804551398505
302.317606763544,3.4376841293148415
300.9033932558767,3.440672515708294
299.4891797480485,3.443453141561495
298.07496624014357,3.4460324709032024
296.66075273223913,3.448415821291081
295.2465392244054,3.4506072413016
293.83232571670527,3.452609343338131
292.41811220919374,3.454423085561836
291.00389870191714,3.4560474963459735
289.5896851949123,3.4574793349130157
288.17547168820573,3.45871268317436
286.7612581818123,3.459738466874197
285.3470446757347,3.460543909729759
283.93283116996287,3.461111933255011
282.5186176644742,3.4614205281806276
281.10440415923506,3.46144214119967
279.69019065420366,3.4611431424728183
278.27597714933523,3.4604834622922502
276.86176364458953,3.4594165042012173
275.44755013994103,3.4578894484317706
274.0333366353912,3.455844043765711
272.619123130982,3.4532179394988805
271.2049096268089,3.4499465307049277
269.79069612303107,3.44596519023802
268.3764826198777,3.4412116640746935
266.96226911764796,3.435628344158374
265.54805561670514,3.4291641306148644
264.13384211746666,3.4217756595366615
262.7196286203909,3.4134277854350557
261.3054151259646,3.4040933338854664
259.8912016346921,3.3937522437433802
258.47698814708843,3.3823902770313774
257.0627746636771,3.3699974846468796
255.64856118499156,3.356566588745793
254.23434771158173,3.3420913954119182
252.8201342440233,3.326565299710598
251.40592078293108,3.3099798994480145
249.99170732897525,3.2923236978495254
248.57749388290202,3.2735808483519726
247.16328044555863,3.253729873541562
245.7490670179253,3.232742270407689
244.3348536011561,3.2105808900824284
242.92064019663297,3.1871979453471466
241.506426806039,3.1625324438652647
240.0922134314606,3.1365067540120846
238.67800007553427,3.109021856198713
237.26378674166403,3.079950564366412
235.8495734343563,3.049127516601452
234.4353601597568,3.016333809682056
233.0211469265583,2.981272281846184
231.6069337476346,2.9435253559084122
230.19272064323465,2.9024774649546985
228.7785076479489,2.8571568000065155
227.36429482849164,2.8058604098208764
225.95008234196345,2.7450230768352046
224.53587075132276,2.663581888179671
223.8287667549308,2.594211784131444
223.70919705789024,2.5691776976314338
223.68897889323674,2.5612837550255962
223.68196805169384,2.5571321137259533
223.67710684163055,2.552352375459173
223.6762649327905,2.5507490092863963
223.67597388527793,2.549867883650265
223.67580076961346,2.548945265668424
223.6757675074347,2.548537991280959
223.67576240900428,2.5484141007919
223.67576004703085,2.5482884595759883
223.67575990742637,2.5482292616562856
223.6757659652711,2.54795385910801
223.6757800548723,2.5477276163748703
223.67579934585063,2.547527788434551
223.67582727709015,2.5473127867928804
223.6758674977466,2.5470714952507345
223.67592514710057,2.5467950039793035
223.67600755973757,2.5464741409756426
223.67612518841887,2.546098732922056
223.67629291846112,2.545657121764995
223.67653194038894,2.5451357401850183
223.67687241633132,2.544518679031795
223.677357275561,2.54378721544433
223.67804761673978,2.5429192832258884
223.67903039666143,2.541888872922077
223.68042937304196,2.5406653530763434
223.6824206784099,2.5392127084290115
223.6852549849415,2.5374886971319985
223.6892890495042,2.5354439389187347
223.69503060859574,2.5330209620380115
223.70320227284395,2.5301532617738145
223.71483246167244,2.5267644624353442
223.73138482152453,2.5227677348183715
223.7549424138818,2.518065712319589
223.78846985164924,2.512551284723278
223.83618637165026,2.506109845791195
223.9040967913849,2.498623844971366
224.00074716666043,2.489980847276514
224.13830024348596,2.480086696900834
224.3340660411382,2.4688856600306255
224.61268017788308,2.4563892501130944
224.99917394586353,2.4430174379707124
225.5353183215134,2.4289847776184184
226.27905800520654,2.414656564717169
227.3107738851424,2.4005681398677368
228.72498709652885,2.3875573069184437
230.13920040502225,2.378877663958241
231.5534137681982,2.3729303107623214
232.96762716780856,2.368850695220871
234.3818405930457,2.366118013861324
235.79605403715186,2.364394462084981
237.21026749567255,2.3634486641292423
238.6244809655371,2.3631153334396133
240.03869444454847,2.3632723640189095
241.45290793108518,2.3638270391603156
242.8671214239188,2.364707329932304
244.28133492209773,2.365856188259709
245.6955484248706,2.3672276801209273
247.1097619316342,2.3687842916224056
248.5239754418972,2.370495006455018
249.93818895525413,2.372333904644891
251.35240247136673,2.374279122075316
252.7666159899497,2.376312064995777
254.1808295107604,2.3784168081625774
255.59504303359054,2.3805796274680544
257.0092565582602,2.3827886325752035
258.42347008461263,2.3850334749502045
259.83768361251066,2.3873051134613545
261.2518971418334,2.3895956244422862
262.6661106724738,2.3918980464680235
264.08032420433653,2.394206252500979
265.4945377373364,2.3965148438175685
266.90875127139685,2.3988190614184397
268.32296480644897,2.4011147115880487
269.7371783424303,2.4033981029947338
271.1513918792842,2.405665993273631
272.56560541695893,2.407915543458023
273.9798189554074,2.410144278952229
275.3940324945862,2.412350055995116
276.8082460344557,2.4145310327643292
278.2224595749791,2.4166856444312974
279.63667311612255,2.418812581604614
281.0508866578546,2.4209107717025047
282.46510020014614,2.4229793628787615
283.87931374296994,2.425017710195223
285.2935272863006,2.4270253637909547
286.7077408301144,2.429002058846009
288.121954374389,2.4309477071785572
289.53616791910343,2.4328623903490865
290.95038146423786,2.434746354176673
292.3645950097736,2.4366000046001735
293.7788085556928,2.438423904843345
295.19302210197856,2.4402187738674206
296.6072356486146,2.441985486119393
298.0214491955855,2.4437250726088635
299.4356627428761,2.4454387233725465
300.849876290472,2.4471277914138527
302.26408983835904,2.4487937982362977
303.67830338652334,2.4504384411255042
305.0925169349513,2.452063602375891
306.5067304836293,2.4536713607077507
307.920944032544,2.4552640051788965
309.33515758168164,2.456844051966952
310.74937113102834,2.4584142644858384
312.16358468056984,2.4599776774088307
313.5777982302914,2.461537625306418
314.99201178017756,2.463097776778072
316.4062253302118,2.4646621751751927
317.8204388803765,2.4662352872910898
319.23465243065255,2.467822061755389
320.64886598101884,2.4694279993407053
322.063079531452,2.471059238011165
323.4772930819256,2.4727226563675258
324.8915066324096,2.4744260002557628
326.3057201828691,2.4761780388176753
327.7199337332635,2.477988758344783
329.13414728354456,2.4798696052042533
330.54836083365456,2.4818337932227257
331.96257438352313,2.483896696837755
333.37678793306367,2.4860763599980675
334.7910014821678,2.4883941637323317
336.20521503069796,2.4908757150224563
337.6194285784764,2.4935520503816315
339.0336421252696,2.4964612968230213
340.44785567076394,2.4996510142674584
341.86206921452896,2.5031815824257486
343.2762827559576,2.507131242179982
344.69049629416696,2.5116038611367832
346.1047098278248,2.516741396621139
347.5189233548279,2.522744927507119
348.9331368716624,2.529912455262556
350.3473503720096,2.5387126441225254
351.76156384330625,2.549945682400817
353.1757772566063,2.5651568968042042
354.5899905266492,2.588038516891915
356.00420321048733,2.633581121155302
356.35775562102106,2.6603066534708706
356.48036638369217,2.679997237624427
356.5010990281202,2.6868193971919627
356.50828836902,2.6906051542886917
356.51327319008846,2.6955446560267737
356.5137045438731,2.6965739885741558
356.51385332245496,2.6971347105205465
356.5139573861551,2.6978788805789082
356.5139655515487,2.6980292542405486
356.5139697367434,2.6981854436754205
356.51397004658844,2.698238647067855
356.5139668821541,2.6984115777666084
356.51395790374573,2.6985967038807273
356.51394403234593,2.6987584859588614
356.51392412401674,2.6989331269311467
356.51389452166757,2.699130378226382
356.5138508831581,2.69935929077905
356.5137867689977,2.699627778953751
356.5136952140654,2.699941030064412
356.5135646134488,2.7003078622459435
356.51337846219445,2.7007400913782424
356.5131132621024,2.701251564372456
356.51273556700284,2.7018586676266816
356.51219777392424,2.702580913559779
356.51143213266766,2.703441632954758
356.5103422199779,2.70446880895682
356.5087908054217,2.7056960933616896
356.5065825819983,2.707164054681643
356.50343958827045,2.7089217203181146
356.49896622909006,2.7110284923998695
356.49259949305684,2.7135565393577763
356.48353810197625,2.7165937944220993
356.47064167634437,2.7202477290020948
356.4522872276456,2.724650113905794
356.4261649181711,2.7299630347616697
356.3889873863732,2.7363864868043315
356.33607605869094,2.744167932640873
356.26077238852014,2.7536142529038834
356.1535999314972,2.765106535532552
356.00107181102936,2.7791181076609006
355.7839935032323,2.7962360649308824
355.4750473604504,2.817186139690949
355.2815480751339,2.82895885331238
354.65577759870445,2.86250053936035
353.7651805994194,2.9027860046674334
352.5297440519974,2.950145862968255
351.1155313572756,2.9965574735998626
349.70131847332505,3.0369963103872024
348.2871054577752,3.072718960116388
346.87289234354927,3.104508989614492
345.4586791534412,3.1329459694749846
344.04446590421395,3.1585009452147217
342.6302526085347,3.1815708263559834
341.2160392760757,3.2024924087664197
339.8018259142584,3.221550640970597
338.38761252880215,3.2389855913170553
336.9733991241391,3.254999009651819
335.55918570372796,3.2697604035234376
334.1449722702895,3.2834124412825085
332.73075882598295,3.29607559381113
331.31654537253775,3.3078520266479474
329.902331911352,3.3188288131141856
328.4881184435666,3.3290805627081395
327.0739049701209,3.3386715612747038
325.65969149179557,3.347657511081912
324.2454780092449,3.3560869465590724
322.8312645230218,3.364002388569003
321.41705103359755,3.371441288320288
320.002837541377,3.3784368019405795
319.288168807097,3.381812815697111
317.87395531136497,3.3881954941156818
316.459741813581,3.3942029305288535
315.04552831404885,3.399857582988777
313.6313148129925,3.405179738370861
312.2171013106121,3.4101877879122555
310.8028878070877,3.414898455033192
309.3886743025823,3.4193269829830544
307.97446079724415,3.4234872874836797
306.56024729120907,3.4273920781453007
305.1460337846018,3.4310529512145203
303.7318202775374,3.434480455124432
302.31760677012227,3.4376841293004317
300.903393262455,3.440672515694903
299.4891797546268,3.4434531415490333
298.07496624672183,3.446032470891678
296.6607527388174,3.4484158212804594
295.2465392309837,3.4506072412918245
293.83232572328353,3.4526093433292493
292.418112215772,3.4544230855538434
291.0038987084954,3.456047496338853
289.58968520149057,3.4574793349068083
288.175471694784,3.4587126831690624
286.76125818839057,3.4597384668699225
285.34704468231297,3.4605439097265194
283.93283117654113,3.4611119332529654
282.5186176710525,3.4614205281798354
281.1044041658133,3.4614421412002656
279.6901906607819,3.4611431424749908
278.2759771559135,3.460483462296221
276.8617636511678,3.459416504207205
275.4475501465193,3.457889448440013
274.03333664196947,3.455844043776532
272.6191231375603,3.453217939512534
271.20490963338716,3.4499465307217507
269.79069612960933,3.4459651902582875
268.376482626456,3.4412116640987147
266.9622691242262,3.435628344186345
265.5480556232834,3.429164130647056
264.1338421240449,3.4217756595732265
262.71962862696915,3.4134277854761477
261.30541513254286,3.4040933339312
259.89120164127036,3.393752243793855
258.4769881536667,3.3823902770866363
257.06277467025535,3.369997484706937
255.64856119156983,3.356566588810693
254.23434771816,3.3420913954816815
252.82013425060157,3.3265652997852735
251.40592078950934,3.3099798995276415
249.9917073355535,3.2923236979341755
248.57749388948025,3.273580848441694
247.16328045213686,3.253729873636522
245.74906702450355,3.2327422705080195
244.33485360773435,3.2105808901883126
242.9206402032112,3.187197945458837
241.50642681261724,3.162532443983094
240.09221343803884,3.1365067541364513
238.6780000821125,3.1090218563301417
237.26378674824227,3.079950564505566
235.84957344093453,3.04912751674922
234.43536016633504,3.016333809839595
233.02114693313652,2.9812722820151407
231.60693375421283,2.943525356091099
230.19272064981288,2.902477465154598
228.77850765452715,2.8571568002294687
227.36429483506987,2.8058604100776723
225.95008234854168,2.745023077151094
224.535870757901,2.663581888658974
223.828766761509,2.5942117851656574
223.70919706446833,2.569177699740959
223.6889788998145,2.5612837583231522
223.6819680582708,2.557132118492042
223.67710684820312,2.552352385568576
223.67626493935433,2.550749025710806
223.67597389181816,2.5498679087161795
223.67580076998271,2.548945265674928
223.67576750831688,2.5485380081172035
223.67576240975643,2.548414124770736
223.6757600473837,2.5482884934103027
223.6757599074395,2.548229261659399
223.67576596525237,2.547953859110903
223.6757800548801,2.5477276162371796
223.67579934585777,2.5475277883670566
223.67582727709726,2.547312786744553
223.67586749775373,2.5470714952116875
223.67592514710773,2.546795003948759
223.67600755974476,2.5464741409506777
223.67612518842606,2.5460987329019256
223.6762929184683,2.5456571217487327
223.67653194039616,2.5451357401713395
223.67687241633854,2.5445186790188457
223.67735727556823,2.5437872154337837
223.678047616747,2.5429192832175285
223.67903039666865,2.5418888729157927
223.68042937304918,2.540665353070529
223.68242067841712,2.5392127084243983
223.68525498494873,2.5374886971281914
223.68928904951142,2.535443938915229
223.69503060860296,2.533020962035311
223.70320227285117,2.530153261771512
223.71483246167966,2.526764462433369
223.73138482153175,2.522767734816669
223.754942413889,2.5180657123182253
223.78846985165646,2.5125512847221936
223.83618637165748,2.506109845790335
223.9040967913921,2.4986238449706244
224.00074716666765,2.489980847275967
224.13830024349318,2.480086696900364
224.3340660411454,2.4688856600302422
224.6126801778903,2.456389250112821
224.99917394587075,2.4430174379704894
225.5353183215206,2.428984777618248
226.27905800521376,2.414656564717062
227.31077388514962,2.4005681398676586
228.72498709653607,2.3875573069183877
230.13920040502947,2.378877663958213
231.55341376820542,2.3729303107623023
232.96762716781578,2.368850695220848
234.3818405930529,2.3661180138613185
235.79605403715908,2.36439446208498
237.21026749567977,2.3634486641292423
238.6244809655443,2.3631153334396213
240.0386944445557,2.3632723640189104
241.4529079310924,2.3638270391603147
242.86712142392602,2.364707329932302
244.28133492210495,2.3658561882597193
245.6955484248778,2.3672276801209287
247.10976193164143,2.3687842916224136
248.5239754419044,2.3704950064550308
249.93818895526135,2.372333904644905
251.35240247137395,2.3742791220753228
252.76661598995693,2.376312064995792
254.1808295107676,2.378416808162589
255.59504303359776,2.3805796274680615
257.0092565582674,2.3827886325752154
258.42347008461985,2.385033474950219
259.8376836125179,2.3873051134613625
261.25189714184063,2.3895956244423
262.666110672481,2.391898046468033
264.08032420434375,2.394206252500986
265.4945377373436,2.3965148438175756
266.90875127140407,2.3988190614184517
268.3229648064562,2.4011147115880678
269.7371783424375,2.403398102994747
271.1513918792914,2.4056659932736455
272.56560541696615,2.40791554345803
273.9798189554146,2.4101442789522354
275.39403249459343,2.412350055995124
276.8082460344629,2.4145310327643434
278.2224595749863,2.416685644431322
279.63667311612977,2.418812581604626
281.05088665786184,2.420910771702511
282.46510020015336,2.4229793628787726
283.87931374297716,2.4250177101952373
285.29352728630784,2.4270253637909667
286.7077408301216,2.4290020588460175
288.12195437439624,2.430947707178569
289.53616791911065,2.4328623903490914
290.9503814642451,2.434746354176687
292.3645950097808,2.4366000046001792
293.77880855570004,2.4384239048433534
295.1930221019858,2.440218773867419
296.60723564862184,2.4419854861194015
298.0214491955927,2.443725072608876
299.4356627428833,2.4454387233725576
300.84987629047924,2.4471277914138563
302.26408983836626,2.4487937982363124
303.67830338653056,2.4504384411255105
305.0925169349585,2.452063602375895
306.50673048363655,2.4536713607077516
307.92094403255123,2.455264005178905
309.33515758168886,2.4568440519669634
310.74937113103556,2.458414264485847
312.16358468057706,2.459977677408848
313.57779823029864,2.4615376253064296
314.9920117801848,2.4630977767780857
316.406225330219,2.464662175175191
317.82043888038373,2.4662352872911018
319.23465243065976,2.4678220617553928
320.64886598102606,2.4694279993407156
322.0630795314592,2.4710592380111738
323.4772930819328,2.472722656367538
324.8915066324168,2.4744260002557628
326.3057201828763,2.476178038817688
327.7199337332707,2.4779887583447917
329.1341472835518,2.479869605204265
330.5483608336618,2.4818337932227363
331.96257438353035,2.48389669683776
333.3767879330709,2.48607635999808
334.79100148217503,2.4883941637323512
336.2052150307052,2.490875715022475
337.6194285784836,2.493552050381653
339.0336421252768,2.4964612968230444
340.44785567077116,2.499651014267487
341.8620692145362,2.5031815824257526
343.2762827559648,2.507131242180021
344.6904962941742,2.511603861136802
346.10470982783204,2.51674139662119
347.5189233548351,2.522744927507127
348.9331368716696,2.529912455262619
350.3473503720168,2.5387126441225574
351.76156384331347,2.5499456824008977
353.1757772566135,2.5651568968042873
354.58999052665644,2.588038516892133
356.00420321049455,2.633581121155819
356.3577556210283,2.6603066534714617
356.4803663836994,2.679997237627049
356.50109902812744,2.686819397195573
356.50828836902724,2.690605154292755
356.5132731900957,2.695544656038688
356.5137045438803,2.696573988587125
356.5138533224621,2.697134710544762
356.51395738616185,2.6978788806813587
356.51396555155543,2.698029254337626
356.513969736764,2.6981854431879335
356.513970046594,2.698238647066595
356.51396688214766,2.698411577667969
356.5139579037727,2.6985967039822203
356.513944032356,2.6987584858076015
356.5139241240285,2.698933126755603
356.51389452168024,2.6991303781296576
356.5138508831704,2.699359290662878
356.5137867690105,2.699627778905632
356.5136952140781,2.6999410300064786
356.5135646134616,2.7003078622082013
356.5133784622073,2.700740091350321
356.5131132621152,2.701251564345773
356.5127355670156,2.7018586676062
356.5121977739371,2.7025809135485486
356.51143213268045,2.7034416329418423
356.51034221999066,2.7044688089447453
356.5087908054345,2.705696093351123
356.5065825820111,2.7071640546718334
356.50343958828324,2.7089217203112357
356.49896622910285,2.71102849239577
356.49259949306963,2.7135565393522523
356.48353810198904,2.716593794418488
356.47064167635716,2.720247728999297
356.4522872276584,2.724650113902851
356.4261649181839,2.729963034759335
356.38898738638596,2.7363864868030845
356.3360760587037,2.7441679326390895
356.2607723885329,2.753614252902737
356.15359993151,2.7651065355311717
356.00107181104215,2.7791181076601004
355.7839935032451,2.7962360649303095
355.4750473604632,2.81718613969034
355.2815480751467,2.8289588533116703
354.65577759871724,2.8625005393597167
353.7651805994322,2.9027860046669987
352.5297440520102,2.9501458629678337
351.1155313572884,2.996557473599422
349.70131847333784,3.036996310386824
348.287105457788,3.0727189601161418
346.87289234356206,3.104508989614256
345.458679153454,3.1329459694747923
344.04446590422674,3.1585009452145547
342.6302526085475,3.1815708263557583
341.2160392760885,3.202492408766261
339.8018259142712,3.221550640970416
338.38761252881494,3.2389855913169203
336.9733991241519,3.254999009651662
335.55918570374075,3.2697604035233265
334.1449722703023,3.2834124412823957
332.73075882599574,3.2960755938110253
331.31654537255054,3.307852026647826
329.9023319113648,3.318828813114076
328.48811844357937,3.3290805627080857
327.0739049701337,3.3386715612745634
325.65969149180836,3.347657511081802
324.2454780092577,3.3560869465589906
322.8312645230346,3.36400238856893
321.41705103361033,3.371441288320227
320.0028375413898,3.3784368019405346
319.2881688071098,3.381812815697067
317.87395531137776,3.38819549411562
316.4597418135938,3.3942029305288046
315.04552831406164,3.3998575829887208
313.6313148130053,3.405179738370834
312.2171013106249,3.410187787912215
310.8028878071005,3.4148984550331516
309.38867430259506,3.4193269829829886
307.97446079725694,3.4234872874836455
306.56024729122186,3.427392078145261
305.1460337846146,3.4310529512144745
303.7318202775502,3.434480455124401
302.31760677013506,3.437684129300414
300.9033932624678,3.440672515694876
299.48917975463957,3.443453141548998
298.0749662467346,3.4460324708916374
296.6607527388302,3.4484158212804252
295.24653923099646,3.4506072412918254
293.8323257232963,3.4526093433292386
292.4181122157848,3.454423085553822
291.0038987085082,3.456047496338855
289.58968520150336,3.4574793349068083
288.1754716947968,3.4587126831690695
286.76125818840336,3.4597384668699265
285.34704468232576,3.460543909726516
283.9328311765539,3.461111933252961
282.5186176710653,3.4614205281798522
281.1044041658261,3.4614421412002763
279.6901906607947,3.4611431424750108
278.2759771559263,3.4604834622962115
276.8617636511806,3.4594165042072227
275.4475501465321,3.4578894484400218
274.03333664198226,3.4558440437765503
272.61912313757307,3.4532179395125637
271.20490963339995,3.4499465307217783
269.7906961296221,3.445965190258303
268.37648262646877,3.4412116640987276
266.962269124239,3.435628344186395
265.5480556232962,3.429164130647115
264.1338421240577,3.4217756595732975
262.71962862698194,3.413427785476236
261.30541513255565,3.4040933339312955
259.89120164128315,3.3937522437939505
258.4769881536795,3.3823902770867296
257.06277467026814,3.3699974847070493
255.64856119158262,3.3565665888108134
254.23434771817278,3.3420913954818086
252.82013425061436,3.3265652997854374
251.40592078952213,3.3099798995277885
249.9917073355663,3.2923236979343304
248.57749388949304,3.2735808484418727
247.16328045214965,3.2537298736367024
245.74906702451634,3.232742270508214
244.33485360774714,3.2105808901885258
242.920640203224,3.18719794545905
241.50642681263002,3.162532443983325
240.09221343805163,3.1365067541366867
238.6780000821253,3.1090218563303935
237.26378674825506,3.0799505645058365
235.84957344094732,3.049127516749499
234.43536016634783,3.016333809839892
233.0211469331493,2.9812722820154756
231.60693375422562,2.943525356091456
230.19272064982567,2.9024774651549996
228.77850765453994,2.8571568002299053
227.36429483508266,2.8058604100781612
225.95008234855447,2.74502307715171
224.53587075791378,2.6635818886599187
223.8287667615218,2.594211785167663
223.70919706448112,2.569177699745037
223.68897889982728,2.5612837583298136
223.6819680582836,2.5571321185012357
223.67710684821589,2.5523523855887573
223.67626493936706,2.5507490257437353
223.67597389183086,2.549867908761425
223.6758007699796,2.548945265641287
223.6757675076784,2.5485379962824366
223.67576240920863,2.548414107529569
223.67576004712663,2.5482884690274714
223.67575990743148,2.548229261662768
223.67576596526678,2.5479538591144344
223.67578005487553,2.5477276163341633
223.67579934585365,2.547527788409716
223.67582727709316,2.547312786773597
223.6758674977496,2.5470714952336233
223.6759251471036,2.5467950039663996
223.67600755974064,2.5464741409675042
223.6761251884219,2.5460987329140368
223.67629291846416,2.5456571217586292
223.67653194039198,2.5451357401793118
223.67687241633436,2.544518679026144
223.67735727556405,2.5437872154403944
223.67804761674282,2.5429192832226306
223.67903039666447,2.541888872919518
223.680429373045,2.5406653530737646
223.68242067841294,2.539212708427093
223.68525498494455,2.5374886971300548
223.68928904950724,2.5354439389171075
223.69503060859878,2.533020962036834
223.703202272847,2.530153261772913
223.71483246167548,2.526764462434559
223.73138482152757,2.5227677348176423
223.75494241388483,2.5180657123189922
223.78846985165228,2.5125512847228064
223.8361863716533,2.506109845790821
223.90409679138793,2.498623844971118
224.00074716666347,2.489980847276261
224.138300243489,2.4800866969006146
224.33406604114123,2.4688856600304683
224.61268017788612,2.456389250112987
224.99917394586657,2.4430174379706013
225.53531832151643,2.428984777618341
226.27905800520958,2.4146565647171228
227.31077388514544,2.4005681398676995
228.7249870965319,2.3875573069184255
230.1392004050253,2.3788776639582245
231.55341376820124,2.3729303107623085
232.9676271678116,2.3688506952208703
234.38184059304874,2.366118013861324
235.7960540371549,2.3643944620849626
237.2102674956756,2.3634486641292343
238.62448096554013,2.363115333439615
240.0386944445515,2.3632723640189015
241.45290793108822,2.3638270391603156
242.86712142392184,2.364707329932301
244.28133492210077,2.3658561882597096
245.69554842487364,2.367227680120929
247.10976193163725,2.3687842916224104
248.52397544190023,2.370495006455025
249.93818895525717,2.372333904644889
251.35240247136977,2.3742791220753223
252.76661598995275,2.376312064995784
254.18082951076343,2.3784168081625863
255.59504303359358,2.3805796274680544
257.0092565582632,2.3827886325752106
258.42347008461564,2.385033474950208
259.8376836125137,2.3873051134613563
261.2518971418364,2.3895956244422925
262.6661106724768,2.3918980464680297
264.08032420433955,2.394206252500984
265.4945377373394,2.396514843817567
266.90875127139986,2.398819061418444
268.322964806452,2.4011147115880602
269.7371783424333,2.4033981029947373
271.1513918792872,2.40566599327364
272.56560541696194,2.407915543458021
273.9798189554104,2.4101442789522327
275.3940324945892,2.4123500559951205
276.8082460344587,2.414531032764343
278.2224595749821,2.4166856444313036
279.63667311612556,2.4188125816046138
281.05088665785763,2.4209107717025065
282.46510020014915,2.4229793628787664
283.87931374297295,2.425017710195235
285.29352728630363,2.4270253637909596
286.7077408301174,2.429002058846012
288.12195437439203,2.43094770717856
289.53616791910645,2.432862390349098
290.9503814642409,2.4347463541766734
292.3645950097766,2.436600004600177
293.77880855569583,2.438423904843347
295.19302210198157,2.440218773867416
296.60723564861763,2.4419854861193957
298.0214491955885,2.4437250726088697
299.4356627428791,2.4454387233725505
300.84987629047504,2.447127791413858
302.26408983836205,2.448793798236305
303.67830338652635,2.450438441125497
305.0925169349543,2.4520636023758877
306.50673048363234,2.4536713607077507
307.920944032547,2.455264005178903
309.33515758168465,2.4568440519669643
310.74937113103135,2.458414264485838
312.16358468057285,2.459977677408834
313.57779823029443,2.4615376253064234
314.9920117801806,2.463097776778081
316.4062253302148,2.464662175175196
317.8204388803795,2.466235287291102
319.23465243065556,2.467822061755389
320.64886598102186,2.4694279993407116
322.063079531455,2.471059238011173
323.4772930819286,2.472722656367533
324.8915066324126,2.4744260002557645
326.3057201828721,2.4761780388176753
327.7199337332665,2.4779887583447806
329.1341472835476,2.4798696052042706
330.54836083365757,2.481833793222722
331.96257438352615,2.4838966968377436
333.3767879330667,2.48607635999807
334.7910014821708,2.4883941637323375
336.20521503070097,2.490875715022467
337.6194285784794,2.4935520503816373
339.0336421252726,2.4964612968230275
340.44785567076696,2.499651014267466
341.86206921453197,2.503181582425745
343.2762827559606,2.5071312421800025
344.69049629417,2.5116038611367872
346.10470982782783,2.516741396621179
347.5189233548309,2.5227449275071443
348.9331368716654,2.52991245526258
350.3473503720126,2.5387126441225614
351.76156384330926,2.5499456824008897
353.1757772566093,2.5651568968042686
354.58999052665223,2.588038516891922
356.00420321049035,2.6335811211555273
356.35775562102407,2.660306653471273
356.4803663836952,2.6799972376249865
356.50109902812324,2.686819397193461
356.50828836902303,2.690605154290432
356.51327319009147,2.695544656018627
356.5137045438761,2.6965739885754583
356.5138533224579,2.69713471053393
356.51395738615776,2.697878880643068
356.51396555155156,2.698029254279956
356.5139697367365,2.6981854441337934
356.5139700466298,2.6982386470653585
356.51396688739226,2.6984114092737483
356.51395791051385,2.698596599253576
356.5139440390044,2.6987584185917526
356.51392413077645,2.6989330771968953
356.5138945284751,2.6991303387500225
356.51385089000377,2.6993592588879256
356.5137867758671,2.699627752809339
356.51369522095234,2.6999410086562277
356.5135646203468,2.700307844569843
356.5133784691,2.7007400767169565
356.5131132690131,2.70125155216391
356.5127355739171,2.701858657431842
356.512197780841,2.7025809050350817
356.51143213958613,2.703441625805776
356.51034222689754,2.7044688029576376
356.50879081234217,2.705696088324414
356.50658258891934,2.707164050443576
356.50343959519194,2.708921716750625
356.4989662360119,2.711028489396088
356.4925994999789,2.7135565368233627
356.4835381088984,2.716593792281584
356.47064168326665,2.7202477271918823
356.45228723456796,2.724650112371048
356.4261649250934,2.7299630334596285
356.3889873932955,2.7363864856979605
356.3360760656133,2.7441679316975396
356.2607723954426,2.753614252098541
356.15359993841963,2.7651065348432904
356.0010718179518,2.779118107069936
355.78399351015474,2.7962360644230952
355.47504736737284,2.8171861392540194
355.28154806340694,2.8289588540011446
354.6557775869777,2.8625005399392185
353.76518058769267,2.9027860051572567
352.52974404027066,2.950145863383373
351.11553134554885,2.996557473957658
349.7013184615983,3.036996310701608
348.2871054460485,3.072718960395422
346.8728923318225,3.1045089898634584
345.45867914171447,3.1329459696982767
344.0444658924872,3.1585009454158395
342.63025259680796,3.1815708265379365
341.216039264349,3.2024924089318745
339.8018259025317,3.2215506411215458
338.3876125170754,3.2389855914554793
336.9733991124124,3.254999009779177
335.5591856920012,3.269760403641082
334.14497225856275,3.283412441391443
332.7307588142562,3.296075593912358
331.316545360811,3.3078520267421667
329.90233189962527,3.318828813202078
328.48811843183984,3.329080562790332
327.07390495839417,3.3386715613516236
325.65969148006883,3.3476575111540208
324.24547799751815,3.3560869466267578
322.83126451129505,3.364002388632618
321.4170510218708,3.3714412883800757
320.00283752965026,3.378436801996856
319.2881688375171,3.381812815555641
317.87395534178506,3.388195493982532
316.4597418440011,3.3942029304035217
315.04552834446895,3.399857582870761
313.6313148434126,3.405179738259846
312.2171013410322,3.410187787807775
310.8028878375078,3.4148984549349484
309.38867433300237,3.419326982890747
307.97446082766425,3.4234872873969966
306.56024732162916,3.427392078063973
305.1460338150219,3.431052951138294
303.7318203079575,3.4344804550531514
302.31760680054236,3.4376841292339018
300.9033932928751,3.4406725156328615
299.4891797850469,3.4434531414914136
298.0749662771419,3.4460324708383006
296.6607527692375,3.4484158212312686
295.24653926140377,3.4506072412467663
293.8323257537036,3.452609343288228
292.4181122461921,3.4544230855168507
291.0038987389155,3.456047496305983
289.58968523191066,3.457479334878127
288.1754717252041,3.458712683144746
286.76125821881067,3.4597384668501903
285.34704471273307,3.4605439097117037
283.9328312069612,3.46111193324344
282.5186177014726,3.461420528176201
281.1044041962334,3.4614421412031438
279.690190691202,3.4611431424851555
278.2759771863336,3.4604834623145924
276.8617636815879,3.459416504234893
275.4475501769394,3.4578894484782356
274.03333667238957,3.455844043826541
272.6191231679804,3.4532179395757256
271.20490966380726,3.4499465307995205
269.7906961600294,3.445965190352002
268.3764826568761,3.4412116642096726
266.9622691546463,3.435628344315778
265.5480556537035,3.429164130795898
264.133842154465,3.421775659742369
262.71962865738925,3.413427785666252
261.30541516296296,3.4040933341427713
259.89120167169045,3.3937522440272283
258.4769881840868,3.382390277342086
257.06277470067545,3.369997484984653
255.64856122198992,3.356566589110803
254.2343477485801,3.3420913958043275
252.82013428102167,3.3265653001306075
251.40592081992943,3.309979899895861
249.9917073659736,3.2923236983255886
248.57749391990038,3.2735808488566858
247.16328048255698,3.2537298740756184
245.74906705492367,3.232742270971947
244.33485363815447,3.210580890677952
242.92064023363133,3.1871979459753597
241.50642684303736,3.162532444527959
240.09221346845897,3.136506754711561
238.6780001125326,3.1090218569378996
237.26378677866236,3.0799505651490655
235.84957347135463,3.049127517432508
234.43536019675514,3.0163338105681436
233.02114696355662,2.981272282796425
231.60693378463293,2.9435253569358673
230.19272068023295,2.9024774660791124
228.7785076849472,2.857156801260475
227.3642948654899,2.805860411265051
225.9500823789617,2.7450230786118173
224.53587078832098,2.6635818908754256
223.8287667919288,2.594211789948025
223.70919709488751,2.569177709495439
223.6889789302321,2.56128377357298
223.6819680886847,2.5571321405323006
223.6771068785967,2.552352432321325
223.67626496970738,2.5507491016629418
223.67597392206227,2.5498680246085907
223.67580077167977,2.548945265698351
223.6757675082267,2.548538008673362
223.67576240965937,2.5484141229239623
223.67576004735227,2.5482884901161826
223.67575990744058,2.5482292616607074
223.67576596527732,2.5479538591121638
223.67578005488048,2.5477276162612723
223.67579934586007,2.5475277883504
223.67582727709967,2.547312786729723
223.67586749775617,2.5470714951992837
223.67592514711018,2.54679500393713
223.67600755974723,2.5464741409422853
223.67612518842853,2.546098732894332
223.67629291847078,2.5456571217430453
223.67653194039863,2.545135740166028
223.676872416341,2.5445186790146073
223.67735727557073,2.543787215430396
223.6780476167495,2.542919283214336
223.67903039667115,2.541888872913032
223.68042937305168,2.540665353068329
223.68242067841962,2.5392127084226344
223.68525498495123,2.537488697126654
223.68928904951392,2.5354439389140566
223.69503060860546,2.533020962034208
223.70320227285367,2.5301532617707205
223.71483246168216,2.526764462432764
223.73138482153425,2.5227677348161768
223.7549424138915,2.5180657123178505
223.78846985165896,2.5125512847218463
223.83618637165998,2.5061098457899798
223.9040967913946,2.498623844970382
224.00074716667015,2.489980847275726
224.13830024349568,2.4800866969001714
224.3340660411479,2.4688856600301046
224.6126801778928,2.456389250112726
224.99917394587325,2.4430174379704006
225.5353183215231,2.4289847776182034
226.27905800521626,2.414656564717013
227.31077388515212,2.4005681398676315
228.72498709653857,2.3875573069183784
230.13920040503197,2.3788776639582054
231.55341376820792,2.372930310762287
232.96762716781828,2.36885069522085
234.38184059305541,2.3661180138613167
235.79605403716158,2.364394462084968
237.21026749568227,2.3634486641292405
238.6244809655468,2.3631153334396107
240.0386944445582,2.3632723640189055
241.4529079310949,2.363827039160329
242.86712142392852,2.3647073299323083
244.28133492210745,2.365856188259727
245.69554842488031,2.3672276801209344
247.10976193164393,2.3687842916224127
248.5239754419069,2.3704950064550343
249.93818895526385,2.372333904644914
251.35240247137645,2.374279122075332
252.76661598995943,2.3763120649957905
254.1808295107701,2.378416808162595
255.59504303360026,2.380579627468064
257.0092565582699,2.382788632575217
258.42347008462235,2.3850334749502187
259.8376836125204,2.3873051134613696
261.25189714184313,2.3895956244422996
262.6661106724835,2.391898046468037
264.08032420434625,2.394206252500992
265.4945377373461,2.3965148438175845
266.9087512714066,2.3988190614184597
268.3229648064587,2.4011147115880664
269.73717834244,2.4033981029947498
271.1513918792939,2.4056659932736544
272.56560541696865,2.4079155434580306
273.9798189554171,2.410144278952248
275.39403249459593,2.4123500559951285
276.8082460344654,2.414531032764347
278.2224595749888,2.4166856444313254
279.6366731161323,2.41881258160463
281.05088665786434,2.420910771702515
282.46510020015586,2.422979362878778
283.87931374297966,2.4250177101952337
285.29352728631034,2.4270253637909587
286.7077408301241,2.429002058846023
288.12195437439874,2.430947707178569
289.53616791911315,2.4328623903490967
290.9503814642476,2.434746354176684
292.36459500978333,2.436600004600183
293.77880855570254,2.438423904843355
295.1930221019883,2.4402187738674312
296.60723564862434,2.4419854861194046
298.0214491955952,2.4437250726088804
299.4356627428858,2.4454387233725594
300.84987629048175,2.4471277914138625
302.26408983836876,2.4487937982363173
303.67830338653306,2.4504384411255105
305.092516934961,2.4520636023758944
306.50673048363905,2.4536713607077543
307.92094403255373,2.455264005178912
309.33515758169136,2.456844051966973
310.74937113103806,2.4584142644858495
312.16358468057956,2.4599776774088506
313.57779823030114,2.461537625306425
314.9920117801873,2.4630977767780804
316.4062253302215,2.4646621751751923
317.82043888038623,2.4662352872911066
319.23465243066227,2.4678220617554034
320.64886598102856,2.46942799934072
322.0630795314617,2.4710592380111707
323.47729308193533,2.4727226563675337
324.8915066324193,2.4744260002557668
326.3057201828788,2.4761780388176775
327.7199337332732,2.477988758344787
329.1341472835543,2.4798696052042692
330.5483608336643,2.4818337932227412
331.96257438353285,2.4838966968377507
333.3767879330734,2.4860763599980817
334.79100148217753,2.488394163732359
336.2052150307077,2.4908757150224723
337.6194285784861,2.493552050381648
339.0336421252793,2.4964612968230453
340.44785567077366,2.499651014267494
341.8620692145387,2.503181582425764
343.2762827559673,2.5071312421800522
344.6904962941767,2.5116038611368054
346.10470982783454,2.516741396621183
347.5189233548376,2.5227449275071603
348.9331368716721,2.5299124552626084
350.3473503720193,2.53871264412263
351.76156384331597,2.549945682400911
353.175777256616,2.565156896804348
354.58999052665894,2.5880385168921514
356.00420321049705,2.63358112115596
356.3577556210308,2.6603066534719026
356.4803663837019,2.6799972376278633
356.50109902812994,2.6868193971951326
356.50828836902974,2.69060515429522
356.5132731900982,2.6955446560475975
356.5137045438828,2.696573988610353
356.5138533224646,2.697134710564046
356.5139573861642,2.6978788807290064
356.51396555155713,2.6980292544518862
356.51396973670995,2.6981854456216627
356.51397004654496,2.69823864706842
356.513966882096,2.6984115776489395
356.51395790370884,2.6985967037306047
356.51394403231603,2.6987584862457874
356.51392412398286,2.6989331271096573
356.513894521633,2.699130378298608
356.51385088312435,2.6993592909127564
356.5137867689637,2.6996277790749517
356.5136952140313,2.6999410301601983
356.5135646134147,2.7003078623301597
356.51337846216035,2.7007400914546493
356.51311326206826,2.701251564431227
356.5127355669687,2.701858667676075
356.5121977738901,2.7025809136052183
356.51143213263344,2.7034416329917175
356.5103422199436,2.7044688089863076
356.50879080538743,2.705696093387344
356.50658258196404,2.7071640547020395
356.5034395882362,2.7089217203346054
356.4989662290558,2.711028492415687
356.49259949302257,2.7135565393686805
356.483538101942,2.716593794432568
356.4706416763101,2.7202477290109943
356.45228722761135,2.7246501139131505
356.4261649181368,2.7299630347678567
356.3889873863389,2.7363864868106638
356.33607605865666,2.744167932645812
356.26077238848586,2.753614252907803
356.1535999314629,2.765106535536037
356.0010718109951,2.7791181076639133
355.783993503198,2.7962360649338
355.4750473604161,2.8171861396933675
355.28154807509964,2.8289588533144134
354.65577759867017,2.8625005393620517
353.76518059938513,2.9027860046690073
352.5297440519631,2.9501458629694155
351.1155313572413,2.9965574736008804
349.70131847329077,3.0369963103880693
348.28710545774095,3.0727189601172125
346.872892343515,3.104508989615214
345.45867915340693,3.1329459694756876
344.0444659041797,3.1585009452153265
342.6302526085004,3.1815708263565043
341.21603927604144,3.2024924087669078
339.80182591422414,3.221550640971018
338.3876125287679,3.2389855913174888
336.97339912410484,3.254999009652181
335.5591857036937,3.2697604035237795
334.1449722702552,3.2834124412828363
332.73075882594867,3.2960755938114463
331.31654537250347,3.3078520266481934
329.90233191131773,3.3188288131144237
328.4881184435323,3.329080562708421
327.07390497008663,3.3386715612749036
325.6596914917613,3.347657511082121
324.2454780092106,3.356086946559269
322.8312645229875,3.364002388569184
321.41705103356327,3.3714412883204457
320.0028375413427,3.3784368019407687
319.28816880706273,3.381812815697294
317.8739553113307,3.3881954941158394
316.4597418135467,3.3942029305289956
315.0455283140146,3.399857582988899
313.63131481295824,3.405179738371006
312.21710131057785,3.4101877879123714
310.8028878070534,3.4148984550333066
309.388674302548,3.4193269829831157
307.9744607972099,3.4234872874837734
306.5602472911748,3.4273920781454095
305.1460337845675,3.4310529512146117
303.7318202775031,3.4344804551245045
302.317606770088,3.4376841293005027
300.9033932624207,3.4406725156949753
299.4891797545925,3.4434531415491128
298.07496624668755,3.4460324708917414
296.6607527387831,3.4484158212805256
295.2465392309494,3.4506072412918996
293.83232572324926,3.4526093433293155
292.4181122157377,3.454423085553866
291.0038987084611,3.4560474963388974
289.5896852014563,3.457479334906854
288.1754716947497,3.4587126831691144
286.7612581883563,3.459738466869936
285.3470446822787,3.460543909726563
283.93283117650685,3.461111933252991
282.5186176710182,3.4614205281798487
281.10440416577904,3.4614421412002803
279.69019066074765,3.461143142474983
278.2759771558792,3.4604834622961906
276.8617636511335,3.4594165042071663
275.447550146485,3.4578894484399827
274.0333366419352,3.4558440437764792
272.619123137526,3.453217939512455
271.2049096333529,3.4499465307216615
269.79069612957505,3.4459651902581583
268.3764826264217,3.4412116640985504
266.96226912419195,3.4356283441861883
265.5480556232491,3.429164130646895
264.13384212401064,3.4217756595730515
262.7196286269349,3.413427785475955
261.3054151325086,3.4040933339309722
259.8912016412361,3.3937522437936183
258.4769881536324,3.382390277086338
257.0627746702211,3.369997484706619
255.64856119153555,3.356566588810345
254.23434771812572,3.34209139548131
252.8201342505673,3.326565299784886
251.40592078947506,3.3099798995272267
249.99170733551924,3.292323697933737
248.57749388944598,3.2735808484412354
247.16328045210258,3.2537298736360176
245.74906702446927,3.232742270507487
244.33485360770007,3.210580890187751
242.92064020317693,3.187197945458239
241.50642681258296,3.162532443982479
240.09221343800456,3.1365067541358047
238.67800008207823,3.1090218563294547
237.263786748208,3.0799505645048435
235.84957344090026,3.0491275167484297
234.43536016630077,3.0163338098387804
233.02114693310224,2.9812722820142556
231.60693375417856,2.943525356090143
230.1927206497786,2.902477465153587
228.77850765449287,2.857156800228309
227.3642948350356,2.805860410076334
225.9500823485074,2.7450230771494555
224.53587075786672,2.6635818886564913
223.82876676147472,2.5942117851603124
223.70919706443405,2.5691776997298934
223.6889788997802,2.561283758306109
223.68196805823652,2.5571321184672167
223.67710684816888,2.552352385515772
223.67626493932013,2.550749025624931
223.6759738917841,2.5498679085817884
223.67580076998038,2.5489452656707847
223.67576750805196,2.548538003216826
223.67576240952982,2.5484141175849215
223.67576004727647,2.5482884833218264
223.6757599074361,2.5482292616557385
223.67576591967395,2.547954892141354
223.6757800083524,2.5477281950808317
223.67579929944534,2.5475282005542734
223.6758272301752,2.547313105491317
223.67586745048368,2.5470717491538055
223.67592509961312,2.5467952096880353
223.67600751210304,2.5464743093911686
223.67612514068628,2.546098871745805
223.67629287066225,2.5456572367178616
223.67653189254483,2.5451358356617826
223.67687236845606,2.544518758492253
223.6773572276642,2.5437872816616913
223.678047568828,2.542919338448953
223.67903034873922,2.5418889189935534
223.68042932511247,2.540665391513099
223.68242063047532,2.5392127404892078
223.68525493700338,2.5374887238595
223.68928900156357,2.535443961183413
223.69503056065335,2.5330209805659973
223.70320222490034,2.5301532771711654
223.71483241372798,2.526764475208695
223.73138477357946,2.5227677453917243
223.7549423659363,2.518065721047674
223.78846980370346,2.512551291902798
223.83618632370428,2.506109851670431
223.90409674343877,2.4986238497582347
224.00074711871423,2.489980851145139
224.13830019553967,2.480086699997215
224.33406599319184,2.468885662477674
224.6126801299367,2.4563892520149637
224.99917389791713,2.4430174394253896
225.535318273567,2.4289847787056167
226.27905795726014,2.4146565655040595
227.310773837196,2.400568140412532
228.72498704858245,2.3875573072738376
230.13920035707585,2.378877664199901
231.55341372025177,2.3729303109286333
232.96762711986213,2.3688506953340465
234.38184054509927,2.366118013935319
235.79605398920543,2.3643944621291313
237.21026744772612,2.363448664150134
238.62448091759066,2.3631153334420087
240.03869439660204,2.3632723640063866
241.45290788313875,2.3638270391356335
242.86712137597237,2.3647073298976187
244.2813348741513,2.3658561882167537
245.69554837692417,2.3672276800710943
247.10976188368778,2.3687842915668487
248.52397539395076,2.3704950063947154
249.9381889073077,2.3723339045806258
251.3524024234203,2.374279122007782
252.76661594200328,2.3763120649255542
254.18082946281396,2.3784168080901624
255.5950429856441,2.3805796273938697
257.0092565103137,2.382788632499649
258.4234700366662,2.3850334748735946
259.8376835645642,2.3873051133839764
261.25189709388695,2.3895956243643934
262.66611062452733,2.3918980463898314
264.0803241563901,2.394206252422684
265.4945376893899,2.3965148437393418
266.9087512234504,2.3988190613404474
268.3229647585025,2.401114711510414
269.73717829448384,2.4033981029175604
271.1513918313377,2.40566599319704
272.5656053690125,2.4079155433820825
273.9798189074609,2.4101442788770413
275.39403244663976,2.4123500559207445
276.80824598650923,2.4145310326908307
278.22245952703264,2.4166856443587186
279.6366730681761,2.418812581532981
281.05088660990816,2.4209107716318616
282.4651001521997,2.422979362809141
283.8793136950235,2.4250177101266335
285.29352723835416,2.427025363723412
286.70774078216795,2.429002058779517
288.12195432644256,2.4309477071131163
289.536167871157,2.432862390284695
290.9503814162914,2.434746354113321
292.36459496182715,2.436600004537839
293.77880850774636,2.4384239047820007
295.1930220540321,2.4402187738070484
296.60723560066816,2.4419854860599592
298.02144914763903,2.443725072550331
299.43566269492965,2.445438723314873
300.84987624252557,2.447127791356994
302.2640897904126,2.4487937981801924
303.6783033385769,2.450438441070089
305.0925168870048,2.4520636023210907
306.50673043568287,2.453671360653508
307.92094398459756,2.4552640051251378
309.3351575337352,2.456844051913574
310.7493710830819,2.458414264432734
312.1635846326234,2.4599776773558997
313.57779818234496,2.4615376252535475
314.9920117322311,2.4630977767251254
316.4062252822653,2.464662175122026
317.82043883243006,2.466235287237569
319.2346523827061,2.4678220617013045
320.6488659330724,2.469427999285873
322.06307948350553,2.471059237955359
323.47729303397915,2.4727226563104985
324.8915065844631,2.4744260001972345
326.30572013492264,2.4761780387573378
327.719933685317,2.477988758282273
329.1341472355981,2.479869605139155
330.5483607857081,2.481833793154559
331.9625743355767,2.4838966967659295
333.3767878851172,2.486076359921964
334.79100143422136,2.488394163651143
336.2052149827515,2.4908757149352176
337.61942853052994,2.493552050287173
339.0336420773231,2.496461296719941
340.4478556228175,2.499651014153933
341.8620691665825,2.5031815822994425
343.27628270801114,2.50713124203791
344.6904962462205,2.511603860974798
346.10470977987836,2.516741396433659
347.51892330688145,2.5227449272858777
348.9331368237159,2.5299124549952285
350.34735032406314,2.5387126437888465
351.7615637953598,2.549945681964701
353.17577720865984,2.565156896190577
354.58999047870276,2.5880385158960157
356.00420316254093,2.6335811185222866
356.35775557307477,2.660306648053699
356.48036633574674,2.6799972250067077
356.50109898017683,2.6868193763132404
356.50828832108203,2.6906051224726735
356.5132731421962,2.695544563904506
356.51370449606395,2.696573838906696
356.5138532749126,2.6971344856536414
356.51395734094325,2.6978782230980105
356.51396551022833,2.6980282264628155
356.51396971475083,2.6981837614956725
356.51396999976276,2.6982386478134117
356.51396687134803,2.6984118872973366
356.51395786039893,2.6985973904261007
356.5139439864731,2.6987589502335547
356.513924077438,2.6989334680435366
356.51389447476834,2.699130648893421
356.5138508360049,2.6993595103057144
356.51378672167897,2.6996279589435357
356.5136951666268,2.6999411775281454
356.51356456593334,2.7003079839612267
356.5133784146271,2.700740192376869
356.5131132144995,2.7012516484757727
356.5127355193755,2.701858737853063
356.51219772627996,2.702580972318729
356.5114320850115,2.703441682187697
356.5103421723134,2.7044688502649596
356.50879075775146,2.7056961280592406
356.50658253432397,2.707164083854975
356.50343954059326,2.7089217448735616
356.4989661814109,2.7110285130935927
356.49259944537624,2.713556556813196
356.4835380542946,2.716593809168474
356.47064162866207,2.7202477414755903
356.4522871799628,2.724650124473329
