Re,shear
239.00685519158483,2.6518934250356896
239.49730168818547,2.6060487592807124
240.20440727560518,2.5779836941133984
241.61861978789582,2.549397484508055
243.03283277516942,2.5342644911690053
244.4470459514738,2.5253584021130577
245.86125922746243,2.5200969679027967
247.27547256421985,2.5172321807131777
248.68968594039865,2.516060429583233
248.77683364450374,2.5160328519662176
250.19104705210577,2.5161842323393877
251.60526048074374,2.5172876786115106
253.0194739255975,2.5191456491630584
254.4336873832937,2.5216150975934517
255.84790085138513,2.5245894351555407
257.26211432804354,2.5279874126393116
258.67632781173415,2.531745958898132
259.58809947339876,2.5343366709877957
261.00231296673695,2.5385850338823026
262.4165264648037,2.543083431103005
263.83073996697857,2.547804142171774
265.2449534727478,2.5527246928184493
266.659166981681,2.557826826428459
268.0733804934134,2.5630957253548425
269.487594007633,2.5685194132929903
270.90180752406985,2.574088291120055
272.31602104248867,2.579794772663935
273.7302345626822,2.585632996385212
275.1444480844665,2.5915985955242817
276.55866160767687,2.597688513875302
277.9728751321646,2.6039008576385934
279.3870886577942,2.6102347761864486
280.8013021844414,2.6166903663313894
282.2155157119909,2.6232685959969135
283.62972924033505,2.62997124418717
285.0439427693722,2.636800854924046
286.45815629900574,2.643760703431772
287.87236982914277,2.650854773347378
289.28658335969317,2.6580877441557265
290.7007968905687,2.6654649884164328
292.11501042168203,2.672992578692383
293.52922395294576,2.680677304421483
294.94343748427167,2.6885266993182926
296.35765101556973,2.696549080266429
297.771864546747,2.7047535990917675
299.18607807770667,2.713150309116232
300.60029160834665,2.721750249018908
302.0145051385583,2.7305655473232937
303.42871866822475,2.7396095518510237
304.84293219721866,2.7488969898266173
306.25714572540016,2.758444166117197
307.6713592526137,2.7682692095377863
309.08557277868425,2.7783923805369937
310.4997863034128,2.7888364583348246
311.91399982657015,2.799627232392054
313.3282133478891,2.810794133018808
314.742426867054,2.822371050713363
316.15664038368635,2.834397416346418
317.57085389732543,2.8469196495175284
318.9850674074006,2.859993139076613
320.3992809131912,2.873685014062937
321.8134944137671,2.888078126218657
323.22770790789673,2.903276959611648
324.6419213938999,2.9194167437704426
326.0561348694008,2.9366781857876108
327.47034833089015,2.9553127398227277
328.8845617729005,2.975689411828954
330.2987751863715,2.998390973077136
331.7129885522771,3.0244437847491525
332.81397850632266,3.048347540245355
333.58758014918885,3.0682885436528355
334.1311450352145,3.084923829695556
334.51307644890227,3.0988048131243824
334.7814374064464,3.1103917833120014
334.9699989985722,3.1200679174178743
335.102490209845,3.128151818747722
335.1955840199284,3.1349083209109536
335.26099556354706,3.140557612463081
335.30695638566135,3.1452828584332764
335.3392503149744,3.149236528183043
335.3619413120966,3.152545633206703
335.3778848861874,3.155316057254563
335.3890874377329,3.157636135638441
335.3969587478483,3.15957961555162
335.4024893878481,3.1612081068450526
335.4063753746455,3.1625731134412183
335.40910575885835,3.163717719455738
335.4110241678771,3.1646779908364016
335.4123720485935,3.1654841424800404
335.4133190515374,3.1661615120742392
335.41398438001846,3.1667313750112767
335.4144517908874,3.1672116293557826
335.4147801346351,3.1676173764030366
335.41501076066305,3.1679614195988446
335.4151727251294,3.1682535895675548
335.4152835074873,3.1684984922846264
335.41535925182365,3.168703866631697
335.415411001689,3.168877940467374
335.41544773286626,3.1690323417613873
335.4155068045985,3.1695958013497227
335.4154901300085,3.169894109395372
335.41546400686707,3.1700750480149904
335.41538959187875,3.170391331043167
335.4151791407936,3.1709230479946138
335.4101931331292,3.174936263134058
335.4030030213405,3.177782073138278
335.2329165222049,3.200684332186284
334.9876924440469,3.216956176306627
334.2805863276291,3.2460172229597517
332.8663733899639,3.282596844402203
331.4521602069413,3.3089423036601984
330.03794692448275,3.3302925473018514
328.6237335891329,3.3485059256047136
327.69953492538247,3.359171901709006
326.2853215384924,3.374023333520303
324.87110813274404,3.38743584343988
323.45689471292843,3.399680355465543
322.04268128227864,3.4109513061408627
320.6284678430896,3.4213944704931065
319.2142543970581,3.4311230301296893
317.80004094548235,3.4402274490467537
316.38582748938563,3.448781853861721
314.9716140295965,3.456848328413516
313.5574005668024,3.464479906252338
312.14318710158767,3.471722718678561
310.72897363446015,3.4786175768385457
309.3147601658714,3.485201163059822
307.90054669623186,3.49150694433897
306.48633322592275,3.497565881655166
305.07211975530583,3.5034069827062884
303.6579062847314,3.5090577270320686
302.243692814545,3.514544377687382
300.8294793450935,3.519892180093726
299.41526587672985,3.5251254342552625
298.0010524098174,3.530267408986431
296.58683894473256,3.5353400436549935
295.1726254818657,3.5403633512078456
293.75841202161905,3.545354392620773
292.34419856439996,3.5503256347517165
290.9299851106066,3.5552824317147222
289.51577166060275,3.56021929543379
288.10155821467737,3.565114579246367
286.687344773266,3.569923272386075
285.9321124683647,3.5724305956536284
284.51789903294883,3.5769416890390366
283.10368560100363,3.5810844654757914
281.6894721715972,3.5846592978880674
280.2752587434863,3.5874157637220296
278.86104531532794,3.5890686532829563
277.44683188600027,3.589327606208654
276.03261845490846,3.587933042801085
274.6184050221351,3.5846858070487335
273.2041915883876,3.579460405291779
271.7899781548109,3.5722003936459203
270.3757647227777,3.5629021617872176
268.96155129373017,3.5515953564261773
267.54733786909424,3.538325675841568
266.1331244502532,3.523142267911153
264.7189110385589,3.5060895985954033
263.30469763536354,3.487202680217437
261.89048424206334,3.466504427734558
260.47627086014916,3.4440041263055114
259.0620574912666,3.419696253107699
257.64784413728927,3.3935590852044033
256.233630800413,3.365552612821545
254.81941748328424,3.3356152565141604
253.40520418918274,3.3036587390824623
251.99099092229181,3.269560132601419
250.57677768811666,3.2331494514802057
249.16256449415923,3.194189880031276
247.74835135106238,3.152345054712051
246.33413827466154,3.107121805598199
244.919925289888,3.0577616229975657
243.50571244003828,3.0030100931015102
242.16434566938415,2.94400258480833
241.19738601849411,2.8948934720015544
240.500327703553,2.8539121670877456
240.0105455947335,2.820442468220049
239.79765259056177,2.8039739935099055
239.54313126063374,2.7818712808223465
239.3642941297105,2.7638944576499336
239.2386358879832,2.7492375052726317
239.15034336147852,2.73725550192331
239.08830555143848,2.7274336700023456
239.04471540454003,2.7193612509390945
239.01408735802232,2.7127100584257753
238.9925670257025,2.7072172237305945
238.97744615443168,2.7026715042272924
238.96682181217002,2.6989025116657377
238.95935691924603,2.69577227432778
238.95411198758705,2.693168635015917
238.95042689365798,2.6910000792139996
238.94783780718348,2.689191671843713
238.94601882180174,2.6876818520253973
238.9447409423367,2.686419892484613
238.94384326756656,2.685363875114062
238.94321274207226,2.6844790687779008
238.94276992909985,2.6837366216848144
238.94245901407015,2.683112500417774
238.9422407807663,2.6825866221716756
238.94208767632958,2.6821421370005143
238.94198034407577,2.681764822798329
238.9419051879056,2.68144255633018
238.94185266198014,2.6811648137471957
238.94181607061222,2.6809221146910396
238.9417907248335,2.680705153639328
238.94177327456254,2.6805015013838593
238.94176079568155,2.680267000086582
238.9417565215133,2.6800266626173728
238.9417575841869,2.6799016453812685
238.94176487547543,2.6796915928231533
238.94196928486272,2.678341269104682
238.9425672074507,2.6767454354798805
238.94602371527137,2.6725510162293658
238.9510096422267,2.6690830752384103
238.96538897485974,2.662731315684421
239.00685520115843,2.651893423073409
239.49730169775918,2.6060487587510512
240.20440728517892,2.577983693831939
241.61861979746956,2.549397484373602
243.03283278474316,2.5342644910918377
244.44704596104754,2.52535840206699
245.86125923703617,2.5200969678763085
247.2754725737936,2.517232180700134
248.6896859499724,2.516060429579949
248.77683365407748,2.5160328519634434
250.1910470616795,2.5161842323438943
251.60526049031748,2.51728767862172
253.01947393517125,2.519145649177837
254.43368739286743,2.5216150976119867
255.84790086095887,2.524589435177192
257.2621143376173,2.5279874126636033
258.6763278213079,2.531745958923528
259.5880965326932,2.5343366624362256
261.0023100260314,2.5385850247776824
262.4165235240982,2.5430834215093077
263.830737026273,2.547804132140798
265.24495053204225,2.5527246823922205
266.65916404097544,2.5578268156411124
268.0733775527079,2.563095714234092
269.48759106692745,2.5685194018610984
270.9018045833643,2.5740882793947923
272.3160181017831,2.5797947606591882
273.7302316219766,2.5856329841115544
275.1444451437609,2.591598582989352
276.55865866697127,2.597688501084202
277.972872191459,2.6039008445941594
279.3870857170886,2.6102347628894247
280.8012992437358,2.6166903527806555
282.2155127712853,2.623268582189583
283.62972629962945,2.629971230118744
285.0439398286666,2.6368008405884575
286.45815335830014,2.643760688821466
287.87236688843717,2.650854758453356
289.28658041898757,2.658087728967523
290.7007939498631,2.665464972922149
292.11500748097643,2.6729925628786653
293.52922101224016,2.680677288273454
294.94343454356607,2.6885266828194805
296.35764807486413,2.696549063398705
297.7718616060414,2.704753581835176
299.18607513700107,2.7131502914488728
300.60028866764105,2.7217502309167543
302.0145021978527,2.7305655287598958
303.42871572751915,2.739609532797245
304.8429292565131,2.7488969702502875
306.2571427846946,2.758444145982595
307.67135631190814,2.768269188805136
309.0855698379787,2.778392359161686
310.49978336270726,2.7888364362665476
311.9139968858646,2.7996272095736487
313.3282104071836,2.8107941093847515
314.74242392634847,2.822371026187883
316.1566374429808,2.83439739084079
317.5708509566199,2.8469196229267615
318.98506446669506,2.8599931112744135
320.39927797248566,2.873684984895023
321.81349147306156,2.888078095492785
323.2277049671912,2.9032769270824472
324.64191845319436,2.919416709115941
326.0561319286953,2.9366781485698246
327.47034539018466,2.955312699418491
328.88455883219507,2.975689367295871
330.2987722456661,2.998390922862498
331.71298561157187,3.024443725935258
332.8139755656176,3.048347470410081
333.5875772084841,3.068288460744085
334.13114209451015,3.0849237312508304
334.5130735081985,3.098804696194842
334.7814344657434,3.110391644370484
334.96999605787033,3.120067752249754
335.10248726914483,3.128151622318511
335.19558107923064,3.1349080872087685
335.26099262285277,3.14055733431026
335.30695344497195,3.145282527258902
335.339247374292,3.149236133755148
335.3619383714242,3.1525451633034884
335.3778819455292,3.155315497277684
335.389084497095,3.1576354681387304
335.3969558072394,3.1595788196593864
335.4024864472806,3.161207157575934
335.40637243413704,3.162571980838774
335.40910281843423,3.163716367527502
335.41102122757366,3.1646763762139907
335.41236910846294,3.1654822126853075
335.413316111655,3.1661592032441614
335.4139814404935,3.166728608766087
335.4144488518799,3.1672083083839473
335.4147771963818,3.167613377843248
335.4150078235468,3.167956584716868
335.4151697895686,3.168247754014603
335.4152805743637,3.168491382561485
335.4153563222967,3.168695149998321
335.4154080782196,3.1688670786560693
335.41544479572303,3.169018541732828
335.4155068047188,3.1695958013532217
335.4154901301204,3.1698941083956886
335.4154640069809,3.1700750473752928
335.4153895919934,3.1703913306576155
335.4151791409084,3.1709230477625416
335.4101931332441,3.1749362630761153
335.4030030214554,3.1777820731012665
335.2329165223198,3.200684332176677
334.9876924441618,3.216956176300484
334.280586327744,3.246017222956132
332.86637339007876,3.28259684439973
331.4521602070562,3.308942303658309
330.03794692459763,3.3302925473002962
328.62373358924776,3.348505925603355
327.69953492549735,3.3591719017077297
326.28532153860726,3.3740233335191663
324.8711081328589,3.3874358434388285
323.4568947130433,3.3996803554645885
322.0426812823935,3.4109513061399626
320.6284678432045,3.4213944704922583
319.21425439717297,3.4311230301289415
317.80004094559723,3.440227449046069
316.3858274895005,3.448781853861058
314.97161402971136,3.456848328412875
313.5574005669173,3.464479906251721
312.14318710170255,3.4717227186779778
310.728973634575,3.478617576837988
309.3147601659863,3.485201163059273
307.90054669634674,3.491506944338492
306.48633322603763,3.497565881654669
305.0721197554207,3.5034069827058265
303.65790628484626,3.509057727031641
302.2436928146599,3.5145443776869234
300.82947934520837,3.519892180093312
299.4152658768447,3.5251254342548553
298.0010524099323,3.530267408985995
296.58683894484744,3.5353400436546063
295.17262548198056,3.5403633512074553
293.75841202173393,3.545354392620369
292.34419856451484,3.5503256347513172
290.9299851107215,3.5552824317143155
289.51577166071763,3.5602192954333627
288.10155821479225,3.5651145792459547
286.68734477338086,3.5699232723856817
285.9321124684796,3.57243059565326
284.5178990330637,3.5769416890386703
283.1036856011185,3.5810844654755227
281.68947217171205,3.584659297887815
280.27525874360117,3.587415763721859
278.8610453154428,3.5890686532828595
277.44683188611515,3.5893276062086876
276.03261845502334,3.587933042801242
274.61840502225,3.5846858070490653
273.20419158850245,3.5794604052923154
271.7899781549258,3.572200393646596
270.3757647228926,3.562902161788065
268.96155129384505,3.5515953564271787
267.5473378692091,3.53832567584271
266.1331244503681,3.523142267912453
264.71891103867375,3.5060895985968537
263.3046976354784,3.4872026802190472
261.8904842421782,3.4665044277363193
260.47627086026404,3.4440041263074104
259.0620574913815,3.4196962531097492
257.64784413740415,3.3935590852065993
256.23363080052786,3.3655526128239033
254.81941748339915,3.3356152565166775
253.40520418929765,3.303658739085144
251.99099092240672,3.2695601326042785
250.57677768823157,3.233149451483239
249.16256449427414,3.1941898800345645
247.7483513511773,3.152345054715582
246.33413827477645,3.107121805602034
244.9199252900029,3.0577616230017544
243.5057124401532,3.0030100931062416
242.16434566949906,2.944002584813769
241.19738601860902,2.894893472007843
240.50032770366792,2.853912167095044
240.0105455948484,2.820442468228565
239.79765259067668,2.8039739935192562
239.54313126074865,2.7818712808331334
239.3642941298254,2.763894457662453
239.23863588809812,2.749237505287179
239.15034336159343,2.737255501940207
239.0883055515534,2.7274336700221475
239.04471540465494,2.7193612509622374
239.01408735813723,2.712710058452985
238.9925670258174,2.7072172237623384
238.97744615454658,2.7026715042648832
238.96682181228493,2.6989025117106706
238.95935691936094,2.695772274380321
238.95411198770196,2.6931686350782806
238.95042689377289,2.691000079288422
238.94783780729836,2.6891916719312228
238.9460188219166,2.6876818521292973
238.94474094245152,2.6864198926082565
238.94384326768136,2.685363875261813
238.943212742187,2.6844790689550875
238.94276992921453,2.6837366218957777
238.94245901418475,2.6831125006696697
238.94224078088078,2.6825866224758514
238.94208767644386,2.68214213736807
238.94198034418977,2.6817648232436397
238.94190518801918,2.6814425568738445
238.94185266209303,2.681164814419258
238.94181607072417,2.6809221155324283
238.94179072494376,2.6807051547370877
238.94177327465556,2.6805015027004293
238.94176079547555,2.68026699438896
238.94175652191882,2.680026662624295
238.94175758498716,2.6799016050409925
238.94176487646152,2.679691573115266
238.94196928590455,2.678341264990303
238.942567208496,2.676745433375091
238.94602371631785,2.672551015324207
238.95100964327338,2.669083074630816
238.9653889759065,2.662731315312974
239.0068552022052,2.651893422858577
239.49730169880596,2.606048758693153
240.2044072862257,2.577983693801183
241.61861979851633,2.549397484358905
243.03283278578994,2.534264491083399
244.4470459620943,2.525358402061941
245.86125923808294,2.520096967873412
247.27547257484036,2.5172321806986995
248.68968595101916,2.516060429579595
248.77683365512425,2.516032851963148
250.19104706272628,2.516184232344388
251.60526049136425,2.517287678622842
253.01947393621802,2.519145649179463
254.4336873939142,2.521615097614008
255.84790086200564,2.524589435179555
257.26211433866405,2.52798741266625
258.67632782235466,2.531745958929189
259.5881036565571,2.534336683152432
261.0023171498953,2.538585046833634
262.4165306479621,2.543083444750036
263.8307441501369,2.5478041564408676
265.24495765590615,2.5527247076497863
266.65917116483934,2.5578268417734407
268.07338467657183,2.563095741174136
269.4875981907914,2.5685194295548666
270.9018117072283,2.5740883077992636
272.31602522564714,2.5797947897407054
273.73023874584067,2.5856330138445296
275.14445226762496,2.5915986133552344
276.55866579083533,2.5976885320706486
277.9728793153231,2.603900876194311
279.3870928409528,2.6102347951014835
280.8013063676,2.6166903856073347
282.2155198951495,2.6232686156378677
283.62973342349363,2.6299712641995345
285.0439469525308,2.6368008753164687
286.4581604821643,2.643760724214956
287.87237401230135,2.650854794534167
289.2865875428518,2.6580877657609747
290.70080107372735,2.66546501045706
292.11501460484067,2.672992601187401
293.5292281361044,2.6806773273920834
294.9434416674303,2.6885267227878784
296.35765519872837,2.6965491042608045
297.77186872990563,2.704753623639304
299.1860822608653,2.7131503342480703
300.6002957915053,2.7217502747692572
302.01450932171696,2.7305655737297716
303.4287228513834,2.7396095789550565
304.8429363803773,2.748897017673984
306.2571499085588,2.7584441947587144
307.6713634357723,2.7682692390300403
309.0855769618429,2.7783924109434333
310.4997904865714,2.788836489726989
311.9140040097287,2.799627264851279
313.3282175310477,2.810794166638275
314.74243105021253,2.8223710856009223
316.1566445668449,2.834397452628181
317.57085808048396,2.8469196873429565
318.98507159055913,2.85999317862529
320.39928509634973,2.8736850555543008
321.8134985969256,2.8880781699262768
323.2277120910552,2.903277005884467
324.6419255770583,2.919416793066552
326.0561390525592,2.936678238729943
327.4703525140485,2.9553127972978177
328.8845659560588,2.9756894751773473
330.29877936952965,2.99839104450754
331.71299273543514,3.024443868412077
332.81398268948044,3.048347639586301
333.58758433234624,3.0682886615906613
334.1311492183713,3.0849239697333384
334.5130806320583,3.098804979457281
334.78144158960123,3.1103919809570515
334.97000318172536,3.1200681523706195
335.10249439299577,3.128152098170163
335.1955882030758,3.134908653355218
335.2609997466896,3.1405580081410887
335.3069605687969,3.1452833295367117
335.3392544981,3.149237089271425
335.361945495208,3.1525463016666424
335.3778890692786,3.155316853860298
335.38909162079517,3.157637085221517
335.39696293086934,3.1595807478157507
335.4024935708103,3.161209457364851
335.4063795575236,3.16257472488396
335.40910994161635,3.1637196431104226
335.4110283504633,3.164680288551994
335.41237623093355,3.1654868891701913
335.4133232335237,3.166164799056204
335.4139885614947,3.1667353145891153
335.41445597162436,3.1672163614104245
335.4147843142928,3.167623078290326
335.4150149386869,3.1679683218851107
335.41517690092013,3.168261930498455
335.41528767976723,3.1685086747014455
335.4153634189178,3.168716396028566
335.4154151597938,3.1688936720529215
335.4154519143236,3.1690525539184056
335.4155068020136,3.169595801348927
335.4154901280687,3.1698941268589422
335.4154640048937,3.170075059068315
335.41538958989173,3.170391337698448
335.41517913880404,3.1709230520223763
335.4101931311382,3.174936264133515
335.40300301934946,3.1777820737886824
335.2329165202138,3.2006843323542764
334.9876924420558,3.216956176415287
334.280586325638,3.2460172230251674
332.86637338797277,3.2825968444443894
331.4521602049502,3.308942303693178
330.03794692249164,3.330292547329443
328.62373358714177,3.3485059256286536
327.69953496553825,3.35917190126354
326.28532157864817,3.374023333120532
324.8711081728998,3.3874358430766707
323.4568947530842,3.3996803551324812
322.0426813224344,3.41095130583317
320.6284678832454,3.4213944702071832
319.21425443721387,3.431123029862698
317.80004098563813,3.440227448796412
316.3858275295415,3.4487818536260275
314.9716140697523,3.456848328190888
313.55740060695825,3.4644799060413636
312.1431871417435,3.471722718478021
310.728973674616,3.4786175766473435
309.31476020602724,3.4852011628769546
307.9005467363877,3.491506944163576
306.4863332660786,3.4975658814863237
305.0721197954617,3.5034069825432703
303.6579063248872,3.509057726874084
302.24369285470084,3.514544377533685
300.82947938524933,3.519892179943632
299.4152659168857,3.525125434108084
298.00105244997326,3.530267408841519
296.5868389848884,3.535340043511754
295.1726255220215,3.5403633510657557
293.7584120617749,3.5453543924793847
292.3441986045558,3.5503256346107914
290.92998515076243,3.5552824315742018
289.5157717007586,3.5602192952940426
288.1015582548332,3.5651145791083234
286.6873448134218,3.569923272251408
285.9321124663737,3.5724305956601823
284.51789903095784,3.5769416890451646
283.10368559901264,3.5810844654812986
281.6894721696062,3.5846592978925966
280.2752587414953,3.5874157637252324
278.86104531333694,3.5890686532843548
277.44683188400927,3.589327606207909
276.03261845291746,3.5879330427978604
274.6184050201441,3.5846858070427765
273.2041915863966,3.5794604052830206
271.7899781528199,3.572200393634269
270.3757647207867,3.5629021617727092
268.96155129173917,3.5515953564088703
267.54733786710324,3.538325675821517
266.1331244482622,3.523142267888442
264.7189110365679,3.5060895985700906
263.30469763337254,3.4872026801895735
261.89048424007234,3.466504427704147
260.47627085815816,3.444004126272567
259.0620574892756,3.4196962530722086
257.64784413529827,3.3935590851663067
256.233630798422,3.3655526127807827
254.81941748129324,3.335615256470612
253.40520418719174,3.303658739036
251.99099092030082,3.2695601325518298
250.57677768612567,3.2331494514272006
249.16256449216823,3.1941898799744957
247.74835134907138,3.1523450546508953
246.33413827267054,3.107121805531838
244.919925287897,3.057761622924646
243.50571243804728,3.0030100930197365
242.16434566739315,2.9440025847139353
241.19738601650312,2.8948934718924715
240.50032770156201,2.8539121669611482
240.0105455927425,2.820442468072624
239.79765258857077,2.8039739933485612
239.54313125864275,2.7818712806357353
239.3642941277195,2.7638944574337874
239.2386358859922,2.7492375050213917
239.15034335948752,2.7372555016305755
239.08830554944748,2.7274336696604893
239.04471540254906,2.7193612505385083
239.01408735603138,2.712710057955487
238.9925670237116,2.7072172231771416
238.9774461524408,2.702671503574852
238.96682181017917,2.698902510895717
238.95935691725523,2.6957722734162397
238.95411198559634,2.693168633936455
238.95042689166738,2.6910000779335315
238.94783780519305,2.6891916703223906
238.94601881981157,2.687681850217017
238.9447409403469,2.686419890331698
238.94384326557727,2.685363872549016
238.9432127400837,2.684479065716402
238.94276992711238,2.683736618026056
238.9424590120842,2.683112496035447
238.9422407787826,2.682586616907451
238.94208767434915,2.6821421306551594
238.9419803421002,2.681764815105625
238.94190518593732,2.6814425469394023
238.941852660023,2.6811648021464674
238.94181606867244,2.680922100089804
238.94179072291942,2.680705134643192
238.9417732727245,2.6805014753330463
238.9417607954708,2.6802669942472654
238.9417565194422,2.6800266625735896
238.94175758010746,2.679901850407373
238.94176487045314,2.6796916932179293
238.94196927955653,2.6783412900616383
238.94256720212684,2.6767454461941087
238.9460237099414,2.6725510208405288
238.95100963689572,2.6690830783326693
238.96538896952828,2.6627313175765828
239.00685519582683,2.6518934241662313
239.49730169242753,2.606048759046029
240.20440727984723,2.5779836939886858
241.61861979213788,2.5493974844484852
243.03283277941148,2.534264491134815
244.44704595571585,2.5253584020926336
245.86125923170448,2.52009696789106
247.2754725684619,2.5172321807073996
248.6896859446407,2.5160604295817874
248.7768336487458,2.516032851964996
250.19104705634783,2.516184232341392
251.6052604849858,2.517287678616033
253.01947392983956,2.5191456491696007
254.43368738753574,2.5216150976016625
255.8479008556272,2.524589435165135
257.2621143322856,2.5279874126500665
258.6763278159762,2.5317459589098905
259.5880994776408,2.5343366710001263
261.002312970979,2.5385850338954343
262.4165264690458,2.543083431116827
263.8307399712206,2.547804142186245
265.24495347698985,2.552724692833494
266.65916698592304,2.557826826444005
268.0733804976555,2.5630957253708875
269.48759401187505,2.568519413309482
270.9018075283119,2.5740882911369694
272.3160210467307,2.5797947726812485
273.73023456692425,2.585632996402921
275.14444808870854,2.5915985955423664
276.5586616119189,2.5976885138937464
277.9728751364066,2.603900857657405
279.38708866203626,2.610234776205626
280.80130218868345,2.616690366350935
282.21551571623297,2.623268596016838
283.6297292445771,2.629971244207466
285.0439427736143,2.63680085494474
286.4581563032478,2.643760703452835
287.8723698333848,2.6508547733688674
289.2865833639352,2.6580877441776325
290.70079689481076,2.6654649884387798
292.1150104259241,2.672992578715191
293.5292239571878,2.6806773044447816
294.9434374885137,2.6885266993420855
296.3576510198118,2.69654908029075
297.77186455098905,2.7047535991166543
299.1860780819487,2.713150309141718
300.6002916125887,2.72175024904502
302.0145051428004,2.730565547350069
303.4287186724668,2.7396095518785177
304.8429322014607,2.7488969898548588
306.2571457296422,2.7584441661462384
307.67135925685574,2.7682692095676926
309.0855727829263,2.778392380567835
310.49978630765486,2.7888364583666743
311.9139998308122,2.7996272324249682
313.3282133521312,2.810794133052899
314.74242687129606,2.822371050748733
316.1566403879284,2.8343974163832093
317.5708539015675,2.8469196495558995
318.98506741164266,2.8599931391167015
320.39928091743326,2.8736850141050043
321.81349441800916,2.888078126262977
323.2277079121388,2.903276959658562
324.64192139814196,2.91941674382044
326.05613487364286,2.9366781858412905
327.4703483351322,2.9553127398810233
328.88456177714255,2.9756894118931916
330.2987751906135,2.9983909731495455
331.7129885565192,3.02444378483398
332.8139785105647,3.0483475403461284
333.5875801534309,3.0682885437724043
334.13114503945656,3.0849238298375234
334.5130764531443,3.098804813293098
334.78143741068845,3.110391783512435
334.96999900281423,3.1200679176560784
335.102490214087,3.12815181903111
335.19558402417044,3.1349083212480497
335.2609955677891,3.1405576128645025
335.3069563899034,3.1452828589111386
335.33925031921643,3.1492365287521933
335.36194131633863,3.152545633884387
335.37788489042947,3.1553160580622106
335.3890874419749,3.1576361366015235
335.39695875209026,3.1595796166990437
335.40248939209,3.1612081082135255
335.4063753788873,3.1625731150743763
335.40910576309994,3.1637177214059067
335.4110241721185,3.1646779931665265
335.4123720528347,3.1654841452630875
335.41331905577823,3.1661615154045304
335.4139843842587,3.1667313790019707
335.41445179512687,3.167211634150551
335.4147801388735,3.167617382178776
335.41501076489976,3.1679614265804013
335.41517272936386,3.168253598001389
335.4152835117181,3.1684985025862926
335.4153592560495,3.168703879231292
335.41541100590615,3.1688779562990437
335.4154477370621,3.1690323621949688
335.41550680581827,3.1695958013404426
335.41549013092083,3.1698941011849655
335.41546400779526,3.170075042822993
335.4153895928133,3.170391327912957
335.4151791417293,3.170923046095605
335.4101931340656,3.174936262663889
335.40300302227695,3.1777820728321577
335.23291652314134,3.200684332107287
334.98769244498334,3.216956176255504
334.28058632856556,3.2460172229291153
332.8663733909003,3.2825968443823172
331.45216020787774,3.308942303644697
330.0379469254192,3.330292547288892
328.6237335900693,3.348505925593483
327.6995349263189,3.359171901698626
326.2853215394288,3.3740233335109693
324.8711081336805,3.387435843431394
323.45689471386487,3.3996803554577584
322.0426812832151,3.4109513061336534
320.62846784402603,3.4213944704864265
319.2142543979945,3.431123030123465
317.8000409464188,3.4402274490409264
316.38582749032213,3.448781853856232
314.971614030533,3.456848328408313
313.5574005677389,3.4644799062474023
312.14318710252417,3.4717227186738744
310.72897363539664,3.4786175768340795
309.3147601668079,3.4852011630555753
307.90054669716835,3.4915069443348923
306.48633322685924,3.4975658816512216
305.07211975624233,3.5034069827024825
303.6579062856679,3.5090577270283863
302.2436928154815,3.5145443776837926
300.82947934603,3.5198921800902285
299.41526587766634,3.5251254342518443
298.0010524107539,3.530267408983061
296.58683894566906,3.535340043651653
295.1726254828022,3.540363351204535
293.75841202255555,3.5453543926174733
292.34419856533646,3.550325634748427
290.9299851115431,3.5552824317114595
289.51577166153925,3.5602192954305103
288.10155821561386,3.565114579243112
286.6873447742025,3.5699232723829217
285.9321124693012,3.5724305956505735
284.5178990338853,3.5769416890361696
283.10368560194013,3.5810844654732206
281.68947217253367,3.584659297885964
280.2752587444228,3.587415763720556
278.86104531626444,3.589068653282299
277.44683188693676,3.5893276062090087
276.03261845584495,3.587933042802613
274.6184050230716,3.5846858070515077
273.20419158932407,3.579460405295942
271.7899781557474,3.572200393651397
270.3757647237142,3.562902161794038
268.96155129466666,3.5515953564343246
267.54733787003073,3.538325675850977
266.1331244511897,3.5231422679218403
264.71891103949537,3.506089598607305
263.30469763630003,3.4872026802305545
261.89048424299983,3.466504427748857
260.47627086108565,3.444004126321001
259.0620574922031,3.419696253124401
257.64784413822576,3.393559085222332
256.2336308013495,3.365552612840724
254.81941748422074,3.335615256534629
253.40520419011924,3.303658739104322
251.9909909232283,3.269560132624738
250.57677768905316,3.2331494515051316
249.16256449509572,3.1941898800579995
247.74835135199888,3.152345054740792
246.33413827559804,3.107121805629418
244.9199252908245,3.0577616230318454
243.50571244097478,3.00301009313999
242.16434567032064,2.9440025848527465
241.1973860194306,2.894893472052873
240.5003277044895,2.8539121671472785
240.01054559566998,2.820442468289394
239.79765259149826,2.8039739935857986
239.54313126157024,2.781871280910134
239.36429413064698,2.763894457751695
239.2386358889197,2.7492375053908953
239.15034336241501,2.7372555020610205
239.08830555237498,2.727433670163233
239.04471540547652,2.7193612511274656
239.01408735895882,2.7127100586470556
238.992567026639,2.7072172239906553
238.97744615536814,2.7026715045342184
238.96682181310646,2.698902512028548
238.95935692018244,2.6957722747564317
238.95411198852344,2.6931686355238593
238.9504268945943,2.6910000798166855
238.94783780811971,2.6891916725591978
238.94601882273787,2.687681852876028
238.94474094327265,2.6864198934969283
238.9438432685023,2.6853638763210115
238.94321274300765,2.684479070217866
238.94276993003476,2.6837366234063573
238.94245901500432,2.683112502478723
238.9422407816994,2.6825866246485806
238.94208767726113,2.6821421399863032
238.94198034500505,2.6817648264153617
238.9419051888314,2.6814425607509653
238.9418526629007,2.6811648192061615
238.94181607152464,2.6809221215574652
238.9417907257338,2.6807051625718423
238.9417732754231,2.6805015135774437
238.94176079580592,2.6802670027111977
238.94175652249828,2.6800266626353366
238.9417575861463,2.679901546857301
238.9417648778882,2.679691544621724
238.94196928741178,2.678341259037984
238.94256721000824,2.6767454303328497
238.94602371783182,2.6725510140144975
238.95100964478763,2.669083073751702
238.9653889774209,2.6627313147755647
239.00685520371965,2.651893422548276
239.49730170032043,2.6060487586093446
240.20440728774017,2.577983693756626
241.6186198000308,2.54939748433763
243.03283278730441,2.5342644910711947
244.4470459636088,2.525358402054649
245.86125923959742,2.5200969678692164
247.27547257635484,2.517232180696632
248.68968595253364,2.516060429579073
248.77683365663873,2.5160328519627018
250.19104706424076,2.5161842323451014
251.60526049287873,2.5172876786244567
253.0194739377325,2.5191456491818003
254.43368739542868,2.5216150976169374
255.84790086352012,2.5245894351829907
257.2621143401785,2.5279874126700936
258.67632782386914,2.531745958932123
259.58810037061744,2.534336673596907
261.00231386395564,2.5385850366601455
262.4165273620224,2.5430834340300628
263.83074086419725,2.5478041452322535
265.2449543699665,2.552724695999527
266.65916787889967,2.557826829719703
268.0733813906321,2.5630957287478218
269.4875949048517,2.5685194167808962
270.90180842128854,2.5740882946974755
272.31602193970735,2.579794776326619
273.7302354599009,2.585633000129948
275.1444489816852,2.591598599348728
276.55866250489555,2.5976885177778986
277.97287602938326,2.60390086161849
279.3870895550129,2.6102347802434145
280.8013030816601,2.6166903704657547
282.2155166092096,2.623268600209575
283.62973013755374,2.6299712484794986
285.0439436665909,2.63680085929789
286.4581571962244,2.643760707889431
287.87237072636145,2.6508547778916
289.28658425691185,2.658087748789696
290.7007977877874,2.6654649931437775
292.1150113189007,2.6729925835171935
293.52922485016444,2.6806773093482947
294.94343838149035,2.688526704352128
296.3576519127884,2.6965490854128342
297.7718654439657,2.7047536043568026
299.18607897492535,2.7131503145065956
300.60029250556533,2.721750254541921
302.014506035777,2.730565552987052
303.42871956544343,2.7396095576643766
304.84293309443734,2.7488969957994223
306.25714662261885,2.7584441722603272
307.67136014983237,2.768269215863395
309.08557367590294,2.7783923870586715
310.4997872006315,2.7888364650679365
311.91400072378883,2.799627239354021
313.3282142451078,2.8107941402296124
314.7424277642727,2.822371058196183
316.15664128090503,2.834397424128251
317.5708547945441,2.8469196576304805
318.9850683046193,2.8599931475591407
320.3992818104099,2.873685022962144
321.8134953109858,2.8880781355932132
323.22770880511536,2.903276969536395
324.64192229111853,2.9194167543436436
326.05613576661943,2.9366781971428746
327.4703492281088,2.955312752150184
328.8845626701191,2.975689425416122
330.29877608359004,2.9983909883977837
331.7129894494957,3.024443802693467
332.81397940354117,3.0483475615524096
333.5875810464073,3.0682885689485286
334.13114593243284,3.0849238597313087
334.51307734612044,3.0988048488000617
334.7814383036643,3.1103918257035312
334.96999989578967,3.12006796781129
335.10249110706195,3.128151878679035
335.19558491714463,3.1349083922145944
335.26099646076227,3.1405576973291613
335.3069572828751,3.1452829594763414
335.33925121218596,3.1492366485262395
335.36194220930514,3.152545776578117
335.37788578339166,3.1553162281096485
335.38908833493093,3.157636339302
335.3969596450375,3.1595798583921058
335.40249028502467,3.161208396491083
335.40637627180405,3.162573459038213
335.40910665599114,3.1637181319953656
335.41102506497305,3.1646784835688853
335.4123729456367,3.1654847314448893
335.4133199485048,3.1661622168138432
335.4139852768766,3.1667322195314362
335.4144526875873,3.167212643515174
335.41478103110416,3.167618597985272
335.4150116567833,3.167962897574767
335.4151736207727,3.1682553746114395
335.4152844023817,3.168500669457012
335.41536014561234,3.1687065410269475
335.41541189358765,3.1688812863160876
335.4154486294478,3.16903661857121
335.4155068010085,3.1695958013282035
335.4154901273168,3.1698941336233046
335.41546400412875,3.1700750633565478
335.4153895891215,3.170391340272506
335.41517913803284,3.1709230535848767
335.4101931303665,3.1749362645211674
335.40300301857775,3.1777820740408638
335.2329165194421,3.200684332419456
334.9876924412841,3.2169561764573507
334.2805863248663,3.2460172230505684
332.86637338720107,3.2825968444608167
331.4521602041785,3.308942303705934
330.03794692171994,3.330292547340146
328.62373358637007,3.3485059256379177
327.69953496476654,3.359171901272102
326.28532157787646,3.3740233331282057
324.8711081721281,3.3874358430836526
323.4568947523125,3.3996803551389077
322.0426813216627,3.4109513058390744
320.6284678824737,3.421394470212652
319.21425443644216,3.4311230298678153
317.8000409848664,3.440227448801188
316.3858275287697,3.448781853630539
314.97161406898056,3.456848328195148
313.5574006061865,3.4644799060454465
312.14318714097175,3.471722718481874
310.7289736738442,3.478617576651015
309.3147602052555,3.4852011628804895
307.90054673561593,3.491506944166964
306.4863332653068,3.4975658814895985
305.0721197946899,3.5034069825463914
303.65790632411546,3.5090577268771153
302.2436928539291,3.514544377536618
300.82947938447757,3.519892179946509
299.4152659161139,3.5251254341108904
298.0010524492015,3.53026740884432
296.58683898411664,3.5353400435145153
295.17262552124976,3.540363351068492
293.7584120610031,3.5453543924821003
292.34419860378404,3.5503256346134826
290.92998514999067,3.5552824315769147
289.51577169998683,3.5602192952967284
288.10155825406144,3.5651145791109657
286.68734481265005,3.569923272254006
285.93211246560196,3.572430595662725
284.5178990301861,3.5769416890475743
283.1036855982409,3.581084465483442
281.6894721688344,3.584659297894344
280.27525874072353,3.5874157637264528
278.8610453125652,3.5890686532849143
277.4468318832375,3.589327606207612
276.0326184521457,3.5879330427965836
274.61840501937235,3.584685807040474
273.2041915856248,3.5794604052796126
271.78997815204815,3.5722003936297515
270.37576472001496,3.5629021617670724
268.9615512909674,3.5515953564021614
267.5473378663315,3.5383256758137436
266.13312444749045,3.523142267879652
264.7189110357961,3.5060895985602865
263.3046976326008,3.487202680178762
261.8904842393006,3.4665044276923664
260.4762708573864,3.4440041262598067
259.06205748850385,3.4196962530584383
257.6478441345265,3.3935590851515274
256.2336307976502,3.3655526127649713
254.81941748052148,3.3356152564537407
253.40520418641998,3.3036587390179912
251.99099091952905,3.269560132532611
250.5767776853539,3.233149451406656
249.16256449139647,3.194189879952489
247.74835134829962,3.1523450546272005
246.33413827189878,3.1071218055061296
244.91992528712524,3.057761622896394
243.50571243727552,3.0030100929880583
242.1643456666214,2.94400258467734
241.19738601573135,2.894893471850194
240.50032770079025,2.8539121669121337
240.01054559197073,2.820442468015492
239.797652587799,2.8039739932859993
239.54313125787098,2.7818712805634442
239.36429412694773,2.7638944573499233
239.23863588522045,2.749237504923964
239.15034335871576,2.737255501517083
239.08830554867572,2.727433669527839
239.0447154017773,2.7193612503832085
239.01408735525962,2.7127100577732244
238.99256702293982,2.707217222962525
238.97744615166903,2.7026715033219353
238.96682180940743,2.6989025105968167
238.95935691648353,2.6957722730628535
238.95411198482466,2.693168633517396
238.95042689089576,2.6910000774368963
238.94783780442148,2.6891916697328915
238.9460188190401,2.687681849516088
238.94474093957555,2.686419889497251
238.94384326480613,2.685363871554339
238.94321273931286,2.684479064529909
238.94276992634192,2.683736616607587
238.94245901131433,2.683112494335858
238.9422407780136,2.6825866148646433
238.9420876735814,2.6821421281954416
238.94198034133433,2.6817648121266857
238.94190518517428,2.6814425432991937
238.9418526592643,2.6811647976480906
238.94181606792046,2.6809220944289245
238.9417907221774,2.680705127278327
238.94177327201257,2.6805014652362678
238.94176079539474,2.680266992158396
238.9417565186303,2.680026662553291
238.94175757852977,2.6799019299728433
238.94176486850878,2.679691732081279
238.94196927750227,2.678341298173618
238.94256720006575,2.6767454503428993
238.94602370787794,2.672551022625469
238.95100963483188,2.669083079530334
238.96538896746424,2.66273131830925
239.00685519376276,2.6518934245892916
239.49730169036343,2.606048759160177
240.20440727778313,2.5779836940493595
241.61861979007378,2.5493974844774656
243.03283277734738,2.5342644911514487
244.44704595365175,2.525358402102572
245.86125922964038,2.52009696789678
247.2754725663978,2.5172321807102094
248.6896859425766,2.5160604295824927
248.7768336466817,2.516032851965594
250.19104705428373,2.5161842323404104
251.6052604829217,2.517287678613831
253.01947392777546,2.519145649166418
254.43368738547164,2.5216150975976683
255.8479008535631,2.5245894351604656
257.2621143302215,2.5279874126448423
258.6763278139121,2.531745958904528
259.58810040280724,2.534336673690522
261.00231389614544,2.5385850367598026
262.4165273942122,2.5430834341350854
263.83074089638706,2.547804145342055
265.2449544021563,2.5527246961136516
266.65916791108947,2.5578268298377793
268.0733814228219,2.563095728869552
269.4875949370415,2.56851941690603
270.90180845347834,2.574088294825819
272.31602197189716,2.5797947764580305
273.7302354920907,2.5856330002642958
275.144449013875,2.5915985994859447
276.55866253708535,2.5976885179179243
277.97287606157306,2.603900861761275
279.3870895872027,2.610234780388959
280.8013031138499,2.61669037061409
282.2155166413994,2.623268600360706
283.62973016974354,2.6299712486334945
285.0439436987807,2.6368008594548122
286.4581572284142,2.6437607080493484
287.87237075855126,2.650854778054632
289.28658428910165,2.6580877489559445
290.7007978199772,2.6654649933133907
292.1150113510905,2.6729925836902995
293.52922488235424,2.6806773095250556
294.94343841368016,2.6885267045327312
296.3576519449782,2.696549085597459
297.7718654761555,2.7047536045457066
299.18607900711515,2.7131503146999854
300.60029253775514,2.7217502547400843
302.0145060679668,2.730565553190247
303.42871959763323,2.739609557872962
304.84293312662714,2.7488969960137135
306.25714665480865,2.758444172480723
307.67136018202217,2.7682692160903395
309.08557370809274,2.778392387292666
310.4997872328213,2.7888364653094984
311.91400075597863,2.7996272396037947
313.3282142772976,2.8107941404883308
314.7424277964625,2.8223710584646295
316.15664131309484,2.8343974244074492
317.5708548267339,2.846919657921542
318.9850683368091,2.8599931478634675
320.3992818425997,2.8736850232814275
321.8134953431756,2.888078135929546
323.22770883730516,2.903276969892475
324.64192232330834,2.919416754722982
326.05613579880924,2.9366781975502194
327.4703492602986,2.9553127525924885
328.8845627023089,2.975689425903587
330.29877611577984,2.9983909889474285
331.71298948168544,3.0244438033372636
332.8139794357309,3.0483475623168204
333.58758107859705,3.068288569856038
334.1311459646226,3.0849238608089227
334.5130773783102,3.098804850079993
334.78143833585403,3.1103918272244133
334.9699999279794,3.120067969619192
335.1024911392517,3.128151880829248
335.1955849493343,3.1349083947728587
335.2609964929519,3.1405577003738947
335.30695731506466,3.1452829631014385
335.3392512443755,3.149236652843744
335.36194224149455,3.1525457817219924
335.3778858155809,3.1553162342396552
335.38908836711994,3.157636346608953
335.3969596772262,3.159579867105433
335.40249031721294,3.16120840688301
335.40637630399164,3.162573471436931
335.40910668817776,3.163718146796084
335.41102509715836,3.1646785012484444
335.41237297782016,3.165484752576127
335.4133199806855,3.1661622421003672
335.4139853090534,3.1667322498328274
335.4144527197584,3.1672126799068105
335.41478106326696,3.16761864182516
335.41501168893353,3.1679629506261504
335.4151736529058,3.1682554386813067
335.41528443448794,3.1685007476179723
335.4153601776788,3.168706637137074
335.415411925585,3.168881406767349
335.41544866143226,3.169036771544576
335.41550680697856,3.1695958013368095
335.415490131762,3.1698940935854414
335.4154640086511,3.1700750380288274
335.4153895936751,3.1703913250308906
335.41517914259225,3.170923044352876
335.4101931349291,3.174936262230574
335.40300302314046,3.177782072550909
335.2329165240049,3.200684332034337
334.9876924458469,3.2169561762084156
334.2805863294291,3.2460172229007864
332.8663733917639,3.282596844363974
331.4521602087413,3.3089423036304693
330.03794692628276,3.3302925472769562
328.6237335909329,3.348505925583099
327.69953492718247,3.359171901689052
326.2853215402924,3.374023333502393
324.87110813454404,3.3874358434236114
323.45689471472843,3.3996803554506037
322.04268128407864,3.4109513061270484
320.6284678448896,3.421394470480258
319.2142543988581,3.431123030117724
317.80004094728235,3.4402274490355387
316.3858274911857,3.448781853851135
314.97161403139654,3.4568483284035567
313.5574005686025,3.464479906242889
312.14318710338773,3.4717227186695525
310.7289736362602,3.478617576829964
309.31476016767147,3.4852011630516047
307.9005466980319,3.4915069443311304
306.4863332277228,3.497565881647603
305.0721197571059,3.5034069826989733
303.65790628653144,3.5090577270249983
302.24369281634506,3.514544377680475
300.82947934689355,3.5198921800870124
299.4152658785299,3.5251254342486975
298.0010524116175,3.53026740897993
296.5868389465326,3.53534004364857
295.17262548366574,3.5403633512014863
293.7584120234191,3.545354392614456
292.3441985662,3.550325634745402
290.92998511240665,3.5552824317084295
289.5157716624028,3.5602192954275207
288.10155821647743,3.565114579240183
286.68734477506604,3.5699232723800387
285.9321124701648,3.5724305956477322
284.5178990347489,3.576941689033514
283.1036856028037,3.581084465470878
281.68947217339723,3.584659297883997
280.27525874528635,3.5874157637191604
278.861045317128,3.5890686532816862
277.44683188780033,3.589327606209308
276.0326184567085,3.587933042803997
274.61840502393517,3.5846858070540883
273.20419159018763,3.579460405299767
271.78997815661097,3.5722003936564706
270.3757647245778,3.5629021618003436
268.9615512955302,3.5515953564418448
267.5473378708943,3.5383256758596713
266.13312445205327,3.5231422679316853
264.71891104035893,3.5060895986182743
263.3046976371636,3.4872026802426244
261.8904842438634,3.4665044277620596
260.4762708619492,3.4440041263352987
259.0620574930667,3.419696253139798
257.64784413908933,3.3935590852388438
256.23363080221304,3.3655526128584103
254.81941748508433,3.3356152565535235
253.40520419098283,3.3036587391244785
251.9909909240919,3.2695601326462493
250.57677768991675,3.233149451528097
249.16256449595932,3.1941898800826207
247.74835135286247,3.152345054767339
246.33413827646163,3.1071218056582226
244.9199252916881,3.0577616230634543
243.50571244183837,3.0030100931754298
242.16434567118424,2.9440025848936653
241.1973860202942,2.8948934721001347
240.5003277053531,2.8539121672021506
240.01054559653358,2.820442468353331
239.79765259236186,2.8039739936558097
239.54313126243383,2.781871280991027
239.36429413151058,2.7638944578454843
239.2386358897833,2.7492375054998517
239.1503433632786,2.7372555021879936
239.08830555323857,2.72743367031166
239.04471540634012,2.7193612513012475
239.01408735982238,2.7127100588509334
238.99256702750253,2.7072172242307264
238.97744615623168,2.70267150481705
238.96682181397,2.6989025123628814
238.95935692104595,2.6957722751517608
238.9541119893869,2.6931686359920533
238.9504268954577,2.691000080372269
238.94783780898302,2.689191673218695
238.94601882360107,2.68768185366033
238.9447409441357,2.68641989443004
238.94384326936512,2.6853638774341566
238.94321274387013,2.6844790715449967
238.94276993089676,2.6837366249933448
238.94245901586567,2.6831125043795074
238.9422407825598,2.6825866269301484
238.94208767812012,2.682142142738091
238.94198034586194,2.6817648297528756
238.94190518968517,2.681442564823649
238.94185266374956,2.6811648242424937
238.94181607236604,2.680922127889162
238.9417907265642,2.6807051708045857
238.94177327622342,2.6805015249181725
238.94176079587336,2.680267005248645
238.94175652339095,2.6800266626586895
238.9417575879557,2.67990145599999
238.94176488011527,2.679691500119943
238.9419692897647,2.678341249746304
238.942567212369,2.6767454255794316
238.9460237201953,2.672551011969983
238.95100964715158,2.6690830723798955
238.96538897978505,2.662731313936357
239.00685520608386,2.651893422063666
239.49730170268467,2.6060487584785674
240.2044072901044,2.577983693687144
241.61861980239505,2.5493974843044365
243.03283278966865,2.53426449105213
244.44704596597302,2.525358402043271
245.86125924196165,2.520096967862667
247.27547257871908,2.517232180693407
248.68968595489787,2.516060429578258
248.77683365900296,2.5160328519620174
250.191047066605,2.516184232346218
251.60526049524296,2.517287678626973
253.01947394009673,2.5191456491854565
254.4336873977929,2.5216150976215057
255.84790086588436,2.524589435188327
257.26211434254276,2.527987412676093
258.6763278262334,2.5317459589386786
259.58810037298167,2.534336673603793
261.00231386631987,2.5385850366674685
262.41652736438664,2.5430834340377784
263.8307408665615,2.5478041452403195
265.2449543723307,2.552724696007911
266.6591678812639,2.5578268297283673
268.07338139299634,2.5630957287567613
269.4875949072159,2.568519416790087
270.90180842365277,2.5740882947069026
272.3160219420716,2.5797947763362683
273.7302354622651,2.585633000139809
275.1444489840494,2.591598599358809
276.5586625072598,2.5976885177881885
277.9728760317475,2.603900861628982
279.3870895573771,2.610234780254098
280.8013030840243,2.6166903704766504
282.21551661157383,2.6232686002206744
283.62973013991797,2.6299712484908113
285.04394366895514,2.6368008593094134
286.45815719858865,2.643760707901165
287.8723707287257,2.6508547779035814
289.2865842592761,2.658087748801896
290.7007977901516,2.6654649931562355
292.11501132126494,2.672992583529904
293.52922485252867,2.6806773093612835
294.9434383838546,2.688526704365393
296.35765191515264,2.6965490854263843
297.7718654463299,2.704753604370687
299.1860789772896,2.7131503145208065
300.60029250792957,2.721750254556474
302.01450603814123,2.7305655530019797
303.42871956780766,2.7396095576797004
304.8429330968016,2.748896995815157
306.2571466249831,2.7584441722765196
307.6713601521966,2.7682692158800597
309.08557367826717,2.7783923870758596
310.4997872029957,2.78883646508568
311.91400072615306,2.7996272393723687
313.32821424747203,2.81079414024863
314.7424277666369,2.8223710582158956
316.15664128326927,2.8343974241487615
317.57085479690835,2.846919657651853
318.9850683069835,2.859993147581497
320.3992818127741,2.873685022985591
321.81349531335,2.8880781356179144
323.2277088074796,2.9032769695625666
324.64192229348276,2.919416754371513
326.05613576898367,2.9366781971727622
327.470349230473,2.9553127521826594
328.88456267248336,2.975689425451917
330.2987760859543,2.998390988438135
331.7129894518599,3.024443802740734
332.8139794059054,3.0483475616085407
333.58758104877154,3.0682885690151878
334.1311459347971,3.0849238598104556
334.51307734848467,3.098804848894035
334.7814383060285,3.110391825815206
334.9699998981539,3.120067967943974
335.1024911094262,3.128151878837068
335.19558491950886,3.1349083924024512
335.2609964631265,3.14055769755274
335.3069572852393,3.145282959742429
335.3392512145502,3.149236648843187
335.3619422116693,3.1525457769557255
335.3778857857558,3.1553162285600442
335.38908833729505,3.1576363398386036
335.3969596474016,3.1595798590325943
335.40249028738873,3.1612083972545886
335.40637627416805,3.16257345994864
335.40910665835503,3.1637181330832806
335.4110250673369,3.1646784848687255
335.41237294800044,3.1654847329967124
335.41331995086836,3.1661622186705913
335.41398527923985,3.166732221756517
335.4144526899501,3.1672126461875285
335.41478103346634,3.1676186012035683
335.41501165914457,3.1679629014707116
335.4151736231327,3.168255379311329
335.4152844047398,3.168500675183835
335.41536014796765,3.168706548074335
335.4154118959378,3.168881295249918
335.4154486316682,3.169036629599689
335.415506805475,3.169595801338654
335.41549013067106,3.169894103413237
335.4154640075413,3.170075044254172
335.4153895925576,3.1703913287722068
335.4151791414733,3.1709230466207674
335.4101931338094,3.1749362627924613
335.40300302202075,3.1777820729165045
335.23291652288515,3.200684332128881
334.98769244472714,3.2169561762695222
334.28058632830937,3.246017222937535
332.8663733906441,3.2825968443877818
331.45216020762155,3.308942303649004
330.037946925163,3.330292547292471
328.6237335898131,3.3485059255965623
327.6995349260627,3.3591719017014596
326.2853215391726,3.374023333513524
324.8711081334243,3.387435843433689
323.4568947136087,3.3996803554599286
322.0426812829589,3.410951306135614
320.62846784376984,3.4213944704882477
319.21425439773833,3.4311230301251596
317.8000409461626,3.440227449042532
316.3858274900659,3.448781853857717
314.9716140302767,3.456848328409742
313.55740056748266,3.4644799062487697
312.1431871022679,3.471722718675149
310.7289736351404,3.478617576835301
309.31476016655165,3.485201163056712
307.9005466969121,3.4915069443360247
306.486333226603,3.4975658816523096
305.0721197559861,3.5034069827035106
303.6579062854116,3.509057727029399
302.24369281522524,3.514544377684771
300.82947934577373,3.5198921800911966
299.4152658774101,3.5251254342527822
298.00105241049766,3.530267408983967
296.5868389454128,3.535340043652588
295.1726254825459,3.5403633512054418
293.7584120222993,3.5453543926183895
292.3441985650802,3.5503256347493273
290.92998511128684,3.555282431712347
289.515771661283,3.5602192954313887
288.1015582153576,3.565114579244033
286.6873447739462,3.5699232723837837
285.93211246904497,3.5724305956513764
284.5178990336291,3.57694168903696
283.1036856016839,3.5810844654739444
281.6894721722774,3.584659297886543
280.27525874416654,3.5874157637209665
278.8610453160082,3.589068653282487
277.4468318866805,3.5893276062089017
276.0326184555887,3.5879330428021836
274.61840502281535,3.584685807050753
273.2041915890678,3.5794604052947925
271.78997815549116,3.5722003936499043
270.37576472345796,3.5629021617921737
268.9615512944104,3.551595356432099
267.5473378697745,3.5383256758483914
266.13312445093345,3.5231422679188977
264.7189110392391,3.5060895986040466
263.3046976360438,3.487202680226958
261.8904842427436,3.4665044277449497
260.4762708608294,3.4440041263167758
259.06205749194686,3.4196962531198265
257.6478441379695,3.3935590852174187
256.2336308010932,3.3655526128354833
254.8194174839645,3.335615256529033
253.40520418986299,3.3036587390983354
251.99099092297206,3.2695601326183588
250.5767776887969,3.2331494514982975
249.16256449483947,3.1941898800506694
247.74835135174263,3.1523450547329444
246.3341382753418,3.107121805620883
244.91992529056824,3.0577616230224454
243.50571244071853,3.0030100931294483
242.1643456700644,2.9440025848405864
241.19738601917436,2.8948934720388335
240.50032770423326,2.8539121671309617
240.01054559541373,2.820442468270391
239.797652591242,2.803973993565047
239.543131261314,2.7818712808860955
239.36429413039073,2.76389445772386
239.23863588866345,2.749237505358463
239.15034336215876,2.7372555020232987
239.08830555211873,2.7274336701193054
239.04471540522027,2.7193612510757923
239.01408735870257,2.712710058586402
238.99256702638274,2.7072172239195953
238.9774461551119,2.7026715044502305
238.9668218128502,2.6989025119293686
238.9593569199262,2.695772274639194
238.9541119882672,2.693168635384872
238.95042689433808,2.691000079652123
238.94783780786352,2.6891916723633766
238.9460188224817,2.6876818526427906
238.94474094301654,2.6864198932199086
238.94384326824624,2.6853638759909657
238.94321274275168,2.6844790698229164
238.9427699297789,2.683736622935216
238.94245901474866,2.6831125019148763
238.94224078144404,2.682586623970175
238.9420876770062,2.6821421391672304
238.94198034475076,2.681764825425654
238.9419051885781,2.681442559541374
238.94185266264876,2.6811648177152647
238.94181607127499,2.6809221196771924
238.94179072548752,2.680705160124443
238.94177327518608,2.680501510225288
238.94176079578227,2.6802670019808255
238.94175652223157,2.6800266626312608
238.94175758561454,2.679901573533387
238.9417648772338,2.6796915576892255
238.94196928672042,2.67834126176895
238.94256720931457,2.6767454317281754
238.94602371713736,2.6725510146153395
238.95100964409306,2.669083074155009
238.96538897672627,2.6627313150220178
239.006855203025,2.6518934226907698
239.49730169962575,2.606048758647786
240.20440728704548,2.577983693777065
241.61861979933613,2.5493974843473914
243.03283278660973,2.5342644910767875
244.4470459629141,2.5253584020579973
245.86125923890273,2.5200969678711376
247.27547257566016,2.517232180697576
248.68968595183895,2.5160604295793245
248.77683365594405,2.516032851962901
250.19104706354608,2.51618423234478
251.60526049218404,2.517287678623706
253.01947393703782,2.519145649180727
254.433687394734,2.5216150976155944
255.84790086282544,2.5245894351814084
257.26211433948384,2.5279874126683275
258.67632782317446,2.5317459589314586
259.5881036573769,2.534336683154808
261.0023171507151,2.5385850468361717
262.4165306487819,2.5430834447527126
263.8307441509567,2.547804156443656
265.24495765672594,2.552724707652684
266.65917116565913,2.5578268417764543
268.07338467739163,2.563095741177234
269.4875981916112,2.568519429558041
270.9018117080481,2.574088307802536
272.31602522646693,2.579794789744046
273.73023874666046,2.585633013847949
275.14445226844475,2.5915986133587285
276.55866579165513,2.5976885320742
277.9728793161429,2.603900876197951
279.3870928417726,2.6102347951051845
280.8013063684198,2.6166903856111094
282.2155198959693,2.6232686156417095
283.62973342431343,2.6299712642034665
285.0439469533506,2.6368008753204597
286.4581604829841,2.6437607242190246
287.87237401312115,2.6508547945383194
289.2865875436716,2.6580877657652096
290.70080107454714,2.665465010461384
292.11501460566046,2.6729926011918135
293.5292281369242,2.680677327396576
294.9434416682501,2.6885267227924663
296.35765519954816,2.6965491042654963
297.77186873072543,2.704753623644109
299.1860822616851,2.7131503342529895
300.6002957923251,2.7217502747743008
302.01450932253675,2.7305655737349444
303.4287228522032,2.7396095789603563
304.8429363811971,2.7488970176794476
306.2571499093786,2.7584441947643086
307.6713634365921,2.76826923903582
309.0855769626627,2.778392410949395
310.4997904873912,2.78883648973315
311.9140040105485,2.799627264857639
313.3282175318675,2.8107941666448593
314.7424310510323,2.8223710856077506
316.15664456766467,2.8343974526353026
317.57085808130375,2.8469196873503817
318.9850715913789,2.8599931786330086
320.3992850971695,2.873685055562457
321.8134985977454,2.8880781699348272
323.227712091875,2.9032770058935453
324.6419255778781,2.919416793076225
326.056139053379,2.9366782387403196
327.4703525148683,2.9553127973090842
328.8845659568786,2.975689475189789
330.29877937034945,2.9983910445215507
331.71299273625493,3.024443868428451
332.81398269030024,3.0483476396057894
333.58758433316603,3.0682886616137837
334.1311492191911,3.0849239697608652
334.5130806328781,3.098804979489934
334.781441590421,3.1103919809957685
334.97000318254516,3.1200681524167386
335.10249439381556,3.1281520982249558
335.19558820389557,3.1349086534204504
335.2609997475094,3.1405580082186693
335.3069605696167,3.145283329628924
335.3392544989198,3.1492370893812605
335.3619454960278,3.152546301797798
335.3778890700984,3.1553168540165624
335.38909162161497,3.15763708540746
335.39696293168913,3.1595807480379605
335.40249357163003,3.16120945762976
335.40637955834336,3.162574725199212
335.4091099424361,3.1637196434873704
335.411028351283,3.164680289001699
335.41237623175317,3.1654868897067376
335.4133232343433,3.1661647997029565
335.41398856231416,3.166735315364813
335.4144559724437,3.1672163623403358
335.4147843151119,3.167623079407995
335.4150149395057,3.167968323243686
335.4151769017385,3.1682619321323893
335.41528768058487,3.1685086767167623
335.41536341973443,3.1687163985052873
335.41541516060846,3.1688936751583894
335.41545191513774,3.169052557760217
335.4155068022386,3.16959580134693
335.41549012825845,3.169894125154153
335.4154640050867,3.1700750579826
335.4153895900861,3.170391337045567
335.41517913899867,3.1709230516292077
335.410193131333,3.1749362640346823
335.40300301954426,3.17778207372474
335.2329165204086,3.200684332337837
334.9876924422506,3.2169561764046732
334.2805863258328,3.246017223018759
332.8663733881676,3.2825968444403424
331.452160205145,3.308942303689977
330.03794692268644,3.33029254732672
328.6237335873366,3.348505925626306
327.69953496573305,3.3591719012613828
326.28532157884297,3.3740233331186356
324.8711081730946,3.38743584307492
323.456894753279,3.3996803551308643
322.0426813226292,3.4109513058316647
320.6284678834402,3.4213944702057613
319.21425443740867,3.4311230298614053
317.80004098583294,3.4402274487951576
316.3858275297362,3.4487818536248627
314.97161406994707,3.4568483281897833
313.557400607153,3.46447990604033
312.14318714193826,3.4717227184770207
310.72897367481073,3.4786175766464082
309.314760206222,3.4852011628761073
307.90054673658244,3.491506944162727
306.48633326627333,3.4975658814855053
305.0721197956564,3.5034069825424616
303.65790632508197,3.5090577268733134
302.2436928548956,3.514544377532916
300.8294793854441,3.5198921799428886
299.41526591708043,3.5251254341073723
298.001052450168,3.530267408840794
296.58683898508315,3.535340043511064
295.17262552221626,3.5403633510650456
293.75841206196964,3.5453543924787203
292.34419860475055,3.5503256346100995
290.9299851509572,3.5552824315735103
289.51577170095334,3.5602192952933307
288.10155825502795,3.5651145791076284
286.68734481361656,3.5699232722507577
285.93211246656847,3.572430595659548
284.5178990311526,3.5769416890445718
283.1036855992074,3.581084465480755
281.6894721698009,3.58465929789217
280.27525874169004,3.5874157637249104
278.8610453135317,3.5890686532842286
277.446831884204,3.58932760620799
276.0326184531122,3.5879330427981517
274.61840502033886,3.5846858070433485
273.2041915865913,3.5794604052838945
271.78997815301466,3.572200393635414
270.37576472098146,3.562902161774123
268.9615512919339,3.5515953564105627
267.547337867298,3.5383256758234833
266.13312444845695,3.5231422678906728
264.7189110367626,3.506089598572569
263.3046976335673,3.4872026801922935
261.8904842402671,3.4665044277071324
260.4762708583529,3.4440041262757894
259.06205748947036,3.4196962530756654
257.647844135493,3.3935590851700272
256.23363079861673,3.3655526127847657
254.819417481488,3.335615256474867
253.4052041873865,3.3036587390405376
251.99099092049556,3.2695601325566828
250.5767776863204,3.2331494514323915
249.16256449236297,3.1941898799800583
247.74835134926613,3.1523450546568887
246.3341382728653,3.1071218055383496
244.91992528809175,3.057761622931773
243.50571243824203,3.0030100930277523
242.1643456675879,2.944002584723207
241.19738601669786,2.8948934719031603
240.50032770175676,2.8539121669735104
240.01054559293738,2.8204424680869993
239.7976525449758,2.803973989815346
239.54313121504782,2.781871276550377
239.36429408412462,2.7638944526989824
239.23863584239743,2.7492374995197992
239.15034331589285,2.737255495220775
239.088305505853,2.727433662172272
239.0447153589548,2.7193612417679014
239.01408731243743,2.7127100476582644
238.9925669801181,2.7072172110609656
238.97744610884797,2.702671489289954
238.96682176658732,2.698902494023807
238.95935687366475,2.6957722534578004
238.95411194200778,2.693168610293145
238.95042684808155,2.6910000498890287
238.9478377616111,2.689191637017863
238.94601877623515,2.687681810619658
238.94474089677837,2.6864198431992383
238.94384322202006,2.685363816380531
238.9432126965427,2.6844789986870574
238.94276988359465,2.6837365379042595
238.9424589686001,2.6831124000636093
238.94224073534738,2.6825865016354644
238.94208763098555,2.682141991684846
238.94198029884276,2.6817646466867684
238.94190514283963,2.6814423412567714
238.94185261716996,2.6811645480494475
238.9418160261989,2.6809217803455825
238.9417906809845,2.680704718504602
238.94177323043616,2.6805008756710427
238.94176075479368,2.680265885830468
238.94175652036935,2.6800266625890083
238.94175758190886,2.679901759825313
238.94176487267117,2.679691648872816
238.94196928189996,2.678341280803737
238.94256720447808,2.67674544146145
238.94602371229533,2.6725510188038513
238.95100963925012,2.6690830769660376
238.96538897188287,2.6627313167411675
239.00685519818148,2.6518934236835188
239.4973016947822,2.6060487589157804
240.2044072822019,2.577983693919453
241.61861979449256,2.549397484415403
243.03283278176616,2.534264491115831
244.44704595807053,2.5253584020813005
245.86125923405916,2.5200969678845455
247.2754725708166,2.517232180704182
248.68968594699538,2.516060429580963
248.77683365110047,2.5160328519643063
250.1910470587025,2.516184232342496
251.60526048734047,2.517287678618545
253.01947393219424,2.5191456491732405
254.43368738989042,2.521615097606217
255.84790085798187,2.5245894351704585
257.2621143346403,2.5279874126560395
258.6763278183309,2.5317459589180764
259.58810377897396,2.5343366835084167
261.00231727231215,2.5385850472126434
262.4165307703789,2.5430834451494126
263.8307442725538,2.54780415685843
265.244957778323,2.5527247080838094
266.6591712872562,2.5578268422225054
268.0733847989887,2.5630957416370705
269.48759831320825,2.568519430030753
270.90181182964517,2.574088308287375
272.316025348064,2.5797947902404434
273.7302388682575,2.585633014355456
275.1444523900418,2.5915986138770393
276.5586659132522,2.5976885326031116
277.97287943773995,2.603900876737325
279.38709296336964,2.6102347956550096
280.8013064900168,2.616690386171432
282.21552001756635,2.6232686162126426
283.6297335459105,2.6299712647851927
285.04394707494765,2.636800875913229
286.45816060458117,2.6437607248231574
287.8723741347182,2.6508547951541788
289.2865876652686,2.658087766393238
290.70080119614414,2.6654650111020657
292.11501472725746,2.6729926018457046
293.5292282585212,2.6806773280643004
294.9434417898471,2.6885267234746895
296.35765532114516,2.6965491049629686
297.7718688523224,2.7047536243576666
299.1860823832821,2.713150334983533
300.6002959139221,2.721750275522807
302.01450944413375,2.7305655745025392
303.4287229738002,2.739609579748222
304.8429365027941,2.7488970184889165
306.2571500309756,2.758444195596872
307.6713635581891,2.7682692398930957
309.0855770842597,2.7783924118332486
310.4997906089882,2.78883649064566
311.9140041321455,2.7996272658011843
313.3282176534645,2.8107941676221184
314.7424311726293,2.8223710866218754
316.15664468926167,2.834397453689925
317.57085820290075,2.8469196884498906
318.9850717129759,2.8599931797826352
320.3992852187665,2.8736850567685344
321.8134987193424,2.8880781712053603
323.227712213472,2.9032770072386205
324.6419256994751,2.9194167945091776
326.056139174976,2.936678240279237
327.4703526364653,2.9553127989798096
328.8845660784756,2.9756894770312012
330.29877949194645,2.998391046597899
331.71299285785193,3.024443870860381
332.81398281189723,3.0483476424934413
333.58758445476303,3.0682886650420365
334.1311493407881,3.0849239738315193
334.513080754475,3.0988049843248517
334.78144171201797,3.110391986740964
334.97000330414204,3.1200681592463644
335.1024945154124,3.128152106347345
335.1955883254923,3.134908663084163
335.26099986910594,3.1405580197203973
335.3069606912131,3.1452833433231504
335.3392546205159,3.1492371056911743
335.36194561762346,3.1525463212290714
335.37788919169344,3.1553168771729747
335.3890917432092,3.1576371130117242
335.39696305328215,3.1595807809531165
335.40249369322134,3.1612094968906224
335.40637967993223,3.1625747720465367
335.40911006402143,3.1637196994141985
335.41102847286334,3.1646803558071412
335.41237635332635,3.1654869695764716
335.4133233559062,3.166164895295729
335.4139886838622,3.166735429962331
335.4144560939702,3.1672165000297
335.4147844366069,3.1676232453982154
335.41501506095295,3.167968524317004
335.41517702312046,3.1682621752962765
335.4152878018641,3.168508973893442
335.41536354086196,3.1687167650277983
335.4154152814676,3.1688941377158537
335.41545203653646,3.1690531555291805
335.415506808298,3.169595801349492
335.41549013272595,3.169894084911864
335.41546400963176,3.1700750325338802
335.41538959466254,3.1703913217288147
335.4151791435809,3.170923042345444
335.41019313591846,3.174936261734243
335.4030030241299,3.17778207222755
335.2329165249943,3.200684331950788
334.9876924468363,3.216956176154403
334.28058633041854,3.2460172228683284
332.8663733927533,3.2825968443430757
331.4521602097307,3.3089423036140317
330.0379469272722,3.3302925472632214
328.6237335919223,3.348505925571223
327.6995349281719,3.359171901678063
326.2853215412818,3.3740233334925467
324.87110813553346,3.3874358434146363
323.45689471571785,3.3996803554424213
322.04268128506806,3.4109513061194923
320.628467845879,3.4213944704732113
319.2142543998475,3.4311230301111593
317.80004094827177,3.440227449029374
316.38582749217505,3.4487818538453525
314.9716140323859,3.456848328398045
313.55740056959183,3.4644799062376856
312.1431871043771,3.471722718664591
310.72897363724957,3.4786175768252687
309.3147601686608,3.485201163047123
307.9005466990213,3.4915069443267903
306.48633322871217,3.4975658816434247
305.07211975809525,3.5034069826949525
303.6579062875208,3.509057727021103
302.2436928173344,3.5145443776766845
300.8294793478829,3.5198921800833074
299.41526587951927,3.525125434245068
298.00105241260684,3.5302674089763486
296.586838947522,3.5353400436450686
295.1726254846551,3.5403633511979775
293.75841202440847,3.5453543926109745
292.3441985671894,3.5503256347419403
290.929985113396,3.5552824317049594
289.5157716633922,3.5602192954240603
288.1015582174668,3.565114579236757
286.6873447760554,3.5699232723767285
285.93211247115414,3.5724305956444766
284.51789903573825,3.576941689030453
283.10368560379305,3.5810844654681326
281.6894721743866,3.5846592978817267
280.2752587462757,3.5874157637176207
278.86104531811736,3.5890686532809797
277.4468318887897,3.5893276062096957
276.0326184576979,3.587933042805615
274.6184050249245,3.5846858070570584
273.204191591177,3.5794604053041033
271.78997815760033,3.57220039366226
270.37576472556714,3.562902161807535
268.9615512965196,3.55159535645044
267.54733787188366,3.5383256758696158
266.1331244530426,3.5231422679429687
264.7189110413483,3.5060895986308407
263.30469763815296,3.4872026802564795
261.89048424485276,3.4665044277771657
260.4762708629386,3.4440041263516794
259.06205749405603,3.4196962531574373
257.6478441400787,3.3935590852577784
256.2336308032024,3.3655526128786692
254.81941748607366,3.3356152565751525
253.40520419197216,3.303658739147557
251.99099092508123,3.2695601326708803
250.57677769090608,3.2331494515544295
249.16256449694865,3.1941898801108373
247.7483513538518,3.1523450547977174
246.33413827745096,3.1071218056911936
244.91992529267742,3.0577616230996894
243.5057124428277,3.0030100932160755
242.16434567217357,2.9440025849405727
241.19738602128353,2.8948934721543353
240.50032770634243,2.8539121672650536
240.0105455975229,2.820442468426565
239.7976525933512,2.8039739937359824
239.54313126342316,2.781871281083755
239.3642941324999,2.7638944579529534
239.23863589077263,2.7492375056245875
239.15034336426794,2.7372555023334155
239.08830555422787,2.727433670481587
239.04471540732942,2.7193612515002474
239.0140873608117,2.7127100590845625
238.99256702849183,2.707217224505464
238.97744615722095,2.702671505141197
238.96682181495925,2.6989025127456525
238.95935692203517,2.6957722756048876
238.95411199037608,2.693168636529072
238.95042689644683,2.6910000810088848
238.94783780997207,2.6891916739745145
238.94601882458997,2.687681854558643
238.9447409451244,2.686419895500035
238.94384327035357,2.685363878708257
238.94321274485822,2.6844790730666452
238.94276993188433,2.6837366268112905
238.94245901685247,2.683112506558782
238.9422407835455,2.6825866295457943
238.94208767910416,2.682142145891647
238.94198034684356,2.6817648335747224
238.94190519066316,2.6814425694909434
238.941852664722,2.681164830007045
238.9418160733299,2.6809221351411257
238.94179072751518,2.6807051802420285
238.94177327713444,2.6805015378248056
238.941760795987,2.6802670079716844
238.94175652442996,2.6800266626756284
238.94175759005952,2.6799013503944815
238.94176488270452,2.6796914483924033
238.9419692925002,2.6783412389410444
238.94256721511363,2.6767454200563163
238.9460237229431,2.6725510095931515
238.95100964989987,2.6690830707847093
238.9653889825336,2.662731312960937
239.00685520883246,2.651893421500358
239.4973017054333,2.6060487583265033
240.20440729285303,2.577983693606338
241.61861980514368,2.549397484265839
243.03283279241728,2.5342644910299708
244.44704596872165,2.525358402030038
245.86125924471028,2.520096967855066
247.2754725814677,2.517232180689659
248.6896859576465,2.516060429577399
248.77683361960473,2.5160328519734305
250.19104702720676,2.5161842323276593
251.60526045584473,2.5172876785849567
253.0194739006985,2.5191456491246065
254.43368735839468,2.5216150975452516
255.84790082648612,2.524589435099231
257.26211430314453,2.5279874125761346
258.67632778683554,2.531745958859861
259.0923563142738,2.532912757782372
260.50656980578293,2.5370657327464787
261.9207833022691,2.5414799437434645
263.33499680306727,2.5461255265901723
264.74921030762937,2.5509783005259328
266.163423815498,2.5560186301918435
267.5776373262872,2.5612305685625754
268.9918508396676,2.5666012021709728
270.4060643553557,2.5721201445842015
271.82027787310466,2.5777791402896844
273.2344913926981,2.583571752039737
274.6487049139444,2.589493112168688
276.0629184366726,2.5955397236055706
277.4771319607286,2.601709300001703
278.8913454859727,2.6080006370559445
280.3055590122768,2.614413509070533
281.7197725395226,2.6209485862192445
283.1339860676,2.6276073691046014
284.5481995964054,2.6343921380231117
285.96241312584067,2.6413059150192164
287.3766266558116,2.64835243734215
288.79084018622723,2.655536141364141
290.2050537169988,2.6628621564023223
291.6192672480387,2.670336308235973
293.03348077925966,2.6779651324440312
294.4476943105739,2.6857558980263243
295.86190784189,2.6937166421330145
297.16291379989843,2.7011978372870127
298.0770551418593,2.706549001512064
298.7028364547532,2.7102588433703856
299.1312190621235,2.712820876403554
299.42447112082124,2.7145854367714697
299.6252186965917,2.7157984565393534
299.7626417358609,2.7166312373346626
299.8567155579216,2.717202454225754
299.9211143955854,2.7175940167724297
299.96519903253994,2.717862313588409
299.995377453237,2.7180460972136857
299.98585786469414,2.7179881122586
300.0,2.7180742543583456
300.0,2.7180742543583456
300.0141421353058,2.718160417455393
300.0046225467631,2.718102417481307
300.0348009674599,2.7182863222782196
300.0788856044135,2.718555145269563
300.14328444207456,2.718948209918523
300.23735826412843,2.7195231862844
300.3747813033815,2.7203647991525512
300.57552887911544,2.721597849584291
300.8687809377321,2.7234068875688897
301.2971635449245,2.7260663864070227
301.9229448574312,2.729988043055691
302.83708619855224,2.735797279564861
304.1380921547922,2.7442367474791673
305.5523056833906,2.7536523251373124
306.96651921110293,2.7633364889563907
308.38073273776126,2.7733083940447907
309.79494626317893,2.783589510035514
311.20915978714237,2.794204056915321
312.62337330940403,2.8051795611512818
314.0375868296732,2.8165475735851855
315.451800347604,2.8283446087711925
316.86601386277806,2.8406133935190825
318.2802273746817,2.8534045569351854
319.6944408826718,2.866778967074903
321.10865438592646,2.8808110427091886
322.52286788336954,2.895593586582611
323.93708137355145,2.911245090366865
325.3512948544511,2.9279212547003546
326.7655083231286,2.9458341398643553
328.1797217750688,2.9652862141697853
329.59393520281685,2.986736516242476
331.00814859274175,3.0109461853492205
332.4223619156856,3.039364685980759
333.8365750889653,3.0755583415981564
335.25078756478877,3.1396073075245
335.3391755715797,3.1492265056423987
335.4004808290463,3.160582768574973
335.41111070285433,3.1647257377542157
335.414796448233,3.1676396012337324
335.41543480244746,3.1689730083456813
335.41548964592323,3.169290746609616
335.41549907017213,3.1693892836014648
335.41550540569517,3.1695032226399142
335.4155069160318,3.1695832221142206
335.4155067656542,3.1695958013029117
335.41550554137467,3.169673427518795
335.41550188071847,3.1697585395771126
335.41549625783915,3.1698348860001104
335.41548785349573,3.1699151714050555
335.41547540179334,3.1700066814433967
335.415457041513,3.1701132006989567
335.41543006464957,3.170238467340093
335.4153905127643,3.1703870315091955
335.415332598928,3.170564272702683
335.4152478669421,3.1707765624628426
335.41512396239756,3.1710315156844895
335.41494283419127,3.1713370430273717
335.41468493709993,3.1716976892481052
335.4143177832827,3.1721237499846406
335.4137951391352,3.172628540747182
335.4130512033129,3.173227783322285
335.4119923266579,3.1739401014801185
335.4104852272195,3.1747875977020374
335.4083402177982,3.1757965294424007
335.4052873353405,3.1769981052151204
335.40094236826235,3.178429422638909
335.39475850651417,3.180134573029075
335.38595752993996,3.1821659396434265
335.3734318755389,3.184585719007442
335.3556052595852,3.1874676961645654
335.3302343150231,3.1908993042856686
335.2941262818041,3.1949839952330192
335.24273722377046,3.1998439376826817
335.1696002109221,3.2056230388599047
335.0655115084155,3.212490247189641
334.9173723607452,3.220643023523781
334.70654061898875,3.23031074611449
334.40648477670004,3.241757601658311
333.97944519379234,3.2552841471358076
333.37168235037024,3.2712260960321022
332.5067141615898,3.289947811958125
331.27569132418574,3.3118262127065803
329.8614780298628,3.33271223543803
328.6237335999066,3.3485059258934964
327.20952022985574,3.364502113607612
325.79530683536314,3.378817777377079
324.3810934240794,3.3917995734882838
322.96688000007117,3.4036876470058575
321.55266656615584,3.414657188064899
320.13845312437206,3.4248412521129206
318.72423967625036,3.434344248591471
317.3100262229764,3.4432503859451944
315.8958127654949,3.451629210369461
314.4815993045782,3.459539381356334
313.06738584087304,3.467031331034719
311.65317237493366,3.4741491909807007
310.23895890724583,3.480932222884084
308.8247454382449,3.487415903183471
307.4105319683298,3.4936327590007727
305.9963184978738,3.4996130188743324
304.5821050272338,3.505385118803157
303.16789155675787,3.510976087149015
301.7536780867914,3.5164118178409987
300.3394646176832,3.521717227715942
298.9252511497896,3.526916278573279
297.5110376834786,3.5320318253486036
296.09682421913203,3.537085226050963
294.6826107571454,3.542095613626744
293.26839729792465,3.547078681458549
291.85418384187693,3.5520447708799714
290.4399703893933,3.5569959742224024
289.02575694081867,3.5619218979431437
287.6115434964054,3.566793715996249
286.68734474198584,3.5699232724919936
285.2731313048154,3.57456795225422
283.85891787121113,3.578928791338039
282.4447044407189,3.5828350470135892
281.0304910122467,3.5860623635641056
279.61627758445957,3.588341213076555
278.20206415604764,3.5893796555710744
276.787850726067,3.5888972768567378
275.37363729420537,3.586659811002129
273.95942386084965,3.5825019421866577
272.5452104269558,3.57633183004478
271.13099699382525,3.5681200479459463
269.71678356290164,3.557880864586599
268.30257013564153,3.5456532843331323
266.8883567134595,3.531485888972357
265.4741432977241,3.515426422240412
264.059929889783,3.4975153823686287
262.6457164910028,3.477782385513329
261.2315031028169,3.4562441496678202
259.81728972678087,3.4329032077824926
258.4030763646389,3.4077466928051297
256.9888630184059,3.380744680337508
255.57464969047732,3.3518476125887626
254.16043638378167,3.3209822512747986
252.74622310200277,3.2880453847729294
251.33200984991788,3.252894060109471
249.9177966339355,3.2153302224611853
248.503583462995,3.1750758555201566
247.08937035016783,3.1317308634667564
245.67515731573857,3.084696834438642
244.26094439378508,3.033025460943402
242.8467316484595,2.9750726136664856
241.4325192246513,2.907513910219296
240.01830759198734,2.8210163091597638
240.010545555026,2.8204424675842805
239.02965155591826,2.7162225458359006
238.94671916840562,2.688294615429794
238.94329933699444,2.684610524615996
238.94211521232418,2.6822286415619914
238.94191086039135,2.6814697499278424
238.94176805850142,2.6804210965328235
238.94175745198513,2.6801475799695824
238.9417566533399,2.6800266654504585
238.94175898958056,2.6798440325011215
238.94176715574326,2.6796453633378596
238.94177983367615,2.6794675595187645
238.94179830233517,2.6792785363580367
238.94182514979389,2.6790682494522424
238.9418638240337,2.6788287726203004
238.94191927694908,2.6785520687265745
238.94199857445454,2.678229346617724
238.9421117843046,2.6778505997960487
238.94227324231937,2.6774042257789348
238.94250335608982,2.6768766500453074
238.94283117295498,2.6762519221882943
238.9432980353088,2.6755112665323666
238.94396278317754,2.674632575932532
238.94490915874692,2.6735898414355335
238.9462563446278,2.6723525144471023
238.94817396201123,2.6708848034003214
238.95090341610668,2.6691449150525033
238.95478827501407,2.667084263075046
238.9603175049635,2.664646685856117
238.96818700272863,2.661767744589544
238.97938716856913,2.658374216097379
238.99532754004974,2.6543839583795146
239.01801417089314,2.649706418057189
239.05030207656156,2.6442441764464775
239.09625451480218,2.637896103150271
239.16165431370752,2.630562906111626
239.2547315937939,2.622156124269556
239.38719946203807,2.6126118626070296
239.5757280115962,2.60191072769362
239.84404211816442,2.5901053435738564
240.21624770582685,2.5776369896406988
240.73257154014064,2.5647562664880477
241.44881619312864,2.5518722860353273
242.44239099332182,2.5395892952729193
243.820678161355,2.528746411141118
245.23489140714435,2.5220750833572003
246.64910472321355,2.518258555577078
248.06331808574606,2.5164028367107467
248.68968618002629,2.516060433775805
250.10389958542433,2.5161449877798745
251.51811301324685,2.5171961618977816
252.9323264574124,2.5190122222102977
254.346539914528,2.521447379108637
255.7607533821273,2.524393170883285
257.1749668583656,2.5277670246480834
258.5891803418298,2.531504906226907
258.6763278396311,2.531745958361496
260.0905413294216,2.5358153965830894
261.5047548245443,2.5401561483034683
262.91896832415523,2.544736407248651
264.3331818276766,2.549530454039285
265.7473953346277,2.554517415956787
267.161608844604,2.5596803367850156
268.5758223572614,2.565005469041919
269.99003587230425,2.570481728375232
271.404249389476,2.576100268175779
272.81846290855214,2.581854144676643
274.2326764293345,2.5877380511324546
275.6468899516465,2.593748105453635
277.0611034753295,2.599881679752687
278.47531700023995,2.606137263187426
279.8895305262466,2.6125143516208293
281.3037440532285,2.6190133591948603
282.71795758107345,2.625635548103416
284.13217110967605,2.6323829737568505
285.5463846389366,2.6392584432394743
286.96059816875993,2.646265485528353
288.3748116990543,2.6534083324080795
289.7890252297303,2.660691909416213
291.2032387607002,2.668121836510108
292.6174522918766,2.6757044384830095
294.03166582317203,2.6834467654911447
295.4458793544977,2.6913566244069633
296.86009288576264,2.699442622104319
298.27430641687266,2.707714222235738
299.68851994772916,2.716181817608925
301.1027334782279,2.7248568209486335
302.5169470082574,2.733751777695374
303.9311605376972,2.7428805056159122
305.3453740664159,2.7522582674891476
306.7595875942681,2.7619019851335826
308.17380112109174,2.771830505783547
309.5880146467036,2.782064935632878
311.0022281708944,2.7926290607565765
312.4164416934221,2.803549883388131
313.83065521400295,2.8148583129376012
315.2448687323,2.826590068258416
316.65908224790695,2.838786873987014
318.0732957603258,2.851498075330464
319.4875092689349,2.864782863298629
320.90172277294255,2.8787134163285906
322.31593627131593,2.8933794641617743
323.73014976267,2.9088951475588773
325.1443632450843,2.925409763099859
326.5585767157843,2.9431254740721533
327.97279017054643,2.9623284555338176
329.3870036024812,2.9834485273743825
330.80121699920977,3.0071875772943204
332.215430334988,3.0348491525816708
333.62964354073716,3.069481184575148
335.04385626051555,3.1244004844505335
335.3974085731,3.1597021130637994
335.41199215303646,3.165241850759175
335.41445771284657,3.1672183303548103
335.4153121153207,3.168572246753895
335.4154597390126,3.169090802680233
335.4154856613916,3.169259525509577
335.415503436415,3.1694632824678712
335.41550614552244,3.1695331602028154
335.41550663346777,3.16959580112509
335.41550445791916,3.1697046490396645
335.41549944498075,3.1697974571702914
335.4154921518542,3.1698780344524553
335.4154813770864,3.16996569015679
335.41546547009955,3.1700672964909717
335.41544206561844,3.170186069015526
335.4154077246721,3.1703261387227037
335.41535741864146,3.1704926385208707
335.4152837973203,3.1706915960448336
335.4151761213165,3.1709301596735306
335.415018698395,3.171215718243399
335.4147945379177,3.171552572637821
335.41447539745513,3.1719503279859054
335.41402108552535,3.1724214238093804
335.413374399851,3.172980539495523
335.41245392942835,3.173645059029364
335.41114380962216,3.174435610956748
335.40927914153986,3.1753767011960368
335.406625240835,3.1764974580123293
335.4028481045718,3.1778325102250125
335.3974723796442,3.1794230221304667
335.3898215434155,3.181317911139006
335.3789327687926,3.183575276671216
335.3634357601932,3.1862640707204184
335.3413803128885,3.1894660409588553
335.30999089545435,3.193277975057913
335.26531737151396,3.1978142677447505
335.201737906918,3.2032098164610385
335.1112515072415,3.2096232211402214
334.98247115714656,3.2172402082395473
334.7991908563222,3.2262771010638245
334.5383462250315,3.2369839873341144
334.1671120379255,3.2496469388302565
333.63877143416784,3.264588128168084
332.88683697728794,3.2821618177963456
331.81668374757663,3.30274272630475
330.4024704805802,3.3251402130683267
328.98825715301336,3.3440512625879255
328.62373362252777,3.3485059259752092
327.20952025249056,3.3645021133654276
325.79530685799796,3.3788177771593793
324.3810934467142,3.3917995732897896
322.966880022706,3.403687646823325
321.55266658879066,3.4146571878959224
320.1384531470069,3.424841251955632
318.7242396988852,3.4343442484443485
317.3100262456112,3.4432503858069867
315.8958127881297,3.4516292102392443
314.481599327213,3.459539381233197
313.06738586350787,3.467031330917884
311.6531723975685,3.474149190869566
310.23895892988065,3.48093222277802
308.82474546087974,3.4874159030818994
307.4105319909646,3.4936327589032414
305.9963185205086,3.499613018780378
304.58210504986863,3.505385118712274
303.1678915793927,3.5109760870608424
301.75367810942623,3.5164118177551056
300.339464640318,3.5217172276319233
298.9252511724244,3.5269162784907886
297.5110377061134,3.5320318252672918
296.09682424176685,3.537085225970503
294.68261077978025,3.542095613546815
293.2683973205595,3.547078681378944
291.85418386451175,3.5520447708005904
290.4399704120281,3.5569959741433124
289.0257569634535,3.5619218978646323
287.6115435190402,3.5667937159189713
286.68734476462066,3.569923272416077
285.27313132745024,3.5745679521817726
283.85891789384596,3.5789287912713625
282.44470446335373,3.5828350469557937
281.03049103488155,3.5860623635192606
279.6162776070944,3.5883412130492256
278.20206417868246,3.589379655565943
276.7878507487018,3.5888972768779537
275.3736373168402,3.5866598110529866
273.9594238834845,3.5825019422691846
272.5452104495906,3.576331830159852
271.13099701646007,3.568120048093658
269.71678358553646,3.557880864766502
268.30257015827635,3.545653284544493
266.8883567360943,3.5314858892143683
265.4741433203589,3.5154264225123577
264.05992991241783,3.497515382669955
262.64571651363764,3.477782385843628
261.2315031254517,3.456244150026949
259.8172897494157,3.432903208170547
258.4030763872737,3.4077466932224287
256.9888630410407,3.3807446807846873
255.57464971311214,3.3518476130667927
254.1604364064165,3.320982251785057
252.7462231246376,3.2880453853173712
251.3320098725527,3.2528940606907493
249.91779665657032,3.2153302230830616
248.50358348562983,3.175075856187878
247.08937037280265,3.1317308641880848
245.6751573383734,3.084696835225363
244.2609444164199,3.0330254618148884
242.8467316710943,2.9750726146582283
241.43251924728608,2.907513911410428
240.0183076146221,2.8210163108306707
240.01054554842779,2.8204424670960604
239.02965154932022,2.7162225444097956
238.94671916180806,2.6882946098639757
238.9432993303988,2.68461051474814
238.94211520574407,2.682228621297478
238.9419108538409,2.681469719300372
238.94176805232664,2.680420991753047
238.94175744718785,2.6801473383898093
238.94175665351108,2.680026665457506
238.94175896422874,2.679844968724179
238.9417671243138,2.6796459408464686
238.94177980202494,2.679467938465696
238.94179827019283,2.679278823692511
238.94182511724935,2.679068476312146
238.94186379123062,2.678828955349897
238.94191924397816,2.6785522177229675
238.94199854137264,2.678229469078072
238.94211175114813,2.6778507009809602
238.94227320911224,2.677404309683096
238.94250332284795,2.676876719788412
238.94283113968916,2.676251980251041
238.94329800202635,2.6755113149162977
238.94396274988353,2.6746326162700838
238.94490912544484,2.6735898750706006
238.9462563113201,2.6723525424866805
238.94817392869956,2.6708848267638112
238.95090338279226,2.6691449345052964
238.9547882416977,2.6670842792545058
238.96031747164582,2.664646699294507
238.96818696941,2.661767755731532
238.97938713524985,2.6583742253152938
238.99532750672998,2.6543839659848314
239.01801413757303,2.649706424310584
239.05030204324126,2.6442441815664814
239.0962544814817,2.6378961073200133
239.16165428038695,2.6305629094845275
239.2547315604733,2.6221561269745655
239.3871994287174,2.6126118647528624
239.5757279782755,2.601910729371932
239.8440420848437,2.5901053448624856
240.21624767250609,2.5776369906124876
240.73257150681985,2.564756267201639
241.44881615980782,2.5518722865393078
242.442390960001,2.5395892956082475
243.8206781280342,2.5287464113426816
245.23489137382353,2.5220750834762025
246.64910468989274,2.5182585556412977
248.06331805242525,2.5164028367360203
248.6896861888523,2.516060433772796
250.10389959425035,2.5161449877836652
251.51811302207287,2.5171961619069068
252.9323264662384,2.5190122222236853
254.34653992335402,2.5214473791255188
255.7607533909533,2.52439317090308
257.17496686719164,2.5277670246703376
258.5891803506558,2.5315049062512553
258.6763278484571,2.531745958385956
260.09054133824765,2.535815396609374
261.5047548333703,2.540156148331335
262.91896833298125,2.54473640727793
264.3331818365026,2.5495304540698314
265.7473953434537,2.5545174159884834
267.16160885343004,2.5596803368177548
268.57582236608744,2.5650054690756354
269.99003588113027,2.570481728409864
271.404249398302,2.576100268211272
272.81846291737816,2.581854144712967
274.2326764381605,2.587738051169564
275.6468899604725,2.593748105491536
277.0611034841555,2.5998816797913458
278.475317009066,2.606137263226859
279.8895305350726,2.612514351661007
281.30374406205453,2.6190133592357996
282.71795758989947,2.6256355481451346
284.1321711185021,2.6323829737993476
285.54638464776264,2.6392584432827935
286.96059817758595,2.646265485572498
288.3748117078803,2.653408332453096
289.78902523855635,2.660691909462122
291.2032387695262,2.66812183655695
292.6174523007026,2.675704438530811
294.03166583199805,2.683446765539988
295.44587936332374,2.691356624456878
296.86009289458866,2.699442622155356
298.2743064256987,2.7077142222879678
299.6885199565552,2.7161818176623997
301.1027334870539,2.724856821003454
302.5169470170834,2.733751777751607
303.93116054652324,2.7428805056736527
305.3453740752419,2.7522582675484957
306.75958760309413,2.7619019851946254
308.17380112991776,2.7718305058464434
309.5880146555296,2.782064935697752
311.0022281797204,2.7926290608236064
312.4164417022481,2.8035498834574644
313.83065522282897,2.814858313009471
315.244868741126,2.8265900683330507
316.659082256733,2.8387868740646907
318.0732957691518,2.851498075411496
319.4875092777609,2.8647828633834482
320.90172278176857,2.8787134164177024
322.31593628014195,2.8933794642558124
323.73014977149603,2.9088951476586624
325.14436325391034,2.9254097632064213
326.5585767246103,2.943125474187034
327.97279017937245,2.9623284556591125
329.3870036113072,2.983448527513428
330.8012170080358,3.007187577452875
332.21543034381403,3.034849152771162
333.6296435495632,3.069481184826771
335.0438562693416,3.1244004849925036
335.39740858192596,3.159702115482334
335.4119921618621,3.1652418562322873
335.41445772167015,3.167218340360667
335.4153121241317,3.1685722699365746
335.4154597477803,3.1690908485995952
335.4154856700586,3.169259594806387
335.4155034443762,3.169463440973336
335.4155061521947,3.1695334073484465
335.4155066309047,3.1695958011195193
335.4155031815233,3.1697374281297246
335.41549797237036,3.169817230772881
335.4154906718248,3.169890714190864
335.41547989467796,3.169975887559251
335.41546397811356,3.1700756513686854
335.4154405663964,3.1701928111407565
335.41540622104196,3.1703316075975683
335.4153559121776,3.1704971088574307
335.41528228896135,3.1706952649293045
335.41517461168183,3.170933177659284
335.4150171906805,3.1712193747594433
335.41478710308735,3.171562755869381
335.41445952780015,3.17196836435853
335.41399320861063,3.1724477929732675
335.4133294327205,3.1730160126164355
335.41238463848174,3.1736907083937473
335.4110399003127,3.1744928343257715
335.40912596288274,3.1754472594264924
335.4064019416961,3.176583525362799
335.40252500971883,3.1779367377854015
335.397007255357,3.17954861548573
335.38915428271184,3.181468723824225
335.37797782744883,3.1837559213213904
335.36207139169284,3.18648004998452
335.33943324760384,3.1897239002761273
335.30721453606077,3.1935854790996814
335.2613607607042,3.1981806015432106
335.19610156225434,3.2036458106275596
335.1032245653181,3.210141597509482
334.9710419171619,3.2178558367846897
334.78291946569124,3.227007249267472
334.5151834855493,3.2378485264315993
334.13414153069954,3.250668442380185
333.5918425118217,3.2657917487118198
332.82004243846666,3.2835747431590243
331.7216164633038,3.3043928786030556
330.30740319104206,3.326504801060761
328.89318986050984,3.34522770690243
328.62373354790077,3.3485059260739116
327.2095201778665,3.364502114161305
325.7953067833739,3.3788177778770847
324.38109337209016,3.3917995739441658
322.96687994808195,3.403687647425078
321.5526665141666,3.4146571884530132
320.13845307238284,3.4248412524742022
318.72423962426114,3.4343442489293796
317.31002617098716,3.4432503862624966
315.8958127135057,3.451629210668517
314.481599252589,3.459539381639135
313.0673857888838,3.4670313313029846
311.65317232294444,3.474149191235978
310.2389588552566,3.480932223127764
308.8247453862557,3.487415903416712
307.4105319163406,3.4936327592247682
305.9963184458846,3.499613019090203
304.5821049752446,3.505385119011855
303.16789150476865,3.510976087351542
301.7536780348022,3.516411818038279
300.33946456569396,3.5217172279088818
298.92525109780036,3.526916278762747
297.5110376314894,3.5320318255354204
296.0968241671428,3.537085226235853
294.6826107051562,3.5420956138103485
293.26839724593543,3.5470786816413873
291.8541837898877,3.5520447710622642
290.4399703374041,3.556995974404074
289.02575688882945,3.5619218981234573
287.61154344441616,3.566793716173775
286.6873447321435,3.569923272524995
285.2731312949731,3.574567952285739
283.8589178613688,3.5789287913670624
282.4447044308766,3.582835047038676
281.0304910024044,3.586062363583592
279.61627757461724,3.5883412130884347
278.2020641462053,3.5893796555733393
276.7878507162247,3.588897276847513
275.37363728436304,3.586659810980023
273.95942385100733,3.5825019421508006
272.5452104171135,3.5763318299947247
271.1309969839829,3.568120047881697
269.7167835530593,3.557880864508354
268.3025701257992,3.545653284241207
266.88835670361715,3.5314858888671274
265.47414328788176,3.5154264221221614
264.0599298799407,3.4975153822376233
262.6457164811605,3.4777823853697036
261.23150309297455,3.4562441495116496
259.81728971693855,3.4329032076137747
258.40307635479655,3.4077466926236792
256.98886300856356,3.3807446801430654
255.574649680635,3.3518476123809013
254.16043637393935,3.320982251052904
252.74622309216045,3.288045384536195
251.33200984007556,3.2528940598567093
249.91779662409317,3.215330222190769
248.5035834531527,3.175075855229782
247.0893703403255,3.1317308631531104
245.67515730589625,3.084696834096561
244.26094438394276,3.0330254605644664
242.84673163861717,2.9750726132352145
241.43251921480896,2.9075139097013634
240.01830758214504,2.8210163084331823
240.01054554518367,2.820442466855515
239.02965154607605,2.7162225437087253
238.94671915856412,2.6882946071272174
238.94329932715576,2.684610509896121
238.94211520250866,2.682228611333009
238.9419108506201,2.6814697042379807
238.94176804929054,2.6804209402297268
238.9417574448299,2.680147219518929
238.9417566535824,2.6800266654561553
238.9417589642135,2.679844968722565
238.94176712440097,2.67964593998951
238.94177980209398,2.67946793763527
238.94179827026628,2.679278823040665
238.94182511732362,2.679068475791581
238.94186379130554,2.6788289549344846
238.94191924405345,2.678552217383725
238.94199854144819,2.678229468797995
238.94211175122385,2.6778507007492407
238.94227320918807,2.6774043094909605
238.94250332292387,2.6768767196289707
238.94283113976513,2.676251980119419
238.94329800210235,2.6755113148065224
238.94396274995955,2.6746326161786995
238.9449091255209,2.673589874993192
238.94625631139618,2.672352542422884
238.94817392877565,2.6708848267105942
238.95090338286835,2.6691449344608804
238.9547882417738,2.6670842792173564
238.9603174717219,2.664646699263691
238.96818696948608,2.6617677557062542
238.97938713532594,2.658374225294393
238.99532750680606,2.654383965967524
239.01801413764912,2.6497064242963093
239.05030204331734,2.6442441815547912
239.0962544815578,2.637896107310496
239.16165428046304,2.6305629094768603
239.25473156054937,2.6221561269683646
239.38719942879348,2.612611864747981
239.57572797835158,2.6019107293680817
239.84404208491978,2.5901053448595226
240.21624767258217,2.5776369906102685
240.73257150689594,2.5647562672000177
241.4488161598839,2.5518722865381536
242.4423909600771,2.539589295607478
243.82067812811027,2.5287464113422113
245.23489137389961,2.5220750834759373
246.64910468996882,2.5182585556411397
248.06331805250133,2.5164028367359714
248.6896861889284,2.516060433772769
250.10389959432644,2.5161449877837043
251.51811302214895,2.517196161906987
252.9323264663145,2.5190122222238016
254.3465399234301,2.521447379125667
255.7607533910294,2.524393170903248
257.17496686726776,2.527767024670533
258.5891803507319,2.5315049062514667
258.6763278485332,2.5317459583861734
260.09054133832376,2.5358153966096033
261.50475483344644,2.540156148331575
262.91896833305736,2.544736407278176
264.3331818365787,2.5495304540700836
265.74739534352983,2.554517415988752
267.16160885350615,2.559680336818041
268.57582236616355,2.5650054690759383
269.9900358812064,2.570481728410159
271.4042493983781,2.576100268211573
272.81846291745427,2.5818541447132812
274.23267643823664,2.5877380511698886
275.6468899605486,2.593748105491863
277.06110348423164,2.5998816797916837
278.4753170091421,2.6061372632271897
279.8895305351487,2.612514351661355
281.30374406213065,2.6190133592361495
282.7179575899756,2.6256355481454916
284.1321711185782,2.632382973799717
285.54638464783875,2.63925844328317
286.96059817766206,2.6462654855728838
288.37481170795644,2.6534083324534787
289.78902523863246,2.6606919094625123
291.2032387696023,2.6681218365573516
292.6174523007787,2.6757044385312287
294.03166583207417,2.6834467655403946
295.44587936339985,2.6913566244573017
296.8600928946648,2.6994426221558006
298.2743064257748,2.7077142222884127
299.6885199566313,2.716181817662865
301.10273348713,2.724856821003931
302.5169470171595,2.7337517777520874
303.93116054659936,2.74288050567415
305.34537407531803,2.7522582675489997
306.75958760317025,2.7619019851951485
308.1738011299939,2.7718305058469936
309.5880146556057,2.78206493569831
311.00222817979653,2.792629060824172
312.4164417023242,2.8035498834580572
313.8306552229051,2.814858313010089
315.24486874120214,2.8265900683336964
316.6590822568091,2.8387868740653657
318.0732957692279,2.8514980754122092
319.48750927783703,2.8647828633841987
320.9017227818447,2.8787134164184724
322.31593628021807,2.8933794642566255
323.73014977157214,2.908895147659506
325.14436325398646,2.9254097632073415
326.5585767246864,2.943125474188
327.97279017944857,2.9623284556602023
329.3870036113833,2.983448527514629
330.8012170081119,3.0071875774542205
332.21543034389015,3.0348491527728045
333.6296435496393,3.0694811848289882
335.0438562694177,3.1244004849971896
335.3974085820021,3.1597021155030496
335.4119921619382,3.165241856278527
335.4144577217462,3.167218340447503
335.4153121242076,3.1685722701372177
335.4154597478559,3.1690908489824965
335.41548567013336,3.169259595393238
335.415503444445,3.169463442309656
335.41550615225214,3.1695334094730505
335.41550663089305,3.169595801118962
335.41550315127625,3.169738243748004
335.41549793449053,3.1698177298338743
335.4154906337186,3.1698910335164476
335.4154798564954,3.1699761479058415
335.41546393968,3.170075865032815
335.4154405277796,3.1701929838113263
335.41540618231363,3.1703317479683872
335.41535587337677,3.170497223737317
335.415282250112,3.1706953592871185
335.41517457279974,3.170933255311898
335.4150171517763,3.1712194387628605
335.41478706416893,3.1715628090322183
335.41445948887133,3.1719684084339637
335.4139931696748,3.172447829629999
335.4133293937799,3.173016043175347
335.4123845995378,3.173690733907215
335.4110398613664,3.1744928556461103
335.4091259239349,3.1754472772584026
335.4064019027471,3.1765835402824467
335.40252497076904,3.177936750271272
335.3970072164066,3.179548625935783
335.3891542437611,3.1814687325715965
335.3779777884978,3.183755928641948
335.36207135274157,3.1864800561100033
335.33943320865245,3.189723905401059
335.3072144971093,3.1935854833856956
335.2613607217527,3.198180605126063
335.1961015233028,3.2036458136205366
335.10322452636655,3.2101416000083356
334.9710418782103,3.2178558388686938
334.7829194267396,3.227007251003603
334.5151834465977,3.2378485278755793
334.1341414917479,3.250668443578764
333.5918424728701,3.2657917497038804
332.82004239951505,3.2835747439770984
331.7216164243522,3.3043928792741326
330.30740315209044,3.3265048016167533
328.8931898215582,3.34522770738232
328.623733551096,3.3485059260354864
327.20952018106175,3.3645021141272236
325.79530678656914,3.3788177778464017
324.3810933752854,3.391799573916148
322.9668799512772,3.4036876473992725
321.55266651736184,3.4146571884291554
320.13845307557807,3.4248412524520235
318.72423962745637,3.4343442489086122
317.3100261741824,3.4432503862429917
315.8958127167009,3.4516292106501334
314.4815992557842,3.4595393816217634
313.06738579207905,3.467031331286484
311.65317232613967,3.474149191220293
310.23895885845184,3.4809322231127697
308.8247453894509,3.4874159034023773
307.4105319195358,3.493632759211034
305.9963184490798,3.499613019076921
304.5821049784398,3.5053851189990164
303.1678915079639,3.510976087339103
301.7536780379974,3.5164118180261514
300.3394645688892,3.521717227897018
298.9252511009956,3.526916278751101
297.5110376346846,3.5320318255239203
296.09682417033804,3.5370852262245083
294.68261070835143,3.54209561379907
293.26839724913066,3.5470786816301416
291.85418379308294,3.5520447710510727
290.4399703405993,3.556995974392909
289.0257568920247,3.561921898112383
287.6115434476114,3.5667937161628593
286.68734473533874,3.569923272514283
285.2731312981683,3.5745679522755216
283.85891786456403,3.578928791357627
282.4447044340718,3.582835047030546
281.03049100559963,3.586062363577286
279.61627757781247,3.588341213084556
278.20206414940054,3.589379655572609
276.7878507194199,3.5888972768504823
275.37363728755827,3.586659810987212
273.95942385420256,3.5825019421624433
272.5452104203087,3.5763318300109708
271.13099698717815,3.568120047902543
269.71678355625454,3.5578808645337543
268.30257012899443,3.5456532842710584
266.8883567068124,3.5314858889012783
265.474143291077,3.5154264221605502
264.0599298831359,3.4975153822801497
262.6457164843557,3.4777823854163383
261.2315030961698,3.4562441495623446
259.8172897201338,3.432903207668533
258.4030763579918,3.4077466926825783
256.9888630117588,3.380744680206183
255.57464968383022,3.3518476124483865
254.16043637713457,3.3209822511249474
252.74622309535567,3.2880453846130586
251.33200984327078,3.2528940599387526
249.9177966272884,3.2153302222785594
248.5035834563479,3.1750758553240477
247.08937034352073,3.1317308632549326
245.67515730909147,3.0846968342076115
244.26094438713798,3.0330254606874805
242.8467316418124,2.9750726133752403
241.4325192180042,2.9075139098695333
240.01830758534027,2.8210163086690887
240.01054554837887,2.820442467092091
239.02965154927122,2.7162225443993337
238.94671916175906,2.6882946098222122
238.9432993303498,2.684610514675412
238.9421152056952,2.6822286211467823
238.94191085379225,2.681469719075567
238.9417680522807,2.680420990986935
238.94175744715244,2.6801473365759194
238.94175665351068,2.6800266654568445
238.94175896421405,2.679844968724079
238.94176712432775,2.679645940824366
238.94177980202988,2.6794679384040423
238.94179827019892,2.679278823642644
238.94182511725543,2.679068476270431
238.94186379123673,2.6788289553140756
238.9419192439843,2.6785522176929453
238.9419985413788,2.6782294690526243
238.94211175115433,2.6778507009624284
238.94227320911844,2.677404309666338
238.94250332285418,2.6768767197763346
238.9428311396954,2.6762519802402194
238.94329800203258,2.675511314907388
238.94396274988975,2.6746326162632363
238.94490912545106,2.67358987506407
238.94625631132632,2.6723525424816463
238.94817392870578,2.670884826759327
238.9509033827985,2.669144934501637
238.95478824170394,2.6670842792511724
238.96031747165205,2.6646466992918487
238.96818696941622,2.661767755729377
238.97938713525608,2.658374225313639
238.9953275067362,2.6543839659834054
239.01801413757926,2.6497064243093957
239.05030204324748,2.644244181565566
239.09625448148793,2.637896107319259
239.16165428039318,2.6305629094839027
239.2547315604795,2.62215612697406
239.38719942872362,2.612611864752452
239.57572797828172,2.6019107293716015
239.84404208484992,2.5901053448622404
240.2162476725123,2.5776369906123167
240.73257150682608,2.564756267201509
241.44881615981404,2.5518722865392114
242.44239096000723,2.5395892956081902
243.8206781280404,2.528746411342645
245.23489137382975,2.522075083476181
246.64910468989896,2.51825855564128
248.06331805243147,2.5164028367360207
248.68968618885853,2.516060433772788
250.10389959425657,2.5161449877836723
251.5181130220791,2.5171961619069094
252.93232646624463,2.5190122222237075
254.34653992336024,2.5214473791255405
255.76075339095954,2.524393170903095
257.1749668671979,2.52776702467036
258.58918035066205,2.5315049062512704
258.67632784846336,2.5317459583859896
260.0905413382539,2.5358153966094
261.5047548333766,2.5401561483313606
262.9189683329875,2.5447364072779455
264.33318183650886,2.549530454069846
265.74739534345997,2.554517415988509
267.1616088534363,2.5596803368177783
268.5758223660937,2.5650054690756705
269.9900358811365,2.570481728409888
271.40424939830825,2.5761002682112952
272.8184629173844,2.5818541447129912
274.2326764381668,2.5877380511696018
275.64688996047875,2.593748105491562
277.0611034841618,2.5998816797913755
278.4753170090722,2.6061372632268807
279.88953053507885,2.612514351661037
281.3037440620608,2.619013359235832
282.7179575899057,2.6256355481451568
284.1321711185083,2.6323829737993787
285.5463846477689,2.6392584432828277
286.9605981775922,2.6462654855725263
288.3748117078866,2.653408332453123
289.7890252385626,2.6606919094621406
291.20323876953245,2.6681218365569705
292.61745230070886,2.6757044385308397
294.0316658320043,2.683446765540015
295.44587936333,2.6913566244569003
296.8600928945949,2.699442622155385
298.27430642570494,2.707714222287999
299.68851995656144,2.716181817662445
301.10273348706016,2.7248568210034927
302.51694701708965,2.733751777751647
303.9311605465295,2.742880505673682
305.3453740752482,2.752258267548534
306.7595876031004,2.7619019851946818
308.173801129924,2.7718305058464825
309.58801465553586,2.782064935697796
311.00222817972667,2.792629060823645
312.41644170225436,2.8035498834575083
313.8306552228352,2.8148583130095215
315.2448687411323,2.8265900683331013
316.6590822567392,2.8387868740647475
318.07329576915805,2.8514980754115613
319.4875092777672,2.864782863383518
320.9017227817748,2.878713416417761
322.3159362801482,2.893379464255876
323.7301497715023,2.9088951476587193
325.1443632539166,2.925409763206486
326.55857672461656,2.943125474187075
327.9727901793787,2.9623284556592098
329.38700361131345,2.9834485275135276
330.80121700804204,3.0071875774529913
332.2154303438203,3.0348491527713186
333.62964354956944,3.0694811848269845
335.0438562693478,3.1244004849927327
335.3974085819322,3.1597021154830567
335.41199216186834,3.1652418562357445
335.4144577216764,3.1672183403686502
335.4153121241379,3.168572269950622
335.4154597477865,3.1690908486371403
335.4154856700648,3.1692595948419493
335.41550344438184,3.1694634410890923
335.41550615220325,3.1695334072146677
335.41550663090914,3.1695958011201775
335.4155044578768,3.1697046490421825
335.41549944354324,3.169797480823366
335.41549215028334,3.1698780504502433
335.4154813754947,3.1699657012540494
335.4154654685013,3.1700673053303263
335.41544206401375,3.170186076251528
335.4154077230625,3.1703261446005775
335.4153574170288,3.1704926433132985
335.41528379570565,3.170691599985866
335.41517611970045,3.170930162906043
335.4150186967781,3.171215720927904
335.4147945363001,3.1715525748593127
335.41447539583714,3.1719503298347824
335.4140210839071,3.1724214253464877
335.4133743982325,3.172980540778801
335.4124539278097,3.173645060101629
335.4111438080034,3.174435611853696
335.409279139921,3.1753767019475383
335.4066252392161,3.1764974586403993
335.4028481029529,3.1778325107501
335.3974723780253,3.179423022570326
335.38982154179655,3.1813179115071373
335.3789327671736,3.1835752769796066
335.3634357585742,3.1862640709786554
335.3413803112694,3.1894660411747338
335.3099908938353,3.1932779752383613
335.2653173698949,3.1978142678957306
335.20173790529896,3.2032098165869285
335.1112515056224,3.2096232212456517
334.9824711555275,3.217240208327399
334.7991908547031,3.2262771011369864
334.5383462234124,3.2369839873950226
334.16711203630643,3.2496469388807827
333.63877143254877,3.2645881282099616
332.88683697566887,3.282161817830864
331.81668374595756,3.3027427263330713
330.4024704789611,3.3251402130917214
328.9882571513943,3.3440512626080614
328.6237336209087,3.34850592599466
327.2095202508715,3.364502113382701
325.7953068563789,3.3788177771749632
324.38109344509513,3.391799573303973
322.9668800210869,3.403687646836384
321.5526665871716,3.414657187908001
320.1384531453878,3.42484125196689
318.7242396972661,3.4343442484548747
317.3100262439921,3.4432503858169006
315.89581278651065,3.451629210248558
314.48159932559395,3.4595393812420174
313.0673858618888,3.467031330926223
311.6531723959494,3.474149190877492
310.2389589282616,3.4809322227855906
308.82474545926067,3.487415903089152
307.41053198934554,3.4936327589102154
305.99631851888955,3.4996130187871026
304.58210504824956,3.5053851187187726
303.1678915777736,3.5109760870671582
301.75367810780716,3.51641181776125
300.3394646386989,3.5217172276379443
298.9252511708053,3.5269162784966905
297.51103770449436,3.532031825273101
296.0968242401478,3.5370852259762455
294.6826107781612,3.5420956135525348
293.2683973189404,3.547078681384633
291.8541838628927,3.55204477080628
290.43997041040905,3.556995974148971
289.0257569618344,3.5619218978702234
287.6115435174211,3.5667937159244882
286.6873447630016,3.5699232724215006
285.2731313258312,3.574567952186945
283.8589178922269,3.5789287912761316
282.44470446173466,3.582835046959928
281.0304910332625,3.5860623635224735
279.6162776054753,3.5883412130511703
278.2020641770634,3.5893796555663178
276.78785074708276,3.5888972768764362
275.3736373152211,3.5866598110493375
273.9594238818654,3.5825019422632622
272.54521044797156,3.576331830151628
271.130997014841,3.5681200480831112
269.7167835839174,3.55788086475364
268.3025701566573,3.545653284529354
266.8883567344752,3.531485889197065
265.47414331873983,3.515426422492925
264.05992991079876,3.4975153826483947
262.64571651201857,3.4777823858200185
261.2315031238326,3.456244150001262
259.8172897477966,3.4329032081427764
258.40307638565463,3.407746693192575
256.98886303942163,3.380744680752698
255.57464971149307,3.351847613032592
254.16043640479742,3.3209822517485685
252.74622312301852,3.288045385278429
251.33200987093363,3.252894060649182
249.91779665495125,3.2153302230385705
248.50358348401076,3.1750758561401193
247.08937037118358,3.1317308641364865
245.67515733675432,3.0846968351690887
244.26094441480083,3.033025461752581
242.84673166947522,2.9750726145872686
241.432519245667,2.907513911325253
240.01830761300306,2.821016310711192
240.01054554680871,2.8204424669761776
239.02965154770118,2.7162225440599457
238.94671916018913,2.688294608498107
238.9432993287803,2.6846105123272768
238.9421152041294,2.682228616324688
238.94191085223355,2.681469711782892
238.9417680508115,2.68042096603072
238.9417574460107,2.6801472791081764
238.94175665354757,2.68002666545536
238.94175896419466,2.679844968721918
238.94176712437462,2.679645940262839
238.9417798020678,2.67946793794829
238.94179827023865,2.6792788232843296
238.9418251172957,2.679068475988224
238.94186379127737,2.6788289550911473
238.94191924402512,2.6785522175098375
238.94199854141976,2.678229468901251
238.9421117511954,2.6778507008376833
238.9422732091596,2.677404309564352
238.94250332289536,2.6768767196896768
238.9428311397366,2.6762519801686606
238.94329800207382,2.6755113148474816
238.94396274993102,2.674632616212895
238.94490912549233,2.6735898750226816
238.9462563113676,2.672352542446643
238.94817392874705,2.6708848267307554
238.95090338283975,2.6691449344777745
238.9547882417452,2.667084279231313
238.96031747169332,2.6646466992752
238.9681869694575,2.6617677557155606
238.97938713529734,2.6583742253022296
238.99532750677747,2.654383965974052
239.01801413762053,2.64970642430168
239.05030204328875,2.6442441815592197
239.0962544815292,2.637896107314026
239.16165428043445,2.630562909479725
239.25473156052078,2.6221561269706988
239.3871994287649,2.612611864749796
239.575727978323,2.601910729369515
239.84404208489119,2.590105344860629
240.21624767255358,2.5776369906111025
240.73257150686734,2.564756267200636
241.4488161598553,2.551872286538586
242.4423909600485,2.539589295607776
243.82067812808168,2.528746411342384
245.23489137387102,2.522075083476035
246.64910468994023,2.518258555641193
248.06331805247274,2.5164028367359883
248.6896861888998,2.5160604337727803
250.10389959429784,2.5161449877836968
251.51811302212036,2.517196161906952
252.9323264662859,2.519012222223764
254.3465399234015,2.5214473791256147
255.7607533910008,2.524393170903176
257.17496686723916,2.527767024670462
258.5891803507033,2.531504906251387
258.6763278485046,2.531745958386098
260.09054133829517,2.5358153966095234
261.50475483341785,2.54015614833149
262.9189683330288,2.544736407278092
264.3331818365501,2.5495304540699872
265.74739534350124,2.5545174159886432
267.16160885347756,2.559680336817932
268.57582236613496,2.565005469075822
269.9900358811778,2.570481728410053
271.4042493983495,2.5761002682114573
272.8184629174257,2.5818541447131693
274.23267643820805,2.5877380511697705
275.64688996052,2.5937481054917426
277.06110348420304,2.599881679791555
278.4753170091135,2.606137263227069
279.8895305351201,2.6125143516612264
281.30374406210206,2.61901335923602
282.717957589947,2.6256355481453566
284.1321711185496,2.6323829737995794
285.54638464781016,2.6392584432830297
286.96059817763347,2.6462654855727417
288.37481170792785,2.6534083324533335
289.78902523860387,2.66069190946236
291.2032387695737,2.6681218365571953
292.61745230075013,2.675704438531073
294.0316658320456,2.6834467655402405
295.44587936337126,2.6913566244571503
296.8600928946362,2.699442622155626
298.2743064257462,2.707714222288237
299.6885199566027,2.7161818176626835
301.10273348710143,2.724856821003751
302.5169470171309,2.733751777751918
303.93116054657077,2.742880505673965
305.34537407528944,2.7522582675487937
306.75958760314165,2.761901985194956
308.1738011299653,2.7718305058467845
309.5880146555771,2.782064935698103
311.00222817976794,2.792629060823968
312.41644170229563,2.8035498834578396
313.8306552228765,2.81485831300986
315.24486874117355,2.8265900683334513
316.6590822567805,2.838786874065095
318.0732957691993,2.851498075411934
319.48750927780844,2.864782863383918
320.9017227818161,2.8787134164181865
322.3159362801895,2.893379464256327
323.73014977154355,2.9088951476591824
325.14436325395786,2.9254097632069893
326.5585767246578,2.943125474187627
327.97279017942,2.9623284556597715
329.3870036113547,2.9834485275141778
330.8012170080833,3.0071875774537244
332.21543034386156,3.0348491527721837
333.6296435496107,3.0694811848281316
335.0438562693891,3.124400484995293
335.3974085819735,3.159702115495225
335.4119921619096,3.1652418562604363
335.4144577217176,3.1672183404144647
335.4153121241791,3.168572270053917
335.41545974782747,3.169090848840275
335.4154856701053,3.169259595167225
335.4155034444192,3.169463441801807
335.4155061522302,3.1695334087056786
335.4155066308869,3.169595801121889
335.4155031815898,3.1697374273976804
335.41549797242544,3.1698172307002506
335.41549067187094,3.169890713761112
335.4154798947263,3.1699758872054846
335.41546397816245,3.1700756511104484
335.4154405664452,3.1701928109078086
335.4154062210912,3.1703316074463874
335.4153559122268,3.1704971087232727
335.41528228901063,3.170695264813337
335.4151746117312,3.1709331775692142
335.4150171907298,3.1712193746817143
335.4147871031367,3.1715627558030195
335.4144595278495,3.1719683643026677
335.41399320866,3.172447792925367
335.4133294327699,3.1730160125783904
335.41238463853114,3.1736907083613617
335.4110399003621,3.1744928342980736
335.40912596293214,3.175447259404088
335.4064019417455,3.1765835253434074
335.4025250097682,3.1779367377694623
335.3970072554064,3.179548615472183
335.38915428276124,3.181468723812862
335.3779778274982,3.183755921311967
335.36207139174223,3.1864800499766286
335.33943324765323,3.1897239002696445
335.30721453611017,3.193585479094369
335.2613607607536,3.198180601538893
335.19610156230374,3.203645810623825
335.1032245653675,3.210141597506405
334.9710419172113,3.2178558367820327
334.78291946574063,3.227007249265336
334.5151834855987,3.2378485264297807
334.13414153074893,3.250668442378674
333.5918425118711,3.2657917487105763
332.82004243851605,3.283574743157965
331.7216164633532,3.304392878602185
330.30740319109145,3.3265048010600338
328.89318986055923,3.3452277069018685
328.62373354795017,3.3485059260733014
327.2095201779159,3.3645021141607745
325.7953067834233,3.3788177778766117
324.38109337213956,3.391799573943736
322.96687994813135,3.403687647424685
321.552666514216,3.414657188452649
320.13845307243224,3.424841252473882
318.72423962431054,3.43434424892907
317.31002617103655,3.443250386262186
315.8958127135551,3.4516292106682447
314.4815992526384,3.4595393816388906
313.0673857889332,3.4670313313027212
311.65317232299384,3.4741491912357447
310.238958855306,3.4809322231275055
308.8247453863051,3.487415903416496
307.41053191638997,3.4936327592245564
305.996318445934,3.4996130190899812
304.582104975294,3.5053851190116583
303.16789150481804,3.510976087351324
301.7536780348516,3.5164118180380886
300.33946456574336,3.5217172279086792
298.92525109784975,3.5269162787625508
297.5110376315388,3.5320318255352214
296.0968241671922,3.5370852262356767
294.6826107052056,3.5420956138101793
293.26839724598483,3.5470786816411985
291.8541837899371,3.552044771062122
290.4399703374535,3.5569959744039026
289.02575688887885,3.561921898123286
287.61154344446555,3.566793716173603
286.6873447321929,3.5699232725248167
285.2731312950225,3.574567952285576
283.8589178614182,3.5789287913669106
282.444704430926,3.5828350470385604
281.0304910024538,3.5860623635834905
279.61627757466664,3.5883412130883645
278.2020641462547,3.589379655573336
276.7878507162741,3.588897276847559
275.37363728441244,3.5866598109801577
273.9594238510567,3.582501942150973
272.5452104171629,3.576331829994969
271.1309969840323,3.5681200478820303
269.7167835531087,3.557880864508762
268.3025701258486,3.545653284241669
266.88835670366655,3.531485888867652
265.47414328793116,3.5154264221227582
264.0599298799901,3.4975153822382836
262.6457164812099,3.477782385370422
261.23150309302395,3.4562441495124276
259.81728971698794,3.432903207614606
258.40307635484595,3.407746692624571
256.98886300861295,3.380744680144048
255.5746496806844,3.351847612381942
254.16043637398874,3.3209822510540286
252.74622309220985,3.2880453845373787
251.33200984012495,3.2528940598579656
249.91779662414257,3.215330222192133
248.50358345320208,3.175075855231241
247.0893703403749,3.1317308631546794
245.67515730594565,3.0846968340982888
244.26094438399215,3.0330254605663787
242.84673163866657,2.975072613237404
241.43251921485836,2.9075139097039813
240.01830758219444,2.821016308436831
240.01054554523307,2.8204424668592125
239.02965154612545,2.7162225437194154
238.94671915861352,2.6882946071688947
238.94329932720515,2.6846105099709296
238.94211520255797,2.6822286114826257
238.9419108506692,2.6814697044691105
238.94176804933682,2.680420941015142
238.94175744486495,2.68014722143006
238.941756653583,2.6800266654558467
238.9417589641964,2.6798449687218975
238.94176712439855,2.6796459397494568
238.94177980209653,2.67946793760348
238.94179827026758,2.6792788230251605
238.941825117325,2.679068475783636
238.9418637913069,2.6788289549267112
238.94191924405482,2.678552217377124
238.94199854144955,2.678229468792644
238.94211175122524,2.677850700744509
238.9422732091895,2.6774043094874784
238.9425033229253,2.6768767196271153
238.94283113976653,2.6762519801161364
238.94329800210375,2.6755113148040257
238.94396274996095,2.6746326161768708
238.9449091255223,2.673589874991781
238.94625631139758,2.672352542421475
238.94817392877704,2.6708848267095333
238.95090338286974,2.6691449344601277
238.9547882417752,2.667084279217012
238.9603174717233,2.664646699263273
238.96818696948748,2.661767755705702
238.97938713532733,2.6583742252939646
238.99532750680746,2.654383965967148
239.0180141376505,2.6497064242959913
239.05030204331874,2.644244181554613
239.09625448155919,2.6378961073103078
239.16165428046443,2.6305629094766902
239.25473156055077,2.6221561269682967
239.38719942879487,2.612611864747879
239.57572797835297,2.601910729367988
239.84404208492117,2.5901053448594693
240.21624767258356,2.577636990610241
240.73257150689733,2.56475626719999
241.4488161598853,2.551872286538127
242.44239096007848,2.539589295607458
243.82067812811167,2.5287464113422153
245.234891373901,2.522075083475921
246.64910468997022,2.5182585556411485
248.06331805250272,2.516402836735965
248.68968618892978,2.5160604337727674
250.10389959432783,2.5161449877837083
251.51811302215035,2.5171961619069836
252.93232646631589,2.519012222223811
254.3465399234315,2.521447379125675
255.7607533910308,2.524393170903256
257.1749668672691,2.5277670246705317
258.5891803507333,2.5315049062514663
258.6763278485346,2.531745958386182
260.0905413383251,2.5358153966096073
261.5047548334478,2.5401561483315813
262.91896833305873,2.5447364072781875
264.3331818365801,2.549530454070091
265.7473953435312,2.554517415988764
267.1616088535075,2.559680336818044
268.5758223661649,2.565005469075933
269.99003588120775,2.570481728410165
271.4042493983795,2.576100268211587
272.81846291745563,2.5818541447132874
274.232676438238,2.5877380511698953
275.64688996054997,2.593748105491869
277.061103484233,2.599881679791695
278.47531700914345,2.6061372632271955
279.8895305351501,2.612514351661361
281.303744062132,2.619013359236158
282.71795758997695,2.6256355481455014
284.13217111857955,2.632382973799724
285.5463846478401,2.639258443283167
286.9605981776634,2.646265485572885
288.3748117079578,2.653408332453487
289.7890252386338,2.6606919094625168
291.2032387696037,2.6681218365573494
292.6174523007801,2.675704438531245
294.03166583207553,2.6834467655404155
295.4458793634012,2.6913566244573217
296.86009289466614,2.699442622155808
298.27430642577616,2.7077142222884203
299.68851995663266,2.716181817662866
301.1027334871314,2.7248568210039386
302.5169470171609,2.733751777752099
303.9311605466007,2.7428805056741563
305.3453740753194,2.75225826754901
306.7595876031716,2.7619019851951587
308.17380112999524,2.771830505846993
309.5880146556071,2.782064935698313
311.0022281797979,2.7926290608241926
312.4164417023256,2.8035498834580688
313.83065522290644,2.8148583130100917
315.2448687412035,2.826590068333693
316.65908225681045,2.838786874065381
318.0732957692293,2.8514980754122226
319.4875092778384,2.8647828633842067
320.90172278184605,2.8787134164184858
322.31593628021943,2.893379464256647
323.7301497715735,2.9088951476595284
325.1443632539878,2.9254097632073437
326.5585767246878,2.943125474187993
327.97279017944993,2.9623284556601823
329.38700361138467,2.983448527514687
330.80121700811327,3.0071875774542685
332.2154303438915,3.0348491527728125
333.62964354964066,3.0694811848289887
335.04385626941905,3.1244004849971
335.39740858200344,3.1597021155033485
335.41199216193957,3.1652418562792115
335.41445772174757,3.1672183404498693
335.415312124209,3.1685722701427537
335.41545974785726,3.169090848992642
335.41548567013473,3.169259595409235
335.41550344444624,3.169463442338291
335.4155061522551,3.1695334093621828
335.41550663087463,3.169595801119025
335.41550445789545,3.1697046490412473
335.4154994435056,3.169797480824084
335.41549215025503,3.1698780504747774
335.41548137546727,3.169965701392996
335.41546546847405,3.170067305530564
335.415442063986,3.1701860763891547
335.41540772303466,3.170326144700616
335.41535741700096,3.170492643405358
335.41528379567774,3.170691600058843
335.41517611967254,3.1709301629629456
335.4150186967501,3.1712157209709853
335.41479453627215,3.171552574896494
335.4144753958092,3.1719503298621867
335.4140210838791,3.172421425372263
335.41337439820455,3.1729805408012415
335.4124539277817,3.1736450601204753
335.4111438079754,3.17443561186816
335.40927913989304,3.175376701959108
335.40662523918814,3.17649745865103
335.4028481029249,3.177832510759048
335.39747237799736,3.179423022578164
335.3898215417686,3.1813179115132852
335.3789327671456,3.183575276984947
335.36343575854625,3.186264070982797
335.34138031124144,3.1894660411785973
335.3099908938073,3.193277975241591
335.2653173698669,3.1978142678983725
335.201737905271,3.2032098165891694
335.11125150559445,3.2096232212473153
334.9824711554995,3.2172402083290064
334.79919085467515,3.226277101138281
334.53834622338445,3.2369839873960897
334.16711203627847,3.249646938881544
333.6387714325208,3.264588128210657
332.8868369756409,3.2821618178314935
331.8166837459296,3.3027427263335176
330.40247047893314,3.325140213092113
328.9882571513663,3.344051262608391
328.6237336208807,3.3485059259949947
327.2095202508435,3.3645021133829767
325.7953068563509,3.3788177771752146
324.38109344506717,3.391799573304215
322.96688002105896,3.4036876468366004
321.5526665871436,3.4146571879082397
320.13845314535985,3.4248412519670803
318.72423969723815,3.434344248455057
317.31002624396416,3.443250385817074
315.8958127864827,3.4516292102487283
314.481599325566,3.4595393812421538
313.0673858618608,3.467031330926385
311.65317239592144,3.4741491908776547
310.2389589282336,3.4809322227857398
308.8247454592327,3.487415903089289
307.4105319893176,3.4936327589103398
305.9963185188616,3.4996130187871977
304.5821050482216,3.5053851187189027
303.16789157774565,3.5109760870672435
301.7536781077792,3.5164118177613575
300.33946463867096,3.5217172276380406
298.92525117077736,3.526916278496796
297.5110377044664,3.5320318252732203
296.0968242401198,3.537085225976334
294.6826107781332,3.542095613552627
293.26839731891243,3.54707868138474
291.8541838628647,3.5520447708063596
290.4399704103811,3.5569959741490544
289.02575696180645,3.561921897870332
287.61154351739316,3.5667937159245975
286.6873447629736,3.5699232724215975
285.2731313258032,3.5745679521870484
283.8589178921989,3.5789287912762178
282.4447044617067,3.5828350469600103
281.0304910332345,3.5860623635225397
279.61627760544735,3.5883412130512125
278.2020641770354,3.589379655566316
276.7878507470548,3.588897276876427
275.37363731519315,3.58665981104927
273.95942388183744,3.5825019422631645
272.5452104479436,3.576331830151488
271.13099701481303,3.568120048082919
269.7167835838894,3.5578808647534217
268.3025701566293,3.5456532845290956
266.88835673444726,3.531485889196771
265.47414331871187,3.515426422492571
264.0599299107708,3.497515382648021
262.6457165119906,3.477782385819598
261.23150312380466,3.4562441500008187
259.81728974776865,3.4329032081423083
258.40307638562666,3.4077466931920624
256.98886303939366,3.3807446807521417
255.5746497114651,3.351847613032006
254.16043640476946,3.320982251747932
252.74622312299056,3.2880453852777523
251.33200987090567,3.2528940606484666
249.91779665492328,3.2153302230378142
248.5035834839828,3.175075856139278
247.0893703711556,3.1317308641355903
245.67515733672636,3.084696835168126
244.26094441477287,3.0330254617514836
242.84673166944725,2.9750726145860718
241.43251924563904,2.907513911323738
240.0183076129751,2.8210163107090462
240.01054554678075,2.8204424669741037
239.0296515476732,2.716222544053835
238.94671916016117,2.6882946084745267
238.94329932875235,2.6846105122855426
238.9421152041015,2.682228616237993
238.94191085220575,2.6814697116506654
238.9417680507852,2.68042096560015
238.9417574459898,2.6801472781453546
238.9417566535486,2.6800266654569227
238.94175896420782,2.6798449687238426
238.94176712436095,2.67964594025781
238.94177980206337,2.679467937996765
238.9417982702332,2.679278823332837
238.94182511729014,2.6790684760243755
238.94186379127177,2.6788289551219995
238.9419192440195,2.678552217535496
238.9419985414141,2.6782294689231145
238.9421117511897,2.677850700852863
238.9422732091539,2.6774043095780984
238.94250332288968,2.67687671970209
238.9428311397309,2.676251980179466
238.94329800206813,2.6755113148559797
238.94396274992533,2.6746326162201375
238.94490912548665,2.673589875027971
238.9462563113619,2.67235254245164
238.94817392874137,2.670884826734114
238.95090338283407,2.6691449344807063
238.95478824173952,2.6670842792340923
238.96031747168763,2.6646466992777222
238.9681869694518,2.6617677557175514
238.97938713529166,2.658374225303792
238.9953275067718,2.6543839659754167
239.01801413761484,2.6497064243026847
239.05030204328307,2.6442441815600475
239.09625448152352,2.637896107314723
239.16165428042876,2.6305629094803296
239.2547315605151,2.6221561269711655
239.3871994287592,2.6126118647501673
239.5757279783173,2.6019107293698
239.8440420848855,2.590105344860853
240.2162476725479,2.5776369906112775
240.73257150686166,2.564756267200762
241.44881615984963,2.5518722865386696
242.44239096004281,2.539589295607822
243.820678128076,2.5287464113424205
245.23489137386534,2.5220750834760626
246.64910468993455,2.5182585556412094
248.06331805246705,2.5164028367359954
248.68968618889411,2.5160604337727746
250.10389959429216,2.5161449877836963
251.51811302211468,2.517196161906952
252.93232646628022,2.519012222223755
254.34653992339582,2.5214473791256027
255.76075339099512,2.5243931709031715
257.1749668672335,2.527767024670447
258.58918035069763,2.531504906251379
258.67632784849894,2.531745958386077
260.0905413382895,2.5358153966094967
261.50475483341216,2.540156148331469
262.9189683330231,2.5447364072780703
264.33318183654444,2.549530454069968
265.74739534349555,2.5545174159886312
267.1616088534719,2.559680336817914
268.5758223661293,2.5650054690758006
269.9900358811721,2.570481728410031
271.40424939834384,2.576100268211432
272.81846291742,2.581854144713141
274.23267643820236,2.587738051169745
275.64688996051433,2.593748105491719
277.06110348419736,2.5998816797915225
278.4753170091078,2.6061372632270423
279.88953053511443,2.6125143516611975
281.30374406209637,2.6190133592359945
282.7179575899413,2.6256355481453313
284.1321711185439,2.6323829737995506
285.5463846478045,2.639258443282998
286.9605981776278,2.6462654855727084
288.37481170792216,2.6534083324533113
289.7890252385982,2.660691909462334
291.20323876956803,2.6681218365571686
292.61745230074445,2.6757044385310422
294.0316658320399,2.683446765540208
295.4458793633656,2.6913566244571117
296.8600928946305,2.6994426221556007
298.2743064257405,2.7077142222882076
299.688519956597,2.716181817662659
301.10273348709575,2.724856821003711
302.51694701712523,2.7337517777518703
303.9311605465651,2.7428805056739156
305.34537407528376,2.7522582675487675
306.75958760313597,2.7619019851949163
308.1738011299596,2.7718305058467463
309.58801465557144,2.782064935698049
311.00222817976226,2.7926290608239177
312.41644170228994,2.8035498834578023
313.8306552228708,2.8148583130098013
315.24486874116786,2.826590068333408
316.6590822567748,2.8387868740650584
318.07329576919363,2.851498075411888
319.48750927780276,2.8647828633838577
320.9017227818104,2.8787134164181287
322.3159362801838,2.893379464256256
323.73014977153787,2.90889514765914
325.1443632539522,2.9254097632069316
326.55857672465214,2.943125474187548
327.9727901794143,2.9623284556596854
329.38700361134903,2.9834485275140903
330.80121700807763,3.0071875774536307
332.21543034385587,3.034849152772092
333.629643549605,3.0694811848280157
335.0438562693834,3.124400484994898
335.3974085819678,3.1597021154935385
335.4119921619039,3.165241856257151
335.4144577217119,3.167218340409652
335.4153121241734,3.1685722700448347
335.41545974782184,3.1690908488028593
335.41548567009966,3.169259595140593
335.4155034444141,3.169463441690235
335.41550615222684,3.1695334084708273
335.4155066308981,3.169595801120414
335.41550318146875,3.169737428530673
335.415497972335,3.1698172310812023
335.41549067178977,3.169890714596098
335.4154798946413,3.169975887842936
335.4154639780767,3.170075651587294
335.4154405663593,3.1701928113117446
335.41540622100484,3.170331607756304
335.4153559121403,3.1704971089741556
335.41528228892406,3.1706952650261653
335.4151746116445,3.1709331777373873
335.41501719064314,3.1712193748271256
335.41478710304995,3.171562755921104
335.4144595277627,3.1719683643994796
335.4139932085732,3.172447793007465
335.41332943268304,3.1730160126461118
335.4123846384443,3.1736907084190813
335.4110399002752,3.1744928343452767
335.4091259628453,3.1754472594441054
335.40640194165866,3.1765835253765933
335.40252500968137,3.1779367377975296
335.3970072553195,3.179548615495336
335.3891542826744,3.18146872383237
335.37797782741137,3.183755921328526
335.3620713916554,3.1864800499903874
335.3394332475664,3.1897239002809394
335.3072145360233,3.193585479103802
335.2613607606667,3.1981806015467544
335.1961015622169,3.203645810630194
335.10322456528064,3.2101415975118424
334.97104191712447,3.217855836786644
334.7829194656538,3.227007249269244
334.51518348551184,3.2378485264329924
334.1341415306621,3.2506684423813654
333.59184251178425,3.265791748712813
332.8200424384292,3.2835747431597833
331.72161646326634,3.304392878603678
330.3074031910046,3.3265048010612746
328.8931898604724,3.345227706902936
328.6237335478633,3.3485059260743437
327.20952017782906,3.3645021141617373
325.79530678333646,3.378817777877468
324.3810933720527,3.391799573944513
322.9668799480445,3.403687647425375
321.55266651412916,3.414657188453282
320.1384530723454,3.4248412524744847
318.7242396242237,3.434344248929637
317.3100261709497,3.44325038626274
315.8958127134682,3.4516292106687527
314.4815992525515,3.459539381639357
313.06738578884637,3.4670313313031764
311.653172322907,3.4741491912361764
310.23895885521915,3.480932223127926
308.82474538621824,3.487415903416878
307.4105319163031,3.493632759224929
305.9963184458471,3.499613019090339
304.58210497520713,3.5053851190120007
303.1678915047312,3.5109760873516924
301.75367803476473,3.516411818038415
300.3394645656565,3.5217172279090097
298.9252510977629,3.5269162787628847
297.5110376314519,3.532031825535544
296.09682416710535,3.5370852262359795
294.68261070511875,3.5420956138104915
293.268397245898,3.5470786816415028
291.85418378985025,3.552044771062411
290.4399703373666,3.556995974404201
289.025756888792,3.561921898123608
287.6115434443787,3.5667937161738834
286.68734473210606,3.569923272525108
285.27313129493564,3.574567952285829
283.85891786133135,3.5789287913671415
282.4447044308391,3.582835047038783
281.03049100236694,3.5860623635836695
279.6162775745798,3.588341213088483
278.20206414616786,3.589379655573345
276.7878507161872,3.5888972768474763
275.3736372843256,3.5866598109799632
273.95942385096987,3.5825019421506625
272.545210417076,3.5763318299945337
271.13099698394547,3.568120047881453
269.71678355302186,3.5578808645080695
268.30257012576175,3.545653284240874
266.8883567035797,3.5314858888667215
265.4741432878443,3.515426422121704
264.0599298799032,3.497515382237124
262.64571648112303,3.4777823853691543
261.2315030929371,3.4562441495110563
259.8172897169011,3.432903207613116
258.4030763547591,3.4077466926229802
256.9888630085261,3.3807446801423238
255.57464968059753,3.351847612380109
254.1604363739019,3.320982251052077
252.746223092123,3.288045384535294
251.3320098400381,3.2528940598557448
249.9177966240557,3.2153302221897473
248.50358345311523,3.175075855228674
247.08937034028804,3.131730863151907
245.6751573058588,3.084696834095262
244.2609443839053,3.0330254605630356
242.8467316385797,2.9750726132335963
241.4325192147715,2.907513909699404
240.01830758210758,2.8210163084304503
240.01054554514621,2.820442466852769
239.0296515460386,2.716222543700532
238.94671915852666,2.6882946070952576
238.94329932711832,2.684610509840964
238.94211520247134,2.6822286112162512
238.94191085058296,2.6814697040621653
238.94176804925553,2.6804209396349528
238.94175744480322,2.680147218093037
238.94175665358395,2.6800266654572296
238.94175896420856,2.6798449687232804
238.94176712438937,2.679645939779981
238.94177980209344,2.6794679376472414
238.94179827026377,2.6792788230588584
238.94182511732123,2.679068475814529
238.94186379130304,2.678828954947951
238.94191924405095,2.6785522173953358
238.94199854144566,2.678229468806707
238.94211175122135,2.6778507007580377
238.94227320918557,2.6774043094977866
238.94250332292137,2.6768767196345697
238.9428311397626,2.676251980123463
238.94329800209982,2.675511314809622
238.94396274995702,2.674632616181746
238.94490912551836,2.6735898749964098
238.94625631139365,2.672352542424572
238.94817392877312,2.6708848267121335
238.95090338286582,2.6691449344624076
238.95478824177127,2.6670842792187006
238.96031747171938,2.6646466992649627
238.96818696948355,2.6617677557071078
238.9793871353234,2.658374225295131
238.99532750680353,2.6543839659680994
239.0180141376466,2.6497064242968515
239.05030204331482,2.644244181555214
239.09625448155526,2.637896107310735
239.1616542804605,2.630562909477064
239.25473156054684,2.622156126968619
239.38719942879095,2.6126118647481364
239.57572797834905,2.6019107293681922
239.84404208491725,2.590105344859623
240.21624767257964,2.577636990610345
240.7325715068934,2.5647562672000603
241.44881615988137,2.551872286538191
242.44239096007456,2.5395892956075024
243.82067812810774,2.528746411342235
245.23489137389709,2.5220750834759382
246.6491046899663,2.5182585556411494
248.0633180524988,2.516402836735979
248.68968618892586,2.5160604337727746
250.1038995943239,2.516144987783705
251.51811302214642,2.5171961619069854
252.93232646631196,2.519012222223791
254.34653992342757,2.521447379125657
255.76075339102687,2.5243931709032403
257.1749668672652,2.5277670246705255
258.58918035072935,2.5315049062514694
258.67632784853066,2.5317459583861655
260.0905413383212,2.53581539660959
261.5047548334439,2.5401561483315653
262.9189683330548,2.544736407278174
264.33318183657616,2.549530454070088
265.7473953435273,2.554517415988747
267.1616088535036,2.55968033681803
268.575822366161,2.5650054690759205
269.9900358812038,2.5704817284101527
271.40424939837555,2.576100268211565
272.8184629174517,2.581854144713271
274.2326764382341,2.5877380511698846
275.64688996054605,2.593748105491846
277.0611034842291,2.599881679791664
278.47531700913953,2.6061372632271853
279.88953053514615,2.612514351661343
281.3037440621281,2.619013359236136
282.717957589973,2.6256355481454783
284.1321711185756,2.632382973799713
285.5463846478362,2.6392584432831594
286.9605981776595,2.6462654855728744
288.3748117079539,2.6534083324534734
289.7890252386299,2.6606919094624955
291.20323876959975,2.6681218365573334
292.61745230077616,2.6757044385312154
294.0316658320716,2.683446765540391
295.4458793633973,2.691356624457291
296.8600928946622,2.69944262215578
298.27430642577224,2.7077142222883945
299.68851995662874,2.7161818176628554
301.10273348712747,2.7248568210039146
302.51694701715695,2.7337517777520786
303.9311605465968,2.7428805056741314
305.3453740753155,2.7522582675489855
306.7595876031677,2.761901985195138
308.1738011299913,2.771830505846979
309.58801465560316,2.7820649356982883
311.002228179794,2.792629060824159
312.41644170232166,2.803549883458045
313.8306552229025,2.8148583130100775
315.2448687411996,2.826590068333671
316.6590822568065,2.83878687406534
318.07329576922535,2.851498075412167
319.4875092778345,2.8647828633841623
320.9017227818421,2.8787134164184547
322.3159362802155,2.89337946425659
323.7301497715696,2.908895147659469
325.1443632539839,2.9254097632072984
326.55857672468386,2.9431254741879673
327.972790179446,2.9623284556601504
329.38700361138075,2.983448527514578
330.80121700810935,3.0071875774541934
332.2154303438876,3.0348491527727304
333.62964354963674,3.069481184828901
335.04385626941513,3.1244004849968254
335.3974085819995,3.1597021155021405
335.41199216193564,3.165241856276824
335.41445772174364,3.1672183404442307
335.41531212420506,3.1685722701267043
335.41545974785333,3.169090848982866
335.41548567013086,3.16925959538033
335.41550344444266,3.169463442278725
335.41550615225106,3.1695334093458474
335.41550663088105,3.169595801119925
335.4155044579195,3.1697046490422176
335.41549944353807,3.1697974813298124
335.4154921502699,3.169878050379674
335.4154813754847,3.1699657012398994
335.41546546849173,3.1700673053923163
335.4154420640039,3.1701860762954954
335.4154077230527,3.170326144639752
335.415357417019,3.170492643349251
335.4152837956957,3.1706916000022853
335.41517611969056,3.170930162926882
335.41501869676813,3.171215720939166
335.41479453629023,3.1715525748718685
335.41447539582725,3.171950329840965
335.4140210838972,3.172421425354852
335.41337439822263,3.172980540787012
335.4124539277998,3.1736450601078747
335.4111438079935,3.17443561185754
335.4092791399111,3.1753767019520827
335.4066252392062,3.176497458643886
335.402848102943,3.177832510753802
335.39747237801544,3.179423022573688
335.38982154178666,3.181317911509345
335.3789327671637,3.18357527698185
335.3634357585643,3.1862640709800787
335.3413803112595,3.18946604117599
335.3099908938254,3.193277975239631
335.265317369885,3.1978142678966064
335.20173790528906,3.2032098165877843
335.11125150561253,3.2096232212461273
334.9824711555176,3.2172402083279765
334.7991908546932,3.226277101137567
334.5383462234025,3.236983987395334
334.16711203629654,3.249646938881061
333.6387714325389,3.2645881282102134
332.886836975659,3.2821618178310934
331.81668374594767,3.302742726333246
330.4024704789512,3.32514021309182
328.9882571513844,3.3440512626081627
328.6237336208988,3.3485059259947967
327.2095202508616,3.3645021133827897
325.795306856369,3.3788177771750485
324.38109344508524,3.391799573304083
322.96688002107703,3.4036876468364636
321.5526665871617,3.414657187908088
320.1384531453779,3.4248412519669467
318.7242396972562,3.4343442484549422
317.31002624398224,3.4432503858169605
315.89581278650076,3.451629210248612
314.48159932558406,3.4595393812420405
313.0673858618789,3.4670313309263037
311.6531723959395,3.4741491908775646
310.2389589282517,3.480932222785645
308.8247454592508,3.487415903089212
307.41053198933565,3.4936327589102354
305.99631851887966,3.4996130187871253
304.58210504823967,3.5053851187188196
303.1678915777637,3.510976087067188
301.75367810779727,3.516411817761277
300.33946463868904,3.5217172276379802
298.92525117079543,3.5269162784967496
297.51103770448447,3.532031825273136
296.0968242401379,3.5370852259762775
294.6826107781513,3.542095613552551
293.2683973189305,3.547078681384658
291.8541838628828,3.552044770806324
290.43997041039916,3.5569959741489936
289.0257569618245,3.561921897870275
287.61154351741123,3.566793715924526
286.6873447629917,3.5699232724215304
285.2731313258213,3.5745679521869653
283.858917892217,3.5789287912761485
282.44470446172477,3.582835046959992
281.0304910332526,3.58606236352251
279.6162776054654,3.5883412130511787
278.2020641770535,3.5893796555663062
276.78785074707287,3.588897276876434
275.3736373152112,3.586659811049314
273.9594238818555,3.5825019422632276
272.54521044796167,3.5763318301515823
271.1309970148311,3.5681200480830557
269.7167835839075,3.55788086475357
268.3025701566474,3.5456532845292865
266.88835673446533,3.531485889196948
265.47414331872994,3.515426422492791
264.05992991078887,3.497515382648257
262.6457165120087,3.477782385819867
261.23150312382273,3.4562441500010945
259.81728974778673,3.432903208142616
258.40307638564474,3.407746693192394
256.98886303941174,3.380744680752501
255.57464971148318,3.3518476130323873
254.16043640478753,3.3209822517483487
252.74622312300863,3.2880453852781937
251.33200987092374,3.252894060648924
249.91779665494136,3.2153302230383067
248.50358348400087,3.17507585613982
247.0893703711737,3.1317308641361667
245.67515733674443,3.084696835168761
244.26094441479094,3.033025461752175
242.84673166946533,2.975072614586836
241.43251924565712,2.9075139113246995
240.01830761299317,2.8210163107104114
240.01054554679882,2.82044246697546
239.0296515476913,2.7162225440578815
238.94671916017924,2.688294608489623
238.94329932877042,2.6846105123122657
238.94211520411955,2.6822286162952302
238.94191085222374,2.6814697117353203
238.94176805080224,2.68042096587688
238.9417574460029,2.6801472788129876
238.94175665354615,2.680026665454281
238.94175898093917,2.679844350800707
238.94176714517798,2.6796455577909257
238.941779823031,2.679467686936997
238.94179829152668,2.679278632971603
238.94182513885008,2.6790683257307726
238.94186381300298,2.6788288340642072
238.9419192658619,2.6785521188274513
238.94199856333006,2.6782293877981522
238.94211177315503,2.6778506338227013
238.94227323115277,2.6774042539919436
238.94250334491153,2.6768766734974228
238.94283116176862,2.676251941713777
238.94329802411684,2.67551128280159
238.9439627719817,2.674632589496835
238.94490914754834,2.673589852745696
238.94625633342736,2.6723525238759915
238.94817395080943,2.6708848112570958
238.95090340490395,2.669144921594067
238.95478826381068,2.667084268515617
238.96031749375967,2.664646690375281
238.96818699152448,2.6617677483361994
238.97938715736478,2.6583742191971265
238.99532752884522,2.6543839609370266
239.0180141596885,2.6497064201601224
239.05030206535687,2.6442441781682096
239.09625450359744,2.6378961045524396
239.16165430250274,2.6305629072458663
239.25473158258913,2.6221561251791945
239.3871994508333,2.612611863328644
239.57572800039142,2.6019107282580007
239.84404210695965,2.5901053440071786
240.21624769462207,2.5776369899674973
240.73257152893586,2.564756266728004
241.44881618192383,2.5518722862048073
242.44239098211702,2.539589295385678
243.8206781501502,2.5287464112089024
245.23489139593954,2.522075083397212
246.64910471200875,2.5182585555986767
248.06331807454126,2.5164028367192492
248.68968616882148,2.516060433779656
250.10389957421953,2.5161449877750677
251.51811300204204,2.517196161886199
252.93232644620758,2.519012222193286
254.3465399033232,2.5214473790871907
255.7607533709225,2.5243931708581564
257.1749668471608,2.527767024619841
258.58918033062497,2.531504906195985
258.6763278284263,2.5317459583304123
260.0905413182168,2.5358153965497374
261.5047548133395,2.5401561482680957
262.9189683129504,2.544736407211493
264.3331818164718,2.5495304540005086
265.7473953234229,2.554517415916566
267.1616088333992,2.5596803367434497
268.5758223460566,2.5650054689991166
269.99003586109944,2.570481728331273
271.4042493782712,2.576100268130719
272.81846289734733,2.5818541446305403
274.2326764181297,2.5877380510853287
275.64688994044167,2.593748105405534
277.0611034641247,2.599881679703607
278.47531698903515,2.6061372631373914
279.88953051504177,2.612514351569814
281.3037440420237,2.619013359142886
282.71795756986864,2.6256355480504565
284.13217109847125,2.6323829737028843
285.5463846277318,2.6392584431844854
286.9605981575551,2.646265485472304
