Lx,Lz,alpha,gamma,id,norm,shear,dissipation,residual
10.482758620689655,7.482758620689655,0.599382808908579,0.8396883590240001,1,0.09224567851812127,1.0455070532882587,1.0830715460681473,4.023868843680879e-10
10.482758620689655,7.482758620689655,0.599382808908579,0.8396883590240001,2,0.32295204704193586,1.9135916138085407,2.0220583656091806,3.529972166489266e-9
10.482758620689655,7.482758620689655,0.599382808908579,0.8396883590240001,3,0.2783226434712853,1.571098350979673,1.7813421270227674,5.0607105302243585e-12
8.413793103448276,7.379310344827586,0.7467720242139673,0.8514596911598504,1,0.09802828773474528,1.0525375438949893,1.1074007566429922,5.897368374074105e-13
8.413793103448276,7.379310344827586,0.7467720242139673,0.8514596911598504,2,0.32690133822236167,1.9573997894734827,2.122276654269207,6.25228738818509e-11
8.413793103448276,7.379310344827586,0.7467720242139673,0.8514596911598504,3,0.3291764571567084,1.890446801960165,2.133283315889906,2.2678671243283925e-9
8.413793103448276,7.379310344827586,0.7467720242139673,0.8514596911598504,4,0.35680624246237685,1.9604579886964002,2.4134283465647894,1.0423355584564899e-10
8.413793103448276,7.379310344827586,0.7467720242139673,0.8514596911598504,5,0.32055464407458395,1.7517619246082274,2.1817277455559196,1.0154824045197425e-13
11.03448275862069,6.655172413793103,0.56941366846315,0.9441055642912332,1,0.09341600468725794,1.0505772322776465,1.0884906649461923,2.845974513445211e-12
11.03448275862069,6.655172413793103,0.56941366846315,0.9441055642912332,2,0.3189695755986468,1.971994572219932,2.0505703059688365,2.7012836008472843e-9
11.03448275862069,6.655172413793103,0.56941366846315,0.9441055642912332,3,0.2258520619669471,1.3631949462499011,1.5630058642428988,4.378626204860072e-9
11.586206896551724,5.827586206896552,0.5422987318696667,1.0781797272675029,1,0.10161994492475189,1.0639994357224314,1.1091285752050262,3.504108766947254e-11
11.586206896551724,5.827586206896552,0.5422987318696667,1.0781797272675029,2,0.12557768840178618,1.0966169079516868,1.1686787245869994,1.2303315932704972e-11
11.586206896551724,5.827586206896552,0.5422987318696667,1.0781797272675029,3,0.3118938909954482,2.031253816420466,2.080809181367618,7.083417044494384e-13
11.586206896551724,5.827586206896552,0.5422987318696667,1.0781797272675029,4,0.5207414642676531,3.3700234953445456,3.3204140374075264,2.285193741231008e-11
8.96551724137931,6.655172413793103,0.700816822723877,0.9441055642912332,1,0.0963398739098238,1.0551574994161383,1.1063948978774756,4.1385045671618355e-10
8.96551724137931,6.655172413793103,0.700816822723877,0.9441055642912332,2,0.3214959959970213,2.011296429171134,2.132789844859016,7.166316284613431e-14
8.96551724137931,6.655172413793103,0.700816822723877,0.9441055642912332,3,0.2961894449219007,1.7081319752924466,1.9905727887727742,4.723599853323846e-10
9.517241379310345,5.931034482758621,0.6601897605369855,1.059374266908186,1,0.10284258485070893,1.0670482171117768,1.124932218804812,2.497666176739589e-9
9.517241379310345,5.931034482758621,0.6601897605369855,1.059374266908186,2,0.2476926936894717,1.472605777593388,1.7522008438083567,1.2613298983144762e-8
9.517241379310345,5.931034482758621,0.6601897605369855,1.059374266908186,3,0.31498536360932405,2.0687563770292625,2.146782117394551,2.5465694254512713e-9
10.068965517241379,5.206896551724138,0.6240149791376987,1.2067044629682648,1,0.12114141492011263,1.0973259968146671,1.1784407585112948,1.5554422268061286e-9
10.068965517241379,5.206896551724138,0.6240149791376987,1.2067044629682648,2,0.30495348636448133,2.1143846851612658,2.157635786818652,3.891509838759287e-12
8.0,5.0,0.7853981633974483,1.2566370614359172,1,0.20276963423909244,1.3107654714454335,1.5870981257922356,4.427076634806618e-9
8.0,5.0,0.7853981633974483,1.2566370614359172,2,0.31862914222781374,2.2579027170882293,2.3206095742184147,3.137478327267888e-8
8.0,5.0,0.7853981633974483,1.2566370614359172,3,0.2578163760829623,1.5652909970832978,1.9323322334024537,2.7403824960811493e-8
10.482758620689655,7.586206896551724,0.599382808908579,0.8282380632191273,1,0.09240396909362046,1.0451409625381285,1.0826514223941788,2.474554904146989e-12
10.482758620689655,7.586206896551724,0.599382808908579,0.8282380632191273,2,0.3233977409120358,1.9061485202054802,2.016948902600653,4.00021309567393e-10
10.482758620689655,7.586206896551724,0.599382808908579,0.8282380632191273,3,0.28133897079736625,1.5816266329119868,1.788503376754401,1.8658731860169895e-13
8.413793103448276,7.482758620689655,0.7467720242139673,0.8396883590240001,1,0.09838936513607782,1.052265550915811,1.1073405035434254,3.466057736164247e-13
8.413793103448276,7.482758620689655,0.7467720242139673,0.8396883590240001,2,0.32711686409585516,1.9476444477448398,2.115017762767806,1.2785154481148004e-13
8.413793103448276,7.482758620689655,0.7467720242139673,0.8396883590240001,3,0.36085476158509655,1.9836524347018667,2.434718788157931,6.877057364436527e-10
8.413793103448276,7.482758620689655,0.7467720242139673,0.8396883590240001,4,0.3217391228217255,1.7511377611034227,2.1819455434410164,1.247252696951248e-10
8.413793103448276,7.482758620689655,0.7467720242139673,0.8396883590240001,5,0.3992940470411104,2.4653622899789265,2.666559591181297,2.332300179153932e-11
8.413793103448276,7.482758620689655,0.7467720242139673,0.8396883590240001,6,0.33123004855571986,1.897268652730511,2.133396482711601,4.578528584964448e-9
11.03448275862069,6.758620689655173,0.56941366846315,0.9296549689194286,1,0.09293027497240562,1.0495149018961898,1.0867633283367348,9.8487149839565e-9
11.03448275862069,6.758620689655173,0.56941366846315,0.9296549689194286,2,0.2322993165131911,1.3870233719345442,1.5894543353312955,6.563202440078478e-11
11.03448275862069,6.758620689655173,0.56941366846315,0.9296549689194286,3,0.31974052243303985,1.9637718389980496,2.0453558449190146,2.5721738483589946e-11
8.96551724137931,6.758620689655173,0.700816822723877,0.9296549689194286,1,0.09587816122585387,1.0540273177367947,1.1044744956733095,7.285251778218897e-10
8.96551724137931,6.758620689655173,0.700816822723877,0.9296549689194286,2,0.29893182842384197,1.7195733973082588,1.9963743970259271,1.3068716654143597e-13
8.96551724137931,6.758620689655173,0.700816822723877,0.9296549689194286,3,0.3218624681367381,2.0008139865069774,2.125726591252027,7.922992055314503e-10
11.586206896551724,5.931034482758621,0.5422987318696667,1.059374266908186,1,0.10011232099808795,1.0615944273904427,1.104978340493045,2.5325830615208215e-9
11.586206896551724,5.931034482758621,0.5422987318696667,1.059374266908186,2,0.1305751040970737,1.1042152212493375,1.1821312600378562,2.800993864836924e-10
11.586206896551724,5.931034482758621,0.5422987318696667,1.059374266908186,3,0.31307385330147014,2.0232792790418026,2.07541366243051,1.994621722050978e-10
9.517241379310345,6.0344827586206895,0.6601897605369855,1.04121356518976,1,0.10105857592234666,1.0641752306248942,1.1195512680097166,2.0825728800393104e-12
9.517241379310345,6.0344827586206895,0.6601897605369855,1.04121356518976,2,0.31576400120772147,2.058158343943494,2.140569685330006,2.471501328959871e-9
9.517241379310345,6.0344827586206895,0.6601897605369855,1.04121356518976,3,0.2538920141557928,1.4996536670874816,1.7805983403092198,3.9242454079594155e-12
9.517241379310345,6.0344827586206895,0.6601897605369855,1.04121356518976,4,0.5290604401672184,3.508866230262698,3.4838781401604133,4.374399985062149e-12
10.068965517241379,5.310344827586207,0.6240149791376987,1.1831972331701817,1,0.1306491311423036,1.1119816646906917,1.2069313223121698,1.0477960454980548e-10
10.068965517241379,5.310344827586207,0.6240149791376987,1.1831972331701817,2,0.11731290026301035,1.0906406941598468,1.1659531170710908,2.3028061681236312e-11
10.068965517241379,5.310344827586207,0.6240149791376987,1.1831972331701817,3,0.3063802485005749,2.107153014682903,2.152754159095263,1.2180740563615613e-12
8.0,5.103448275862069,0.7853981633974483,1.2311646885689729,1,0.32004171192106473,2.2461228213768933,2.316708656091616,2.5692455080513025e-8
8.0,5.103448275862069,0.7853981633974483,1.2311646885689729,2,0.1978159476183017,1.2908208145089226,1.5547704339869841,7.570296905771121e-11
8.0,5.103448275862069,0.7853981633974483,1.2311646885689729,3,0.2667517249413655,1.6117644878470867,1.9838562553003463,3.396813545030191e-10
10.482758620689655,7.689655172413793,0.599382808908579,0.817095847122009,1,0.09262115014768077,1.0448339200748067,1.0823456579992108,1.2440606003524483e-8
10.482758620689655,7.689655172413793,0.599382808908579,0.817095847122009,2,0.3238190502316182,1.8988741004443397,2.0119139580289094,4.901612729119332e-9
10.482758620689655,7.689655172413793,0.599382808908579,0.817095847122009,3,0.28426854120492645,1.5916311255558457,1.7950788062319787,9.899196683521171e-13
8.413793103448276,7.586206896551724,0.7467720242139673,0.8282380632191273,1,0.09883702507112409,1.052080590716678,1.1074754773443174,6.721112922490305e-9
8.413793103448276,7.586206896551724,0.7467720242139673,0.8282380632191273,2,0.32732252634993014,1.938056638430321,2.107782747071991,4.084328094762091e-12
8.413793103448276,7.586206896551724,0.7467720242139673,0.8282380632191273,3,0.33325905561097563,1.9037432115912192,2.133285151599548,6.320537796937984e-12
8.413793103448276,7.586206896551724,0.7467720242139673,0.8282380632191273,4,0.3646832314089797,2.0094310851310215,2.455539080926336,6.609784958751287e-13
8.413793103448276,7.586206896551724,0.7467720242139673,0.8282380632191273,5,0.3231616210732733,1.7516274178044862,2.1836101428645462,3.119752612786025e-12
11.03448275862069,6.862068965517241,0.56941366846315,0.9156400698904925,1,0.0925397759181219,1.048564048156613,1.085243364802306,1.174732901572891e-10
11.03448275862069,6.862068965517241,0.56941366846315,0.9156400698904925,2,0.3204790405743095,1.9556783502412745,2.0401950647636897,2.913450356506323e-14
11.03448275862069,6.862068965517241,0.56941366846315,0.9156400698904925,3,0.23802600777789254,1.4084351699230018,1.6121081047007482,7.298167764875126e-10
8.96551724137931,6.862068965517241,0.700816822723877,0.9156400698904925,1,0.09554843403588001,1.053053704279885,1.1028750950598292,8.371511322359357e-12
8.96551724137931,6.862068965517241,0.700816822723877,0.9156400698904925,2,0.32220332648588007,1.9905223224089919,2.1186739971794113,3.996863844500683e-11
8.96551724137931,6.862068965517241,0.700816822723877,0.9156400698904925,3,0.30155496407079113,1.730219902415774,2.0012546395866044,7.407870291188915e-10
11.586206896551724,6.0344827586206895,0.5422987318696667,1.04121356518976,1,0.09876572627329884,1.059420910526743,1.1012508092534663,6.214121968877114e-9
11.586206896551724,6.0344827586206895,0.5422987318696667,1.04121356518976,2,0.13657970638220202,1.1141669849811575,1.1993493561201893,1.0123410111414082e-12
11.586206896551724,6.0344827586206895,0.5422987318696667,1.04121356518976,3,0.3142079609570836,2.015182527834284,2.0700699871527672,1.00000875441973e-8
9.517241379310345,6.137931034482759,0.6601897605369855,1.0236650219562247,1,0.09953617549812534,1.0616889019036881,1.114937427509201,3.1361296010073777e-8
9.517241379310345,6.137931034482759,0.6601897605369855,1.0236650219562247,2,0.3164847311831537,2.047606121523442,2.13425965113915,3.953831944684337e-11
9.517241379310345,6.137931034482759,0.6601897605369855,1.0236650219562247,3,0.25931404920514756,1.5234575325339437,1.8041420757587536,1.2600029396799001e-8
10.068965517241379,5.413793103448276,0.6240149791376987,1.1605883688420893,1,0.11382989711647358,1.0847520815295857,1.1549221576636095,4.62521563397722e-10
10.068965517241379,5.413793103448276,0.6240149791376987,1.1605883688420893,2,0.1398810945855366,1.1279251249716418,1.2370202315126715,5.250215477190634e-12
10.068965517241379,5.413793103448276,0.6240149791376987,1.1605883688420893,3,0.30772648850229833,2.099079686662069,2.1477278802918973,4.635855155131794e-13
8.0,5.206896551724138,0.7853981633974483,1.2067044629682648,1,0.1857930129273998,1.2498625277642432,1.4855936142280601,3.885985056143898e-12
8.0,5.206896551724138,0.7853981633974483,1.2067044629682648,2,0.32125187273817946,2.2334346594169983,2.3118728752380457,2.3680802712989234e-11
10.482758620689655,7.793103448275862,0.599382808908579,0.8062494420717168,1,0.09289423127668794,1.0445820547165925,1.082147226264788,6.778008418666337e-10
10.482758620689655,7.793103448275862,0.599382808908579,0.8062494420717168,2,0.28712551124539337,1.601174494426603,1.8011557389216475,2.5180437236967815e-8
10.482758620689655,7.793103448275862,0.599382808908579,0.8062494420717168,3,0.32421662632352605,1.8917710181236114,2.006956666994008,1.2027542242790074e-9
8.413793103448276,7.689655172413793,0.7467720242139673,0.817095847122009,1,0.09936714474615256,1.0519768393473317,1.1077951350564528,2.0044152960257411e-13
8.413793103448276,7.689655172413793,0.7467720242139673,0.817095847122009,2,0.33527068929461584,1.9099250754977557,2.1330148849555646,6.159275168127264e-14
8.413793103448276,7.689655172413793,0.7467720242139673,0.817095847122009,3,0.368998219776128,2.047459488485165,2.480733870964949,1.9849273058666822e-10
8.413793103448276,7.689655172413793,0.7467720242139673,0.817095847122009,4,0.3247391403949006,1.7528361652786262,2.1862240242042117,1.3123199922389106e-13
11.03448275862069,6.9655172413793105,0.56941366846315,0.9020414549911286,1,0.09223725696328972,1.047714048953285,1.0839109578203927,6.974768429213931e-8
11.03448275862069,6.9655172413793105,0.56941366846315,0.9020414549911286,2,0.32118654165642574,1.9477212942300741,2.0350917211354984,3.9228869005573507e-10
11.03448275862069,6.9655172413793105,0.56941366846315,0.9020414549911286,3,0.24319290313290803,1.4278300243786632,1.631721384898229,1.0713011082621197e-8
8.96551724137931,6.9655172413793105,0.700816822723877,0.9020414549911286,1,0.32252045203611357,1.9804217735529874,2.1116398713615387,7.761847800997151e-11
8.96551724137931,6.9655172413793105,0.700816822723877,0.9020414549911286,2,0.09533884308340912,1.0522187025124081,1.1015609340905863,7.227843165158532e-8
8.96551724137931,6.9655172413793105,0.700816822723877,0.9020414549911286,3,0.3040772013788784,1.7401615767447403,2.00534613149065,7.838501341957601e-11
11.586206896551724,6.137931034482759,0.5422987318696667,1.0236650219562247,1,0.09757035060138461,1.0574578423334229,1.0979079756807768,8.955914222161735e-11
11.586206896551724,6.137931034482759,0.5422987318696667,1.0236650219562247,2,0.3152975496729036,2.0070234632938107,2.0647764939663826,1.397916989375147e-12
11.586206896551724,6.137931034482759,0.5422987318696667,1.0236650219562247,3,0.14390450717569236,1.1274679415722473,1.2217967530780993,2.072896035201172e-13
11.586206896551724,6.137931034482759,0.5422987318696667,1.0236650219562247,4,0.5410068650313595,3.4985887286780306,3.4103984490115256,2.1080403412719393e-10
9.517241379310345,6.241379310344827,0.6601897605369855,1.0066981983878895,1,0.09824402250555153,1.0595293763822138,1.1109728015579003,1.593222856863812e-9
9.517241379310345,6.241379310344827,0.6601897605369855,1.0066981983878895,2,0.3171537373046669,2.037136527332275,2.1278781250994174,1.2217247365820119e-10
9.517241379310345,6.241379310344827,0.6601897605369855,1.0066981983878895,3,0.26414144272569595,1.5446379696005037,1.8238877211322204,2.0890887996328013e-11
9.517241379310345,6.241379310344827,0.6601897605369855,1.0066981983878895,4,0.6001186882357596,4.0633572426923,3.8564522621055577,4.3889308543709455e-9
10.068965517241379,5.517241379310345,0.6240149791376987,1.1388273369263,1,0.30898758984847563,2.090389312333811,2.1425342037823167,1.633864456391206e-13
10.068965517241379,5.517241379310345,0.6240149791376987,1.1388273369263,2,0.11070572510521322,1.0796033138126828,1.1452733313001786,7.972459022546826e-10
10.068965517241379,5.517241379310345,0.6240149791376987,1.1388273369263,3,0.1527697881072606,1.153490602509854,1.2834783371681968,2.3994327029090554e-8
10.068965517241379,5.517241379310345,0.6240149791376987,1.1388273369263,4,0.4993416655579622,3.286633242513237,3.313747691828444,1.1328628265167727e-10
8.0,5.310344827586207,0.7853981633974483,1.1831972331701817,1,0.15635468923962037,1.169215585886071,1.338507057458195,6.33386246598655e-11
8.0,5.310344827586207,0.7853981633974483,1.1831972331701817,2,0.32229707363412813,2.220187423810181,2.3063262050816027,3.353764275811486e-14
8.0,5.310344827586207,0.7853981633974483,1.1831972331701817,3,0.28056873541323757,1.6864433604213134,2.059301857895578,1.4871410301287927e-12
10.482758620689655,7.896551724137931,0.599382808908579,0.7956872223065852,1,0.09322053010106238,1.0443818119937487,1.0820499769208305,6.743505268520992e-8
10.482758620689655,7.896551724137931,0.599382808908579,0.7956872223065852,2,0.32459125923372856,1.88484281008652,2.0020808297613577,2.0936260215401716e-8
10.482758620689655,7.896551724137931,0.599382808908579,0.7956872223065852,3,0.28992189861419054,1.6103114581773124,1.8068088377097404,9.671496571325373e-13
8.413793103448276,7.793103448275862,0.7467720242139673,0.8062494420717168,1,0.09997632200835876,1.0519494425636489,1.1082911023831998,9.344838680327447e-11
8.413793103448276,7.793103448275862,0.7467720242139673,0.8062494420717168,2,0.3277029190658161,1.9193463005801916,2.0933752455636148,1.0848054122146437e-9
8.413793103448276,7.793103448275862,0.7467720242139673,0.8062494420717168,3,0.41973621493321644,2.64233009541456,2.7054007842392496,3.044870076004015e-14
8.413793103448276,7.793103448275862,0.7467720242139673,0.8062494420717168,4,0.32642336420602247,1.7545425275834194,2.1895050821067317,1.45293276610867e-9
11.03448275862069,7.068965517241379,0.56941366846315,0.888840848332722,1,0.09201666339305982,1.0469561991207599,1.0827496273987867,7.0832197261836506e-9
11.03448275862069,7.068965517241379,0.56941366846315,0.888840848332722,2,0.3218642646112418,1.9399062638403641,2.03004929340166,2.6198203228590875e-8
11.03448275862069,7.068965517241379,0.56941366846315,0.888840848332722,3,0.24791731977105885,1.445528958470988,1.6488685221911568,1.4258208371169046e-10
8.96551724137931,7.068965517241379,0.700816822723877,0.888840848332722,1,0.30651436132893317,1.7494784259525376,2.0087655464233736,8.256338045885893e-14
8.96551724137931,7.068965517241379,0.700816822723877,0.888840848332722,2,0.09523890045885613,1.0515071821117123,1.1005014848865633,1.8591863296593616e-10
8.96551724137931,7.068965517241379,0.700816822723877,0.888840848332722,3,0.3228153436377835,1.97051141505651,2.104630759637836,1.472235970075979e-11
8.96551724137931,7.068965517241379,0.700816822723877,0.888840848332722,4,0.5794887432116367,3.3839954607849334,3.5040278115832404,4.80119637824947e-10
11.586206896551724,6.241379310344827,0.5422987318696667,1.0066981983878895,1,0.1528892910822163,1.1454837995941711,1.2513242734728505,1.370955406622945e-10
11.586206896551724,6.241379310344827,0.5422987318696667,1.0066981983878895,2,0.09651600938789826,1.0556852791956162,1.0949134946998254,9.071806979029596e-9
11.586206896551724,6.241379310344827,0.5422987318696667,1.0066981983878895,3,0.3163444468627039,1.9988495395959678,2.0595340863025733,1.374854571975248e-13
9.517241379310345,6.344827586206897,0.6601897605369855,0.9902846408054782,1,0.09715520578262549,1.0576478756534637,1.1075611318959058,2.013595099368412e-12
9.517241379310345,6.344827586206897,0.6601897605369855,0.9902846408054782,2,0.2685022017476682,1.563658157127596,1.8405944995207824,1.7551024675956206e-9
9.517241379310345,6.344827586206897,0.6601897605369855,0.9902846408054782,3,0.3177763511097231,2.0267774026412813,2.121447442621797,5.567395567313826e-9
10.068965517241379,5.620689655172414,0.6240149791376987,1.117867324590233,1,0.10793145670164077,1.075116707213616,1.1368793232163945,3.6156680775875463e-9
10.068965517241379,5.620689655172414,0.6240149791376987,1.117867324590233,2,0.17033037473987625,1.194549998372655,1.3542343009333602,8.52995154964726e-9
10.068965517241379,5.620689655172414,0.6240149791376987,1.117867324590233,3,0.31016495024550855,2.08125917579509,2.137176078519259,5.732332920592486e-11
10.482758620689655,8.0,0.599382808908579,0.7853981633974483,1,0.0935979529219875,1.0442305291701042,1.082049101635538,1.9509494224626058e-10
10.482758620689655,8.0,0.599382808908579,0.7853981633974483,2,0.32494385849807,1.8780936767096397,1.9972902060831221,2.4022674945425685e-8
10.482758620689655,8.0,0.599382808908579,0.7853981633974483,3,0.29266792302047484,1.6190892631791227,1.8121020332773488,6.57608989689476e-15
8.0,5.413793103448276,0.7853981633974483,1.1605883688420893,1,0.13964686865361856,1.1320246569776415,1.2658884214695376,1.86009922955108e-9
8.0,5.413793103448276,0.7853981633974483,1.1605883688420893,2,0.3232064403392182,2.206620346780709,2.30023663477521,9.620056454007155e-10
11.03448275862069,7.172413793103448,0.56941366846315,0.8760210284048462,1,0.0918719148228312,1.046282019472232,1.081743779347542,8.190454623709992e-12
11.03448275862069,7.172413793103448,0.56941366846315,0.8760210284048462,2,0.3225131445394133,1.9322371750868883,2.025070157666243,1.7379335171115825e-9
11.03448275862069,7.172413793103448,0.56941366846315,0.8760210284048462,3,0.25228684128594103,1.4617905437058447,1.6639930606277935,2.4987587752702658e-12
8.413793103448276,7.896551724137931,0.7467720242139673,0.7956872223065852,1,0.10066174603151377,1.051994367778348,1.108956789577016,5.882567716618966e-13
8.413793103448276,7.896551724137931,0.7467720242139673,0.7956872223065852,2,0.32818549133670794,1.7566219095972193,2.1932920308627257,3.843991788371288e-13
8.413793103448276,7.896551724137931,0.7467720242139673,0.7956872223065852,3,0.3392692306262421,1.9216249201891948,2.1322436092607915,1.4510964422859534e-12
8.413793103448276,7.896551724137931,0.7467720242139673,0.7956872223065852,4,0.5195975028519343,3.1261567285683607,3.3366973164038076,2.2242741500079346e-13
11.586206896551724,6.344827586206897,0.5422987318696667,0.9902846408054782,1,0.09559265604152099,1.054084899930464,1.0922336384100888,3.780228862727718e-10
11.586206896551724,6.344827586206897,0.5422987318696667,0.9902846408054782,2,0.16364143114890684,1.1694878076557713,1.2892522187691866,5.230760411623431e-12
11.586206896551724,6.344827586206897,0.5422987318696667,0.9902846408054782,3,0.3173506667984529,1.9906982268911562,2.0543448393044987,3.043439618745494e-8
8.96551724137931,7.172413793103448,0.700816822723877,0.8760210284048462,1,0.09524032065164688,1.0509068543257276,1.0996729062741142,2.8902144405934306e-10
8.96551724137931,7.172413793103448,0.700816822723877,0.8760210284048462,2,0.3230891827978716,1.9607894750630135,2.09765229579361,1.7188221476385312e-10
8.96551724137931,7.172413793103448,0.700816822723877,0.8760210284048462,3,0.30888021290803047,1.7582423402463399,2.0116163740802913,2.5642109502754754e-10
9.517241379310345,6.448275862068965,0.6601897605369855,0.9743977214342674,1,0.09624713169101241,1.056005143886658,1.1046246157974722,3.805079295877863e-12
9.517241379310345,6.448275862068965,0.6601897605369855,0.9743977214342674,2,0.31835710304840353,2.016549445143179,2.114986399061717,1.737920872957277e-10
9.517241379310345,6.448275862068965,0.6601897605369855,0.9743977214342674,3,0.27248962330510557,1.580873679215792,1.8548277529015045,1.0261546695043265e-13
10.068965517241379,5.724137931034483,0.6240149791376987,1.097664903061494,1,0.1054854138700039,1.0712093091345354,1.1295938397166334,7.654852624857783e-8
10.068965517241379,5.724137931034483,0.6240149791376987,1.097664903061494,2,0.3112629630371173,2.0718284685552018,2.131669212523719,3.118395147213588e-11
10.068965517241379,5.724137931034483,0.6240149791376987,1.097664903061494,3,0.18940751294114863,1.247637537005098,1.439159935528636,1.6163701943255906e-9
11.03448275862069,7.275862068965517,0.56941366846315,0.8635657531194693,1,0.09179802642013346,1.0456846135775328,1.080880614785596,1.0790042574076025e-12
11.03448275862069,7.275862068965517,0.56941366846315,0.8635657531194693,2,0.2563680842645887,1.4768242801829288,1.6774417520366558,3.497209431572751e-13
11.03448275862069,7.275862068965517,0.56941366846315,0.8635657531194693,3,0.32313415432612896,1.924717705264403,2.020157448877539,4.003504827767937e-12
8.0,5.517241379310345,0.7853981633974483,1.1388273369263,1,0.12984409382047027,1.1125606599008222,1.2269352891597045,1.2216064229082514e-10
8.0,5.517241379310345,0.7853981633974483,1.1388273369263,2,0.2911498478331473,1.7454970597071813,2.112028562898251,1.7411702550349905e-8
8.0,5.517241379310345,0.7853981633974483,1.1388273369263,3,0.3240031684866444,2.192901192901129,2.2937332177101313,6.131096147654755e-12
10.620689655172415,5.0,0.5915986165850908,1.2566370614359172,1,0.1083947046119093,1.0802606538777935,1.140588505953138,9.201974802435942e-12
10.620689655172415,5.0,0.5915986165850908,1.2566370614359172,2,0.301088031706556,2.104820374349858,2.1497027270290623,8.947445922391347e-11
8.413793103448276,8.0,0.7467720242139673,0.7853981633974483,1,0.10142114927623101,1.0521082935376247,1.1097872145420047,3.605980571285445e-10
8.413793103448276,8.0,0.7467720242139673,0.7853981633974483,2,0.3300086483285006,1.7590090737334614,2.1974972169195492,1.3791464210790179e-12
8.413793103448276,8.0,0.7467720242139673,0.7853981633974483,3,0.3280386909894416,1.9011983805993602,2.079039896697128,1.3193903152293369e-11
8.413793103448276,8.0,0.7467720242139673,0.7853981633974483,4,0.3412693096511907,1.9272478666631494,2.1318581665254213,6.2298443151952486e-12
8.413793103448276,8.0,0.7467720242139673,0.7853981633974483,5,0.4227121937177715,2.6384856856480905,2.690385965761765,1.0469572884598357e-8
8.96551724137931,7.275862068965517,0.700816822723877,0.8635657531194693,1,0.09533565515040517,1.0504072129418174,1.0990544955080397,3.792541506814477e-8
8.96551724137931,7.275862068965517,0.700816822723877,0.8635657531194693,2,0.3111868356105105,1.766518500456024,2.013990970685426,5.947110245020258e-10
8.96551724137931,7.275862068965517,0.700816822723877,0.8635657531194693,3,0.3233428903357254,1.9512536704868984,2.0907094773058805,2.345180489571228e-13
11.586206896551724,6.448275862068965,0.5422987318696667,0.9743977214342674,1,0.09479066906049664,1.0526400387777195,1.0898376699774541,1.1138203371657378e-13
11.586206896551724,6.448275862068965,0.5422987318696667,0.9743977214342674,2,0.17553893376702778,1.199153667076269,1.3340259811314146,2.2153220467432766e-9
11.586206896551724,6.448275862068965,0.5422987318696667,0.9743977214342674,3,0.3183181791981718,1.9825985957535903,2.049211037620011,3.5516083333410376e-11
9.517241379310345,6.551724137931035,0.6601897605369855,0.9590124942537263,1,0.09550056928331949,1.0545690484094112,1.102099520867958,4.572309385936886e-13
9.517241379310345,6.551724137931035,0.6601897605369855,0.9590124942537263,2,0.2761738988494949,1.5965636221550161,1.8670208556971404,3.333066273405249e-12
9.517241379310345,6.551724137931035,0.6601897605369855,0.9590124942537263,3,0.3188998719168747,2.0064680781242816,2.1085112677810427,1.0184066196431338e-8
10.068965517241379,5.827586206896552,0.6240149791376987,1.0781797272675029,1,0.31228733930773556,2.0622061570267127,2.1260349598451387,4.3516787845937397e-13
10.068965517241379,5.827586206896552,0.6240149791376987,1.0781797272675029,2,0.10334092629606986,1.0678034918441326,1.1232741805798405,9.982810297162923e-12
10.068965517241379,5.827586206896552,0.6240149791376987,1.0781797272675029,3,0.20531166254954902,1.2988706331905777,1.5143695144606273,2.821347463640479e-8
11.03448275862069,7.379310344827586,0.56941366846315,0.8514596911598504,1,0.09179045605563807,1.0451578119971319,1.080148785349583,1.223288703260498e-10
11.03448275862069,7.379310344827586,0.56941366846315,0.8514596911598504,2,0.2602127795190429,1.4908017875253299,1.6894901347572768,3.6393872294484365e-11
11.03448275862069,7.379310344827586,0.56941366846315,0.8514596911598504,3,0.3237280301915022,1.9173505647928677,2.0153134192012274,2.0701278455877384e-12
10.620689655172415,5.103448275862069,0.5915986165850908,1.2311646885689729,1,0.3024544072155104,2.10102900590781,2.143643374130741,5.140250063136963e-10
10.620689655172415,5.103448275862069,0.5915986165850908,1.2311646885689729,2,0.11126310499414878,1.0829778411438093,1.146657786705116,5.9205572425409927e-8
8.0,5.620689655172414,0.7853981633974483,1.117867324590233,1,0.12302209373342647,1.0999087171319286,1.2013953214671773,2.7313462258940238e-8
8.0,5.620689655172414,0.7853981633974483,1.117867324590233,2,0.32470604069362036,2.179149455345325,2.286916554589384,2.084871526335001e-12
8.0,5.620689655172414,0.7853981633974483,1.117867324590233,3,0.2956564996626735,1.7709831942193204,2.132700016229782,3.6614070442972563e-11
8.96551724137931,7.379310344827586,0.700816822723877,0.8514596911598504,1,0.3235771897059834,1.9419015198345353,2.083806962841794,1.181892198234957e-9
8.96551724137931,7.379310344827586,0.700816822723877,0.8514596911598504,2,0.0955183903269274,1.0499991423165194,1.098628693957966,9.017450721478307e-8
8.96551724137931,7.379310344827586,0.700816822723877,0.8514596911598504,3,0.31344489984339124,1.7743664174500944,2.0159721103707913,5.331776179641539e-9
8.96551724137931,7.379310344827586,0.700816822723877,0.8514596911598504,4,0.3421835186074372,1.8661648816829304,2.2897472722203425,2.8390215170051625e-8
11.586206896551724,6.551724137931035,0.5422987318696667,0.9590124942537263,1,0.09410098750087711,1.051335713315534,1.0876978748218022,6.765874504661192e-11
11.586206896551724,6.551724137931035,0.5422987318696667,0.9590124942537263,2,0.18727581019681805,1.231585285099333,1.3804189330835124,1.2835913033513692e-10
11.586206896551724,6.551724137931035,0.5422987318696667,0.9590124942537263,3,0.31924894410552795,1.9745738568482745,2.044135682117666,1.0454533671066398e-11
8.551724137931034,5.0,0.734727314146,1.2566370614359172,1,0.16743994862095576,1.1998573979648341,1.386529142274386,3.9638967284133644e-13
8.551724137931034,5.0,0.734727314146,1.2566370614359172,2,0.3117933285125096,2.2126528410224853,2.2630343722080566,8.836255504211062e-9
9.517241379310345,6.655172413793103,0.6601897605369855,0.9441055642912332,1,0.0948991623266068,1.0533131716160715,1.0999334762385056,1.8408919807599812e-8
9.517241379310345,6.655172413793103,0.6601897605369855,0.9441055642912332,2,0.3194078985100539,1.9965443666249199,2.1020356104188522,3.0118890796173083e-8
9.517241379310345,6.655172413793103,0.6601897605369855,0.9441055642912332,3,0.27960924930079856,1.6109514637115885,1.8775143202131845,8.696940961076683e-10
10.068965517241379,5.931034482758621,0.6240149791376987,1.059374266908186,1,0.10146911183387539,1.0648282153479054,1.117787828680796,8.314073751603995e-12
10.068965517241379,5.931034482758621,0.6240149791376987,1.059374266908186,2,0.31324417351461215,2.0524773531560605,2.1202963965378636,1.4167415726813083e-10
10.068965517241379,5.931034482758621,0.6240149791376987,1.059374266908186,3,0.21762315527421494,1.3427623458428761,1.573723784164093,1.8132471633801684e-12
11.03448275862069,7.482758620689655,0.56941366846315,0.8396883590240001,1,0.09184515578586396,1.0446961835824964,1.079538379395239,5.915076045337739e-11
11.03448275862069,7.482758620689655,0.56941366846315,0.8396883590240001,2,0.2638617826514069,1.5038650398017843,1.7003601096377394,3.4341720595282154e-10
11.03448275862069,7.482758620689655,0.56941366846315,0.8396883590240001,3,0.3242954483832884,1.9101382785961913,2.010540331098226,1.3853385868991261e-11
8.96551724137931,7.482758620689655,0.700816822723877,0.8396883590240001,1,0.0957836154689359,1.0496758625870475,1.0983822751511847,3.8278584323893985e-8
8.96551724137931,7.482758620689655,0.700816822723877,0.8396883590240001,2,0.3156638644495353,1.7818406713584949,2.0176340422264722,3.677474042325005e-10
8.96551724137931,7.482758620689655,0.700816822723877,0.8396883590240001,3,0.3237926556697228,1.932730564206242,2.0769492429826757,4.980920533778223e-9
8.96551724137931,7.482758620689655,0.700816822723877,0.8396883590240001,4,0.3210311031247443,1.7458675150483889,2.1546971561836363,7.666584383115415e-10
11.586206896551724,6.655172413793103,0.5422987318696667,0.9441055642912332,1,0.19785854046124246,1.2634149282521472,1.4234379553802103,2.012695542433069e-13
11.586206896551724,6.655172413793103,0.5422987318696667,0.9441055642912332,2,0.09351521135274977,1.05015854454569,1.0857894997847506,4.631970167657226e-11
11.586206896551724,6.655172413793103,0.5422987318696667,0.9441055642912332,3,0.32014471580700976,1.9666417588782452,2.0391213095177063,1.0413464579876094e-12
10.620689655172415,5.206896551724138,0.5915986165850908,1.2067044629682648,1,0.11461662462606305,1.08661166197824,1.154317119463417,1.8141809872010429e-12
10.620689655172415,5.206896551724138,0.5915986165850908,1.2067044629682648,2,0.30386946415539307,2.095837418816917,2.138046268650761,4.41110797209227e-12
8.0,5.724137931034483,0.7853981633974483,1.097664903061494,1,0.11791356778085392,1.0908447841911033,1.1830659365240093,3.860320637832661e-12
8.0,5.724137931034483,0.7853981633974483,1.097664903061494,2,0.29977397033459063,1.7943480712413375,2.1504613279863416,3.655983225849697e-11
8.0,5.724137931034483,0.7853981633974483,1.097664903061494,3,0.3253305303831712,2.165451421471248,2.2798662293015117,1.3072183666379638e-14
9.517241379310345,6.758620689655173,0.6601897605369855,0.9296549689194286,1,0.09442886837290293,1.0522155668951265,1.098083014459001,3.608705789451858e-8
9.517241379310345,6.758620689655173,0.6601897605369855,0.9296549689194286,2,0.31988390017808893,1.9867861371918234,2.0955708767397465,1.2771751612663906e-12
9.517241379310345,6.758620689655173,0.6601897605369855,0.9296549689194286,3,0.28283851262595633,1.6242193342741698,1.8865815163989756,1.6286286132659683e-12
8.551724137931034,5.103448275862069,0.734727314146,1.2311646885689729,1,0.15669587934065435,1.1715581309343888,1.3346423296042986,2.8803891384853157e-13
8.551724137931034,5.103448275862069,0.734727314146,1.2311646885689729,2,0.3134286821368873,2.203668035567639,2.2600395685443035,5.6152675067805456e-11
8.551724137931034,5.103448275862069,0.734727314146,1.2311646885689729,3,0.22935843153726754,1.4140586571348348,1.7233988222226224,7.552115093349117e-10
10.068965517241379,6.0344827586206895,0.6240149791376987,1.04121356518976,1,0.09984273451034055,1.0622230972276288,1.1130198118214794,2.423362101452029e-11
10.068965517241379,6.0344827586206895,0.6240149791376987,1.04121356518976,2,0.3141394308757662,2.042708372976322,2.114476189358456,7.14000255113876e-13
10.068965517241379,6.0344827586206895,0.6240149791376987,1.04121356518976,3,0.22737869421401957,1.3798858165610979,1.6203776800709124,3.820661224739871e-11
11.03448275862069,7.586206896551724,0.56941366846315,0.8282380632191273,1,0.09195852215629172,1.04429494432426,1.0790407396219692,6.756439990173996e-10
11.03448275862069,7.586206896551724,0.56941366846315,0.8282380632191273,2,0.26734784728632627,1.5161326015662366,1.7102325785129115,1.8350037519960597e-11
11.03448275862069,7.586206896551724,0.56941366846315,0.8282380632191273,3,0.32483703476144005,1.9030833357070092,2.005840415959952,6.332102612974716e-11
8.96551724137931,7.586206896551724,0.700816822723877,0.8282380632191273,1,0.09612627897919031,1.0494304362156217,1.0983023736531987,1.5619963502899158e-12
8.96551724137931,7.586206896551724,0.700816822723877,0.8282380632191273,2,0.3557096475234665,1.9368458806824873,2.3605647148770315,4.4828680356539357e-10
8.96551724137931,7.586206896551724,0.700816822723877,0.8282380632191273,3,0.3239897724038801,1.9237385591092695,2.0701408589391725,1.4104127058430187e-9
8.96551724137931,7.586206896551724,0.700816822723877,0.8282380632191273,4,0.32046124433613266,1.7367344825154434,2.144429959914208,1.2654729310982975e-12
8.96551724137931,7.586206896551724,0.700816822723877,0.8282380632191273,5,0.31785217564840296,1.7889914815808905,2.019043585168247,2.465471334545396e-13
11.586206896551724,6.758620689655173,0.5422987318696667,0.9296549689194286,1,0.3210070854805907,1.9588160953578915,2.0341703590298503,5.812648876534099e-9
11.586206896551724,6.758620689655173,0.5422987318696667,0.9296549689194286,2,0.2070508084439649,1.2928797923091668,1.4611083019855529,3.997322888577258e-12
11.586206896551724,6.758620689655173,0.5422987318696667,0.9296549689194286,3,0.09302562195141018,1.0490966259683172,1.0840905485912047,4.4495540969576705e-9
10.620689655172415,5.310344827586207,0.5915986165850908,1.1831972331701817,1,0.11454331018013232,1.0856379994768868,1.1529649256462269,6.059030427592e-11
10.620689655172415,5.310344827586207,0.5915986165850908,1.1831972331701817,2,0.30527286369831397,2.089524960929026,2.132647878631805,2.318007421147616e-8
8.0,5.827586206896552,0.7853981633974483,1.0781797272675029,1,0.11393857449887583,1.0839840016023634,1.1692252479855532,1.0259180799824422e-8
8.0,5.827586206896552,0.7853981633974483,1.0781797272675029,2,0.325889605263923,2.1518700926481236,2.2726461654127323,8.315623878613564e-9
8.0,5.827586206896552,0.7853981633974483,1.0781797272675029,3,0.30357130379316727,1.8158856531803353,2.1657723809143037,1.7271442145058688e-13
9.517241379310345,6.862068965517241,0.6601897605369855,0.9156400698904925,1,0.285896182273747,1.6365179988765546,1.894445964783908,3.853383212752921e-12
9.517241379310345,6.862068965517241,0.6601897605369855,0.9156400698904925,2,0.09407784268582493,1.05125824301126,1.0965124338253527,7.200385386228263e-13
9.517241379310345,6.862068965517241,0.6601897605369855,0.9156400698904925,3,0.32033012824845947,1.977198728658906,2.089127090234383,5.958742423081857e-9
9.517241379310345,6.862068965517241,0.6601897605369855,0.9156400698904925,4,0.6229396956118126,4.091291186420132,3.8770959474830895,1.3215758036494333e-12
8.551724137931034,5.206896551724138,0.734727314146,1.2067044629682648,1,0.3148537536017466,2.193348421966271,2.2560917698526857,1.0373071020537558e-9
8.551724137931034,5.206896551724138,0.734727314146,1.2067044629682648,2,0.14523923340351766,1.1447877217305915,1.2838953083443208,2.2464841080859345e-8
8.551724137931034,5.206896551724138,0.734727314146,1.2067044629682648,3,0.24232093245861583,1.4713780949679227,1.7972359928045067,3.006184942724454e-13
10.068965517241379,6.137931034482759,0.6240149791376987,1.0236650219562247,1,0.09843655958070924,1.0599365954878859,1.1088711794922546,1.1175709063338634e-9
10.068965517241379,6.137931034482759,0.6240149791376987,1.0236650219562247,2,0.3149786888885968,2.03295076573069,2.1085955612057865,2.6701966615131778e-9
10.068965517241379,6.137931034482759,0.6240149791376987,1.0236650219562247,3,0.23539347270175248,1.4116580528564413,1.6577602476223392,3.145753906379112e-11
11.03448275862069,7.689655172413793,0.56941366846315,0.817095847122009,1,0.09212733694813689,1.043949831192878,1.078648273807484,3.11324431371935e-8
11.03448275862069,7.689655172413793,0.56941366846315,0.817095847122009,2,0.32535339807628927,1.8961883986803871,2.001215940687377,2.022990824576602e-11
11.03448275862069,7.689655172413793,0.56941366846315,0.817095847122009,3,0.2706975997779887,1.5277044331216287,1.7192567461551405,6.831147253375212e-9
8.96551724137931,7.689655172413793,0.700816822723877,0.817095847122009,1,0.09654263050023205,1.0492576599374384,1.0983795095479822,7.517704395662813e-13
8.96551724137931,7.689655172413793,0.700816822723877,0.817095847122009,2,0.360615745584912,1.9645126764426384,2.385690752059052,3.766037311249126e-11
8.96551724137931,7.689655172413793,0.700816822723877,0.817095847122009,3,0.32001737028361693,1.7958651010682076,2.02026066592848,4.794433989886658e-10
8.96551724137931,7.689655172413793,0.700816822723877,0.817095847122009,4,0.3206665822487323,1.7313669041538857,2.138807593253217,3.9519827022152097e-10
8.96551724137931,7.689655172413793,0.700816822723877,0.817095847122009,5,0.3241690064840853,1.9149237400967838,2.063386682376212,4.6547970287274935e-10
11.586206896551724,6.862068965517241,0.5422987318696667,0.9156400698904925,1,0.09262519480957598,1.0481394373236619,1.0825815847315905,3.612246567253283e-13
11.586206896551724,6.862068965517241,0.5422987318696667,0.9156400698904925,2,0.21501341043734207,1.3195746061511366,1.493499200527556,3.562099258821417e-8
11.586206896551724,6.862068965517241,0.5422987318696667,0.9156400698904925,3,0.32183748218661834,1.951107633963608,2.029285098482589,1.233902567587376e-8
10.620689655172415,5.413793103448276,0.5915986165850908,1.1605883688420893,1,0.11158309606652081,1.0807455992976347,1.1440159135854866,1.7252449037330564e-9
10.620689655172415,5.413793103448276,0.5915986165850908,1.1605883688420893,2,0.30663326337769153,2.0823470445448415,2.127309242773392,1.4983834727857288e-11
9.517241379310345,6.9655172413793105,0.6601897605369855,0.9020414549911286,1,0.09383570241281282,1.0504257199205909,1.0951914405855137,3.5709392093560664e-11
9.517241379310345,6.9655172413793105,0.6601897605369855,0.9020414549911286,2,0.3207484267059002,1.967785637610777,2.0827125154020534,9.015579138903651e-13
9.517241379310345,6.9655172413793105,0.6601897605369855,0.9020414549911286,3,0.28881047273412697,1.6479739641599371,1.901293227491557,1.107019236665947e-10
8.0,5.931034482758621,0.7853981633974483,1.059374266908186,1,0.11077741754416195,1.0786042092918755,1.1584316540626776,5.983246601652723e-9
8.0,5.931034482758621,0.7853981633974483,1.059374266908186,2,0.3263942698608736,2.1384518633807867,2.2653080810078308,1.2776681547671592e-11
8.0,5.931034482758621,0.7853981633974483,1.059374266908186,3,0.3071019701717922,1.8358218668021584,2.1789912888929974,1.4103666134211034e-10
8.551724137931034,5.310344827586207,0.734727314146,1.1831972331701817,1,0.13545668503982367,1.1241847727545315,1.2438968943136837,3.879710973282107e-13
8.551724137931034,5.310344827586207,0.734727314146,1.1831972331701817,2,0.31609869725535994,2.1821250044151492,2.2513696380675854,3.819148480110775e-11
8.551724137931034,5.310344827586207,0.734727314146,1.1831972331701817,3,0.2522633480767089,1.5178619385763477,1.8525950948602674,5.427308449187467e-12
10.068965517241379,6.241379310344827,0.6240149791376987,1.0066981983878895,1,0.09722793349228144,1.057925316586138,1.1052581367221754,5.08314651283807e-8
10.068965517241379,6.241379310344827,0.6240149791376987,1.0066981983878895,2,0.31576698276152404,2.0232443592434697,2.1026736079913446,1.2718684694140496e-8
10.068965517241379,6.241379310344827,0.6240149791376987,1.0066981983878895,3,0.2421853383309752,1.4392486114802296,1.6883109219435743,8.740154846577364e-13
11.03448275862069,7.793103448275862,0.56941366846315,0.8062494420717168,1,0.09234876667470468,1.0436571553297946,1.078354420692597,7.240471937656426e-8
11.03448275862069,7.793103448275862,0.56941366846315,0.8062494420717168,2,0.32584516730394175,1.8894564975743111,1.9966692816821467,2.50394679311524e-14
11.03448275862069,7.793103448275862,0.56941366846315,0.8062494420717168,3,0.27393286953714063,1.5386652530448055,1.7275565137176923,1.9489821354529005e-9
8.96551724137931,7.793103448275862,0.700816822723877,0.8062494420717168,1,0.09702931287564594,1.0491529814634972,1.0986054923910538,9.361578613787284e-9
8.96551724137931,7.793103448275862,0.700816822723877,0.8062494420717168,2,0.32433085599191386,1.9062848367335117,2.0566919945968403,1.9077938527469956e-8
8.96551724137931,7.793103448275862,0.700816822723877,0.8062494420717168,3,0.32130681457168647,1.7280452371260835,2.1357854755568475,1.9672393958599372e-11
8.96551724137931,7.793103448275862,0.700816822723877,0.8062494420717168,4,0.3221662052848668,1.802504183229408,2.0213390585736075,2.841103823286963e-11
8.96551724137931,7.793103448275862,0.700816822723877,0.8062494420717168,5,0.3651320717810619,1.9930077671152828,2.409258227487343,9.499043979317596e-11
11.586206896551724,6.9655172413793105,0.5422987318696667,0.9020414549911286,1,0.09230753156518288,1.0472776065639091,1.081245401264778,2.268162433907011e-12
11.586206896551724,6.9655172413793105,0.5422987318696667,0.9020414549911286,2,0.22198676721272556,1.343664363546155,1.5213431610671937,7.238214857798129e-9
11.586206896551724,6.9655172413793105,0.5422987318696667,0.9020414549911286,3,0.32263709178589767,1.9435243281495547,2.024467073874915,4.094075692516133e-10
9.517241379310345,7.068965517241379,0.6601897605369855,0.888840848332722,1,0.09369361948453572,1.0497052124784132,1.0940949051831599,3.68368078116392e-10
9.517241379310345,7.068965517241379,0.6601897605369855,0.888840848332722,2,0.3211403347601764,1.958549027780079,2.076334615167466,1.6458699800518925e-13
9.517241379310345,7.068965517241379,0.6601897605369855,0.888840848332722,3,0.2916047770285741,1.6586946805167793,1.9072793637085765,3.1601085280056548e-12
10.620689655172415,5.517241379310345,0.5915986165850908,1.1388273369263,1,0.10888536179003899,1.0763723758427808,1.136016056863824,8.5756298130426e-9
10.620689655172415,5.517241379310345,0.5915986165850908,1.1388273369263,2,0.12921533011668554,1.106613731695517,1.1931917007885726,6.113231733345209e-8
10.620689655172415,5.517241379310345,0.5915986165850908,1.1388273369263,3,0.3079355861809616,2.0745184296793555,2.121960855077499,1.6401164746027218e-13
8.0,6.0344827586206895,0.7853981633974483,1.04121356518976,1,0.10823304974721065,1.0742821079863043,1.1498304208469818,1.6119302718751731e-12
8.0,6.0344827586206895,0.7853981633974483,1.04121356518976,2,0.31040829699686173,1.8543347649046935,2.1904037593091603,4.658973026631698e-11
8.0,6.0344827586206895,0.7853981633974483,1.04121356518976,3,0.32685404626835995,2.1252310075513297,2.2578947690183466,2.0762975397841212e-10
8.551724137931034,5.413793103448276,0.734727314146,1.1605883688420893,1,0.12773586443541124,1.1091912416707541,1.2143780265706006,5.132755069854567e-13
8.551724137931034,5.413793103448276,0.734727314146,1.1605883688420893,2,0.31719040763411216,2.170305464840563,2.246025167294332,3.190668630335262e-10
8.551724137931034,5.413793103448276,0.734727314146,1.1605883688420893,3,0.26032477943738414,1.556842287687621,1.8959493125047036,1.0556890068357172e-13
10.068965517241379,6.344827586206897,0.6240149791376987,0.9902846408054782,1,0.09619672322168482,1.056152919076172,1.1021098288242215,2.2444079614697366e-13
10.068965517241379,6.344827586206897,0.6240149791376987,0.9902846408054782,2,0.2480847066328218,1.4635240146273465,1.7136947184000821,1.8007635674080543e-10
10.068965517241379,6.344827586206897,0.6240149791376987,0.9902846408054782,3,0.3165088004164168,2.0136198186226233,2.096727416604872,2.3121599360625447e-8
11.03448275862069,7.896551724137931,0.56941366846315,0.7956872223065852,1,0.09262031235128565,1.0434138040489551,1.0781534623424955,1.1568902897290378e-13
11.03448275862069,7.896551724137931,0.56941366846315,0.7956872223065852,2,0.2770718719544389,1.5490878710841822,1.7352363802823059,2.6029025223545222e-8
11.03448275862069,7.896551724137931,0.56941366846315,0.7956872223065852,3,0.32631303203430295,1.8828912089255965,1.9922029971837283,1.0414397973495012e-9
8.96551724137931,7.896551724137931,0.700816822723877,0.7956872223065852,1,0.09758349335291651,1.0491125374303023,1.098973627973357,3.926979830619938e-12
8.96551724137931,7.896551724137931,0.700816822723877,0.7956872223065852,2,0.3243047444564248,1.808948013534112,2.0223268875288456,3.353142922878284e-10
8.96551724137931,7.896551724137931,0.700816822723877,0.7956872223065852,3,0.32447583734871693,1.8978210100044492,2.0500620660144797,2.2964807506543055e-12
8.96551724137931,7.896551724137931,0.700816822723877,0.7956872223065852,4,0.32221767706465504,1.7259565766998548,2.13438412358756,8.312698506259975e-13
8.96551724137931,7.896551724137931,0.700816822723877,0.7956872223065852,5,0.3901343705552991,2.280739989388551,2.560542386893047,1.1884105678474923e-12
8.96551724137931,7.896551724137931,0.700816822723877,0.7956872223065852,6,0.3698441206218559,2.029006574412741,2.4351078293407316,2.0128063612209342e-13
11.586206896551724,7.068965517241379,0.5422987318696667,0.888840848332722,1,0.09206686144095566,1.0465028759095747,1.0800668558984174,1.8296343784000276e-12
11.586206896551724,7.068965517241379,0.5422987318696667,0.888840848332722,2,0.22818317885453637,1.3654693197860712,1.545435261419779,3.074789930051118e-9
11.586206896551724,7.068965517241379,0.5422987318696667,0.888840848332722,3,0.3234070268478508,1.9360726832637756,2.019718343201928,1.0447538552293772e-12
9.517241379310345,7.172413793103448,0.6601897605369855,0.8760210284048462,1,0.09364395662154441,1.0490858296075796,1.0932016377906157,1.3684237249624851e-8
9.517241379310345,7.172413793103448,0.6601897605369855,0.8760210284048462,2,0.3215070987728195,1.9494901505086586,2.069999832191093,1.3898602324160884e-11
9.517241379310345,7.172413793103448,0.6601897605369855,0.8760210284048462,3,0.2942987203400715,1.6687724034585827,1.9125370725848407,1.0448243896169249e-8
10.620689655172415,5.620689655172414,0.5915986165850908,1.117867324590233,1,0.30917383263066855,2.0662134749726184,2.1165714377758356,5.3925126501377786e-15
10.620689655172415,5.620689655172414,0.5915986165850908,1.117867324590233,2,0.10645158248611582,1.072481318117424,1.1289109527140442,3.121112538178717e-10
10.620689655172415,5.620689655172414,0.5915986165850908,1.117867324590233,3,0.13663968680007624,1.1189156214618678,1.2158636410733332,2.2343788728499253e-8
8.0,6.137931034482759,0.7853981633974483,1.0236650219562247,1,0.10617437243151281,1.0707489770628353,1.1428742266990592,1.6003959517920038e-10
8.0,6.137931034482759,0.7853981633974483,1.0236650219562247,2,0.32727722885666777,2.112232886017974,2.2504415371228834,4.8501500711152685e-9
8.0,6.137931034482759,0.7853981633974483,1.0236650219562247,3,0.3135244016245749,1.8715681681907441,2.200242559492221,4.2361468064804924e-12
8.0,6.137931034482759,0.7853981633974483,1.0236650219562247,4,0.566271812756447,3.9568343078100514,3.8206232257813832,1.9405580476080075e-9
11.03448275862069,8.0,0.56941366846315,0.7853981633974483,1,0.09293967577233783,1.043216599055265,1.078040265476528,2.3136187331523388e-12
11.03448275862069,8.0,0.56941366846315,0.7853981633974483,2,0.326757787084842,1.8764968326969487,1.987819876602964,3.0961471459277045e-12
11.03448275862069,8.0,0.56941366846315,0.7853981633974483,3,0.2801296936757581,1.5590345038220448,1.7423838240842549,4.0933871607089275e-10
8.551724137931034,5.517241379310345,0.734727314146,1.1388273369263,1,0.12165880306606972,1.0980827857201967,1.1923571866599372,6.98682514203176e-13
8.551724137931034,5.517241379310345,0.734727314146,1.1388273369263,2,0.31815194817016507,2.1581119412496497,2.2401839343448433,1.1210833103854756e-10
8.551724137931034,5.517241379310345,0.734727314146,1.1388273369263,3,0.2671082728007425,1.5903258655343966,1.9309033970813503,5.513682614132674e-10
10.068965517241379,6.448275862068965,0.6240149791376987,0.9743977214342674,1,0.09532534228572649,1.054588697205764,1.099367041002652,1.0070387727950517e-7
10.068965517241379,6.448275862068965,0.6240149791376987,0.9743977214342674,2,0.3172080684957633,2.004100647223061,2.0907718467471934,1.924821438863272e-12
10.068965517241379,6.448275862068965,0.6240149791376987,0.9743977214342674,3,0.2533109297559332,1.4851241466882423,1.7350706097530824,1.2581757253358384e-11
8.96551724137931,8.0,0.700816822723877,0.7853981633974483,1,0.0982027691227074,1.0491330062080948,1.099478467205896,2.054851730800451e-8
8.96551724137931,8.0,0.700816822723877,0.7853981633974483,2,0.3233061184889424,1.7246492526169914,2.1340546111585272,3.189827467758706e-9
8.96551724137931,8.0,0.700816822723877,0.7853981633974483,3,0.3246047007660389,1.8895322886793573,2.043503381022761,3.9419025155508784e-14
8.96551724137931,8.0,0.700816822723877,0.7853981633974483,4,0.417278470740312,2.5600614254172127,2.651179492327779,1.870436401716389e-11
8.96551724137931,8.0,0.700816822723877,0.7853981633974483,5,0.3264384496942381,1.8152327171231009,2.023267186948079,2.6280212178918898e-8
11.586206896551724,7.172413793103448,0.5422987318696667,0.8760210284048462,1,0.09189797608741872,1.0458079278114554,1.0790326000602566,3.621440998870382e-10
11.586206896551724,7.172413793103448,0.5422987318696667,0.8760210284048462,2,0.23376823286046122,1.385313594359887,1.56645880283315,9.292019381554234e-9
11.586206896551724,7.172413793103448,0.5422987318696667,0.8760210284048462,3,0.3241481952035488,1.9287575361873395,2.0150402461649444,7.282338510774817e-14
9.517241379310345,7.275862068965517,0.6601897605369855,0.8635657531194693,1,0.09368006536746508,1.048558329401617,1.0924936761545272,4.2113782722412524e-9
9.517241379310345,7.275862068965517,0.6601897605369855,0.8635657531194693,2,0.32184975211362454,1.9406096966191502,2.063714023185479,3.751354633667698e-11
9.517241379310345,7.275862068965517,0.6601897605369855,0.8635657531194693,3,0.29690888016368167,1.6782869811045023,1.9171799098073603,2.244095569025138e-12
10.620689655172415,5.724137931034483,0.5915986165850908,1.097664903061494,1,0.10427370317239647,1.069028144463266,1.1226266854637503,2.607462168254877e-9
10.620689655172415,5.724137931034483,0.5915986165850908,1.097664903061494,2,0.14634508064025706,1.1369493978423835,1.2480914813259179,1.068080558973375e-8
10.620689655172415,5.724137931034483,0.5915986165850908,1.097664903061494,3,0.31034706821636593,2.0575716404707207,2.11113113547759,1.24964133450948e-10
10.620689655172415,5.724137931034483,0.5915986165850908,1.097664903061494,4,0.5133534431838226,3.367535859464534,3.347764613848142,2.2057122883872986e-11
8.0,6.241379310344827,0.7853981633974483,1.0066981983878895,1,0.10450952951010788,1.0678245237092385,1.1371933892954373,4.689819553617209e-10
8.0,6.241379310344827,0.7853981633974483,1.0066981983878895,2,0.3276711059545987,2.0994758713312396,2.2429776837392432,2.392882681355934e-14
8.0,6.241379310344827,0.7853981633974483,1.0066981983878895,3,0.3164781991497304,1.8876409611779754,2.208700827416428,1.1134448008147394e-8
10.068965517241379,6.551724137931035,0.6240149791376987,0.9590124942537263,1,0.09459835482720788,1.0532075177486435,1.0969798058806715,5.007838427043759e-13
10.068965517241379,6.551724137931035,0.6240149791376987,0.9590124942537263,2,0.25801585910334957,1.504530161213184,1.7532703566124808,3.0783812491196895e-11
10.068965517241379,6.551724137931035,0.6240149791376987,0.9590124942537263,3,0.3178681764020824,1.9947046679904465,2.08481994270932,4.824144050286437e-11
11.172413793103448,5.0,0.5623838700870617,1.2566370614359172,1,0.10524590688922728,1.0755962618746495,1.1286521937749259,4.174007623524185e-8
11.172413793103448,5.0,0.5623838700870617,1.2566370614359172,2,0.30116338326808756,2.088108199472712,2.137254095459352,3.2411176046056306e-11
8.551724137931034,5.620689655172414,0.734727314146,1.117867324590233,1,0.11680704534974917,1.0895959694370794,1.175498542957566,9.865188820880798e-13
8.551724137931034,5.620689655172414,0.734727314146,1.117867324590233,2,0.3190028065251867,2.1457063635446048,2.2339485492058744,7.2301916700276754e-9
8.551724137931034,5.620689655172414,0.734727314146,1.117867324590233,3,0.2729689293478019,1.6196058767421957,1.9596474239739745,3.428241408391414e-8
11.586206896551724,7.275862068965517,0.5422987318696667,0.8635657531194693,1,0.09179617670481233,1.0451862157736709,1.0781308469284372,7.094151123787944e-8
11.586206896551724,7.275862068965517,0.5422987318696667,0.8635657531194693,2,0.3248613941103359,1.9215827734108981,2.010434106164156,2.6989025446051983e-11
11.586206896551724,7.275862068965517,0.5422987318696667,0.8635657531194693,3,0.23886742415029658,1.4034826239357283,1.5849650482596735,4.077927732382532e-11
9.10344827586207,5.0,0.6901983860159394,1.2566370614359172,1,0.14239117344088953,1.1399415950263878,1.2675259135309958,1.3114989216365414e-10
9.10344827586207,5.0,0.6901983860159394,1.2566370614359172,2,0.30665554457356264,2.1741793146964916,2.217899895853942,2.389166075043848e-9
9.517241379310345,7.379310344827586,0.6601897605369855,0.8514596911598504,1,0.0937962608794769,1.0481148204144382,1.0919559655653384,1.1189700454478066e-12
9.517241379310345,7.379310344827586,0.6601897605369855,0.8514596911598504,2,0.32216916326302847,1.9319080751342,2.057482651972829,8.466153648979555e-9
9.517241379310345,7.379310344827586,0.6601897605369855,0.8514596911598504,3,0.2994494504427876,1.6873082371020263,1.9213061728229777,3.1223728538519843e-11
10.620689655172415,5.827586206896552,0.5915986165850908,1.0781797272675029,1,0.10233762943115347,1.0659664735172187,1.1170813042113321,3.609410144180739e-8
10.620689655172415,5.827586206896552,0.5915986165850908,1.0781797272675029,2,0.31145710109979863,2.0487035882204108,2.105641795568289,2.7394656663461864e-14
10.620689655172415,5.827586206896552,0.5915986165850908,1.0781797272675029,3,0.15916693906589874,1.1641088200364977,1.294771273023051,1.1545667092850882e-8
8.0,6.344827586206897,0.7853981633974483,0.9902846408054782,1,0.10317150593788962,1.0653824013759021,1.1325276308211827,4.012042095753638e-11
8.0,6.344827586206897,0.7853981633974483,0.9902846408054782,2,0.5312744025561549,3.369282243053707,3.4624019545592084,1.4148264476808106e-9
8.0,6.344827586206897,0.7853981633974483,0.9902846408054782,3,0.3192928422757803,1.9026539344527762,2.215941618413657,7.705830081049862e-10
8.0,6.344827586206897,0.7853981633974483,0.9902846408054782,4,0.5225416678403392,3.456904087643164,3.51703061059363,5.205695018129572e-9
8.0,6.344827586206897,0.7853981633974483,0.9902846408054782,5,0.3280422031237801,2.0869733064095835,2.2355280369643875,2.4202985533814357e-11
10.068965517241379,6.655172413793103,0.6240149791376987,0.9441055642912332,1,0.2623086121831486,1.5221117198243599,1.7689090892137762,4.137349381042263e-14
10.068965517241379,6.655172413793103,0.6240149791376987,0.9441055642912332,2,0.09400229925209778,1.051987354985121,1.0949060510905433,4.2409042379952475e-9
10.068965517241379,6.655172413793103,0.6240149791376987,0.9441055642912332,3,0.31849202265015536,1.985445228894993,2.0788828434653057,1.601619537186383e-9
11.172413793103448,5.103448275862069,0.5623838700870617,1.2311646885689729,1,0.30237090063683913,2.085024383196973,2.1300822312369254,2.3618344717895246e-12
11.172413793103448,5.103448275862069,0.5623838700870617,1.2311646885689729,2,0.10729920154722263,1.0770281817619873,1.1322372241048364,1.7540737464999807e-8
11.586206896551724,7.379310344827586,0.5422987318696667,0.8514596911598504,1,0.09175727169968338,1.0446321090746526,1.0773513029453174,6.435198938148929e-8
11.586206896551724,7.379310344827586,0.5422987318696667,0.8514596911598504,2,0.3255473193110374,1.9145516018716822,2.0059011548930936,7.973928200023778e-14
11.586206896551724,7.379310344827586,0.5422987318696667,0.8514596911598504,3,0.24357619246906612,1.420217820805246,1.601393049645154,6.264608603007625e-9
8.551724137931034,5.724137931034483,0.734727314146,1.097664903061494,1,0.11287818037716141,1.0829305182771887,1.1622756807064174,3.996810338928926e-12
8.551724137931034,5.724137931034483,0.734727314146,1.097664903061494,2,0.31975936151470385,2.133207612526533,2.22740243488163,4.013352537764909e-11
8.551724137931034,5.724137931034483,0.734727314146,1.097664903061494,3,0.2781330546243786,1.6455610632664464,1.9836056126061856,7.89597992782566e-9
9.10344827586207,5.103448275862069,0.6901983860159394,1.2311646885689729,1,0.1389250289519943,1.1318054772994726,1.2524671233555598,9.52747131815733e-13
9.10344827586207,5.103448275862069,0.6901983860159394,1.2311646885689729,2,0.16235540439155027,1.183318065756599,1.3488169807646864,4.6348667762628665e-9
9.10344827586207,5.103448275862069,0.6901983860159394,1.2311646885689729,3,0.3083487225667522,2.1673413196241658,2.214744485263686,2.258614992599837e-12
9.517241379310345,7.482758620689655,0.6601897605369855,0.8396883590240001,1,0.30193258815538254,1.6958974746139215,1.9250009543337274,6.022374905058237e-11
9.517241379310345,7.482758620689655,0.6601897605369855,0.8396883590240001,2,0.0939875553301864,1.0477485210644724,1.0915756396917615,8.035818105279401e-13
9.517241379310345,7.482758620689655,0.6601897605369855,0.8396883590240001,3,0.3224660871848063,1.9233856967438976,2.0513107736278657,1.1509699610008023e-11
10.620689655172415,5.931034482758621,0.5915986165850908,1.059374266908186,1,0.10062648988742123,1.0632520242935044,1.1121937207417183,9.136508430567479e-13
10.620689655172415,5.931034482758621,0.5915986165850908,1.059374266908186,2,0.17480142458823297,1.2024408960628015,1.3572254878790542,5.014620678593383e-8
10.620689655172415,5.931034482758621,0.5915986165850908,1.059374266908186,3,0.3125071299242543,2.0396967175410534,2.1001113915141634,1.0774103561042448e-10
8.0,6.448275862068965,0.7853981633974483,0.9743977214342674,1,0.10210989086783231,1.063331046179729,1.1286877602180525,4.968957498903985e-9
8.0,6.448275862068965,0.7853981633974483,0.9743977214342674,2,0.3283963373140472,2.0747341445450536,2.2281132477905894,5.4355133092651785e-11
8.0,6.448275862068965,0.7853981633974483,0.9743977214342674,3,0.32198772613306104,1.9166938580884638,2.2221045167223235,2.208628317165475e-11
10.068965517241379,6.758620689655173,0.6240149791376987,0.9296549689194286,1,0.09352542001819342,1.0509101315814298,1.093110265806002,5.2048229068615634e-12
10.068965517241379,6.758620689655173,0.6240149791376987,0.9296549689194286,2,0.3190820668755905,1.9763322809563082,2.072970159027541,3.2578364209960162e-9
10.068965517241379,6.758620689655173,0.6240149791376987,0.9296549689194286,3,0.26627014033959884,1.5381586860248615,1.782454148733998,1.2588681331019876e-10
11.586206896551724,7.482758620689655,0.5422987318696667,0.8396883590240001,1,0.09177746215661978,1.0441405942685618,1.0766848137427685,1.0535322488142687e-10
11.586206896551724,7.482758620689655,0.5422987318696667,0.8396883590240001,2,0.24796754865343013,1.4357196650761204,1.616090862324166,1.0898223909765838e-10
11.586206896551724,7.482758620689655,0.5422987318696667,0.8396883590240001,3,0.3262065942866627,1.9076668541418038,2.0014426322753867,3.828452772282693e-9
11.172413793103448,5.206896551724138,0.5623838700870617,1.2067044629682648,1,0.10964625463806474,1.0790126986793886,1.136726158938394,7.211162694865678e-13
11.172413793103448,5.206896551724138,0.5623838700870617,1.2067044629682648,2,0.3036989993343128,2.080643410082684,2.12369959474585,2.274270494559725e-8
8.551724137931034,5.827586206896552,0.734727314146,1.0781797272675029,1,0.10966205947982348,1.0775773640554829,1.151698130859618,2.4074056125421842e-12
8.551724137931034,5.827586206896552,0.734727314146,1.0781797272675029,2,0.3204354007211928,2.120703513090858,2.2206135703085614,1.4282939003544906e-9
8.551724137931034,5.827586206896552,0.734727314146,1.0781797272675029,3,0.28275401574338815,1.668813856953268,2.0037567562535767,2.5556500145473404e-11
9.517241379310345,7.586206896551724,0.6601897605369855,0.8282380632191273,1,0.09424960178119608,1.0474535711312827,1.0913417608222988,3.9659251004705e-8
9.517241379310345,7.586206896551724,0.6601897605369855,0.8282380632191273,2,0.30436879767166236,1.7041088932915094,1.9283384102723704,1.094983756202027e-13
9.517241379310345,7.586206896551724,0.6601897605369855,0.8282380632191273,3,0.322741215239549,1.9150430772750422,2.0452035542638276,3.371168829860123e-13
9.10344827586207,5.206896551724138,0.6901983860159394,1.2067044629682648,1,0.1321017583024197,1.117893345547051,1.2259084348921956,3.1848294340631796e-10
9.10344827586207,5.206896551724138,0.6901983860159394,1.2067044629682648,2,0.18934668949392364,1.2573752651731351,1.476207350549168,6.844563918505555e-10
9.10344827586207,5.206896551724138,0.6901983860159394,1.2067044629682648,3,0.3098811353143749,2.1590060581785804,2.2109485953733925,7.531211315344647e-11
10.620689655172415,6.0344827586206895,0.5915986165850908,1.04121356518976,1,0.09912226582414892,1.0608434907420594,1.107887551848811,3.536579286594442e-13
10.620689655172415,6.0344827586206895,0.5915986165850908,1.04121356518976,2,0.19043003986812593,1.2466410426979393,1.4244868700967823,4.0458252683483045e-9
10.620689655172415,6.0344827586206895,0.5915986165850908,1.04121356518976,3,0.3135009517470255,2.0306198215340947,2.094550776361108,3.122684734911062e-14
8.0,6.551724137931035,0.7853981633974483,0.9590124942537263,1,0.10128586444023985,1.0616022937214749,1.1255327805314688,3.393467778884802e-8
8.0,6.551724137931035,0.7853981633974483,0.9590124942537263,2,0.32873877819931757,2.062764000590951,2.220750878662409,2.0621263802361503e-8
8.0,6.551724137931035,0.7853981633974483,0.9590124942537263,3,0.3245793024284719,1.9298374844110135,2.227311033449608,1.2167589351071498e-13
8.0,6.551724137931035,0.7853981633974483,0.9590124942537263,4,0.5230212102786767,3.4192642340978336,3.501861931816925,6.411899691612724e-12
10.068965517241379,6.862068965517241,0.6240149791376987,0.9156400698904925,1,0.09315749110232592,1.0499604049254416,1.0915624601787204,8.244518932403909e-11
10.068965517241379,6.862068965517241,0.6240149791376987,0.9156400698904925,2,0.3196403692313074,1.9673730584384197,2.067090126210313,7.697402908867745e-13
10.068965517241379,6.862068965517241,0.6240149791376987,0.9156400698904925,3,0.26996214866896845,1.552902583456956,1.7942690628752516,6.644590157802259e-9
11.586206896551724,7.586206896551724,0.5422987318696667,0.8282380632191273,1,0.09185334910082549,1.043706938639659,1.0761233152773622,6.676202340045525e-10
11.586206896551724,7.586206896551724,0.5422987318696667,0.8282380632191273,2,0.3268397808588194,1.9009311508060334,1.9970596440794122,1.8028364675867235e-10
11.586206896551724,7.586206896551724,0.5422987318696667,0.8282380632191273,3,0.2520983996672319,1.450155254374053,1.629337835466866,1.852980631074866e-12
11.586206896551724,7.586206896551724,0.5422987318696667,0.8282380632191273,4,0.6022630303382902,3.6253950669262993,3.5655418057150112,1.7697189828306277e-9
11.172413793103448,5.310344827586207,0.5623838700870617,1.1831972331701817,1,0.11233633427679694,1.0816431501369403,1.1422896418482946,5.253557597046526e-9
11.172413793103448,5.310344827586207,0.5623838700870617,1.1831972331701817,2,0.3050662251273592,2.0751543666569345,2.1177565786096166,2.253646557463462e-8
8.551724137931034,5.931034482758621,0.734727314146,1.059374266908186,1,0.10701046568076458,1.0732017237982636,1.1431052288691965,1.2247079952360736e-10
8.551724137931034,5.931034482758621,0.734727314146,1.059374266908186,2,0.286940648344218,1.6898193340111023,2.0208025942578374,4.690390840184433e-11
8.551724137931034,5.931034482758621,0.734727314146,1.059374266908186,3,0.32104253795958015,2.1082590361355593,2.213637234705068,2.9494721227969878e-12
9.517241379310345,7.689655172413793,0.6601897605369855,0.817095847122009,1,0.09457882522202027,1.047225186440853,1.0912454175282336,1.2359307206766505e-9
9.517241379310345,7.689655172413793,0.6601897605369855,0.817095847122009,2,0.30676718708442924,1.7119906056177134,1.931383293327702,1.0873031978129323e-9
9.517241379310345,7.689655172413793,0.6601897605369855,0.817095847122009,3,0.3229952239341112,1.906881082881037,2.039166015531123,1.4045571676400336e-10
9.517241379310345,7.689655172413793,0.6601897605369855,0.817095847122009,4,0.3251460925842695,1.75207006798737,2.1415953636041225,3.738393396585232e-11
9.517241379310345,7.689655172413793,0.6601897605369855,0.817095847122009,5,0.34620917127926587,1.8672204466017837,2.2655615984295787,5.564601387927383e-13
9.10344827586207,5.310344827586207,0.6901983860159394,1.1831972331701817,1,0.12600733055763283,1.1062538339232904,1.2034424155377945,1.241003478713681e-12
9.10344827586207,5.310344827586207,0.6901983860159394,1.1831972331701817,2,0.3112594834963045,2.149596416822377,2.2065608792098637,1.1952054264712577e-12
9.10344827586207,5.310344827586207,0.6901983860159394,1.1831972331701817,3,0.21112890419200503,1.3310699006052316,1.5896095301119608,8.347207615954816e-12
10.620689655172415,6.137931034482759,0.5915986165850908,1.0236650219562247,1,0.09780734732738793,1.0587043427730187,1.1040939597032466,1.2054732642708878e-13
10.620689655172415,6.137931034482759,0.5915986165850908,1.0236650219562247,2,0.31444250006675917,2.021526873839108,2.0889717970666872,4.296757593290692e-11
10.620689655172415,6.137931034482759,0.5915986165850908,1.0236650219562247,3,0.20368724043909306,1.2887454012801267,1.4839770536537729,8.70229226892296e-14
10.068965517241379,6.9655172413793105,0.6240149791376987,0.9020414549911286,1,0.09288956501721951,1.0491250171661715,1.0902371431786355,4.5218306832351756e-11
10.068965517241379,6.9655172413793105,0.6240149791376987,0.9020414549911286,2,0.3201686749952986,1.9585729133324377,2.0612499819252794,8.932043609723693e-9
10.068965517241379,6.9655172413793105,0.6240149791376987,0.9020414549911286,3,0.2734327210852758,1.566531096997523,1.8046421436461029,2.829414839824274e-8
11.586206896551724,7.689655172413793,0.5422987318696667,0.817095847122009,1,0.09198189271635387,1.0433272208352116,1.0756597379169532,1.620653443972208e-11
11.586206896551724,7.689655172413793,0.5422987318696667,0.817095847122009,2,0.3274474445506496,1.8943473021767792,1.99275364058738,2.066885517215811e-9
11.586206896551724,7.689655172413793,0.5422987318696667,0.817095847122009,3,0.2560135856791508,1.4636639750437206,1.641359498380993,5.07352010898488e-12
8.0,6.655172413793103,0.7853981633974483,0.9441055642912332,1,0.10066899524356437,1.0601445053830292,1.122955582710955,9.154787940323585e-10
8.0,6.655172413793103,0.7853981633974483,0.9441055642912332,2,0.3270816508429391,1.9421537523402945,2.2316683321566906,2.474121019024099e-13
8.0,6.655172413793103,0.7853981633974483,0.9441055642912332,3,0.3290742071658902,2.0510653361215736,2.2134547811481067,2.8374125916045577e-9
11.172413793103448,5.413793103448276,0.5623838700870617,1.1605883688420893,1,0.1101150705380335,1.0779185128589899,1.135700239931467,5.212987758152936e-12
11.172413793103448,5.413793103448276,0.5623838700870617,1.1605883688420893,2,0.3064265954554774,2.068776071196381,2.112054090978858,7.140243516282342e-11
8.551724137931034,6.0344827586206895,0.734727314146,1.04121356518976,1,0.1048161464206534,1.0695753512640893,1.136041767202375,1.5582372156159128e-10
8.551724137931034,6.0344827586206895,0.734727314146,1.04121356518976,2,0.32159060925489485,2.095922133524582,2.2065186669022214,2.9222987957606192e-8
8.551724137931034,6.0344827586206895,0.734727314146,1.04121356518976,3,0.2907731437812267,1.7089191448418173,2.0352648612108006,3.7883859347385645e-14
9.517241379310345,7.793103448275862,0.6601897605369855,0.8062494420717168,1,0.09497190559857951,1.0470588983495093,1.0912786869373778,3.915779327195852e-8
9.517241379310345,7.793103448275862,0.6601897605369855,0.8062494420717168,2,0.3232288212847318,1.8989009463772086,2.033203326579482,1.2614509642538175e-8
9.517241379310345,7.793103448275862,0.6601897605369855,0.8062494420717168,3,0.3223525133764459,1.731929238596777,2.118611307668357,2.6004930146153347e-11
9.10344827586207,5.413793103448276,0.6901983860159394,1.1605883688420893,1,0.12074915272133653,1.0967340912159724,1.1849508927095884,1.7015921873335404e-10
9.10344827586207,5.413793103448276,0.6901983860159394,1.1605883688420893,2,0.3124970668021596,2.139429578629875,2.2016554247197515,1.6501186286018136e-12
9.10344827586207,5.413793103448276,0.6901983860159394,1.1605883688420893,3,0.2263217759028121,1.3899397759413379,1.6712462263491696,4.7715522342462445e-11
10.620689655172415,6.241379310344827,0.5915986165850908,1.0066981983878895,1,0.09666503020828843,1.0568022965018662,1.100751891584671,5.409687066439287e-8
10.620689655172415,6.241379310344827,0.5915986165850908,1.0066981983878895,2,0.21444354374253402,1.3258362480124217,1.5327924946093836,4.183538588875738e-12
10.620689655172415,6.241379310344827,0.5915986165850908,1.0066981983878895,3,0.3153355711060891,2.012459990969049,2.0833861972482195,1.5605153264637113e-8
11.586206896551724,7.793103448275862,0.5422987318696667,0.8062494420717168,1,0.09216036697764687,1.0429978469653476,1.0752878440970712,4.573220793039563e-8
11.586206896551724,7.793103448275862,0.5422987318696667,0.8062494420717168,2,0.3280301448493791,1.887918317297717,1.9885259947206535,1.5988128047254425e-10
11.586206896551724,7.793103448275862,0.5422987318696667,0.8062494420717168,3,0.25974907396051555,1.4763633785430559,1.6523405276836587,2.1607150751564738e-8
10.068965517241379,7.068965517241379,0.6240149791376987,0.888840848332722,1,0.09271382794517259,1.0483927275368257,1.0891126362745214,1.9180220066995756e-13
10.068965517241379,7.068965517241379,0.6240149791376987,0.888840848332722,2,0.27672004784269777,1.5791988821908904,1.8138059789486607,4.606275926131146e-13
10.068965517241379,7.068965517241379,0.6240149791376987,0.888840848332722,3,0.320668420261702,1.9499356245727038,2.055455878529261,2.35513512195933e-11
8.0,6.758620689655173,0.7853981633974483,0.9296549689194286,1,0.10023488953247534,1.0589172559422697,1.120872942031249,8.599659855207118e-9
8.0,6.758620689655173,0.7853981633974483,0.9296549689194286,2,0.3294069864758432,2.03963850613456,2.2062374680015577,1.4847514637824597e-13
8.0,6.758620689655173,0.7853981633974483,0.9296549689194286,3,0.32950697533957596,1.9537059432417867,2.235272506153983,8.607403389436388e-9
11.172413793103448,5.517241379310345,0.5623838700870617,1.1388273369263,1,0.10772293261238454,1.0740814992355576,1.1288549446665024,1.1428425220902857e-8
11.172413793103448,5.517241379310345,0.5623838700870617,1.1388273369263,2,0.30775503608935,2.0617100029539235,2.106481131738102,4.013718143099377e-11
9.517241379310345,7.896551724137931,0.6601897605369855,0.7956872223065852,1,0.09542598248390931,1.0469510083257783,1.091434868028459,1.3992474124692069e-8
9.517241379310345,7.896551724137931,0.6601897605369855,0.7956872223065852,2,0.3234428000812142,1.8911046221380665,2.0273207569568905,3.3346124285269065e-11
9.517241379310345,7.896551724137931,0.6601897605369855,0.7956872223065852,3,0.31148124991455217,1.7269320971587816,1.9368151608234303,1.4985866461234427e-9
8.551724137931034,6.137931034482759,0.734727314146,1.0236650219562247,1,0.1029994662834185,1.0665374515184385,1.1301844953323188,4.730371149770966e-13
8.551724137931034,6.137931034482759,0.734727314146,1.0236650219562247,2,0.2943124431016363,1.7263760225458467,2.0475438213781816,1.525382788295526e-11
8.551724137931034,6.137931034482759,0.734727314146,1.0236650219562247,3,0.3220879010342703,2.0837284162394227,2.1992942844855747,6.72849134952072e-11
9.10344827586207,5.517241379310345,0.6901983860159394,1.1388273369263,1,0.11627978371520455,1.088975565821548,1.169840798301145,3.902873011274513e-13
9.10344827586207,5.517241379310345,0.6901983860159394,1.1388273369263,2,0.3136090388765261,2.1287440171110275,2.1963108925662116,6.085139765301572e-9
10.620689655172415,6.344827586206897,0.5915986165850908,0.9902846408054782,1,0.09567996359247109,1.0551097075023685,1.0978081769401082,2.4452523073040763e-9
10.620689655172415,6.344827586206897,0.5915986165850908,0.9902846408054782,2,0.22329015912507674,1.3580625167373397,1.5725408715732923,1.1232212417214593e-11
10.620689655172415,6.344827586206897,0.5915986165850908,0.9902846408054782,3,0.3161837337169234,2.0034522724291035,2.07780511408702,4.033502117800814e-12
11.586206896551724,7.896551724137931,0.5422987318696667,0.7956872223065852,1,0.09238634156991227,1.0427157126721975,1.075002127507187,8.825026668468399e-14
11.586206896551724,7.896551724137931,0.5422987318696667,0.7956872223065852,2,0.32858850702627895,1.8816477303431263,1.9843784244480933,3.688261978314339e-10
11.586206896551724,7.896551724137931,0.5422987318696667,0.7956872223065852,3,0.2633336436928941,1.4883513401839796,1.6624313522165837,2.5143199034606306e-10
10.068965517241379,7.172413793103448,0.6240149791376987,0.8760210284048462,1,0.09262344406835513,1.0477538896169087,1.0881704475543816,9.941090080824592e-9
10.068965517241379,7.172413793103448,0.6240149791376987,0.8760210284048462,2,0.3211408139756867,1.9414640104034249,2.049713376887604,4.1861922460061535e-12
10.068965517241379,7.172413793103448,0.6240149791376987,0.8760210284048462,3,0.27985504267613004,1.5910346469485876,1.8219515223036131,8.197764192896504e-12
8.0,6.862068965517241,0.7853981633974483,0.9156400698904925,1,0.09996399135811439,1.057889100693273,1.1192199886089265,5.107031604810524e-10
8.0,6.862068965517241,0.7853981633974483,0.9156400698904925,2,0.31904382423485644,1.7780607396477504,2.224648449902214,1.0079220725912182e-10
8.0,6.862068965517241,0.7853981633974483,0.9156400698904925,3,0.3297410252501905,2.028481497227297,2.1991085632090925,9.144935543900532e-14
8.0,6.862068965517241,0.7853981633974483,0.9156400698904925,4,0.33186587765475783,1.9645525440073532,2.238210164823185,5.4905378474008194e-11
9.517241379310345,8.0,0.6601897605369855,0.7853981633974483,1,0.09593890374372087,1.0468984875501943,1.091708975790977,9.175816665507113e-8
9.517241379310345,8.0,0.6601897605369855,0.7853981633974483,2,0.31380992031860905,1.7340646663588142,1.939295364730274,6.056036932563075e-10
9.517241379310345,8.0,0.6601897605369855,0.7853981633974483,3,0.32363807377141324,1.8834943105530797,2.0215238735665,8.23072842395599e-10
9.517241379310345,8.0,0.6601897605369855,0.7853981633974483,4,0.32101208285055344,1.7129025157596665,2.0974915124781224,2.702811075979827e-14
9.517241379310345,8.0,0.6601897605369855,0.7853981633974483,5,0.36532644334816855,1.9739163455824398,2.3628257189297703,1.2797188151780279e-13
11.172413793103448,5.620689655172414,0.5623838700870617,1.117867324590233,1,0.10553991800688811,1.070613156097902,1.122678003917653,2.6320256448903895e-9
11.172413793103448,5.620689655172414,0.5623838700870617,1.117867324590233,2,0.309038590485755,2.0541276605796073,2.100976970346531,9.03315592741468e-14
11.172413793103448,5.620689655172414,0.5623838700870617,1.117867324590233,3,0.12327929426934277,1.0951363469727788,1.168428839119267,9.882321786890955e-10
8.551724137931034,6.241379310344827,0.734727314146,1.0066981983878895,1,0.1014999146245667,1.0639714812761825,1.125297732159853,6.525579099624002e-10
8.551724137931034,6.241379310344827,0.734727314146,1.0066981983878895,2,0.2976060442262139,1.7423964819829343,2.0579549705758318,2.411671967618772e-14
8.551724137931034,6.241379310344827,0.734727314146,1.0066981983878895,3,0.3225415141825936,2.071703207448839,2.191994408699845,5.518475031113315e-13
11.586206896551724,8.0,0.5422987318696667,0.7853981633974483,1,0.09265764875648069,1.042477907488455,1.0747978021052988,7.061648981478521e-8
11.586206896551724,8.0,0.5422987318696667,0.7853981633974483,2,0.32912323890252126,1.875539720785147,1.980312832702459,3.848345644574579e-14
11.586206896551724,8.0,0.5422987318696667,0.7853981633974483,3,0.26679136513387747,1.4997134548594682,1.6717596796647132,7.495447391284891e-14
9.10344827586207,5.620689655172414,0.6901983860159394,1.117867324590233,1,0.11249910736276622,1.0826164722147988,1.1574601005983496,5.884871044075578e-8
9.10344827586207,5.620689655172414,0.6901983860159394,1.117867324590233,2,0.31461025038508056,2.117719415753332,2.190601360459621,3.5107999271229364e-10
9.10344827586207,5.620689655172414,0.6901983860159394,1.117867324590233,3,0.24652512309964958,1.47649023759915,1.7778188912310382,2.39619519544436e-12
10.620689655172415,6.448275862068965,0.5915986165850908,0.9743977214342674,1,0.0948381160548262,1.0536020974408162,1.0952164846104577,9.824014714416185e-12
10.620689655172415,6.448275862068965,0.5915986165850908,0.9743977214342674,2,0.3169901559307953,1.9945289242746511,2.0722386145745846,8.729532902546064e-10
10.620689655172415,6.448275862068965,0.5915986165850908,0.9743977214342674,3,0.23075388810041506,1.3862249380421021,1.6052760082992388,1.6472927723158373e-13
10.068965517241379,7.275862068965517,0.6240149791376987,0.8635657531194693,1,0.09261243388549924,1.047200231797403,1.0873947714333834,4.555045136113955e-11
10.068965517241379,7.275862068965517,0.6240149791376987,0.8635657531194693,2,0.28286294881388474,1.6021467292762468,1.8292366646040716,3.538053104980293e-13
10.068965517241379,7.275862068965517,0.6240149791376987,0.8635657531194693,3,0.3215868676518519,1.9331601768513884,2.0440273985748947,1.3448068721058925e-14
8.0,6.9655172413793105,0.7853981633974483,0.9020414549911286,1,0.09984026333251575,1.057034777527141,1.1179450772172717,1.5919512258651056e-8
8.0,6.9655172413793105,0.7853981633974483,0.9020414549911286,2,0.3188254786894153,1.7705973669447133,2.2161571128870254,3.6518224252924413e-13
8.0,6.9655172413793105,0.7853981633974483,0.9020414549911286,3,0.3300798888199846,2.0175904318321907,2.192075818476143,1.3641058589570893e-13
8.0,6.9655172413793105,0.7853981633974483,0.9020414549911286,4,0.5171847707883122,3.286313944065596,3.4353372132574584,1.4082180957191803e-8
8.0,6.9655172413793105,0.7853981633974483,0.9020414549911286,5,0.3341678787559028,1.9747499012418368,2.2405621216140896,1.052820921326476e-9
8.0,6.9655172413793105,0.7853981633974483,0.9020414549911286,6,0.3463415661702203,1.9212549407732866,2.393975269557365,2.1200190866477763e-9
11.172413793103448,5.724137931034483,0.5623838700870617,1.097664903061494,1,0.10356415442716985,1.0674891868858405,1.117132140079026,3.8000415349821574e-10
11.172413793103448,5.724137931034483,0.5623838700870617,1.097664903061494,2,0.12834584435405236,1.1025774822516288,1.182097355387244,1.3199185370168847e-8
11.172413793103448,5.724137931034483,0.5623838700870617,1.097664903061494,3,0.3102713806272035,2.0461699228173558,2.0955101831557985,2.1223428016971467e-14
9.655172413793103,5.0,0.6507584782436,1.2566370614359172,1,0.12106058394810379,1.1001473679531555,1.1855293983429773,3.907957033465933e-8
9.655172413793103,5.0,0.6507584782436,1.2566370614359172,2,0.3033778735242855,2.143640236945472,2.1852995348670072,1.2044503396999814e-9
8.551724137931034,6.344827586206897,0.734727314146,0.9902846408054782,1,0.10027057997767944,1.0617908834550656,1.1212056925731102,3.6433676771019186e-9
8.551724137931034,6.344827586206897,0.734727314146,0.9902846408054782,2,0.32295742742513767,2.059864670820667,2.1846432556584547,1.4513611288048964e-8
10.620689655172415,6.551724137931035,0.5915986165850908,0.9590124942537263,1,0.09412692676731076,1.0522586806761112,1.092936977359807,3.888851118913139e-8
10.620689655172415,6.551724137931035,0.5915986165850908,0.9590124942537263,2,0.31775768915435637,1.9857096432261871,2.0666957770585395,3.7007870808527553e-10
10.620689655172415,6.551724137931035,0.5915986165850908,0.9590124942537263,3,0.23720457251686067,1.4110846812833027,1.6326265719526623,7.007805836100938e-10
11.724137931034482,5.0,0.5359187467888471,1.2566370614359172,1,0.3019646838442896,2.0739761367929423,2.1285220025051226,1.329929238269752e-10
11.724137931034482,5.0,0.5359187467888471,1.2566370614359172,2,0.10345075984421451,1.072866177887471,1.1207144364960617,1.0267976863323e-11
10.068965517241379,7.379310344827586,0.6240149791376987,0.8514596911598504,1,0.09267556393925838,1.0467245680311266,1.086772082646575,4.2944103395515557e-8
10.068965517241379,7.379310344827586,0.6240149791376987,0.8514596911598504,2,0.32200745471640896,1.9250259027642058,2.038402533266243,1.0179538537059702e-8
10.068965517241379,7.379310344827586,0.6240149791376987,0.8514596911598504,3,0.28576468618120193,1.6126271909941297,1.8357937591209237,1.8277185254806907e-14
9.10344827586207,5.724137931034483,0.6901983860159394,1.097664903061494,1,0.10930283938398162,1.0773573886643961,1.1472481803523604,9.503861902266438e-10
9.10344827586207,5.724137931034483,0.6901983860159394,1.097664903061494,2,0.3155144071468744,2.1064916860418954,2.1845933265528092,3.6906059999280966e-12
9.10344827586207,5.724137931034483,0.6901983860159394,1.097664903061494,3,0.25388562101815093,1.5097659300051527,1.8146186639946988,1.413267742530409e-10
8.0,7.068965517241379,0.7853981633974483,0.888840848332722,1,0.09985056232618132,1.0563340871337037,1.1170070474017781,1.3214709271167334e-11
8.0,7.068965517241379,0.7853981633974483,0.888840848332722,2,0.3514492180701557,1.9458918376117116,2.4214112578085114,1.1643118722812852e-11
8.0,7.068965517241379,0.7853981633974483,0.888840848332722,3,0.33042683541536977,2.006959766222557,2.185145257813799,4.916883705731524e-10
8.0,7.068965517241379,0.7853981633974483,0.888840848332722,4,0.3364214740114346,1.9843519233328974,2.2424033238135612,3.3866600730221206e-9
8.0,7.068965517241379,0.7853981633974483,0.888840848332722,5,0.4990985785733201,3.1163505368910505,3.203613395251027,3.0675339316359615e-10
8.0,7.068965517241379,0.7853981633974483,0.888840848332722,6,0.31973513899432987,1.7687750174495642,2.214734244193249,1.3277199351895662e-8
11.172413793103448,5.827586206896552,0.5623838700870617,1.0781797272675029,1,0.1017887079201412,1.0646816997446795,1.1121703084689991,4.721221911916541e-13
11.172413793103448,5.827586206896552,0.5623838700870617,1.0781797272675029,2,0.31145161116568426,2.037950440049193,2.0900662350428343,8.371046399810182e-13
11.172413793103448,5.827586206896552,0.5623838700870617,1.0781797272675029,3,0.13452188278689017,1.1125258637415782,1.1999212657347216,1.4199276010514583e-8
8.551724137931034,6.448275862068965,0.734727314146,0.9743977214342674,1,0.0992744620541998,1.0599300073402051,1.1177746921819303,2.6781500382108234e-13
8.551724137931034,6.448275862068965,0.734727314146,0.9743977214342674,2,0.3233407385818595,2.0482253809357713,2.1772604978130063,1.0421001057168292e-8
8.551724137931034,6.448275862068965,0.734727314146,0.9743977214342674,3,0.3036003442610989,1.7707618590884364,2.0741488021224006,1.0776201022069434e-9
9.655172413793103,5.103448275862069,0.6507584782436,1.2311646885689729,1,0.12796495316197426,1.1103479659416235,1.206124015127945,9.843436542807351e-11
9.655172413793103,5.103448275862069,0.6507584782436,1.2311646885689729,2,0.30499417242985327,2.1382148494774578,2.1812427347547225,3.2999662722807577e-10
10.620689655172415,6.655172413793103,0.5915986165850908,0.9441055642912332,1,0.09353516785955956,1.0510617023819004,1.0909353673249562,8.965039911927914e-9
10.620689655172415,6.655172413793103,0.5915986165850908,0.9441055642912332,2,0.3184888097095757,1.9770094079478688,2.0611845460762614,1.3911882432792466e-14
10.620689655172415,6.655172413793103,0.5915986165850908,0.9441055642912332,3,0.24289486566915988,1.4332532307538752,1.6557877446801887,7.471548888283005e-13
10.068965517241379,7.482758620689655,0.6240149791376987,0.8396883590240001,1,0.09280820878804241,1.04632073843522,1.0862907395421104,4.9648650583977965e-12
10.068965517241379,7.482758620689655,0.6240149791376987,0.8396883590240001,2,0.32240331517399945,1.9170626937689137,2.032842884860587,2.250662566422111e-10
10.068965517241379,7.482758620689655,0.6240149791376987,0.8396883590240001,3,0.28857774673944186,1.6225548931159974,1.8417346108549446,1.032897786531803e-11
11.724137931034482,5.103448275862069,0.5359187467888471,1.2311646885689729,1,0.10498860495758239,1.0735283154538804,1.122841937133249,8.557205891447029e-12
11.724137931034482,5.103448275862069,0.5359187467888471,1.2311646885689729,2,0.3030099900687718,2.0714572718366204,2.120296625866561,2.405185056897763e-8
9.10344827586207,5.827586206896552,0.6901983860159394,1.0781797272675029,1,0.10659901752802357,1.072966230182117,1.138761207473903,5.14492874753761e-12
9.10344827586207,5.827586206896552,0.6901983860159394,1.0781797272675029,2,0.31633370781115483,2.0951636243743312,2.178344481644885,5.280318399862237e-11
9.10344827586207,5.827586206896552,0.6901983860159394,1.0781797272675029,3,0.2601533469517585,1.5385372092840526,1.8445028287584215,8.523482907236007e-12
8.0,7.172413793103448,0.7853981633974483,0.8760210284048462,1,0.09998404418379335,1.0557705232655432,1.1163728337410326,4.0089857847328434e-10
8.0,7.172413793103448,0.7853981633974483,0.8760210284048462,2,0.3211645863541869,1.7695098346807074,2.216524567392378,1.6183720209008554e-8
8.0,7.172413793103448,0.7853981633974483,0.8760210284048462,3,0.3386344552709092,1.9934116388790772,2.2438049871040744,8.14711424909732e-14
8.0,7.172413793103448,0.7853981633974483,0.8760210284048462,4,0.3556719925456335,1.9669662846241056,2.4438416617536514,1.2235231577515947e-8
11.172413793103448,5.931034482758621,0.5623838700870617,1.059374266908186,1,0.14221440530591387,1.1261925366915482,1.2237725440983085,2.1189598249603973e-11
11.172413793103448,5.931034482758621,0.5623838700870617,1.059374266908186,2,0.1002033588628149,1.062161646202641,1.1077412376446525,2.4180085047771773e-9
11.172413793103448,5.931034482758621,0.5623838700870617,1.059374266908186,3,0.3125798031541332,2.0295600043640336,2.0846403178157766,4.4910625137841335e-14
8.551724137931034,6.551724137931035,0.734727314146,0.9590124942537263,1,0.3236956993666693,2.0367927235059433,2.1698617380639926,2.995695183423822e-11
8.551724137931034,6.551724137931035,0.734727314146,0.9590124942537263,2,0.09848195848227984,1.0583381620205814,1.1149013769813805,2.219286966991015e-13
8.551724137931034,6.551724137931035,0.734727314146,0.9590124942537263,3,0.30635708733466144,1.7833571392913268,2.0803194030125374,2.274513739032969e-14
9.655172413793103,5.206896551724138,0.6507584782436,1.2067044629682648,1,0.12479089066034582,1.1040463443221633,1.1944070415179389,2.4381196260142754e-9
9.655172413793103,5.206896551724138,0.6507584782436,1.2067044629682648,2,0.3065254073265169,2.1312916230546026,2.1769735207771665,2.4688825783162297e-13
9.655172413793103,5.206896551724138,0.6507584782436,1.2067044629682648,3,0.13735292854807896,1.1261256039182526,1.2368740926776516,2.179104578867477e-12
10.620689655172415,6.758620689655173,0.5915986165850908,0.9296549689194286,1,0.0930528870165253,1.0499956223515952,1.0891821726069186,2.0764317542841162e-10
10.620689655172415,6.758620689655173,0.5915986165850908,0.9296549689194286,2,0.319185663556806,1.968439629088921,2.0557119058673265,1.9422656166073464e-10
10.620689655172415,6.758620689655173,0.5915986165850908,0.9296549689194286,3,0.24800056635243126,1.4532065044240419,1.675634060525148,6.531676933208602e-9
10.068965517241379,7.586206896551724,0.6240149791376987,0.8282380632191273,1,0.09300637891901968,1.0459833499100137,1.0859408243623148,6.546515002228038e-10
10.068965517241379,7.586206896551724,0.6240149791376987,0.8282380632191273,2,0.2913168771912496,1.6319978747599824,1.8471543416021161,2.0618418113644756e-10
10.068965517241379,7.586206896551724,0.6240149791376987,0.8282380632191273,3,0.3227751859516618,1.9092723507605696,2.0273528206194618,1.5136728703198866e-8
11.724137931034482,5.206896551724138,0.5359187467888471,1.2067044629682648,1,0.10673288867886056,1.07458954794639,1.1255811776165339,3.004293591935943e-8
11.724137931034482,5.206896551724138,0.5359187467888471,1.2067044629682648,2,0.3042457670673986,2.0678061446820184,2.113156139324994,2.6782782191200113e-9
9.10344827586207,5.931034482758621,0.6901983860159394,1.059374266908186,1,0.10431115560726195,1.0692670518968708,1.1316573321470833,2.5279262173587523e-8
9.10344827586207,5.931034482758621,0.6901983860159394,1.059374266908186,2,0.31707883067558945,2.0838130590036474,2.1719041966074886,3.9314193615661045e-11
9.10344827586207,5.931034482758621,0.6901983860159394,1.059374266908186,3,0.26561573267606103,1.5637765876430594,1.869159117688873,3.2638044148360076e-10
9.10344827586207,5.931034482758621,0.6901983860159394,1.059374266908186,4,0.5916322986714426,4.1210893800966915,3.8877977065870635,1.5231794666242842e-9
8.0,7.275862068965517,0.7853981633974483,0.8635657531194693,1,0.10023170319514253,1.055330641423049,1.1160157646386446,3.715410769905664e-9
8.0,7.275862068965517,0.7853981633974483,0.8635657531194693,2,0.3408141655181391,2.001982402326157,2.2448361680293263,7.679523957466803e-9
8.0,7.275862068965517,0.7853981633974483,0.8635657531194693,3,0.32288288545188826,1.7716666347699457,2.2200815084820227,9.035638041282027e-11
8.0,7.275862068965517,0.7853981633974483,0.8635657531194693,4,0.4140745202685595,2.6774358294901726,2.7607255820295995,2.1601033939222783e-9
11.172413793103448,6.0344827586206895,0.5623838700870617,1.04121356518976,1,0.3136577343567178,2.0210707095753015,2.07923311395634,3.702828852371429e-12
11.172413793103448,6.0344827586206895,0.5623838700870617,1.04121356518976,2,0.09879618082155796,1.0599006796561716,1.1037936108261275,4.840439066796354e-9
11.172413793103448,6.0344827586206895,0.5623838700870617,1.04121356518976,3,0.15193033716331597,1.1454185063024735,1.2563075399955808,4.911258416765473e-9
8.551724137931034,6.655172413793103,0.734727314146,0.9441055642912332,1,0.09786907673361843,1.0569755842719473,1.1125046755639332,4.9154197801215755e-11
8.551724137931034,6.655172413793103,0.734727314146,0.9441055642912332,2,0.308983252196014,1.7950302612230487,2.085417446482722,5.253101835175115e-9
8.551724137931034,6.655172413793103,0.734727314146,0.9441055642912332,3,0.324025916174441,2.0255708986933856,2.162459501450846,1.8187521239878533e-9
9.655172413793103,5.310344827586207,0.6507584782436,1.1831972331701817,1,0.12026564489969989,1.095896976502808,1.1789423641401306,7.147214550462309e-9
9.655172413793103,5.310344827586207,0.6507584782436,1.1831972331701817,2,0.307951839556601,2.1232501597017683,2.172408334607308,5.609439679881058e-13
9.655172413793103,5.310344827586207,0.6507584782436,1.1831972331701817,3,0.15099763518076836,1.1527315879979523,1.2867072638018628,2.0907926343605776e-11
10.068965517241379,7.689655172413793,0.6240149791376987,0.817095847122009,1,0.09326653721894365,1.0457077475840224,1.085713782632894,8.265337113310868e-12
10.068965517241379,7.689655172413793,0.6240149791376987,0.817095847122009,2,0.32312371987191635,1.901656883724237,2.0219361418953463,1.4321949957272944e-9
10.068965517241379,7.689655172413793,0.6240149791376987,0.817095847122009,3,0.2939945985303366,1.6410152166886856,1.85213436420252,7.019645103588937e-13
10.620689655172415,6.862068965517241,0.5915986165850908,0.9156400698904925,1,0.09267116621436541,1.0490470969245727,1.0876518880800252,9.076291704009736e-11
10.620689655172415,6.862068965517241,0.5915986165850908,0.9156400698904925,2,0.3198500815622179,1.9600088995399152,2.0502838970496464,8.36098145586693e-12
10.620689655172415,6.862068965517241,0.5915986165850908,0.9156400698904925,3,0.25264740987670875,1.471315496758034,1.6928154595842246,9.777973870307396e-12
11.724137931034482,5.310344827586207,0.5359187467888471,1.1831972331701817,1,0.10870582181402366,1.0760861243045616,1.1290025269515847,8.405347992962303e-12
11.724137931034482,5.310344827586207,0.5359187467888471,1.1831972331701817,2,0.3055709577540711,2.063088235537111,2.106676378992873,5.4695852248943385e-9
9.10344827586207,6.0344827586206895,0.6901983860159394,1.04121356518976,1,0.10237658210558839,1.0661261808275408,1.1256737384001623,3.7739704769080006e-8
9.10344827586207,6.0344827586206895,0.6901983860159394,1.04121356518976,2,0.317759017473744,2.0724988164230282,2.1653142863440618,1.929445499735877e-11
9.10344827586207,6.0344827586206895,0.6901983860159394,1.04121356518976,3,0.27046260194562993,1.5861739096820717,1.889732556730193,1.0575515432687284e-11
8.0,7.379310344827586,0.7853981633974483,0.8514596911598504,1,0.1005860732333141,1.0550034052656692,1.1159143634874515,4.295446684559715e-14
8.0,7.379310344827586,0.7853981633974483,0.8514596911598504,2,0.33154476672005223,1.9765537395387114,2.1650044041766883,6.613611082480929e-10
8.0,7.379310344827586,0.7853981633974483,0.8514596911598504,3,0.3247795201412579,1.774724638377051,2.2247260534913185,5.707673312071453e-11
8.0,7.379310344827586,0.7853981633974483,0.8514596911598504,4,0.3626959864853623,2.0086793362127353,2.4819885339987398,1.1798143457081232e-9
11.172413793103448,6.137931034482759,0.5623838700870617,1.0236650219562247,1,0.0975546012341145,1.0578722164810754,1.1002785174108818,4.821469082838197e-12
11.172413793103448,6.137931034482759,0.5623838700870617,1.0236650219562247,2,0.31468779948802966,2.012539543229955,2.0738482627756527,5.80789844598597e-9
11.172413793103448,6.137931034482759,0.5623838700870617,1.0236650219562247,3,0.16393920491009994,1.1721972247986019,1.2998693551491973,3.5475957964510424e-8
8.551724137931034,6.758620689655173,0.734727314146,0.9296549689194286,1,0.09741615996806917,1.0558106411252726,1.1105202028893815,8.861477875947314e-9
8.551724137931034,6.758620689655173,0.734727314146,0.9296549689194286,2,0.311496913582865,1.8058673289479517,2.0895763345236693,9.613391819147028e-9
8.551724137931034,6.758620689655173,0.734727314146,0.9296549689194286,3,0.3243343598199558,2.014561023418546,2.1550634000066644,2.2790673367307923e-12
9.655172413793103,5.413793103448276,0.6507584782436,1.1605883688420893,1,0.11621499065555187,1.0888847830697042,1.165585714392102,1.1180336913439769e-8
9.655172413793103,5.413793103448276,0.6507584782436,1.1605883688420893,2,0.17083950406830653,1.1991720272547506,1.3688772416678867,2.6031057259857536e-9
9.655172413793103,5.413793103448276,0.6507584782436,1.1605883688420893,3,0.3092695846368385,2.1143887787366467,2.1675326008619535,1.4086093361840254e-14
10.068965517241379,7.793103448275862,0.6240149791376987,0.8062494420717168,1,0.09358560372180551,1.0454898771742551,1.085602303610096,1.510092328801753e-12
10.068965517241379,7.793103448275862,0.6240149791376987,0.8062494420717168,2,0.32344966385239604,1.8942186306819209,2.0165972148225677,1.668787731549694e-10
10.068965517241379,7.793103448275862,0.6240149791376987,0.8062494420717168,3,0.2966216046885053,1.649658502615055,1.8567446929372966,1.0592472056053627e-12
10.620689655172415,6.9655172413793105,0.5915986165850908,0.9020414549911286,1,0.09238216941756754,1.0482046521221005,1.0863226622222686,1.6013838206272574e-10
10.620689655172415,6.9655172413793105,0.5915986165850908,0.9020414549911286,2,0.320483619848357,1.9517236821381119,2.044905780522843,4.6992368432442724e-12
10.620689655172415,6.9655172413793105,0.5915986165850908,0.9020414549911286,3,0.25692802782979346,1.487873244305739,1.7078257014801697,2.123708071941207e-9
11.724137931034482,5.413793103448276,0.5359187467888471,1.1605883688420893,1,0.30692471236280466,2.0574644142774634,2.10059995586086,9.075964568891796e-11
11.724137931034482,5.413793103448276,0.5359187467888471,1.1605883688420893,2,0.10922522646237406,1.0759109338241157,1.1291755036209503,2.1812458252237592e-10
9.10344827586207,6.137931034482759,0.6901983860159394,1.0236650219562247,1,0.10074513825131033,1.0634422359607552,1.1206098540711507,3.9525395761210115e-8
9.10344827586207,6.137931034482759,0.6901983860159394,1.0236650219562247,2,0.2748259218534303,1.6062360244631864,1.907035992977018,2.414109803124433e-9
9.10344827586207,6.137931034482759,0.6901983860159394,1.0236650219562247,3,0.31838220585462607,2.06126518091617,2.1586099293969845,2.139465626037236e-11
8.0,7.482758620689655,0.7853981633974483,0.8396883590240001,1,0.10104095987986599,1.0547796948790908,1.1160513599436663,1.9921263965346912e-10
8.0,7.482758620689655,0.7853981633974483,0.8396883590240001,2,0.3319515065533959,1.9668824169675196,2.1585138652980937,1.2072430105454861e-9
8.0,7.482758620689655,0.7853981633974483,0.8396883590240001,3,0.36624279710605834,2.0392884673643015,2.502936895171273,4.00096343678747e-9
8.0,7.482758620689655,0.7853981633974483,0.8396883590240001,4,0.3451015158185342,2.0178737097959663,2.2460547001112676,2.6486902043731497e-11
8.0,7.482758620689655,0.7853981633974483,0.8396883590240001,5,0.3819194114065483,2.261369429436005,2.6069420836059907,7.629986629802305e-11
8.0,7.482758620689655,0.7853981633974483,0.8396883590240001,6,0.3267970849366288,1.7784317340713938,2.230116799707816,8.322706576423286e-11
8.0,7.482758620689655,0.7853981633974483,0.8396883590240001,7,0.4191720033480591,2.7027392292103016,2.756576574246493,9.142350222506981e-11
11.172413793103448,6.241379310344827,0.5623838700870617,1.0066981983878895,1,0.09646609585643319,1.0560518662337337,1.0971507474420203,9.78924765037443e-9
11.172413793103448,6.241379310344827,0.5623838700870617,1.0066981983878895,2,0.31567262255977285,2.004011412949544,2.068490824520678,2.783039669739459e-10
11.172413793103448,6.241379310344827,0.5623838700870617,1.0066981983878895,3,0.17740968148544375,1.206243099765776,1.352492187666424,6.461530060074322e-9
8.551724137931034,6.862068965517241,0.734727314146,0.9156400698904925,1,0.09710701831585214,1.0548179809245668,1.1088964393170766,1.4062249211028116e-11
8.551724137931034,6.862068965517241,0.734727314146,0.9156400698904925,2,0.3246234572555753,2.0037618357576292,2.1476807520677914,8.930692170044956e-9
8.551724137931034,6.862068965517241,0.734727314146,0.9156400698904925,3,0.3139136597884333,1.8159455745600317,2.092914595032756,1.3098768376369098e-9
8.551724137931034,6.862068965517241,0.734727314146,0.9156400698904925,4,0.5396555701805861,3.4580544703934843,3.518532283091878,1.3512315624501272e-9
10.068965517241379,7.896551724137931,0.6240149791376987,0.7956872223065852,1,0.3237538027769883,1.8869605756837058,2.011340254516905,1.3749639088284196e-13
10.068965517241379,7.896551724137931,0.6240149791376987,0.7956872223065852,2,0.09396088773495666,1.0453262108706916,1.0856001349783144,1.510245045933988e-10
10.068965517241379,7.896551724137931,0.6240149791376987,0.7956872223065852,3,0.29920707908304783,1.6579730091143572,1.861045795720869,5.6343116185103817e-14
10.620689655172415,7.068965517241379,0.5915986165850908,0.888840848332722,1,0.09217894078176012,1.04745832678763,1.0851756164868982,5.512709604449274e-11
10.620689655172415,7.068965517241379,0.5915986165850908,0.888840848332722,2,0.32108759311164836,1.9435888388537932,2.039582145185114,9.705268573715083e-12
10.620689655172415,7.068965517241379,0.5915986165850908,0.888840848332722,3,0.26091227581179544,1.5031139818336352,1.721046663991838,1.4211204790000281e-10
9.655172413793103,5.517241379310345,0.6507584782436,1.1388273369263,1,0.11264341505257681,1.0828927651630182,1.1541611254855468,2.097452048490979e-10
9.655172413793103,5.517241379310345,0.6507584782436,1.1388273369263,2,0.31048245177388184,2.104939595581323,2.162364555565496,2.0285641162553048e-14
9.655172413793103,5.517241379310345,0.6507584782436,1.1388273369263,3,0.19270214759533358,1.2615335507900625,1.4703992704684916,3.5083753794899957e-13
11.724137931034482,5.517241379310345,0.5359187467888471,1.1388273369263,1,0.1070620888943136,1.0724638825395865,1.1231818699006746,2.7397479213031487e-8
11.724137931034482,5.517241379310345,0.5359187467888471,1.1388273369263,2,0.30827171599721753,2.0511135158206626,2.0947754897635713,4.135734724219434e-11
11.724137931034482,5.517241379310345,0.5359187467888471,1.1388273369263,3,0.4979353912969795,3.1896294607492566,3.200275679485243,1.0871937492428849e-12
8.0,7.586206896551724,0.7853981633974483,0.8282380632191273,1,0.10159123042410821,1.0546519703851946,1.116412963670872,3.75739143257602e-8
8.0,7.586206896551724,0.7853981633974483,0.8282380632191273,2,0.33237902824193344,1.9574251463752441,2.1521352391555615,6.228518302508184e-12
8.0,7.586206896551724,0.7853981633974483,0.8282380632191273,3,0.3289058881985248,1.782676407944952,2.236088256651806,3.6258848282002873e-10
9.10344827586207,6.241379310344827,0.6901983860159394,1.0066981983878895,1,0.09937511064481432,1.061136057447467,1.1163077779982764,3.9321770430126507e-11
9.10344827586207,6.241379310344827,0.6901983860159394,1.0066981983878895,2,0.3189551737751224,2.050145246692025,2.151820582456814,2.475488720797817e-10
9.10344827586207,6.241379310344827,0.6901983860159394,1.0066981983878895,3,0.27880129325908853,1.6243463992648035,1.9216686301852905,1.3158606050550608e-10
11.172413793103448,6.344827586206897,0.5623838700870617,0.9902846408054782,1,0.09551867893233883,1.0544178248801723,1.09436946875712,4.263945320215065e-9
11.172413793103448,6.344827586206897,0.5623838700870617,0.9902846408054782,2,0.19043436902763092,1.24320689693122,1.4062582352954995,2.6437721831262e-11
11.172413793103448,6.344827586206897,0.5623838700870617,0.9902846408054782,3,0.31661486920481186,1.9955216078332245,2.0631666364893118,2.0767818851752237e-8
8.551724137931034,6.9655172413793105,0.734727314146,0.9020414549911286,1,0.09692810942400269,1.0539768778617429,1.1075915445279059,8.650045020479528e-14
8.551724137931034,6.9655172413793105,0.734727314146,0.9020414549911286,2,0.31624713200244653,1.8253356447763676,2.095539124297148,1.6877304046266727e-10
8.551724137931034,6.9655172413793105,0.734727314146,0.9020414549911286,3,0.3248952082083477,1.9931707076092433,2.140317233693736,2.6152040585072683e-8
10.068965517241379,8.0,0.6240149791376987,0.7853981633974483,1,0.09439004792667618,1.0452136802939263,1.085701954571549,6.457884116457411e-12
10.068965517241379,8.0,0.6240149791376987,0.7853981633974483,2,0.32668256854130484,1.7394376077488811,2.106026991960695,1.5050461834041717e-11
10.068965517241379,8.0,0.6240149791376987,0.7853981633974483,3,0.32403706015661504,1.879886431085056,2.0061697781175734,3.081849519458948e-8
10.068965517241379,8.0,0.6240149791376987,0.7853981633974483,4,0.3505995249869553,1.8701377870570823,2.242621729887725,3.781511646057049e-12
10.068965517241379,8.0,0.6240149791376987,0.7853981633974483,5,0.3017589443392997,1.6659986580746544,1.8650900747363437,2.9863485646583906e-12
10.620689655172415,7.172413793103448,0.5915986165850908,0.8760210284048462,1,0.09205532294308048,1.0467994741951876,1.0841944456744868,7.261414585000685e-13
10.620689655172415,7.172413793103448,0.5915986165850908,0.8760210284048462,2,0.32166311195061603,1.935608077380215,2.0343170386926,3.795276029149766e-11
10.620689655172415,7.172413793103448,0.5915986165850908,0.8760210284048462,3,0.2646541080523068,1.5172277972864738,1.7327796277852716,4.010025575613509e-12
9.655172413793103,5.620689655172414,0.6507584782436,1.117867324590233,1,0.10952309524667,1.0777792983382144,1.1444245143504594,1.1594328847389382e-10
9.655172413793103,5.620689655172414,0.6507584782436,1.117867324590233,2,0.2100089570300858,1.3196211020789597,1.5562676254638061,8.202126658903637e-13
9.655172413793103,5.620689655172414,0.6507584782436,1.117867324590233,3,0.31159774250197086,2.0950826155317923,2.156936869264861,5.626727921555921e-9
11.724137931034482,5.620689655172414,0.5359187467888471,1.117867324590233,1,0.10507073474074786,1.0693083466573516,1.1177033718118208,3.1350416978549934e-9
11.724137931034482,5.620689655172414,0.5359187467888471,1.117867324590233,2,0.30959210109664964,2.0442008771776177,2.08911505500202,3.744378183959936e-12
11.724137931034482,5.620689655172414,0.5359187467888471,1.117867324590233,3,0.50571875735746,3.2509807809894418,3.238992727730863,3.512455130815132e-12
8.0,7.689655172413793,0.7853981633974483,0.817095847122009,1,0.10223275526910994,1.054614177346529,1.1169884832544625,2.920763043238376e-12
8.0,7.689655172413793,0.7853981633974483,0.817095847122009,2,0.33282935493396115,1.9481700524340175,2.145867473496762,3.696189243962172e-9
8.0,7.689655172413793,0.7853981633974483,0.817095847122009,3,0.3493390416061244,2.0324815314943727,2.2465962002872253,4.021177793386511e-12
8.0,7.689655172413793,0.7853981633974483,0.817095847122009,4,0.3310923267031658,1.7874305967087345,2.2425771917317463,4.2993058176078435e-10
8.0,7.689655172413793,0.7853981633974483,0.817095847122009,5,0.4220021294024038,2.701662778092144,2.74289549054832,2.8666301923610404e-11
9.10344827586207,6.344827586206897,0.6901983860159394,0.9902846408054782,1,0.09823317338208191,1.0591465541369864,1.11264561501544,6.659332003107136e-9
9.10344827586207,6.344827586206897,0.6901983860159394,0.9902846408054782,2,0.31948370134435233,2.0391634176646347,2.1449709975274835,2.8711881099148116e-8
9.10344827586207,6.344827586206897,0.6901983860159394,0.9902846408054782,3,0.2824603872573396,1.6408026058174272,1.934086847565741,1.2928251488102347e-11
11.172413793103448,6.448275862068965,0.5623838700870617,0.9743977214342674,1,0.09470109314541514,1.0529505843721274,1.0918981858176195,5.18247555211093e-9
11.172413793103448,6.448275862068965,0.5623838700870617,0.9743977214342674,2,0.201779739371401,1.2785467564823711,1.4544852145511866,3.685824713604402e-11
11.172413793103448,6.448275862068965,0.5623838700870617,0.9743977214342674,3,0.31751691969500734,1.9870973400519238,2.0578805223837353,6.04826207052746e-10
8.551724137931034,7.068965517241379,0.734727314146,0.888840848332722,1,0.09686814235669867,1.0532704309976422,1.1065715492101675,1.1875566790204464e-11
8.551724137931034,7.068965517241379,0.734727314146,0.888840848332722,2,0.3251508806352399,1.9827818458548023,2.132975228342537,4.4199856523339437e-13
8.551724137931034,7.068965517241379,0.734727314146,0.888840848332722,3,0.3185094143420937,1.8341034130371177,2.0975474568862538,3.3972943445574387e-9
10.620689655172415,7.275862068965517,0.5915986165850908,0.8635657531194693,1,0.09200588737416335,1.0462205754871476,1.0833650868791094,2.7306963948571272e-8
10.620689655172415,7.275862068965517,0.5915986165850908,0.8635657531194693,2,0.322211119647911,1.9277843205367522,2.029114087440634,1.6429544329506713e-13
10.620689655172415,7.275862068965517,0.5915986165850908,0.8635657531194693,3,0.26819596002264146,1.5303707507942188,1.743265901675132,1.1241621687559982e-9
10.206896551724139,5.0,0.6155823442844864,1.2566370614359172,1,0.11220510906824724,1.0860006310440358,1.1541673876152614,1.0880359544061891e-12
10.206896551724139,5.0,0.6155823442844864,1.2566370614359172,2,0.30162848065728187,2.119645808752285,2.1623438228581047,1.2462072704885614e-12
9.655172413793103,5.724137931034483,0.6507584782436,1.097664903061494,1,0.22289591166961467,1.3677591212256919,1.6213663317504299,1.2470865135476193e-13
9.655172413793103,5.724137931034483,0.6507584782436,1.097664903061494,2,0.10681225562317458,1.0734070205561526,1.136126106799955,7.974746784038256e-13
9.655172413793103,5.724137931034483,0.6507584782436,1.097664903061494,3,0.3126240212803267,2.084957098855332,2.151286956745743,6.163306203227939e-9
11.724137931034482,5.724137931034483,0.5359187467888471,1.097664903061494,1,0.103252385515314,1.0664316257854776,1.1127235396317492,9.122805895178441e-9
11.724137931034482,5.724137931034483,0.5359187467888471,1.097664903061494,2,0.1196354663015543,1.0878979193660545,1.1520872635109398,2.922664638233379e-10
11.724137931034482,5.724137931034483,0.5359187467888471,1.097664903061494,3,0.3108752138760256,2.0368683661401095,2.0835681496674363,1.80986108779294e-9
8.0,7.793103448275862,0.7853981633974483,0.8062494420717168,1,0.10296208094663727,1.0546611374675299,1.117769517276386,6.299148375025332e-14
8.0,7.793103448275862,0.7853981633974483,0.8062494420717168,2,0.33335290090233094,1.7927215761444992,2.249585182100776,1.5544475248213483e-12
8.0,7.793103448275862,0.7853981633974483,0.8062494420717168,3,0.4230460979535188,2.696720172641812,2.734414976283107,1.1443539406781736e-10
8.0,7.793103448275862,0.7853981633974483,0.8062494420717168,4,0.3333043570211692,1.93910466515349,2.139708548463186,1.9875563638930418e-13
8.0,7.793103448275862,0.7853981633974483,0.8062494420717168,5,0.3514572762747894,2.039459757996659,2.2467855073026666,1.5044972137504458e-8
8.0,7.793103448275862,0.7853981633974483,0.8062494420717168,6,0.3812946438306985,2.0623739022785057,2.5825824416983343,7.302167218886842e-9
9.10344827586207,6.448275862068965,0.6901983860159394,0.9743977214342674,1,0.09729151365557132,1.0574252251357399,1.109525953467736,6.184341244724839e-9
9.10344827586207,6.448275862068965,0.6901983860159394,0.9743977214342674,2,0.2858584640265746,1.6558407469829903,1.9446479701089312,7.202097696415804e-9
9.10344827586207,6.448275862068965,0.6901983860159394,0.9743977214342674,3,0.31997258662259337,2.028337572351207,2.1380811110989315,4.3620652264656405e-10
9.10344827586207,6.448275862068965,0.6901983860159394,0.9743977214342674,4,0.5921056717013468,4.003961449001747,3.8288683676343624,4.061314160809462e-9
11.172413793103448,6.551724137931035,0.5623838700870617,0.9590124942537263,1,0.09400296139095927,1.051632996940068,1.0897046519116567,9.786889832473125e-11
11.172413793103448,6.551724137931035,0.5623838700870617,0.9590124942537263,2,0.21135602011146498,1.3104626092163427,1.4954473578932137,5.823715001599497e-9
11.172413793103448,6.551724137931035,0.5623838700870617,0.9590124942537263,3,0.3183811839847517,1.9787603017247082,2.052638481813245,8.450505341658374e-10
8.551724137931034,7.172413793103448,0.734727314146,0.8760210284048462,1,0.0969176120081292,1.0526846700847554,1.1058086158802034,4.763776370740784e-11
8.551724137931034,7.172413793103448,0.734727314146,0.8760210284048462,2,0.3207113538963633,1.8423112305527174,2.099029517186432,9.764098835335947e-12
8.551724137931034,7.172413793103448,0.734727314146,0.8760210284048462,3,0.32109802807738497,1.7667400593107785,2.19337930788136,2.342082247976899e-11
8.551724137931034,7.172413793103448,0.734727314146,0.8760210284048462,4,0.3253918359476621,1.9725908406599988,2.1256586397763413,7.554495898772814e-10
8.551724137931034,7.172413793103448,0.734727314146,0.8760210284048462,5,0.3419605001330635,1.8799684999078679,2.3230903887113574,4.184470669395419e-9
10.620689655172415,7.379310344827586,0.5915986165850908,0.8514596911598504,1,0.09202570513225306,1.0457149610320366,1.0826751299836361,4.4352075637161086e-8
10.620689655172415,7.379310344827586,0.5915986165850908,0.8514596911598504,2,0.3227324294658355,1.9201200185001777,2.0239766146208193,1.0171293525176227e-12
10.620689655172415,7.379310344827586,0.5915986165850908,0.8514596911598504,3,0.2715717693406788,1.542672441221376,1.7527015234829653,1.4155680323917702e-12
10.206896551724139,5.103448275862069,0.6155823442844864,1.2311646885689729,1,0.11610515126077535,1.0904649912149091,1.163641813854858,3.4181136300238375e-10
10.206896551724139,5.103448275862069,0.6155823442844864,1.2311646885689729,2,0.3031095657685654,2.1152312483605265,2.1571495150722892,1.5932843415665763e-8
10.206896551724139,5.103448275862069,0.6155823442844864,1.2311646885689729,3,0.471810308650862,3.054454932086565,3.1645599370632036,2.442931850484106e-10
11.724137931034482,5.827586206896552,0.5359187467888471,1.0781797272675029,1,0.10160410568852163,1.0638171234957108,1.108216173096999,4.841750568288928e-9
11.724137931034482,5.827586206896552,0.5359187467888471,1.0781797272675029,2,0.12344006780694153,1.0929953468026974,1.1613514884028666,2.6102725959142634e-11
11.724137931034482,5.827586206896552,0.5359187467888471,1.0781797272675029,3,0.3121158738093561,2.0292334068399844,2.0781062916403608,1.8261329964299673e-14
8.0,7.896551724137931,0.7853981633974483,0.7956872223065852,1,0.10377653501120561,1.0547887889001757,1.1187500046735865,1.7957918987898857e-10
8.0,7.896551724137931,0.7853981633974483,0.7956872223065852,2,0.33569086124089415,1.7986174844196396,2.2571581367861775,3.7667334369281554e-10
8.0,7.896551724137931,0.7853981633974483,0.7956872223065852,3,0.3535856613307229,2.0463118659552744,2.2470165204098045,3.5412512434349433e-9
8.0,7.896551724137931,0.7853981633974483,0.7956872223065852,4,0.4239323549900511,2.6898460651683695,2.72521430310196,7.996704878483893e-13
8.0,7.896551724137931,0.7853981633974483,0.7956872223065852,5,0.43968813495902925,2.841158585437545,2.910373394916266,1.1088058423951677e-8
8.0,7.896551724137931,0.7853981633974483,0.7956872223065852,6,0.3812320883647571,2.063225434522555,2.5767468936259936,2.6619065164624035e-12
8.0,7.896551724137931,0.7853981633974483,0.7956872223065852,7,0.3961226876588944,2.1240681302314774,2.6888302759281215,3.3312125033796336e-11
8.0,7.896551724137931,0.7853981633974483,0.7956872223065852,8,0.3338058362618709,1.9302161103982203,2.1336560545571848,1.139741750715264e-10
9.655172413793103,5.827586206896552,0.6507584782436,1.0781797272675029,1,0.104466073387536,1.069655078660804,1.129039777700311,8.937160644448758e-13
9.655172413793103,5.827586206896552,0.6507584782436,1.0781797272675029,2,0.23290593833233234,1.4077074565724583,1.671369771687461,1.0925918353771102e-9
9.655172413793103,5.827586206896552,0.6507584782436,1.0781797272675029,3,0.31357002528553124,2.0746709376424706,2.1454524984203385,5.4464303647388936e-14
9.10344827586207,6.551724137931035,0.6901983860159394,0.9590124942537263,1,0.0965271951908119,1.0559334098274877,1.1068712034448047,2.450217593466248e-10
9.10344827586207,6.551724137931035,0.6901983860159394,0.9590124942537263,2,0.3204259830829383,2.0176801129366195,2.1311684319764006,7.55238184215098e-15
9.10344827586207,6.551724137931035,0.6901983860159394,0.9590124942537263,3,0.2890391238417251,1.6696518618002552,1.9536384165380967,7.199339715337849e-9
11.172413793103448,6.655172413793103,0.5623838700870617,0.9441055642912332,1,0.0934147977922041,1.0504499306001494,1.0877604767659754,2.0534323007848997e-13
11.172413793103448,6.655172413793103,0.5623838700870617,0.9441055642912332,2,0.3192096849767087,1.9705269312967562,2.047445065755364,1.8312440720809152e-9
11.172413793103448,6.655172413793103,0.5623838700870617,0.9441055642912332,3,0.2194904833009917,1.3388584420197116,1.5298736736012901,6.3971045774400306e-9
8.551724137931034,7.275862068965517,0.734727314146,0.8635657531194693,1,0.09706850000687667,1.0522079937488167,1.1052798708268023,7.860420182228231e-10
8.551724137931034,7.275862068965517,0.734727314146,0.8635657531194693,2,0.319888781922314,1.7543397029182342,2.1789806521418247,1.893194088570175e-9
8.551724137931034,7.275862068965517,0.734727314146,0.8635657531194693,3,0.3228627909715163,1.8500186107080872,2.1000687699969887,4.209503494540099e-12
8.551724137931034,7.275862068965517,0.734727314146,0.8635657531194693,4,0.32561876224604885,1.9625908794151272,2.1183684279219115,1.3986898379643275e-12
10.620689655172415,7.482758620689655,0.5915986165850908,0.8396883590240001,1,0.0921107061991165,1.0452772332876046,1.0821143760711212,1.5056123333332516e-12
10.620689655172415,7.482758620689655,0.5915986165850908,0.8396883590240001,2,0.32322776999001446,1.9126174169559622,2.0189078176954753,7.92286475802685e-9
10.620689655172415,7.482758620689655,0.5915986165850908,0.8396883590240001,3,0.2748090809787599,1.5542416413873532,1.7612477985856136,7.610470457508853e-9
10.206896551724139,5.206896551724138,0.6155823442844864,1.2067044629682648,1,0.12015993386763595,1.0955246118634896,1.1740458187429885,1.5206901608563612e-10
10.206896551724139,5.206896551724138,0.6155823442844864,1.2067044629682648,2,0.3045833748618411,2.109365635602302,2.1521463898696593,4.81402948139324e-12
10.206896551724139,5.206896551724138,0.6155823442844864,1.2067044629682648,3,0.47847969540275326,3.1108233913177625,3.1991309786410516,9.36376669324642e-11
8.0,8.0,0.7853981633974483,0.7853981633974483,1,0.10467404461980626,1.0549938539317498,1.1199257750448817,2.350401951639729e-12
8.0,8.0,0.7853981633974483,0.7853981633974483,2,0.33811421404906383,1.8052200122058153,2.2653747085489773,6.784096392767607e-9
8.0,8.0,0.7853981633974483,0.7853981633974483,3,0.35573312313969513,2.053113798638498,2.2473668725869933,9.206639786972438e-10
8.0,8.0,0.7853981633974483,0.7853981633974483,4,0.38161425656001696,2.066443059913911,2.5737751876618664,7.68251381875539e-12
8.0,8.0,0.7853981633974483,0.7853981633974483,5,0.3987420317234833,2.1397175447434877,2.706705828172497,1.3618676364051917e-8
8.0,8.0,0.7853981633974483,0.7853981633974483,6,0.33433546661805735,1.9214910641920722,2.1277067583077667,2.4578091843970633e-12
11.724137931034482,5.931034482758621,0.5359187467888471,1.059374266908186,1,0.3133121467062978,2.0213913458668653,2.072714139346086,1.795003782111294e-8
11.724137931034482,5.931034482758621,0.5359187467888471,1.059374266908186,2,0.10011983574249998,1.0614458381716654,1.1041491029396033,6.987199173641034e-11
11.724137931034482,5.931034482758621,0.5359187467888471,1.059374266908186,3,0.12788429080965172,1.0994616639453298,1.1728315585173303,4.075686387710729e-10
11.724137931034482,5.931034482758621,0.5359187467888471,1.059374266908186,4,0.5278312745829264,3.410123575065027,3.3438931540489953,1.446979818299077e-9
9.655172413793103,5.931034482758621,0.6507584782436,1.059374266908186,1,0.10244189974691739,1.0664219596050797,1.1229720835998471,4.395471835373079e-9
9.655172413793103,5.931034482758621,0.6507584782436,1.059374266908186,2,0.3144440218278527,2.064307369861515,2.1394686801011957,1.8017475076356222e-14
9.655172413793103,5.931034482758621,0.6507584782436,1.059374266908186,3,0.24103753257957972,1.4414972974148244,1.710857027862775,6.465882715403768e-11
9.10344827586207,6.655172413793103,0.6901983860159394,0.9441055642912332,1,0.09592101598087159,1.054639859036922,1.1046186341464936,5.449737586061196e-14
9.10344827586207,6.655172413793103,0.6901983860159394,0.9441055642912332,2,0.32084733437041085,2.007199877720523,2.124247221545988,2.7785245359540024e-8
9.10344827586207,6.655172413793103,0.6901983860159394,0.9441055642912332,3,0.2920375685690545,1.6823936714034362,1.9612932469985735,1.22323343381929e-9
11.172413793103448,6.758620689655173,0.5623838700870617,0.9296549689194286,1,0.09292801597390993,1.0493881450156972,1.086040802666392,1.2535103315176296e-10
11.172413793103448,6.758620689655173,0.5623838700870617,0.9296549689194286,2,0.3200042372416876,1.962409957973632,2.0423045547584033,2.434083418663618e-8
11.172413793103448,6.758620689655173,0.5623838700870617,0.9296549689194286,3,0.22652127294303523,1.364153532401672,1.558969250192885,3.7230342015685814e-11
8.551724137931034,7.379310344827586,0.734727314146,0.8514596911598504,1,0.09731403063452222,1.0518307258590605,1.104966488383144,6.183375942378497e-11
8.551724137931034,7.379310344827586,0.734727314146,0.8514596911598504,2,0.3258321406848871,1.9527750566984863,2.1111054059593055,1.675607968384513e-12
8.551724137931034,7.379310344827586,0.734727314146,0.8514596911598504,3,0.3200209305540756,1.7486266973619373,2.172801471132061,1.3295444037314245e-11
8.551724137931034,7.379310344827586,0.734727314146,0.8514596911598504,4,0.3249727476758439,1.857282933791421,2.1007431139987967,4.069904905794636e-9
10.620689655172415,7.586206896551724,0.5915986165850908,0.8282380632191273,1,0.09225696086148728,1.0449020546832,1.0816733426979042,2.8422041114734104e-12
10.620689655172415,7.586206896551724,0.5915986165850908,0.8282380632191273,2,0.32369778129469373,1.905278772522805,2.013910512999475,3.296010091650298e-11
10.620689655172415,7.586206896551724,0.5915986165850908,0.8282380632191273,3,0.27793046594131005,1.5651702917810613,1.7690385191983728,5.756914312577517e-10
10.206896551724139,5.310344827586207,0.6155823442844864,1.1831972331701817,1,0.12670388448877173,1.1049927391736023,1.1926284231077902,5.223533040349603e-11
10.206896551724139,5.310344827586207,0.6155823442844864,1.1831972331701817,2,0.30600617868912544,2.1023770267843434,2.147141854546905,8.537938046806047e-9
11.724137931034482,6.0344827586206895,0.5359187467888471,1.04121356518976,1,0.09879156142791436,1.0592979650363976,1.1004875627883963,1.6017060574194881e-9
11.724137931034482,6.0344827586206895,0.5359187467888471,1.04121356518976,2,0.13314633316324598,1.1077768067980092,1.1872687702429392,1.0120428364108144e-11
11.724137931034482,6.0344827586206895,0.5359187467888471,1.04121356518976,3,0.31446398647363577,2.0134187458043717,2.067383982962376,9.768818544789784e-12
9.655172413793103,6.0344827586206895,0.6507584782436,1.04121356518976,1,0.10070135791763826,1.0636242423235576,1.1177620285521659,2.5304769509247284e-9
9.655172413793103,6.0344827586206895,0.6507584782436,1.04121356518976,2,0.31525357530035075,2.0539306082293214,2.1333673568483977,7.836115306799527e-10
9.655172413793103,6.0344827586206895,0.6507584782436,1.04121356518976,3,0.247876791139911,1.4705973489603401,1.7427809323374266,2.597088379189601e-8
8.137931034482758,5.0,0.7720863301195254,1.2566370614359172,1,0.19393279113877085,1.2798030005400722,1.5334183427152392,2.6010645140660435e-8
8.137931034482758,5.0,0.7720863301195254,1.2566370614359172,2,0.24858821759652963,1.5139616847646162,1.8662198058828476,2.2067082748558435e-9
8.137931034482758,5.0,0.7720863301195254,1.2566370614359172,3,0.31679776808117827,2.2461309504806457,2.3052434254403193,1.909208615780106e-9
9.10344827586207,6.758620689655173,0.6901983860159394,0.9296549689194286,1,0.09545694512098662,1.0535191909726287,1.1027174415651215,7.337999638195652e-8
9.10344827586207,6.758620689655173,0.6901983860159394,0.9296549689194286,2,0.3212392980107053,1.996901445619754,2.1173282467958643,8.032531261375464e-10
9.10344827586207,6.758620689655173,0.6901983860159394,0.9296549689194286,3,0.29488263715497925,1.694198481517131,1.9678084949226036,1.836453963055501e-10
11.172413793103448,6.862068965517241,0.5623838700870617,0.9156400698904925,1,0.09253486950698361,1.0484360255029448,1.084523880144354,5.0244464961555054e-11
11.172413793103448,6.862068965517241,0.5623838700870617,0.9156400698904925,2,0.32076644588859893,1.9544191067531715,2.037220712531046,2.209902438252315e-8
11.172413793103448,6.862068965517241,0.5623838700870617,0.9156400698904925,3,0.23271089693927693,1.3868296748311641,1.5838091061995971,6.98301854496974e-13
8.551724137931034,7.482758620689655,0.734727314146,0.8396883590240001,1,0.09764847409185666,1.0515447594539227,1.104852972861217,1.4793645579618419e-9
8.551724137931034,7.482758620689655,0.734727314146,0.8396883590240001,2,0.32603220997925986,1.9431362645339454,2.1038700015883487,2.4689657073158055e-12
8.551724137931034,7.482758620689655,0.734727314146,0.8396883590240001,3,0.32077795893844385,1.745933922937204,2.170424827009524,1.4289044957426688e-14
8.551724137931034,7.482758620689655,0.734727314146,0.8396883590240001,4,0.3270495714676411,1.8641598042028749,2.1011254952053515,3.343650422831904e-11
8.551724137931034,7.482758620689655,0.734727314146,0.8396883590240001,5,0.3587359301533841,1.966915642187395,2.4115251397562907,1.9771642576462254e-11
10.620689655172415,7.689655172413793,0.5915986165850908,0.817095847122009,1,0.0924611706854032,1.0445851261692973,1.0813441546649607,1.1511206467894501e-8
10.620689655172415,7.689655172413793,0.5915986165850908,0.817095847122009,2,0.324143137563846,1.8981065837839393,2.0089879466534133,7.03665724248553e-10
10.620689655172415,7.689655172413793,0.5915986165850908,0.817095847122009,3,0.28095469750104207,1.5755369556253525,1.776186122566882,1.0253666092527748e-12
11.724137931034482,6.137931034482759,0.5359187467888471,1.0236650219562247,1,0.09761020434528468,1.0573539678000488,1.0971965320554098,8.154812758025697e-9
11.724137931034482,6.137931034482759,0.5359187467888471,1.0236650219562247,2,0.1394681477786016,1.1186593518696548,1.2057357229458854,3.1190710496667635e-12
11.724137931034482,6.137931034482759,0.5359187467888471,1.0236650219562247,3,0.3155724034158324,2.005376634150054,2.062112777625203,9.833621251840788e-10
10.206896551724139,5.413793103448276,0.6155823442844864,1.1605883688420893,1,0.11318021179766917,1.083612290098964,1.1518915700480814,1.86987986841768e-8
10.206896551724139,5.413793103448276,0.6155823442844864,1.1605883688420893,2,0.30735793940556083,2.0945407505509954,2.142045992836743,2.309794393906552e-10
10.206896551724139,5.413793103448276,0.6155823442844864,1.1605883688420893,3,0.13425870576415447,1.1171428769570755,1.215795728482249,1.5143475237204763e-10
9.655172413793103,6.137931034482759,0.6507584782436,1.0236650219562247,1,0.09921087940042848,1.0611939759269005,1.1132773238693785,5.229167545479388e-13
9.655172413793103,6.137931034482759,0.6507584782436,1.0236650219562247,2,0.3160054206408815,2.043589886023338,2.1271766382736623,1.746523255744482e-8
9.655172413793103,6.137931034482759,0.6507584782436,1.0236650219562247,3,0.2537827320517987,1.4960332553704287,1.7690588675621761,3.8902138461639576e-11
9.10344827586207,6.862068965517241,0.6901983860159394,0.9156400698904925,1,0.09512131516314312,1.0525505557977057,1.1011256587823326,7.172811741318536e-12
9.10344827586207,6.862068965517241,0.6901983860159394,0.9156400698904925,2,0.32160435727171455,1.9867887024705806,2.110422268171658,5.176228484913007e-9
9.10344827586207,6.862068965517241,0.6901983860159394,0.9156400698904925,3,0.29759835997743134,1.7051790433773861,1.9733504425035306,1.1950650776524537e-8
11.172413793103448,6.9655172413793105,0.5623838700870617,0.9020414549911286,1,0.09222839804338401,1.0475833930877168,1.0831907055269352,2.5344156715736967e-12
11.172413793103448,6.9655172413793105,0.5623838700870617,0.9020414549911286,2,0.32149762857631997,1.9465617359500238,2.032196688690525,8.096320601455683e-10
11.172413793103448,6.9655172413793105,0.5623838700870617,0.9020414549911286,3,0.23825125884632745,1.407311419764871,1.6052428043515747,4.145439540496559e-11
8.137931034482758,5.103448275862069,0.7720863301195254,1.2311646885689729,1,0.1860810158865872,1.2523337736686087,1.4871330271005512,4.870237702957358e-9
8.137931034482758,5.103448275862069,0.7720863301195254,1.2311646885689729,2,0.31827632632304176,2.235065020851346,2.3016461539701814,5.470936475199422e-10
8.137931034482758,5.103448275862069,0.7720863301195254,1.2311646885689729,3,0.25882610673267314,1.564790390282405,1.9256836237316535,4.086394384944714e-12
8.551724137931034,7.586206896551724,0.734727314146,0.8282380632191273,1,0.09806698800959522,1.051343276900942,1.1049265949424532,3.4530741894059456e-8
8.551724137931034,7.586206896551724,0.734727314146,0.8282380632191273,2,0.3218906216676657,1.7449157850108141,2.1702032412601677,1.145697905233359e-9
8.551724137931034,7.586206896551724,0.734727314146,0.8282380632191273,3,0.3291010192345455,1.8707029287558425,2.1012841069305095,3.260964486777116e-14
8.551724137931034,7.586206896551724,0.734727314146,0.8282380632191273,4,0.36280963123193377,1.9916612656239048,2.43302336377193,1.0528613730417791e-14
8.551724137931034,7.586206896551724,0.734727314146,0.8282380632191273,5,0.3262190205389891,1.933667438024862,2.0966625728536337,5.307052127709654e-10
8.551724137931034,7.586206896551724,0.734727314146,0.8282380632191273,6,0.410627788157811,2.573780390531568,2.6927376042318096,8.26934209053541e-10
10.620689655172415,7.793103448275862,0.5915986165850908,0.8062494420717168,1,0.09272040983999005,1.04432263847083,1.0811199374151037,1.1857373073513108e-10
10.620689655172415,7.793103448275862,0.5915986165850908,0.8062494420717168,2,0.32456450527498143,1.8911037584956043,2.0041431726881065,6.250731112154344e-9
10.620689655172415,7.793103448275862,0.5915986165850908,0.8062494420717168,3,0.28389745745251294,1.5854090504503433,1.7827854267172354,5.263169281719374e-12
11.724137931034482,6.241379310344827,0.5359187467888471,1.0066981983878895,1,0.09656628673716103,1.055595277547282,1.0942422700095216,2.2524580220292838e-12
11.724137931034482,6.241379310344827,0.5359187467888471,1.0066981983878895,2,0.1471493098761067,1.1331467243929143,1.2296988684830272,6.1289586939838256e-12
11.724137931034482,6.241379310344827,0.5359187467888471,1.0066981983878895,3,0.3166389652049445,1.9973134020778287,2.056900017505829,5.407914528017105e-14
9.655172413793103,6.241379310344827,0.6507584782436,1.0066981983878895,1,0.09794149011294631,1.059075898186639,1.109409704254847,4.5548111387729176e-10
9.655172413793103,6.241379310344827,0.6507584782436,1.0066981983878895,2,0.31670551527616453,2.033323218314567,2.120921138310476,5.188203409658922e-15
9.655172413793103,6.241379310344827,0.6507584782436,1.0066981983878895,3,0.2589889086795632,1.5185408887068699,1.790991470337266,4.245674474569236e-12
9.655172413793103,6.241379310344827,0.6507584782436,1.0066981983878895,4,0.540284177831061,3.5641924765315824,3.520333999165467,1.3662078320848018e-12
10.206896551724139,5.517241379310345,0.6155823442844864,1.1388273369263,1,0.11017748572899841,1.078687373803844,1.142716986190099,7.629336139394176e-8
10.206896551724139,5.517241379310345,0.6155823442844864,1.1388273369263,2,0.3086313602948062,2.086079064531326,2.1368237061459343,5.333808896433646e-9
10.206896551724139,5.517241379310345,0.6155823442844864,1.1388273369263,3,0.14440966779177986,1.135596594673802,1.2498568031186785,2.831813733920713e-10
11.172413793103448,7.068965517241379,0.5623838700870617,0.888840848332722,1,0.09200234496365088,1.0468211923661586,1.0820246249605427,9.701315521281715e-8
11.172413793103448,7.068965517241379,0.5623838700870617,0.888840848332722,2,0.2432823746821615,1.425948929810383,1.6239244641856305,3.4796430416905965e-10
11.172413793103448,7.068965517241379,0.5623838700870617,0.888840848332722,3,0.3221990092373909,1.9388436784646297,2.027235586323517,2.3781997674199303e-11
9.10344827586207,6.9655172413793105,0.6901983860159394,0.9020414549911286,1,0.09490271470790873,1.0517166863383407,1.099809162692762,4.755493269110273e-9
9.10344827586207,6.9655172413793105,0.6901983860159394,0.9020414549911286,2,0.30020502504857105,1.7154331336503748,1.9780620928693846,1.0171990500131004e-12
9.10344827586207,6.9655172413793105,0.6901983860159394,0.9020414549911286,3,0.3219443579844221,1.976862726160367,2.103537299194449,2.049843723067985e-8
10.620689655172415,7.896551724137931,0.5915986165850908,0.7956872223065852,1,0.09303205764574816,1.044111161157462,1.0809946930903958,1.2247514167496743e-9
10.620689655172415,7.896551724137931,0.5915986165850908,0.7956872223065852,2,0.32496262102474816,1.8842737298326195,1.999379393920543,8.05228684393899e-10
10.620689655172415,7.896551724137931,0.5915986165850908,0.7956872223065852,3,0.286771975033599,1.5948448638630652,1.7889170762185458,3.023050142977997e-9
8.551724137931034,7.689655172413793,0.734727314146,0.817095847122009,1,0.09856552073273828,1.0512206417093757,1.1051770398577037,4.511441204518474e-12
8.551724137931034,7.689655172413793,0.734727314146,0.817095847122009,2,0.32322500613207894,1.7449182936046639,2.17132678806768,4.1666788183253704e-9
8.551724137931034,7.689655172413793,0.734727314146,0.817095847122009,3,0.3263924911921306,1.9243618042910695,2.0894836839614404,4.393529593570008e-11
8.551724137931034,7.689655172413793,0.734727314146,0.817095847122009,4,0.3311343526431358,1.8769643877093762,2.1012827759313173,6.214752103709019e-13
8.551724137931034,7.689655172413793,0.734727314146,0.817095847122009,5,0.3668625830086206,2.021460931970041,2.455407328125565,6.616307150603283e-10
8.137931034482758,5.206896551724138,0.7720863301195254,1.2067044629682648,1,0.16876594003524073,1.2011669728133043,1.3962036856641502,1.9346197045271822e-9
8.137931034482758,5.206896551724138,0.7720863301195254,1.2067044629682648,2,0.3195449859245358,2.2229643687898473,2.2970753288695995,1.9431616338583614e-14
8.137931034482758,5.206896551724138,0.7720863301195254,1.2067044629682648,3,0.2671182051218324,1.6074508252879265,1.9723031991756772,3.009983866091001e-8
11.724137931034482,6.344827586206897,0.5359187467888471,0.9902846408054782,1,0.09565030716443028,1.0540045275283352,1.0915930807120215,2.799491447628002e-10
11.724137931034482,6.344827586206897,0.5359187467888471,0.9902846408054782,2,0.1564488629502071,1.1525100614138384,1.2607575259317176,1.550910021408211e-8
11.724137931034482,6.344827586206897,0.5359187467888471,0.9902846408054782,3,0.3176654822483471,1.9892672667835016,2.051746662601019,3.8943717915485975e-10
9.655172413793103,6.344827586206897,0.6507584782436,0.9902846408054782,1,0.09686836190671168,1.0572249973461423,1.1060706002861374,7.432138748769264e-12
9.655172413793103,6.344827586206897,0.6507584782436,0.9902846408054782,2,0.2636544921224743,1.538660972190884,1.8094934332908994,8.939779442809974e-11
9.655172413793103,6.344827586206897,0.6507584782436,0.9902846408054782,3,0.31735896944235353,2.02315902912678,2.1146219533427155,3.021141947388833e-9
10.206896551724139,5.620689655172414,0.6155823442844864,1.117867324590233,1,0.10749932622444763,1.0743712129735594,1.1346899209287873,4.347192364768412e-12
10.206896551724139,5.620689655172414,0.6155823442844864,1.117867324590233,2,0.309825908757283,2.077168267951154,2.1314686442323723,2.5485813661285295e-11
10.206896551724139,5.620689655172414,0.6155823442844864,1.117867324590233,3,0.15844811201001835,1.1650379893780018,1.3020138504296908,1.0085583091108548e-10
11.172413793103448,7.172413793103448,0.5623838700870617,0.8760210284048462,1,0.09185117635231449,1.0461419740604938,1.0810112876165914,8.429385708827975e-14
11.172413793103448,7.172413793103448,0.5623838700870617,0.8760210284048462,2,0.3228715733587496,1.9312692787019374,2.0223398707413187,3.8502431233991434e-14
11.172413793103448,7.172413793103448,0.5623838700870617,0.8760210284048462,3,0.2479078762879399,1.4430262824792606,1.6403583448110002,2.854155778536141e-12
9.10344827586207,7.068965517241379,0.6901983860159394,0.888840848332722,1,0.09479132911837691,1.0510032456492129,1.0987394158595931,9.610979461135509e-11
9.10344827586207,7.068965517241379,0.6901983860159394,0.888840848332722,2,0.3222607510067263,1.9671233217493598,2.0966800088320126,4.194757280022563e-13
9.10344827586207,7.068965517241379,0.6901983860159394,0.888840848332722,3,0.3027199444588082,1.7250461536461046,1.9820676839624412,2.212076764772858e-13
10.620689655172415,8.0,0.5915986165850908,0.7853981633974483,1,0.09339383397756057,1.0439477386303033,1.0809632700518748,1.1491950732664708e-9
10.620689655172415,8.0,0.5915986165850908,0.7853981633974483,2,0.32533834967698394,1.8776207058696301,1.9947002266806657,7.248808446786366e-9
10.620689655172415,8.0,0.5915986165850908,0.7853981633974483,3,0.2895895043496876,1.6038951774735049,1.7946501386301388,2.928643060268046e-9
8.551724137931034,7.793103448275862,0.734727314146,0.8062494420717168,1,0.09914047172728352,1.0511717830933756,1.1055954850879133,7.32736510440027e-8
8.551724137931034,7.793103448275862,0.734727314146,0.8062494420717168,2,0.333156385608258,1.8829944291460068,2.1011810266969304,2.8183744774047897e-12
8.551724137931034,7.793103448275862,0.734727314146,0.8062494420717168,3,0.3265524773617176,1.915213083445923,2.082334414622335,1.384628080870934e-10
8.551724137931034,7.793103448275862,0.734727314146,0.8062494420717168,4,0.3726266413294462,2.080146681688122,2.4903529552399224,2.584985783857184e-9
8.551724137931034,7.793103448275862,0.734727314146,0.8062494420717168,5,0.3247055883598696,1.7455817435476508,2.1733463125375696,4.5540168494500553e-10
8.137931034482758,5.310344827586207,0.7720863301195254,1.1831972331701817,1,0.14852588191797592,1.1513846983370553,1.3021083404495322,5.5109296596413634e-11
8.137931034482758,5.310344827586207,0.7720863301195254,1.1831972331701817,2,0.3206411868424979,2.2102068060053703,2.2917541132873116,3.8003786668038557e-13
8.137931034482758,5.310344827586207,0.7720863301195254,1.1831972331701817,3,0.2740971610358062,1.6442335609335212,2.010040784395179,7.589676411709387e-12
11.724137931034482,6.448275862068965,0.5359187467888471,0.9743977214342674,1,0.09485309511334009,1.0525657092208796,1.0892198529260453,9.196518071082445e-8
11.724137931034482,6.448275862068965,0.5359187467888471,0.9743977214342674,2,0.16727115331159598,1.1775449666106075,1.2994000328607265,2.31387137607742e-8
11.724137931034482,6.448275862068965,0.5359187467888471,0.9743977214342674,3,0.31865381518910824,1.9812682596551654,2.0466543713560332,2.994611115476641e-14
9.655172413793103,6.448275862068965,0.6507584782436,0.9743977214342674,1,0.09597024191872267,1.0556044106153397,1.1031873178639775,1.5022096746328857e-8
9.655172413793103,6.448275862068965,0.6507584782436,0.9743977214342674,2,0.2678930298367005,1.5568037539257822,1.8252341305715016,1.8963532584897585e-8
9.655172413793103,6.448275862068965,0.6507584782436,0.9743977214342674,3,0.3179701961828137,2.0131189450926064,2.1082971659880316,2.7516229957944543e-9
11.172413793103448,7.275862068965517,0.5623838700870617,0.8635657531194693,1,0.09176985038588284,1.0455384651657902,1.0801378590244923,7.811950287517871e-10
11.172413793103448,7.275862068965517,0.5623838700870617,0.8635657531194693,2,0.3235161797703878,1.9238420282182769,2.0175118176541584,5.893501515888574e-13
11.172413793103448,7.275862068965517,0.5623838700870617,0.8635657531194693,3,0.2522059458508805,1.458774136477512,1.6549374123580094,2.118696294929996e-11
10.206896551724139,5.724137931034483,0.6155823442844864,1.097664903061494,1,0.1051282353716524,1.070592604258733,1.1276866216534798,3.668098975920049e-12
10.206896551724139,5.724137931034483,0.6155823442844864,1.097664903061494,2,0.3109446315877903,2.067947631472822,2.125989869197395,4.137301108716229e-13
10.206896551724139,5.724137931034483,0.6155823442844864,1.097664903061494,3,0.17631454554827633,1.2092137038397253,1.3758305236808763,8.000573762119556e-9
9.10344827586207,7.172413793103448,0.6901983860159394,0.8760210284048462,1,0.09477874016992961,1.0503980862497662,1.097892594014694,3.608395682035391e-8
9.10344827586207,7.172413793103448,0.6901983860159394,0.8760210284048462,2,0.32255481958927684,1.9575699155847728,2.089856995162666,8.174052060843908e-9
9.10344827586207,7.172413793103448,0.6901983860159394,0.8760210284048462,3,0.3051580415030355,1.734093954191228,1.9854761664085472,7.179836564479067e-14
8.551724137931034,7.896551724137931,0.734727314146,0.7956872223065852,1,0.09978956161611797,1.051193376864318,1.1061765035320372,3.775227726886934e-9
8.551724137931034,7.896551724137931,0.734727314146,0.7956872223065852,2,0.3262869615898823,1.7466962270554212,2.175998226382084,5.59911754267156e-10
8.551724137931034,7.896551724137931,0.734727314146,0.7956872223065852,3,0.32669883730546156,1.9062156848708234,2.0752165909485853,5.5197409768308777e-11
10.758620689655173,5.0,0.5840140189365641,1.2566370614359172,1,0.10744048320614731,1.0788454484990992,1.1370892655451,2.0238671154148115e-12
10.758620689655173,5.0,0.5840140189365641,1.2566370614359172,2,0.30102898257615857,2.100352212091843,2.146171689618724,1.0075415567461545e-9
8.137931034482758,5.413793103448276,0.7720863301195254,1.1605883688420893,1,0.2801308319047298,1.6765784743969363,2.0412546341190225,3.43570827799311e-11
8.137931034482758,5.413793103448276,0.7720863301195254,1.1605883688420893,2,0.13590682184516656,1.1246102576148787,1.2494521623169716,4.773450267150378e-11
8.137931034482758,5.413793103448276,0.7720863301195254,1.1605883688420893,3,0.3215946883591186,2.1970536797136884,2.28585365899586,6.353323616280061e-14
11.724137931034482,6.551724137931035,0.5359187467888471,0.9590124942537263,1,0.09416607965076843,1.051265072981044,1.0870964132647105,7.215893907785125e-9
11.724137931034482,6.551724137931035,0.5359187467888471,0.9590124942537263,2,0.3196057654425178,1.9733398967668108,2.041625093289599,1.3968528424197093e-13
11.724137931034482,6.551724137931035,0.5359187467888471,0.9590124942537263,3,0.17880453862019877,1.2071731393626604,1.3430367146300382,5.4927180638238723e-11
11.172413793103448,7.379310344827586,0.5623838700870617,0.8514596911598504,1,0.09175392498086958,1.0450047350233098,1.0793932996503348,7.0869142562817515e-12
11.172413793103448,7.379310344827586,0.5623838700870617,0.8514596911598504,2,0.3241335748304887,1.916564838983577,2.012753528360054,6.384133967662584e-13
11.172413793103448,7.379310344827586,0.5623838700870617,0.8514596911598504,3,0.2562366935990089,1.4733810257212112,1.6679719523386618,7.964288360588961e-11
9.655172413793103,6.551724137931035,0.6507584782436,0.9590124942537263,1,0.09522899412989856,1.054183906238545,1.1007000802430968,1.6505539617257514e-9
9.655172413793103,6.551724137931035,0.6507584782436,0.9590124942537263,2,0.3185429523588832,2.003219026862716,2.1019622376203753,1.1197036499565021e-13
9.655172413793103,6.551724137931035,0.6507584782436,0.9590124942537263,3,0.2717880917746974,1.5732863652233497,1.8387167295105176,1.5640071078851233e-9
9.655172413793103,6.551724137931035,0.6507584782436,0.9590124942537263,4,0.6065977894684634,4.025213804438096,3.8374221934030275,7.963562828605306e-12
9.10344827586207,7.275862068965517,0.6901983860159394,0.8635657531194693,1,0.09485789866775775,1.0498913078454228,1.0972491718517356,1.7511816907699524e-9
9.10344827586207,7.275862068965517,0.6901983860159394,0.8635657531194693,2,0.3075322792137144,1.7426443049212295,1.98838366980682,1.639504878772294e-11
9.10344827586207,7.275862068965517,0.6901983860159394,0.8635657531194693,3,0.32282750842324176,1.9482011944409527,2.083073584776984,5.1751742390032934e-14
10.206896551724139,5.827586206896552,0.6155823442844864,1.0781797272675029,1,0.10304132841823592,1.0672833214382833,1.121582912774818,7.84222309406909e-14
10.206896551724139,5.827586206896552,0.6155823442844864,1.0781797272675029,2,0.3119922323814269,2.058526410387102,2.120403517203015,3.410889766892331e-12
10.206896551724139,5.827586206896552,0.6155823442844864,1.0781797272675029,3,0.19392171331734795,1.2603983566573445,1.4550246518442298,7.81460961962707e-12
8.551724137931034,8.0,0.734727314146,0.7853981633974483,1,0.10050994903936165,1.0512814696389812,1.1069137631259913,7.737194116795776e-13
8.551724137931034,8.0,0.734727314146,0.7853981633974483,2,0.33719184251416423,1.8945516425632927,2.1008937012613575,2.2343737857742004e-12
8.551724137931034,8.0,0.734727314146,0.7853981633974483,3,0.3279410876806048,1.7481376968560296,2.1791255704391888,2.0755905414850256e-9
8.551724137931034,8.0,0.734727314146,0.7853981633974483,4,0.5141596493210747,2.985806962242646,3.0997604641147376,2.2662923040318657e-11
10.758620689655173,5.103448275862069,0.5840140189365641,1.2311646885689729,1,0.11006250570273324,1.0811650960039125,1.142386483526936,4.1126318683813605e-9
10.758620689655173,5.103448275862069,0.5840140189365641,1.2311646885689729,2,0.30235606572745144,2.0967503171801263,2.1398289927059286,3.907103163572412e-9
8.137931034482758,5.517241379310345,0.7720863301195254,1.1388273369263,1,0.1274407068226206,1.1082174015369886,1.2166783558863246,4.899899700602804e-11
8.137931034482758,5.517241379310345,0.7720863301195254,1.1388273369263,2,0.28545198834801955,1.7054430991582858,2.067456717616872,1.6505313928966055e-11
8.137931034482758,5.517241379310345,0.7720863301195254,1.1388273369263,3,0.32242936423231855,2.183689075372123,2.2795064854245104,4.972558399836423e-15
11.724137931034482,6.655172413793103,0.5359187467888471,0.9441055642912332,1,0.093581032641712,1.0500891397828946,1.0851987888205428,8.30313790713337e-10
11.724137931034482,6.655172413793103,0.5359187467888471,0.9441055642912332,2,0.32052301006749023,1.9655004977194779,2.036660795418382,5.615049414667925e-12
11.724137931034482,6.655172413793103,0.5359187467888471,0.9441055642912332,3,0.18987572726101887,1.238414081897025,1.3866755216107234,2.3369008047923184e-8
11.172413793103448,7.482758620689655,0.5623838700870617,0.8396883590240001,1,0.09179942127833635,1.0445354414419523,1.0787679060244448,2.1016798716126823e-13
11.172413793103448,7.482758620689655,0.5623838700870617,0.8396883590240001,2,0.2600471729087818,1.487002464839697,1.6797103386545036,2.236682118346796e-9
11.172413793103448,7.482758620689655,0.5623838700870617,0.8396883590240001,3,0.3247244219920481,1.9094403176947532,2.008067002021746,5.333487915632934e-11
9.655172413793103,6.655172413793103,0.6507584782436,0.9441055642912332,1,0.09462901852069122,1.052938350220483,1.098559312923686,3.1615612861144036e-9
9.655172413793103,6.655172413793103,0.6507584782436,0.9441055642912332,2,0.2754035252634751,1.58836196554257,1.8503330117449328,1.5853049955507976e-10
9.655172413793103,6.655172413793103,0.6507584782436,0.9441055642912332,3,0.3190804170785621,1.9934710761657217,2.095630356627554,1.7742908140457378e-13
9.10344827586207,7.379310344827586,0.6901983860159394,0.8514596911598504,1,0.09502254679163698,1.049474110173621,1.096792323381437,1.5479807958421015e-13
9.10344827586207,7.379310344827586,0.6901983860159394,0.8514596911598504,2,0.30985399091104693,1.7507582193584033,1.9908753941999213,8.72600555286299e-10
9.10344827586207,7.379310344827586,0.6901983860159394,0.8514596911598504,3,0.3230795971559019,1.9390155607932331,2.0763349991980844,2.3055235797591323e-11
10.206896551724139,5.931034482758621,0.6155823442844864,1.059374266908186,1,0.10121366726896595,1.0643809181253743,1.116262587418041,1.2746034553238034e-8
10.206896551724139,5.931034482758621,0.6155823442844864,1.059374266908186,2,0.20818937072922633,1.3075167717935718,1.5221262545006966,1.1337320032569747e-8
10.206896551724139,5.931034482758621,0.6155823442844864,1.059374266908186,3,0.3129740683182055,2.0489902338784205,2.114728703154556,3.531710640338065e-12
8.689655172413794,5.0,0.7230649758262222,1.2566370614359172,1,0.3103301757297347,2.2022940387757712,2.2504944307074286,2.041170864184447e-9
8.689655172413794,5.0,0.7230649758262222,1.2566370614359172,2,0.19222934435413533,1.2724142125229103,1.5092027297722173,7.095060943909972e-11
8.689655172413794,5.0,0.7230649758262222,1.2566370614359172,3,0.160564544739969,1.181955580115499,1.3516517160819952,1.4271884880738226e-8
10.758620689655173,5.206896551724138,0.5840140189365641,1.2067044629682648,1,0.11310499278190157,1.0842750101140497,1.1490362386626893,6.3726232497821166e-9
10.758620689655173,5.206896551724138,0.5840140189365641,1.2067044629682648,2,0.30375004816686146,2.091769378487532,2.134033579449146,8.928624529535416e-11
11.724137931034482,6.758620689655173,0.5359187467888471,0.9296549689194286,1,0.09309061389931507,1.049026666206455,1.083506071233555,5.499945401865726e-10
11.724137931034482,6.758620689655173,0.5359187467888471,0.9296549689194286,2,0.19978545547463894,1.2685708152158803,1.4265610933231097,1.1870201977121946e-10
11.724137931034482,6.758620689655173,0.5359187467888471,0.9296549689194286,3,0.32140707091799314,1.9577642732910152,2.0317633314303576,2.8813881188647427e-11
8.137931034482758,5.620689655172414,0.7720863301195254,1.117867324590233,1,0.12124827850764651,1.0969258146175989,1.1939631441207448,5.500916636638157e-9
8.137931034482758,5.620689655172414,0.7720863301195254,1.117867324590233,2,0.3231646039368037,2.1702445818371254,2.2728163530206396,1.4789229169027433e-14
8.137931034482758,5.620689655172414,0.7720863301195254,1.117867324590233,3,0.2902177991972002,1.7314922885791377,2.089675726592027,1.7374413254361814e-11
11.172413793103448,7.586206896551724,0.5623838700870617,0.8282380632191273,1,0.09190278979210845,1.0441258716550927,1.078253182273951,2.6146560742410366e-12
11.172413793103448,7.586206896551724,0.5623838700870617,0.8282380632191273,2,0.3252893335053991,1.9024710066927208,2.003454211992838,1.77887959116483e-10
11.172413793103448,7.586206896551724,0.5623838700870617,0.8282380632191273,3,0.2636747637221784,1.4997677141553651,1.6903536684283926,7.111985623659494e-13
9.655172413793103,6.758620689655173,0.6507584782436,0.9296549689194286,1,0.0941569806910877,1.0518469304352085,1.0967239316073722,7.955314912540518e-10
9.655172413793103,6.758620689655173,0.6507584782436,0.9296549689194286,2,0.3195852463969169,1.983883522569535,2.0893127008207912,1.1107100739201043e-12
9.655172413793103,6.758620689655173,0.6507584782436,0.9296549689194286,3,0.27878885396046615,1.6022337850591972,1.860391977443471,2.089740069637777e-9
9.10344827586207,7.482758620689655,0.6901983860159394,0.8396883590240001,1,0.09526744665929815,1.0491392917041125,1.0965082588565094,2.9965259473107765e-11
9.10344827586207,7.482758620689655,0.6901983860159394,0.8396883590240001,2,0.32331173851718753,1.930011563489688,2.069646240175488,3.15310010027559e-9
9.10344827586207,7.482758620689655,0.6901983860159394,0.8396883590240001,3,0.31213314124123265,1.7584909542274492,1.9930270951939413,6.890766540127483e-11
9.10344827586207,7.482758620689655,0.6901983860159394,0.8396883590240001,4,0.3453867174075801,1.8777690491151486,2.295479444813334,1.9872524436096193e-8
10.206896551724139,6.0344827586206895,0.6155823442844864,1.04121356518976,1,0.09962067804829557,1.0618306138357445,1.1116219665499545,9.665638138017752e-12
10.206896551724139,6.0344827586206895,0.6155823442844864,1.04121356518976,2,0.3138955860806534,2.039406134289645,2.1089852257486577,1.2531054464908236e-8
10.206896551724139,6.0344827586206895,0.6155823442844864,1.04121356518976,3,0.2193906261243636,1.3478528538104542,1.575301641697723,2.569278001813454e-8
10.206896551724139,6.0344827586206895,0.6155823442844864,1.04121356518976,4,0.531893158321113,3.507038508893505,3.457001654727373,3.798292308246405e-9
8.689655172413794,5.103448275862069,0.7230649758262222,1.2311646885689729,1,0.21619418145184618,1.357433546460165,1.6401028315857253,8.569480701878384e-11
8.689655172413794,5.103448275862069,0.7230649758262222,1.2311646885689729,2,0.1507927841687722,1.157681438047172,1.3066104950683852,1.9589329409514817e-9
8.689655172413794,5.103448275862069,0.7230649758262222,1.2311646885689729,3,0.3119967977313258,2.193926659229537,2.2475608779917713,9.51451217192953e-13
10.758620689655173,5.310344827586207,0.5840140189365641,1.1831972331701817,1,0.11400978398580781,1.0846465385167519,1.1502786244269991,4.2865250590806745e-8
10.758620689655173,5.310344827586207,0.5840140189365641,1.1831972331701817,2,0.30514521351508095,2.0856692820962195,2.1284995602395247,9.922374018134192e-11
11.724137931034482,6.862068965517241,0.5359187467888471,0.9156400698904925,1,0.0926879700943591,1.0480674025637458,1.0819994291700243,2.975403782593072e-11
11.724137931034482,6.862068965517241,0.5359187467888471,0.9156400698904925,2,0.3222593043372232,1.9501422032932436,2.0269343809397777,7.524655011941128e-10
11.724137931034482,6.862068965517241,0.5359187467888471,0.9156400698904925,3,0.2084362743602551,1.2964109685057548,1.4614889955544086,1.0609885406250119e-8
11.172413793103448,7.689655172413793,0.5623838700870617,0.817095847122009,1,0.09206086669976067,1.0437718609820017,1.077841689614683,3.078864829542803e-10
11.172413793103448,7.689655172413793,0.5623838700870617,0.817095847122009,2,0.3258289039590443,1.8956596022404169,1.9989171780228205,2.1603318377354353e-12
11.172413793103448,7.689655172413793,0.5623838700870617,0.817095847122009,3,0.26714965394803025,1.511785505407897,1.700067023489599,6.997663939015019e-10
8.137931034482758,5.724137931034483,0.7720863301195254,1.097664903061494,1,0.11649393443138205,1.088597270390448,1.1771967945571242,1.8504882672468209e-13
8.137931034482758,5.724137931034483,0.7720863301195254,1.097664903061494,2,0.294539730269477,1.7552032796488364,2.1086447820761416,2.8111724195877943e-8
8.137931034482758,5.724137931034483,0.7720863301195254,1.097664903061494,3,0.323816373156153,2.1568154393406056,2.2658654932973263,1.0219393454322096e-8
9.655172413793103,6.862068965517241,0.6507584782436,0.9156400698904925,1,0.09380136379683729,1.0508921664721418,1.095159551259643,4.127910710353003e-9
9.655172413793103,6.862068965517241,0.6507584782436,0.9156400698904925,2,0.32005965505760275,1.9744622915773362,2.0830188401517153,3.684932586403552e-12
9.655172413793103,6.862068965517241,0.6507584782436,0.9156400698904925,3,0.281983500467314,1.6150688108271347,1.8691434920149903,1.068118562235283e-14
9.10344827586207,7.586206896551724,0.6901983860159394,0.8282380632191273,1,0.0955880715219063,1.0488806652369702,1.0963853626572704,3.9979790868692265e-12
9.10344827586207,7.586206896551724,0.6901983860159394,0.8282380632191273,2,0.3524627821038062,1.9147798979669417,2.332347765675706,1.8037393854620911e-12
9.10344827586207,7.586206896551724,0.6901983860159394,0.8282380632191273,3,0.3143785184356991,1.7658926747791885,1.994906163385544,5.194708327442712e-11
9.10344827586207,7.586206896551724,0.6901983860159394,0.8282380632191273,4,0.32352449726691457,1.9211879274163346,2.063012246258535,6.897242252315296e-12
9.10344827586207,7.586206896551724,0.6901983860159394,0.8282380632191273,5,0.32108576695306046,1.7393989885686405,2.1423424419343418,5.723785373119602e-10
10.206896551724139,6.137931034482759,0.6155823442844864,1.0236650219562247,1,0.09823934424753349,1.059585140660124,1.1075708790420526,1.1582181704459593e-8
10.206896551724139,6.137931034482759,0.6155823442844864,1.0236650219562247,2,0.31476185867347384,2.029825886055681,2.103191303159897,8.145838065189848e-12
10.206896551724139,6.137931034482759,0.6155823442844864,1.0236650219562247,3,0.2284287131307767,1.3822672096666788,1.6176345011356916,1.700549014380263e-11
8.689655172413794,5.206896551724138,0.7230649758262222,1.2067044629682648,1,0.141013265095629,1.1358175525959298,1.264931158603376,1.983189025012627e-8
8.689655172413794,5.206896551724138,0.7230649758262222,1.2067044629682648,2,0.3134609507746991,2.1841596841737116,2.2437280562681474,8.425377347581704e-10
8.689655172413794,5.206896551724138,0.7230649758262222,1.2067044629682648,3,0.23214140192838623,1.4227116578561676,1.729912212811526,1.4061119049018013e-8
10.758620689655173,5.413793103448276,0.5840140189365641,1.1605883688420893,1,0.11115242567868304,1.079945278701505,1.1417320707631888,4.883019742982369e-8
10.758620689655173,5.413793103448276,0.5840140189365641,1.1605883688420893,2,0.30650655107484004,2.078697686340262,2.123072688408633,4.389135131008675e-12
11.724137931034482,6.9655172413793105,0.5359187467888471,0.9020414549911286,1,0.0923668928561866,1.0472022541505395,1.0806622365477707,5.399735504403203e-9
11.724137931034482,6.9655172413793105,0.5359187467888471,0.9020414549911286,2,0.21599576938094253,1.3217090152528004,1.4916933591615662,5.906333626793097e-11
11.724137931034482,6.9655172413793105,0.5359187467888471,0.9020414549911286,3,0.323080897331403,1.9426427392887242,2.022175398823175,2.419222583368211e-11
11.172413793103448,7.793103448275862,0.5623838700870617,0.8062494420717168,1,0.09227083529646507,1.0434697284671293,1.077526917602437,1.9944725575602203e-12
11.172413793103448,7.793103448275862,0.5623838700870617,0.8062494420717168,2,0.3263437474113277,1.8890091491771237,1.994458046553765,9.440977225818522e-10
11.172413793103448,7.793103448275862,0.5623838700870617,0.8062494420717168,3,0.2704964775068719,1.5231478003814352,1.7089870408860544,1.6160948840981785e-8
8.137931034482758,5.827586206896552,0.7720863301195254,1.0781797272675029,1,0.11273849374552412,1.0821819757458582,1.1643196797368056,8.995543699683661e-9
8.137931034482758,5.827586206896552,0.7720863301195254,1.0781797272675029,2,0.29849982624144566,1.776927703333567,2.1249055311192313,2.2222645654657394e-13
8.137931034482758,5.827586206896552,0.7720863301195254,1.0781797272675029,3,0.32439795640848423,2.1434710043901406,2.25871951776866,2.560598995541701e-13
9.655172413793103,6.9655172413793105,0.6507584782436,0.9020414549911286,1,0.09355224667357111,1.0500593722263174,1.0938373681311475,9.415908967821752e-9
9.655172413793103,6.9655172413793105,0.6507584782436,0.9020414549911286,2,0.28501935876453066,1.627005935006344,1.876792696289929,1.8304023488804218e-14
9.655172413793103,6.9655172413793105,0.6507584782436,0.9020414549911286,3,0.32050547665257934,1.9652114220622452,2.0767570095107812,4.400251568861991e-11
9.10344827586207,7.689655172413793,0.6901983860159394,0.817095847122009,1,0.09598054330488218,1.0486929571356582,1.0964139346922137,5.405975075396855e-9
9.10344827586207,7.689655172413793,0.6901983860159394,0.817095847122009,2,0.3165978756151509,1.773008863283928,1.9965724282243666,1.8910648948058673e-8
9.10344827586207,7.689655172413793,0.6901983860159394,0.817095847122009,3,0.3206271237413328,1.7308344054142415,2.132809910128894,3.129286188775775e-12
9.10344827586207,7.689655172413793,0.6901983860159394,0.817095847122009,4,0.3237184333483578,1.9125437887472183,2.0564382647991533,1.9607395699108438e-11
9.10344827586207,7.689655172413793,0.6901983860159394,0.817095847122009,5,0.3580268827425888,1.9450307376012115,2.3607402275239617,8.324297332726578e-13
10.206896551724139,6.241379310344827,0.6155823442844864,1.0066981983878895,1,0.09704868285028712,1.0576043495125125,1.1040319880953209,1.8468422363127593e-10
10.206896551724139,6.241379310344827,0.6155823442844864,1.0066981983878895,2,0.3155777124285151,2.0202903086499386,2.0973648142294863,1.5507307103084922e-10
10.206896551724139,6.241379310344827,0.6155823442844864,1.0066981983878895,3,0.23596398342772482,1.41197769006555,1.6519540271127178,2.1268319702738052e-10
10.758620689655173,5.517241379310345,0.5840140189365641,1.1388273369263,1,0.10854029118833218,1.075724026159374,1.1340577660392541,1.3657190106284606e-11
10.758620689655173,5.517241379310345,0.5840140189365641,1.1388273369263,2,0.12598201914283286,1.1009843785716726,1.1817685482029106,4.263147789752981e-11
10.758620689655173,5.517241379310345,0.5840140189365641,1.1388273369263,3,0.3078164533382055,2.0710665322769226,2.117672597220248,9.271751538363279e-10
8.689655172413794,5.310344827586207,0.7230649758262222,1.1831972331701817,1,0.13256245860888688,1.1185532699905705,1.2313978889320634,3.354570587187645e-8
8.689655172413794,5.310344827586207,0.7230649758262222,1.1831972331701817,2,0.3147479448813758,2.17342897756021,2.239146618378422,1.283066653691008e-14
8.689655172413794,5.310344827586207,0.7230649758262222,1.1831972331701817,3,0.24378984847849347,1.4743568507537648,1.7949210165756724,1.396519410984984e-13
11.724137931034482,7.068965517241379,0.5359187467888471,0.888840848332722,1,0.09212174724437619,1.046423172529992,1.0794797837318155,3.343911376593177e-9
11.724137931034482,7.068965517241379,0.5359187467888471,0.888840848332722,2,0.22267498011037634,1.3446440015819556,1.5178440173270231,2.8708343515559636e-13
11.724137931034482,7.068965517241379,0.5359187467888471,0.888840848332722,3,0.3238728918837881,1.9352724326295623,2.0174877751655265,2.131937494658048e-8
11.172413793103448,7.896551724137931,0.5623838700870617,0.7956872223065852,1,0.09253018796651331,1.043216210482927,1.0773031660787225,1.1617449030499097e-9
11.172413793103448,7.896551724137931,0.5623838700870617,0.7956872223065852,2,0.273735469254232,1.533932694535967,1.7172273660276463,1.675461776408853e-13
11.172413793103448,7.896551724137931,0.5623838700870617,0.7956872223065852,3,0.32683453548974906,1.8825232314116225,1.9900791352339207,2.485498816258633e-10
8.137931034482758,5.931034482758621,0.7720863301195254,1.059374266908186,1,0.10972131807037974,1.077092259246415,1.1541614937820297,6.851479475672234e-13
8.137931034482758,5.931034482758621,0.7720863301195254,1.059374266908186,2,0.3021605925812783,1.796932457801244,2.1388729432343077,3.322979081501225e-14
8.137931034482758,5.931034482758621,0.7720863301195254,1.059374266908186,3,0.3249206082475666,2.1302624460193424,2.2514317496697185,2.5420549336054484e-12
9.655172413793103,7.068965517241379,0.6507584782436,0.888840848332722,1,0.09340106142506423,1.049336175763774,1.0927331697661724,7.06026396272347e-11
9.655172413793103,7.068965517241379,0.6507584782436,0.888840848332722,2,0.3209242232725697,1.9561335851872292,2.070534372307975,3.843403796945576e-13
9.655172413793103,7.068965517241379,0.6507584782436,0.888840848332722,3,0.28792260948832715,1.6381621449406587,1.8835103427273605,9.71936613915693e-12
9.10344827586207,7.793103448275862,0.6901983860159394,0.8062494420717168,1,0.09644152227184269,1.048571566301039,1.0965858459634297,8.995944913408604e-8
9.10344827586207,7.793103448275862,0.6901983860159394,0.8062494420717168,2,0.3238941238389518,1.9040787360398115,2.0499297248248936,5.7562927881876626e-9
9.10344827586207,7.793103448275862,0.6901983860159394,0.8062494420717168,3,0.3187982152559089,1.7798819365264902,1.9980798842271277,2.1962637604048375e-13
9.10344827586207,7.793103448275862,0.6901983860159394,0.8062494420717168,4,0.32083567288972,1.7254834719384229,2.1272487267923625,2.2093675025141586e-11
9.10344827586207,7.793103448275862,0.6901983860159394,0.8062494420717168,5,0.3628953042460872,1.9736288895957816,2.385658139045593,8.371364511037292e-9
10.206896551724139,6.344827586206897,0.6155823442844864,0.9902846408054782,1,0.09602996495577623,1.0558541838708015,1.1009396235572535,5.247473359171813e-8
10.206896551724139,6.344827586206897,0.6155823442844864,0.9902846408054782,2,0.24242277561118042,1.4379690788700508,1.6802753299903879,5.4434892244229016e-12
10.206896551724139,6.344827586206897,0.6155823442844864,0.9902846408054782,3,0.3163473676030409,2.0108305316775574,2.0915211137374374,8.005840073970323e-11
10.758620689655173,5.620689655172414,0.5840140189365641,1.117867324590233,1,0.10617614791916365,1.0719517836955001,1.1272121528871581,1.7736518795971904e-12
10.758620689655173,5.620689655172414,0.5840140189365641,1.117867324590233,2,0.1322767858519634,1.1108128071273242,1.2000087963931627,1.7764879483124632e-8
10.758620689655173,5.620689655172414,0.5840140189365641,1.117867324590233,3,0.3090671548919207,2.0629495611219535,2.112260328101949,2.354393780609107e-10
11.724137931034482,7.172413793103448,0.5359187467888471,0.8760210284048462,1,0.09194745478307456,1.045722997004578,1.0784390976453486,2.3616062472854585e-9
11.724137931034482,7.172413793103448,0.5359187467888471,0.8760210284048462,2,0.32463617475998746,1.928036290083417,2.0128723843814598,1.2144598969448544e-13
11.724137931034482,7.172413793103448,0.5359187467888471,0.8760210284048462,3,0.22865667842206297,1.3655024972876066,1.5406309007890284,4.13773791133184e-8
11.172413793103448,8.0,0.5623838700870617,0.7853981633974483,1,0.09283670113292387,1.043008426918507,1.0771654611585177,1.9310327840706615e-10
11.172413793103448,8.0,0.5623838700870617,0.7853981633974483,2,0.32730204216642655,1.8762061350578534,1.9857830260242884,4.920968222164573e-11
11.172413793103448,8.0,0.5623838700870617,0.7853981633974483,3,0.2768836382189112,1.5442077775177894,1.7248845469695535,9.93438504784481e-9
8.689655172413794,5.413793103448276,0.7230649758262222,1.1605883688420893,1,0.12567273041858443,1.1054512692357625,1.2056655383265042,1.1933324119850435e-11
8.689655172413794,5.413793103448276,0.7230649758262222,1.1605883688420893,2,0.3158821057184217,2.1620496037945953,2.233953097863808,6.737484499664263e-12
8.689655172413794,5.413793103448276,0.7230649758262222,1.1605883688420893,3,0.25293085101537294,1.5168293046022585,1.8445533032480927,1.8043151988931707e-10
9.655172413793103,7.172413793103448,0.6507584782436,0.8760210284048462,1,0.09334037745012704,1.0487119887832521,1.0918264746997008,3.510292804070271e-11
9.655172413793103,7.172413793103448,0.6507584782436,0.8760210284048462,2,0.3213171425110638,1.947230511500643,2.064357260874183,4.114897936162643e-11
9.655172413793103,7.172413793103448,0.6507584782436,0.8760210284048462,3,0.2907150097253207,1.6486370322339003,1.8894402006719018,4.799563726314662e-13
9.10344827586207,7.896551724137931,0.6901983860159394,0.7956872223065852,1,0.0969682770678647,1.0485130155562492,1.0968946648907953,6.0587168746045605e-12
9.10344827586207,7.896551724137931,0.6901983860159394,0.7956872223065852,2,0.32405224216647294,1.8957929405984542,2.04349236361249,2.7183476693163425e-12
9.10344827586207,7.896551724137931,0.6901983860159394,0.7956872223065852,3,0.32143392910245355,1.7219499852889832,2.1240057053874004,1.157262551572815e-12
9.10344827586207,7.896551724137931,0.6901983860159394,0.7956872223065852,4,0.32098558260820453,1.7865491731683734,1.9994753774662555,8.706745653983244e-9
9.10344827586207,7.896551724137931,0.6901983860159394,0.7956872223065852,5,0.3675633754758654,2.005043668510914,2.41025357417897,2.867513848517716e-12
8.137931034482758,6.0344827586206895,0.7720863301195254,1.04121356518976,1,0.1072742094174135,1.0729681492814502,1.1459975202174677,5.187589058586676e-12
8.137931034482758,6.0344827586206895,0.7720863301195254,1.04121356518976,2,0.32539390374059735,2.1172272333190785,2.244045409762987,2.44718493207091e-8
8.137931034482758,6.0344827586206895,0.7720863301195254,1.04121356518976,3,0.3055706540541919,1.8154239486871018,2.1508719128998868,1.815046453486153e-10
10.206896551724139,6.448275862068965,0.6155823442844864,0.9743977214342674,1,0.09516655553708366,1.0543060916558258,1.0982380762715989,3.3580737431989228e-9
10.206896551724139,6.448275862068965,0.6155823442844864,0.9743977214342674,2,0.3170745691877564,2.0014705518000055,2.0856739431956903,6.378367688570451e-13
10.206896551724139,6.448275862068965,0.6155823442844864,0.9743977214342674,3,0.24808387125458015,1.4609801294906188,1.7040002955409133,2.489552884872059e-12
11.724137931034482,7.275862068965517,0.5359187467888471,0.8635657531194693,1,0.09183940773611411,1.0450953381775967,1.077528678459178,2.2714028250393292e-8
11.724137931034482,7.275862068965517,0.5359187467888471,0.8635657531194693,2,0.2340839329003547,1.3845682013934166,1.5606437477222292,7.040840047797874e-13
11.724137931034482,7.275862068965517,0.5359187467888471,0.8635657531194693,3,0.32537155151519936,1.920938456249686,2.008330645254367,2.1836219518413044e-8
10.758620689655173,5.724137931034483,0.5840140189365641,1.097664903061494,1,0.10405396658765921,1.068590550002531,1.1211327548847028,4.784225167499837e-13
10.758620689655173,5.724137931034483,0.5840140189365641,1.097664903061494,2,0.31025645352352155,2.0544865025279577,2.1068203180938756,7.827094267359483e-9
10.758620689655173,5.724137931034483,0.5840140189365641,1.097664903061494,3,0.1402802767447603,1.124689756842589,1.225054431890131,2.929167309626332e-11
8.689655172413794,5.517241379310345,0.7230649758262222,1.1388273369263,1,0.12010531636417682,1.0954264932777327,1.1858711600223812,1.0234233085678485e-8
8.689655172413794,5.517241379310345,0.7230649758262222,1.1388273369263,2,0.26045069029484885,1.5527671371191172,1.883850208952175,7.452030961626972e-13
8.689655172413794,5.517241379310345,0.7230649758262222,1.1388273369263,3,0.3168851518957773,2.1502513208358716,2.228264576785354,1.11841168777623e-13
11.310344827586206,5.0,0.5555255302079513,1.2566370614359172,1,0.3013020015056405,2.084364010264338,2.1347681725869667,5.504607149251963e-10
11.310344827586206,5.0,0.5555255302079513,1.2566370614359172,2,0.10469387722212893,1.0747717640315624,1.1263744911580462,1.2437263032383898e-12
9.10344827586207,8.0,0.6901983860159394,0.7853981633974483,1,0.0975583490508931,1.0485137093771508,1.0973347648594503,7.900626901134633e-11
9.10344827586207,8.0,0.6901983860159394,0.7853981633974483,2,0.32419357879210664,1.8876870791631895,2.03713235794182,1.1261557757632576e-10
9.10344827586207,8.0,0.6901983860159394,0.7853981633974483,3,0.3222800229051166,1.7195343406793144,2.122241932634999,1.210370411116001e-14
9.10344827586207,8.0,0.6901983860159394,0.7853981633974483,4,0.3231655222091642,1.7930458114863264,2.0008014571276074,2.6855497880871593e-8
9.10344827586207,8.0,0.6901983860159394,0.7853981633974483,5,0.41475417312589496,2.529872482222571,2.6379559104384906,8.269522994505373e-13
9.10344827586207,8.0,0.6901983860159394,0.7853981633974483,6,0.3730393203792322,2.0515069637071015,2.44109049287348,4.1385763183394317e-10
9.655172413793103,7.275862068965517,0.6507584782436,0.8635657531194693,1,0.3216852706142938,1.9385033418476627,2.058231385147591,3.530477242141618e-13
9.655172413793103,7.275862068965517,0.6507584782436,0.8635657531194693,2,0.09336374786284059,1.0481778331692602,1.0910999514572373,3.166011537943026e-11
9.655172413793103,7.275862068965517,0.6507584782436,0.8635657531194693,3,0.2934148275213694,1.6585161823350978,1.894704462930598,7.240540187211076e-11
8.137931034482758,6.137931034482759,0.7720863301195254,1.0236650219562247,1,0.1052819267661393,1.0695746152850936,1.1393504681724724,1.9296935063894665e-9
8.137931034482758,6.137931034482759,0.7720863301195254,1.0236650219562247,2,0.30876870880961255,1.8325660098442231,2.1611635887605454,1.6910268410869458e-8
8.137931034482758,6.137931034482759,0.7720863301195254,1.0236650219562247,3,0.3258261050571854,2.104392849181066,2.236595950911588,1.230092654347531e-12
10.206896551724139,6.551724137931035,0.6155823442844864,0.9590124942537263,1,0.09444382831551659,1.0529356267156433,1.0958802205402929,1.119350590090218e-10
10.206896551724139,6.551724137931035,0.6155823442844864,0.9590124942537263,2,0.31776257222620263,1.9922286530526139,2.0798353035884345,2.597067589752126e-10
10.206896551724139,6.551724137931035,0.6155823442844864,0.9590124942537263,3,0.253136372864724,1.4815648505384185,1.7241233210020623,3.726532183467867e-10
11.724137931034482,7.379310344827586,0.5359187467888471,0.8514596911598504,1,0.09179346472158345,1.0445346287769883,1.076738404186405,3.565656287401783e-13
11.724137931034482,7.379310344827586,0.5359187467888471,0.8514596911598504,2,0.23906749105633762,1.4020947976285325,1.5783675846058762,1.4735742677900122e-8
11.724137931034482,7.379310344827586,0.5359187467888471,0.8514596911598504,3,0.32607963743508045,1.9139820154276026,2.003862956467814,2.4539475118773146e-9
10.758620689655173,5.827586206896552,0.5840140189365641,1.0781797272675029,1,0.10216188718240438,1.0655995839112269,1.1157482784770092,8.258170743300417e-10
10.758620689655173,5.827586206896552,0.5840140189365641,1.0781797272675029,2,0.1507148103228992,1.1450180763967592,1.260576986040834,3.3925673179365856e-9
10.758620689655173,5.827586206896552,0.5840140189365641,1.0781797272675029,3,0.31138524373723436,2.0457887357498308,2.1013500880700997,1.2806584510547427e-10
10.758620689655173,5.827586206896552,0.5840140189365641,1.0781797272675029,4,0.5203390902553746,3.410547778031112,3.3719584225450325,1.9291699694806557e-13
11.310344827586206,5.103448275862069,0.5555255302079513,1.2311646885689729,1,0.3024692417393565,2.081435650168494,2.1273272992106573,2.1346835088167074e-9
11.310344827586206,5.103448275862069,0.5555255302079513,1.2311646885689729,2,0.1065982371085578,1.0759779689600013,1.1295286230593207,1.1320625657083042e-8
8.689655172413794,5.620689655172414,0.7230649758262222,1.117867324590233,1,0.11557785941857912,1.0875960309853732,1.170390002718142,6.4257060218093126e-12
8.689655172413794,5.620689655172414,0.7230649758262222,1.117867324590233,2,0.3177758903308808,2.1382029747198503,2.22217911222251,7.744859503504414e-9
8.689655172413794,5.620689655172414,0.7230649758262222,1.117867324590233,3,0.2668413274369379,1.5838172541473363,1.915741019163179,2.143758026646244e-12
9.655172413793103,7.379310344827586,0.6507584782436,0.8514596911598504,1,0.09346556474275915,1.0477259589799381,1.0905388570697476,6.11114529335973e-8
9.655172413793103,7.379310344827586,0.6507584782436,0.8514596911598504,2,0.3220294838210703,1.9299529180092896,2.0521620194381662,2.1108377606560337e-12
9.655172413793103,7.379310344827586,0.6507584782436,0.8514596911598504,3,0.2960375342804428,1.6678737467101123,1.8994077757603467,6.69111307845949e-11
9.241379310344827,5.0,0.6798969175679404,1.2566370614359172,1,0.13457308259741455,1.1243490388319406,1.2361288328825137,4.012178917788736e-11
9.241379310344827,5.0,0.6798969175679404,1.2566370614359172,2,0.3056705732770788,2.165829050980987,2.2086673157911036,8.532575002949873e-11
8.137931034482758,6.241379310344827,0.7720863301195254,1.0066981983878895,1,0.10366193144736957,1.0667505862063094,1.1338911759538528,1.6860314556473092e-13
8.137931034482758,6.241379310344827,0.7720863301195254,1.0066981983878895,2,0.3262243710697643,2.091779077026274,2.2291124603880954,1.7538742687880578e-13
8.137931034482758,6.241379310344827,0.7720863301195254,1.0066981983878895,3,0.3117861070028155,1.848491826771229,2.169962289136702,1.90548653070725e-9
10.206896551724139,6.655172413793103,0.6155823442844864,0.9441055642912332,1,0.09384893480560927,1.051722274393292,1.0938261534782827,9.459779948711815e-9
10.206896551724139,6.655172413793103,0.6155823442844864,0.9441055642912332,2,0.2577134969196371,1.500145562459755,1.7413695429259288,1.1585915656157188e-9
10.206896551724139,6.655172413793103,0.6155823442844864,0.9441055642912332,3,0.3184141739166682,1.98311864604599,2.074015591087454,2.6286902366974576e-10
11.724137931034482,7.482758620689655,0.5359187467888471,0.8396883590240001,1,0.09180591097871785,1.0440357846869668,1.0760593316432026,3.0305620466522133e-10
11.724137931034482,7.482758620689655,0.5359187467888471,0.8396883590240001,2,0.24369160199526604,1.4182957531013505,1.5941874400368996,1.4456223744653344e-12
11.724137931034482,7.482758620689655,0.5359187467888471,0.8396883590240001,3,0.326761105322871,1.9071700726600942,1.9994707757770604,3.101209708878817e-13
10.758620689655173,5.931034482758621,0.5840140189365641,1.059374266908186,1,0.1004849354413895,1.0629388451930843,1.1109862875560317,1.852921962533463e-8
10.758620689655173,5.931034482758621,0.5840140189365641,1.059374266908186,2,0.16413093597923076,1.1748570287077926,1.3105592352798414,1.8293920182960787e-8
10.758620689655173,5.931034482758621,0.5840140189365641,1.059374266908186,3,0.3124560156548126,2.0369442886755467,2.095854134151631,8.196763836195262e-10
11.310344827586206,5.206896551724138,0.5555255302079513,1.2067044629682648,1,0.10876842274467932,1.077686597281535,1.1334914056405823,7.98941398176922e-11
11.310344827586206,5.206896551724138,0.5555255302079513,1.2067044629682648,2,0.30377466876818626,2.077244565089826,2.1207521753248537,1.5351638624565988e-9
8.689655172413794,5.724137931034483,0.7230649758262222,1.097664903061494,1,0.11186379188328302,1.0813502734829823,1.158064036384728,5.3633553190082765e-8
8.689655172413794,5.724137931034483,0.7230649758262222,1.097664903061494,2,0.31857036952594553,2.1260295091295136,2.2157777094477797,7.161081698549848e-9
8.689655172413794,5.724137931034483,0.7230649758262222,1.097664903061494,3,0.27240236452996536,1.6110706730068882,1.9420631345713306,9.659546943991211e-11
9.655172413793103,7.482758620689655,0.6507584782436,0.8396883590240001,1,0.09364098710900055,1.04734991900907,1.0901308015717186,1.7607241818354438e-10
9.655172413793103,7.482758620689655,0.6507584782436,0.8396883590240001,2,0.29859633052503515,1.6767743810556213,1.9036403164604339,1.4530695808221818e-8
9.655172413793103,7.482758620689655,0.6507584782436,0.8396883590240001,3,0.32235054804584673,1.9215800240616303,2.0461541653328683,3.6450800784399495e-13
9.241379310344827,5.103448275862069,0.6798969175679404,1.2311646885689729,1,0.13613240265734255,1.1260742317660004,1.2400848737332388,3.694167105876866e-12
9.241379310344827,5.103448275862069,0.6798969175679404,1.2311646885689729,2,0.1487945207029341,1.15157103662574,1.2886241283212763,3.608256828343301e-9
9.241379310344827,5.103448275862069,0.6798969175679404,1.2311646885689729,3,0.3073537509654632,2.1594001439574155,2.205331969659462,4.550380893815109e-9
8.137931034482758,6.344827586206897,0.7720863301195254,0.9902846408054782,1,0.10235297980982004,1.0643813423447408,1.1293841911977822,2.912217086342972e-8
8.137931034482758,6.344827586206897,0.7720863301195254,0.9902846408054782,2,0.3265949781325274,2.0793998582461675,2.2216190219799135,1.819685061824934e-8
8.137931034482758,6.344827586206897,0.7720863301195254,0.9902846408054782,3,0.31464854115543156,1.8633116910981982,2.1774467557344437,1.701963247919777e-11
10.206896551724139,6.758620689655173,0.6155823442844864,0.9296549689194286,1,0.09337060441568817,1.0506485901483886,1.0920420080205782,9.911737939685419e-11
10.206896551724139,6.758620689655173,0.6155823442844864,0.9296549689194286,2,0.26191240119865,1.5170507598275744,1.7562827654673498,3.693085993961725e-8
10.206896551724139,6.758620689655173,0.6155823442844864,0.9296549689194286,3,0.31903176764751806,1.9741508622190873,2.0682238620480256,8.776268874265721e-9
11.724137931034482,7.586206896551724,0.5359187467888471,0.8282380632191273,1,0.09187335348565467,1.0435942012592774,1.075483470280776,8.750417884688133e-8
11.724137931034482,7.586206896551724,0.5359187467888471,0.8282380632191273,2,0.3274164865871054,1.9005052421748672,1.995154876919331,4.266457350329439e-14
11.724137931034482,7.586206896551724,0.5359187467888471,0.8282380632191273,3,0.24802195090292678,1.4333513476777586,1.6084142605148704,3.5108468533937883e-13
10.758620689655173,6.0344827586206895,0.5840140189365641,1.04121356518976,1,0.09900703814761462,1.060571187670968,1.1067780796652935,1.4160366719795152e-12
10.758620689655173,6.0344827586206895,0.5840140189365641,1.04121356518976,2,0.31347204733620154,2.028022696627131,2.090340600257445,5.20722996829949e-11
10.758620689655173,6.0344827586206895,0.5840140189365641,1.04121356518976,3,0.17945958944647633,1.2141478295142742,1.3727364441518546,1.5658951900195324e-11
9.655172413793103,7.586206896551724,0.6507584782436,0.8282380632191273,1,0.09388575947315107,1.047043868740719,1.089865060197894,1.4695852549056853e-11
9.655172413793103,7.586206896551724,0.6507584782436,0.8282380632191273,2,0.3226491681038008,1.9133855914340394,2.040212700196892,2.196413004218512e-9
9.655172413793103,7.586206896551724,0.6507584782436,0.8282380632191273,3,0.30110253287263716,1.6852749856974127,1.907480080241006,3.2109243586587452e-12
11.310344827586206,5.310344827586207,0.5555255302079513,1.1831972331701817,1,0.30513180312604576,2.0719525764445974,2.114673565893475,3.1465749385331837e-13
11.310344827586206,5.310344827586207,0.5555255302079513,1.1831972331701817,2,0.11124449678815512,1.0799711759140729,1.1383986376190256,8.881038393026546e-10
8.689655172413794,5.827586206896552,0.7230649758262222,1.0781797272675029,1,0.10879453270867932,1.0762779904957418,1.1480954729934898,4.94307420317273e-12
8.689655172413794,5.827586206896552,0.7230649758262222,1.0781797272675029,2,0.2773295978104413,1.635285279355302,1.964041760224118,6.245224801166404e-10
8.689655172413794,5.827586206896552,0.7230649758262222,1.0781797272675029,3,0.31928222818970725,2.1138235554645686,2.2091272198523475,7.961336991466004e-12
9.241379310344827,5.206896551724138,0.6798969175679404,1.2067044629682648,1,0.12991682232595142,1.1136844295639756,1.216485637962557,9.563458213112046e-11
9.241379310344827,5.206896551724138,0.6798969175679404,1.2067044629682648,2,0.3088939913438181,2.151464895300297,2.2014606628177416,2.872131965430644e-11
9.241379310344827,5.206896551724138,0.6798969175679404,1.2067044629682648,3,0.17111890889180434,1.2038622945201216,1.3834968030989088,1.1452451875666389e-8
8.137931034482758,6.448275862068965,0.7720863301195254,0.9743977214342674,1,0.10130864823151987,1.0623831070836833,1.1256568867564516,1.7747562422791113e-13
8.137931034482758,6.448275862068965,0.7720863301195254,0.9743977214342674,2,0.32694334967911337,2.0672641155655826,2.214134631745735,2.0362889266207536e-9
8.137931034482758,6.448275862068965,0.7720863301195254,0.9743977214342674,3,0.3173774183005521,1.8771194293864206,2.183769088348862,5.826089487700844e-12
10.206896551724139,6.862068965517241,0.6155823442844864,0.9156400698904925,1,0.09299897362275987,1.0496996969981944,1.0904990381754465,1.4638196476718785e-10
10.206896551724139,6.862068965517241,0.6155823442844864,0.9156400698904925,2,0.3196173358720063,1.9653329535578243,2.0624676557224437,5.273731478389504e-11
10.206896551724139,6.862068965517241,0.6155823442844864,0.9156400698904925,3,0.26580566073617073,1.532539382049265,1.7692787354966653,1.1816809477963733e-13
11.724137931034482,7.689655172413793,0.5359187467888471,0.817095847122009,1,0.09199292216406668,1.0432064204506606,1.075004130667849,2.7482948285593475e-9
11.724137931034482,7.689655172413793,0.5359187467888471,0.817095847122009,2,0.252109918036991,1.4474121438710248,1.6212981834728024,7.251564550690146e-11
11.724137931034482,7.689655172413793,0.5359187467888471,0.817095847122009,3,0.32804632576554593,1.8939903062159762,1.9909163800012586,1.5653366296319317e-9
10.758620689655173,6.137931034482759,0.5840140189365641,1.0236650219562247,1,0.09771191337239515,1.058462663123518,1.1030602640702045,5.735769123036274e-11
10.758620689655173,6.137931034482759,0.5840140189365641,1.0236650219562247,2,0.19391776560902377,1.2563783982526293,1.435130388407041,2.2182823847813087e-10
10.758620689655173,6.137931034482759,0.5840140189365641,1.0236650219562247,3,0.31443687600694975,2.0190786182870886,2.0848191613921,1.2568990298501354e-11
9.655172413793103,7.689655172413793,0.6507584782436,0.817095847122009,1,0.09419619609974243,1.0468029052994399,1.0897326016332796,4.8454936029731504e-8
9.655172413793103,7.689655172413793,0.6507584782436,0.817095847122009,2,0.322926030238743,1.9053708229160813,2.0343424435894404,2.0234719544625106e-11
9.655172413793103,7.689655172413793,0.6507584782436,0.817095847122009,3,0.30356591962153073,1.6934255430795293,1.9109949249321174,1.6755574239862392e-12
8.689655172413794,5.931034482758621,0.7230649758262222,1.059374266908186,1,0.10624552041065806,1.0720967494531852,1.1399294583013952,3.9161253352864977e-10
8.689655172413794,5.931034482758621,0.7230649758262222,1.059374266908186,2,0.319923028039613,2.1016541598999874,2.2022825442841425,1.9506445030889366e-10
8.689655172413794,5.931034482758621,0.7230649758262222,1.059374266908186,3,0.2817581450289698,1.6570074828734425,1.9825348654891712,4.0836214520732865e-10
11.310344827586206,5.413793103448276,0.5555255302079513,1.1605883688420893,1,0.10984436102045239,1.07735022530591,1.1339244248614904,2.0133344834175834e-8
11.310344827586206,5.413793103448276,0.5555255302079513,1.1605883688420893,2,0.30649096449262575,2.0657659274249376,2.108877654019776,1.0227141421561207e-12
11.724137931034482,7.793103448275862,0.5359187467888471,0.8062494420717168,1,0.09216178799896639,1.042868397842238,1.0746148731961676,4.83400183854442e-9
11.724137931034482,7.793103448275862,0.5359187467888471,0.8062494420717168,2,0.255996390486705,1.4606048134506102,1.6330430440215,6.567867304015613e-15
11.724137931034482,7.793103448275862,0.5359187467888471,0.8062494420717168,3,0.3286511729742501,1.8876282743135882,1.9867564972951228,4.6254904795361395e-12
10.206896551724139,6.9655172413793105,0.6155823442844864,0.9020414549911286,1,0.0927253911199518,1.0488628927807162,1.089172736019494,2.0013184930543422e-14
10.206896551724139,6.9655172413793105,0.6155823442844864,0.9020414549911286,2,0.3201726026954028,1.956670545413455,2.056753907305448,3.4423111848262243e-9
10.206896551724139,6.9655172413793105,0.6155823442844864,0.9020414549911286,3,0.2694495327752615,1.5468214449910458,1.7806860968336982,3.02182727874191e-14
8.137931034482758,6.551724137931035,0.7720863301195254,0.9590124942537263,1,0.10049254301054593,1.0606924694946203,1.1225786556163821,7.100974459392487e-11
8.137931034482758,6.551724137931035,0.7720863301195254,0.9590124942537263,2,0.3272742999967722,2.0553770703032264,2.2066754115483143,2.4869004302914494e-8
8.137931034482758,6.551724137931035,0.7720863301195254,0.9590124942537263,3,0.3199907316864524,1.8899963420370978,2.1890604866498045,1.0131411155668427e-9
9.241379310344827,5.310344827586207,0.6798969175679404,1.1831972331701817,1,0.12432060567611247,1.1031787313945274,1.1962812118179253,9.709462811957159e-10
9.241379310344827,5.310344827586207,0.6798969175679404,1.1831972331701817,2,0.31029127510101523,2.1424366704945803,2.1970671335489094,3.087750526140497e-9
9.241379310344827,5.310344827586207,0.6798969175679404,1.1831972331701817,3,0.19626413932668585,1.2775900976144112,1.5053398446451967,2.4975759434292655e-11
10.758620689655173,6.241379310344827,0.5840140189365641,1.0066981983878895,1,0.0965840873227024,1.0565833728131637,1.0997763966908856,1.664063765959685e-12
10.758620689655173,6.241379310344827,0.5840140189365641,1.0066981983878895,2,0.3153540029492042,2.0101548601697337,2.0792998074202034,9.021878546170809e-11
10.758620689655173,6.241379310344827,0.5840140189365641,1.0066981983878895,3,0.20603263476704983,1.2955514505629866,1.4890260880280315,4.890951469591245e-9
9.655172413793103,7.793103448275862,0.6507584782436,0.8062494420717168,1,0.3231818592635616,1.8975373856146398,2.0285483574747207,2.76652512208598e-9
9.655172413793103,7.793103448275862,0.6507584782436,0.8062494420717168,2,0.09456917689016854,1.0466229672493335,1.089725935773447,1.4150777910490527e-10
9.655172413793103,7.793103448275862,0.6507584782436,0.8062494420717168,3,0.3059949504592476,1.7012704884749075,1.9142439049681497,2.385811726043209e-10
9.655172413793103,7.793103448275862,0.6507584782436,0.8062494420717168,4,0.324547193210578,1.742395345341245,2.1253510990948863,1.3196566742422825e-12
9.655172413793103,7.793103448275862,0.6507584782436,0.8062494420717168,5,0.34952680347714626,1.8797239564309167,2.2714073708227582,3.958656252788456e-10
8.689655172413794,6.0344827586206895,0.7230649758262222,1.04121356518976,1,0.10412364339631706,1.0686084979300998,1.1331722120723322,1.506078816307789e-10
8.689655172413794,6.0344827586206895,0.7230649758262222,1.04121356518976,2,0.32050256397475,2.089572577602399,2.1952886989778526,2.8036421613191214e-11
8.689655172413794,6.0344827586206895,0.7230649758262222,1.04121356518976,3,0.28578535412471157,1.6766432823776807,1.998167925866146,4.188842194449061e-12
11.310344827586206,5.517241379310345,0.5555255302079513,1.1388273369263,1,0.1075154862188593,1.073621979087204,1.1273153772630085,1.3209822768030173e-8
11.310344827586206,5.517241379310345,0.5555255302079513,1.1388273369263,2,0.30782454419514244,2.058881626709769,2.1032431739651285,1.3613410623992566e-11
11.724137931034482,7.896551724137931,0.5359187467888471,0.7956872223065852,1,0.09237756940543396,1.042577144733507,1.0743103396883293,8.812734574849934e-14
11.724137931034482,7.896551724137931,0.5359187467888471,0.7956872223065852,2,0.32923164103540353,1.8814226661655669,1.982676760809992,7.4491434720049205e-9
11.724137931034482,7.896551724137931,0.5359187467888471,0.7956872223065852,3,0.25971428500458155,1.473036400442374,1.6438162853658653,5.467804412629349e-13
10.206896551724139,7.068965517241379,0.6155823442844864,0.888840848332722,1,0.09254227125024367,1.0481272086551654,1.088042187128552,9.882354204229568e-8
10.206896551724139,7.068965517241379,0.6155823442844864,0.888840848332722,2,0.2728878983113807,1.560067421550515,1.7907656900915603,1.7636894402423046e-10
10.206896551724139,7.068965517241379,0.6155823442844864,0.888840848332722,3,0.32069896564304035,1.9481677508799868,2.051088344289595,6.777237716019478e-11
8.137931034482758,6.655172413793103,0.7720863301195254,0.9441055642912332,1,0.09987612276376027,1.0592610896883603,1.1200500075127846,9.220926388227777e-8
8.137931034482758,6.655172413793103,0.7720863301195254,0.9441055642912332,2,0.3275921856021764,2.0437416179820618,2.1992545550309632,4.009973502874958e-9
8.137931034482758,6.655172413793103,0.7720863301195254,0.9441055642912332,3,0.32250378477561226,1.9020144593548127,2.1934359649583763,7.472803332817461e-13
9.241379310344827,5.413793103448276,0.6798969175679404,1.1605883688420893,1,0.31155463270238426,2.132629061678375,2.1922025098383338,2.8120964754385274e-13
9.241379310344827,5.413793103448276,0.6798969175679404,1.1605883688420893,2,0.1194351406009692,1.0944480497006162,1.179398643792133,8.855063071241149e-12
9.241379310344827,5.413793103448276,0.6798969175679404,1.1605883688420893,3,0.21503015162765582,1.3434941892522332,1.6030847511340665,3.00406849757071e-9
10.758620689655173,6.344827586206897,0.5840140189365641,0.9902846408054782,1,0.09560911255946401,1.05490705363171,1.0968766641290988,1.0132691275798147e-11
10.758620689655173,6.344827586206897,0.5840140189365641,0.9902846408054782,2,0.31622673106663235,2.0012848240643706,2.0737921811529754,6.373797842246979e-13
10.758620689655173,6.344827586206897,0.5840140189365641,0.9902846408054782,3,0.215968723500293,1.3300484167396007,1.5334066279634468,1.1525034262835379e-12
10.758620689655173,6.344827586206897,0.5840140189365641,0.9902846408054782,4,0.5509178571772039,3.587442081785809,3.500376706198018,5.322411533277063e-13
9.655172413793103,7.896551724137931,0.6507584782436,0.7956872223065852,1,0.09500188549119797,1.0465002402257615,1.089838466838684,6.12584157114475e-10
9.655172413793103,7.896551724137931,0.6507584782436,0.7956872223065852,2,0.3234174539629972,1.8898874613009067,2.022835469723871,3.0487437386086893e-12
9.655172413793103,7.896551724137931,0.6507584782436,0.7956872223065852,3,0.3083969843816649,1.7088493227340225,1.9172785916396404,2.8172569536789354e-11
9.655172413793103,7.896551724137931,0.6507584782436,0.7956872223065852,4,0.35671727390775787,1.9184671616899385,2.3078734192094656,2.0064028917988648e-8
11.724137931034482,8.0,0.5359187467888471,0.7853981633974483,1,0.09263812274456998,1.0423298608384477,1.0740857684576828,6.747522065842639e-13
11.724137931034482,8.0,0.5359187467888471,0.7853981633974483,2,0.2632904107492853,1.484797915003685,1.6537566724865833,1.1636318892450827e-9
11.724137931034482,8.0,0.5359187467888471,0.7853981633974483,3,0.3297883980128203,1.8753775489833644,1.9786787389163845,1.186213770273803e-10
8.689655172413794,6.137931034482759,0.7230649758262222,1.0236650219562247,1,0.10235809348543856,1.065670527653446,1.1275378751323921,5.2381296121054524e-14
8.689655172413794,6.137931034482759,0.7230649758262222,1.0236650219562247,2,0.3210291424871569,2.0776166990072715,2.1881826165131093,5.85494315563077e-10
8.689655172413794,6.137931034482759,0.7230649758262222,1.0236650219562247,3,0.2894838443813242,1.6945021703357661,2.0114126714069185,3.889117781802548e-10
11.310344827586206,5.620689655172414,0.5555255302079513,1.117867324590233,1,0.30911788721171396,2.051470148786332,2.0977025986373787,7.392930312235268e-11
11.310344827586206,5.620689655172414,0.5555255302079513,1.117867324590233,2,0.10538504812325368,1.0702403786693628,1.1213309070294384,1.5549705108494623e-11
11.310344827586206,5.620689655172414,0.5555255302079513,1.117867324590233,3,0.12115361246344743,1.0916153250400629,1.161114238545299,2.194440577572017e-12
10.206896551724139,7.172413793103448,0.6155823442844864,0.8760210284048462,1,0.09244296472061646,1.0474834982495982,1.0870894719137594,1.2241953588100456e-10
10.206896551724139,7.172413793103448,0.6155823442844864,0.8760210284048462,2,0.32119761766727173,1.9398276373368697,2.0454761886074606,2.1887445967262456e-9
10.206896551724139,7.172413793103448,0.6155823442844864,0.8760210284048462,3,0.2761558907068446,1.5724185584896733,1.799729518385069,2.207353722212095e-9
8.137931034482758,6.758620689655173,0.7720863301195254,0.9296549689194286,1,0.0994360909781649,1.0580512120440395,1.11799256490168,5.574734679615302e-13
8.137931034482758,6.758620689655173,0.7720863301195254,0.9296549689194286,2,0.32790053050196366,2.032356221227024,2.1918810740098524,3.209868952420324e-10
8.137931034482758,6.758620689655173,0.7720863301195254,0.9296549689194286,3,0.3249297451428033,1.91323893996648,2.196997929691249,5.109398518766486e-9
9.241379310344827,5.517241379310345,0.6798969175679404,1.1388273369263,1,0.11523514500448209,1.0872286850032964,1.1654097479409415,3.5782720349038065e-8
9.241379310344827,5.517241379310345,0.6798969175679404,1.1388273369263,2,0.3126964950559949,2.1222799903766605,2.1869303773398583,9.891556758964674e-9
9.241379310344827,5.517241379310345,0.6798969175679404,1.1388273369263,3,0.22848914201562234,1.3963609060251665,1.6743388657564826,9.64153176684278e-13
9.655172413793103,8.0,0.6507584782436,0.7853981633974483,1,0.09549195695437394,1.04643159328262,1.090064803145129,2.7315288459459654e-8
9.655172413793103,8.0,0.6507584782436,0.7853981633974483,2,0.3625777895729369,1.9518670230051498,2.337215794439902,5.1996762824279405e-9
9.655172413793103,8.0,0.6507584782436,0.7853981633974483,3,0.32363374065940703,1.8824237814595648,2.0172090577717894,4.222934101957643e-13
9.655172413793103,8.0,0.6507584782436,0.7853981633974483,4,0.321346131754211,1.7142730488827436,2.0935820656220354,1.1606074635808482e-8
10.758620689655173,6.448275862068965,0.5840140189365641,0.9743977214342674,1,0.09477376236906358,1.0534108470322714,1.094317571666513,5.251485825674096e-13
10.758620689655173,6.448275862068965,0.5840140189365641,0.9743977214342674,2,0.22425589273324265,1.3602145236366532,1.5699016395644227,4.86688199459498e-9
10.758620689655173,6.448275862068965,0.5840140189365641,0.9743977214342674,3,0.31705807991558654,1.992494449470616,2.0683052208455517,3.32240768511806e-11
8.689655172413794,6.241379310344827,0.7230649758262222,1.0066981983878895,1,0.10089408680568128,1.0631776497528351,1.122814501236416,7.474310764038828e-12
8.689655172413794,6.241379310344827,0.7230649758262222,1.0066981983878895,2,0.3215098009208161,2.065814200814063,2.180994509092879,7.93946155986722e-10
8.689655172413794,6.241379310344827,0.7230649758262222,1.0066981983878895,3,0.2929093675756286,1.7108255698442054,2.022635509541858,9.204274246657978e-14
11.310344827586206,5.724137931034483,0.5555255302079513,1.097664903061494,1,0.10345208732305514,1.0671844235047698,1.115939895174622,9.530021486256824e-8
11.310344827586206,5.724137931034483,0.5555255302079513,1.097664903061494,2,0.125637675328544,1.0978976313692448,1.1727019606759022,2.749373193952502e-9
11.310344827586206,5.724137931034483,0.5555255302079513,1.097664903061494,3,0.3103639173925836,2.043672751227615,2.0922195677268576,1.4675949154714296e-13
11.862068965517242,5.0,0.529687133454093,1.2566370614359172,1,0.3022610556527986,2.070763572345006,2.126794918275987,7.46274069658956e-11
11.862068965517242,5.0,0.529687133454093,1.2566370614359172,2,0.10315277141695456,1.0723863346367724,1.119147686013503,3.748587057440966e-11
10.206896551724139,7.275862068965517,0.6155823442844864,0.8635657531194693,1,0.09242162581583216,1.0469234534973524,1.086299260544238,5.737557506068173e-11
10.206896551724139,7.275862068965517,0.6155823442844864,0.8635657531194693,2,0.2792820161535324,1.5839930443503827,1.807751927337129,1.1463249923655e-8
10.206896551724139,7.275862068965517,0.6155823442844864,0.8635657531194693,3,0.3216695485374259,1.9316525459852414,2.0399220044490334,2.9094964498048962e-11
8.137931034482758,6.862068965517241,0.7720863301195254,0.9156400698904925,1,0.09915401596837661,1.0570329456695984,1.1163456599338084,3.497751406256002e-13
8.137931034482758,6.862068965517241,0.7720863301195254,0.9156400698904925,2,0.3226109266808108,1.7956065133419776,2.2414532480733182,5.845944853365289e-9
8.137931034482758,6.862068965517241,0.7720863301195254,0.9156400698904925,3,0.3282025970749329,2.0212182254877376,2.1845625709223038,3.9745742965098114e-10
8.137931034482758,6.862068965517241,0.7720863301195254,0.9156400698904925,4,0.3272800550699265,1.9237299098972056,2.199838774387847,1.1730286928590302e-9
8.137931034482758,6.862068965517241,0.7720863301195254,0.9156400698904925,5,0.3320856030864942,1.8460759773590312,2.301617726397024,1.6018447953529321e-12
9.241379310344827,5.620689655172414,0.6798969175679404,1.117867324590233,1,0.11164779589239694,1.081240383858396,1.1538135131370741,1.5967855749745022e-13
9.241379310344827,5.620689655172414,0.6798969175679404,1.117867324590233,2,0.3137299897347344,2.1115704028868727,2.1813149665082943,1.6229079417175945e-10
9.241379310344827,5.620689655172414,0.6798969175679404,1.117867324590233,3,0.2387673686655112,1.439510520405073,1.7279993641358968,1.201788714464089e-8
10.758620689655173,6.551724137931035,0.5840140189365641,0.9590124942537263,1,0.09406602801005275,1.0520747891639741,1.0920612668517875,6.828232973156321e-8
10.758620689655173,6.551724137931035,0.5840140189365641,0.9590124942537263,2,0.31785074890926895,1.9838037689497914,2.062846992972612,7.674886099314096e-13
10.758620689655173,6.551724137931035,0.5840140189365641,0.9590124942537263,3,0.23133303762324245,1.3867628078885614,1.6002553561114077,9.197132350438763e-12
9.793103448275861,5.0,0.6415928658739719,1.2566370614359172,1,0.11823360799244817,1.095494369392254,1.1754282141264834,3.966057087708003e-10
9.793103448275861,5.0,0.6415928658739719,1.2566370614359172,2,0.3028133769186827,2.1371044826963144,2.17878157811871,2.974291014599999e-14
10.206896551724139,7.379310344827586,0.6155823442844864,0.8514596911598504,1,0.0924731624891888,1.0464401392730824,1.0856584541826955,9.793255693308588e-8
10.206896551724139,7.379310344827586,0.6155823442844864,0.8514596911598504,2,0.32211562024523144,1.9236444478465178,2.0344300848726684,2.784921505588586e-10
10.206896551724139,7.379310344827586,0.6155823442844864,0.8514596911598504,3,0.2822896602061858,1.5948906438399282,1.8149776687103638,6.092687877526164e-11
8.689655172413794,6.344827586206897,0.7230649758262222,0.9902846408054782,1,0.09968855655965514,1.0610506839468807,1.1188419237182798,1.8304128496773297e-8
8.689655172413794,6.344827586206897,0.7230649758262222,0.9902846408054782,2,0.3219504981253654,2.0541849141186446,2.1737490460069413,1.9805930154680254e-13
8.689655172413794,6.344827586206897,0.7230649758262222,0.9902846408054782,3,0.5821558748389954,3.9897435918754347,3.825957813337289,5.158673843457439e-9
8.689655172413794,6.344827586206897,0.7230649758262222,0.9902846408054782,4,0.2961057807976731,1.7258059449218761,2.032128601910806,3.6715035159532166e-11
11.310344827586206,5.827586206896552,0.5555255302079513,1.0781797272675029,1,0.10171125951389982,1.064430296257554,1.1111021983939409,3.3280409511020386e-9
11.310344827586206,5.827586206896552,0.5555255302079513,1.0781797272675029,2,0.13100979042083363,1.1061229064628622,1.1875052011152611,4.365294520903786e-12
11.310344827586206,5.827586206896552,0.5555255302079513,1.0781797272675029,3,0.3115599800890096,2.0356040021951087,2.0867758792842723,1.62686130236526e-14
11.862068965517242,5.103448275862069,0.529687133454093,1.2311646885689729,1,0.1045890627337245,1.072900228044987,1.120999600981806,1.8792218349534714e-8
11.862068965517242,5.103448275862069,0.529687133454093,1.2311646885689729,2,0.3032653476162521,2.068360904122236,2.1183155145011585,3.055265304916492e-8
8.137931034482758,6.9655172413793105,0.7720863301195254,0.9020414549911286,1,0.09901448089797692,1.0561823696464159,1.1150602443367355,1.1002090475846338e-11
8.137931034482758,6.9655172413793105,0.7720863301195254,0.9020414549911286,2,0.3192567750286672,1.7720599526941925,2.2132530051625414,1.4190147994307497e-9
8.137931034482758,6.9655172413793105,0.7720863301195254,0.9020414549911286,3,0.3285011367811698,2.010322580492637,2.1773040323507047,6.003495112593415e-12
8.137931034482758,6.9655172413793105,0.7720863301195254,0.9020414549911286,4,0.3295648172723539,1.93354398141522,2.202043305586076,4.05267157286715e-13
8.137931034482758,6.9655172413793105,0.7720863301195254,0.9020414549911286,5,0.3420311161764661,1.8954042243545355,2.3585100363940965,9.814193631759649e-10
9.241379310344827,5.724137931034483,0.6798969175679404,1.097664903061494,1,0.10859099074798609,1.076240076392814,1.1441584710762351,8.458735291069409e-8
9.241379310344827,5.724137931034483,0.6798969175679404,1.097664903061494,2,0.31466764268903974,2.100637706384272,2.1754158586941568,7.073245621838591e-11
9.241379310344827,5.724137931034483,0.6798969175679404,1.097664903061494,3,0.24704198758733642,1.47565882724175,1.7698944700331967,4.205938203383965e-12
10.758620689655173,6.655172413793103,0.5840140189365641,0.9441055642912332,1,0.09347528337718031,1.0508821631316536,1.0900753417127391,1.896740417422218e-8
10.758620689655173,6.655172413793103,0.5840140189365641,0.9441055642912332,2,0.3186071121482335,1.9752281586169653,2.0574246554629627,1.6948032336467743e-14
10.758620689655173,6.655172413793103,0.5840140189365641,0.9441055642912332,3,0.23751053987873155,1.4103472471992184,1.6258396989690123,5.826843928438502e-12
9.793103448275861,5.103448275862069,0.6415928658739719,1.2311646885689729,1,0.1240601319763499,1.1035373964851858,1.1918601882020776,2.2785305416652494e-10
9.793103448275861,5.103448275862069,0.6415928658739719,1.2311646885689729,2,0.3043991353146943,2.1319582916402853,2.174449367895053,1.866802615002675e-9
10.206896551724139,7.482758620689655,0.6155823442844864,0.8396883590240001,1,0.09259295549501174,1.046027532265689,1.0851554520442566,5.280811685189032e-12
10.206896551724139,7.482758620689655,0.6155823442844864,0.8396883590240001,2,0.32253658368995075,1.9158051425566682,2.0290043902598787,9.4518504708797e-11
8.689655172413794,6.448275862068965,0.7230649758262222,0.9743977214342674,1,0.09870715111896092,1.0592290130844648,1.115497057273582,1.459151132435844e-11
8.689655172413794,6.448275862068965,0.7230649758262222,0.9743977214342674,2,0.3223562798594617,2.042742510743464,2.1664664098875126,2.2890814892112458e-8
8.689655172413794,6.448275862068965,0.7230649758262222,0.9743977214342674,3,0.29910831505616664,1.7396000402394143,2.0401304717452624,3.419615980247854e-11
11.310344827586206,5.931034482758621,0.5555255302079513,1.059374266908186,1,0.1001532003182686,1.061951119823522,1.1067713944982844,9.84707505173545e-10
11.310344827586206,5.931034482758621,0.5555255302079513,1.059374266908186,2,0.3127059668601835,2.027355758320133,2.08136391717056,7.219387452603584e-9
11.310344827586206,5.931034482758621,0.5555255302079513,1.059374266908186,3,0.13757052266781447,1.1171322714395528,1.2068401425603188,4.5523502059657617e-10
11.862068965517242,5.206896551724138,0.529687133454093,1.2067044629682648,1,0.10621750255180652,1.0737893952335476,1.1234173315751166,6.181999825365024e-9
11.862068965517242,5.206896551724138,0.529687133454093,1.2067044629682648,2,0.30447732476783146,2.0648785797575693,2.1109905190375553,9.48315915627566e-13
11.862068965517242,5.206896551724138,0.529687133454093,1.2067044629682648,3,0.47451827011348535,2.985142324467131,3.07068465989304,3.2336439871324947e-9
8.137931034482758,7.068965517241379,0.7720863301195254,0.888840848332722,1,0.0990048325432938,1.0554801333775676,1.1140971066290213,2.895678489664805e-10
8.137931034482758,7.068965517241379,0.7720863301195254,0.888840848332722,2,0.3191665610565171,1.7652477455408113,2.2055985315386364,2.6739136307708232e-8
8.137931034482758,7.068965517241379,0.7720863301195254,0.888840848332722,3,0.3287984843963407,1.9996624291568523,2.1701084041572027,7.589398795443314e-11
8.137931034482758,7.068965517241379,0.7720863301195254,0.888840848332722,4,0.3317930726265399,1.94273556375718,2.2036904339073633,2.1960492435647573e-10
9.241379310344827,5.827586206896552,0.6798969175679404,1.0781797272675029,1,0.10598835541973575,1.0720328338845173,1.1360729229756261,1.612576575325747e-11
9.241379310344827,5.827586206896552,0.6798969175679404,1.0781797272675029,2,0.2539611235845822,1.5065916822611276,1.803499966081345,7.995435842765554e-13
9.241379310344827,5.827586206896552,0.6798969175679404,1.0781797272675029,3,0.3155209110649185,2.0895866998153405,2.1692863028808995,7.463708666513333e-14
10.758620689655173,6.758620689655173,0.5840140189365641,0.9296549689194286,1,0.09299176659864193,1.0498176901876553,1.0883312132459724,2.1248603211246892e-10
10.758620689655173,6.758620689655173,0.5840140189365641,0.9296549689194286,2,0.31932923052599566,1.96677934314688,2.0520444879280504,4.196138853462682e-10
10.758620689655173,6.758620689655173,0.5840140189365641,0.9296549689194286,3,0.2430041980980377,1.4314957333656309,1.6476734861555462,1.737582122855823e-12
9.793103448275861,5.206896551724138,0.6415928658739719,1.2067044629682648,1,0.13166094423143315,1.1153767899470735,1.215215893370649,4.777832029738757e-13
9.793103448275861,5.206896551724138,0.6415928658739719,1.2067044629682648,2,0.30591950906577,2.1253235921208846,2.170010006063902,9.1070318693634e-11
10.206896551724139,7.586206896551724,0.6155823442844864,0.8282380632191273,1,0.0927771580693354,1.0456803156377317,1.084780772593803,1.342476112167533e-9
10.206896551724139,7.586206896551724,0.6155823442844864,0.8282380632191273,2,0.3229331378685565,1.908136527639284,2.023648784348382,6.381290401412679e-11
10.206896551724139,7.586206896551724,0.6155823442844864,0.8282380632191273,3,0.2880241627837761,1.6149833634264916,1.8275072290613585,3.170914559745255e-9
8.689655172413794,6.551724137931035,0.7230649758262222,0.9590124942537263,1,0.09792213923760137,1.0576653154923972,1.112683895875517,7.45972121494695e-12
8.689655172413794,6.551724137931035,0.7230649758262222,0.9590124942537263,2,0.32273131725770965,2.031496054414477,2.159162397161564,1.3559054074973993e-13
8.689655172413794,6.551724137931035,0.7230649758262222,0.9590124942537263,3,0.3019458014774299,1.7523382525197722,2.0468400938407894,9.893995570545772e-10
11.310344827586206,6.0344827586206895,0.5555255302079513,1.04121356518976,1,0.09876723713618134,1.0597212263021145,1.1029011527934551,1.1554138548339047e-10
11.310344827586206,6.0344827586206895,0.5555255302079513,1.04121356518976,2,0.31380317580286987,2.019001087262409,2.075982058666078,1.0681618771199973e-9
11.310344827586206,6.0344827586206895,0.5555255302079513,1.04121356518976,3,0.1457294390363806,1.132239800441993,1.232667880710748,6.055843181210049e-9
11.862068965517242,5.310344827586207,0.529687133454093,1.1831972331701817,1,0.10805676708343988,1.0750824422743097,1.1264583873492395,1.7300922039058213e-8
11.862068965517242,5.310344827586207,0.529687133454093,1.1831972331701817,2,0.30579139247632126,2.0603465980299323,2.104379349989663,1.0440239740194286e-9
8.137931034482758,7.172413793103448,0.7720863301195254,0.8760210284048462,1,0.09911457095985159,1.0549104595027234,1.1134245888553238,1.1662005474081447e-11
8.137931034482758,7.172413793103448,0.7720863301195254,0.8760210284048462,2,0.3339730439587465,1.9513577668845823,2.204854567161772,9.277885395927256e-11
8.137931034482758,7.172413793103448,0.7720863301195254,0.8760210284048462,3,0.3290965754691976,1.989229292796348,2.162976711968998,3.490329694962153e-11
8.137931034482758,7.172413793103448,0.7720863301195254,0.8760210284048462,4,0.3200351561889057,1.763192066656032,2.2039044710328737,1.3225862062284914e-12
8.137931034482758,7.172413793103448,0.7720863301195254,0.8760210284048462,5,0.50552701728963,3.113900573279646,3.2113285944629335,3.9567164019713617e-14
10.758620689655173,6.862068965517241,0.5840140189365641,0.9156400698904925,1,0.09260698743166965,1.0488686598460601,1.0868046126667514,1.4762493035468403e-10
10.758620689655173,6.862068965517241,0.5840140189365641,0.9156400698904925,2,0.32001887593865913,1.9584662215690987,2.046711967435236,2.406853785816442e-9
10.758620689655173,6.862068965517241,0.5840140189365641,0.9156400698904925,3,0.24796680983635555,1.4506237998930063,1.6665131643758546,7.210993228646594e-10
9.241379310344827,5.931034482758621,0.6798969175679404,1.059374266908186,1,0.10377422484217398,1.0684663056850268,1.1292625970078314,4.434917998068444e-10
9.241379310344827,5.931034482758621,0.6798969175679404,1.059374266908186,2,0.31629998160361494,2.07849715359089,2.1629727072002076,6.32308921753337e-9
9.241379310344827,5.931034482758621,0.6798969175679404,1.059374266908186,3,0.25990957063197273,1.5335031952834044,1.8309859002237876,2.200550704116871e-8
9.793103448275861,5.310344827586207,0.6415928658739719,1.1831972331701817,1,0.1191787363001101,1.093962152191093,1.1742188592186649,1.1435149501885534e-8
9.793103448275861,5.310344827586207,0.6415928658739719,1.1831972331701817,2,0.3073485193132042,2.117567937887618,2.165350687231504,1.0876987304560266e-11
9.793103448275861,5.310344827586207,0.6415928658739719,1.1831972331701817,3,0.14213917099789414,1.1339780888935984,1.25065657152988,1.988069341919944e-8
10.206896551724139,7.689655172413793,0.6155823442844864,0.817095847122009,1,0.0930222669760437,1.0453939182268215,1.0845259586828735,1.0477039150608774e-8
10.206896551724139,7.689655172413793,0.6155823442844864,0.817095847122009,2,0.32330596419904195,1.9006407508888987,2.0183670863106187,3.252155885106271e-11
10.206896551724139,7.689655172413793,0.6155823442844864,0.817095847122009,3,0.29078103539033323,1.6243145214798167,1.8330013822914815,2.516458174397505e-12
8.689655172413794,6.655172413793103,0.7230649758262222,0.9441055642912332,1,0.09731087662402767,1.0563222687636078,1.110326604125703,4.191771870000137e-9
8.689655172413794,6.655172413793103,0.7230649758262222,0.9441055642912332,2,0.3230791815495386,2.0204505817921237,2.151850360306936,9.872924354428045e-11
11.310344827586206,6.137931034482759,0.5555255302079513,1.0236650219562247,1,0.09754176954762153,1.0577159272169054,1.099446451864068,4.3264486077017085e-8
11.310344827586206,6.137931034482759,0.5555255302079513,1.0236650219562247,2,0.15590985247271696,1.1532500354784805,1.2674333711425259,1.7345703105445745e-10
11.310344827586206,6.137931034482759,0.5555255302079513,1.0236650219562247,3,0.31485364064177807,2.0105978952450227,2.0706321343892498,5.675251757437795e-12
11.862068965517242,5.413793103448276,0.529687133454093,1.1605883688420893,1,0.10907687673165159,1.0755088367955175,1.1277613136743354,5.563591035378425e-11
11.862068965517242,5.413793103448276,0.529687133454093,1.1605883688420893,2,0.3071429178929757,2.054907297778395,2.098210298883046,9.672447595401225e-10
8.137931034482758,7.275862068965517,0.7720863301195254,0.8635657531194693,1,0.09933495015456695,1.0544603934666397,1.1130170395685826,2.7300678238942705e-10
8.137931034482758,7.275862068965517,0.7720863301195254,0.8635657531194693,2,0.3293969612022933,1.9790132408163013,2.155908208290668,2.1380196566505598e-9
8.137931034482758,7.275862068965517,0.7720863301195254,0.8635657531194693,3,0.3213763339529593,1.7634368332637291,2.2051159929766313,4.931510968448168e-13
8.137931034482758,7.275862068965517,0.7720863301195254,0.8635657531194693,4,0.3572997543037087,1.9714764938023523,2.4402216973756454,8.518495539943498e-9
10.758620689655173,6.9655172413793105,0.5840140189365641,0.9020414549911286,1,0.3206775504018216,1.9502954728151023,2.041431823626918,1.7582915128832067e-11
10.758620689655173,6.9655172413793105,0.5840140189365641,0.9020414549911286,2,0.092313318219515,1.0480239261639903,1.085474408397893,8.164083263739408e-13
10.758620689655173,6.9655172413793105,0.5840140189365641,0.9020414549911286,3,0.25250935372155076,1.4680591627226733,1.6829286767248832,8.352833892445408e-9
9.241379310344827,6.0344827586206895,0.6798969175679404,1.04121356518976,1,0.10189357623371251,1.0654225391491123,1.1234966400260653,6.433205658085347e-9
9.241379310344827,6.0344827586206895,0.6798969175679404,1.04121356518976,2,0.26513228683760487,1.5572235840165112,1.8537832704460984,1.832720542535225e-8
9.241379310344827,6.0344827586206895,0.6798969175679404,1.04121356518976,3,0.3170137328528285,2.067429595536704,2.156514704487433,3.0849794063623398e-12
10.206896551724139,7.793103448275862,0.6155823442844864,0.8062494420717168,1,0.09332520467388229,1.045164327652121,1.084383742185398,6.386057425966405e-11
10.206896551724139,7.793103448275862,0.6155823442844864,0.8062494420717168,2,0.32365577271871016,1.8933203851337574,2.0131631767731415,4.6865631312888285e-11
10.206896551724139,7.793103448275862,0.6155823442844864,0.8062494420717168,3,0.2934806084859236,1.6332448055307551,1.8380860706998856,1.6926224021525073e-11
9.793103448275861,5.413793103448276,0.6415928658739719,1.1605883688420893,1,0.11533988273101975,1.0873738788766056,1.1617374716194335,1.6485689183334613e-8
9.793103448275861,5.413793103448276,0.6415928658739719,1.1605883688420893,2,0.30867809866169077,2.1089840312073402,2.160436643765739,9.967918920319748e-14
9.793103448275861,5.413793103448276,0.6415928658739719,1.1605883688420893,3,0.15736771281049947,1.1655438647475784,1.3082619931105997,1.3576195476108765e-10
11.310344827586206,6.241379310344827,0.5555255302079513,1.0066981983878895,1,0.16808041093172538,1.1815144259930443,1.3122789180423808,1.3861394969018595e-8
11.310344827586206,6.241379310344827,0.5555255302079513,1.0066981983878895,2,0.09646520498454944,1.0559125871012573,1.0963654475931286,8.690881688503555e-8
11.310344827586206,6.241379310344827,0.5555255302079513,1.0066981983878895,3,0.3158597150579936,2.0021918908208884,2.065317742594389,5.123848872366221e-13
8.689655172413794,6.758620689655173,0.7230649758262222,0.9296549689194286,1,0.09685470155259492,1.0551700177334138,1.1083646033352874,3.453529731771052e-12
8.689655172413794,6.758620689655173,0.7230649758262222,0.9296549689194286,2,0.30721787496806297,1.7750756895943045,2.057037016019779,1.6943189929234155e-14
8.689655172413794,6.758620689655173,0.7230649758262222,0.9296549689194286,3,0.3234027664634523,2.009608348712705,2.1445405325906357,1.273659532645695e-8
11.862068965517242,5.517241379310345,0.529687133454093,1.1388273369263,1,0.11247270477061479,1.0790698302587243,1.134754651967505,1.4650515289728559e-8
11.862068965517242,5.517241379310345,0.529687133454093,1.1388273369263,2,0.30849393172632583,2.048731587694736,2.0923218164794926,2.3533174690195937e-13
8.137931034482758,7.379310344827586,0.7720863301195254,0.8514596911598504,1,0.09965867831253471,1.054119255392644,1.1128536698226392,1.7095769162659406e-12
8.137931034482758,7.379310344827586,0.7720863301195254,0.8514596911598504,2,0.3297008383256295,1.969003135277013,2.1489005417902343,6.485100725645197e-10
8.137931034482758,7.379310344827586,0.7720863301195254,0.8514596911598504,3,0.3229894571141572,1.7649977623577102,2.2079873052572743,8.384045444457904e-10
8.137931034482758,7.379310344827586,0.7720863301195254,0.8514596911598504,4,0.3935097523948713,2.4185202869725426,2.6644797188469744,9.040163942536609e-11
8.137931034482758,7.379310344827586,0.7720863301195254,0.8514596911598504,5,0.36096288615186767,1.9927421320506307,2.459840063660147,1.584840702426531e-10
10.758620689655173,7.068965517241379,0.5840140189365641,0.888840848332722,1,0.09210400624489258,1.0472737962873486,1.084322353156605,1.854993366090815e-8
10.758620689655173,7.068965517241379,0.5840140189365641,0.888840848332722,2,0.32130654069690123,1.9422722079286436,2.0362082524994882,1.916867596380362e-11
10.758620689655173,7.068965517241379,0.5840140189365641,0.888840848332722,3,0.25671447693903393,1.4840628781924932,1.6973571993435703,1.3252319453034122e-11
9.241379310344827,6.137931034482759,0.6798969175679404,1.0236650219562247,1,0.3176698937397982,2.056429991092669,2.149946293263481,1.5691207126755504e-12
9.241379310344827,6.137931034482759,0.6798969175679404,1.0236650219562247,2,0.10030084081895602,1.0628098241670223,1.1185941472390515,1.6761180190276295e-8
9.241379310344827,6.137931034482759,0.6798969175679404,1.0236650219562247,3,0.2697949080470349,1.5783543089216314,1.8728857913161416,5.291812396023376e-11
10.206896551724139,7.896551724137931,0.6155823442844864,0.7956872223065852,1,0.09368333304512219,1.0449880637572355,1.0843480014974103,6.818674315973117e-11
10.206896551724139,7.896551724137931,0.6155823442844864,0.7956872223065852,2,0.3239833453577295,1.886178561495715,2.008041089268969,5.739736719199845e-9
10.206896551724139,7.896551724137931,0.6155823442844864,0.7956872223065852,3,0.29613287103004265,1.6418221481767534,1.842825799520001,7.221531961950409e-12
9.793103448275861,5.517241379310345,0.6415928658739719,1.1388273369263,1,0.11193343991871813,1.0816963174507594,1.150973423487505,1.7643602644236172e-10
9.793103448275861,5.517241379310345,0.6415928658739719,1.1388273369263,2,0.17785285722708022,1.216640364756527,1.395750341486015,9.426162707783561e-9
9.793103448275861,5.517241379310345,0.6415928658739719,1.1388273369263,3,0.30990919802682143,2.099801497446043,2.155271862749456,1.292639173126115e-9
11.310344827586206,6.344827586206897,0.5555255302079513,0.9902846408054782,1,0.09552614763967479,1.0542907410188547,1.0936196564513687,1.1969391366446259e-10
11.310344827586206,6.344827586206897,0.5555255302079513,0.9902846408054782,2,0.3168238080864177,1.9938189480666808,2.060043200088013,8.647694219745632e-13
11.310344827586206,6.344827586206897,0.5555255302079513,0.9902846408054782,3,0.5525130715280816,3.5717800891674267,3.4734233700816475,4.966743407051343e-11
11.310344827586206,6.344827586206897,0.5555255302079513,0.9902846408054782,4,0.18107747253777015,1.2155094939994178,1.3634441430593398,4.055401323767473e-10
8.689655172413794,6.862068965517241,0.7230649758262222,0.9156400698904925,1,0.09653811576502572,1.054184400646877,1.1067490470441022,1.3771063698420017e-9
8.689655172413794,6.862068965517241,0.7230649758262222,0.9156400698904925,2,0.3237044193726256,1.9989692363035303,2.1372407663577966,6.983597699102519e-11
8.689655172413794,6.862068965517241,0.7230649758262222,0.9156400698904925,3,0.3096901038796624,1.785256236038046,2.0607998610284457,3.3214530886937696e-9
11.862068965517242,5.620689655172414,0.529687133454093,1.117867324590233,1,0.10501185712908633,1.069053147468798,1.1166167126523279,2.1733208440390873e-10
11.862068965517242,5.620689655172414,0.529687133454093,1.117867324590233,2,0.3098227796504961,2.04198220666812,2.0866191801222573,5.071011690443816e-10
8.137931034482758,7.482758620689655,0.7720863301195254,0.8396883590240001,1,0.10007967443109547,1.053878204051102,1.1129176581135494,1.405864343467689e-11
8.137931034482758,7.482758620689655,0.7720863301195254,0.8396883590240001,2,0.3247740458356652,1.767399577270771,2.2119061583490427,7.81497473222507e-14
8.137931034482758,7.482758620689655,0.7720863301195254,0.8396883590240001,3,0.33000902253164754,1.9591866234915996,2.1419497609490135,6.967701420864995e-15
8.137931034482758,7.482758620689655,0.7720863301195254,0.8396883590240001,4,0.3869692509809177,2.3229459263072516,2.6251275428890093,5.797475096275371e-10
8.137931034482758,7.482758620689655,0.7720863301195254,0.8396883590240001,5,0.3644722034432986,2.0176376563777794,2.4794501860638376,1.4868740147163327e-9
10.758620689655173,7.172413793103448,0.5840140189365641,0.8760210284048462,1,0.09197300707230818,1.0466098675916988,1.08333256041844,4.688987517521006e-13
10.758620689655173,7.172413793103448,0.5840140189365641,0.8760210284048462,2,0.32190692823927153,1.9344003081456167,2.031044909356939,1.7012195053479239e-13
10.758620689655173,7.172413793103448,0.5840140189365641,0.8760210284048462,3,0.260645253671414,1.4988456916805042,1.710140633169925,1.2592710608823094e-11
9.241379310344827,6.241379310344827,0.6798969175679404,1.0066981983878895,1,0.09895849260009501,1.060556552871328,1.114413023934104,5.917295354979481e-10
9.241379310344827,6.241379310344827,0.6798969175679404,1.0066981983878895,2,0.31827507014554485,2.045532838171533,2.1432960136661636,1.7602556820739241e-13
9.241379310344827,6.241379310344827,0.6798969175679404,1.0066981983878895,3,0.27401447382062377,1.5973437674606377,1.8890106474270452,2.4081780547812504e-9
10.206896551724139,8.0,0.6155823442844864,0.7853981633974483,1,0.09409431381170703,1.0448620798963117,1.0844134322580232,5.430900711302705e-10
10.206896551724139,8.0,0.6155823442844864,0.7853981633974483,2,0.33353499530058156,1.7738885572562757,2.1384433220799877,3.503713045209316e-10
10.206896551724139,8.0,0.6155823442844864,0.7853981633974483,3,0.2987464176159534,1.650088598132378,1.8472763410662592,2.4991728023664478e-8
10.206896551724139,8.0,0.6155823442844864,0.7853981633974483,4,0.3242895900424173,1.8792191097499757,2.003004995816535,2.601326876601107e-10
10.206896551724139,8.0,0.6155823442844864,0.7853981633974483,5,0.34167830517076886,1.8177099856282737,2.1844950919256885,3.1127516720866212e-9
11.310344827586206,6.448275862068965,0.5555255302079513,0.9743977214342674,1,0.094714005246642,1.0528316347826319,1.0911747924539843,2.503178662277121e-8
11.310344827586206,6.448275862068965,0.5555255302079513,0.9743977214342674,2,0.3177482488821608,1.9855071502722694,2.0548130289780557,1.0715664860425202e-11
11.310344827586206,6.448275862068965,0.5555255302079513,0.9743977214342674,3,0.19323074654738204,1.2508265871677848,1.4135018120906235,4.4634065798241475e-12
8.689655172413794,6.9655172413793105,0.7230649758262222,0.9020414549911286,1,0.3120740157398973,1.7947499707153387,2.063830389897039,1.2147754039661123e-13
8.689655172413794,6.9655172413793105,0.7230649758262222,0.9020414549911286,2,0.09634819392029258,1.0533457251287799,1.105440322232348,3.601907352502427e-8
8.689655172413794,6.9655172413793105,0.7230649758262222,0.9020414549911286,3,0.323986038772471,1.988531313305466,2.129957534300227,1.0149469127952987e-8
9.793103448275861,5.620689655172414,0.6415928658739719,1.117867324590233,1,0.10893948415375972,1.0768140579396916,1.141730748626263,3.0696098081125288e-12
9.793103448275861,5.620689655172414,0.6415928658739719,1.117867324590233,2,0.31104711978974875,2.090199419337512,2.1498786802170895,2.2065249026074003e-13
9.793103448275861,5.620689655172414,0.6415928658739719,1.117867324590233,3,0.197723876348426,1.2761902933449234,1.4892447390051036,2.1125330629667367e-8
8.137931034482758,7.586206896551724,0.7720863301195254,0.8282380632191273,1,0.10059282739798257,1.0537298185502477,1.113195356872484,5.730764587795269e-8
8.137931034482758,7.586206896551724,0.7720863301195254,0.8282380632191273,2,0.41925282439696837,2.68199970463645,2.7392580302239824,5.347737108181433e-10
8.137931034482758,7.586206896551724,0.7720863301195254,0.8282380632191273,3,0.3266757093222309,1.7703991057395392,2.2165511164830756,7.458590797888418e-14
8.137931034482758,7.586206896551724,0.7720863301195254,0.8282380632191273,4,0.3303219882462514,1.9495504160860462,2.1350505233115684,1.8960306300318388e-10
8.137931034482758,7.586206896551724,0.7720863301195254,0.8282380632191273,5,0.36873353039071055,2.059509777013801,2.505363190128722,5.170719203162539e-12
8.137931034482758,7.586206896551724,0.7720863301195254,0.8282380632191273,6,0.3795308397568574,2.2120414666264443,2.577235355465418,2.247430829942981e-10
8.137931034482758,7.586206896551724,0.7720863301195254,0.8282380632191273,7,0.34235766717442073,1.9812186975451942,2.206076800386273,2.1538143988984403e-8
11.862068965517242,5.724137931034483,0.529687133454093,1.097664903061494,1,0.10322751056058307,1.066228680959065,1.111758305737642,2.5409366997000104e-8
11.862068965517242,5.724137931034483,0.529687133454093,1.097664903061494,2,0.3111175977193986,2.03480088744131,2.08104726423697,8.052024303503875e-12
10.758620689655173,7.275862068965517,0.5840140189365641,0.8635657531194693,1,0.09191503178055774,1.0460247635213755,1.082491372268854,3.535420843595694e-11
10.758620689655173,7.275862068965517,0.5840140189365641,0.8635657531194693,2,0.3224796360921461,1.9266828523817343,2.025945082188628,2.604334511864567e-13
10.758620689655173,7.275862068965517,0.5840140189365641,0.8635657531194693,3,0.2643507278892033,1.5125796312947033,1.7215503761052744,2.3364346139848177e-13
9.241379310344827,6.344827586206897,0.6798969175679404,0.9902846408054782,1,0.09783534421508454,1.058605989532754,1.1108403119931214,6.104744516738004e-11
9.241379310344827,6.344827586206897,0.6798969175679404,0.9902846408054782,2,0.31883490317688995,2.034763859484916,2.1365879217436254,5.079595804224842e-10
9.241379310344827,6.344827586206897,0.6798969175679404,0.9902846408054782,3,0.27787694063643115,1.6145358888854955,1.9026941887506106,1.7178401891435108e-11
10.344827586206897,5.0,0.6073745796940266,1.2566370614359172,1,0.11074934783651268,1.0837874425835512,1.1490240951503385,3.9010120062100745e-8
10.344827586206897,5.0,0.6073745796940266,1.2566370614359172,2,0.3013834932127319,2.1144454811580213,2.1577577839383952,6.091391430681689e-12
11.310344827586206,6.551724137931035,0.5555255302079513,0.9590124942537263,1,0.09401877627404932,1.0515189555585933,1.0890000092032237,6.842458397363101e-9
11.310344827586206,6.551724137931035,0.5555255302079513,0.9590124942537263,2,0.2037580876960568,1.2840392899231179,1.4577840344183803,4.1916365639527877e-10
11.310344827586206,6.551724137931035,0.5555255302079513,0.9590124942537263,3,0.318635202406633,1.9772783715980728,2.0496316030148978,5.414825938285609e-10
8.689655172413794,7.068965517241379,0.7230649758262222,0.888840848332722,1,0.09627393964697668,1.052637745006369,1.104405699501033,5.3238779759793856e-14
8.689655172413794,7.068965517241379,0.7230649758262222,0.888840848332722,2,0.31438286158504225,1.8036272439659622,2.066232286412178,5.387415128757207e-11
8.689655172413794,7.068965517241379,0.7230649758262222,0.888840848332722,3,0.3242491156969906,1.9782914305700559,2.1226956543816655,9.393086348161406e-12
9.793103448275861,5.724137931034483,0.6415928658739719,1.097664903061494,1,0.10632453917270891,1.0726118509502192,1.1338017501055204,1.3078620964863866e-10
9.793103448275861,5.724137931034483,0.6415928658739719,1.097664903061494,2,0.31209905392515425,2.080317188224707,2.1442872173426357,5.29481081847584e-11
9.793103448275861,5.724137931034483,0.6415928658739719,1.097664903061494,3,0.21302509939359673,1.3289179561432742,1.5647299173856166,2.7412996034458386e-8
8.137931034482758,7.689655172413793,0.7720863301195254,0.817095847122009,1,0.10119414280429373,1.0536683394705053,1.1136764141477393,2.746269385176467e-10
8.137931034482758,7.689655172413793,0.7720863301195254,0.817095847122009,2,0.33063985169587057,1.9400803612078747,2.1281961228349253,4.3540353891836576e-13
8.137931034482758,7.689655172413793,0.7720863301195254,0.817095847122009,3,0.32866475031370174,1.7738774157053319,2.2217562030030042,1.5090025357320024e-9
8.137931034482758,7.689655172413793,0.7720863301195254,0.817095847122009,4,0.3444049478900219,1.9878029586507253,2.205860567774394,2.1351129570730426e-11
11.862068965517242,5.827586206896552,0.529687133454093,1.0781797272675029,1,0.10160698596480001,1.0636552255145528,1.1073493186894914,5.916914825914307e-9
11.862068965517242,5.827586206896552,0.529687133454093,1.0781797272675029,2,0.3123723775607309,2.027305967892657,2.0755744050276626,2.931850945344648e-10
11.862068965517242,5.827586206896552,0.529687133454093,1.0781797272675029,3,0.1215911130074699,1.0899094560572495,1.1550227298295217,4.689641292426581e-8
10.758620689655173,7.379310344827586,0.5840140189365641,0.8514596911598504,1,0.0919253407019661,1.0455120689640063,1.0817868560624078,2.008754636975272e-12
10.758620689655173,7.379310344827586,0.5840140189365641,0.8514596911598504,2,0.3230254614036313,1.919122420492915,2.0209117845969202,9.51205003569732e-11
10.758620689655173,7.379310344827586,0.5840140189365641,0.8514596911598504,3,0.26786975276937075,1.5254068301121277,1.7318052619558808,2.541809517369942e-10
9.241379310344827,6.448275862068965,0.6798969175679404,0.9743977214342674,1,0.09690553747313754,1.0569129744319876,1.1077859265661025,4.8283893036857394e-8
9.241379310344827,6.448275862068965,0.6798969175679404,0.9743977214342674,2,0.28144745353162365,1.6302006595604701,1.914349684099737,2.662277560144479e-12
9.241379310344827,6.448275862068965,0.6798969175679404,0.9743977214342674,3,0.3193541701999267,2.02414192864839,2.129842169546847,4.4625347855596264e-11
10.344827586206897,5.103448275862069,0.6073745796940266,1.2311646885689729,1,0.11424285562466226,1.0875480076878061,1.1571257022162422,1.0330724501152056e-9
10.344827586206897,5.103448275862069,0.6073745796940266,1.2311646885689729,2,0.3028270471597788,2.110248577960421,2.1522734080512134,8.115270218052957e-14
11.310344827586206,6.655172413793103,0.5555255302079513,0.9441055642912332,1,0.09343141525040073,1.0503381989846208,1.0870683380812103,1.8497989608332503e-8
11.310344827586206,6.655172413793103,0.5555255302079513,0.9441055642912332,2,0.3194866631820619,1.9691497271447749,2.044503182913073,1.3892622878250324e-8
11.310344827586206,6.655172413793103,0.5555255302079513,0.9441055642912332,3,0.21271646123966872,1.3140195472803244,1.4954969497597819,3.6145844970584137e-10
8.689655172413794,7.172413793103448,0.7230649758262222,0.8760210284048462,1,0.0963062500395049,1.0520470416099932,1.1036187149331038,9.207894345459434e-13
8.689655172413794,7.172413793103448,0.7230649758262222,0.8760210284048462,2,0.3340239494599385,1.834363821215156,2.266865225669276,7.0236350789805015e-12
8.689655172413794,7.172413793103448,0.7230649758262222,0.8760210284048462,3,0.3244947404087386,1.9682452649565825,2.1154588091951405,1.8052402800800187e-11
8.689655172413794,7.172413793103448,0.7230649758262222,0.8760210284048462,4,0.32591353037616316,1.7908634269859975,2.216973415871861,1.3225278621671408e-8
8.689655172413794,7.172413793103448,0.7230649758262222,0.8760210284048462,5,0.31662842981186723,1.8119535186137952,2.0681000065128057,6.511428590544314e-12
8.137931034482758,7.793103448275862,0.7720863301195254,0.8062494420717168,1,0.10188003087718703,1.0536884721954598,1.1143520669014162,3.463880787431378e-10
8.137931034482758,7.793103448275862,0.7720863301195254,0.8062494420717168,2,0.4955942145270109,2.9903555683641763,3.070967735597826,1.7020744337266687e-11
8.137931034482758,7.793103448275862,0.7720863301195254,0.8062494420717168,3,0.3464467455203607,1.9941521570055802,2.2055695641317214,2.648771995082562e-10
8.137931034482758,7.793103448275862,0.7720863301195254,0.8062494420717168,4,0.3309623760414918,1.9307615810010403,2.1213786161936934,1.6729979827519263e-13
8.137931034482758,7.793103448275862,0.7720863301195254,0.8062494420717168,5,0.3850738008861159,2.0665345050981636,2.5984755236549377,3.2343366202337224e-10
8.137931034482758,7.793103448275862,0.7720863301195254,0.8062494420717168,6,0.3307260379003398,1.7777899178727485,2.227447115927488,1.6685498072418646e-13
9.793103448275861,5.827586206896552,0.6415928658739719,1.0781797272675029,1,0.10405077271837881,1.0689854355742867,1.126992731769652,3.362095197639277e-8
9.793103448275861,5.827586206896552,0.6415928658739719,1.0781797272675029,2,0.31307272278302717,2.0702630674316564,2.1385295536630524,1.3479843673224638e-10
9.793103448275861,5.827586206896552,0.6415928658739719,1.0781797272675029,3,0.22466195698344776,1.3728050177912356,1.622548882470312,5.142671642038164e-10
11.862068965517242,5.931034482758621,0.529687133454093,1.059374266908186,1,0.1001449186052422,1.0613155818144773,1.1033611205036005,2.8751526909324974e-8
11.862068965517242,5.931034482758621,0.529687133454093,1.059374266908186,2,0.12558285965519225,1.0954807441532166,1.1649367523464709,6.917060713826693e-8
11.862068965517242,5.931034482758621,0.529687133454093,1.059374266908186,3,0.3135845904624713,2.019594037120795,2.0701828344301534,3.1081915533076593e-10
10.758620689655173,7.482758620689655,0.5840140189365641,0.8396883590240001,1,0.09199974224343609,1.04506615977115,1.0812086626880255,3.6507795743088426e-13
10.758620689655173,7.482758620689655,0.5840140189365641,0.8396883590240001,2,0.32354511239448686,1.911721361214938,2.015947867446923,2.3884547466148835e-9
10.758620689655173,7.482758620689655,0.5840140189365641,0.8396883590240001,3,0.2712336917091717,1.5374465544009581,1.7410846094804042,3.297202968318902e-8
9.241379310344827,6.551724137931035,0.6798969175679404,0.9590124942537263,1,0.0961473398050959,1.0554412683316279,1.105177028733143,6.431152993325259e-8
9.241379310344827,6.551724137931035,0.6798969175679404,0.9590124942537263,2,0.3198369074795291,2.01368068130993,2.1230757062693817,5.860184206413434e-9
9.241379310344827,6.551724137931035,0.6798969175679404,0.9590124942537263,3,0.28477671964939244,1.644554635618768,1.9243039879372992,2.1041876985535306e-13
9.241379310344827,6.551724137931035,0.6798969175679404,0.9590124942537263,4,0.5976994671016959,4.007987652914393,3.8310450978515225,3.2658468917417056e-9
10.344827586206897,5.206896551724138,0.6073745796940266,1.2067044629682648,1,0.11841490392354113,1.0926169620442105,1.1675523467086197,3.1720590165892953e-12
10.344827586206897,5.206896551724138,0.6073745796940266,1.2067044629682648,2,0.3042822085528511,2.1046157751576233,2.1470734057000307,6.294707468386716e-14
11.310344827586206,6.758620689655173,0.5555255302079513,0.9296549689194286,1,0.09294364707995212,1.049276668781778,1.0853559464895828,6.902688801759192e-9
11.310344827586206,6.758620689655173,0.5555255302079513,0.9296549689194286,2,0.32030427076534257,1.9611338004576946,2.0394307623733514,1.2946644128395021e-11
11.310344827586206,6.758620689655173,0.5555255302079513,0.9296549689194286,3,0.22040917773705934,1.3408185709568747,1.5274360564055427,2.6551753181651444e-9
8.689655172413794,7.275862068965517,0.7230649758262222,0.8635657531194693,1,0.09643730437942061,1.051562406334201,1.103057258574989,7.85750007264221e-9
8.689655172413794,7.275862068965517,0.7230649758262222,0.8635657531194693,2,0.3247237282149992,1.9583880037837873,2.1082499788405933,1.0729636948083041e-11
8.689655172413794,7.275862068965517,0.7230649758262222,0.8635657531194693,3,0.3188212933593836,1.819790191695399,2.0695200340944604,8.459372232160626e-12
8.689655172413794,7.275862068965517,0.7230649758262222,0.8635657531194693,4,0.321014873951647,1.7594220626528765,2.1800777450382887,4.060837467129154e-12
8.137931034482758,7.896551724137931,0.7720863301195254,0.7956872223065852,1,0.10264780613256508,1.053786228315793,1.1152161242387317,2.4438140351216252e-11
8.137931034482758,7.896551724137931,0.7720863301195254,0.7956872223065852,2,0.3312889628751,1.9215785853821836,2.114588895539114,3.501120804869088e-14
8.137931034482758,7.896551724137931,0.7720863301195254,0.7956872223065852,3,0.38343447901877786,2.060386758464864,2.5821345781120946,6.830444995309785e-11
8.137931034482758,7.896551724137931,0.7720863301195254,0.7956872223065852,4,0.34849039218175615,2.0003291212737238,2.205271109092134,9.54851904941566e-11
8.137931034482758,7.896551724137931,0.7720863301195254,0.7956872223065852,5,0.33285370861377256,1.782141146865957,2.233608181839214,1.0201718194331884e-9
9.793103448275861,5.931034482758621,0.6415928658739719,1.059374266908186,1,0.10208103514767523,1.0658455514588392,1.12113423088232,5.9100540807152505e-9
9.793103448275861,5.931034482758621,0.6415928658739719,1.059374266908186,2,0.31397567445913643,2.0601209522543233,2.132636823339321,1.695097394035529e-8
9.793103448275861,5.931034482758621,0.6415928658739719,1.059374266908186,3,0.23389326406038777,1.409632416601333,1.667652023357126,8.113600934158286e-10
10.758620689655173,7.586206896551724,0.5840140189365641,0.8282380632191273,1,0.09213452071800961,1.0446821038193648,1.0807477955984857,2.5667269709492254e-11
10.758620689655173,7.586206896551724,0.5840140189365641,0.8282380632191273,2,0.3240392367291769,1.9044820298362635,2.0110560572800837,6.188104882244671e-10
10.758620689655173,7.586206896551724,0.5840140189365641,0.8282380632191273,3,0.2744676464092288,1.548796862075333,1.7495340707451927,2.1138654408065407e-14
11.862068965517242,6.0344827586206895,0.529687133454093,1.04121356518976,1,0.09883414876008635,1.059191860004637,1.0997623649846464,3.800568009446129e-11
11.862068965517242,6.0344827586206895,0.529687133454093,1.04121356518976,2,0.3147537657120079,2.011742950044945,2.0648631346467834,3.1406805966912587e-9
11.862068965517242,6.0344827586206895,0.529687133454093,1.04121356518976,3,0.13024971537136104,1.1025375874860757,1.1772205235022173,1.2645064302709535e-11
9.241379310344827,6.655172413793103,0.6798969175679404,0.9441055642912332,1,0.09554304064940573,1.054161695802558,1.102955701281389,6.531130863127427e-8
9.241379310344827,6.655172413793103,0.6798969175679404,0.9441055642912332,2,0.28790508640563117,1.6577746855496667,1.9328213645593584,1.2114501958213064e-8
9.241379310344827,6.655172413793103,0.6798969175679404,0.9441055642912332,3,0.32028645473393363,2.00338944391991,2.1163024904258227,7.441230638109494e-14
11.310344827586206,6.862068965517241,0.5555255302079513,0.9156400698904925,1,0.22712504334250275,1.3648261838124842,1.5546535540445279,4.768161845143243e-10
11.310344827586206,6.862068965517241,0.5555255302079513,0.9156400698904925,2,0.09254796919841407,1.0483230773278656,1.0838418656385493,2.937524104760301e-12
11.310344827586206,6.862068965517241,0.5555255302079513,0.9156400698904925,3,0.32108965312503934,1.9532411146259134,2.0344182088325047,3.0409896596444345e-11
8.689655172413794,7.379310344827586,0.7230649758262222,0.8514596911598504,1,0.09666048138384241,1.0511744653377881,1.10270308061046,7.484920531764841e-11
8.689655172413794,7.379310344827586,0.7230649758262222,0.8514596911598504,2,0.32493663472215367,1.9487144572131199,2.101071654228715,2.431644310431058e-9
8.689655172413794,7.379310344827586,0.7230649758262222,0.8514596911598504,3,0.3209710141098436,1.8271952674830416,2.07057188944402,3.0732311984313733e-13
8.689655172413794,7.379310344827586,0.7230649758262222,0.8514596911598504,4,0.3200894724898962,1.7484759247138413,2.1675055910293457,2.681214845278761e-12
8.689655172413794,7.379310344827586,0.7230649758262222,0.8514596911598504,5,0.3511566953784759,1.9218846113685548,2.360420383757231,1.3038510804436252e-13
10.344827586206897,5.310344827586207,0.6073745796940266,1.1831972331701817,1,0.11578877245561645,1.0879080953964444,1.1589589701751697,3.58571858046064e-10
10.344827586206897,5.310344827586207,0.6073745796940266,1.1831972331701817,2,0.3056996222394781,2.097860297299511,2.141940771904427,7.986169484884953e-11
10.344827586206897,5.310344827586207,0.6073745796940266,1.1831972331701817,3,0.4851232952472551,3.1596039537076286,3.2247461419361514,1.2659559850611436e-11
8.137931034482758,8.0,0.7720863301195254,0.7853981633974483,1,0.1034954155545338,1.0539583370919414,1.1162643033266748,7.291968637587683e-8
8.137931034482758,8.0,0.7720863301195254,0.7853981633974483,2,0.3350481174697631,1.7869712225176106,2.2402636106858966,4.136210983546098e-14
8.137931034482758,8.0,0.7720863301195254,0.7853981633974483,3,0.35054363024005214,2.006399849661264,2.2050338457693677,4.854493579120929e-13
8.137931034482758,8.0,0.7720863301195254,0.7853981633974483,4,0.33161865511711314,1.9125153994833965,2.107816880113043,1.3581875706366614e-8
8.137931034482758,8.0,0.7720863301195254,0.7853981633974483,5,0.39788285304440346,2.1219636157219934,2.683971205509619,4.2712016747420245e-10
8.137931034482758,8.0,0.7720863301195254,0.7853981633974483,6,0.42415464953551757,2.6678564925707073,2.7072170594543987,2.051177081406714e-9
10.758620689655173,7.689655172413793,0.5840140189365641,0.817095847122009,1,0.09232638005266794,1.0443554906508432,1.080396439400985,8.293019647824853e-8
10.758620689655173,7.689655172413793,0.5840140189365641,0.817095847122009,2,0.2775929479669211,1.559544529964446,1.7572785274190932,4.177766712379688e-15
10.758620689655173,7.689655172413793,0.5840140189365641,0.817095847122009,3,0.32450847489688783,1.8974069882054796,2.006239156672856,5.445080561958221e-10
9.793103448275861,6.0344827586206895,0.6415928658739719,1.04121356518976,1,0.10038109703200947,1.063117218684924,1.1160825215910286,1.47409954812719e-10
9.793103448275861,6.0344827586206895,0.6415928658739719,1.04121356518976,2,0.3148149965009225,2.0499561186828927,2.12663800641091,1.592733359266247e-11
9.793103448275861,6.0344827586206895,0.6415928658739719,1.04121356518976,3,0.24151087622520917,1.44108227539247,1.7037170657922456,1.4693882767223324e-9
11.862068965517242,6.137931034482759,0.529687133454093,1.0236650219562247,1,0.09766622093692665,1.0572657914027863,1.0965207156149352,2.796053869138278e-9
11.862068965517242,6.137931034482759,0.529687133454093,1.0236650219562247,2,0.13577761619500128,1.1116045973584716,1.1926646306349478,3.259494044543917e-9
11.862068965517242,6.137931034482759,0.529687133454093,1.0236650219562247,3,0.3158805753498479,2.0038148516582575,2.0596106104233733,9.51321508003306e-12
9.241379310344827,6.758620689655173,0.6798969175679404,0.9296549689194286,1,0.0950766096426181,1.0530495195439529,1.1010721545741733,7.76556883916333e-12
9.241379310344827,6.758620689655173,0.6798969175679404,0.9296549689194286,2,0.32070563323005014,1.9932746712465534,2.1095345295718277,4.3653683511662775e-10
9.241379310344827,6.758620689655173,0.6798969175679404,0.9296549689194286,3,0.2908652290731679,1.6700077379256535,1.9401193695121006,2.1446082748519884e-10
11.310344827586206,6.9655172413793105,0.5555255302079513,0.9020414549911286,1,0.09223760037651951,1.0474675090883738,1.0825076910323654,9.350865042516558e-14
11.310344827586206,6.9655172413793105,0.5555255302079513,0.9020414549911286,2,0.32184409783398243,1.9454791879187983,2.0294681261521967,5.921700451142145e-13
11.310344827586206,6.9655172413793105,0.5555255302079513,0.9020414549911286,3,0.23308797409488666,1.3864640788438725,1.5780704396474472,3.329181587627182e-8
8.689655172413794,7.482758620689655,0.7230649758262222,0.8396883590240001,1,0.09697017853317239,1.0508753343309263,1.1025411401326466,2.0842150773406294e-13
8.689655172413794,7.482758620689655,0.7230649758262222,0.8396883590240001,2,0.3251338202049981,1.9392194335174968,2.0939261180331368,8.863280714054416e-10
8.689655172413794,7.482758620689655,0.7230649758262222,0.8396883590240001,3,0.3202585374330516,1.742938583865139,2.1615869422018177,5.153074182176632e-12
8.689655172413794,7.482758620689655,0.7230649758262222,0.8396883590240001,4,0.3230862840529249,1.8342236400611416,2.071328734718065,1.4449357716453386e-8
8.689655172413794,7.482758620689655,0.7230649758262222,0.8396883590240001,5,0.3562959191689312,1.9490262392131323,2.387010438467236,2.34295740584296e-12
10.758620689655173,7.793103448275862,0.5840140189365641,0.8062494420717168,1,0.09257242288443258,1.044082733694807,1.0801477856168387,1.360042211867194e-8
10.758620689655173,7.793103448275862,0.5840140189365641,0.8062494420717168,2,0.32495348421963827,1.890499189526838,2.0015000114667783,6.286837692492182e-14
10.758620689655173,7.793103448275862,0.5840140189365641,0.8062494420717168,3,0.2806269359604983,1.569761589428778,1.764420767347088,3.177159063217815e-9
10.344827586206897,5.413793103448276,0.6073745796940266,1.1605883688420893,1,0.30705543016346065,2.0902513135622254,2.136768783796334,3.898147646064374e-10
10.344827586206897,5.413793103448276,0.6073745796940266,1.1605883688420893,2,0.1125926094101469,1.0825710331514315,1.1490778185991528,7.688905798359851e-9
10.344827586206897,5.413793103448276,0.6073745796940266,1.1605883688420893,3,0.12984767975491568,1.1090954912157267,1.1996594405832395,1.1214259624783132e-8
10.344827586206897,5.413793103448276,0.6073745796940266,1.1605883688420893,4,0.4921930940002528,3.2174590415188993,3.2607758870040935,4.223417338772436e-12
11.862068965517242,6.241379310344827,0.529687133454093,1.0066981983878895,1,0.31696636475056916,1.9958592219041793,2.054423722924649,2.594690014616673e-10
11.862068965517242,6.241379310344827,0.529687133454093,1.0066981983878895,2,0.0966322396932971,1.0555199378046527,1.0936047209619297,3.264676080784066e-8
11.862068965517242,6.241379310344827,0.529687133454093,1.0066981983878895,3,0.14240814650630965,1.1234471855008337,1.2123755535564555,4.220670776464204e-12
9.793103448275861,6.137931034482759,0.6415928658739719,1.0236650219562247,1,0.09892049395229767,1.0607386474334108,1.1117177897971235,1.4662524804631954e-13
9.793103448275861,6.137931034482759,0.6415928658739719,1.0236650219562247,2,0.24799322348919323,1.4683752236729029,1.7331576464543417,1.8570789889740932e-11
9.793103448275861,6.137931034482759,0.6415928658739719,1.0236650219562247,3,0.31559701744307395,2.0398184526409815,2.120558861999415,1.49089888074084e-12
8.275862068965518,5.0,0.7592182246175333,1.2566370614359172,1,0.18463639483318864,1.249637338642003,1.4795189114971976,5.252791726178821e-8
8.275862068965518,5.0,0.7592182246175333,1.2566370614359172,2,0.4709865082915481,3.1314835605807843,3.276364615467746,1.0047285399067131e-13
8.275862068965518,5.0,0.7592182246175333,1.2566370614359172,3,0.3150388964960533,2.2346278318186865,2.2904726500769783,2.5414536794509255e-12
9.241379310344827,6.862068965517241,0.6798969175679404,0.9156400698904925,1,0.09473553239030104,1.0520852233418463,1.0994878404095767,5.300381238362325e-10
9.241379310344827,6.862068965517241,0.6798969175679404,0.9156400698904925,2,0.29368412748523526,1.6813777886092494,1.946380594348732,6.280204804257415e-10
9.241379310344827,6.862068965517241,0.6798969175679404,0.9156400698904925,3,0.32109673549651946,1.983340231924271,2.102781740577287,4.142185550672841e-11
11.310344827586206,7.068965517241379,0.5555255302079513,0.888840848332722,1,0.09200646917378082,1.0467012844442045,1.0813373400914754,1.965047171486491e-9
11.310344827586206,7.068965517241379,0.5555255302079513,0.888840848332722,2,0.3225687470052293,1.9378539254548404,2.0245830206854323,4.538401421658351e-9
11.310344827586206,7.068965517241379,0.5555255302079513,0.888840848332722,3,0.2384633371786118,1.4061020090204501,1.5984172561463748,6.906561910386663e-9
8.689655172413794,7.586206896551724,0.7230649758262222,0.8282380632191273,1,0.09736161498356143,1.0506583281488346,1.1025589475675546,3.7619099863468546e-8
8.689655172413794,7.586206896551724,0.7230649758262222,0.8282380632191273,2,0.3607539273944752,1.9743487703905518,2.410113829222386,7.60987957214082e-12
8.689655172413794,7.586206896551724,0.7230649758262222,0.8282380632191273,3,0.3209779514683467,1.7400373359295251,2.1589963795038987,9.65955671575596e-11
8.689655172413794,7.586206896551724,0.7230649758262222,0.8282380632191273,4,0.3253155049250487,1.9298978421697517,2.0868157453566036,3.6157996922500453e-10
8.689655172413794,7.586206896551724,0.7230649758262222,0.8282380632191273,5,0.32517509778589593,1.8409278984637023,2.0718582916921724,1.3591221125320977e-13
10.758620689655173,7.896551724137931,0.5840140189365641,0.7956872223065852,1,0.09287003925939799,1.0438601700735912,1.079995890277888,9.504143609543898e-8
10.758620689655173,7.896551724137931,0.5840140189365641,0.7956872223065852,2,0.2835842254840337,1.5795104922314689,1.7710481829741467,1.4411623621584017e-8
10.758620689655173,7.896551724137931,0.5840140189365641,0.7956872223065852,3,0.325374989941808,1.8837621639521196,1.9968416562991522,2.531885091005226e-12
10.344827586206897,5.517241379310345,0.6073745796940266,1.1388273369263,1,0.10970069767870501,1.0778483972946815,1.1403325966448339,4.173548229952635e-12
10.344827586206897,5.517241379310345,0.6073745796940266,1.1388273369263,2,0.3083396820725012,2.0820085583240857,2.1315102909320665,8.187191678975021e-12
10.344827586206897,5.517241379310345,0.6073745796940266,1.1388273369263,3,0.13808472048959844,1.123001791761121,1.22561184317773,8.953923357022622e-10
11.862068965517242,6.344827586206897,0.529687133454093,0.9902846408054782,1,0.09572338561311487,1.0539382077029862,1.0909848808437106,2.1809405360112337e-12
11.862068965517242,6.344827586206897,0.529687133454093,0.9902846408054782,2,0.5534727369870434,3.5469997948648277,3.4420874949090488,3.3662015838526e-11
11.862068965517242,6.344827586206897,0.529687133454093,0.9902846408054782,3,0.31801274903567894,1.9879151211906447,2.049302368725331,6.761692950944545e-13
11.862068965517242,6.344827586206897,0.529687133454093,0.9902846408054782,4,0.15040978722366433,1.1391035015018163,1.2377520018238766,1.580089983361857e-11
9.793103448275861,6.241379310344827,0.6415928658739719,1.0066981983878895,1,0.09767257363868434,1.0586589697873299,1.1079407961110643,5.357981697153482e-10
9.793103448275861,6.241379310344827,0.6415928658739719,1.0066981983878895,2,0.31632739694413753,2.0297465730237194,2.114422262866235,2.6786409034724647e-12
9.793103448275861,6.241379310344827,0.6415928658739719,1.0066981983878895,3,0.25364239629502866,1.4923818081340867,1.757582528278139,7.760221127422561e-14
8.275862068965518,5.103448275862069,0.7592182246175333,1.2311646885689729,1,0.17422716865861634,1.2172330811862606,1.4228596219944443,7.718293686463951e-14
8.275862068965518,5.103448275862069,0.7592182246175333,1.2311646885689729,2,0.31657850717171043,2.224279152616094,2.2871381665175132,3.1961203195647926e-12
8.275862068965518,5.103448275862069,0.7592182246175333,1.2311646885689729,3,0.25014925105807473,1.5167057296547903,1.8638541144264429,1.3752368399042498e-11
9.241379310344827,6.9655172413793105,0.6798969175679404,0.9020414549911286,1,0.0945086028126614,1.0512521733588873,1.0981696266139012,5.719615047123344e-9
9.241379310344827,6.9655172413793105,0.6798969175679404,0.9020414549911286,2,0.32146164356885076,1.973588206061324,2.0960526821773957,1.923104497614205e-8
9.241379310344827,6.9655172413793105,0.6798969175679404,0.9020414549911286,3,0.296384285388314,1.6919909026559616,1.9517599214777022,5.006663350462653e-11
11.310344827586206,7.172413793103448,0.5555255302079513,0.8760210284048462,1,0.09184912928186814,1.0460167595382956,1.080316723956259,3.069816747962566e-10
11.310344827586206,7.172413793103448,0.5555255302079513,0.8760210284048462,2,0.32326456249170016,1.9303698641436235,2.0197649838981233,6.959852933081879e-9
11.310344827586206,7.172413793103448,0.5555255302079513,0.8760210284048462,3,0.2433740290358964,1.4240488778376683,1.6162656127481343,3.687192525375093e-13
8.689655172413794,7.689655172413793,0.7230649758262222,0.817095847122009,1,0.09783081948640282,1.0505180097209197,1.10274643291147,1.6327745762697072e-10
8.689655172413794,7.689655172413793,0.7230649758262222,0.817095847122009,2,0.39497147127979765,2.3763534147166347,2.615832142904558,5.729054346045785e-9
8.689655172413794,7.689655172413793,0.7230649758262222,0.817095847122009,3,0.3272447302647463,1.8473572553559126,2.0722223520045016,6.213744085875305e-9
8.689655172413794,7.689655172413793,0.7230649758262222,0.817095847122009,4,0.3220215985876591,1.7386457558740198,2.1583623639453977,1.1591549525995612e-8
8.689655172413794,7.689655172413793,0.7230649758262222,0.817095847122009,5,0.3254818317439023,1.920745030101782,2.079743234920535,4.761518376175482e-14
8.689655172413794,7.689655172413793,0.7230649758262222,0.817095847122009,6,0.36491683855798046,2.0013699196574963,2.4322531275361707,3.552216116374246e-13
10.758620689655173,8.0,0.5840140189365641,0.7853981633974483,1,0.09321700094910983,1.043685238176253,1.0799357496458901,1.7579938319736167e-9
10.758620689655173,8.0,0.5840140189365641,0.7853981633974483,2,0.28647727869576806,1.5888458477672018,1.777235770557478,1.231071445936584e-8
10.758620689655173,8.0,0.5840140189365641,0.7853981633974483,3,0.32577384508438445,1.8772002081201158,1.9922674672194767,2.4351267980804113e-8
10.344827586206897,5.620689655172414,0.6073745796940266,1.117867324590233,1,0.10711058703941578,1.0736867514820794,1.1326397693423413,1.0239382805083896e-11
10.344827586206897,5.620689655172414,0.6073745796940266,1.117867324590233,2,0.30955001201873367,2.073307736177215,2.1261504611711004,9.611435656921283e-9
10.344827586206897,5.620689655172414,0.6073745796940266,1.117867324590233,3,0.14918473380424624,1.1442440617332683,1.263934960871023,8.58529352744688e-12
11.862068965517242,6.448275862068965,0.529687133454093,0.9743977214342674,1,0.09493081369504469,1.0525052647343043,1.088633458079215,5.401603304470772e-11
11.862068965517242,6.448275862068965,0.529687133454093,0.9743977214342674,2,0.15993238472844495,1.1596542027593042,1.2700039457804464,2.338203855199608e-10
11.862068965517242,6.448275862068965,0.529687133454093,0.9743977214342674,3,0.31902144594098425,1.980013324661507,2.0442473653916258,1.2757600430478291e-14
9.793103448275861,6.344827586206897,0.6415928658739719,0.9902846408054782,1,0.09661423669147642,1.05683632592022,1.1046695288759922,1.1769714509331852e-12
9.793103448275861,6.344827586206897,0.6415928658739719,0.9902846408054782,2,0.2586592395791209,1.5137363811291293,1.778104378411169,2.478306861082664e-8
9.793103448275861,6.344827586206897,0.6415928658739719,0.9902846408054782,3,0.31701106611714125,2.0197698973213885,2.108248071339757,8.562462806757084e-12
8.275862068965518,5.206896551724138,0.7592182246175333,1.2067044629682648,1,0.15783694786501218,1.1735376084305893,1.3425384381293326,9.1320878800689e-11
8.275862068965518,5.206896551724138,0.7592182246175333,1.2067044629682648,2,0.31790410629428223,2.212779811970452,2.282812705982754,2.4643245664370767e-11
8.275862068965518,5.206896551724138,0.7592182246175333,1.2067044629682648,3,0.2595508468333556,1.563056257890222,1.9171694963118515,1.2468251133706255e-8
9.241379310344827,7.068965517241379,0.6798969175679404,0.888840848332722,1,0.09438636261837875,1.0505365550969945,1.0970902109705973,1.3729193114485768e-11
9.241379310344827,7.068965517241379,0.6798969175679404,0.888840848332722,2,0.29898473804572484,1.701938951179214,1.9563905077530575,1.4087553966476003e-12
9.241379310344827,7.068965517241379,0.6798969175679404,0.888840848332722,3,0.32180188898797996,1.9640196295649783,2.0893544795994226,4.0508465552249245e-9
11.310344827586206,7.275862068965517,0.5555255302079513,0.8635657531194693,1,0.09176068685293062,1.0454071786853147,1.0794334693392766,1.5243403415900107e-9
11.310344827586206,7.275862068965517,0.5555255302079513,0.8635657531194693,2,0.32393239442770894,1.9230306346428279,2.0150160318194548,1.5995725086837963e-9
11.310344827586206,7.275862068965517,0.5555255302079513,0.8635657531194693,3,0.24791189960431603,1.4405567529560994,1.6320595221920313,9.094554755201876e-11
8.689655172413794,7.793103448275862,0.7230649758262222,0.8062494420717168,1,0.09837435119259863,1.0504495162551781,1.1030951437024712,1.994709444741142e-11
8.689655172413794,7.793103448275862,0.7230649758262222,0.8062494420717168,2,0.32563293506613555,1.9117569229570628,2.072711850486665,8.983125010272107e-10
8.689655172413794,7.793103448275862,0.7230649758262222,0.8062494420717168,3,0.3232713581169131,1.7381880644847585,2.158976456990943,1.4554103203119183e-14
8.689655172413794,7.793103448275862,0.7230649758262222,0.8062494420717168,4,0.32930191111234963,1.853558846160664,2.072477879367854,1.790711572026591e-9
8.689655172413794,7.793103448275862,0.7230649758262222,0.8062494420717168,5,0.3694030370531652,2.037856326100123,2.4575832064076075,7.87076420572795e-12
8.689655172413794,7.793103448275862,0.7230649758262222,0.8062494420717168,6,0.386399487172686,2.25751525530292,2.5656782122141366,1.1494593508488776e-8
10.89655172413793,5.0,0.5766214364183798,1.2566370614359172,1,0.10660752626780298,1.077613457415493,1.13396878468791,5.647954218577024e-10
10.89655172413793,5.0,0.5766214364183798,1.2566370614359172,2,0.3010240183918349,2.096088245014913,2.1429353974756937,5.214780114660103e-10
11.862068965517242,6.551724137931035,0.529687133454093,0.9590124942537263,1,0.09424627616968746,1.0512074916165788,1.0865254420556931,1.1553171621306606e-13
11.862068965517242,6.551724137931035,0.529687133454093,0.9590124942537263,2,0.17068376296064558,1.185346934703299,1.308748419202476,1.0256956067484378e-11
11.862068965517242,6.551724137931035,0.529687133454093,0.9590124942537263,3,0.3199941438554234,1.9721779555558545,2.0392599242757297,4.8968550430079043e-11
10.344827586206897,5.724137931034483,0.6073745796940266,1.097664903061494,1,0.10480872628730324,1.0700258604465653,1.1258955951396175,1.740988458872781e-9
10.344827586206897,5.724137931034483,0.6073745796940266,1.097664903061494,2,0.1641488863953136,1.177392467251252,1.3211044426467013,6.609650493696136e-11
10.344827586206897,5.724137931034483,0.6073745796940266,1.097664903061494,3,0.31068807727395126,2.0642879670805843,2.120691510377412,1.2261688104205284e-13
9.793103448275861,6.448275862068965,0.6415928658739719,0.9743977214342674,1,0.09572554167121214,1.0552361725180952,1.101836135895198,3.749584321541393e-12
9.793103448275861,6.448275862068965,0.6415928658739719,0.9743977214342674,2,0.31765228295242437,2.0099107066290305,2.102053421595285,6.78053438929465e-11
9.793103448275861,6.448275862068965,0.6415928658739719,0.9743977214342674,3,0.2631832858930239,1.5329128337422584,1.7955202065875293,2.3121716197943443e-13
8.275862068965518,5.310344827586207,0.7592182246175333,1.1831972331701817,1,0.14309847696467085,1.1397191604258632,1.277557538778831,4.6535343730782426e-8
8.275862068965518,5.310344827586207,0.7592182246175333,1.1831972331701817,2,0.31905202552341333,2.2005317705257914,2.277712156203329,4.129767509918857e-12
9.241379310344827,7.172413793103448,0.6798969175679404,0.8760210284048462,1,0.09436068936604235,1.0499267201859712,1.0962267582413503,1.385438842167498e-9
9.241379310344827,7.172413793103448,0.6798969175679404,0.8760210284048462,2,0.301501735020805,1.7113023609223768,1.9603878079998913,3.4937517912258993e-12
9.241379310344827,7.172413793103448,0.6798969175679404,0.8760210284048462,3,0.32211869831987605,1.9546343507845854,2.082693721006066,1.5680990632771394e-12
11.310344827586206,7.379310344827586,0.5555255302079513,0.8514596911598504,1,0.09173676489335934,1.0448665947370925,1.0786767360010898,1.061015594019532e-12
11.310344827586206,7.379310344827586,0.5555255302079513,0.8514596911598504,2,0.2521470033480236,1.4558320664727824,1.6461483895733537,5.7758582913166015e-12
11.310344827586206,7.379310344827586,0.5555255302079513,0.8514596911598504,3,0.32457296784653417,1.9158392705096134,2.0103379665134957,3.7435581453018453e-10
8.689655172413794,7.896551724137931,0.7230649758262222,0.7956872223065852,1,0.09898939991298583,1.0504489447607341,1.103598451042045,7.896219683769246e-11
8.689655172413794,7.896551724137931,0.7230649758262222,0.7956872223065852,2,0.33135285160042766,1.8595770378344403,2.072676976962978,3.047078212091381e-11
8.689655172413794,7.896551724137931,0.7230649758262222,0.7956872223065852,3,0.32576898763537304,1.9029300829943798,2.065725510569404,1.7143501569802758e-10
8.689655172413794,7.896551724137931,0.7230649758262222,0.7956872223065852,4,0.3246584484060969,1.7383362678435519,2.1604327951658604,3.29608932392865e-11
10.89655172413793,5.103448275862069,0.5766214364183798,1.2311646885689729,1,0.10901557318576502,1.0795941279564893,1.13860988297977,3.329772286817924e-8
10.89655172413793,5.103448275862069,0.5766214364183798,1.2311646885689729,2,0.3023114884508297,2.0926674432865133,2.136312700797934,4.069233507279452e-13
11.862068965517242,6.655172413793103,0.529687133454093,0.9441055642912332,1,0.0936620218883573,1.0500325132489345,1.0846382213732786,2.5766037236988545e-8
11.862068965517242,6.655172413793103,0.529687133454093,0.9441055642912332,2,0.1817648049211468,1.2145587732845387,1.350762634932312,5.1113283838600645e-8
11.862068965517242,6.655172413793103,0.529687133454093,0.9441055642912332,3,0.3209324325563841,1.9644278421170673,2.034341382810669,1.274246890352875e-10
10.344827586206897,5.827586206896552,0.6073745796940266,1.0781797272675029,1,0.10277556564041244,1.0668056443130947,1.1199919679389643,6.414838447135105e-8
10.344827586206897,5.827586206896552,0.6073745796940266,1.0781797272675029,2,0.18168165623473223,1.2230065827796315,1.3949648469828326,1.3455738672857121e-8
10.344827586206897,5.827586206896552,0.6073745796940266,1.0781797272675029,3,0.31175762327418416,2.0550589653003466,2.11514480126712,1.001029289406984e-11
9.793103448275861,6.551724137931035,0.6415928658739719,0.9590124942537263,1,0.09498930434060608,1.0538299008558552,1.0993843502739966,4.4141686974751365e-14
9.793103448275861,6.551724137931035,0.6415928658739719,0.9590124942537263,2,0.3182546890209092,2.0001857023051848,2.095853010625821,1.5943780719437268e-12
9.793103448275861,6.551724137931035,0.6415928658739719,0.9590124942537263,3,0.2673157224173709,1.5502757130185936,1.8104226192652735,3.0672882983255693e-12
9.241379310344827,7.275862068965517,0.6798969175679404,0.8635657531194693,1,0.09442461454778164,1.049412854090771,1.0955601504871555,1.1479254899943427e-12
9.241379310344827,7.275862068965517,0.6798969175679404,0.8635657531194693,2,0.3224130796888528,1.945431901224865,2.076076211074744,1.5209610271733442e-10
9.241379310344827,7.275862068965517,0.6798969175679404,0.8635657531194693,3,0.3039492609464152,1.7201521440799494,1.9638526284097515,2.8387455092438858e-9
11.310344827586206,7.482758620689655,0.5555255302079513,0.8396883590240001,1,0.09177346091403543,1.0443897555225021,1.0780370360852365,3.4497035889302572e-9
11.310344827586206,7.482758620689655,0.5555255302079513,0.8396883590240001,2,0.256133720809951,1.4700449000106133,1.6588105403759497,2.714527288734178e-11
11.310344827586206,7.482758620689655,0.5555255302079513,0.8396883590240001,3,0.3251869326224443,1.9087984338543356,2.005732512493548,8.068581171873007e-13
8.275862068965518,5.413793103448276,0.7592182246175333,1.1605883688420893,1,0.13277088919200228,1.1185713614336092,1.2358649698274053,2.0814090159579504e-8
8.275862068965518,5.413793103448276,0.7592182246175333,1.1605883688420893,2,0.3200518981865867,2.187815586849562,2.272006155832149,1.647046669012592e-8
8.275862068965518,5.413793103448276,0.7592182246175333,1.1605883688420893,3,0.27384368906534784,1.6363418236268348,1.9938741634616572,1.760437337204873e-12
8.689655172413794,8.0,0.7230649758262222,0.7853981633974483,1,0.09967363208776979,1.050512991804093,1.1042511090366665,1.021467082963201e-10
8.689655172413794,8.0,0.7230649758262222,0.7853981633974483,2,0.3261402345438684,1.7388922052712341,2.16248525131828,5.33218649100317e-9
8.689655172413794,8.0,0.7230649758262222,0.7853981633974483,3,0.325890298653404,1.8942618777612863,2.0587891215524716,1.3568075928009112e-8
8.689655172413794,8.0,0.7230649758262222,0.7853981633974483,4,0.33340327699966454,1.8654536362668037,2.072867071270612,1.250329890701633e-14
8.689655172413794,8.0,0.7230649758262222,0.7853981633974483,5,0.42058826347466044,2.6042348743906514,2.672304533946826,6.6236375427384285e-9
11.862068965517242,6.758620689655173,0.529687133454093,0.9296549689194286,1,0.09317079817663215,1.0489692399806492,1.0829513886333697,3.796200686960235e-9
11.862068965517242,6.758620689655173,0.529687133454093,0.9296549689194286,2,0.19219574778567067,1.2445011803958104,1.391654256863403,4.341758592255751e-8
11.862068965517242,6.758620689655173,0.529687133454093,0.9296549689194286,3,0.3218377654906139,1.9567776136279043,2.0294930443043917,4.503380903804204e-11
10.89655172413793,5.206896551724138,0.5766214364183798,1.2067044629682648,1,0.11179248723862682,1.0822667289177925,1.1444180282429957,7.290438298096073e-12
10.89655172413793,5.206896551724138,0.5766214364183798,1.2067044629682648,2,0.30368389465795004,2.0878915264158033,2.1303200037616854,5.836430258363095e-10
9.793103448275861,6.655172413793103,0.6415928658739719,0.9441055642912332,1,0.09439070784153586,1.052593638318649,1.097267326445031,5.906849917620464e-8
9.793103448275861,6.655172413793103,0.6415928658739719,0.9441055642912332,2,0.31882137288892454,1.9906072429789363,2.089659410954929,5.597501728958098e-10
9.793103448275861,6.655172413793103,0.6415928658739719,0.9441055642912332,3,0.27113193194870633,1.5661103016445648,1.8232624990455322,1.2409303932945858e-9
9.793103448275861,6.655172413793103,0.6415928658739719,0.9441055642912332,4,0.6128849977836464,4.030191520517879,3.8407646828811477,5.210190253588199e-13
10.344827586206897,5.931034482758621,0.6073745796940266,1.059374266908186,1,0.10098925559224958,1.0639708087492818,1.1148261214118709,4.935375589475835e-9
10.344827586206897,5.931034482758621,0.6073745796940266,1.059374266908186,2,0.3127632698986379,2.0457068867306383,2.1095255482950606,5.858126042150918e-14
10.344827586206897,5.931034482758621,0.6073745796940266,1.059374266908186,3,0.19772885006486426,1.271373144870428,1.4674399992996574,3.831527471442675e-8
9.241379310344827,7.379310344827586,0.6798969175679404,0.8514596911598504,1,0.09457213331586954,1.0489866152675902,1.0950743146944009,6.053372489979624e-11
9.241379310344827,7.379310344827586,0.6798969175679404,0.8514596911598504,2,0.32268583487150393,1.9364114849975431,2.0695073486706734,2.66007246318212e-8
9.241379310344827,7.379310344827586,0.6798969175679404,0.8514596911598504,3,0.3063394515790298,1.7285516019956286,1.9668735626585914,1.8236590925952787e-9
11.310344827586206,7.586206896551724,0.5555255302079513,0.8282380632191273,1,0.09186725821736906,1.0439720001437287,1.0775060010002924,1.8230660236984606e-8
11.310344827586206,7.586206896551724,0.5555255302079513,0.8282380632191273,2,0.2599149385119333,1.483336427705538,1.6702702921653532,9.22558769371582e-10
11.310344827586206,7.586206896551724,0.5555255302079513,0.8282380632191273,3,0.32577488806627947,1.9019107214410582,2.0012013936111885,7.044470503721021e-12
8.275862068965518,5.517241379310345,0.7592182246175333,1.1388273369263,1,0.12529943612282304,1.1044148515745018,1.2076219663542191,1.093590688675667e-10
8.275862068965518,5.517241379310345,0.7592182246175333,1.1388273369263,2,0.27956030736009563,1.666360008833419,2.022451309550336,9.222118223667012e-13
8.275862068965518,5.517241379310345,0.7592182246175333,1.1388273369263,3,0.3209278472711239,2.1748302654142595,2.2658279449049283,5.536327182183088e-12
8.827586206896552,5.0,0.7117670855789375,1.2566370614359172,1,0.1548559899831469,1.1678850951221644,1.323620735335589,4.579592823277092e-8
8.827586206896552,5.0,0.7117670855789375,1.2566370614359172,2,0.1710966131096117,1.2085786270487995,1.3978129785539635,1.4195006260125038e-11
8.827586206896552,5.0,0.7117670855789375,1.2566370614359172,3,0.3089842729193287,2.192414239188997,2.238790693974786,5.167908891784022e-12
11.862068965517242,6.862068965517241,0.529687133454093,0.9156400698904925,1,0.09276604115063962,1.0480077471570914,1.0814469342205901,9.440761003062362e-10
11.862068965517242,6.862068965517241,0.529687133454093,0.9156400698904925,2,0.32271144546399255,1.9492385923774376,2.0247161065276384,1.5632154672950737e-10
11.862068965517242,6.862068965517241,0.529687133454093,0.9156400698904925,3,0.2015071840192122,1.273083561352471,1.4287000503758094,4.810266283154448e-10
10.89655172413793,5.310344827586207,0.5766214364183798,1.1831972331701817,1,0.11352934452426927,1.0837385545763212,1.1477726216584467,3.6229727280266794e-11
10.89655172413793,5.310344827586207,0.5766214364183798,1.1831972331701817,2,0.3050702177938365,2.0819990292048915,2.124649671635075,1.0739612765840895e-10
9.793103448275861,6.758620689655173,0.6415928658739719,0.9296549689194286,1,0.09391707776563188,1.0515077328362967,1.0954462216040268,6.166295440635639e-8
9.793103448275861,6.758620689655173,0.6415928658739719,0.9296549689194286,2,0.2746897891510893,1.5806448443093157,1.8343924558554625,1.6657043254826433e-8
9.793103448275861,6.758620689655173,0.6415928658739719,0.9296549689194286,3,0.31935494126696,1.9811843609593633,2.083483428172439,1.604892342282148e-8
10.344827586206897,6.0344827586206895,0.6073745796940266,1.04121356518976,1,0.09942764399482562,1.0614712782668487,1.1103044289830806,3.452253079424824e-12
10.344827586206897,6.0344827586206895,0.6073745796940266,1.04121356518976,2,0.21061534490387568,1.3147452792530556,1.5274877267682425,9.424605910796242e-14
10.344827586206897,6.0344827586206895,0.6073745796940266,1.04121356518976,3,0.3137098897538594,2.036299242778853,2.1038503640468855,1.556737814232e-9
11.310344827586206,7.689655172413793,0.5555255302079513,0.817095847122009,1,0.09201506001179457,1.043609248911792,1.077076344474742,6.3857573642655565e-9
11.310344827586206,7.689655172413793,0.5555255302079513,0.817095847122009,2,0.3263374143898806,1.8951788518742174,1.9967463862455936,2.576374369620992e-11
11.310344827586206,7.689655172413793,0.5555255302079513,0.817095847122009,3,0.26352498741425845,1.4958248609884448,1.6807105740285406,6.1033323504240775e-9
9.241379310344827,7.482758620689655,0.6798969175679404,0.8396883590240001,1,0.09479807851108228,1.0486409117364834,1.0947557448965666,1.575248095192509e-10
9.241379310344827,7.482758620689655,0.6798969175679404,0.8396883590240001,2,0.3086828623655503,1.736557223968843,1.96952852903251,8.083358560035509e-9
9.241379310344827,7.482758620689655,0.6798969175679404,0.8396883590240001,3,0.32293772582238467,1.927572615513106,2.062992365728989,8.812045886251654e-10
9.241379310344827,7.482758620689655,0.6798969175679404,0.8396883590240001,4,0.33791197353328806,1.8338781005949683,2.2433687378063,4.590653751791403e-9
9.241379310344827,7.482758620689655,0.6798969175679404,0.8396883590240001,5,0.3278740543280996,1.7796544389212952,2.1834926689787997,1.1821383864741265e-12
8.275862068965518,5.620689655172414,0.7592182246175333,1.117867324590233,1,0.1196302419099007,1.0942339773513474,1.187220592376827,6.1936812489531885e-15
8.275862068965518,5.620689655172414,0.7592182246175333,1.117867324590233,2,0.28462823181350455,1.69318922167556,2.0464686047001104,1.5333446561022043e-9
8.275862068965518,5.620689655172414,0.7592182246175333,1.117867324590233,3,0.32169962935020774,2.161718796107682,2.2592829866231128,2.440110362429755e-10
8.827586206896552,5.103448275862069,0.7117670855789375,1.2311646885689729,1,0.1460728452265603,1.1470805567164182,1.2847464054020896,1.3860237397013938e-9
8.827586206896552,5.103448275862069,0.7117670855789375,1.2311646885689729,2,0.31067046310917545,2.184610743465136,2.235846041610036,1.192566752924963e-11
8.827586206896552,5.103448275862069,0.7117670855789375,1.2311646885689729,3,0.2000878535380389,1.2962448133943059,1.5444018506311608,4.7814641151878456e-11
11.862068965517242,6.9655172413793105,0.529687133454093,0.9020414549911286,1,0.09244169185657237,1.0471391699385997,1.080108724512494,1.1665910859375118e-8
11.862068965517242,6.9655172413793105,0.529687133454093,0.9020414549911286,2,0.32355463216822244,1.9418195311568225,2.0200117197358374,2.2416948201441403e-8
11.862068965517242,6.9655172413793105,0.529687133454093,0.9020414549911286,3,0.20968510274195337,1.2994499008922165,1.4612030880660916,3.2431839375634673e-10
10.89655172413793,5.413793103448276,0.5766214364183798,1.1605883688420893,1,0.11076640622414198,1.0792112745469062,1.1395934179861948,4.949361098742197e-12
10.89655172413793,5.413793103448276,0.5766214364183798,1.1605883688420893,2,0.3064317853005605,2.075228941382406,2.1191323193259937,8.356173665841335e-14
9.793103448275861,6.862068965517241,0.6415928658739719,0.9156400698904925,1,0.09355703537186329,1.0505550235575518,1.0938875116460691,1.0250378412123997e-8
9.793103448275861,6.862068965517241,0.6415928658739719,0.9156400698904925,2,0.3198575477036307,1.97192338613943,2.0773341436521298,1.495244407879612e-8
9.793103448275861,6.862068965517241,0.6415928658739719,0.9156400698904925,3,0.27803466160388435,1.5940647872374518,1.8440934705995589,3.3095634613380904e-9
10.344827586206897,6.137931034482759,0.6073745796940266,1.0236650219562247,1,0.09806956469361897,1.0592636025667221,1.1063443196138392,9.50916632493556e-8
10.344827586206897,6.137931034482759,0.6073745796940266,1.0236650219562247,2,0.3146022263836052,2.0268887557801047,2.098135644481263,4.7492680771729247e-11
10.344827586206897,6.137931034482759,0.6073745796940266,1.0236650219562247,3,0.22089305614048274,1.3519989696268122,1.5754482549798103,4.505538635534974e-9
11.310344827586206,7.793103448275862,0.5555255302079513,0.8062494420717168,1,0.09221411008234072,1.0432977967382602,1.0767416947056727,8.223884386139158e-8
11.310344827586206,7.793103448275862,0.5555255302079513,0.8062494420717168,2,0.2669916396193877,1.5076096356645943,1.6902817543010547,5.622208570224204e-12
11.310344827586206,7.793103448275862,0.5555255302079513,0.8062494420717168,3,0.32687510993650326,1.8886058764531355,1.9923694004016186,4.962664913234196e-12
9.241379310344827,7.586206896551724,0.6798969175679404,0.8282380632191273,1,0.09509799886007812,1.048369689746517,1.0945930841341895,2.2597167598024637e-10
9.241379310344827,7.586206896551724,0.6798969175679404,0.8282380632191273,2,0.3226500824903634,1.7467226193913652,2.1457192359697874,2.5450316604547602e-11
9.241379310344827,7.586206896551724,0.6798969175679404,0.8282380632191273,3,0.32316931959815476,1.9189145340345561,2.056536416793412,2.096114337684966e-9
9.241379310344827,7.586206896551724,0.6798969175679404,0.8282380632191273,4,0.3483739122932769,1.888447524658864,2.2997264445373933,7.89190134491488e-9
8.275862068965518,5.724137931034483,0.7592182246175333,1.097664903061494,1,0.11518629370551833,1.0865395327421175,1.1718037272745412,5.793720010966738e-10
8.275862068965518,5.724137931034483,0.7592182246175333,1.097664903061494,2,0.32238354909208045,2.1485850122205026,2.2524551228438643,4.428412775139343e-14
8.275862068965518,5.724137931034483,0.7592182246175333,1.097664903061494,3,0.2891857366613138,1.717411846325525,2.066825913043257,1.0871951507247315e-12
11.862068965517242,7.068965517241379,0.529687133454093,0.888840848332722,1,0.09219227165618485,1.0463557007501147,1.0789225112616634,9.714379893311504e-14
11.862068965517242,7.068965517241379,0.529687133454093,0.888840848332722,2,0.3243682977041736,1.934527135873823,2.01538050391109,4.075233460629178e-12
11.862068965517242,7.068965517241379,0.529687133454093,0.888840848332722,3,0.2168919670528635,1.3234886418275855,1.489477708486571,2.564560675295151e-10
8.827586206896552,5.206896551724138,0.7117670855789375,1.2067044629682648,1,0.13754141573643477,1.128681238250872,1.2495883060042325,4.907820173357447e-10
8.827586206896552,5.206896551724138,0.7117670855789375,1.2067044629682648,2,0.3121654626109484,2.1753604958001627,2.2320750028782665,3.1639033255731995e-13
8.827586206896552,5.206896551724138,0.7117670855789375,1.2067044629682648,3,0.22034205464043566,1.3710182492602923,1.6551440452480795,1.5206448484578594e-8
9.793103448275861,6.9655172413793105,0.6415928658739719,0.9020414549911286,1,0.09330131201187064,1.049721668273571,1.092564226830148,2.1875196213847078e-13
9.793103448275861,6.9655172413793105,0.6415928658739719,0.9020414549911286,2,0.3203309962565998,1.9628289506796364,2.071219448077149,1.0325586443252162e-13
9.793103448275861,6.9655172413793105,0.6415928658739719,0.9020414549911286,3,0.28120289534480664,1.6065233207555472,1.8525941398520094,3.852021586435552e-11
10.89655172413793,5.517241379310345,0.5766214364183798,1.1388273369263,1,0.10823306513483419,1.0751286776176106,1.1322176184150057,7.05684202352236e-8
10.89655172413793,5.517241379310345,0.5766214364183798,1.1388273369263,2,0.3077484854990979,2.0677901379570773,2.113677102043478,4.017088582904173e-13
10.89655172413793,5.517241379310345,0.5766214364183798,1.1388273369263,3,0.12328297515176599,1.0964154632158325,1.172358491081114,3.4065450290864015e-10
10.344827586206897,6.241379310344827,0.6073745796940266,1.0066981983878895,1,0.09689606652919826,1.057311343318458,1.102875457638209,6.050656077142977e-14
10.344827586206897,6.241379310344827,0.6073745796940266,1.0066981983878895,2,0.315444711861885,2.017516471489844,2.092396850616418,2.855087625057798e-10
10.344827586206897,6.241379310344827,0.6073745796940266,1.0066981983878895,3,0.2293230584349736,1.3840527320459293,1.6140927233637483,3.091146184398011e-10
11.310344827586206,7.896551724137931,0.5555255302079513,0.7956872223065852,1,0.09246178879422852,1.0430345287445588,1.0764962318933597,2.6716878162477805e-11
11.310344827586206,7.896551724137931,0.5555255302079513,0.7956872223065852,2,0.27033775999615983,1.518775691748874,1.6991093594361608,3.08424207790222e-9
11.310344827586206,7.896551724137931,0.5555255302079513,0.7956872223065852,3,0.3273886296247903,1.8821953684832349,1.988072544736733,9.662907563379214e-10
9.241379310344827,7.689655172413793,0.6798969175679404,0.817095847122009,1,0.09546806863006561,1.048167778428908,1.0945768090063897,3.1034430046851574e-11
9.241379310344827,7.689655172413793,0.6798969175679404,0.817095847122009,2,0.31326516148927,1.7515852697033347,1.9740076751208808,2.556453230597325e-8
9.241379310344827,7.689655172413793,0.6798969175679404,0.817095847122009,3,0.32338125086120467,1.910437161139602,2.0501447835042113,8.230587521424287e-10
9.241379310344827,7.689655172413793,0.6798969175679404,0.817095847122009,4,0.3549756379846177,1.9235298943803478,2.3336376408852995,4.299635505789122e-10
11.862068965517242,7.172413793103448,0.529687133454093,0.8760210284048462,1,0.09201277827023473,1.0456502548488327,1.0778755965322613,6.059734707930128e-9
11.862068965517242,7.172413793103448,0.529687133454093,0.8760210284048462,2,0.32515334636866455,1.9273667015076228,2.0108235569954256,3.1059616273594223e-13
11.862068965517242,7.172413793103448,0.529687133454093,0.8760210284048462,3,0.22331198497508095,1.3453788620795681,1.5141253054002464,1.6967029309724488e-8
8.275862068965518,5.827586206896552,0.7592182246175333,1.0781797272675029,1,0.11162905502713001,1.0805200434769904,1.1597830126168613,7.377228475458676e-10
8.275862068965518,5.827586206896552,0.7592182246175333,1.0781797272675029,2,0.2933321819843138,1.7394522240205124,2.0841736336197174,1.0681064301175082e-10
8.275862068965518,5.827586206896552,0.7592182246175333,1.0781797272675029,3,0.32299319721888403,2.1355048970473898,2.2454116304812777,8.698848585854391e-12
8.827586206896552,5.310344827586207,0.7117670855789375,1.1831972331701817,1,0.13007625394010522,1.1138177607912707,1.2207499245477273,2.979191968212902e-11
8.827586206896552,5.310344827586207,0.7117670855789375,1.1831972331701817,2,0.31348887864391634,2.1650988328624043,2.2275961098314285,1.6182834787947555e-12
8.827586206896552,5.310344827586207,0.7117670855789375,1.1831972331701817,3,0.23437208711395452,1.429190359955428,1.732954849724919,6.597081451692973e-11
9.793103448275861,7.068965517241379,0.6415928658739719,0.888840848332722,1,0.0931415088534922,1.0489955840414231,1.091452847952244,1.844318278546751e-9
9.793103448275861,7.068965517241379,0.6415928658739719,0.888840848332722,2,0.2842239617852869,1.6181481011085248,1.860082422160946,3.427378835688383e-8
9.793103448275861,7.068965517241379,0.6415928658739719,0.888840848332722,3,0.3207768000955633,1.9539041082341795,2.065146441530643,3.215671430443697e-10
10.89655172413793,5.620689655172414,0.5766214364183798,1.117867324590233,1,0.10593369509815335,1.071465913667467,1.1256119806947686,8.9018301492899e-8
10.89655172413793,5.620689655172414,0.5766214364183798,1.117867324590233,2,0.12872200730863206,1.1044601224810155,1.1873753979563544,2.755629839766522e-8
10.89655172413793,5.620689655172414,0.5766214364183798,1.117867324590233,3,0.30901081838682265,2.059855748404323,2.1082376741271514,9.595810620299435e-10
10.344827586206897,6.344827586206897,0.6073745796940266,0.9902846408054782,1,0.09588915472635491,1.0555818722027894,1.0998356191037413,8.035533985357119e-11
10.344827586206897,6.344827586206897,0.6073745796940266,0.9902846408054782,2,0.3162413570529522,2.008214181379871,2.0866480231584985,9.309005106331188e-10
10.344827586206897,6.344827586206897,0.6073745796940266,0.9902846408054782,3,0.23644473690936346,1.4119475524795564,1.64576169194213,3.237549926414025e-11
11.310344827586206,8.0,0.5555255302079513,0.7853981633974483,1,0.0927560280038346,1.0428164646205924,1.07633521790431,2.965442716335541e-14
11.310344827586206,8.0,0.5555255302079513,0.7853981633974483,2,0.32787872388967937,1.8759515871163732,1.9838581552171757,1.2932886029921586e-10
11.310344827586206,8.0,0.5555255302079513,0.7853981633974483,3,0.27358223601717085,1.5293955086897497,1.7072983474723231,7.154365768856795e-10
9.241379310344827,7.793103448275862,0.6798969175679404,0.8062494420717168,1,0.0959050054254827,1.0480307549357073,1.0946989590650085,2.9958735961844685e-14
9.241379310344827,7.793103448275862,0.6798969175679404,0.8062494420717168,2,0.3235741758846862,1.9021407837026187,2.0438230066303444,1.3681917763377842e-8
9.241379310344827,7.793103448275862,0.6798969175679404,0.8062494420717168,3,0.3207760451369438,1.7249012546171438,2.1211207982415727,1.6604079651994363e-8
9.241379310344827,7.793103448275862,0.6798969175679404,0.8062494420717168,4,0.3155194184745128,1.7586956281974762,1.9759470763830669,2.2748962609187577e-9
9.241379310344827,7.793103448275862,0.6798969175679404,0.8062494420717168,5,0.36038955235389053,1.9538268402065655,2.3611013006432575,2.100404921275663e-8
11.862068965517242,7.275862068965517,0.529687133454093,0.8635657531194693,1,0.09189873141807331,1.0450166634244415,1.076956823827171,9.347604824027615e-14
11.862068965517242,7.275862068965517,0.529687133454093,0.8635657531194693,2,0.22910295254987248,1.3653755076865288,1.5357444926938228,5.415642842553262e-11
11.862068965517242,7.275862068965517,0.529687133454093,0.8635657531194693,3,0.3259105251958318,1.9203423703689593,2.0063414996140185,1.266812336077614e-13
8.275862068965518,5.931034482758621,0.7592182246175333,1.059374266908186,1,0.10874415028610628,1.0756923737255935,1.1501991918354912,5.787232679669022e-8
8.275862068965518,5.931034482758621,0.7592182246175333,1.059374266908186,2,0.3235400019994367,2.1225342815647457,2.2382068135779796,5.183129757308988e-10
8.275862068965518,5.931034482758621,0.7592182246175333,1.059374266908186,3,0.2971415471658711,1.7596276859702096,2.098998671214834,7.61609195226943e-12
9.793103448275861,7.172413793103448,0.6415928658739719,0.8760210284048462,1,0.09307041331070913,1.0483665475198412,1.090533625264904,4.222213222336882e-8
9.793103448275861,7.172413793103448,0.6415928658739719,0.8760210284048462,2,0.32119618703417613,1.9451510021582097,2.059121136137669,6.656149403035879e-11
9.793103448275861,7.172413793103448,0.6415928658739719,0.8760210284048462,3,0.2871221804810169,1.6290476853048113,1.866715385748959,1.2685361114430536e-12
8.827586206896552,5.413793103448276,0.7117670855789375,1.1605883688420893,1,0.1238430210816456,1.1021799668048948,1.197965538345599,1.9755440783509414e-9
8.827586206896552,5.413793103448276,0.7117670855789375,1.1605883688420893,2,0.24494280982262967,1.4760349317679575,1.7906459530427767,2.0491495632115294e-10
8.827586206896552,5.413793103448276,0.7117670855789375,1.1605883688420893,3,0.31466180308178043,2.154144385598701,2.222527024006,5.75342585840493e-13
10.344827586206897,6.448275862068965,0.6073745796940266,0.9743977214342674,1,0.09503330780160511,1.0540483737783937,1.0971728720085232,3.328894081649644e-9
10.344827586206897,6.448275862068965,0.6073745796940266,0.9743977214342674,2,0.31699572505213186,1.9990063636639253,2.080901692381734,6.842880079412416e-10
10.344827586206897,6.448275862068965,0.6073745796940266,0.9743977214342674,3,0.24261288185777452,1.4365181969479277,1.6721348137161802,7.95957926761598e-11
10.89655172413793,5.724137931034483,0.5766214364183798,1.097664903061494,1,0.10386355839110584,1.0681898755483878,1.1197230692261713,8.776399038098144e-11
10.89655172413793,5.724137931034483,0.5766214364183798,1.097664903061494,2,0.31021534061471934,2.05156587733583,2.102792984144758,1.934023576845712e-9
10.89655172413793,5.724137931034483,0.5766214364183798,1.097664903061494,3,0.1354698725805825,1.115469354136882,1.2073898783073278,2.657126771958927e-10
9.241379310344827,7.896551724137931,0.6798969175679404,0.7956872223065852,1,0.09640600633580863,1.0479548411227122,1.0949529272985994,1.6416436053490662e-10
9.241379310344827,7.896551724137931,0.6798969175679404,0.7956872223065852,2,0.36528500689877247,1.9839720365762454,2.3862273490931516,2.459118608131891e-11
9.241379310344827,7.896551724137931,0.6798969175679404,0.7956872223065852,3,0.32374879225019754,1.894026287416857,2.0375766383111875,2.5711196332440282e-8
9.241379310344827,7.896551724137931,0.6798969175679404,0.7956872223065852,4,0.31775770529926545,1.765587734180009,1.9777513692349693,9.197426818262046e-10
9.241379310344827,7.896551724137931,0.6798969175679404,0.7956872223065852,5,0.320979814411231,1.7195331180620033,2.1155756228102733,1.2251032230033341e-11
11.448275862068966,5.0,0.548832451530747,1.2566370614359172,1,0.3014832106227964,2.080767432165932,2.132494619409324,3.3472915299689984e-9
11.448275862068966,5.0,0.548832451530747,1.2566370614359172,2,0.10421545925089254,1.0740496024000086,1.1243083961485343,3.339045142632092e-12
11.862068965517242,7.379310344827586,0.529687133454093,0.8514596911598504,1,0.09184605349984885,1.0444493341797931,1.076156257468504,7.040635256656003e-9
11.862068965517242,7.379310344827586,0.529687133454093,0.8514596911598504,2,0.32664049800750133,1.9134575496618407,2.0019350146223602,1.5328184907328352e-14
11.862068965517242,7.379310344827586,0.529687133454093,0.8514596911598504,3,0.23439008637530695,1.3837300359775266,1.5548512570000557,2.940436245120342e-13
9.793103448275861,7.275862068965517,0.6415928658739719,0.8635657531194693,1,0.09308164654166493,1.0478257158745194,1.089789553156101,4.699925171626116e-8
9.793103448275861,7.275862068965517,0.6415928658739719,0.8635657531194693,2,0.3215901928839586,1.9365711678444977,2.0531490469691285,1.3584179412781562e-8
9.793103448275861,7.275862068965517,0.6415928658739719,0.8635657531194693,3,0.2899177460142008,1.6393137306090506,1.8726251408294037,4.310951354538787e-11
8.275862068965518,6.0344827586206895,0.7592182246175333,1.04121356518976,1,0.10638766951332741,1.0717495546980729,1.1424355049183674,1.8572694591842665e-9
8.275862068965518,6.0344827586206895,0.7592182246175333,1.04121356518976,2,0.3240336531836256,2.1097142016547545,2.2308847337374345,1.1271607758534952e-10
8.275862068965518,6.0344827586206895,0.7592182246175333,1.04121356518976,3,0.30067052254142324,1.7781811982581537,2.1116766528860156,1.7806640389806064e-8
8.275862068965518,6.0344827586206895,0.7592182246175333,1.04121356518976,4,0.5198987942313634,3.4729077270565805,3.508893953157897,8.241420251363874e-9
8.827586206896552,5.517241379310345,0.7117670855789375,1.1388273369263,1,0.11870174460275151,1.0930466235630305,1.180008859958549,2.3476611826192248e-8
8.827586206896552,5.517241379310345,0.7117670855789375,1.1388273369263,2,0.3157041288158753,2.142731952668849,2.2169737694115996,3.2103039515273815e-10
8.827586206896552,5.517241379310345,0.7117670855789375,1.1388273369263,3,0.253399821551316,1.515021098356617,1.8353634371129228,5.212247318151877e-13
10.344827586206897,6.551724137931035,0.6073745796940266,0.9590124942537263,1,0.09431458670258694,1.0526877157910839,1.0948426015030768,4.1792837901000864e-8
10.344827586206897,6.551724137931035,0.6073745796940266,0.9590124942537263,2,0.24806475954887472,1.4583988407528565,1.6944017393215351,5.371340680169153e-14
10.344827586206897,6.551724137931035,0.6073745796940266,0.9590124942537263,3,0.31771093350456764,1.989911771191206,2.075168880467327,1.747987248486466e-13
10.89655172413793,5.827586206896552,0.5766214364183798,1.0781797272675029,1,0.10201275200391008,1.0652644873125472,1.1144888161354949,1.2468396706752259e-8
10.89655172413793,5.827586206896552,0.5766214364183798,1.0781797272675029,2,0.14406459578471179,1.1310536748252056,1.2349306383725103,1.149838781395613e-11
10.89655172413793,5.827586206896552,0.5766214364183798,1.0781797272675029,3,0.31136201209405184,2.043032464073203,2.097336259828308,2.74133519732692e-9
9.241379310344827,8.0,0.6798969175679404,0.7853981633974483,1,0.09696869354555472,1.0479368168929437,1.0953332871520252,2.270254727482575e-11
9.241379310344827,8.0,0.6798969175679404,0.7853981633974483,2,0.3215344047514884,1.715787504408763,2.112107331672125,1.1383260471775424e-13
9.241379310344827,8.0,0.6798969175679404,0.7853981633974483,3,0.31998566304894793,1.772296003512622,1.979462862780474,5.854067862204331e-10
9.241379310344827,8.0,0.6798969175679404,0.7853981633974483,4,0.323905998393782,1.8860948914884885,2.0314117157802074,1.1555615917851694e-11
9.241379310344827,8.0,0.6798969175679404,0.7853981633974483,5,0.37025522712664544,2.020021842325876,2.4128023973976824,2.2622495035521427e-12
11.448275862068966,5.103448275862069,0.548832451530747,1.2311646885689729,1,0.10598567724165046,1.0750549093853865,1.1270811043968239,3.1847646612770147e-10
11.448275862068966,5.103448275862069,0.548832451530747,1.2311646885689729,2,0.3026099922374476,2.077985354631897,2.1247884963378922,6.887636939213955e-11
11.448275862068966,5.103448275862069,0.548832451530747,1.2311646885689729,3,0.4684781892486689,2.9578242894342592,3.067070848676766,2.3402508352271254e-10
11.862068965517242,7.482758620689655,0.529687133454093,0.8396883590240001,1,0.09185107268493653,1.0439433483228395,1.0754651163991096,2.1520564421683621e-10
11.862068965517242,7.482758620689655,0.529687133454093,0.8396883590240001,2,0.2392704062329698,1.400665646982002,1.571868246772158,1.0366156278192747e-12
11.862068965517242,7.482758620689655,0.529687133454093,0.8396883590240001,3,0.32734385747764816,1.9067151896233465,1.997604795614771,7.41674343343339e-12
9.793103448275861,7.379310344827586,0.6415928658739719,0.8514596911598504,1,0.0931699297584267,1.0473658940977701,1.0892067583663971,1.9573944822812785e-12
9.793103448275861,7.379310344827586,0.6415928658739719,0.8514596911598504,2,0.3219597042899119,1.928165739305236,2.0472353241211456,2.4931266435084944e-8
9.793103448275861,7.379310344827586,0.6415928658739719,0.8514596911598504,3,0.29262767362111636,1.6490257074826662,1.8779241558717517,1.1782422495453489e-12
8.275862068965518,6.137931034482759,0.7592182246175333,1.0236650219562247,1,0.10445778943336885,1.0684846185199817,1.1360735608440031,1.5970014265730357e-13
8.275862068965518,6.137931034482759,0.7592182246175333,1.0236650219562247,2,0.30396353060866294,1.7953028307334438,2.122504448302049,6.996922423339421e-11
8.275862068965518,6.137931034482759,0.7592182246175333,1.0236650219562247,3,0.3244824278504941,2.0970746255709383,2.2234813066062973,6.441163016655074e-9
10.344827586206897,6.655172413793103,0.6073745796940266,0.9441055642912332,1,0.0937208344301545,1.051480557853646,1.092807149776174,1.5568256526564853e-11
10.344827586206897,6.655172413793103,0.6073745796940266,0.9441055642912332,2,0.3183896822252302,1.9809446503192554,2.069459232845985,1.868115758108101e-9
10.344827586206897,6.655172413793103,0.6073745796940266,0.9441055642912332,3,0.2529644878322811,1.4780718605190493,1.7134209578292232,1.2436858043730853e-9
10.89655172413793,5.931034482758621,0.5766214364183798,1.059374266908186,1,0.1003680577113428,1.0626539005202735,1.1098446613838344,8.02685184245888e-9
10.89655172413793,5.931034482758621,0.5766214364183798,1.059374266908186,2,0.31245267392252674,2.034344492432643,2.0918688608685096,2.8195030673466456e-9
10.89655172413793,5.931034482758621,0.5766214364183798,1.059374266908186,3,0.15516339563716905,1.1537065559442388,1.2736090884088735,1.4864956996252244e-9
8.827586206896552,5.620689655172414,0.7117670855789375,1.117867324590233,1,0.11445617883718927,1.0857785375637383,1.1657104743288706,6.131055976741716e-12
8.827586206896552,5.620689655172414,0.7117670855789375,1.117867324590233,2,0.31663362956535535,2.131035583219065,2.2110278686553393,2.3842613368946068e-9
9.379310344827585,5.0,0.6698984334860589,1.2566370614359172,1,0.12888390187002993,1.1137504644094358,1.214298678143996,1.145502215209244e-8
9.379310344827585,5.0,0.6698984334860589,1.2566370614359172,2,0.30479992075717405,2.157972581494141,2.200189977695784,7.952357239763308e-12
11.448275862068966,5.206896551724138,0.548832451530747,1.2067044629682648,1,0.10799848292522639,1.0765215606339382,1.130584406268468,5.100838409397222e-12
11.448275862068966,5.206896551724138,0.548832451530747,1.2067044629682648,2,0.30389248207126646,2.0739794444802335,2.1180229538897923,7.973776987036128e-12
11.862068965517242,7.586206896551724,0.529687133454093,0.8282380632191273,1,0.09191051607983729,1.043494301704017,1.074875688428955,1.6675895275078472e-8
11.862068965517242,7.586206896551724,0.529687133454093,0.8282380632191273,2,0.24381922782037596,1.4163734687249132,1.5871376503902448,1.9787037772913198e-11
11.862068965517242,7.586206896551724,0.529687133454093,0.8282380632191273,3,0.32802115343185484,1.9001180568078286,1.9933516182642301,4.134552397983177e-9
9.793103448275861,7.482758620689655,0.6415928658739719,0.8396883590240001,1,0.09333032019614237,1.04698029432394,1.0887726930381338,6.475165353773092e-9
9.793103448275861,7.482758620689655,0.6415928658739719,0.8396883590240001,2,0.32230545411372336,1.91993595703623,2.0413844166586914,5.493730014061549e-9
9.793103448275861,7.482758620689655,0.6415928658739719,0.8396883590240001,3,0.2952663727126597,1.6582523406586123,1.8827086399673125,6.281858279495989e-10
8.275862068965518,6.241379310344827,0.7592182246175333,1.0066981983878895,1,0.10288029203622932,1.06575352185643,1.1308198271117593,3.606118656773179e-12
8.275862068965518,6.241379310344827,0.7592182246175333,1.0066981983878895,2,0.3248934216778516,2.084637099740317,2.216025681577803,1.3995398231654501e-9
8.275862068965518,6.241379310344827,0.7592182246175333,1.0066981983878895,3,0.3070561662157358,1.8111449040785617,2.131723015433092,3.8809802627493347e-11
10.344827586206897,6.758620689655173,0.6073745796940266,0.9296549689194286,1,0.09324111916741555,1.0504098727586657,1.0910339457465907,1.1637853834978896e-9
10.344827586206897,6.758620689655173,0.6073745796940266,0.9296549689194286,2,0.3190342588151362,1.9721156223908167,2.063780965642445,5.797788181689782e-13
10.344827586206897,6.758620689655173,0.6073745796940266,0.9296549689194286,3,0.632532504209554,4.068124475785121,3.863225438250284,2.1864565371779103e-11
10.344827586206897,6.758620689655173,0.6073745796940266,0.9296549689194286,4,0.2574295227324654,1.4959095572109988,1.729827583041724,6.0662342226812985e-12
10.89655172413793,6.0344827586206895,0.5766214364183798,1.04121356518976,1,0.0989150489950328,1.0603243030962695,1.1057285612303225,9.64650510785287e-11
10.89655172413793,6.0344827586206895,0.5766214364183798,1.04121356518976,2,0.16889266363590744,1.1856874637288348,1.3257778478170845,1.9538117492593974e-11
10.89655172413793,6.0344827586206895,0.5766214364183798,1.04121356518976,3,0.31349007919285893,2.0255722442978477,2.0863962524859136,3.1685729636597755e-13
8.827586206896552,5.724137931034483,0.7117670855789375,1.097664903061494,1,0.11093377388987243,1.079902410050388,1.1541751972842704,1.283661850692262e-12
8.827586206896552,5.724137931034483,0.7117670855789375,1.097664903061494,2,0.3174657910707143,2.1191849437455117,2.2047666928610763,2.5068761928900873e-9
8.827586206896552,5.724137931034483,0.7117670855789375,1.097664903061494,3,0.5097098683202332,3.404953245467895,3.437799731196609,8.519038987105084e-10
9.379310344827585,5.103448275862069,0.6698984334860589,1.2311646885689729,1,0.13371266307378116,1.1212069973547905,1.2294336653137536,7.007792380026108e-8
9.379310344827585,5.103448275862069,0.6698984334860589,1.2311646885689729,2,0.47398106567029874,3.110608976661276,3.226291618782925,2.2417974686643322e-12
9.379310344827585,5.103448275862069,0.6698984334860589,1.2311646885689729,3,0.30646605014054623,2.151911332699685,2.196638555497183,1.8675593241920313e-12
11.448275862068966,5.310344827586207,0.548832451530747,1.1831972331701817,1,0.110286712250385,1.0785077592221028,1.13492718955776,2.97389591036647e-8
11.448275862068966,5.310344827586207,0.548832451530747,1.1831972331701817,2,0.3052392240361568,2.0688815257836106,2.111809582432109,4.298476214910275e-10
11.862068965517242,7.689655172413793,0.529687133454093,0.817095847122009,1,0.09202137620397925,1.0430982601788472,1.0743810285949835,1.4676264195782851e-9
11.862068965517242,7.689655172413793,0.529687133454093,0.817095847122009,2,0.3286729128828607,1.8936688799823567,1.9891763498559687,1.094686773488861e-8
11.862068965517242,7.689655172413793,0.529687133454093,0.817095847122009,3,0.2480954881651903,1.4310151034265508,1.6009363302118784,4.845888556188708e-12
9.793103448275861,7.586206896551724,0.6415928658739719,0.8282380632191273,1,0.09355871233952165,1.0466634630754963,1.0884770783797795,1.3966124098804585e-13
9.793103448275861,7.586206896551724,0.6415928658739719,0.8282380632191273,2,0.32262817899643637,1.9118828876429301,2.0356012686397422,4.456910404636104e-12
9.793103448275861,7.586206896551724,0.6415928658739719,0.8282380632191273,3,0.2978461394283323,1.6670535980280046,1.8870614065591906,8.853049422768445e-13
10.344827586206897,6.862068965517241,0.6073745796940266,0.9156400698904925,1,0.09286596118749706,1.0494614307644419,1.0894954905988918,6.150861040941252e-9
10.344827586206897,6.862068965517241,0.6073745796940266,0.9156400698904925,2,0.31964663512442004,1.9634327671525797,2.058141388228263,2.3748218066379383e-9
10.344827586206897,6.862068965517241,0.6073745796940266,0.9156400698904925,3,0.26154657644211415,1.512204390840783,1.7441033096735925,1.3613520956366989e-12
8.275862068965518,6.344827586206897,0.7592182246175333,0.9902846408054782,1,0.10159931083476548,1.0634521262773735,1.1264613634238896,4.444987053347749e-8
8.275862068965518,6.344827586206897,0.7592182246175333,0.9902846408054782,2,0.3099773422581731,1.8258319144875506,2.139531148530409,4.833929050586631e-9
8.275862068965518,6.344827586206897,0.7592182246175333,0.9902846408054782,3,0.32527276578985503,2.072416694130072,2.2085417646050303,1.4780413878544234e-8
10.89655172413793,6.137931034482759,0.5766214364183798,1.0236650219562247,1,0.0976386938754701,1.058244321524,1.1020821875306628,5.62132196131794e-13
10.89655172413793,6.137931034482759,0.5766214364183798,1.0236650219562247,2,0.18360062015294348,1.2248981748486234,1.3860602101735306,1.7638020779629505e-9
10.89655172413793,6.137931034482759,0.5766214364183798,1.0236650219562247,3,0.31447738178092216,2.0167710978029896,2.080926056279496,1.6770654177509828e-14
8.827586206896552,5.827586206896552,0.7117670855789375,1.0781797272675029,1,0.10799789197785609,1.0750816012725357,1.1447530264174293,3.365758879117853e-8
8.827586206896552,5.827586206896552,0.7117670855789375,1.0781797272675029,2,0.27178242171329026,1.6025934474908186,1.9244419673351647,3.103039757975469e-12
8.827586206896552,5.827586206896552,0.7117670855789375,1.0781797272675029,3,0.3182139225119228,2.1072768654929996,2.1982548541661737,7.635734076943395e-10
11.862068965517242,7.793103448275862,0.529687133454093,0.8062494420717168,1,0.09218102656277628,1.042751739857555,1.0739751434720062,9.97631488686751e-10
11.862068965517242,7.793103448275862,0.529687133454093,0.8062494420717168,2,0.25214583464042517,1.4447269165962418,1.6134895166852736,1.0789803220419083e-9
11.862068965517242,7.793103448275862,0.529687133454093,0.8062494420717168,3,0.32929965810184286,1.8873707012745147,1.985079891102734,1.1711689050274096e-12
9.379310344827585,5.206896551724138,0.6698984334860589,1.2067044629682648,1,0.1279981229930275,1.1100409731741017,1.208230108712957,5.331496938596523e-8
9.379310344827585,5.206896551724138,0.6698984334860589,1.2067044629682648,2,0.3080080852070008,2.1443420559161437,2.1926590057648347,1.765660790412265e-8
9.379310344827585,5.206896551724138,0.6698984334860589,1.2067044629682648,3,0.15585387725738475,1.1655661528994412,1.3132210573961702,3.093195953510582e-11
11.448275862068966,5.413793103448276,0.548832451530747,1.1605883688420893,1,0.10960718867900802,1.07682857202079,1.1322502698622512,1.4472698060729972e-8
11.448275862068966,5.413793103448276,0.548832451530747,1.1605883688420893,2,0.3065968353472094,2.06288425077823,2.1059199498417884,5.101532353193264e-11
9.793103448275861,7.689655172413793,0.6415928658739719,0.817095847122009,1,0.09385148198801514,1.046410571976229,1.0883110598858923,3.0224885743258056e-11
9.793103448275861,7.689655172413793,0.6415928658739719,0.817095847122009,2,0.3229285786068012,1.9040081818681824,2.029890461243343,2.2095566267372788e-9
9.793103448275861,7.689655172413793,0.6415928658739719,0.817095847122009,3,0.3003775192438221,1.6754820519430196,1.891054012999939,2.4586164409079424e-12
10.344827586206897,6.9655172413793105,0.6073745796940266,0.9020414549911286,1,0.09258699474481095,1.0486229772693305,1.0881682173045966,6.097499370464959e-12
10.344827586206897,6.9655172413793105,0.6073745796940266,0.9020414549911286,2,0.320228448861738,1.95490195145854,2.052546670067657,9.030468673902717e-11
10.344827586206897,6.9655172413793105,0.6073745796940266,0.9020414549911286,3,0.265381416154335,1.5271901402812191,1.7566218281165087,2.7620951221517106e-8
10.89655172413793,6.241379310344827,0.5766214364183798,1.0066981983878895,1,0.09652464984973992,1.0563860775631404,1.0988532867263217,3.888016482388821e-8
10.89655172413793,6.241379310344827,0.5766214364183798,1.0066981983878895,2,0.3154177860954277,2.0079845316580505,2.075466571853207,3.5857286276545274e-9
10.89655172413793,6.241379310344827,0.5766214364183798,1.0066981983878895,3,0.19692182410259854,1.2648497701321477,1.443452639606336,7.476662111134211e-13
8.275862068965518,6.448275862068965,0.7592182246175333,0.9743977214342674,1,0.10057159815079263,1.061503094122117,1.122839252212499,8.544138898953592e-11
8.275862068965518,6.448275862068965,0.7592182246175333,0.9743977214342674,2,0.32562570711193606,2.0604231612774893,2.2010485094615557,1.228333593591223e-8
8.275862068965518,6.448275862068965,0.7592182246175333,0.9743977214342674,3,0.3127509168620821,1.8394680534237686,2.146096291169133,9.303268197643863e-13
11.862068965517242,7.896551724137931,0.529687133454093,0.7956872223065852,1,0.09238702803012201,1.0424515805781054,1.0736525824158782,1.7043285699146054e-8
11.862068965517242,7.896551724137931,0.529687133454093,0.7956872223065852,2,0.25600760671011685,1.4576241845678397,1.6249817088393388,2.6385238019267883e-10
11.862068965517242,7.896551724137931,0.529687133454093,0.7956872223065852,3,0.32990200029905403,1.881226981724545,1.981063676617595,1.413191508139357e-9
8.827586206896552,5.931034482758621,0.7117670855789375,1.059374266908186,1,0.1055431703078069,1.0710766649890662,1.1369746522907354,2.2364058884538004e-12
8.827586206896552,5.931034482758621,0.7117670855789375,1.059374266908186,2,0.31888940803976856,2.095383853703849,2.191546096518815,1.280610430615717e-13
8.827586206896552,5.931034482758621,0.7117670855789375,1.059374266908186,3,0.2764979900734614,1.625253324654543,1.944657725383464,4.355287807015067e-14
11.448275862068966,5.517241379310345,0.548832451530747,1.1388273369263,1,0.10733730896315577,1.0732010457505199,1.1258608156154741,1.1160097742387662e-11
11.448275862068966,5.517241379310345,0.548832451530747,1.1388273369263,2,0.3079351776303642,2.056179428733461,2.100222799517776,3.434248756726299e-10
9.379310344827585,5.310344827586207,0.6698984334860589,1.1831972331701817,1,0.12281782823846152,1.1004643011343054,1.1898874004991988,1.5087068476725966e-12
9.379310344827585,5.310344827586207,0.6698984334860589,1.1831972331701817,2,0.17938761936651862,1.2248220484339767,1.4170381936400693,7.053103176502216e-9
9.379310344827585,5.310344827586207,0.6698984334860589,1.1831972331701817,3,0.3094192588590825,2.135667182560794,2.188230798489812,6.923872254595693e-11
9.379310344827585,5.310344827586207,0.6698984334860589,1.1831972331701817,4,0.48649634322450824,3.213134829194941,3.290865072873578,2.2912291665448132e-9
9.793103448275861,7.793103448275862,0.6415928658739719,0.8062494420717168,1,0.09420547933538481,1.0462174568062943,1.088267107059933,7.110364364464165e-11
9.793103448275861,7.793103448275862,0.6415928658739719,0.8062494420717168,2,0.3232073682777465,1.8963137597024502,2.024256596823902,7.115916885500145e-13
9.793103448275861,7.793103448275862,0.6415928658739719,0.8062494420717168,3,0.32925844621627515,1.7658072082453344,2.1463930239858313,2.262831193882238e-12
9.793103448275861,7.793103448275862,0.6415928658739719,0.8062494420717168,4,0.3028696069133894,1.6835840618999531,1.8947485449901313,1.0152812184728687e-13
10.344827586206897,7.068965517241379,0.6073745796940266,0.888840848332722,1,0.09239680663775218,1.0478838318084767,1.0870318142335131,6.38995537817598e-8
10.344827586206897,7.068965517241379,0.6073745796940266,0.888840848332722,2,0.26898481759513293,1.541055288359518,1.7676771781927934,4.0967034653654964e-10
10.344827586206897,7.068965517241379,0.6073745796940266,0.888840848332722,3,0.32078108693573953,1.9465275906246258,2.047002282264936,2.6744243818546996e-13
10.89655172413793,6.344827586206897,0.5766214364183798,0.9902846408054782,1,0.09555927387338185,1.0547249532784568,1.0959951493019893,1.9284064233484356e-12
10.89655172413793,6.344827586206897,0.5766214364183798,0.9902846408054782,2,0.31631434958621174,1.9992464417045261,2.0700259278454993,1.1868128471484497e-11
10.89655172413793,6.344827586206897,0.5766214364183798,0.9902846408054782,3,0.20805607359539574,1.3013441423028338,1.4924321179787379,6.304286907677997e-9
8.275862068965518,6.551724137931035,0.7592182246175333,0.9590124942537263,1,0.09976346394534408,1.0598478901120763,1.1198335108205975,1.7218443699520422e-11
8.275862068965518,6.551724137931035,0.7592182246175333,0.9590124942537263,2,0.32595680848142783,2.048662446271269,2.1935613364378437,1.012099069827714e-12
8.275862068965518,6.551724137931035,0.7592182246175333,0.9590124942537263,3,0.31539685459119665,1.8521424587706499,2.151562099051917,6.7753705415316625e-9
11.862068965517242,8.0,0.529687133454093,0.7853981633974483,1,0.09263733023309391,1.0421950614904947,1.073408752827305,1.4070361556576288e-11
11.862068965517242,8.0,0.529687133454093,0.7853981633974483,2,0.2597111483704256,1.469805261239774,1.63556582684445,1.7865457833795075e-8
11.862068965517242,8.0,0.529687133454093,0.7853981633974483,3,0.33048059588122947,1.8752417382993183,1.9771291095424357,1.6155895633089181e-10
8.827586206896552,6.0344827586206895,0.7117670855789375,1.04121356518976,1,0.10348848852341051,1.0677146727723221,1.1304978983321097,5.554429236468651e-11
8.827586206896552,6.0344827586206895,0.7117670855789375,1.04121356518976,2,0.28075518090357315,1.6456146521382897,1.9616822878368785,3.750787816004806e-11
8.827586206896552,6.0344827586206895,0.7117670855789375,1.04121356518976,3,0.3195019422751424,2.083560074905214,2.18468490323737,1.4838878329754873e-12
11.448275862068966,5.620689655172414,0.548832451530747,1.117867324590233,1,0.10525612848007042,1.0699000715364049,1.1200560804789532,2.3806352567908545e-9
11.448275862068966,5.620689655172414,0.548832451530747,1.117867324590233,2,0.30923787778557527,2.0489361964726402,2.0946438124709443,2.8644201810693278e-8
9.379310344827585,5.413793103448276,0.6698984334860589,1.1605883688420893,1,0.11825099703855287,1.092397975522195,1.17436411968247,2.2258176959501065e-12
9.379310344827585,5.413793103448276,0.6698984334860589,1.1605883688420893,2,0.3107043177297916,2.126195923812921,2.1833827853692362,1.2621209482619484e-11
9.379310344827585,5.413793103448276,0.6698984334860589,1.1605883688420893,3,0.20183824706590137,1.2944230539709967,1.5276212209869344,1.5132396226287893e-13
9.793103448275861,7.896551724137931,0.6415928658739719,0.7956872223065852,1,0.09461797194879346,1.0460805112317617,1.0883388361297235,1.1841949422100866e-12
9.793103448275861,7.896551724137931,0.6415928658739719,0.7956872223065852,2,0.32346535910304386,1.8888021076974166,2.018704544063131,2.361492806901806e-9
9.793103448275861,7.896551724137931,0.6415928658739719,0.7956872223065852,3,0.3053302764595614,1.6914006663743453,1.8981990042274208,3.1408354692688396e-13
9.793103448275861,7.896551724137931,0.6415928658739719,0.7956872223065852,4,0.3241305957646492,1.7337319500852204,2.110260641340517,1.4776854922943903e-11
9.793103448275861,7.896551724137931,0.6415928658739719,0.7956872223065852,5,0.35262826711653833,1.8912327710013628,2.275808398064881,3.040161687842852e-11
10.344827586206897,7.172413793103448,0.6073745796940266,0.8760210284048462,1,0.09228904589634469,1.047235140640989,1.0860692285791378,1.1817831998544268e-9
10.344827586206897,7.172413793103448,0.6073745796940266,0.8760210284048462,2,0.3213057096240826,1.938312971750179,2.0415130133392623,6.135912166533941e-10
10.344827586206897,7.172413793103448,0.6073745796940266,0.8760210284048462,3,0.27239721488203683,1.5539561762063077,1.7775075222066432,1.341779639093976e-10
10.89655172413793,6.448275862068965,0.5766214364183798,0.9743977214342674,1,0.09473011768914052,1.053239232616386,1.0934669031572588,7.303045821399837e-12
10.89655172413793,6.448275862068965,0.5766214364183798,0.9743977214342674,2,0.31716992874908473,1.9905833442601462,2.0646120185364105,2.259368014782855e-10
10.89655172413793,6.448275862068965,0.5766214364183798,0.9743977214342674,3,0.21729607162409253,1.3335544252187836,1.5330016147050185,3.336289201537779e-12
8.275862068965518,6.655172413793103,0.7592182246175333,0.9441055642912332,1,0.09914784917468025,1.0584411987277498,1.1173509751495017,3.3053692521805406e-9
8.275862068965518,6.655172413793103,0.7592182246175333,0.9441055642912332,2,0.3179320423754161,1.8639332175361587,2.1560536874382183,2.5933213775563265e-10
8.275862068965518,6.655172413793103,0.7592182246175333,0.9441055642912332,3,0.32626999350616276,2.037136876707814,2.186092471358302,2.291940216813243e-8
12.0,5.0,0.5235987755982988,1.2566370614359172,1,0.10290457414317679,1.0719710013368946,1.1177132850655132,2.9768182082348957e-10
12.0,5.0,0.5235987755982988,1.2566370614359172,2,0.3025921991160054,2.0676627248309014,2.1252238845661733,3.861979586911456e-11
12.0,5.0,0.5235987755982988,1.2566370614359172,3,0.46063196773951154,2.853829008671672,2.988419569713648,3.7864342875354614e-12
8.827586206896552,6.137931034482759,0.7117670855789375,1.0236650219562247,1,0.1017706858881736,1.064868531003468,1.125069049524694,2.5729188948414154e-12
8.827586206896552,6.137931034482759,0.7117670855789375,1.0236650219562247,2,0.3200597632566008,2.0718457945607565,2.1777079990127213,2.0523699159749035e-13
8.827586206896552,6.137931034482759,0.7117670855789375,1.0236650219562247,3,0.2846415189457468,1.664041803001181,1.9760763230342104,9.257061371790565e-9
11.448275862068966,5.724137931034483,0.548832451530747,1.097664903061494,1,0.10336369677027767,1.0669080480965085,1.11481077134625,1.2482506637912015e-8
11.448275862068966,5.724137931034483,0.548832451530747,1.097664903061494,2,0.12333333275292555,1.0940023166868473,1.164771090561295,2.801171883042275e-11
11.448275862068966,5.724137931034483,0.548832451530747,1.097664903061494,3,0.3104966559369027,2.0412960891900642,2.0891416726782666,3.2341352627165738e-12
9.379310344827585,5.517241379310345,0.6698984334860589,1.1388273369263,1,0.11428673680101709,1.0856443810173761,1.1613460341908741,1.143872690055436e-11
9.379310344827585,5.517241379310345,0.6698984334860589,1.1388273369263,2,0.31187283321808623,2.1161646999252337,2.178163065283524,5.2581054234144e-9
9.379310344827585,5.517241379310345,0.6698984334860589,1.1388273369263,3,0.2181877359133103,1.353444832556457,1.61227307395104,3.4081692590987817e-10
9.793103448275861,8.0,0.6415928658739719,0.7853981633974483,1,0.09508661285793439,1.0459966156402598,1.0885208844969885,2.8707627271771588e-8
9.793103448275861,8.0,0.6415928658739719,0.7853981633974483,2,0.32370346424989477,1.8814762925914656,2.013239186135084,3.4098891910006604e-10
9.793103448275861,8.0,0.6415928658739719,0.7853981633974483,3,0.3077663720764099,1.6989683426403794,1.9014524736430343,7.557733407405183e-13
9.793103448275861,8.0,0.6415928658739719,0.7853981633974483,4,0.3594137219426017,1.9284555935899204,2.3098159494964303,3.2345852250621815e-9
10.344827586206897,7.275862068965517,0.6073745796940266,0.8635657531194693,1,0.09225787882100897,1.0466687671295103,1.0852652634591302,6.683959000349363e-13
10.344827586206897,7.275862068965517,0.6073745796940266,0.8635657531194693,2,0.321803298475237,1.930260661385368,2.036083169137087,2.2576240252769934e-9
10.344827586206897,7.275862068965517,0.6073745796940266,0.8635657531194693,3,0.27565089540895077,1.5660218017712018,1.7863058047709526,8.792734447814873e-10
10.89655172413793,6.551724137931035,0.5766214364183798,0.9590124942537263,1,0.3179870800452545,1.9820156809561618,2.0592319069590284,1.878085405949923e-10
10.89655172413793,6.551724137931035,0.5766214364183798,0.9590124942537263,2,0.09402574897417083,1.0519100571543611,1.0912327014339094,2.2780887419884636e-10
10.89655172413793,6.551724137931035,0.5766214364183798,0.9590124942537263,3,0.22510276499565135,1.3619015302985586,1.5666827684494384,2.308946652846615e-13
8.275862068965518,6.758620689655173,0.7592182246175333,0.9296549689194286,1,0.09870294276444457,1.0572474982267936,1.115318771606609,4.75553361530501e-9
8.275862068965518,6.758620689655173,0.7592182246175333,0.9296549689194286,2,0.32656848461882043,2.025845592326448,2.178650270994707,6.22002485499152e-12
8.275862068965518,6.758620689655173,0.7592182246175333,0.9296549689194286,3,0.3203709614885231,1.8749101494718259,2.1596819768500612,7.692921335670768e-11
12.0,5.103448275862069,0.5235987755982988,1.2311646885689729,1,0.10424725017970195,1.0723491004755892,1.1193146994132495,4.509589249941988e-12
12.0,5.103448275862069,0.5235987755982988,1.2311646885689729,2,0.30355526919682924,2.0653650504782726,2.1164942777405207,1.8029149139270934e-11
12.0,5.103448275862069,0.5235987755982988,1.2311646885689729,3,0.4670871737707514,2.91129931111697,3.0222539302158906,7.089121893614203e-10
8.827586206896552,6.241379310344827,0.7117670855789375,1.0066981983878895,1,0.10034005751889509,1.0624430371671514,1.1204969977972097,1.2204378345966163e-11
8.827586206896552,6.241379310344827,0.7117670855789375,1.0066981983878895,2,0.32056986815760147,2.0602707170819765,2.1706457086820077,9.724207828588108e-9
8.827586206896552,6.241379310344827,0.7117670855789375,1.0066981983878895,3,0.28822306169517686,1.6808166635151693,1.9882684466468492,7.154936045441482e-11
11.448275862068966,5.827586206896552,0.548832451530747,1.0781797272675029,1,0.10165535082142559,1.064203376559185,1.1100894934368004,3.608902803207601e-10
11.448275862068966,5.827586206896552,0.548832451530747,1.0781797272675029,2,0.1280706402320479,1.1009225857404854,1.1772715901795676,2.212820156069342e-12
11.448275862068966,5.827586206896552,0.548832451530747,1.0781797272675029,3,0.311708022219377,2.0333746731605453,2.083694804684266,8.392642240461945e-10
9.379310344827585,5.620689655172414,0.6698984334860589,1.117867324590233,1,0.31293605235336197,2.1057546141476253,2.1726254247031864,7.522796376885021e-13
9.379310344827585,5.620689655172414,0.6698984334860589,1.117867324590233,2,0.11087200568662862,1.079982898904306,1.1504431230618606,1.3700860180561523e-10
9.379310344827585,5.620689655172414,0.6698984334860589,1.117867324590233,3,0.2302590658955883,1.4012794728812012,1.6750703350036806,2.8883525642684734e-11
9.931034482758621,5.0,0.6326818538479444,1.2566370614359172,1,0.11588215116512747,1.0917243532220664,1.1671095714998005,4.105004053684738e-11
9.931034482758621,5.0,0.6326818538479444,1.2566370614359172,2,0.30233776864682466,2.1309470881995916,2.172813923821023,1.0691309521365716e-9
10.344827586206897,7.379310344827586,0.6073745796940266,0.8514596911598504,1,0.0922983240898957,1.0461779510697633,1.0846071712491285,1.916563774300399e-10
10.344827586206897,7.379310344827586,0.6073745796940266,0.8514596911598504,2,0.3222746957268146,1.9223728188799778,2.0307167057924858,1.796804853207247e-8
10.344827586206897,7.379310344827586,0.6073745796940266,0.8514596911598504,3,0.27877220221432925,1.5773607399392773,1.7942314981346645,8.195198452447138e-13
10.89655172413793,6.655172413793103,0.5766214364183798,0.9441055642912332,1,0.09343590145757957,1.0507208655098748,1.089261436539882,1.019397539832261e-7
10.89655172413793,6.655172413793103,0.5766214364183798,0.9441055642912332,2,0.31876807182878075,1.973559207747147,2.053891948255793,3.0395410666537315e-12
10.89655172413793,6.655172413793103,0.5766214364183798,0.9441055642912332,3,0.23184374468498187,1.3870136709184804,1.5949565799992071,3.2834462339143873e-10
8.275862068965518,6.862068965517241,0.7592182246175333,0.9156400698904925,1,0.09841089297764206,1.056238474067432,1.113679012607518,4.887767689627562e-10
8.275862068965518,6.862068965517241,0.7592182246175333,0.9156400698904925,2,0.32272618623869703,1.8851372786848963,2.162546806214845,2.904720066136144e-9
8.275862068965518,6.862068965517241,0.7592182246175333,0.9156400698904925,3,0.3268551556166349,2.0147861030210303,2.1712418812079712,1.0412734027865466e-10
12.0,5.206896551724138,0.5235987755982988,1.2067044629682648,1,0.1057699466413592,1.0730824909173913,1.1214433648005315,9.4235061116148e-10
12.0,5.206896551724138,0.5235987755982988,1.2067044629682648,2,0.3047431424018253,2.0620456267177416,2.1089866571300484,1.792543479994461e-9
12.0,5.206896551724138,0.5235987755982988,1.2067044629682648,3,0.4741844413366937,2.9735482303015797,3.059480460613077,3.619052718623613e-14
8.827586206896552,6.344827586206897,0.7117670855789375,0.9902846408054782,1,0.09915698996401803,1.0603656019391436,1.1166354685811186,2.963116790682533e-8
8.827586206896552,6.344827586206897,0.7117670855789375,0.9902846408054782,2,0.3210381432401403,2.0488561616405963,2.163522713482374,5.991379234520454e-14
8.827586206896552,6.344827586206897,0.7117670855789375,0.9902846408054782,3,0.29155104893762834,1.6961620843035443,1.99859565062915,2.2430579855440424e-9
8.827586206896552,6.344827586206897,0.7117670855789375,0.9902846408054782,4,0.5845751619626183,3.996700991659383,3.827158446167604,1.472807837985497e-8
11.448275862068966,5.931034482758621,0.548832451530747,1.059374266908186,1,0.10012315813432715,1.0617624682122964,1.1058514726183828,5.6100330446232115e-12
11.448275862068966,5.931034482758621,0.548832451530747,1.059374266908186,2,0.31287124117951337,2.025264883107158,2.0782928086879813,2.0147991678719805e-10
11.448275862068966,5.931034482758621,0.548832451530747,1.059374266908186,3,0.13375680275598675,1.109985954685092,1.1932621603905185,1.6386050887033504e-11
10.344827586206897,7.482758620689655,0.6073745796940266,0.8396883590240001,1,0.0924059574603355,1.0457567459574788,1.0840838802432522,6.110177236337936e-11
10.344827586206897,7.482758620689655,0.6073745796940266,0.8396883590240001,2,0.32272064187743005,1.9146513564121115,2.025417220067796,1.3880703344257556e-10
10.344827586206897,7.482758620689655,0.6073745796940266,0.8396883590240001,3,0.2817828504835705,1.5880650089732788,1.801417574617628,1.04094966418957e-9
9.379310344827585,5.724137931034483,0.6698984334860589,1.097664903061494,1,0.10794150882265269,1.0752143960840963,1.1412876063727426,1.2257375710480762e-9
9.379310344827585,5.724137931034483,0.6698984334860589,1.097664903061494,2,0.3139052503503182,2.0951041750025547,2.1668222754852504,4.9683530149412735e-11
9.379310344827585,5.724137931034483,0.6698984334860589,1.097664903061494,3,0.23969793915403054,1.440842816565994,1.723215195684932,5.654265937214352e-12
9.931034482758621,5.103448275862069,0.6326818538479444,1.2311646885689729,1,0.12090356823215678,1.0982256944497024,1.1805512232450537,1.4219563172224272e-8
9.931034482758621,5.103448275862069,0.6326818538479444,1.2311646885689729,2,0.3038904113535402,2.1260603026780682,2.168198146401327,3.104276023213547e-8
10.89655172413793,6.758620689655173,0.5766214364183798,0.9296549689194286,1,0.09295121428522814,1.0496577744370421,1.0875258882476069,4.573036190324876e-10
10.89655172413793,6.758620689655173,0.5766214364183798,0.9296549689194286,2,0.23778161522877014,1.4094550690122356,1.6189860711859634,2.7905383227696747e-8
10.89655172413793,6.758620689655173,0.5766214364183798,0.9296549689194286,3,0.5711933645797067,3.651817778266526,3.5563869057605757,1.5879456992886074e-8
10.89655172413793,6.758620689655173,0.5766214364183798,0.9296549689194286,4,0.3195149074245621,1.9652260713846361,2.0485979535945225,2.0709855638866906e-8
8.275862068965518,6.9655172413793105,0.7592182246175333,0.9020414549911286,1,0.09825703156034894,1.0553913872958416,1.1123854397284063,7.585117345990322e-10
8.275862068965518,6.9655172413793105,0.7592182246175333,0.9020414549911286,2,0.32500876238410203,1.8946743466055604,2.164739222020951,5.4665542574976154e-11
8.275862068965518,6.9655172413793105,0.7592182246175333,0.9020414549911286,3,0.32713227439792714,2.003953346865682,2.163871314783049,4.250111079338659e-11
8.275862068965518,6.9655172413793105,0.7592182246175333,0.9020414549911286,4,0.3358490194610905,1.8595892637543139,2.3120187545023567,8.258264739725099e-10
8.275862068965518,6.9655172413793105,0.7592182246175333,0.9020414549911286,5,0.3217109577467229,1.7838521892469186,2.222878962678438,4.053439636143339e-12
8.275862068965518,6.9655172413793105,0.7592182246175333,0.9020414549911286,6,0.522616193166191,3.205315426092871,3.3166753962915165,1.265851530673555e-12
12.0,5.310344827586207,0.5235987755982988,1.1831972331701817,1,0.107488117297963,1.0741932687963693,1.124145517470296,3.9158824761894554e-9
12.0,5.310344827586207,0.5235987755982988,1.1831972331701817,2,0.3060458624475872,2.0576966953251405,2.1022453579127074,3.779720384700928e-9
12.0,5.310344827586207,0.5235987755982988,1.1831972331701817,3,0.4817427836577406,3.0385588171635463,3.098841655935008,8.448917983629521e-11
8.827586206896552,6.448275862068965,0.7117670855789375,0.9743977214342674,1,0.09818956938579161,1.0585801315253334,1.1133709784595216,2.0307803354291167e-12
8.827586206896552,6.448275862068965,0.7117670855789375,0.9743977214342674,2,0.29466615532907037,1.710258159795203,2.0073295834275395,2.2090629931855548e-8
8.827586206896552,6.448275862068965,0.7117670855789375,0.9743977214342674,3,0.32146959790514745,2.0376174098857875,2.1563595626538623,1.702298428552197e-11
11.448275862068966,6.0344827586206895,0.548832451530747,1.04121356518976,1,0.31398722363073456,2.017041223070028,2.0729324562321283,2.822565029851056e-8
11.448275862068966,6.0344827586206895,0.548832451530747,1.04121356518976,2,0.09875736592472972,1.0595616737733213,1.1020544909088112,1.1477487632306596e-13
11.448275862068966,6.0344827586206895,0.548832451530747,1.04121356518976,3,0.14070384142523173,1.1221186005382018,1.2141503916574095,2.808468797430909e-8
10.344827586206897,7.586206896551724,0.6073745796940266,0.8282380632191273,1,0.09257688466545934,1.0453999636435245,1.083685842777203,5.51083639439514e-9
10.344827586206897,7.586206896551724,0.6073745796940266,0.8282380632191273,2,0.2847009100607268,1.5982132104611484,1.8079758195305797,5.534709719818379e-13
10.344827586206897,7.586206896551724,0.6073745796940266,0.8282380632191273,3,0.3231418313697549,1.9070983843795906,2.020188417336793,1.0552128816359538e-11
9.379310344827585,5.827586206896552,0.6698984334860589,1.0781797272675029,1,0.10543165679225368,1.0711736418656301,1.1335665894458073,4.048807637437956e-9
9.379310344827585,5.827586206896552,0.6698984334860589,1.0781797272675029,2,0.31479103535966735,2.0843195575048066,2.1608019019815923,6.982753701602399e-10
9.379310344827585,5.827586206896552,0.6698984334860589,1.0781797272675029,3,0.24742203386335876,1.4743246885444106,1.7612909883967287,1.4940000882191037e-11
9.931034482758621,5.206896551724138,0.6326818538479444,1.2067044629682648,1,0.12223038983264209,1.0993248435311793,1.1832538185901325,1.563797833428409e-9
9.931034482758621,5.206896551724138,0.6326818538479444,1.2067044629682648,2,0.3053972242014082,2.1196960215440814,2.1635775334872083,2.2083185194484227e-11
10.89655172413793,6.862068965517241,0.5766214364183798,0.9156400698904925,1,0.09256354385193305,1.0487079156745458,1.0860027909780197,5.2500061038425745e-8
10.89655172413793,6.862068965517241,0.5766214364183798,0.9156400698904925,2,0.24310175292028424,1.429683099615168,1.6396437649485858,1.2642139246808753e-8
10.89655172413793,6.862068965517241,0.5766214364183798,0.9156400698904925,3,0.3202292976931783,1.9570255239927916,2.043354668341222,3.075638030589259e-8
8.275862068965518,7.068965517241379,0.7592182246175333,0.888840848332722,1,0.09822917932134466,1.054687753321318,1.1114006980984847,7.272181229880608e-9
8.275862068965518,7.068965517241379,0.7592182246175333,0.888840848332722,2,0.3274016874360606,1.9933406584265068,2.15654080239785,1.1951426917913463e-9
8.275862068965518,7.068965517241379,0.7592182246175333,0.888840848332722,3,0.3194701026605843,1.7661171811772394,2.2018473357474417,1.4085708119365759e-12
8.275862068965518,7.068965517241379,0.7592182246175333,0.888840848332722,4,0.3443478323926015,1.901776591548683,2.3594363447069773,1.75467067925606e-11
12.0,5.413793103448276,0.5235987755982988,1.1605883688420893,1,0.10895487034098679,1.075141013785069,1.1264213613265919,1.2744716477504836e-10
12.0,5.413793103448276,0.5235987755982988,1.1605883688420893,2,0.3073949941231526,2.052440612951296,2.0959843902284345,1.3750885411825343e-12
12.0,5.413793103448276,0.5235987755982988,1.1605883688420893,3,0.48957836106073593,3.104401491958817,3.1391777367603515,4.4857173818467654e-10
8.827586206896552,6.551724137931035,0.7117670855789375,0.9590124942537263,1,0.0974117773537283,1.0570423658103865,1.1106141874781517,3.370302919210808e-8
8.827586206896552,6.551724137931035,0.7117670855789375,0.9590124942537263,2,0.32186840187176113,2.0265645962707355,2.1491728069139056,5.1725262343418265e-11
8.827586206896552,6.551724137931035,0.7117670855789375,0.9590124942537263,3,0.2976012963562832,1.723253468972516,2.0146939201602603,2.256312063725161e-13
11.448275862068966,6.137931034482759,0.548832451530747,1.0236650219562247,1,0.09754736065752186,1.0575782570934318,1.0986572878118634,4.188838033427172e-8
11.448275862068966,6.137931034482759,0.548832451530747,1.0236650219562247,2,0.14930095412933064,1.1386941449458141,1.2419010416889935,5.474723270434005e-10
11.448275862068966,6.137931034482759,0.548832451530747,1.0236650219562247,3,0.3150574480729948,2.0087616322891964,2.067612424030006,3.971474424509855e-10
10.344827586206897,7.689655172413793,0.6073745796940266,0.817095847122009,1,0.09280764527991693,1.0451030445434248,1.08340475034931,2.8777813520666578e-8
10.344827586206897,7.689655172413793,0.6073745796940266,0.817095847122009,2,0.32353894288478363,1.8997161985022277,2.015033843987836,5.503246367072317e-9
10.344827586206897,7.689655172413793,0.6073745796940266,0.817095847122009,3,0.28754158310688904,1.6078730666066132,1.8140011001110983,1.1233110944466989e-8
9.379310344827585,5.931034482758621,0.6698984334860589,1.059374266908186,1,0.10328577957291835,1.0677282325531703,1.1270253097156107,8.428956194246676e-8
9.379310344827585,5.931034482758621,0.6698984334860589,1.059374266908186,2,0.31560301781121647,2.073482058199076,2.1546072890333052,5.420567787031343e-9
9.379310344827585,5.931034482758621,0.6698984334860589,1.059374266908186,3,0.2539568565311151,1.5031942340346327,1.7921149884337528,4.853782434607968e-9
10.89655172413793,6.9655172413793105,0.5766214364183798,0.9020414549911286,1,0.09226538383363019,1.0478607604071946,1.0846715419112418,4.168124573522983e-11
10.89655172413793,6.9655172413793105,0.5766214364183798,0.9020414549911286,2,0.24793790946888722,1.4480626936721692,1.6575883936671185,8.576696393853842e-13
10.89655172413793,6.9655172413793105,0.5766214364183798,0.9020414549911286,3,0.3209125565643784,1.948963741325748,2.0381655914493804,1.4505882585747129e-8
9.931034482758621,5.310344827586207,0.6326818538479444,1.1831972331701817,1,0.1181983571658395,1.092218129515166,1.169906296094169,2.717809969729417e-11
9.931034482758621,5.310344827586207,0.6326818538479444,1.1831972331701817,2,0.13562977213227528,1.1212076747672206,1.2254857140187319,1.4820795301528149e-9
9.931034482758621,5.310344827586207,0.6326818538479444,1.1831972331701817,3,0.306826188395259,2.112209436497486,2.158811774431037,6.20463110697412e-14
8.275862068965518,7.172413793103448,0.7592182246175333,0.8760210284048462,1,0.3502195926672146,1.9308164446942357,2.390864431224178,3.1625660030374686e-12
8.275862068965518,7.172413793103448,0.7592182246175333,0.8760210284048462,2,0.09831715751397212,1.054112411970402,1.1106944223659074,5.695335742007171e-9
8.275862068965518,7.172413793103448,0.7592182246175333,0.8760210284048462,3,0.3276648089044179,1.982939888817906,2.149250739087165,1.3241467908535456e-14
8.275862068965518,7.172413793103448,0.7592182246175333,0.8760210284048462,4,0.3194767854379765,1.7597903755228423,2.1948284170354264,9.400637669633595e-9
8.275862068965518,7.172413793103448,0.7592182246175333,0.8760210284048462,5,0.3293946259953286,1.9119052391922469,2.1674399467222134,3.020968379979011e-10
8.827586206896552,6.655172413793103,0.7117670855789375,0.9441055642912332,1,0.09680218954396126,1.0557173107369746,1.1082939685620166,2.374986722984893e-11
8.827586206896552,6.655172413793103,0.7117670855789375,0.9441055642912332,2,0.30038365345652335,1.7352728809641302,2.0208770705778916,4.468295914351933e-11
8.827586206896552,6.655172413793103,0.7117670855789375,0.9441055642912332,3,0.3222380339604269,2.0157040499652696,2.141975941688888,1.2168846956614932e-13
12.0,5.517241379310345,0.5235987755982988,1.1388273369263,1,0.10688578635447928,1.0718511412128873,1.120774984428667,1.7616864592835643e-9
12.0,5.517241379310345,0.5235987755982988,1.1388273369263,2,0.3087498667351221,2.0464392968631504,2.0900320150550438,4.317012199347296e-10
11.448275862068966,6.241379310344827,0.548832451530747,1.0066981983878895,1,0.15983545980335334,1.1613308702142509,1.278509665010382,2.64015110628469e-10
11.448275862068966,6.241379310344827,0.548832451530747,1.0066981983878895,2,0.09648208671958218,1.0557907334981236,1.0956205033460875,7.783656926969083e-8
11.448275862068966,6.241379310344827,0.548832451530747,1.0066981983878895,3,0.3160842054567041,2.0004736096307907,2.0623363097777716,4.923311450587194e-9
10.344827586206897,7.793103448275862,0.6073745796940266,0.8062494420717168,1,0.09309531189759951,1.0448621886542797,1.083233681556684,5.011789618430455e-11
10.344827586206897,7.793103448275862,0.6073745796940266,0.8062494420717168,2,0.29031764010341715,1.617102918092984,1.8195738211380732,1.5540798893507315e-12
10.344827586206897,7.793103448275862,0.6073745796940266,0.8062494420717168,3,0.32391267531136453,1.8925074443358234,2.0099571849967814,2.203582019430141e-8
10.89655172413793,7.068965517241379,0.5766214364183798,0.888840848332722,1,0.09205023549106539,1.047106744648705,1.0835146348634748,1.4530849700254324e-13
10.89655172413793,7.068965517241379,0.5766214364183798,0.888840848332722,2,0.3215661154711382,1.9410469356240667,2.033035545267634,5.001530991126065e-10
10.89655172413793,7.068965517241379,0.5766214364183798,0.888840848332722,3,0.2523884904874906,1.4648846649079532,1.6733218886308419,1.7597046665551378e-12
9.379310344827585,6.0344827586206895,0.6698984334860589,1.04121356518976,1,0.10145512712728838,1.0647734725456337,1.12145943585617,6.947895656573208e-13
9.379310344827585,6.0344827586206895,0.6698984334860589,1.04121356518976,2,0.25962490428931995,1.5284582557043949,1.8174989194885234,6.237414880432447e-11
9.379310344827585,6.0344827586206895,0.6698984334860589,1.04121356518976,3,0.3163496622827645,2.062653531279455,2.1482755899844292,1.5949543113328384e-10
9.931034482758621,5.413793103448276,0.6326818538479444,1.1605883688420893,1,0.3081651430409267,2.1038875286904934,2.1538467673623094,6.518024767636983e-11
9.931034482758621,5.413793103448276,0.6326818538479444,1.1605883688420893,2,0.11454750256866496,1.0860015287986422,1.1581943856293107,2.5278803000093156e-9
9.931034482758621,5.413793103448276,0.6326818538479444,1.1605883688420893,3,0.14729480031418987,1.143092002738181,1.2662264187555363,2.1539251193668377e-11
9.931034482758621,5.413793103448276,0.6326818538479444,1.1605883688420893,4,0.4925733327664588,3.239181354357243,3.2882897089856393,4.883402334097888e-9
8.275862068965518,7.275862068965517,0.7592182246175333,0.8635657531194693,1,0.09851249278927307,1.0536529167557085,1.110241986386732,1.8020630470837683e-10
8.275862068965518,7.275862068965517,0.7592182246175333,0.8635657531194693,2,0.3279226613146538,1.9727416395272783,2.141999994723503,6.430018353273357e-13
8.275862068965518,7.275862068965517,0.7592182246175333,0.8635657531194693,3,0.3203074968799829,1.7575170032900775,2.192893602570739,1.3807838835855825e-8
8.275862068965518,7.275862068965517,0.7592182246175333,0.8635657531194693,4,0.35495351602162006,1.954852211278158,2.415746959493849,1.1506449587893115e-8
8.275862068965518,7.275862068965517,0.7592182246175333,0.8635657531194693,5,0.3315151562197407,1.9197091279602039,2.168102876981976,9.10626221492141e-11
8.827586206896552,6.758620689655173,0.7117670855789375,0.9296549689194286,1,0.0963431022232876,1.054576618973942,1.1063533261656768,2.7560613248460416e-12
8.827586206896552,6.758620689655173,0.7117670855789375,0.9296549689194286,2,0.3225813674109387,2.005039108100516,2.13477993247353,5.362917186841057e-9
8.827586206896552,6.758620689655173,0.7117670855789375,0.9296549689194286,3,0.3030359680749641,1.746423605660443,2.0260401129866574,1.9556603280477515e-9
12.0,5.620689655172414,0.5235987755982988,1.117867324590233,1,0.10497408946445771,1.0688228044993384,1.1155846541528676,2.819073832708319e-9
12.0,5.620689655172414,0.5235987755982988,1.117867324590233,2,0.3100869949145814,2.03985229748476,2.0842865908913035,1.1805017491623852e-12
11.448275862068966,6.344827586206897,0.548832451530747,0.9902846408054782,1,0.09555106184285682,1.0541800543601578,1.0929084995607994,7.56787471015903e-9
11.448275862068966,6.344827586206897,0.548832451530747,0.9902846408054782,2,0.31706960892766695,1.9922133428413038,2.057106623292963,2.5663251351463545e-10
11.448275862068966,6.344827586206897,0.548832451530747,0.9902846408054782,3,0.1719601706920341,1.190561154402418,1.3237389085361135,7.0434682455051495e-9
10.344827586206897,7.896551724137931,0.6073745796940266,0.7956872223065852,1,0.09343715290509258,1.0446737728736828,1.0831663435344743,4.185304905856642e-9
10.344827586206897,7.896551724137931,0.6073745796940266,0.7956872223065852,2,0.2930400766390952,1.6259540001948518,1.8247635670472815,1.6902208301647297e-11
10.344827586206897,7.896551724137931,0.6073745796940266,0.7956872223065852,3,0.3242637471823197,1.8854753877108368,2.00496178543514,1.6435038342124525e-13
10.89655172413793,7.172413793103448,0.5766214364183798,0.8760210284048462,1,0.09191221196271761,1.0464376943447182,1.0825166476639927,2.6691161028643593e-9
10.89655172413793,7.172413793103448,0.5766214364183798,0.8760210284048462,2,0.32219096759041255,1.933278871820705,2.027967477038729,1.615769783250556e-13
10.89655172413793,7.172413793103448,0.5766214364183798,0.8760210284048462,3,0.25652753929530764,1.4803823498687636,1.687232812019162,4.058173009724676e-14
9.379310344827585,6.137931034482759,0.6698984334860589,1.0236650219562247,1,0.09989877070226937,1.0622265870480403,1.1167068298588958,8.125652388585336e-11
9.379310344827585,6.137931034482759,0.6698984334860589,1.0236650219562247,2,0.31703843177792834,2.0518814338565474,2.1418392484086075,1.5272668995957228e-11
9.379310344827585,6.137931034482759,0.6698984334860589,1.0236650219562247,3,0.2646370482173111,1.5508325792215532,1.8386683102032677,4.312522962746426e-10
9.931034482758621,5.517241379310345,0.6326818538479444,1.1388273369263,1,0.11128937490344777,1.0806032339552127,1.1480185864132515,3.221778188016359e-13
9.931034482758621,5.517241379310345,0.6326818538479444,1.1388273369263,2,0.16391550113287687,1.1797130691035047,1.331225028765945,7.617308794282179e-9
9.931034482758621,5.517241379310345,0.6326818538479444,1.1388273369263,3,0.30941222555632636,2.09495739671182,2.148672820235994,2.9804209738123876e-10
8.275862068965518,7.379310344827586,0.7592182246175333,0.8514596911598504,1,0.09880805758687142,1.0532988993697152,1.1100232513415733,1.792912225229758e-8
8.275862068965518,7.379310344827586,0.7592182246175333,0.8514596911598504,2,0.3281758825550969,1.9627354841632945,2.134786015398157,4.478372310324306e-12
8.275862068965518,7.379310344827586,0.7592182246175333,0.8514596911598504,3,0.35902380751200635,1.9769944537391075,2.4371559536768768,8.787534855344537e-12
8.275862068965518,7.379310344827586,0.7592182246175333,0.8514596911598504,4,0.32156766595073416,1.7573118114498225,2.193585591903746,1.4467294257228293e-9
8.275862068965518,7.379310344827586,0.7592182246175333,0.8514596911598504,5,0.33359795039529067,1.927044711998398,2.168404890430794,6.500228006692647e-14
8.827586206896552,6.862068965517241,0.7117670855789375,0.9156400698904925,1,0.09601953746526318,1.0535971118106646,1.1047456053057343,8.173790338759373e-8
8.827586206896552,6.862068965517241,0.7117670855789375,0.9156400698904925,2,0.3229007303766374,1.9945707595751276,2.127593468246485,9.285488274501738e-10
8.827586206896552,6.862068965517241,0.7117670855789375,0.9156400698904925,3,0.3055775734506453,1.7567993252452279,2.0303231718622445,8.557048089516966e-10
12.0,5.724137931034483,0.5235987755982988,1.097664903061494,1,0.10322198797883649,1.066047512080251,1.1108410729198186,2.453957553509192e-9
12.0,5.724137931034483,0.5235987755982988,1.097664903061494,2,0.3113932936489285,2.0328209880976758,2.0786884255204106,3.4760455317629564e-11
11.448275862068966,6.448275862068965,0.548832451530747,0.9743977214342674,1,0.09474407096419717,1.052728358130428,1.0904886112626915,5.729401280669125e-9
11.448275862068966,6.448275862068965,0.548832451530747,0.9743977214342674,2,0.31801584992548776,1.984009644130963,2.0519270615570058,7.1002785384625495e-12
11.448275862068966,6.448275862068965,0.548832451530747,0.9743977214342674,3,0.18435599707350336,1.2239607593202622,1.3727229900714573,3.235204222963674e-8
10.344827586206897,8.0,0.6073745796940266,0.7853981633974483,1,0.09383089294926021,1.0445348574305664,1.0831975743763154,5.398200365757133e-9
10.344827586206897,8.0,0.6073745796940266,0.7853981633974483,2,0.324593126765178,1.8786240640784384,2.000052197942427,1.4323912525263977e-8
10.344827586206897,8.0,0.6073745796940266,0.7853981633974483,3,0.2957182288512851,1.634470894088443,1.829629838201173,2.451521110788492e-10
10.89655172413793,7.275862068965517,0.5766214364183798,0.8635657531194693,1,0.09184610040636507,1.045846423421233,1.0816642172934472,1.6279275097333623e-9
10.89655172413793,7.275862068965517,0.5766214364183798,0.8635657531194693,2,0.2604120852685081,1.4947456510022104,1.6996276304972717,2.978612957636372e-12
10.89655172413793,7.275862068965517,0.5766214364183798,0.8635657531194693,3,0.3227880135192107,1.9256627847717966,2.0229643115967817,3.0481466431396656e-8
9.379310344827585,6.241379310344827,0.6698984334860589,1.0066981983878895,1,0.09858227055622916,1.0600219964586497,1.112637769134926,1.0539062051256515e-13
9.379310344827585,6.241379310344827,0.6698984334860589,1.0066981983878895,2,0.3176757264226709,2.0412014525168773,2.1353256287317803,2.5853397585113233e-13
9.379310344827585,6.241379310344827,0.6698984334860589,1.0066981983878895,3,0.26913844356925903,1.570843474365736,1.8564891099766896,2.1045114988999484e-10
8.275862068965518,7.482758620689655,0.7592182246175333,0.8396883590240001,1,0.09919790711250352,1.0530418487735973,1.1100218949043035,1.5165847813478395e-8
8.275862068965518,7.482758620689655,0.7592182246175333,0.8396883590240001,2,0.36273609968785525,2.000110731555117,2.457143684611119,6.002885443199567e-11
8.275862068965518,7.482758620689655,0.7592182246175333,0.8396883590240001,3,0.4144239083724795,2.6405647121843154,2.7283942770680243,7.4602301888602e-14
8.275862068965518,7.482758620689655,0.7592182246175333,0.8396883590240001,4,0.32308269614560164,1.7583193261097754,2.1958299018386587,1.0885011308386306e-8
8.275862068965518,7.482758620689655,0.7592182246175333,0.8396883590240001,5,0.3284247556130257,1.9529101803178568,2.127605077787437,1.2224320273921646e-12
9.931034482758621,5.620689655172414,0.6326818538479444,1.117867324590233,1,0.10841028351118752,1.075928881480389,1.1392212712013698,2.1925763550362552e-9
9.931034482758621,5.620689655172414,0.6326818538479444,1.117867324590233,2,0.3105707738808162,2.0855972226603323,2.143302400361915,7.942917987491271e-15
9.931034482758621,5.620689655172414,0.6326818538479444,1.117867324590233,3,0.18407111493869618,1.2329987861572689,1.4194210103165175,5.682835388554241e-9
8.827586206896552,6.9655172413793105,0.7117670855789375,0.9020414549911286,1,0.30802511093415064,1.7664832560002763,2.0338497167345744,1.0510348199308446e-9
8.827586206896552,6.9655172413793105,0.7117670855789375,0.9020414549911286,2,0.09581950408059912,1.0527606801385867,1.1034340304641124,6.681063766927085e-9
8.827586206896552,6.9655172413793105,0.7117670855789375,0.9020414549911286,3,0.32319801814913585,1.984298223801177,2.1204238692099073,1.7902476294972487e-8
11.448275862068966,6.551724137931035,0.548832451530747,0.9590124942537263,1,0.09405167871621706,1.0514201115982114,1.0883317735634697,1.0102559995822533e-10
11.448275862068966,6.551724137931035,0.548832451530747,0.9590124942537263,2,0.19568846721324223,1.257530945489991,1.4191528443523582,1.6175034191712874e-9
11.448275862068966,6.551724137931035,0.548832451530747,0.9590124942537263,3,0.3189249599436506,1.9758848647094593,2.0468010924056634,9.615115511282518e-14
12.0,5.827586206896552,0.5235987755982988,1.0781797272675029,1,0.10162781850859239,1.0635126292436925,1.1065253204027001,1.6831967502782532e-8
12.0,5.827586206896552,0.5235987755982988,1.0781797272675029,2,0.3126619167046669,2.025464528712689,2.0732026781142237,1.0608333726467273e-12
12.0,5.827586206896552,0.5235987755982988,1.0781797272675029,3,0.1199807026723294,1.0872519786329828,1.149496940403496,2.0569088892658058e-8
10.482758620689655,5.0,0.599382808908579,1.2566370614359172,1,0.10948952091650997,1.0818932859269825,1.1445367158512625,3.4645241374399094e-11
10.482758620689655,5.0,0.599382808908579,1.2566370614359172,2,0.30120484438736583,2.109511265265062,2.153554964528927,2.4590003858913006e-10
10.482758620689655,5.0,0.599382808908579,1.2566370614359172,3,0.464634957965658,2.9790107451153047,3.1099808287328767,1.251475261627422e-11
10.89655172413793,7.379310344827586,0.5766214364183798,0.8514596911598504,1,0.09184722862709443,1.0453265817474267,1.0809456481009172,3.5202573149671013e-8
10.89655172413793,7.379310344827586,0.5766214364183798,0.8514596911598504,2,0.3233581313241538,1.9182017752200564,2.0180292850330828,2.8481805417203164e-8
10.89655172413793,7.379310344827586,0.5766214364183798,0.8514596911598504,3,0.26408686776515194,1.5081307835419642,1.7107516361871937,6.382613425834242e-9
9.379310344827585,6.344827586206897,0.6698984334860589,0.9902846408054782,1,0.09747680344658224,1.0581073485908177,1.1091483845507129,1.8643566366328625e-11
9.379310344827585,6.344827586206897,0.6698984334860589,0.9902846408054782,2,0.27323337275642845,1.5888894805721976,1.8715968957231914,1.2492771488930678e-11
9.379310344827585,6.344827586206897,0.6698984334860589,0.9902846408054782,3,0.31826704219646546,2.030640426786206,2.128758012604938,1.2620981270029e-13
8.275862068965518,7.586206896551724,0.7592182246175333,0.8282380632191273,1,0.09967701517546468,1.0528745428098623,1.1102245517078075,7.593132358728007e-14
8.275862068965518,7.586206896551724,0.7592182246175333,0.8282380632191273,2,0.3286692243244331,1.9432537782653427,2.120452566450212,2.158741463608522e-8
8.275862068965518,7.586206896551724,0.7592182246175333,0.8282380632191273,3,0.3665164551441006,2.029799173453468,2.4786573288602978,1.016652107515679e-11
8.275862068965518,7.586206896551724,0.7592182246175333,0.8282380632191273,4,0.3247612589233864,1.760106234479545,2.199074592068719,2.3989826863399327e-9
9.931034482758621,5.724137931034483,0.6326818538479444,1.097664903061494,1,0.10588336648940541,1.0718811168351643,1.1316287286476092,1.3929597269697493e-13
9.931034482758621,5.724137931034483,0.6326818538479444,1.097664903061494,2,0.31164657175747085,2.0759462958998527,2.1377582919299227,5.4312293460584866e-14
9.931034482758621,5.724137931034483,0.6326818538479444,1.097664903061494,3,0.20187017227791676,1.2885319904049761,1.5036404725754127,1.6105364415538015e-10
8.827586206896552,7.068965517241379,0.7117670855789375,0.888840848332722,1,0.09573198754055394,1.0520509656717905,1.1023864344961232,8.054450316148258e-8
8.827586206896552,7.068965517241379,0.7117670855789375,0.888840848332722,2,0.3234746803799965,1.974219620445454,2.113276672380125,1.8171063863571445e-9
8.827586206896552,7.068965517241379,0.7117670855789375,0.888840848332722,3,0.31039306797892446,1.7755504617362357,2.0367297186961473,6.379104963448374e-13
11.448275862068966,6.655172413793103,0.548832451530747,0.9441055642912332,1,0.09346512767227795,1.050241350095162,1.0864120565154263,1.454649063557836e-12
11.448275862068966,6.655172413793103,0.548832451530747,0.9441055642912332,2,0.20550213673238485,1.2887841203577204,1.4599271430461533,1.9996163698948062e-10
11.448275862068966,6.655172413793103,0.548832451530747,0.9441055642912332,3,0.3197988017452545,1.9678563896387677,2.041732040171886,3.062713906018269e-14
12.0,5.931034482758621,0.5235987755982988,1.059374266908186,1,0.10018693464842515,1.0612028569820187,1.1026121068612034,1.9150798222416657e-9
12.0,5.931034482758621,0.5235987755982988,1.059374266908186,2,0.12359601623668028,1.0921009152838657,1.1581432020878268,5.8884236951269415e-12
12.0,5.931034482758621,0.5235987755982988,1.059374266908186,3,0.3138897514914591,2.0178807733433777,2.0678093105931463,2.6584606196707397e-13
12.0,5.931034482758621,0.5235987755982988,1.059374266908186,4,0.5278437232647513,3.3934918370078693,3.325433619301772,4.597593762760236e-10
10.89655172413793,7.482758620689655,0.5766214364183798,0.8396883590240001,1,0.09191159194314429,1.0448727954709571,1.080351025434606,3.12509259197674e-13
10.89655172413793,7.482758620689655,0.5766214364183798,0.8396883590240001,2,0.3239017130679952,1.9108969116825616,2.013163258102289,4.792178197419996e-10
10.89655172413793,7.482758620689655,0.5766214364183798,0.8396883590240001,3,0.26758746335952244,1.5206671620471128,1.7208032773309783,1.9786997100126944e-12
10.482758620689655,5.103448275862069,0.599382808908579,1.2311646885689729,1,0.11264451940832888,1.0850828226927263,1.151525267713215,3.7044309385146933e-11
10.482758620689655,5.103448275862069,0.599382808908579,1.2311646885689729,2,0.3026100916083385,2.105521756444263,2.1477819214644267,5.562540896078128e-13
9.379310344827585,6.448275862068965,0.6698984334860589,0.9743977214342674,1,0.09655817184172763,1.056440481302379,1.1061549262615484,6.845463104440154e-8
9.379310344827585,6.448275862068965,0.6698984334860589,0.9743977214342674,2,0.31881705401582733,2.0202182563744078,2.122156062946272,1.0023086412693007e-13
9.379310344827585,6.448275862068965,0.6698984334860589,0.9743977214342674,3,0.27699940090956493,1.6052800394663589,1.8844732536778448,1.4364662163282889e-12
8.275862068965518,7.689655172413793,0.7592182246175333,0.817095847122009,1,0.3396929820072841,1.9467932911562622,2.1678341965295944,9.038374726394349e-12
8.275862068965518,7.689655172413793,0.7592182246175333,0.817095847122009,2,0.10024124884033804,1.0527909919028733,1.1106206009794195,7.084023841651521e-8
8.275862068965518,7.689655172413793,0.7592182246175333,0.817095847122009,3,0.32655205850316854,1.7624400722658904,2.203018396679908,6.533971046167913e-9
9.931034482758621,5.827586206896552,0.6326818538479444,1.0781797272675029,1,0.10367660371632538,1.0683696536374532,1.1250743348513401,4.796185238085941e-10
9.931034482758621,5.827586206896552,0.6326818538479444,1.0781797272675029,2,0.31264633718446444,2.066113256035223,2.1320671632373163,1.22175021398541e-14
9.931034482758621,5.827586206896552,0.6326818538479444,1.0781797272675029,3,0.2155281563049362,1.3365315706716503,1.5703530645497297,6.852826547729481e-11
8.827586206896552,7.172413793103448,0.7117670855789375,0.8760210284048462,1,0.09574836784524646,1.0514555014358689,1.101577753924658,6.399945191719669e-12
8.827586206896552,7.172413793103448,0.7117670855789375,0.8760210284048462,2,0.3237318929732661,1.9643319114326736,2.1061569422811632,4.986359014115543e-14
8.827586206896552,7.172413793103448,0.7117670855789375,0.8760210284048462,3,0.31269418727553316,1.7840694570861348,2.039061977904356,4.5384739088457425e-14
11.448275862068966,6.758620689655173,0.548832451530747,0.9296549689194286,1,0.09297642568008388,1.049179757196733,1.0847065629626196,3.101868028735756e-10
11.448275862068966,6.758620689655173,0.548832451530747,0.9296549689194286,2,0.320639047022713,1.9599376664107933,2.0367229626735366,2.5249457510805025e-9
11.448275862068966,6.758620689655173,0.548832451530747,0.9296549689194286,3,0.21392714964749798,1.317032060532053,1.4948030177089844,3.3600940089169274e-11
12.0,6.0344827586206895,0.5235987755982988,1.04121356518976,1,0.1277777810274694,1.0981682270088702,1.1687251628682664,3.1906386297593487e-13
12.0,6.0344827586206895,0.5235987755982988,1.04121356518976,2,0.09889283867210523,1.059101742399456,1.0990730590580695,9.082592120262595e-12
12.0,6.0344827586206895,0.5235987755982988,1.04121356518976,3,0.31507589830175664,2.0101488779390504,2.0624971275106008,1.6056729302791647e-9
10.89655172413793,7.586206896551724,0.5766214364183798,0.8282380632191273,1,0.09203541849423992,1.044480057428311,1.0798713152085566,5.958415552286105e-12
10.89655172413793,7.586206896551724,0.5766214364183798,0.8282380632191273,2,0.27094274631516285,1.5324638381015205,1.7299460063174825,3.3975135929010305e-10
10.89655172413793,7.586206896551724,0.5766214364183798,0.8282380632191273,3,0.3244196999480818,1.9037520510014847,2.0083704473000337,1.4970579695313475e-11
10.482758620689655,5.206896551724138,0.599382808908579,1.2067044629682648,1,0.11636855423413388,1.0893562037411375,1.1604182569082109,6.61171742515816e-8
10.482758620689655,5.206896551724138,0.599382808908579,1.2067044629682648,2,0.3040455972999268,2.100113205521736,2.142383558004819,1.6437059031974624e-13
8.275862068965518,7.793103448275862,0.7592182246175333,0.8062494420717168,1,0.1008872518743635,1.05278652560966,1.1112018151025023,1.9149892197785824e-9
8.275862068965518,7.793103448275862,0.7592182246175333,0.8062494420717168,2,0.3416970831540302,1.9528108827896613,2.167372530994103,3.1248918236225454e-13
8.275862068965518,7.793103448275862,0.7592182246175333,0.8062494420717168,3,0.32914328415505867,1.924399213088364,2.1062102828242484,2.1362077543214107e-10
8.275862068965518,7.793103448275862,0.7592182246175333,0.8062494420717168,4,0.42105818782551946,2.662227080282163,2.7155296997985188,6.400440876268021e-13
8.275862068965518,7.793103448275862,0.7592182246175333,0.8062494420717168,5,0.32842569300996616,1.7651975590460385,2.20749672829318,1.8750356220941185e-14
9.379310344827585,6.551724137931035,0.6698984334860589,0.9590124942537263,1,0.0958060053062034,1.0549874478211778,1.1035894358835667,1.9857412798013756e-10
9.379310344827585,6.551724137931035,0.6698984334860589,0.9590124942537263,2,0.280495913932637,1.6202606952847836,1.8954931975772833,1.283617302257127e-10
9.379310344827585,6.551724137931035,0.6698984334860589,0.9590124942537263,3,0.3193297109007422,2.0099494478437223,2.1155363492905606,2.2913818250254775e-12
9.931034482758621,5.931034482758621,0.6326818538479444,1.059374266908186,1,0.10175753414689351,1.0653154123306363,1.1194090634906617,2.6937984313229064e-9
9.931034482758621,5.931034482758621,0.6326818538479444,1.059374266908186,2,0.3135769019007599,2.0561826810421797,2.1262561258064165,1.2208280508304637e-14
9.931034482758621,5.931034482758621,0.6326818538479444,1.059374266908186,3,0.22613774773357345,1.376783293055353,1.6221059137681202,3.093784228477838e-11
8.827586206896552,7.275862068965517,0.7117670855789375,0.8635657531194693,1,0.09586093714924071,1.0509632200444943,1.1009865098987137,3.833747973986557e-9
8.827586206896552,7.275862068965517,0.7117670855789375,0.8635657531194693,2,0.3149397680232268,1.7921033858982072,2.0409357612143624,3.2279881634523785e-11
8.827586206896552,7.275862068965517,0.7117670855789375,0.8635657531194693,3,0.3239705086913154,1.954631660052638,2.099068760524747,1.9068078587440406e-12
11.448275862068966,6.862068965517241,0.548832451530747,0.9156400698904925,1,0.09257831315372879,1.048224446789932,1.0831951128067097,2.6708480814872172e-9
11.448275862068966,6.862068965517241,0.548832451530747,0.9156400698904925,2,0.3214471462814726,1.9521389913902425,2.0317764419666435,1.5013059456089216e-13
11.448275862068966,6.862068965517241,0.548832451530747,0.9156400698904925,3,0.22123593994972257,1.3424034895649362,1.5245639221522898,1.1401028695646382e-12
10.89655172413793,7.689655172413793,0.5766214364183798,0.817095847122009,1,0.09221549748636194,1.0441441445690935,1.079498896332885,1.8652689222054488e-13
10.89655172413793,7.689655172413793,0.5766214364183798,0.817095847122009,2,0.324912614226217,1.8967693262037009,2.003652794337401,4.284150058703505e-12
10.89655172413793,7.689655172413793,0.5766214364183798,0.817095847122009,3,0.2741762715244947,1.54361273890815,1.7383149221802772,3.3625930422125556e-10
12.0,6.137931034482759,0.5235987755982988,1.0236650219562247,1,0.09773776902890015,1.057192501437642,1.095878509444019,8.714241069987375e-10
12.0,6.137931034482759,0.5235987755982988,1.0236650219562247,2,0.1326692782912521,1.105843299038678,1.1818320502843194,1.0427822759675465e-13
12.0,6.137931034482759,0.5235987755982988,1.0236650219562247,3,0.31622073634132375,2.0023322800435586,2.0572601857820985,7.523486259139652e-11
10.482758620689655,5.310344827586207,0.599382808908579,1.1831972331701817,1,0.11513446159766887,1.0867216272430107,1.1558507200555925,7.914057327390569e-12
10.482758620689655,5.310344827586207,0.599382808908579,1.1831972331701817,2,0.3054564674714805,2.093582639292369,2.137119224597474,2.7906719824661405e-9
8.275862068965518,7.896551724137931,0.7592182246175333,0.7956872223065852,1,0.10161216592758174,1.0528568065201969,1.111961500257559,1.2919883866396087e-8
8.275862068965518,7.896551724137931,0.7592182246175333,0.7956872223065852,2,0.3436990323877966,1.9586415074989694,2.166881838632905,2.8649967773425446e-9
8.275862068965518,7.896551724137931,0.7592182246175333,0.7956872223065852,3,0.3303659948440945,1.7683221330427483,2.212427490467024,2.487474138510737e-13
8.275862068965518,7.896551724137931,0.7592182246175333,0.7956872223065852,4,0.32937137619098195,1.9151761675189134,2.099108791307081,3.2172594762607345e-9
8.275862068965518,7.896551724137931,0.7592182246175333,0.7956872223065852,5,0.4223806979076695,2.6591237579917846,2.7076380955311317,1.8554483244082272e-13
9.379310344827585,6.655172413793103,0.6698984334860589,0.9441055642912332,1,0.09520306369469961,1.0537201796294822,1.1013963686256851,3.2479876298866217e-11
9.379310344827585,6.655172413793103,0.6698984334860589,0.9441055642912332,2,0.31980832604735326,1.9998443341724323,2.108912833623152,4.431320695516309e-10
9.379310344827585,6.655172413793103,0.6698984334860589,0.9441055642912332,3,0.2837694969073039,1.6340300629874576,1.9049556947448298,8.775884762286588e-15
9.931034482758621,6.0344827586206895,0.6326818538479444,1.04121356518976,1,0.10009557330343925,1.062651104524,1.1145043350044328,4.8846721032008095e-11
9.931034482758621,6.0344827586206895,0.6326818538479444,1.04121356518976,2,0.23471187202409413,1.4109089826794852,1.663047655735053,1.5012073659859534e-13
9.931034482758621,6.0344827586206895,0.6326818538479444,1.04121356518976,3,0.31444478054418995,2.046220270312178,2.1203509687748605,3.440803913900889e-9
8.827586206896552,7.379310344827586,0.7117670855789375,0.8514596911598504,1,0.09606328975791578,1.0505651158203175,1.100595134254687,4.7065569953875734e-12
8.827586206896552,7.379310344827586,0.7117670855789375,0.8514596911598504,2,0.3473549132102424,1.8976205760506084,2.3288973959034793,7.84928407257339e-10
8.827586206896552,7.379310344827586,0.7117670855789375,0.8514596911598504,3,0.3210016081785948,1.7525118288955261,2.16723992415838,2.8052911685662353e-10
8.827586206896552,7.379310344827586,0.7117670855789375,0.8514596911598504,4,0.32419117170059913,1.9451151733765681,2.0920158939395543,6.899092822274948e-10
8.827586206896552,7.379310344827586,0.7117670855789375,0.8514596911598504,5,0.31713990087055066,1.7997108241674264,2.0424320340505724,1.434128048967259e-10
11.448275862068966,6.9655172413793105,0.548832451530747,0.9020414549911286,1,0.09226421531044444,1.0473658098403584,1.0818599319279283,2.8644881933052433e-11
11.448275862068966,6.9655172413793105,0.548832451530747,0.9020414549911286,2,0.22767558006351107,1.3652534752068273,1.5501243284222732,1.4840402193265156e-10
11.448275862068966,6.9655172413793105,0.548832451530747,0.9020414549911286,3,0.3222243962278288,1.9444683381911965,2.0268949644327003,3.6619882583515587e-9
10.89655172413793,7.793103448275862,0.5766214364183798,0.8062494420717168,1,0.09244894865973403,1.0438612910682785,1.0792270704863043,2.4732152258914083e-9
10.89655172413793,7.793103448275862,0.5766214364183798,0.8062494420717168,2,0.32538109977773955,1.8899517387261715,1.9990129150557439,6.507089103773428e-10
10.89655172413793,7.793103448275862,0.5766214364183798,0.8062494420717168,3,0.27730753443263234,1.5541922984658014,1.7460231116531992,5.248022433302191e-12
12.0,6.241379310344827,0.5235987755982988,1.0066981983878895,1,0.09671341423940864,1.0554588229910582,1.0929992174337524,2.4124707268403866e-9
12.0,6.241379310344827,0.5235987755982988,1.0066981983878895,2,0.1384600932764838,1.1156906914949518,1.198290932886994,2.2156256141619828e-8
12.0,6.241379310344827,0.5235987755982988,1.0066981983878895,3,0.31732536334978634,1.9944814972080096,2.0520957415276486,4.955168041937747e-9
10.482758620689655,5.413793103448276,0.599382808908579,1.1605883688420893,1,0.3068150872695577,2.0861926719302697,2.1318659287680815,9.726750107045227e-14
10.482758620689655,5.413793103448276,0.599382808908579,1.1605883688420893,2,0.11206176882230531,1.081618308660622,1.1464589045606282,4.153654639861314e-9
10.482758620689655,5.413793103448276,0.599382808908579,1.1605883688420893,3,0.1262879372595828,1.1028522163160825,1.1869326622511438,2.1810693616290084e-9
8.275862068965518,8.0,0.7592182246175333,0.7853981633974483,1,0.1024137973233312,1.0529986227955836,1.112894958025683,1.231756840945582e-8
8.275862068965518,8.0,0.7592182246175333,0.7853981633974483,2,0.34570585103823226,1.9643436609280158,2.166424112966446,7.473648128137675e-14
8.275862068965518,8.0,0.7592182246175333,0.7853981633974483,3,0.3857899689288439,2.059372968897449,2.5827856994378733,1.2565689727226665e-8
8.275862068965518,8.0,0.7592182246175333,0.7853981633974483,4,0.33236524036184706,1.7718008053189471,2.2177812866576714,3.2635906296890827e-9
8.275862068965518,8.0,0.7592182246175333,0.7853981633974483,5,0.3295921532584299,1.9060731248885547,2.0920123860091078,3.4623074278560642e-9
8.275862068965518,8.0,0.7592182246175333,0.7853981633974483,6,0.4998817346668676,2.9630393091336407,3.0518467094332475,1.0408986308166454e-8
8.275862068965518,8.0,0.7592182246175333,0.7853981633974483,7,0.42350061510399944,2.6536078044705724,2.6988925842657805,2.9032968328418184e-11
9.379310344827585,6.758620689655173,0.6698984334860589,0.9296549689194286,1,0.09473471902925752,1.0526157805511023,1.0995300683049043,3.8094064197464933e-13
9.379310344827585,6.758620689655173,0.6698984334860589,0.9296549689194286,2,0.32025565606007034,1.989910021918315,2.102297275548385,8.29974657199106e-11
9.379310344827585,6.758620689655173,0.6698984334860589,0.9296549689194286,3,0.28685745040638966,1.6467515608755408,1.9131039425563396,1.1647573862190336e-14
9.931034482758621,6.137931034482759,0.6326818538479444,1.0236650219562247,1,0.09866302343120514,1.0603203426182632,1.1102513834966048,1.3963890492122802e-12
9.931034482758621,6.137931034482759,0.6326818538479444,1.0236650219562247,2,0.24188686296485623,1.4403070240398272,1.696159124585566,4.408031691934995e-13
9.931034482758621,6.137931034482759,0.6326818538479444,1.0236650219562247,3,0.31525593859800943,2.0362768899471413,2.114375182096241,8.985044102577957e-10
11.448275862068966,7.068965517241379,0.548832451530747,0.888840848332722,1,0.09202820212695038,1.046595344411604,1.0806853976555146,1.3437906320023137e-8
11.448275862068966,7.068965517241379,0.548832451530747,0.888840848332722,2,0.23343805271299187,1.3859512225885788,1.572275712166754,2.669979810754366e-11
11.448275862068966,7.068965517241379,0.548832451530747,0.888840848332722,3,0.3229718836321213,1.9369317837688471,2.0220804925634486,7.782134642774528e-12
10.89655172413793,7.896551724137931,0.5766214364183798,0.7956872223065852,1,0.09273319742825273,1.0436281082245977,1.0790499495344024,5.1747173218498567e-8
10.89655172413793,7.896551724137931,0.5766214364183798,0.7956872223065852,2,0.28035281734774503,1.5642698804547583,1.7531659612027224,4.5576320040776624e-9
10.89655172413793,7.896551724137931,0.5766214364183798,0.7956872223065852,3,0.32582586366690497,1.8833028489583135,1.9944535925103917,1.3525929311656865e-11
8.827586206896552,7.482758620689655,0.7117670855789375,0.8396883590240001,1,0.0963499218147347,1.0502534519807534,1.1003889897817587,9.515152980945979e-8
8.827586206896552,7.482758620689655,0.7117670855789375,0.8396883590240001,2,0.31930365513000103,1.806946256727942,2.0436243930578755,2.654572761933039e-8
8.827586206896552,7.482758620689655,0.7117670855789375,0.8396883590240001,3,0.32439436012989914,1.9357787660093417,2.0850019754502847,7.671166848343026e-14
8.827586206896552,7.482758620689655,0.7117670855789375,0.8396883590240001,4,0.320281153640074,1.7426114406488693,2.1559918669981464,8.032638675366077e-9
8.827586206896552,7.482758620689655,0.7117670855789375,0.8396883590240001,5,0.5430728507508538,3.32617317041543,3.4518207486536676,7.0080788219998534e-15
8.827586206896552,7.482758620689655,0.7117670855789375,0.8396883590240001,6,0.35342373922657505,1.9291602477341432,2.3604858006791707,3.2688670651163187e-9
12.0,6.344827586206897,0.5235987755982988,0.9902846408054782,1,0.0958113263658546,1.0538852777329284,1.0904072818684103,8.753442555108049e-11
12.0,6.344827586206897,0.5235987755982988,0.9902846408054782,2,0.14538196295246766,1.1285034986425324,1.2192070665194679,2.9681396786081115e-12
12.0,6.344827586206897,0.5235987755982988,0.9902846408054782,3,0.3183912085415777,1.9866365090814635,2.0470027068078567,1.7190712938356793e-8
10.482758620689655,5.517241379310345,0.599382808908579,1.1388273369263,1,0.10927107050832817,1.0770786182279801,1.138103411487383,1.0933784389081336e-8
10.482758620689655,5.517241379310345,0.599382808908579,1.1388273369263,2,0.13315967660520012,1.1137253329447503,1.207397441764038,5.618789289538362e-13
10.482758620689655,5.517241379310345,0.599382808908579,1.1388273369263,3,0.3081089144874552,2.078160553994906,2.1265650581876603,6.340663390401571e-12
9.379310344827585,6.862068965517241,0.6698984334860589,0.9156400698904925,1,0.09438850100923962,1.051655218801904,1.0979527722987072,7.270602832555969e-13
9.379310344827585,6.862068965517241,0.6698984334860589,0.9156400698904925,2,0.320673983918343,1.9801512013994127,2.0956996770256993,1.3691966330439766e-11
9.379310344827585,6.862068965517241,0.6698984334860589,0.9156400698904925,3,0.28979016417608494,1.6585617198863287,1.920139205340276,7.414713856082014e-14
8.413793103448276,5.0,0.7467720242139673,1.2566370614359172,1,0.3133664285106378,2.2234487337270634,2.276378712890499,1.754842404720817e-9
8.413793103448276,5.0,0.7467720242139673,1.2566370614359172,2,0.17556466900715967,1.2224473194582934,1.429406849399774,2.2934924393896652e-11
8.413793103448276,5.0,0.7467720242139673,1.2566370614359172,3,0.22586746138302943,1.4026666586389904,1.7124128858501972,1.638273836077136e-12
9.931034482758621,6.241379310344827,0.6326818538479444,1.0066981983878895,1,0.09743532026662327,1.0582761897328263,1.10655905710514,9.537530316534536e-14
9.931034482758621,6.241379310344827,0.6326818538479444,1.0066981983878895,2,0.31601573568127106,2.026391763578478,2.1083498465691157,5.087418853239864e-13
9.931034482758621,6.241379310344827,0.6326818538479444,1.0066981983878895,3,0.24805815778587822,1.4660015687394528,1.7234352650720002,1.6019149854073716e-9
10.89655172413793,8.0,0.5766214364183798,0.7853981633974483,1,0.32624772096118876,1.8768269394284278,1.989977873954297,6.510089132830986e-9
10.89655172413793,8.0,0.5766214364183798,0.7853981633974483,2,0.09306600642405038,1.0434417889988512,1.0789625250528645,4.077898490410628e-8
10.89655172413793,8.0,0.5766214364183798,0.7853981633974483,3,0.28332579787814605,1.573903646405789,1.7598243281513555,3.818935859201408e-10
11.448275862068966,7.172413793103448,0.548832451530747,0.8760210284048462,1,0.09186497444696919,1.045905638316391,1.0796578463037911,1.631267502762315e-11
11.448275862068966,7.172413793103448,0.548832451530747,0.8760210284048462,2,0.3236905669333581,1.929534064309637,2.0173349156512,6.040147566197406e-14
11.448275862068966,7.172413793103448,0.548832451530747,0.8760210284048462,3,0.23866727455428013,1.404821676771148,1.5916524691397402,3.634203604740728e-9
8.827586206896552,7.586206896551724,0.7117670855789375,0.8282380632191273,1,0.09671615826277377,1.0500218975548665,1.100355838477188,2.5083695889516355e-8
8.827586206896552,7.586206896551724,0.7117670855789375,0.8282380632191273,2,0.32143918029800495,1.813860822497449,2.044579608872761,1.9370319733127818e-8
8.827586206896552,7.586206896551724,0.7117670855789375,0.8282380632191273,3,0.3584215783280549,1.9563677468170133,2.386176436323765,1.902078872795933e-11
8.827586206896552,7.586206896551724,0.7117670855789375,0.8282380632191273,4,0.32458048438681997,1.9266191238162427,2.0780309466974973,1.1188087271096305e-8
8.827586206896552,7.586206896551724,0.7117670855789375,0.8282380632191273,5,0.32047388995588083,1.7371850448376374,2.150254018066101,1.0791291746215494e-10
12.0,6.448275862068965,0.5235987755982988,0.9743977214342674,1,0.09502317737969004,1.0524574113009812,1.0880766139400133,4.292215925971276e-8
12.0,6.448275862068965,0.5235987755982988,0.9743977214342674,2,0.1536534844944248,1.1452689467703363,1.2458304668382125,3.4443134778182543e-12
12.0,6.448275862068965,0.5235987755982988,0.9743977214342674,3,0.31941985849057936,1.9788288741716993,2.0419811194465547,3.4180308067422076e-12
10.482758620689655,5.620689655172414,0.599382808908579,1.117867324590233,1,0.1421208101116972,1.1295995159873764,1.2363924071421386,8.135693811701314e-9
10.482758620689655,5.620689655172414,0.599382808908579,1.117867324590233,2,0.10676223571867148,1.073058275321352,1.1307169700637996,4.237303558365219e-9
10.482758620689655,5.620689655172414,0.599382808908579,1.117867324590233,3,0.3093337487050369,2.069661301013512,2.121193387289056,9.240264487251992e-11
9.379310344827585,6.9655172413793105,0.6698984334860589,0.9020414549911286,1,0.09415372352759152,1.0508225586355124,1.0966330497622532,3.9951523069947084e-8
9.379310344827585,6.9655172413793105,0.6698984334860589,0.9020414549911286,2,0.2925927895408359,1.6695761990664855,1.9262306262385014,3.2952559760035867e-8
9.379310344827585,6.9655172413793105,0.6698984334860589,0.9020414549911286,3,0.32106518242105375,1.9705707373510057,2.0891285731202762,2.7678227427853747e-10
8.413793103448276,5.103448275862069,0.7467720242139673,1.2311646885689729,1,0.16431255186659696,1.190545685752232,1.3720203023710693,2.111866937461479e-12
8.413793103448276,5.103448275862069,0.7467720242139673,1.2311646885689729,2,0.24046283968713303,1.4667772496556877,1.797073208411624,8.193572337976583e-12
8.413793103448276,5.103448275862069,0.7467720242139673,1.2311646885689729,3,0.3149590394411228,2.2137994691496132,2.273248782253991,2.7037740365286628e-8
11.448275862068966,7.275862068965517,0.548832451530747,0.8635657531194693,1,0.09176971449702703,1.0452900123350346,1.0787651658199144,1.1037183933104547e-13
11.448275862068966,7.275862068965517,0.548832451530747,0.8635657531194693,2,0.3243812604763439,1.9222789325991905,2.0126598483705185,1.9812898044078655e-11
11.448275862068966,7.275862068965517,0.548832451530747,0.8635657531194693,3,0.2434710713249486,1.4221367784685564,1.608753336773027,1.097005596729337e-9
8.827586206896552,7.689655172413793,0.7117670855789375,0.817095847122009,1,0.09715802849623986,1.0498649024581619,1.100485759077536,6.405332969279357e-12
8.827586206896552,7.689655172413793,0.7117670855789375,0.817095847122009,2,0.3247497571838539,1.9176327898195895,2.0711062901088586,3.007898976032403e-11
8.827586206896552,7.689655172413793,0.7117670855789375,0.817095847122009,3,0.32355387121546114,1.8205020032779535,2.045358338726334,4.034798155298303e-11
8.827586206896552,7.689655172413793,0.7117670855789375,0.817095847122009,4,0.3628771401196389,1.9829461238678285,2.4093030609946013,1.1248502506393996e-12
8.827586206896552,7.689655172413793,0.7117670855789375,0.817095847122009,5,0.3211544620739079,1.7340742368557647,2.14744899604982,1.4677451652541596e-12
9.931034482758621,6.344827586206897,0.6326818538479444,0.9902846408054782,1,0.09639094468155175,1.056479632603457,1.1033512940317611,1.405934052800753e-8
9.931034482758621,6.344827586206897,0.6326818538479444,0.9902846408054782,2,0.316728884395806,2.0165949892497252,2.102293447986194,3.396198032325234e-13
9.931034482758621,6.344827586206897,0.6326818538479444,0.9902846408054782,3,0.25348209025978413,1.4887363255484596,1.7462361801929651,1.1440324398961168e-14
11.03448275862069,5.0,0.56941366846315,1.2566370614359172,1,0.10588023584446628,1.0765376316904336,1.1311713409379447,3.1544152979019254e-12
11.03448275862069,5.0,0.56941366846315,1.2566370614359172,2,0.3010698184987613,2.0920118602680575,2.1399700301356193,6.412358247162764e-11
12.0,6.551724137931035,0.5235987755982988,0.9590124942537263,1,0.09434114201845953,1.0511624421304002,1.0859835403143023,1.4772143808212498e-8
12.0,6.551724137931035,0.5235987755982988,0.9590124942537263,2,0.3204128958508839,1.9710833528885654,2.0370315710553193,7.373190565917372e-9
12.0,6.551724137931035,0.5235987755982988,0.9590124942537263,3,0.16329633684145028,1.1667892877351536,1.2788722684871914,3.992151642705046e-9
9.379310344827585,7.068965517241379,0.6698984334860589,0.888840848332722,1,0.09402128873963188,1.0501046357577548,1.0955447751146417,7.936477649588505e-10
9.379310344827585,7.068965517241379,0.6698984334860589,0.888840848332722,2,0.2952862920537088,1.6798940516008063,1.9315214248500945,7.877467816290142e-11
9.379310344827585,7.068965517241379,0.6698984334860589,0.888840848332722,3,0.321430779982733,1.9611701897298914,2.082591354799243,6.534741934980651e-12
10.482758620689655,5.724137931034483,0.599382808908579,1.097664903061494,1,0.10452462093354202,1.0695055412427839,1.1242117679987098,1.06252131586314e-12
10.482758620689655,5.724137931034483,0.599382808908579,1.097664903061494,2,0.31048995210033675,2.060834203311626,2.115747072203896,9.457374679440739e-9
10.482758620689655,5.724137931034483,0.599382808908579,1.097664903061494,3,0.15413952464226308,1.1538068923701257,1.2790410620517987,1.77688837252206e-8
8.827586206896552,7.793103448275862,0.7117670855789375,0.8062494420717168,1,0.09767215139963584,1.049777778280861,1.1007704308050847,1.5259293325837138e-10
8.827586206896552,7.793103448275862,0.7117670855789375,0.8062494420717168,2,0.3256544353331547,1.8269141025500009,2.0460155852187993,2.143252503192238e-12
8.827586206896552,7.793103448275862,0.7117670855789375,0.8062494420717168,3,0.322131020966262,1.7323264339364268,2.146423068650029,4.93309690532363e-13
8.827586206896552,7.793103448275862,0.7117670855789375,0.8062494420717168,4,0.3249026294633481,1.9088177028137134,2.064233097934228,4.787174903392346e-11
8.827586206896552,7.793103448275862,0.7117670855789375,0.8062494420717168,5,0.3672272326946388,2.013399032084413,2.43273098511507,3.909378432849718e-11
11.448275862068966,7.379310344827586,0.548832451530747,0.8514596911598504,1,0.0917381311623608,1.044742606656571,1.0779967632898018,2.389120387226522e-8
11.448275862068966,7.379310344827586,0.548832451530747,0.8514596911598504,2,0.24793127852248417,1.4381212289712744,1.6239712516160925,8.939274877547816e-12
11.448275862068966,7.379310344827586,0.548832451530747,0.8514596911598504,3,0.3250446837098008,1.91516955584366,2.0080568670176184,1.1860071776919432e-8
8.413793103448276,5.206896551724138,0.7467720242139673,1.2067044629682648,1,0.15059316853685412,1.1566252042304626,1.3084176081028176,9.215694429745504e-9
8.413793103448276,5.206896551724138,0.7467720242139673,1.2067044629682648,2,0.31633746112895417,2.2028986334362544,2.2691346030531703,1.565945685688754e-8
9.931034482758621,6.448275862068965,0.6326818538479444,0.9743977214342674,1,0.09551114387339382,1.0548982851989337,1.1005646408055565,3.631612721662579e-14
9.931034482758621,6.448275862068965,0.6326818538479444,0.9743977214342674,2,0.25833274200468553,1.5090621948857665,1.7655210071439882,3.6308532730714552e-9
9.931034482758621,6.448275862068965,0.6326818538479444,0.9743977214342674,3,0.31739947713018885,2.006909464386834,2.096222035573539,1.1276545318292694e-14
12.0,6.655172413793103,0.5235987755982988,0.9441055642912332,1,0.09375753790744987,1.0499880496319693,1.0841060162558476,1.0632086585487978e-8
12.0,6.655172413793103,0.5235987755982988,0.9441055642912332,2,0.17385636292873663,1.1927728247383331,1.3171648616895122,6.506787642362486e-11
12.0,6.655172413793103,0.5235987755982988,0.9441055642912332,3,0.32137182904951833,1.9634193976819225,2.032154724920142,4.603615698285909e-11
11.03448275862069,5.103448275862069,0.56941366846315,1.2311646885689729,1,0.10810035858102546,1.0782254846906958,1.1352478877510346,7.395654299746401e-8
11.03448275862069,5.103448275862069,0.56941366846315,1.2311646885689729,2,0.30231741965546755,2.0887638002218627,2.1330709060167927,1.1981879957141061e-14
9.379310344827585,7.172413793103448,0.6698984334860589,0.8760210284048462,1,0.09398326325560717,1.0494900166514134,1.0946658533891145,2.1356747589818035e-8
9.379310344827585,7.172413793103448,0.6698984334860589,0.8760210284048462,2,0.32177202734376703,1.9519502508739996,2.0760945772239134,5.2328593685460555e-9
9.379310344827585,7.172413793103448,0.6698984334860589,0.8760210284048462,3,0.2978885439077326,1.6896012283404218,1.9361353189374042,2.5689336900510923e-9
10.482758620689655,5.827586206896552,0.599382808908579,1.0781797272675029,1,0.10254165707061018,1.0663677955254738,1.1184938516495242,6.297246102004398e-11
10.482758620689655,5.827586206896552,0.599382808908579,1.0781797272675029,2,0.31158026857302457,2.0517893048818783,2.110232430657895,3.990669967032189e-11
10.482758620689655,5.827586206896552,0.599382808908579,1.0781797272675029,3,0.16966075127736735,1.1900424053503789,1.3398068835518648,2.9028027153636493e-12
8.827586206896552,7.896551724137931,0.7117670855789375,0.7956872223065852,1,0.09825560249494672,1.0497564827030952,1.1012029779692616,8.717436016900243e-8
8.827586206896552,7.896551724137931,0.7117670855789375,0.7956872223065852,2,0.32774694934504495,1.8331385202744437,2.046600945232086,5.541271237768276e-9
8.827586206896552,7.896551724137931,0.7117670855789375,0.7956872223065852,3,0.3727080862513382,2.0637835968758544,2.4646677834279505,5.083686755572197e-11
8.827586206896552,7.896551724137931,0.7117670855789375,0.7956872223065852,4,0.3232990004207445,1.7314328823714966,2.146554342301215,3.6887346830173204e-11
8.827586206896552,7.896551724137931,0.7117670855789375,0.7956872223065852,5,0.3250394761667849,1.9001718829101963,2.0574163003638906,3.446057294861458e-10
8.827586206896552,7.896551724137931,0.7117670855789375,0.7956872223065852,6,0.4165623857608978,2.575863020051769,2.6665015787210082,6.882005300338974e-12
11.448275862068966,7.482758620689655,0.548832451530747,0.8396883590240001,1,0.09176640026283812,1.044258370200151,1.0773433844790627,1.5258670008333739e-12
11.448275862068966,7.482758620689655,0.548832451530747,0.8396883590240001,2,0.32568144930017184,1.9082085036818064,2.003527263621259,7.227077462658919e-9
11.448275862068966,7.482758620689655,0.548832451530747,0.8396883590240001,3,0.25211100343736587,1.452960745414132,1.6376185216915187,2.3473595780249335e-8
9.931034482758621,6.551724137931035,0.6326818538479444,0.9590124942537263,1,0.09477964561826022,1.053505016042363,1.0981461113628284,1.5438615302951256e-8
9.931034482758621,6.551724137931035,0.6326818538479444,0.9590124942537263,2,0.3180310326360704,1.9973524675725831,2.0901494650614194,2.2429870969562162e-13
9.931034482758621,6.551724137931035,0.6326818538479444,0.9590124942537263,3,0.26273328482351554,1.527397122858051,1.7819888348433146,1.0342127799753795e-10
12.0,6.758620689655173,0.5235987755982988,0.9296549689194286,1,0.09326557373999426,1.0489236728758409,1.082424820798956,4.752610313382043e-8
12.0,6.758620689655173,0.5235987755982988,0.9296549689194286,2,0.32229804136732076,1.9558519803145509,2.0273514064716887,4.5149548639694245e-14
12.0,6.758620689655173,0.5235987755982988,0.9296549689194286,3,0.18444053840578875,1.2212960769570373,1.3572621462939403,2.4770342404607673e-8
8.413793103448276,5.310344827586207,0.7467720242139673,1.1831972331701817,1,0.13889269053342557,1.1310461532511578,1.2589062816535401,2.6846692396475694e-12
8.413793103448276,5.310344827586207,0.7467720242139673,1.1831972331701817,2,0.3175355927668759,2.191166140286808,2.2642371707464286,1.032922993891558e-14
8.413793103448276,5.310344827586207,0.7467720242139673,1.1831972331701817,3,0.2600368071301325,1.5603347198786073,1.9071507070459317,5.728711956668925e-13
11.03448275862069,5.206896551724138,0.56941366846315,1.2067044629682648,1,0.11064777045847578,1.0805276961622516,1.1403448324201004,3.320745499304972e-9
11.03448275862069,5.206896551724138,0.56941366846315,1.2067044629682648,2,0.3036678365050007,2.084187726485734,2.126882330699468,9.802853226023045e-13
9.379310344827585,7.275862068965517,0.6698984334860589,0.8635657531194693,1,0.09403291803685443,1.048969280813343,1.0939779021045726,5.6088660608800296e-8
9.379310344827585,7.275862068965517,0.6698984334860589,0.8635657531194693,2,0.32208994157955045,1.9429110607518578,2.0696441010362907,4.21993149110194e-12
9.379310344827585,7.275862068965517,0.6698984334860589,0.8635657531194693,3,0.30041470605012077,1.6987727739695537,1.940178771519113,5.5634422553710495e-11
10.482758620689655,5.931034482758621,0.599382808908579,1.059374266908186,1,0.31260861750579005,2.0426134415998582,2.1046611193846143,2.7431768062460208e-14
10.482758620689655,5.931034482758621,0.599382808908579,1.059374266908186,2,0.10079407874121979,1.0635952809793083,1.1134718210001435,3.688585459893315e-11
10.482758620689655,5.931034482758621,0.599382808908579,1.059374266908186,3,0.18637537438439006,1.2355260688354597,1.4111798983913857,2.6340729803184103e-8
11.448275862068966,7.586206896551724,0.548832451530747,0.8282380632191273,1,0.0918510524120514,1.0438325993549633,1.0767967843666166,3.309633141269799e-9
11.448275862068966,7.586206896551724,0.548832451530747,0.8282380632191273,2,0.3262921647139435,1.9013985976107848,1.9990726508522372,3.1797280639528935e-11
11.448275862068966,7.586206896551724,0.548832451530747,0.8282380632191273,3,0.25605939419224877,1.4668085585580282,1.649944490932914,1.1728379768347445e-8
8.827586206896552,8.0,0.7117670855789375,0.7853981633974483,1,0.09890633554204323,1.0497982362444154,1.1017787132383072,4.3325029086799823e-10
8.827586206896552,8.0,0.7117670855789375,0.7853981633974483,2,0.3251608418468865,1.891694164701538,2.0506616695694344,4.0983465208161914e-13
8.827586206896552,8.0,0.7117670855789375,0.7853981633974483,3,0.32459552517859813,1.7310938128750246,2.1474744880937315,5.800305517403198e-11
8.827586206896552,8.0,0.7117670855789375,0.7853981633974483,4,0.32983694658881346,1.839213813140577,2.0471591416593053,8.941948755304035e-11
8.827586206896552,8.0,0.7117670855789375,0.7853981633974483,5,0.4191363969178387,2.5839476928019787,2.6623170409751014,9.940295989691374e-13
9.931034482758621,6.655172413793103,0.6326818538479444,0.9441055642912332,1,0.09418237756013134,1.0522772637481448,1.0960514470198213,2.5002792642565238e-8
9.931034482758621,6.655172413793103,0.6326818538479444,0.9441055642912332,2,0.31862653822044273,1.9879368007543556,2.0840876408355014,1.8926820652790333e-8
9.931034482758621,6.655172413793103,0.6326818538479444,0.9441055642912332,3,0.2667739891863304,1.544065379672134,1.79616466335884,2.575021306293786e-13
12.0,6.862068965517241,0.5235987755982988,0.9156400698904925,1,0.19427411887385979,1.249911167375265,1.3955175102030402,3.858176118494061e-10
12.0,6.862068965517241,0.5235987755982988,0.9156400698904925,2,0.09285885657394863,1.0479599214274349,1.080922526219317,1.849165741708869e-10
12.0,6.862068965517241,0.5235987755982988,0.9156400698904925,3,0.32319278669536367,1.9483928151337693,2.022622341820491,1.0514936210259323e-9
8.413793103448276,5.413793103448276,0.7467720242139673,1.1605883688420893,1,0.13007991802650795,1.1135116917254004,1.2243357956638523,4.034658311070162e-8
8.413793103448276,5.413793103448276,0.7467720242139673,1.1605883688420893,2,0.318582096349095,2.178898029492178,2.2587195649322043,2.2994557273685435e-14
8.413793103448276,5.413793103448276,0.7467720242139673,1.1605883688420893,3,0.26726328109906894,1.5965429499500985,1.9455499895554433,3.436716167898456e-14
11.03448275862069,5.310344827586207,0.56941366846315,1.1831972331701817,1,0.11309755071511972,1.0829057055559093,1.145429187871978,1.1943343379834028e-9
11.03448275862069,5.310344827586207,0.56941366846315,1.1831972331701817,2,0.3050448197985783,2.0784987798595083,2.121075531743209,2.2338282393710668e-10
9.379310344827585,7.379310344827586,0.6698984334860589,0.8514596911598504,1,0.09416428472945096,1.0485342865444065,1.0934651424954105,3.0757937683008167e-8
9.379310344827585,7.379310344827586,0.6698984334860589,0.8514596911598504,2,0.30287784549228725,1.7074748139147955,1.9437446252613166,2.4342806444569856e-9
9.379310344827585,7.379310344827586,0.6698984334860589,0.8514596911598504,3,0.3223853794143264,1.9340525306239518,2.063245457956213,4.0564212672479607e-13
10.482758620689655,6.0344827586206895,0.599382808908579,1.04121356518976,1,0.09926200668446837,1.0611429062775986,1.1090613902551105,1.2672256848425372e-11
10.482758620689655,6.0344827586206895,0.599382808908579,1.04121356518976,2,0.31357932460490495,2.0333747151984913,2.09904678249939,1.0760789589979484e-13
10.482758620689655,6.0344827586206895,0.599382808908579,1.04121356518976,3,0.2009486197320136,1.2807519187528271,1.4769251764879878,1.9300227060075518e-9
11.448275862068966,7.689655172413793,0.548832451530747,0.817095847122009,1,0.0919890144207781,1.0434612782354136,1.0763497830717754,3.883273188904474e-11
11.448275862068966,7.689655172413793,0.548832451530747,0.817095847122009,2,0.2598156974862276,1.4797932375850116,1.661152561820161,1.1824020560557128e-12
11.448275862068966,7.689655172413793,0.548832451530747,0.817095847122009,3,0.3268773935506497,1.8947425241085727,1.9946945928737787,5.7529807278982725e-9
9.931034482758621,6.758620689655173,0.6326818538479444,0.9296549689194286,1,0.09370701733467823,1.0511959592829618,1.0942432661414199,1.7263014301878482e-12
9.931034482758621,6.758620689655173,0.6326818538479444,0.9296549689194286,2,0.3191885534394904,1.9786722201338807,2.07804676766914,4.6066090057226244e-10
9.931034482758621,6.758620689655173,0.6326818538479444,0.9296549689194286,3,0.27052298801253055,1.5593237479020214,1.8084530376728136,8.252219850025317e-11
8.96551724137931,5.0,0.700816822723877,1.2566370614359172,1,0.15010285699125298,1.1566873103544184,1.3008836292693324,5.331292344147706e-9
8.96551724137931,5.0,0.700816822723877,1.2566370614359172,2,0.30775932875200945,2.183039666588991,2.2279308361644103,2.626618477433986e-8
12.0,6.9655172413793105,0.5235987755982988,0.9020414549911286,1,0.09253138571386642,1.0470878491252105,1.079583323214023,2.9342441906753666e-10
12.0,6.9655172413793105,0.5235987755982988,0.9020414549911286,2,0.32405717495499714,1.9410509452397224,2.017968173630808,1.98918337004289e-11
12.0,6.9655172413793105,0.5235987755982988,0.9020414549911286,3,0.2030558385688525,1.2770291910659797,1.4300073145358023,9.649638014682716e-11
11.03448275862069,5.413793103448276,0.56941366846315,1.1605883688420893,1,0.11042155028318018,1.078537334439214,1.13758652530866,4.5180331905353644e-12
11.03448275862069,5.413793103448276,0.56941366846315,1.1605883688420893,2,0.3064060358134572,2.071926240626885,2.115466165295437,1.0493054417792538e-9
8.413793103448276,5.517241379310345,0.7467720242139673,1.1388273369263,1,0.1233821149473008,1.1010602738950928,1.1995664676673325,1.8210218980923027e-8
8.413793103448276,5.517241379310345,0.7467720242139673,1.1388273369263,2,0.31950085157171054,2.1663061812704916,2.252712885217604,4.515990750937776e-14
8.413793103448276,5.517241379310345,0.7467720242139673,1.1388273369263,3,0.27345815079566155,1.628077681542194,1.9769934929418445,4.349505012398089e-10
9.379310344827585,7.482758620689655,0.6698984334860589,0.8396883590240001,1,0.09437239068037298,1.0481781196630597,1.0931145652140926,2.2488068307554188e-13
9.379310344827585,7.482758620689655,0.6698984334860589,0.8396883590240001,2,0.32265907365659524,1.9253745500307806,2.0569038879580472,9.334702791529395e-12
9.379310344827585,7.482758620689655,0.6698984334860589,0.8396883590240001,3,0.30528923993488855,1.7157658819353623,1.946913877354657,1.3244939229602739e-8
11.448275862068966,7.793103448275862,0.548832451530747,0.8062494420717168,1,0.09217753652660181,1.0431407939635704,1.0759960617642756,8.775183448947218e-9
11.448275862068966,7.793103448275862,0.548832451530747,0.8062494420717168,2,0.32743771011108885,1.8882432953341466,1.9903946658396803,1.4808992841820968e-9
11.448275862068966,7.793103448275862,0.548832451530747,0.8062494420717168,3,0.263411548398685,1.492023303065317,1.6714096696397,2.3099148774740365e-13
10.482758620689655,6.137931034482759,0.599382808908579,1.0236650219562247,1,0.09792618489785986,1.0589708672568918,1.1051872914198468,2.9004960170551004e-13
10.482758620689655,6.137931034482759,0.599382808908579,1.0236650219562247,2,0.3144967472989939,2.0241265621086133,2.093403642006545,2.3218773234227733e-8
10.482758620689655,6.137931034482759,0.599382808908579,1.0236650219562247,3,0.21267718788713533,1.3207878695789157,1.5309190602057068,2.9357096786507037e-11
12.0,7.068965517241379,0.5235987755982988,0.888840848332722,1,0.092277789805767,1.046299780014246,1.0783933221494515,4.764926189802069e-8
12.0,7.068965517241379,0.5235987755982988,0.888840848332722,2,0.2108195360135595,1.3020584188628297,1.4603625555317967,3.3603349182023674e-13
12.0,7.068965517241379,0.5235987755982988,0.888840848332722,3,0.32489218067112197,1.9338333488115835,2.0133894694271754,1.2180062336446154e-9
9.931034482758621,6.862068965517241,0.6326818538479444,0.9156400698904925,1,0.09334298093988197,1.0502449872578863,1.0926902912957035,8.59113364995742e-9
9.931034482758621,6.862068965517241,0.6326818538479444,0.9156400698904925,2,0.3197191712940072,1.9695653397089852,2.072035610438994,1.4756911625410142e-11
9.931034482758621,6.862068965517241,0.6326818538479444,0.9156400698904925,3,0.2740330234575661,1.5733791848048457,1.81917282467108,3.1906220219750256e-8
8.96551724137931,5.103448275862069,0.700816822723877,1.2311646885689729,1,0.14219027458277883,1.1386715507079432,1.2670981868622102,4.832825223579947e-9
8.96551724137931,5.103448275862069,0.700816822723877,1.2311646885689729,2,0.3094539370153303,2.1757448135635293,2.2249088228778025,1.637770209532789e-8
8.96551724137931,5.103448275862069,0.700816822723877,1.2311646885689729,3,0.1808907575995978,1.2338924065000212,1.4397511579953008,4.955274804219516e-8
8.96551724137931,5.103448275862069,0.700816822723877,1.2311646885689729,4,0.47496814086611916,3.1358402642402714,3.25609451246802,1.4211251865479804e-9
11.03448275862069,5.517241379310345,0.56941366846315,1.1388273369263,1,0.10796148562168696,1.0745826660630875,1.130486510254472,5.897184594743172e-9
11.03448275862069,5.517241379310345,0.56941366846315,1.1388273369263,2,0.3077288807671889,2.0646755541734114,2.1099531306987016,2.2836952283207458e-14
8.413793103448276,5.620689655172414,0.7467720242139673,1.117867324590233,1,0.11815402323005804,1.0918002201170622,1.181088637566545,1.2727290867298892e-8
8.413793103448276,5.620689655172414,0.7467720242139673,1.117867324590233,2,0.278885214639341,1.6559663491978174,2.003151576122474,2.0668490834372487e-9
8.413793103448276,5.620689655172414,0.7467720242139673,1.117867324590233,3,0.3203116565119441,2.153543824944321,2.246322176208886,7.630302996550687e-11
9.379310344827585,7.586206896551724,0.6698984334860589,0.8282380632191273,1,0.09465266198080141,1.047894629661446,1.092914688883539,9.147476013130364e-8
9.379310344827585,7.586206896551724,0.6698984334860589,0.8282380632191273,2,0.30765874149305666,1.7236984461726605,1.9497578528956594,6.496610710362131e-10
9.379310344827585,7.586206896551724,0.6698984334860589,0.8282380632191273,3,0.32291169261419905,1.9168771911708284,2.0506245624782,1.4147519749508755e-10
9.379310344827585,7.586206896551724,0.6698984334860589,0.8282380632191273,4,0.34250899627658704,1.8528482593730067,2.2572560898667806,2.8440055642039042e-8
9.379310344827585,7.586206896551724,0.6698984334860589,0.8282380632191273,5,0.32608649613688956,1.7635933735558078,2.1599570085911317,4.2456117119311944e-10
11.448275862068966,7.896551724137931,0.548832451530747,0.7956872223065852,1,0.09241414579257418,1.042867926860691,1.0757300324573866,2.1596020299178022e-8
11.448275862068966,7.896551724137931,0.548832451530747,0.7956872223065852,2,0.32797375218865893,1.8819044662493012,1.986174797566132,3.0064422892394534e-12
11.448275862068966,7.896551724137931,0.548832451530747,0.7956872223065852,3,0.2668726001236683,1.5035901507219054,1.6808533367577398,1.2808958235033583e-10
11.448275862068966,7.896551724137931,0.548832451530747,0.7956872223065852,4,0.6077609388235696,3.5838681277635334,3.5576897107147714,1.4374844687964378e-10
10.482758620689655,6.241379310344827,0.599382808908579,1.0066981983878895,1,0.09676862748976679,1.0570445613584258,1.1017835898920665,2.131995545531712e-9
10.482758620689655,6.241379310344827,0.599382808908579,1.0066981983878895,2,0.3153649480935682,2.0149103239606125,2.087744945445165,5.554633912853398e-9
10.482758620689655,6.241379310344827,0.599382808908579,1.0066981983878895,3,0.22217978980115216,1.3553591526571585,1.5744513755694127,3.8295694380906296e-13
12.0,7.172413793103448,0.5235987755982988,0.8760210284048462,1,0.09209338875865661,1.0455892006832697,1.0773405387119968,9.482157106220561e-10
12.0,7.172413793103448,0.5235987755982988,0.8760210284048462,2,0.32569865194847136,1.926745465683797,2.0088867049411734,1.257397395203821e-9
12.0,7.172413793103448,0.5235987755982988,0.8760210284048462,3,0.2177164607844163,1.3249578714508625,1.486926554591578,6.838043638899365e-10
9.931034482758621,6.9655172413793105,0.6326818538479444,0.9020414549911286,1,0.0930810004546875,1.0494107614898025,1.091365975916614,2.128883653382543e-9
9.931034482758621,6.9655172413793105,0.6326818538479444,0.9020414549911286,2,0.32022017310636003,1.960621179542934,2.0660617469124176,8.297708952862933e-15
9.931034482758621,6.9655172413793105,0.6326818538479444,0.9020414549911286,3,0.27734561967173776,1.5864007377397282,1.8285791835682295,5.734425306844577e-13
8.96551724137931,5.206896551724138,0.700816822723877,1.2067044629682648,1,0.13461432968608875,1.1228191053895464,1.2367989683100777,3.903715417201759e-12
8.96551724137931,5.206896551724138,0.700816822723877,1.2067044629682648,2,0.31097154709263564,2.166971995415869,2.2211485573733714,3.762687558581573e-12
8.96551724137931,5.206896551724138,0.700816822723877,1.2067044629682648,3,0.20625365653207875,1.3155628420321874,1.5705896624809887,5.89344786689959e-10
11.03448275862069,5.620689655172414,0.56941366846315,1.117867324590233,1,0.10572224256238284,1.071020818816527,1.1241029615796647,3.06638628457559e-11
11.03448275862069,5.620689655172414,0.56941366846315,1.117867324590233,2,0.1257693969656088,1.0993443981758333,1.1770476207162657,8.886363521602515e-10
11.03448275862069,5.620689655172414,0.56941366846315,1.117867324590233,3,0.3090021275905951,2.056919116398743,2.1044828586725632,9.528664149949451e-9
8.413793103448276,5.724137931034483,0.7467720242139673,1.097664903061494,1,0.11398339708853913,1.0846555765150898,1.166843336434578,1.2630603417091342e-8
8.413793103448276,5.724137931034483,0.7467720242139673,1.097664903061494,2,0.32103097798116775,2.1407228257596818,2.2396318496159786,3.90418107050891e-9
8.413793103448276,5.724137931034483,0.7467720242139673,1.097664903061494,3,0.2837195137744631,1.6809225034386754,2.0251474195835355,1.6301853524485134e-10
9.379310344827585,7.689655172413793,0.6698984334860589,0.817095847122009,1,0.09500184785050808,1.0476793600385073,1.092857222026398,1.5151072711195352e-12
9.379310344827585,7.689655172413793,0.6698984334860589,0.817095847122009,2,0.3099948793767234,1.7313189533714188,1.9523387838176274,1.3816394702805967e-10
9.379310344827585,7.689655172413793,0.6698984334860589,0.817095847122009,3,0.3231438885102913,1.9085608578667088,2.044412692845764,1.407692129278553e-13
9.379310344827585,7.689655172413793,0.6698984334860589,0.817095847122009,4,0.35122771743692627,1.8986302316516572,2.303015416987992,5.531041965232628e-13
11.448275862068966,8.0,0.548832451530747,0.7853981633974483,1,0.09269664783962744,1.04263988279806,1.0755468134805635,4.235917131791726e-11
11.448275862068966,8.0,0.548832451530747,0.7853981633974483,2,0.32848625899119493,1.8757303037835622,1.9820371595315032,6.8412668506871005e-12
11.448275862068966,8.0,0.548832451530747,0.7853981633974483,3,0.2702200293580492,1.5145719850851525,1.6895986412308344,2.827488821610079e-9
10.482758620689655,6.344827586206897,0.599382808908579,0.9902846408054782,1,0.09577290902403836,1.0553341584928657,1.0987931901599546,2.1450659560485263e-8
10.482758620689655,6.344827586206897,0.599382808908579,0.9902846408054782,2,0.3161877455130342,2.005758543009102,2.0820835271335105,3.4927313266972006e-14
10.482758620689655,6.344827586206897,0.599382808908579,0.9902846408054782,3,0.23009033000842957,1.3853442851668836,1.6099264362667958,3.3989311886945763e-9
12.0,7.275862068965517,0.5235987755982988,0.8635657531194693,1,0.09197357540476161,1.0449496484700778,1.0764136976245748,2.226679900638776e-11
12.0,7.275862068965517,0.5235987755982988,0.8635657531194693,2,0.3264773251070201,1.9197915882847871,2.004460295763435,1.9437051670308944e-10
12.0,7.275862068965517,0.5235987755982988,0.8635657531194693,3,0.22390718660057546,1.345899331170184,1.5102343054197012,2.5493142087582295e-10
9.931034482758621,7.068965517241379,0.6326818538479444,0.888840848332722,1,0.09291302637370331,1.0486816541258122,1.090247849662729,2.3368793688168593e-12
9.931034482758621,7.068965517241379,0.6326818538479444,0.888840848332722,2,0.32069302933414534,1.9518432272251425,2.060131767293292,8.732087091207971e-12
9.931034482758621,7.068965517241379,0.6326818538479444,0.888840848332722,3,0.28049434892558417,1.5985289684031625,1.836881372899188,6.904346268851066e-9
8.96551724137931,5.310344827586207,0.700816822723877,1.1831972331701817,1,0.12791125526469013,1.1097659054811944,1.2115285443856874,1.2065735601636295e-11
8.96551724137931,5.310344827586207,0.700816822723877,1.1831972331701817,2,0.22365285697892137,1.381649203796571,1.6651362359708877,2.0223164913269417e-13
8.96551724137931,5.310344827586207,0.700816822723877,1.1831972331701817,3,0.312325394226387,2.1571512889455358,2.2167335821430987,5.752627810499745e-11
11.03448275862069,5.724137931034483,0.56941366846315,1.097664903061494,1,0.131569820875771,1.1083034291192377,1.193427263652986,2.438527722358365e-10
11.03448275862069,5.724137931034483,0.56941366846315,1.097664903061494,2,0.10370080012723443,1.0678235394030842,1.1183914108750226,6.484403824793153e-12
11.03448275862069,5.724137931034483,0.56941366846315,1.097664903061494,3,0.3102211109847519,2.0487974353522205,2.0990290229537694,3.2212999519007797e-10
9.379310344827585,7.793103448275862,0.6698984334860589,0.8062494420717168,1,0.09541617001756089,1.047527349629505,1.092933235271417,5.321782484940535e-10
9.379310344827585,7.793103448275862,0.6698984334860589,0.8062494420717168,2,0.3233563477390998,1.900426391851871,2.038273628329035,2.5663332487004377e-10
9.379310344827585,7.793103448275862,0.6698984334860589,0.8062494420717168,3,0.32122384242823143,1.7267598548193708,2.117921890245899,2.1005697259292366e-11
9.379310344827585,7.793103448275862,0.6698984334860589,0.8062494420717168,4,0.3574869693237801,1.9325454842124645,2.3348054751280243,4.3135926527547315e-12
8.413793103448276,5.827586206896552,0.7467720242139673,1.0781797272675029,1,0.11060525073324318,1.078988343612612,1.1555852245029696,2.463648895444858e-14
8.413793103448276,5.827586206896552,0.7467720242139673,1.0781797272675029,2,0.3216725623843115,2.1279252606648615,2.232709858311514,3.596539150739422e-11
8.413793103448276,5.827586206896552,0.7467720242139673,1.0781797272675029,3,0.2880833864222425,1.70345933964136,2.043773195686075,5.470857993486651e-10
11.586206896551724,5.0,0.5422987318696667,1.2566370614359172,1,0.10380324778816816,1.0734177986694662,1.1224288818007218,3.947954193248872e-8
11.586206896551724,5.0,0.5422987318696667,1.2566370614359172,2,0.30170478336814804,2.0773079529895764,2.130417438743618,1.2593286226073876e-11
10.482758620689655,6.448275862068965,0.599382808908579,0.9743977214342674,1,0.0949242456592168,1.0538141763054594,1.0961670200778098,8.452518405654048e-13
10.482758620689655,6.448275862068965,0.599382808908579,0.9743977214342674,2,0.23685338032615677,1.4116323577256593,1.6392904065137817,1.3254550227107732e-10
10.482758620689655,6.448275862068965,0.599382808908579,0.9743977214342674,3,0.31696851594032716,1.9966961675753927,2.076430674027458,3.782965318115831e-11
12.0,7.379310344827586,0.5235987755982988,0.8514596911598504,1,0.09191442749720237,1.0443757765114643,1.075603223491067,8.9692188743401e-9
12.0,7.379310344827586,0.5235987755982988,0.8514596911598504,2,0.22952900606000942,1.365110470667572,1.5308087969169177,4.149211173046997e-8
12.0,7.379310344827586,0.5235987755982988,0.8514596911598504,3,0.32722885312126243,1.9129752410219862,2.0001106816688425,6.218574581120352e-15
9.931034482758621,7.172413793103448,0.6326818538479444,0.8760210284048462,1,0.09283203034778234,1.048047739080675,1.0893167880877284,9.502760785817257e-10
9.931034482758621,7.172413793103448,0.6326818538479444,0.8760210284048462,2,0.32113896319742163,1.943233969027955,2.054251492688934,2.548425674480887e-12
9.931034482758621,7.172413793103448,0.6326818538479444,0.8760210284048462,3,0.28350644132440517,1.6098814525141782,1.844251462030929,2.6003683412966003e-10
8.96551724137931,5.413793103448276,0.700816822723877,1.1605883688420893,1,0.12221128884622635,1.099295353097851,1.191105682800833,5.703177438608813e-8
8.96551724137931,5.413793103448276,0.700816822723877,1.1605883688420893,2,0.23616519705678354,1.4339320165269966,1.7332822301833146,8.652279148783244e-12
8.96551724137931,5.413793103448276,0.700816822723877,1.1605883688420893,3,0.3135328572369997,2.1466018833268805,2.2117604882356665,2.2250174566074853e-11
8.96551724137931,5.413793103448276,0.700816822723877,1.1605883688420893,4,0.49283145159895236,3.2785755182988665,3.3478561635968647,7.792293788451196e-15
9.379310344827585,7.896551724137931,0.6698984334860589,0.7956872223065852,1,0.09589300466411692,1.0474350504569543,1.0931365054897988,1.2651248678291866e-8
9.379310344827585,7.896551724137931,0.6698984334860589,0.7956872223065852,2,0.36281499198652667,1.9633840058510121,2.361751668447144,2.9395009888468313e-9
9.379310344827585,7.896551724137931,0.6698984334860589,0.7956872223065852,3,0.32354983727348224,1.8924751464534515,2.0322129080706874,1.1918077108150485e-10
9.379310344827585,7.896551724137931,0.6698984334860589,0.7956872223065852,4,0.31459617712447374,1.7457875452318543,1.9569248221417777,1.4946385558443652e-13
9.379310344827585,7.896551724137931,0.6698984334860589,0.7956872223065852,5,0.3209053388674722,1.7189268280367138,2.1093520103456367,5.777373147489921e-13
11.03448275862069,5.827586206896552,0.56941366846315,1.0781797272675029,1,0.1018887971057748,1.064959172308305,1.1132977341040846,1.1944183055255422e-12
11.03448275862069,5.827586206896552,0.56941366846315,1.0781797272675029,2,0.13878713172175394,1.120596028175616,1.215323389410964,3.972776553877075e-11
11.03448275862069,5.827586206896552,0.56941366846315,1.0781797272675029,3,0.31138490542991043,2.040423265698405,2.093580903701495,2.118874018693528e-10
8.413793103448276,5.931034482758621,0.7467720242139673,1.059374266908186,1,0.10784200787624114,1.074398079087508,1.146521548271938,7.296353406140387e-9
8.413793103448276,5.931034482758621,0.7467720242139673,1.059374266908186,2,0.29206587093482,1.7239564666531173,2.0596096419841032,1.914105416603923e-10
8.413793103448276,5.931034482758621,0.7467720242139673,1.059374266908186,3,0.32224799021930556,2.115211756577798,2.225611380915706,1.0307978186457436e-10
12.0,7.482758620689655,0.5235987755982988,0.8396883590240001,1,0.0919123480890748,1.043862719995245,1.0749005458064005,6.947359359647012e-8
12.0,7.482758620689655,0.5235987755982988,0.8396883590240001,2,0.23469078321634299,1.382811274240729,1.549097081490665,8.244222607668107e-9
12.0,7.482758620689655,0.5235987755982988,0.8396883590240001,3,0.32795381421677283,1.906299439412432,1.9958383092355367,1.247303387896207e-9
11.586206896551724,5.103448275862069,0.5422987318696667,1.2311646885689729,1,0.30279092287544407,2.0746625359509796,2.122449809305628,4.641675138951556e-11
11.586206896551724,5.103448275862069,0.5422987318696667,1.2311646885689729,2,0.10545185474596824,1.0742428273963371,1.1248614325778663,6.123841514851408e-11
10.482758620689655,6.551724137931035,0.599382808908579,0.9590124942537263,1,0.0942094069810355,1.0524626287562542,1.0938629190261486,3.2020775472140403e-11
10.482758620689655,6.551724137931035,0.599382808908579,0.9590124942537263,2,0.31771023289014794,1.9877423487636001,2.0707963929151614,9.394952378766043e-14
10.482758620689655,6.551724137931035,0.599382808908579,0.9590124942537263,3,0.24276707278586956,1.4349357141404349,1.6639550122795408,3.146928105912929e-11
10.482758620689655,6.551724137931035,0.599382808908579,0.9590124942537263,4,0.5599008541793916,3.629917855355039,3.545371472673953,1.7937811228669807e-9
9.931034482758621,7.275862068965517,0.6326818538479444,0.8635657531194693,1,0.09283188682937189,1.0475004985576994,1.0885565106455728,1.2437572883961959e-8
9.931034482758621,7.275862068965517,0.6326818538479444,0.8635657531194693,2,0.3215589993667056,1.934795244861655,2.0484261570074462,8.524571452009908e-14
9.931034482758621,7.275862068965517,0.6326818538479444,0.8635657531194693,3,0.2864044560456442,1.6205579692380874,1.850833701457123,1.829005926962212e-11
9.379310344827585,8.0,0.6698984334860589,0.7853981633974483,1,0.09643000925666427,1.0473993181622834,1.0934616677311064,3.1157201124713205e-11
9.379310344827585,8.0,0.6698984334860589,0.7853981633974483,2,0.3168737199360354,1.75270738405255,1.9590208120485249,7.22691690773055e-10
9.379310344827585,8.0,0.6698984334860589,0.7853981633974483,3,0.3237252525675266,1.8847090141591973,2.026236302008903,1.25365126641841e-13
9.379310344827585,8.0,0.6698984334860589,0.7853981633974483,4,0.3678238542170702,1.9959549187149515,2.3876287961238694,4.136607713972574e-12
9.379310344827585,8.0,0.6698984334860589,0.7853981633974483,5,0.3210973405047716,1.7135136449541495,2.103784314336071,5.532256805208736e-13
11.03448275862069,5.931034482758621,0.56941366846315,1.059374266908186,1,0.1002746368123518,1.0623954350683096,1.1087644501903855,9.197408834859493e-13
11.03448275862069,5.931034482758621,0.56941366846315,1.059374266908186,2,0.14796271899811034,1.1379840478793062,1.2454001080655672,2.885006950473041e-14
11.03448275862069,5.931034482758621,0.56941366846315,1.059374266908186,3,0.3124946860259064,2.0318864684670954,2.088136735837853,2.2315183759065092e-8
8.96551724137931,5.517241379310345,0.700816822723877,1.1388273369263,1,0.11743125911449316,1.0909063876684788,1.1746880483692212,6.454065383940985e-10
8.96551724137931,5.517241379310345,0.700816822723877,1.1388273369263,2,0.24583858354210816,1.4766744178470146,1.7848305475097068,5.259835737761249e-13
8.96551724137931,5.517241379310345,0.700816822723877,1.1388273369263,3,0.3146115925982522,2.135561250331004,2.2063222132058753,2.3202257711244732e-8
8.413793103448276,6.0344827586206895,0.7467720242139673,1.04121356518976,1,0.10556958460753892,1.070620527623613,1.1391234549663716,4.832629819466292e-10
8.413793103448276,6.0344827586206895,0.7467720242139673,1.04121356518976,2,0.29573393107930734,1.7427016493978102,2.0730967171231622,6.308254230113893e-13
8.413793103448276,6.0344827586206895,0.7467720242139673,1.04121356518976,3,0.3227670364870332,2.102626883468271,2.2183811211655744,6.244798939533126e-11
12.0,7.586206896551724,0.5235987755982988,0.8282380632191273,1,0.09196402953552285,1.0434061620525121,1.0742979068173535,2.032939032600945e-9
12.0,7.586206896551724,0.5235987755982988,0.8282380632191273,2,0.3286527425881768,1.8997669741480214,1.991643693271309,3.8435903213600923e-13
12.0,7.586206896551724,0.5235987755982988,0.8282380632191273,3,0.23947894147406684,1.3992019781263356,1.5654741257203542,9.413475732629098e-12
10.482758620689655,6.655172413793103,0.599382808908579,0.9441055642912332,1,0.09361666179431856,1.0512607977059611,1.0918448434850805,3.5811789297655243e-9
10.482758620689655,6.655172413793103,0.599382808908579,0.9441055642912332,2,0.31841548612875603,1.978911711264449,2.065189490757047,1.7958508995044188e-9
10.482758620689655,6.655172413793103,0.599382808908579,0.9441055642912332,3,0.24803491611917897,1.4558021581923832,1.6849369475669826,1.6387811565000303e-9
11.586206896551724,5.206896551724138,0.5422987318696667,1.2067044629682648,1,0.1073235604043914,1.0754952847990835,1.1279600330552308,2.344148417502111e-8
11.586206896551724,5.206896551724138,0.5422987318696667,1.2067044629682648,2,0.3040501940494194,2.070836688155277,2.1154958174521914,3.664916957838522e-9
9.931034482758621,7.379310344827586,0.6326818538479444,0.8514596911598504,1,0.09290723084954339,1.047032640595059,1.0879530997981377,2.3762151800253413e-10
9.931034482758621,7.379310344827586,0.6326818538479444,0.8514596911598504,2,0.3219540154378013,1.9265285604467857,2.042660666872082,1.595194017881884e-8
9.931034482758621,7.379310344827586,0.6326818538479444,0.8514596911598504,3,0.2892071909030301,1.630643755590596,1.8567496500154557,2.67919117252052e-10
11.03448275862069,6.0344827586206895,0.56941366846315,1.04121356518976,1,0.09884512491997241,1.060101281643172,1.1047349683135976,2.431087234395089e-13
11.03448275862069,6.0344827586206895,0.56941366846315,1.04121356518976,2,0.1596036545357206,1.1628430004962154,1.2868431785062309,2.8187444443074645e-8
11.03448275862069,6.0344827586206895,0.56941366846315,1.04121356518976,3,0.31355269946349146,2.0232581219562,2.082699371060607,1.6031602022708308e-12
9.517241379310345,5.0,0.6601897605369855,1.2566370614359172,1,0.124524913307474,1.1060365048330696,1.198105808060412,2.0089147973610296e-10
9.517241379310345,5.0,0.6601897605369855,1.2566370614359172,2,0.30403782439301213,2.1505858489740395,2.1924181771803486,2.0525520281797152e-8
8.96551724137931,5.620689655172414,0.700816822723877,1.117867324590233,1,0.11343271618274078,1.0841243062250872,1.161413941367681,8.123361412909866e-10
8.96551724137931,5.620689655172414,0.700816822723877,1.117867324590233,2,0.2537075083323369,1.5126168029899132,1.8253061366737509,4.544396168097711e-10
8.96551724137931,5.620689655172414,0.700816822723877,1.117867324590233,3,0.31557810054735375,2.124207309632382,2.2005024956915697,1.3482484018868685e-8
12.0,7.689655172413793,0.5235987755982988,0.817095847122009,1,0.09206660912845359,1.0430021859163694,1.0737887013993952,1.769386523683976e-9
12.0,7.689655172413793,0.5235987755982988,0.817095847122009,2,0.3293261541321558,1.8933806267826596,1.9875274950381252,2.8029546793166137e-11
12.0,7.689655172413793,0.5235987755982988,0.817095847122009,3,0.2439606234107494,1.4144528561944514,1.5802429358779504,3.520777294518542e-13
8.413793103448276,6.137931034482759,0.7467720242139673,1.0236650219562247,1,0.10369818855249235,1.067473884802494,1.1330242026191844,4.2758267896021927e-10
8.413793103448276,6.137931034482759,0.7467720242139673,1.0236650219562247,2,0.32323800773012124,2.090203279064295,2.211055468163428,1.0543273808254544e-13
8.413793103448276,6.137931034482759,0.7467720242139673,1.0236650219562247,3,0.29913930313733034,1.7599178943018883,2.0845773244903993,3.3065184995942945e-8
10.482758620689655,6.758620689655173,0.599382808908579,0.9296549689194286,1,0.09313562488843126,1.0501926336842882,1.0900819298124662,8.069463324620341e-13
10.482758620689655,6.758620689655173,0.599382808908579,0.9296549689194286,2,0.3190864927252724,1.9702152888498106,2.0596175630956477,1.267750584397127e-13
10.482758620689655,6.758620689655173,0.599382808908579,0.9296549689194286,3,0.25280017422810636,1.474653733841197,1.7029813324997525,3.338768417612084e-9
9.931034482758621,7.482758620689655,0.6326818538479444,0.8396883590240001,1,0.09305338991292231,1.0466378051346563,1.0874946741562883,3.6072843538130906e-12
9.931034482758621,7.482758620689655,0.6326818538479444,0.8396883590240001,2,0.2919304732241685,1.640212233843653,1.8621026788929842,2.118838435817837e-9
9.931034482758621,7.482758620689655,0.6326818538479444,0.8396883590240001,3,0.3223247671417195,1.9184352572939578,2.036959273296552,7.219708566409602e-12
11.586206896551724,5.310344827586207,0.5422987318696667,1.1831972331701817,1,0.10944520507361848,1.0772210958880681,1.1318118148876923,4.80772204831774e-9
11.586206896551724,5.310344827586207,0.5422987318696667,1.1831972331701817,2,0.3053862807686435,2.065930116134946,2.109148679067996,4.177158692299834e-11
11.03448275862069,6.137931034482759,0.56941366846315,1.0236650219562247,1,0.09758657731355311,1.0580478093669314,1.1011560242381733,5.145423950331867e-8
11.03448275862069,6.137931034482759,0.56941366846315,1.0236650219562247,2,0.31456172819673567,2.0145944582114397,2.077274560343819,6.518476691703312e-11
11.03448275862069,6.137931034482759,0.56941366846315,1.0236650219562247,3,0.1733409404935983,1.1962432668873861,1.339879122269391,8.042952621838209e-13
8.96551724137931,5.724137931034483,0.700816822723877,1.097664903061494,1,0.11008201808865166,1.0785749514275509,1.1505789656623915,1.279924489067329e-9
8.96551724137931,5.724137931034483,0.700816822723877,1.097664903061494,2,0.31644696600258737,2.1126728420154897,2.1943731174348793,1.3198464985022904e-12
8.96551724137931,5.724137931034483,0.700816822723877,1.097664903061494,3,0.26033910530837834,1.5434901402529588,1.8579266393122407,1.5848085508363998e-13
12.0,7.793103448275862,0.5235987755982988,0.8062494420717168,1,0.09221742102283546,1.0426472277727485,1.0733668680711166,8.68145561889587e-8
12.0,7.793103448275862,0.5235987755982988,0.8062494420717168,2,0.3299745747411754,1.8871433909769404,1.9834905331167418,8.55592583992407e-13
12.0,7.793103448275862,0.5235987755982988,0.8062494420717168,3,0.24818896597953294,1.4287094436023733,1.5936512209101426,4.825641314945164e-10
9.517241379310345,5.103448275862069,0.6601897605369855,1.2311646885689729,1,0.13159591636544318,1.117019150801752,1.2201551309757939,6.439428996598463e-10
9.517241379310345,5.103448275862069,0.6601897605369855,1.2311646885689729,2,0.3056812675181707,2.144857227151488,2.188623772760862,9.529117715405943e-9
9.517241379310345,5.103448275862069,0.6601897605369855,1.2311646885689729,3,0.47363315669617767,3.101775054789013,3.216202064601035,1.1311316060978278e-11
10.482758620689655,6.862068965517241,0.599382808908579,0.9156400698904925,1,0.09275714337370218,1.049244256343146,1.0885477612397554,6.960866420974763e-8
10.482758620689655,6.862068965517241,0.599382808908579,0.9156400698904925,2,0.3197251532004419,1.9616614046485408,2.0540872868995006,3.141595629645722e-14
10.482758620689655,6.862068965517241,0.599382808908579,0.9156400698904925,3,0.2571669402430758,1.4918201983812234,1.7186471031161614,7.542239164039289e-11
8.413793103448276,6.241379310344827,0.7467720242139673,1.0066981983878895,1,0.10216082834853042,1.0648286598282197,1.127960983872969,1.4851009688277131e-12
8.413793103448276,6.241379310344827,0.7467720242139673,1.0066981983878895,2,0.30232284419943656,1.775782217056534,2.094325431690425,1.485946165417423e-10
8.413793103448276,6.241379310344827,0.7467720242139673,1.0066981983878895,3,0.32366798228419474,2.0779644832518978,2.203664005992776,2.4698570783044977e-13
9.931034482758621,7.586206896551724,0.6326818538479444,0.8282380632191273,1,0.09326626216975681,1.0463104769592886,1.0871710310207547,4.509131528982344e-8
9.931034482758621,7.586206896551724,0.6326818538479444,0.8282380632191273,2,0.2945877371548332,1.6493271596998684,1.8669813001772413,4.669671897385779e-11
9.931034482758621,7.586206896551724,0.6326818538479444,0.8282380632191273,3,0.32267197574525336,1.910516876719841,2.0313266515897297,2.7964092508554626e-10
11.586206896551724,5.413793103448276,0.5422987318696667,1.1605883688420893,1,0.10940144240610433,1.0763498966550182,1.1306696971094656,1.944768375768e-11
11.586206896551724,5.413793103448276,0.5422987318696667,1.1605883688420893,2,0.3067420755583846,2.0601203652942255,2.1031654674882923,5.716763200424469e-14
11.586206896551724,5.413793103448276,0.5422987318696667,1.1605883688420893,3,0.49035264526082495,3.136117557019606,3.17115908177657,1.0691605305212248e-10
11.03448275862069,6.241379310344827,0.56941366846315,1.0066981983878895,1,0.09648561666788488,1.0562093277023163,1.0979790778352179,3.6271971550024896e-11
11.03448275862069,6.241379310344827,0.56941366846315,1.0066981983878895,2,0.18724321377297112,1.2345843245726509,1.3971845260918936,1.804200609590211e-12
11.03448275862069,6.241379310344827,0.56941366846315,1.0066981983878895,3,0.31552468128629974,2.0059396248966648,2.0718689118674285,8.913041016812527e-9
12.0,7.896551724137931,0.5235987755982988,0.7956872223065852,1,0.09241410389118468,1.0423384990540503,1.0730271416865356,1.6569672758694654e-10
12.0,7.896551724137931,0.5235987755982988,0.7956872223065852,2,0.25220636704359684,1.442095354200395,1.6059019804897805,4.819174705525619e-13
12.0,7.896551724137931,0.5235987755982988,0.7956872223065852,3,0.3305985739771754,1.881058665315994,1.9795338509786295,1.3221632814649712e-12
8.96551724137931,5.827586206896552,0.700816822723877,1.0781797272675029,1,0.10726748709107196,1.0739801805745866,1.1416483564498097,3.489024827713392e-9
8.96551724137931,5.827586206896552,0.700816822723877,1.0781797272675029,2,0.3172310932970499,2.101058390342935,2.187996155542035,3.606093864675888e-13
8.96551724137931,5.827586206896552,0.700816822723877,1.0781797272675029,3,0.2660735004792696,1.5704421964424022,1.8846989865311978,2.043850087774923e-14
9.517241379310345,5.206896551724138,0.6601897605369855,1.2067044629682648,1,0.12630103564161463,1.1068555218779812,1.2009254852503606,2.914360194966802e-11
9.517241379310345,5.206896551724138,0.6601897605369855,1.2067044629682648,2,0.14502444236952935,1.1416139391325064,1.2673915344571056,8.000058714073537e-10
9.517241379310345,5.206896551724138,0.6601897605369855,1.2067044629682648,3,0.30721998283236246,2.137623782674769,2.1845094682963646,1.248679758544709e-9
10.482758620689655,6.9655172413793105,0.599382808908579,0.9020414549911286,1,0.09247300771261462,1.0484039653753192,1.0872194503863015,6.717855819069303e-12
10.482758620689655,6.9655172413793105,0.599382808908579,0.9020414549911286,2,0.3203330625500529,1.9532562256027113,2.048604432235763,1.760837609746554e-8
10.482758620689655,6.9655172413793105,0.599382808908579,0.9020414549911286,3,0.26121290526903734,1.5075628133718466,1.7323624587234883,6.303317547732505e-14
9.931034482758621,7.689655172413793,0.6326818538479444,0.817095847122009,1,0.09354229721897266,1.046046090619842,1.0869735667198972,1.345156621054161e-9
9.931034482758621,7.689655172413793,0.6326818538479444,0.817095847122009,2,0.2971904516474082,1.6580440781671837,1.8714616665054384,3.140286524050607e-8
9.931034482758621,7.689655172413793,0.6326818538479444,0.817095847122009,3,0.32299633033584946,1.9027751816281522,2.0257670563291197,1.9605293285855642e-11
8.413793103448276,6.344827586206897,0.7467720242139673,0.9902846408054782,1,0.30531747375224383,1.7904374523669748,2.102565033251639,5.178438639392099e-14
8.413793103448276,6.344827586206897,0.7467720242139673,0.9902846408054782,2,0.10090632716427314,1.062589999125648,1.1237404681591017,3.5413548508019014e-9
8.413793103448276,6.344827586206897,0.7467720242139673,0.9902846408054782,3,0.32406300288580253,2.065927013212165,2.196230724026555,2.2812027941790494e-9
11.586206896551724,5.517241379310345,0.5422987318696667,1.1388273369263,1,0.11459327672899343,1.0823901032970387,1.1423042688518001,1.0288878111533981e-11
11.586206896551724,5.517241379310345,0.5422987318696667,1.1388273369263,2,0.3080848723925176,2.0535932078071557,2.0974048750696284,1.3587261677664435e-10
12.0,8.0,0.5235987755982988,0.7853981633974483,1,0.0926545239675876,1.042072915296292,1.0727647884701361,8.838490339315197e-11
12.0,8.0,0.5235987755982988,0.7853981633974483,2,0.2560470261600047,1.454715807983367,1.6171626971635529,1.0400074291627787e-10
12.0,8.0,0.5235987755982988,0.7853981633974483,3,0.331198802470062,1.875130446723072,1.9756587596720672,6.741829784015224e-12
11.03448275862069,6.344827586206897,0.56941366846315,0.9902846408054782,1,0.09552943991461119,1.0545622394248317,1.0951604043579792,3.3081412149176244e-11
11.03448275862069,6.344827586206897,0.56941366846315,0.9902846408054782,2,0.3164443904632762,1.9973281099703608,2.0664892079170105,8.668142960276266e-11
11.03448275862069,6.344827586206897,0.56941366846315,0.9902846408054782,3,0.1995199415108494,1.2721929658505826,1.4497992066020304,2.553227190752861e-13
8.96551724137931,5.931034482758621,0.700816822723877,1.059374266908186,1,0.10489959681613195,1.07013534080737,1.1342228051983065,3.445737081136192e-8
8.96551724137931,5.931034482758621,0.700816822723877,1.059374266908186,2,0.3179415471899111,2.0894392999511764,2.1814233262956995,8.685041820751369e-11
8.96551724137931,5.931034482758621,0.700816822723877,1.059374266908186,3,0.2711299458500602,1.594270447278772,1.9069529528033575,1.150342168424641e-9
10.482758620689655,7.068965517241379,0.599382808908579,0.888840848332722,1,0.09227616602533821,1.0476613292897305,1.0860776536182102,3.1100360627623046e-11
10.482758620689655,7.068965517241379,0.599382808908579,0.888840848332722,2,0.26499753434399187,1.5220920196254875,1.7444623933408483,5.3315111569798825e-12
10.482758620689655,7.068965517241379,0.599382808908579,0.888840848332722,3,0.3209115846121614,1.9450044631092265,2.043173914969308,2.286391793137941e-9
9.931034482758621,7.793103448275862,0.6326818538479444,0.8062494420717168,1,0.09387835374184182,1.0458403579894098,1.0868947625117593,6.496220634439173e-9
9.931034482758621,7.793103448275862,0.6326818538479444,0.8062494420717168,2,0.3232985558414919,1.8952123709039748,2.020284900252615,4.199881659242806e-13
9.931034482758621,7.793103448275862,0.6326818538479444,0.8062494420717168,3,0.2997484032546108,1.6664117047336782,1.87560919868766,8.631942843269269e-12
9.517241379310345,5.310344827586207,0.6601897605369855,1.1831972331701817,1,0.12147303841226516,1.0980521672365608,1.1841395325465527,3.157174178677358e-8
9.517241379310345,5.310344827586207,0.6601897605369855,1.1831972331701817,2,0.30864067318035315,2.1292769264771128,2.180022669485315,3.475558151416985e-12
9.517241379310345,5.310344827586207,0.6601897605369855,1.1831972331701817,3,0.16334583190945687,1.1817186577547558,1.3405834342853717,3.148258221254366e-12
8.413793103448276,6.448275862068965,0.7467720242139673,0.9743977214342674,1,0.09989477088981168,1.06068672921291,1.120217197713487,2.0200000784084713e-8
8.413793103448276,6.448275862068965,0.7467720242139673,0.9743977214342674,2,0.32442821539093813,2.054101841712857,2.188774864329653,1.0688310814027287e-12
8.413793103448276,6.448275862068965,0.7467720242139673,0.9743977214342674,3,0.3081501325693116,1.804002135546253,2.109483010597423,2.706223239982844e-9
11.586206896551724,5.620689655172414,0.5422987318696667,1.117867324590233,1,0.10515177635113614,1.069590048433066,1.1188484333985798,4.757891930072376e-9
11.586206896551724,5.620689655172414,0.5422987318696667,1.117867324590233,2,0.30939656017037825,2.0465160846437063,2.091785755582453,3.655797497954917e-13
11.03448275862069,6.448275862068965,0.56941366846315,0.9743977214342674,1,0.0947061981702995,1.0530861539746892,1.092661387433324,3.6411462359458564e-12
11.03448275862069,6.448275862068965,0.56941366846315,0.9743977214342674,2,0.20981506783788156,1.3062726154945854,1.4944916787749953,6.019063325579185e-12
11.03448275862069,6.448275862068965,0.56941366846315,0.9743977214342674,3,0.31732353727069634,1.9887869603176545,2.061142208894764,3.850808931513493e-13
10.482758620689655,7.172413793103448,0.599382808908579,0.8760210284048462,1,0.09216026785467792,1.0470075315729535,1.0851055003828753,1.2403669906934434e-10
10.482758620689655,7.172413793103448,0.599382808908579,0.8760210284048462,2,0.26856727712782574,1.5355795310126192,1.7552135170818601,4.975035087841056e-13
10.482758620689655,7.172413793103448,0.599382808908579,0.8760210284048462,3,0.32146184512064513,1.9369095522220765,2.03780028052303,4.46556420587721e-9
9.931034482758621,7.896551724137931,0.6326818538479444,0.7956872223065852,1,0.09427173613790589,1.045689790177021,1.0869283482877283,4.230529321245534e-12
9.931034482758621,7.896551724137931,0.6326818538479444,0.7956872223065852,2,0.32357944922122794,1.8878311861616042,2.0148847511988714,1.8674907043769257e-8
9.931034482758621,7.896551724137931,0.6326818538479444,0.7956872223065852,3,0.3276560737349237,1.7509235781216765,2.124326787830116,9.365326187875612e-10
9.931034482758621,7.896551724137931,0.6326818538479444,0.7956872223065852,4,0.3022701187355542,1.6744730120567883,1.8794811556282678,9.773051410253045e-9
9.931034482758621,7.896551724137931,0.6326818538479444,0.7956872223065852,5,0.3469473209690001,1.8559273046698053,2.235244717937473,6.1902476662913295e-9
8.96551724137931,6.0344827586206895,0.700816822723877,1.04121356518976,1,0.1029072429516584,1.066888846184751,1.1280032308805774,1.0010617230569225e-9
8.96551724137931,6.0344827586206895,0.700816822723877,1.04121356518976,2,0.27565801792864353,1.6155507611333433,1.925614557003065,3.4072420661808543e-12
8.96551724137931,6.0344827586206895,0.700816822723877,1.04121356518976,3,0.31858783521386164,2.0778722553620295,2.174698023201617,6.145171162115551e-14
9.517241379310345,5.413793103448276,0.6601897605369855,1.1605883688420893,1,0.11718178545258505,1.09055222875769,1.1697787004291205,9.095698349290589e-11
9.517241379310345,5.413793103448276,0.6601897605369855,1.1605883688420893,2,0.30994370078135003,2.120120342392683,2.1751698384578377,2.1315471901928634e-8
9.517241379310345,5.413793103448276,0.6601897605369855,1.1605883688420893,3,0.18662631314059608,1.244357097750299,1.446393474106552,4.9214223103591715e-14
8.413793103448276,6.551724137931035,0.7467720242139673,0.9590124942537263,1,0.09909455855262908,1.0590643898707222,1.1172797660976737,6.096134878949846e-8
8.413793103448276,6.551724137931035,0.7467720242139673,0.9590124942537263,2,0.324768005845893,2.0424955909461127,2.18131182954581,3.0643549389985424e-14
8.413793103448276,6.551724137931035,0.7467720242139673,0.9590124942537263,3,0.31084321303513807,1.8165765809866472,2.1152383418609313,4.69380096601519e-13
11.586206896551724,5.724137931034483,0.5422987318696667,1.097664903061494,1,0.10329746153025368,1.0666576043458487,1.1137398797008387,1.217404978080802e-10
11.586206896551724,5.724137931034483,0.5422987318696667,1.097664903061494,2,0.12135236013218448,1.0907116520182498,1.1579776683357392,2.401779530776011e-11
11.586206896551724,5.724137931034483,0.5422987318696667,1.097664903061494,3,0.31066768067170863,2.0390307949841073,2.086262239751278,4.453862426647046e-14
11.03448275862069,6.551724137931035,0.56941366846315,0.9590124942537263,1,0.09400501513064363,1.0517630633341364,1.0904480551087021,4.6782026224977996e-9
11.03448275862069,6.551724137931035,0.56941366846315,0.9590124942537263,2,0.31816454496735136,1.9803370687899444,2.0558340545539338,2.0247051859420434e-9
11.03448275862069,6.551724137931035,0.56941366846315,0.9590124942537263,3,0.21846051487174506,1.3364615124370094,1.5317714489864969,7.661501205099354e-13
9.931034482758621,8.0,0.6326818538479444,0.7853981633974483,1,0.09472008409998843,1.0455912719446752,1.087068951867345,3.696975449691599e-11
9.931034482758621,8.0,0.6326818538479444,0.7853981633974483,2,0.32383994426483387,1.8806350128746108,2.0095712450632455,6.330873954843157e-11
9.931034482758621,8.0,0.6326818538479444,0.7853981633974483,3,0.32382096032531776,1.7256898665409137,2.0958695454123877,2.2876239972169736e-8
9.931034482758621,8.0,0.6326818538479444,0.7853981633974483,4,0.3047629323256155,1.6822661720131695,1.8831269985899044,1.0760230411812043e-9
9.931034482758621,8.0,0.6326818538479444,0.7853981633974483,5,0.35559573727393917,1.9021761440623461,2.279263728030963,8.113282437993992e-13
10.482758620689655,7.275862068965517,0.599382808908579,0.8635657531194693,1,0.092119767268332,1.0464348098704057,1.084288564547852,7.024912366530802e-8
10.482758620689655,7.275862068965517,0.599382808908579,0.8635657531194693,2,0.3219848008419497,1.9289742592750794,2.0324873888664534,1.270844452547349e-12
10.482758620689655,7.275862068965517,0.599382808908579,0.8635657531194693,3,0.27195906995622077,1.548167203195729,1.764831294026272,3.2983987858052835e-9
8.96551724137931,6.137931034482759,0.700816822723877,1.0236650219562247,1,0.1012340194766063,1.0641271133671166,1.1227639397719638,4.3470860062761666e-14
8.96551724137931,6.137931034482759,0.700816822723877,1.0236650219562247,2,0.31917807426824096,2.0663996655877295,2.167856398543334,5.45008103828694e-10
9.517241379310345,5.517241379310345,0.6601897605369855,1.1388273369263,1,0.11342551043988987,1.08420424374283,1.157608419988444,2.169451437568849e-8
9.517241379310345,5.517241379310345,0.6601897605369855,1.1388273369263,2,0.3111358228346299,2.110388856273949,2.1699842576226436,4.4514356029151813e-13
9.517241379310345,5.517241379310345,0.6601897605369855,1.1388273369263,3,0.2063411128933497,1.3082706291039174,1.5442150394870122,3.060897327588314e-13
8.413793103448276,6.655172413793103,0.7467720242139673,0.9441055642912332,1,0.09848018288808717,1.0576806741935174,1.114841300112611,8.272206555649762e-13
8.413793103448276,6.655172413793103,0.7467720242139673,0.9441055642912332,2,0.3250860689070723,2.031111271769742,2.173853587307006,1.2864916639093824e-8
8.413793103448276,6.655172413793103,0.7467720242139673,0.9441055642912332,3,0.31341559578012196,1.828247693941961,2.1199687858860647,5.874769288701407e-10
10.482758620689655,7.379310344827586,0.599382808908579,0.8514596911598504,1,0.09214965691163932,1.0459366588739936,1.083614116510834,4.29667661870305e-12
10.482758620689655,7.379310344827586,0.599382808908579,0.8514596911598504,2,0.3224812888962507,1.9212008937271674,2.0272389535105537,8.941313910902725e-9
10.482758620689655,7.379310344827586,0.599382808908579,0.8514596911598504,3,0.27520273038066556,1.5599735194385078,1.773492136838988,1.721390457355826e-12
10.068965517241379,5.0,0.6240149791376987,1.2566370614359172,1,0.11389784024149092,1.0886106322548834,1.1601242261521725,5.1414350302605516e-11
10.068965517241379,5.0,0.6240149791376987,1.2566370614359172,2,0.30194476374025564,2.1251372690228205,2.1673492388936557,1.5573723106455257e-9
8.96551724137931,6.241379310344827,0.700816822723877,1.0066981983878895,1,0.099834711327303,1.0617637337928432,1.1183320984115,1.0796465480356354e-13
8.96551724137931,6.241379310344827,0.700816822723877,1.0066981983878895,2,0.28352838907730177,1.6520839839800026,1.9546817097066322,2.7102525776164085e-8
8.96551724137931,6.241379310344827,0.700816822723877,1.0066981983878895,3,0.31971916877045486,2.055053011252033,2.16092848072592,1.4207230822771613e-9
8.96551724137931,6.241379310344827,0.700816822723877,1.0066981983878895,4,0.5348918865520138,3.5411095518833253,3.531950650552986,2.4445568470147385e-14
9.517241379310345,5.620689655172414,0.6601897605369855,1.117867324590233,1,0.11016561106676759,1.0788325850064024,1.1473215154933738,3.9943745250016154e-12
9.517241379310345,5.620689655172414,0.6601897605369855,1.117867324590233,2,0.22076867986244803,1.3614061348336455,1.6181262174176747,3.7209666631106473e-9
9.517241379310345,5.620689655172414,0.6601897605369855,1.117867324590233,3,0.31222626292474553,2.1002627908623737,2.164508807648006,1.033201993108851e-9
8.413793103448276,6.758620689655173,0.7467720242139673,0.9296549689194286,1,0.09803099465559617,1.056501945860482,1.1128334067239516,1.2427059674312108e-11
8.413793103448276,6.758620689655173,0.7467720242139673,0.9296549689194286,2,0.32538551020141926,2.01994916521633,2.166409300750237,1.0723860578316335e-12
8.413793103448276,6.758620689655173,0.7467720242139673,0.9296549689194286,3,0.31588341073551945,1.8390925702381873,2.123795718008446,7.892840161269496e-13
8.96551724137931,6.344827586206897,0.700816822723877,0.9902846408054782,1,0.09867283081667647,1.0597320535310086,1.1145738705407848,9.974824059222735e-10
8.96551724137931,6.344827586206897,0.700816822723877,0.9902846408054782,2,0.3202169611322005,2.0438552918147326,2.1539390750190135,1.273072737514883e-11
8.96551724137931,6.344827586206897,0.700816822723877,0.9902846408054782,3,0.287010084372456,1.6679234526675517,1.9659831961310568,1.435181051675935e-9
10.068965517241379,5.103448275862069,0.6240149791376987,1.2311646885689729,1,0.30346234004852507,2.120493432277094,2.162445094778504,3.9964397795793255e-9
10.068965517241379,5.103448275862069,0.6240149791376987,1.2311646885689729,2,0.11829546324569101,1.093962167257686,1.171328208088333,1.069160252067826e-9
8.413793103448276,6.862068965517241,0.7467720242139673,0.9156400698904925,1,0.09772997678988818,1.05550145882555,1.1112014696077683,4.1784489158940567e-10
8.413793103448276,6.862068965517241,0.7467720242139673,0.9156400698904925,2,0.3256688635764136,2.0090068980603277,2.158985595320998,9.048356773256763e-9
8.413793103448276,6.862068965517241,0.7467720242139673,0.9156400698904925,3,0.3182606361010603,1.8491811705322707,2.1268278747118963,6.826369802888504e-10
9.517241379310345,5.724137931034483,0.6601897605369855,1.097664903061494,1,0.313224997019502,2.0898813923473867,2.1587886060731565,1.046891965194581e-9
9.517241379310345,5.724137931034483,0.6601897605369855,1.097664903061494,2,0.10734998386681303,1.0742724024179888,1.1386160897671211,2.107694738801144e-14
9.517241379310345,5.724137931034483,0.6601897605369855,1.097664903061494,3,0.23171078942742906,1.4049848173796127,1.673947906165086,2.1058058014015515e-11
8.96551724137931,6.448275862068965,0.700816822723877,0.9743977214342674,1,0.09771865201251546,1.0579799409309982,1.1113843162794528,5.806953340654168e-9
8.96551724137931,6.448275862068965,0.700816822723877,0.9743977214342674,2,0.290256779649817,1.682436815430529,1.9755708392156015,1.6118526427884825e-9
8.96551724137931,6.448275862068965,0.700816822723877,0.9743977214342674,3,0.3206763882612482,2.0328230142162624,2.146908743457303,8.03802743086055e-13
8.413793103448276,6.9655172413793105,0.7467720242139673,0.9020414549911286,1,0.09756303895716496,1.0546575156193452,1.109901514683109,1.6225973549675308e-8
8.413793103448276,6.9655172413793105,0.7467720242139673,0.9020414549911286,2,0.5339553518603699,3.3940107585197987,3.488261579529678,5.193218092609698e-10
8.413793103448276,6.9655172413793105,0.7467720242139673,0.9020414549911286,3,0.32593820024744397,1.9982804976239525,2.151586987730865,5.344125630995585e-14
8.413793103448276,6.9655172413793105,0.7467720242139673,0.9020414549911286,4,0.3205595480914642,1.8585783383350372,2.129164063736247,3.097896605814688e-13
9.517241379310345,5.827586206896552,0.6601897605369855,1.0781797272675029,1,0.10492533942687375,1.0703828375268416,1.1312268515452242,8.550193500561413e-14
9.517241379310345,5.827586206896552,0.6601897605369855,1.0781797272675029,2,0.24044289763910137,1.4414567366307063,1.7174212913185667,3.195202415451981e-9
9.517241379310345,5.827586206896552,0.6601897605369855,1.0781797272675029,3,0.31414170783186507,2.0793517801302643,2.152866633014443,1.2185690985488985e-11
8.96551724137931,6.551724137931035,0.700816822723877,0.9590124942537263,1,0.2933062868238654,1.695792834997064,1.9836974127779021,7.382407009373176e-12
8.96551724137931,6.551724137931035,0.700816822723877,0.9590124942537263,2,0.09694774320167034,1.0564661169242149,1.1086802072481694,4.3151056588124025e-10
8.96551724137931,6.551724137931035,0.700816822723877,0.9590124942537263,3,0.3211015847511104,2.021967574490377,2.1398543692925918,3.6374717546083323e-12
8.413793103448276,7.068965517241379,0.7467720242139673,0.888840848332722,1,0.09751848138725858,1.0539525243193484,1.1088980018035284,9.159542932443616e-10
8.413793103448276,7.068965517241379,0.7467720242139673,0.888840848332722,2,0.32129796269982647,1.7747134516816583,2.2074411561005514,7.546554916218092e-12
8.413793103448276,7.068965517241379,0.7467720242139673,0.888840848332722,3,0.32619510889630676,1.9877640621181774,2.1442162177685735,5.60382924018819e-11
8.413793103448276,7.068965517241379,0.7467720242139673,0.888840848332722,4,0.3390434784206775,1.8703753835478274,2.318540497223043,4.5141698445970696e-10
8.413793103448276,7.172413793103448,0.7467720242139673,0.8760210284048462,1,0.09758645038866007,1.0533718648236785,1.1081618132206779,1.770147781031273e-12
8.413793103448276,7.172413793103448,0.7467720242139673,0.8760210284048462,2,0.3196815320263675,1.7602154828651573,2.190425385399025,4.915232650195576e-12
8.413793103448276,7.172413793103448,0.7467720242139673,0.8760210284048462,3,0.3264407812954714,1.9774505897072014,2.1368744649055404,4.007827869099112e-9
8.413793103448276,7.172413793103448,0.7467720242139673,0.8760210284048462,4,0.3466314141999864,1.908263773059073,2.359990133088881,1.477400740342964e-10
8.413793103448276,7.172413793103448,0.7467720242139673,0.8760210284048462,5,0.32496515118635627,1.8755410963934784,2.132106484462044,7.832039341314538e-11
8.413793103448276,7.275862068965517,0.7467720242139673,0.8635657531194693,1,0.09775870070516107,1.0529035360225534,1.107669217025982,1.1968076527306044e-13
8.413793103448276,7.275862068965517,0.7467720242139673,0.8635657531194693,2,0.32667601945304664,1.9673319608933268,2.1295616587797372,2.6377135171480065e-8
8.413793103448276,7.275862068965517,0.7467720242139673,0.8635657531194693,3,0.3197607730680242,1.754246226880797,2.183887668145672,1.8096259825000332e-8
8.413793103448276,7.275862068965517,0.7467720242139673,0.8635657531194693,4,0.32709079997169055,1.883222831590142,2.1328773008797275,4.249325081167315e-12
8.413793103448276,7.275862068965517,0.7467720242139673,0.8635657531194693,5,0.3522036397050851,1.9363228999996118,2.389416873083142,9.251230937735274e-9
