Re,shear
316.4073061101369,1.6689900318040984
316.4073059161552,1.6689903591506634
316.4071582410806,1.6692395627023011
316.40540551873113,1.6698877482386096
316.36393866294077,1.6733857527462952
316.2443672633647,1.677774917325493
315.53726105013715,1.6910472562232792
314.1230479587435,1.708197737554478
312.70883470159157,1.7224086414116946
311.2946213878327,1.7355674705441626
309.8804080486283,1.7482811504296492
308.4661946979005,1.7608452338429954
307.05198134348103,1.773433663291077
305.6377679904777,1.7861584264386983
304.22355464252706,1.7990909434961768
302.8093413022455,1.812267112686291
301.39512797124655,1.8256818832947617
299.98091464980376,1.8392738598788285
298.5667013361343,1.8528981170568464
297.1524880253018,1.8662849216052662
295.73827470798574,1.8789842521448668
294.32406136997986,1.8903012368624004
292.9098479939584,1.8992285022032513
291.495634571467,1.9043467399407896
290.3047200385816,1.904154810119329
289.44621767160515,1.9001514475961117
288.82734348846253,1.894153766089036
288.3924966606125,1.8874361957251424
288.2133031323514,1.8837298498710195
287.99861692532244,1.8781675201171124
287.8477695036502,1.8731398596267728
287.74177789422225,1.8686926525169514
287.6673038630681,1.8648147630736203
287.6149754069453,1.86146645344428
287.5782073628309,1.8585955320121057
287.55237271863166,1.856146390275851
287.5342203413026,1.8540648838139302
287.52146584818365,1.8523007928860613
287.5125041360315,1.850808886800551
287.50620739185473,1.8495491982946688
287.5017831668525,1.848486866944626
287.49867465321273,1.8475917633770378
287.49649061441244,1.846838017899424
287.4949561513168,1.8462035242986374
287.4938781083899,1.8456694577421757
287.4931207666707,1.8452198267415099
287.49258876467326,1.8448410677305422
287.4922150979485,1.8445216841913836
287.49195268715624,1.8442519281307577
287.4917684535714,1.8440235191048224
287.49163915756344,1.843829395464996
287.4915484654754,1.8436641372616265
287.4914865562468,1.8435251577118703
287.4914443548462,1.8434082637134077
287.4914156554487,1.8433093232240934
287.49139621290965,1.8432245823887963
287.49138315401,1.8431499277877195
287.4913735407554,1.8430747725833387
287.49136558846584,1.8429178281946863
287.49136759777264,1.842836717681347
287.49137916230075,1.8427106858775684
287.49139657273537,1.8426095898418868
287.4914470404439,1.8424187711101876
287.4917421307437,1.8418442676992197
287.4925967636732,1.8409736497481939
287.5340623757678,1.831280737008417
288.02450893151615,1.8004271235641505
288.7316144613739,1.7774531261366082
290.14582684269186,1.7473086852263584
291.56003974573866,1.7258613933889726
292.9742528757405,1.709062371841339
294.38846613319424,1.695348433927124
295.8026794719577,1.6839109494756925
297.2168928667987,1.6742690416387436
298.6311063023495,1.6661132321189935
300.0453197684335,1.6592345946666198
301.45953325778635,1.6534878775797894
302.8737467648316,1.648770448299718
304.2879602849806,1.6450098205528199
305.7021738142135,1.6421568634472368
307.11638734880165,1.6401838721242055
308.53060088506004,1.6390880742580192
309.94481441900103,1.638903048757368
311.3590279457098,1.6397253674350225
312.77324145606013,1.6417802299997333
313.85387966950185,1.644500166896941
314.61318136628535,1.647330868618007
315.14669855048646,1.650059046728051
315.52157006719386,1.6525832877124182
315.7849704844712,1.6548612970077876
315.97004663215296,1.656883037974371
316.10008886294867,1.6586561065617798
316.19146195541185,1.6601973733506856
316.25566448926844,1.661528066269897
316.30077584887994,1.6626708495599878
316.33247294855477,1.6636481084117478
316.35474462638757,1.6644809804656862
316.37039360732814,1.6651888552338998
316.38138920348285,1.6657891660567508
316.38911513613607,1.66629736192875
316.3945436658936,1.6667269860486902
316.3983579438213,1.6670898135745869
316.40103798048267,1.6673960179858667
316.4029210513846,1.6676543467471294
316.40424414036886,1.667872294549519
316.4051737621062,1.6680562674855532
316.405826916613,1.6682117350302967
316.4062858125434,1.6683433690338623
316.4066082141404,1.6684548162537505
316.4068288756412,1.668547583587987
316.40697989100374,1.6686245019743267
316.40708322949956,1.6686882827526541
316.40715393030587,1.6687411814971547
316.4072022884292,1.6687850872639491
316.4072353505694,1.6688215688757715
316.4072579416298,1.668851637382068
316.40727338831766,1.668875528440649
316.4072836064159,1.6688971084845103
316.407290631535,1.6689119451375483
316.40729520006585,1.66892704469697
316.40729848077285,1.6689378878393144
316.4073005769628,1.6689543599748475
316.40730204829276,1.6689561255349712
316.4073032773968,1.668957600429906
316.40730600943056,1.6689862406502338
316.4073057542175,1.6689917713329003
316.4073052680154,1.668999083840043
316.4073039433792,1.6690190064454211
316.40729462569016,1.6690577458938896
316.40726758445,1.6691179832311533
316.4071141738169,1.6692744043255905
316.4062278137917,1.669665291943114
316.40367108884686,1.6702342522805433
316.3962980703566,1.6711695726221016
316.35377654708515,1.6738913203289507
316.23116462415874,1.6781468584279418
316.05438815557903,1.682310206047772
314.6401752455508,1.7024734743336554
313.22596202663186,1.7173852646034349
311.81174872828177,1.730829275005196
310.39753539624695,1.7436615532559405
308.98332204861174,1.7562556641611928
307.5691086948452,1.7688196273000432
306.1548953408399,1.7814843450169382
304.7406819906885,1.794334835471091
303.32646864735887,1.8074201081534096
301.91225531285176,1.8207513216156093
300.49804198799274,1.8342901602860515
299.0838286718595,1.847926245973788
297.6696153608151,1.8614412148637638
296.2554020472668,1.874458157481972
294.84118871874574,1.886379434182337
293.42697535866074,1.8963202458030792
292.01276195057204,1.9030299817919474
290.62338557207084,1.90472119149959
289.62181669431885,1.9013143424535572
288.8998092120029,1.895038286114501
288.3924966306755,1.8874361965404327
288.3336128394094,1.8862937376222928
288.0831498502467,1.8805367377877145
287.90716415872026,1.87526507848253
287.78350934487236,1.8705631573250983
287.69662440413674,1.8664402395657589
287.6355755213277,1.8628665223191383
287.5926801387856,1.859793806832251
287.56254016887823,1.8571671797698073
287.5413626885174,1.8549314388038112
287.52648263061343,1.8530344509461734
287.51602740705925,1.8514287324063288
287.5086812587657,1.8500720120433438
287.50351967810997,1.8489272298186519
287.4998930672042,1.8479622371340199
287.49734499131955,1.8471493557106275
287.4955547403224,1.8464648855582042
287.49429696994525,1.845888612849714
287.4934133440742,1.8454033447050193
287.49279260946724,1.8449944835714056
287.49235659547065,1.8446496454156447
287.49205037691934,1.8443583207059082
287.4918353623161,1.8441115736950895
287.49168443861834,1.843901774313117
287.4915785504463,1.8437230742476252
287.49150623964545,1.8435726314104048
287.4914569195456,1.8434458630650705
287.4914233523284,1.8433381939772855
287.49140058793614,1.8432458590647625
287.49138522577067,1.843165366509788
287.4913749306055,1.8430902131582094
287.4913679216464,1.8430043970644845
287.491365640493,1.8429178278822915
287.49136598422075,1.8428722761577028
287.4913692530992,1.842807396484218
287.4913749970898,1.842746947975318
287.4914103794619,1.8425474075249433
287.49146179055,1.842375485578247
287.4926898178413,1.8409012523501347
287.49623548853884,1.8390375672645332
287.50134880575615,1.8373456031390927
287.530840523496,1.8317361335288167
287.6158830415488,1.822812842352843
287.8611062683619,1.8077280756130225
288.56821154366673,1.7819891194913475
289.98242381573147,1.7502176908493625
291.3966366806032,1.7280593469998846
292.81084979110256,1.7108253921495338
294.22506303677284,1.696805109970718
295.6392763676913,1.6851334964227471
297.05348975697035,1.675302370899347
298.46770318841004,1.6669870260555086
299.881916651379,1.6599692212301036
301.2961301383526,1.6540976354569952
302.71034364360236,1.6492654756978202
304.12455716245074,1.6453972143267386
305.53877069082796,1.6424412128796535
306.952984224984,1.6403672275075558
308.3671977612433,1.6391692095518577
309.7814112956778,1.6388755775648673
311.1956248235254,1.6395733995485584
312.60983833645156,1.6414670329656187
313.73906610710947,1.6441490057359047
314.53250886449547,1.6469806897042985
315.09001498966865,1.649728809902168
315.481742142362,1.652281658604422
315.75698603640194,1.6545913901188363
315.95038390758447,1.6566449196807491
316.08627333034724,1.6584481947632268
316.18175490514506,1.6600172512154
316.2488442310287,1.6613729647925517
316.29598397181917,1.662537933733506
316.3291062972079,1.6635346430597897
316.35237939842665,1.664384420962444
316.3687320214615,1.6651068911084224
316.3802220260843,1.6657197353038056
316.3882953508836,1.666238647550205
316.3939679729531,1.6666774023245523
316.3979537603976,1.6670479869246266
316.400754306862,1.6673607655297005
316.402722053033,1.667624654504433
316.4041046384464,1.6678472964352222
316.4050760649145,1.6680352257339344
316.40575859323883,1.6681940223282554
316.406238128533,1.668328452397824
316.4065750323216,1.6684422389322024
316.4068056215784,1.6685369096904983
316.40696343331007,1.6686153547600382
316.4070714246811,1.6686803380982789
316.40714531119005,1.6687341566667728
316.4071958509196,1.668778729682887
316.40723040776635,1.6688156498159645
316.4072540237148,1.6688459659776123
316.4072701726517,1.6688699082817862
316.4072808661251,1.6688912979627528
316.4072882125561,1.6689059927030983
316.40729300811904,1.668920756452073
316.40729635266683,1.6689310530668222
316.40729856436684,1.668943760615758
316.40730009878473,1.668945954971197
316.40730152398675,1.6689479931381328
316.4073028428397,1.6689666934391223
316.40730329698516,1.6689646923362003
316.40730388445553,1.668962103763096
316.40730563886353,1.6689790416825052
316.4073054628457,1.668982514080954
316.40730499346483,1.6689917738103044
316.4073042279825,1.669012220418115
316.4073011995349,1.669032183080568
316.40728282762086,1.6690893044530593
316.4071777816378,1.669222488408802
316.4065701476063,1.6695475608891628
316.39938021529605,1.6708350160273673
316.3786467519751,1.6725417925326977
316.13342275146675,1.6805950264328897
315.7798696636435,1.6873109970015001
314.3656566376264,1.705563449003046
312.9514433965644,1.7200710205648466
311.5372300894781,1.733352821033979
310.1230167533893,1.7461168891275047
308.7088034039743,1.7586919865251986
307.29459004977184,1.7712669564166859
305.880376696235,1.7839622600225746
304.46616334720557,1.796855583824919
303.05195000546354,1.809989039592284
301.6377366728086,1.8233654039268679
300.22352334978405,1.836934520079401
298.80931003502815,1.850568312002136
297.3950967242358,1.8640220363098363
295.98088340891144,1.8768810430591103
294.5666700756451,1.888497181429509
293.1524567073829,1.8979218905282162
291.73824329143525,1.9038185776209715
290.45422089085673,1.9044736711347117
289.52859923644627,1.9007222405646105
288.8613403304943,1.8945757792516198
288.3924963802372,1.8874362022720452
288.269742183994,1.8849736993229418
288.0382713910062,1.879312048733655
287.8756304142322,1.8741637768274153
287.76135215755295,1.8695922362171404
287.68105557985297,1.8655955102674793
287.6246359578088,1.8621382870514767
287.58499328850957,1.8591700847038048
287.5571388117455,1.8566355024386545
287.53756721506005,1.854479810464215
287.52381551866944,1.852651822199356
287.5141531294951,1.851105194470599
287.50736406012135,1.8497988335855753
287.50259390669885,1.848696808786067
287.49924232920364,1.847768010220731
287.4968875035626,1.8469856902722155
287.49523303855926,1.8463269680623047
287.4940706774418,1.8457723415188183
287.49325409053597,1.8453052301489914
287.4926804608761,1.84491155885886
287.4922775455608,1.8445793856236496
287.49199458461806,1.8442985710217505
287.4917959133527,1.8440604843109907
287.49165647558146,1.8438577394574336
287.4915586609418,1.84368469634622
287.4914918826324,1.8435384959513037
287.49144635639243,1.8434147453367908
287.4914153930978,1.8433086106535885
287.4913944525195,1.84321487643065
287.49137994464303,1.843127841951233
287.4913693482129,1.843027056322713
287.4913653351649,1.8429178297033137
287.4913660082783,1.8428733707528002
287.4913683016337,1.8428239165670446
287.491377314641,1.8427268722323706
287.49160238823526,1.8420666632775544
287.49192120361084,1.8416129089719082
287.4928189284153,1.8408048607601508
287.49540949593785,1.8393841083134987
287.50288179947614,1.8369287664659621
287.59126872954664,1.824958400262553
289.00547928424265,1.7705095857614126
290.41969181451265,1.7426680153083955
291.8339047743534,1.7223106908814494
293.24811793435117,1.706197514693396
294.66233121025857,1.6929739956193406
296.07654456144843,1.6819150237067446
297.4907579651668,1.6725812364539558
298.9049714073113,1.6646866990531
300.3191848784031,1.6580370471419177
301.73339837157926,1.6524965949853425
303.147611881498,1.6479693210582096
304.56182540370753,1.6443876387187566
305.97603893426356,1.6417065645089912
307.3902524694663,1.6399027533640835
308.80446600560487,1.6389792585550014
310.2186795385732,1.638979075201232
311.63289306316847,1.6400165513490488
313.04710656868104,1.642357168299635
314.04630852326613,1.6451289937509308
314.74838968937684,1.64795023984479
315.2417013290304,1.6506392388681221
315.5883227439729,1.653111022185767
315.8318734549457,1.6553322087778712
316.00300236645563,1.6572976562790365
316.1232446841279,1.6590175892933412
316.20773194657244,1.6605101835965241
316.2670962074142,1.6617971863798418
316.3088079934372,1.662901316093122
316.33811641008197,1.6638447445274962
316.35870969899094,1.6646482517781886
316.37317937343937,1.66533080306905
316.38334633935216,1.6659093886958694
316.39049004160523,1.6663990247801066
316.39550947182465,1.6668128483530364
316.3990362992159,1.6671622636154106
316.4015143610249,1.6674571117027777
316.4032555158641,1.6677058465816978
316.4044788885925,1.6679157066673542
316.4053384454015,1.668092876401368
316.4059423692057,1.6682426352576418
316.40636667336497,1.668369493833667
316.40666476906534,1.6684769671689117
316.4068687913415,1.668566532921591
316.40700841556463,1.6686409211359075
316.4071039552328,1.6687027570090578
316.40716931591606,1.6687542325842952
316.4072140162856,1.6687972025329922
316.40724457081353,1.66883320708267
316.4072654409627,1.6688630942430618
316.40727971569476,1.6688869746564388
316.407289120104,1.668909810129656
316.40729561942476,1.668925591563852
316.4072997538613,1.6689431251763531
316.4073029889844,1.6689568449163508
316.40730432299915,1.668975036555155
316.4073055502293,1.6689917719973524
316.407305191303,1.669010203483754
316.407295492014,1.6690558762559726
316.4072817092397,1.6690903907214487
316.4072425552049,1.6691536671621812
316.40713189535734,1.6692615383956644
316.4045754584512,1.6700672263600196
316.4008890410212,1.6706479324559682
316.37962846317515,1.6724788463794957
316.3183226562733,1.6753758347998389
316.14154626935596,1.6804076368154157
314.7273334141907,1.7014635415023016
313.3131202033923,1.7165223349906018
311.89890690811876,1.730023653506744
310.48469357750054,1.7428803029420274
309.0704802305007,1.755482007756433
307.65626687691724,1.7680434713956277
306.2420535227946,1.7806991295686738
304.82784017230995,1.7935363961808672
303.41362682849183,1.8066064518792717
301.99941349340304,1.8199230222897498
300.5852001679542,1.8334513708203448
299.1709868513547,1.8470864512065828
297.7567735401695,1.860617869746302
296.34256022708473,1.8736802004511843
294.92834689993595,1.8856913171186145
293.5141335423102,1.8957860848544534
292.09992013700105,1.9027397995533244
290.6857066909224,1.9047835443705567
289.65615847901427,1.9015186635901018
288.913981349015,1.8952047627698336
288.3924967327918,1.8874361937653257
288.3571332654047,1.8867582605049789
288.09967345696367,1.8809702962977808
287.9187715063354,1.8756563336971834
287.79166232233064,1.8709088196720391
287.702350195995,1.866741327101781
287.6395958705887,1.8631262058167009
287.59550217239473,1.86001618138735
287.5645202155312,1.8573565778499779
287.54275111973203,1.855092059653644
287.5274553679495,1.853170174123451
287.5167080604154,1.851543037370187
287.50915668167784,1.850167957539842
287.5038508975604,1.8490074656437514
287.5001229633686,1.8480290320441966
287.49750369368616,1.8472046319576672
287.49566341924157,1.8465102545043128
287.4943705007455,1.8459254084584327
287.49346217900336,1.8454326530251501
287.4928240930286,1.8450171669559987
287.4923758886832,1.8446663603162912
287.49206110682013,1.844369527387831
287.4918400784564,1.8441175349263679
287.4916849329385,1.8439025350376146
287.4915760910094,1.8437176830538093
287.4914998015778,1.8435568183656255
287.4914464128095,1.8434140005223252
287.4914091158996,1.8432826454264946
287.491381753129,1.8431405810235018
287.4913652386526,1.8429189578766845
287.49137577118427,1.8427394578176266
287.49141241490184,1.8425393031605677
287.49162946815653,1.8420193063275867
287.49193610708716,1.8415958436518105
287.4928219316071,1.8408026649422653
287.49793439142803,1.8384062218224644
287.5053067806714,1.8363215141451947
287.5265667393827,1.8323689912042225
287.64917722819354,1.8202131066805003
287.82595301358816,1.8094937252906762
289.2401643554275,1.76508359372078
290.65437698851224,1.7389013995392932
292.0685899910348,1.7193915889383806
293.4828031743776,1.7038276532588412
294.89701646493063,1.6910033474156712
296.3112298261066,1.6802558593017058
297.72544323701874,1.6711776875517457
299.1396566845344,1.663501300214653
300.5538701597148,1.6570438572076251
301.96808365600896,1.6516773135299285
303.382297168258,1.647310981422664
304.7965106921161,1.643881298730403
306.21072422369616,1.6413468040713137
307.62493775931574,1.6396880222657766
309.0391512952309,1.6389133814653019
310.45336482721376,1.6390748183892336
311.8675783495127,1.640304044885299
313.2175208337791,1.6427514441063187
314.1660470050648,1.6455478259036647
314.83252124063057,1.648357936299221
315.30081395760556,1.6510186318477502
315.6298560282099,1.6534546718699457
315.86105475457174,1.6556379728526829
316.0235046436328,1.6575662978455632
316.1376487161059,1.6592514174579427
316.21785109568066,1.6607122557166243
316.27420461807725,1.6619708338259225
316.31380093296696,1.6630498644370424
316.34162293084216,1.6639713538401852
316.36117179955835,1.664755832131132
316.37490762055546,1.665421977119095
316.384558950239,1.665986483328883
316.39134034484,1.6664640801094637
316.39610520250176,1.6668676364559054
316.3994531565377,1.6672083120760464
316.40180553443406,1.6674957288094652
316.4034583785045,1.6677381462225038
316.40461970041724,1.6679426317231
316.4054356577754,1.6681152199518268
316.4060089468612,1.668261059170699
316.4064117259158,1.6683845444236272
316.4066946973454,1.668489103644052
316.40688836651435,1.6685761621682333
316.40702090389055,1.6686483793171165
316.407111592855,1.6687083043786983
316.40717363387927,1.6687580579877535
316.40721606330123,1.6687994035195597
316.40724506683205,1.6688338069883497
316.40726487869773,1.6688624917307981
316.4072783967545,1.6688864935295276
316.40728760286356,1.6689066451475432
316.4072938587133,1.6689233085585262
316.4072981438099,1.6689368327391887
316.40730083729176,1.6689506265267529
316.4073026329463,1.6689598223850364
316.4073041245459,1.6689674611248986
316.4073054039248,1.6689917724731402
316.40730385982164,1.669014783969503
316.4072903437845,1.6690702057637385
316.4072511997554,1.6691426076111064
316.4070298001599,1.6693319340795254
316.40640668050276,1.66960656047741
316.4028118975543,1.6703748319358254
316.39762862334584,1.6710315606516728
316.2750169663535,1.676856322648617
316.0982405314219,1.681380977206902
314.6840276473591,1.7019672568800723
313.2698144324516,1.7169517474426752
311.8556011356299,1.730424220568801
310.4413878042996,1.743268589324395
309.02717445697965,1.7558664236994102
307.61296110330244,1.7684290673966219
306.1987477492362,1.7810891863667213
304.7845343989157,1.793932999578119
303.37032105533933,1.807010609698982
301.9561077205391,1.8203344721871086
300.5418943953837,1.8338680826273235
299.12768107901746,1.847503762282544
297.7134677679057,1.8610271812820964
296.29925445459645,1.8740672376687386
294.88504112677384,1.886034128728454
293.4708277679345,1.896052983090249
292.05661436113024,1.9028863006126815
290.6504083466186,1.904750087076431
289.6367073770383,1.9014038312183383
288.9059541534594,1.8951107243729945
288.39249645003724,1.8874362005428382
288.3438160186501,1.886496617837984
288.0903191454889,1.8807259510395484
287.9122017196357,1.8754357767838838
287.78704905970176,1.870713964698358
287.6991116693738,1.866571636770812
287.6373232912503,1.862979916864151
287.59390830821064,1.8598910031397957
287.5634032451386,1.8572500832169294
287.54196923495465,1.8550018964415043
287.52690892839155,1.8530941718005376
287.5163270545284,1.8514792536514333
287.5088919163777,1.8501146910870097
287.50366780767905,1.848963250481118
287.49999726190964,1.8479926229595118
287.497418315505,1.8471749863433256
287.49560637353596,1.8464865138723807
287.49433336210984,1.8459068815747421
287.49343902715674,1.8454188019106992
287.4928107677884,1.84500759677298
287.49236946642395,1.8446608142856684
287.4920595325259,1.8443678885757857
287.49184190704545,1.844119838141851
287.49168914834235,1.8439089973743603
287.49158197021796,1.8437294846836165
287.4915087752348,1.8435784744808932
287.4914588481221,1.8434513714250023
287.49142486258063,1.8433435868485715
287.49140180930317,1.843251320340336
287.4913862509369,1.8431713396333476
287.4913758081745,1.8430982412271943
287.49136858267667,1.8430160895052545
287.49136567171894,1.8429178276974683
287.4913661481127,1.8428711801317355
287.4913699396933,1.8427961255643734
287.4914238781066,1.8424955385343624
287.49150183049886,1.8422722435220678
287.491722562935,1.84187222161814
287.4923448548076,1.841184584658079
287.49414130909884,1.8399934019028756
287.4993238172462,1.8379479474076927
287.5606277181995,1.8280259473428788
287.6490152573943,1.8202250766812251
289.06322607631336,1.7691340612545825
290.4774386337057,1.7417241158636203
291.8916516045181,1.721582186697371
293.3058647704498,1.7056072773794195
294.72007805005603,1.6924837158280064
296.1342914037575,1.6815024516785073
297.5485048092802,1.6722322601905983
298.96271825276955,1.664391878633389
300.3769317248844,1.657789856403686
301.79114521884105,1.652292433606522
303.20535872934437,1.6478049283283678
304.61957225196954,1.6442607581526707
306.03378578278694,1.6416158080201608
307.44799931810167,1.6398476723380095
308.8622128541958,1.6389606919529673
310.27642638693493,1.6389999825588626
311.6906399110054,1.6400839675945615
313.0931971580401,1.6424610311991708
314.0786926681563,1.6452400945918881
314.771143111574,1.6480587366124912
315.25768780157233,1.6507403856370761
315.59955447388967,1.653202742079062
315.8397643032802,1.65541387657327
316.0085457712692,1.6573694432224215
316.12713867666474,1.6590800915761823
316.2104669928591,1.6605642045805673
316.26901692945114,1.661843607141972
316.310156537096,1.6629410189456821
316.3390629172088,1.6638785692245182
316.35937371838406,1.664676972175561
316.37364490510015,1.6653551165876115
316.3836724052067,1.6659299136872499
316.39071811293707,1.6664163026152505
316.3956686881005,1.6668273481541593
316.3991471350521,1.6671743882900596
316.4015912027523,1.6674672044004755
316.4033084719314,1.6677141970366518
316.4045150616331,1.6679225570586307
316.40536282604273,1.6680984264985714
316.4059584640998,1.6682470466593355
316.40637694647995,1.6683728930640942
316.4066709517243,1.6684794566640897
316.4068721741573,1.66856818901228
316.4070098821598,1.6686417991792815
316.40710411069347,1.6687028849338839
316.4071685747255,1.668753607583648
316.4072126627926,1.6687957645438103
316.4072428017041,1.6688308514944494
316.40726339064224,1.6688601224993285
316.4072774400042,1.6688846327238853
316.40728700989274,1.6689051279733877
316.4072935275038,1.6689218357870752
316.40729780227406,1.6689361257606734
316.4073008789683,1.668946410729459
316.40730256993817,1.6689599901756744
316.40730468028954,1.6689769374929204
316.4073053729237,1.668992512778699
316.4073034834175,1.6690183103784015
316.4073001872722,1.6690367965513442
316.4072806211942,1.6690927370887545
316.40722481839265,1.6691750325678913
316.40706733364755,1.669307261254465
316.40615796881104,1.6696869936175784
316.40487964821045,1.6700050506310178
316.3975067195386,1.6710445690827638
316.37624607966967,1.6726915557026327
316.31494025539894,1.675501790381913
316.13816386394285,1.6804859499610343
314.723951006386,1.7015030242821778
313.30973779526124,1.7165559218746944
311.89552449986536,1.7300549603292896
310.4813111691909,1.7429106382250787
309.06709782216575,1.755512033751017
307.6528844685747,1.768073585123886
306.23867111445634,1.7807295887989085
304.82445776398436,1.7935673650157953
303.41024442018505,1.8066380102755002
301.9960310851188,1.8199551513687586
300.5818177596929,1.8334839143619872
299.16760444311177,1.8471190485635844
297.7533911319325,1.86064985452518
296.33917781883065,1.8737104650459615
294.92496449162985,1.8857181565920649
293.51075113390993,1.8958070362018922
292.09653772846804,1.9027514056006
290.6823242823494,1.904780547218822
289.65429461540083,1.9015077606405897
288.91321216895545,1.895195780610317
288.39249672303004,1.8874361937815347
288.37830685096344,1.8871670639545435
288.1145551495431,1.8813532481104474
287.9292322506325,1.8760028178564954
287.79901672264936,1.8712155973018112
287.7075219485138,1.867009124136013
287.64323400302254,1.8633577472450011
287.5980627188629,1.8602150702654736
287.5663236047479,1.857526668077283
287.54402249835675,1.8552371174544389
287.52835293346396,1.853293707839014
287.51734296898877,1.8516482245462653
287.5096070362651,1.8502576273072688
287.50417157652134,1.8490841115482732
287.5003525264602,1.848094840760334
287.4976692344911,1.8472615194546238
287.49578397467144,1.8465599049860058
287.4944594466759,1.8459693137460742
287.49352891351094,1.8454721515179893
287.4928752190491,1.845053482483133
287.4924160449111,1.8447006422191023
287.4920935514002,1.8444028945748485
287.49186709889244,1.8441511290182229
287.49170813467435,1.8439375939336928
287.491596592238,1.8437563036281606
287.4915204021085,1.8436045836446586
287.49146841370714,1.843477826658561
287.49143299939743,1.8433715566826443
287.4914089405007,1.8432820267788506
287.4913926687478,1.8432060831349784
287.4913817477852,1.843141027553165
287.49137452150825,1.8430844517825555
287.4913698829632,1.8430342092613494
287.4913671251302,1.8429890808003377
287.49136581617756,1.8429511106482492
287.49136522339154,1.842917830369777
287.491365744721,1.8428855462071296
287.49147488233524,1.8423395612623668
287.4916317261294,1.8420155246646326
287.49253990726913,1.8410190013646273
287.4938176323824,1.840170073595004
287.5011894737985,1.83739068696453
287.52244926278956,1.8330150544919364
287.6450596693446,1.820519291143392
287.82183544266604,1.8097062971021423
289.23604677513504,1.7651752165215298
290.65025940657375,1.738965937699593
292.06447240838924,1.7194418707213648
293.4786855913395,1.7038685807541638
294.8928988816442,1.691037427714548
296.30711224264996,1.6802845716464243
297.72132565343895,1.6712019789815207
299.1355391008625,1.6635218079007752
300.5497525759727,1.657061023217479
301.9639660722134,1.651691450036859
303.3781795844225,1.6473223094877083
304.7923931082526,1.6438899700553813
306.20660663981556,1.6413529086772176
307.6208201754287,1.6396915810256179
309.03503371134883,1.638914317586173
310.4492472433502,1.6390728905436847
311.8634607656922,1.640298688004686
313.21463453532914,1.6427445285759559
314.16402585935236,1.6455405700514047
314.83110798751306,1.6483509373559937
315.2998278353182,1.6510121794408967
315.629170025956,1.6534488941538448
315.8605796292388,1.6556329106516472
316.0231776892666,1.6575619450023868
316.1374258728722,1.6592477439954427
316.21770140529054,1.6607092216400878
316.2741063279363,1.661968397554927
316.3137387587868,1.6630479880432578
316.34158613323615,1.6639700063649892
316.3611528325763,1.6647549917615483
316.3749011820869,1.6654216327308287
316.3845613147852,1.6659866357378448
316.3913488946899,1.6664647432899684
316.3961180983142,1.6668688389194395
316.3994691058747,1.667210098612376
316.40182362911725,1.6674981627922993
316.403477980327,1.667741312761652
316.4046403608277,1.6679466420970392
316.4054570614264,1.6681202179977601
316.4060308717132,1.6682672307119324
316.4064340169622,1.6683917338228385
316.4067099520337,1.668495400815988
316.4068988052394,1.6685813847244613
316.4070280458033,1.6686527113611065
316.4071164778954,1.668711899053264
316.4071769739381,1.6687610426207997
316.4072183456986,1.668801883974481
316.40724662514975,1.6688358714842415
316.4072659412625,1.6688642132832863
316.4072791198845,1.6688879290406917
316.4072880938639,1.6689078421433003
316.4072941904248,1.6689243797921
316.40729835483273,1.668938013323562
316.40730097960414,1.668951516171703
316.40730272945177,1.6689605180705582
316.4073041464625,1.6689678077265442
316.40730551261896,1.6689917721199032
316.4073038751998,1.669017307170272
316.40729758535764,1.6690478213802389
316.4072790059862,1.6690959841896973
316.4063928498308,1.6696112953361797
316.4038361488409,1.6702054385000982
316.3964631682453,1.671152878851827
316.37520251345137,1.6727549437923017
316.3138966842109,1.675540227392025
316.13712029138776,1.6805100279572636
314.722907433098,1.7015152010443726
313.30869422187266,1.7165662827875472
311.89448092643903,1.730064618709874
310.4802675957473,1.7429199972819804
309.06605424871435,1.7555212976233063
307.65184089512104,1.7680828762169112
306.237627541004,1.7807389865894758
304.82341419053597,1.793576920093713
303.40920084674246,1.8066477472673912
301.9949875116831,1.8199650643950838
300.5807741862643,1.8334939551442118
299.1665608696888,1.8471291057110406
297.7523475585114,1.860659722257782
296.3381342454042,1.8737198013843912
294.9239209181873,1.8857264351857044
293.5097075604383,1.895813496732027
292.0954941549555,1.9027549808394286
290.6812807088245,1.9047796136076056
289.6537195554441,1.9015043924489157
288.91297484947495,1.8951930081219734
288.39249671402956,1.8874361941493407
288.3778986877001,1.8871592654573761
288.1142671884505,1.8813459040574534
287.92902874863506,1.8759961314238291
287.7988725651619,1.8712096286938456
287.7074194889751,1.8670038560720172
287.64316084221906,1.8633531226056514
287.5980101445883,1.8602110134632035
287.56628549544274,1.8575230968906205
287.5439945527601,1.8552339492596057
287.52833212933444,1.8532908625434654
287.5173271827802,1.851645625576084
287.50959477589566,1.850255201434257
287.50416179360735,1.849081788022746
287.5003444843856,1.8480925499878809
287.4976624157107,1.84725919134961
287.4957780155823,1.8465574670396891
287.4944540918618,1.8459666887518495
287.4935239836019,1.8454692548845464
287.49287058815145,1.8450502189066693
287.49241162477057,1.844696901399573
287.4920892803065,1.8443985453972647
287.4918629339359,1.844146011140831
287.49170404648885,1.8439315050414669
287.49159256072625,1.8437490343940366
287.49151641448344,1.8435957857070284
287.49146446349704,1.8434671055382705
287.49142908635935,1.8433583884550566
287.4914050710484,1.8432657357897049
287.49138885335543,1.8431857839410464
287.4913779957688,1.8431148178435084
287.49137088390256,1.8430472101896487
287.4913665963022,1.8429766474108122
287.49136532118354,1.8429178297867508
287.49136528527106,1.842915798230889
287.49136582367254,1.842876466006333
287.49138277514106,1.842687948331272
287.4914092054551,1.8425517253210697
287.49156144161964,1.8421438714602194
287.49177677212197,1.8417959053644146
287.4923994995905,1.8411367242275318
287.50714363981797,1.8358953740155175
287.52840365779514,1.8320926537397746
287.6510141805811,1.8200777480754071
287.82778997124757,1.809399299495495
289.242001317237,1.7650427569566318
290.6562139510544,1.7388726245800492
292.07042695389197,1.7193691674173412
293.48464013740966,1.7038094018003804
294.8988534280734,1.6909881489160532
296.3130667893253,1.6802430544979596
297.7272802002923,1.6711668543154696
299.141493647849,1.663492154513191
300.5557071230607,1.657036201970219
301.96992061937874,1.651671009588361
303.3841341316455,1.6473059302288102
304.7983476555161,1.6438774326654335
306.2125611871038,1.6413440830332733
307.6267747227262,1.6396864370169586
309.04098825863923,1.6389129663798094
310.4552017906138,1.6390756813368852
311.8694153128935,1.6403064383979649
313.2188118507403,1.6427545400744696
314.16695441717616,1.6455510856151392
314.8331591158871,1.6483610970155624
315.30126244496404,1.6510215678159397
315.63017144368837,1.6534573295696502
315.8612766681663,1.6556403381962257
316.0236608588819,1.6575683783940884
316.1377587689417,1.6592532322906817
316.2179287128684,1.6607138294841781
316.2742594446177,1.6619721932246247
316.31383974584213,1.6630510361432305
316.3416504918436,1.6639723633510515
316.3611914545202,1.6647567031753228
316.37492172040083,1.6654227314281598
316.3845691468245,1.6659871406341737
316.39134779882846,1.666464658281189
316.39611072942245,1.6668681517251815
316.39945732941396,1.6672087793141999
316.40180875589374,1.6674961618410318
316.4034609314473,1.6677385581662785
316.4046217836151,1.6679430353784581
316.40543741088646,1.6681156282321883
316.406010468004,1.6682614856398932
316.406413084014,1.66838500400033
316.4066959408135,1.6684896109926
316.40688953139073,1.6685767380387446
316.40702201479655,1.668649045066291
316.4071126665651,1.6687090849829238
316.4071746817575,1.6687589832347622
316.4072170929485,1.66880050976994
316.4072460831677,1.6688351399374497
316.407265884638,1.6688641061172742
316.4072793939373,1.6688884423271202
316.40728859295507,1.6689090235973905
316.40729483687477,1.6689265970190061
316.40729905173396,1.6689418113000705
316.40730187082505,1.668955338224907
316.4073037290927,1.6689682744906937
316.40730467994246,1.6689803097986744
316.4073055855046,1.6689917718823368
316.4073056086914,1.6690059180898973
316.4072990195568,1.6690426685804876
316.40726002802325,1.669129632331781
316.4071493353652,1.6692477890032604
316.40459160828095,1.670064143331377
316.4009966324943,1.6706338026265255
316.39063005131186,1.6716825561981952
316.3607373571587,1.673550451354818
316.00718452277306,1.6832588353064928
314.59297158778367,1.703014222394676
313.1787583647055,1.717850460368847
311.7645450647536,1.7312646612269424
310.3503317319786,1.744084305293753
308.9361183840138,1.756674624969465
307.5219050301573,1.769240146521157
306.107691676222,1.7819099049590241
304.69347832625573,1.794767635754311
303.2792649831939,1.8078611695587945
301.8650516490032,1.8212002565333043
300.4508383244623,1.8347446074930083
299.0366250085761,1.8483809000443117
297.6224116975961,1.8618863735675395
296.208198383777,1.8748777995978265
294.793985054486,1.8867490312289326
293.37977169304133,1.8966045050916116
291.96555828357714,1.9031793193641298
290.5942974674971,1.9046868694622534
289.60578767588424,1.9012164672735132
288.8931941833144,1.894959866699955
288.3924962634177,1.8874362050671718
288.3226315681233,1.8860729969869146
288.0754342773362,1.8803311872233444
287.9017432026545,1.8750798265005069
287.7797006829916,1.8703996089130626
287.6939486078907,1.8662978228526366
287.633695724086,1.862743682453831
287.59135964390754,1.859688571977236
287.5616126633627,1.857077477013648
287.54071131386314,1.854855263939899
287.52602527712656,1.8529699532019794
287.51570638101646,1.8513742501914
287.5084560221294,1.8500260810744091
287.5033617471472,1.8488885762770415
287.49978242804167,1.8479297633171714
287.49726758136165,1.847122122539191
287.49550067858917,1.846442094429502
287.4942593136322,1.8458695882242049
287.4933872148577,1.8453875181485984
287.49277457960716,1.8449813796132477
287.4923442564568,1.8446388693548759
287.4920420363782,1.8443495484479067
287.49182983103503,1.844104543780541
287.49168088086316,1.8438962823911322
287.4915763789107,1.843718954808064
287.49150501614685,1.8435697665687345
287.4914563436042,1.8434441795213123
287.4914232172715,1.8433376631760545
287.49140075251455,1.8432464555393406
287.4913855983162,1.8431673057414268
287.49137543987854,1.8430948678889205
287.4913684429287,1.8430139002045725
287.49136563726415,1.8429178279017397
287.4913660421973,1.8428720713194955
287.491369280665,1.8428096733753154
287.49137539354587,1.842740920730072
287.4916804257972,1.8419357362218483
287.49211203742175,1.8414048685910216
287.49709746868245,1.8387056525570078
287.5114769096717,1.8349774283313005
287.53221002684177,1.8315404337134953
288.02265655930415,1.8005031867478911
288.7297620867814,1.7775027314878251
290.1439744669583,1.7473410481533274
291.5581873695917,1.7258859673496838
292.97240049937955,1.7090821280804402
294.38661375670307,1.695364776976477
295.8008270953795,1.6839246741402012
297.2150404901586,1.674280644399286
298.62925392566353,1.6661230419892505
300.0434673917128,1.6592428377918693
301.4576808810391,1.653494712868829
302.87189438806433,1.6487759884327926
304.2861079081989,1.6450141442505255
305.70032143742236,1.6421600211653606
307.11453497200586,1.6401858853045328
308.5287485082646,1.6390889264133337
309.94296204221155,1.6389026630853025
311.3571755689337,1.639723555082405
312.7713890793145,1.6417765534583801
313.85257825815455,1.6444960892841594
314.61226708633274,1.6473268217848014
315.14605628528716,1.6500552406795241
315.5211189309681,1.6525798177867166
315.7846536434781,1.6548581966004257
315.9698241526228,1.6568803064805757
316.09993268574004,1.6586537250518032
316.1913523649953,1.6601953137029701
316.25558763268606,1.6615262965952173
316.30072199246246,1.662669337421331
316.3324352530178,1.6636468226912986
316.35471828616295,1.664479892390649
316.37037524582195,1.6651879388725812
316.3813764481583,1.6657883984905872
316.3891063199489,1.6662967232294168
316.39453761750815,1.6667264591467865
316.3983538402073,1.6670893840753935
316.4010352433435,1.6673956739713622
316.4029192743834,1.6676540785908873
316.40424303799415,1.667872094761297
316.4051731337426,1.6680561306046386
316.40582662129543,1.6682116575874082
316.4062857512162,1.6683433496264124
316.40660831719737,1.6684548545277376
316.40682909118004,1.6685476822041752
316.40698018347547,1.6686246648294685
316.4070835745329,1.6686885168669034
316.4071543111472,1.6687414959251372
316.4072026936095,1.668785478539461
316.4072357729265,1.66882202414641
316.40725837572245,1.668852429757679
316.40727380575026,1.668877773738343
316.4072843243382,1.6688989299088473
316.40729148167037,1.6689165813826992
316.4072963421894,1.6689316340476177
316.4072995788419,1.6689456803254918
316.40730164071,1.6689575428743697
316.40730301528873,1.6689654512403815
316.40730393167456,1.6689707234844655
316.4073054064033,1.6689792080437578
316.40730595351755,1.668995070595771
316.40730541907715,1.6689999423005606
316.4073023039412,1.669028338398859
316.40729266103943,1.6690636393575318
316.40726487605275,1.6691218966870927
316.40710743968856,1.6692796134329426
316.4066641460339,1.6695109383422597
316.40541762682676,1.669884806542112
316.401822673091,1.6705212355417964
316.3810893468681,1.6723831956997937
316.3213037464723,1.675262999209434
315.6141976346399,1.6899098129535615
314.19998456153417,1.7073709981966272
312.7857713091833,1.7216706663888357
311.37155799744414,1.734866599119038
309.95734465918355,1.747595315018886
308.54313130884697,1.760162331366554
307.1289179544799,1.7727461294852378
305.71470460129564,1.785461315461121
304.30049125299433,1.7983812790769735
302.88627791224417,1.81154390409058
301.4720645807186,1.824946668023829
300.057851258779,1.8385318222892693
298.64363794477947,1.8521599125477588
297.22942463398806,1.8655693053496822
295.81521131734814,1.8783214034676095
294.4009979809014,1.8897363626736918
292.9867846073936,1.8988257249141327
291.5725711869243,1.9041971989235607
290.352129988416,1.904266473960041
289.4723425378391,1.9003374306472733
288.83812443640363,1.8942889678694714
288.39249633236955,1.8874362033534735
288.23119841245847,1.8841325900034116
288.01118942368726,1.8785371358394944
287.85660199198827,1.8734699666716756
287.7479824944007,1.868982329471078
287.6716619986079,1.8650659417093705
287.61803613882586,1.8616824215543906
287.5803564843563,1.8587800860119612
287.5538813043844,1.8563033676324276
287.5352788596768,1.854197917184118
287.5222081302837,1.8524131928711278
287.51302421722664,1.8509035982499698
287.5065713453637,1.8496287975333723
287.50203741851857,1.8485535806061693
287.4988518238164,1.8476474974534303
287.49661362472904,1.8468843904020886
287.4950411065082,1.8462418977234805
287.49393632470736,1.845700969254437
287.4931601955135,1.8452454148978952
287.4926149932104,1.8448614950807631
287.4922320522259,1.844537555252565
287.4919631261742,1.8442637019836172
287.49177431651674,1.8440315153021996
287.4916418080604,1.8438337906849385
287.49154886230343,1.8436650305955042
287.49148541738464,1.8435224100891334
287.4914421753494,1.8434016407729832
287.49141277689625,1.84329847764109
287.4913928656449,1.84320845697596
287.4913795348895,1.843124845723131
287.49136972982876,1.843031847702618
287.491365505009,1.842917828691093
287.49136619581293,1.8428621644541945
287.4913687612318,1.8428165953986742
287.4914414736197,1.842436116860141
287.49165644168795,1.8419744483274454
287.49290183406976,1.8407451108783524
287.5000905915451,1.8377118736890572
287.52082310885095,1.8332816643461884
287.64343348027836,1.8206412988820984
287.8202092487309,1.8097906026462263
289.234420577473,1.7652114350674326
290.6486332082602,1.7389914411344178
292.062846209796,1.7194617380015895
293.4770593925911,1.703884750972213
294.89127268279765,1.6910508921981513
296.30548604373615,1.6802959151772734
297.71969945447654,1.6712115759003878
299.1339129018637,1.663529910045698
300.54812637694624,1.6570678053043895
301.96233987316583,1.6516970354415128
303.3765533853592,1.6473267855784222
304.7907669091783,1.6438933967959368
306.20498044073446,1.641355321670768
307.61919397634506,1.639692988579097
309.0334075122671,1.6389146894689803
310.44762104427576,1.6390721316226586
311.8618345666346,1.6402965754864045
313.2134856069905,1.6427417780885145
314.1632122814365,1.64553765117851
314.8305300408684,1.64834807667219
315.29941545308725,1.651009482409943
315.62887397622677,1.6534464018175594
315.8603653196059,1.6556306282318447
316.0230208136559,1.6575598572824477
316.1373093528177,1.6592458239383983
316.21761324074726,1.6607074352806661
316.2740380871714,1.6619667067013937
316.31368451731413,1.6630463516212428
316.34154172826743,1.663968380869319
316.36111533916795,1.664753331094241
316.3748685450594,1.665419887578666
316.3845320900957,1.665984752574702
316.3913220677109,1.6664626630307486
316.3960929561512,1.6668664952082652
316.3994451476545,1.6672074156751113
316.40180050295777,1.6674950527334338
316.40345543905687,1.6677376720820036
316.4046182308844,1.6679423470692634
316.4054352210196,1.6681151182639353
316.40600923570963,1.6682611401312197
316.40641252449996,1.6683848146182072
316.4066958539597,1.668489572519803
316.40688976798606,1.6685768524556375
316.40702247265074,1.6686493174017807
316.40711327565486,1.668709525209543
316.4071753940714,1.668759609762804
316.40721787531123,1.668801373531294
316.4072469113411,1.6688363123955452
316.40726674279864,1.6688652521981315
316.40728030761153,1.668888241641352
316.4072892428781,1.668910160366333
316.4072954207924,1.6689253151469992
316.4072993433711,1.6689422308677897
316.40730221248253,1.6689546036183636
316.407303665725,1.6689695498032284
316.4073046345533,1.6689795139263797
316.40730566560694,1.6689901180188091
316.40730562784717,1.6689946840814227
316.40729266117705,1.6690640254099949
316.40725447666233,1.6691370807790715
316.40681141502824,1.6694471230491734
316.4061881983137,1.6696776834416227
316.3989982604018,1.6708795273292154
316.38863164015856,1.6718426269794702
316.3587388977413,1.6736506301976735
315.65163286284564,1.689341833015959
314.2374197993764,1.7069659227911629
312.8232065494585,1.721310495967806
311.4089932387335,1.7345251024002795
309.9947799009467,1.7472614455631594
308.5805665508088,1.7598300744088258
307.1663531964727,1.7724117394516945
305.7521398432043,1.785122343193145
304.33792649473526,1.7980362392842857
302.92371315375885,1.8111922722184906
301.50949982197756,1.8245891338941977
300.0952864997945,1.838170821949184
298.68107318562943,1.851800500706049
297.2668598748483,1.8652204186384307
295.8526465585223,1.877997467458223
294.4384332228153,1.8894590439649672
293.0242198505129,1.8986258032789876
291.6100064310466,1.904118324557108
290.37519854372744,1.9043172260328622
289.48505448271226,1.9004262417565125
288.8433705433136,1.894354293975287
288.3924966302853,1.8874361962518797
288.23990888415227,1.8843257658859303
288.01731000765733,1.8787147655116887
287.86090281205895,1.8736288211619216
287.7510046719076,1.8691218752256837
287.6737857481218,1.8651870580064136
287.619528615069,1.8617866644086891
287.5814054014546,1.8588692712664134
287.55461855816594,1.8563793406487965
287.5357971256899,1.854262431501299
287.5225725262608,1.852467852133867
287.5132804976209,1.8509498343992328
287.5067516591738,1.8496678692540018
287.5021643549777,1.8485865825730425
287.4989412550621,1.84767537481999
287.4966767031817,1.846907955310765
287.49508566831105,1.8462618460407754
287.49396787584016,1.8457178965732015
287.4931826046739,1.8452598313723296
287.49263097865634,1.844873839004222
287.49224352384323,1.8445482054335973
287.491971425815,1.8442729892906295
287.4917803868504,1.8440397338592487
287.4916463111366,1.843841209628506
287.4915522631309,1.843671890611783
287.49148806157405,1.84352899802299
287.4914442983605,1.843408227033881
287.49141453960914,1.8433052913877788
287.49139438254554,1.8432159150151302
287.49138087450103,1.8431344728608792
287.4913708603035,1.8430469145821151
287.4913655189908,1.8429178286070214
287.49136650797124,1.8428608401318005
287.4913718808821,1.8427762848527838
287.49140812584517,1.8425565801707504
287.4915134825807,1.842245369012754
287.4918200810497,1.841737963102965
287.49536511543084,1.83940368123082
287.50047826136307,1.8375964191589358
287.51522384053175,1.8342591892997033
287.60026593129567,1.824147463440572
287.7228772225095,1.815268129046757
288.07642939373534,1.7983456233337618
289.4906411758267,1.7597215680481417
290.9048539002708,1.7350725227582093
292.31906694331167,1.716392779923651
293.73328014947987,1.7013802777845033
295.1474934545987,1.6889625520469587
296.5617068258168,1.6785354027348622
297.97592024401644,1.6697220570667703
299.3901336969976,1.6622730213537515
300.80434717634523,1.6560168770088377
302.21856067581206,1.6508332168402564
303.632774190417,1.6466367400302866
305.0469877159171,1.6433680282218839
306.4612012484788,1.6409893737268355
307.8754147844305,1.6394856044084085
309.2896283199806,1.6388713379870097
310.7038418507478,1.6392090864266193
312.11805537026044,1.640651696957542
313.39352232808017,1.6431893378252005
314.2897188712011,1.6460045859727708
314.9194241154574,1.6487987147952152
315.3618813971204,1.651426810052806
315.6727704073607,1.6538232753331696
315.8912140321645,1.6559652962262081
316.0447016518962,1.657853521184141
316.1525484580248,1.6595012433557137
316.22832611411695,1.6609281071460897
316.2815706401774,1.6621563774256354
316.31898244380386,1.663208730455572
316.3452695123988,1.6641069779887927
316.3637398753756,1.6648713739058119
316.376717892949,1.665520286032231
316.38583675809514,1.6660700947141736
316.3922440206936,1.6665352286237978
316.39674599740613,1.66692827958185
316.3999092401095,1.6672601587322335
316.40213183186654,1.6675402700484476
316.4036934824573,1.6677766863109307
316.404790727587,1.667976318878876
316.40556166130693,1.6681450768039112
316.4061033138173,1.6682880137584406
316.40648386360607,1.6684090748367766
316.40674433071445,1.6685098950337545
316.4069225950961,1.6685935421008558
316.4070445868245,1.6686629615437034
316.40712805640675,1.6687206058066928
316.40718515493313,1.6687685163342647
316.40722420031733,1.6688083928390984
316.4072508863603,1.6688416521130873
316.4072691103541,1.668869479359949
316.407281539438,1.6688928692504292
316.40728999856026,1.6689126333534037
316.40729573918605,1.6689294218747073
316.40729962155774,1.6689441862228769
316.40730217302416,1.668958536429578
316.4073036745123,1.6689715527920965
316.4073046755044,1.6689802303669787
316.4073058611997,1.668990509128935
316.4073059267604,1.6689987151629413
316.40730441445675,1.6690101699611293
316.4073022289122,1.669026724157452
316.4072754157522,1.6691029510389674
316.4072371504825,1.669160209984358
316.4067939435191,1.669454942926148
316.40423606006607,1.6701328901470607
316.40064104788456,1.670680133970342
316.379907549885,1.6724607905021858
315.8894590539829,1.685445908427201
315.18235263747226,1.6958932120188197
313.7681394811853,1.7119221052025844
312.3539262048825,1.725777235221825
310.93971288282916,1.738785264093867
309.5254995397569,1.7514400416584843
308.1112861875068,1.7639969089981986
306.69707283303336,1.7766108203276856
305.282859481,1.7893823978109906
303.86864613476496,1.802374125729639
302.45443279670525,1.815612510839103
301.04021946814396,1.8290802294757722
299.6260061489217,1.8426979968163024
298.2117928365801,1.8562940319122223
296.7975795251908,1.8695590625075382
295.38336620419454,1.88198785251753
293.9691528583132,1.8928136334469314
292.5549394700789,1.9009383369732262
291.1407260391349,1.9048063228395682
290.0860173957755,1.9035061225692647
289.3257026719326,1.899231114163436
288.77760965985965,1.8935130814672099
288.3924966320822,1.8874361962799544
288.1307246069636,1.8817615398678935
287.94059228073127,1.876372752203582
287.8069974470893,1.8715433039490108
287.7131282308245,1.8672951300611693
287.64717190251395,1.8636048065978834
287.6008283424563,1.860426925120017
287.5682655380034,1.8577073530997683
287.5453856721344,1.8553905824738521
287.52930944648125,1.8534236256472956
287.5180137450441,1.8517579056515427
287.5100770415127,1.8503499952931919
287.5045005117687,1.8491617115757348
287.5005823400266,1.8481598649773048
287.4978294010602,1.8473158397997809
287.49589520443834,1.8466051078889034
287.49453629155545,1.8460067336191235
287.49358159837715,1.8455029013515771
287.492910928453,1.8450784806304605
287.49243982720196,1.8447206348333822
287.4921089540279,1.8444184732281597
287.49187661484484,1.8441627426986433
287.49171351632697,1.8439455540395258
287.4915990713607,1.8437608380439139
287.4915208987934,1.843605758930995
287.49146755984447,1.8434756072158325
287.49143123129716,1.8433657284361327
287.49140656287466,1.8432721827297625
287.4913898961285,1.8431915986438727
287.4913787277053,1.84312040472128
287.4913713865672,1.8430531688257503
287.491366806986,1.8429818543383711
287.49136541816694,1.8429178292087574
287.4913655340126,1.8428794850095311
287.4913707322467,1.8427883697558032
287.49137947563094,1.8427109203665304
287.49140580545287,1.8425653477116477
287.4915581205216,1.842149806970899
287.4919892645366,1.84153548164598
287.49323500502214,1.840520134114822
287.5004238672267,1.837612470856353
287.52115626465525,1.8332264753813439
287.5809409516064,1.8259338992931848
287.93449257554596,1.8042872882882257
289.34870413516086,1.7627103910481654
290.762916809864,1.7372191397172005
292.1771298305311,1.7180777935151441
293.59134302401395,1.702756991308605
295.0055563210074,1.6901112391597481
296.41976968661,1.6795040446645395
297.83398310072783,1.6705416116173746
299.2481965506448,1.6629644172950968
300.66241002765537,1.6565946772997453
302.07662352534373,1.651307719205728
303.4908370386301,1.6470152265924105
304.90505056321456,1.6436554506802437
306.3192640952341,1.6411885557761772
307.73347763101197,1.6395969072569518
309.14769116678525,1.638891554073008
310.56190469826265,1.6391288755865918
311.97611821939614,1.6404493843238708
313.29378537094846,1.6429372364014374
314.2196335399371,1.6457426140354552
314.87017326003655,1.6485463659855981
315.3272697181842,1.6511933594021548
315.6484448277769,1.6536125826764323
315.8741158973899,1.6557782606535
316.03268182297955,1.657689420953579
316.1440968598103,1.659358502957279
316.2223817044714,1.6608047490187383
316.2773878864003,1.6620502903159804
316.31603750335444,1.6631178268349345
316.34319431154114,1.6640292826323362
316.3622757900706,1.6648050692580614
316.37568320310766,1.6654637304753899
316.38510377957334,1.6660218240841478
316.39172303727435,1.666493947661818
316.3963739707388,1.6668928476433726
316.3996418768437,1.6672295724723165
316.40193800969297,1.6675136447213612
316.4035513336181,1.667753236543846
316.4046848869985,1.6679553391677617
316.40548133299365,1.6681259213965927
316.4060409125395,1.6682700750451642
316.4064340586404,1.6683921471477021
316.4067102614833,1.668495526718913
316.4068992970519,1.6685816291603537
316.407028662299,1.668653083895994
316.40711717951615,1.6687124141652838
316.40717773349576,1.6687617204887104
316.40721914441866,1.6688027518325699
316.40724744992286,1.6688369658141005
316.40726678270903,1.6688655797440046
316.4072799712294,1.6688896146834598
316.40728895075097,1.6689099325179835
316.40729504475587,1.6689272636627386
316.40729915817155,1.6689422553185644
316.40730190744506,1.6689556412618405
316.40730369292214,1.6689683517482945
316.40730464919733,1.668979765175314
316.40730558696004,1.6689909576503539
316.4073057607765,1.6690016295374022
316.4073043391265,1.669012335975298
316.4073022120485,1.6690283549867382
316.4071972397331,1.6692046571784966
316.40598179975973,1.6697386951768503
316.3989701429191,1.6708827658364362
316.3888605768561,1.6718247161936417
316.32907501186287,1.6749601890181096
315.6219689137367,1.6897927301154199
314.2077558425891,1.707287062012664
312.79354259073796,1.7215959574400117
311.3793292792076,1.7347957327601897
309.96511594104453,1.7475260150739467
308.55090259074876,1.7600933560891248
307.13668923638784,1.772676704860299
305.7224758831859,1.785390935370752
304.30826253484963,1.7983096371840497
302.8940491940524,1.8114708937780541
301.47983586247375,1.8248724356086545
300.0656225404837,1.838456878097342
298.65140922645,1.8520853128391386
297.23719591566123,1.8654969154154135
295.82298259908725,1.8782542318111846
294.40876926279515,1.8896789248046137
292.9945558895385,1.8987844329839063
291.58034246927645,1.904181151292355
290.35691871580997,1.9042772008307343
289.4749812110214,1.900355955752723
288.8392131858511,1.8943025501173367
288.3924960409695,1.8874362101029152
288.2330119970699,1.884172962944822
288.01246534213124,1.8785742882663707
287.8575001235969,1.8735032406270933
287.74861517710485,1.8690116259580851
287.67210816575323,1.8650914553257993
287.61835125229334,1.8617044883562777
287.5805795139894,1.8587990975392885
287.5540396320276,1.856319723649777
287.535391724958,1.8542120010710836
287.52228905176486,1.8524253602111593
287.5130826936048,1.8509141730495386
287.50661405080444,1.8496380727764115
287.502069042545,1.8485618212283756
287.4988756614469,1.847654944627317
287.4966319911283,1.8468912665336294
287.4950556283306,1.8462484118909184
287.4939481447967,1.845707323023223
287.49317011671775,1.8452518086371863
287.49262357940813,1.8448681351403742
287.4922396992752,1.844544662537984
287.4919701117066,1.844271523063234
287.49178083483105,1.844040337950712
287.4916479942965,1.8438439672930418
287.4915548105681,1.8436769224535263
287.49149119354774,1.8435366353838303
287.491447819978,1.8434188568631011
287.4914183149008,1.8433193917322384
287.4913983193518,1.8432346925587082
287.49138485411186,1.8431616944046132
287.49137588550593,1.8430971649033423
287.49137006968357,1.8430366038866577
287.49136635509575,1.8429700095864843
287.49136582475535,1.8429178267840296
287.4913662319823,1.842867848421986
287.4914667460482,1.8423616367579299
287.4920578540476,1.8414612504793528
287.4937664057317,1.840199078786209
287.5139839602132,1.834490354704605
287.5737686960307,1.8266435776218826
288.28087299770317,1.7909278174031655
289.6950850224068,1.755621783066509
291.1092978105648,1.7320804640705547
292.5235108834034,1.714028811661426
293.9377241067843,1.699442413661278
295.3519374230516,1.6873428152741525
296.76615080203095,1.6771685033496173
298.1803642258994,1.6685655753234678
299.59457768314815,1.6612981557562176
301.0087911657531,1.655203534106097
302.4230046676944,1.6501671731613161
303.83721818412414,1.6461079559839509
305.25143171087575,1.642969748345301
306.6656452441538,1.6407179218294472
308.07985878028927,1.639340976095503
309.49407231544126,1.6388589772926734
310.9082858450838,1.6393439768219034
312.32249936205284,1.6409684333211851
313.53717187364714,1.6435714443623888
314.3906516893125,1.6463969390708517
314.9903423694331,1.6491743841686577
315.4117101595802,1.65177308054936
315.7077808086054,1.654135001364894
315.91581243133004,1.6562414769513862
316.0619841417002,1.6580954186132932
316.16469048305356,1.6597113002153814
316.2368562329724,1.6611093080458903
316.287562882241,1.6623118691021177
316.32319146716554,1.6633415992692848
316.34822557148544,1.6642201251095563
316.36581554918945,1.664967451752173
316.37817497112616,1.6656016729590744
316.3868591850167,1.6661388931316714
316.39296104339974,1.6665932769071516
316.39724843029126,1.6669771715128316
316.4002608931797,1.6673012664220108
316.4023775407125,1.6675747677859083
316.4038647504506,1.6678055737647686
316.40490969032453,1.6680004427071067
316.40564387219644,1.6681651501461603
316.40615970134974,1.6683046333078666
316.40652210660863,1.6684227468998212
316.4067701528457,1.6685210841762241
316.4069399145599,1.6686026407521428
316.4070560859122,1.668670289486441
316.4071355713864,1.66872642055691
316.40718994296606,1.668773021378833
316.40722712220236,1.6688117438798498
316.4072525316678,1.6688439620695963
316.40726988309484,1.6688708224439557
316.40728171672777,1.6688932716804883
316.4072897722103,1.668912017671438
316.4072952495278,1.6689276689312773
316.40729896543326,1.6689420026876185
316.40730124012083,1.6689563669945933
316.4073027565792,1.6689659431992154
316.40730376755147,1.6689723273356067
316.407304441533,1.6689765834265144
316.4073054478715,1.6689829383016952
316.4073059886251,1.668997372172857
316.40730445373606,1.6690109913179185
316.40730219836564,1.6690310033287623
316.4072883616251,1.6690752637490178
316.4072487190707,1.6691456061192333
316.40702463575514,1.6693345501322994
316.4067093262126,1.6694919530607464
316.40489012374735,1.6700029493869466
316.402333267314,1.670447439296074
316.38758706209006,1.6719230246332097
316.36632630378625,1.6732591483058101
316.2437143979389,1.6777936187872298
315.89016138696337,1.6854334915317475
314.47594840018496,1.704337369122777
313.0617351674514,1.7189975463406
311.64752186371135,1.732341359297839
310.23330852917996,1.7451313297877513
308.81909518044085,1.757713196943353
307.4048818263885,1.7702831870505047
305.9906684726457,1.7829658380247513
304.5764551231526,1.795841746448741
303.1622417807641,1.808955808748007
301.7480284473617,1.8223142258629286
300.333815123605,1.8358717054201832
298.9196018083133,1.849507450624512
297.50538849745584,1.862987553200349
296.09117518290407,1.8759128147529722
294.67696185162214,1.8876556787218308
293.2627484867233,1.897293542309193
291.84853507388834,1.9035252211268805
290.5221850258358,1.9045871547458475
289.5660503585663,1.900966823214361
288.8767953357171,1.8947634799615014
288.3924959971003,1.8874362113524799
288.295402268105,1.8855146754066157
288.0563010562047,1.8798126344383248
287.88829862660435,1.8746131944794884
287.7702531879439,1.8699880182138693
287.6873096298989,1.8659395884413095
287.6290301282156,1.862434744690413
287.5880806292859,1.8594238795098348
287.5593079190547,1.856851757042632
287.5390911328897,1.8546634344958879
287.52488609919726,1.8528073271229948
287.51490517612365,1.8512366191879672
287.50789229138746,1.849909732231835
287.5029648758283,1.8487902719706302
287.49950279928987,1.8478467027840413
287.49707033231886,1.8470518957088065
287.4953613131912,1.8463826340118141
287.4941606199821,1.8458191233042411
287.49331709925247,1.845344530813068
287.49272454464887,1.844944565106363
287.49230833173215,1.8446070995659745
287.49201602714487,1.8443218379469524
287.4918107903752,1.8440800168662217
287.4916667390091,1.8438741387597304
287.4915656820819,1.8436984776368506
287.4914966834814,1.8435501133018233
287.4914496380427,1.8434245784645698
287.4914176339837,1.8433174527673488
287.4913959376296,1.8432241646641252
287.4913813803578,1.8431380029594748
287.4913706384092,1.8430433961093344
287.49136554741375,1.8429194824738393
287.4913652983109,1.8429146423420777
287.491366617372,1.8428529432331706
287.4913703093351,1.8427959576045454
287.4913973571385,1.8426043021562912
287.57978363149897,1.8260465119395253
288.99399412249403,1.7707865366385862
290.40820664721264,1.7428571249267164
291.82241960483265,1.7224564051135327
293.23663276363453,1.7063154693072204
294.6508460387986,1.6930719312914322
296.06505938948453,1.6819974192544067
297.47927279284124,1.6726509278999846
298.8934862347164,1.6647455815662608
300.30769970560345,1.6580864300998202
301.72191319862327,1.6525374010704392
303.13612670842485,1.6480022043368319
304.55034023055094,1.6444130523872817
305.9645537610543,1.641724788855623
307.378767296234,1.639913882743183
308.79298083238064,1.6389831338271785
310.20719436539355,1.6389751213776493
311.62140789008276,1.6400033973403363
313.03562139581254,1.642331599926001
314.03823783118054,1.6451015503171442
314.74271815468285,1.6479233942839948
315.2377155429352,1.6506141844064954
315.5855214355415,1.6530882825549413
315.829904410198,1.655311943691455
316.0016181050787,1.6572798255699994
316.12227131607534,1.6590020458683594
316.2070472894051,1.6604967278643212
316.26661441062646,1.661785598571743
316.30846873486337,1.6628913753270491
316.33787730483897,1.6638362396903337
316.3585409656828,1.6646409872809544
316.37306008640905,1.6653246013798846
316.3832617953567,1.665904090870705
316.3904299095314,1.666394489776278
316.3954664926018,1.6668089516347466
316.3990053723208,1.6671588953772365
316.4014919026221,1.6674541749024225
316.4032390078093,1.667703254891605
316.4044665615449,1.667913382390139
316.40532905616686,1.668090748319222
316.40593504429165,1.6682406363285789
316.4063607990661,1.6683675585568762
316.4066599142022,1.668475034683011
316.406864634647,1.6685645279506427
316.4070047372385,1.6686387700892817
316.4071006050062,1.6687003807984793
316.4071661911895,1.6687515398225017
316.4072110474328,1.668794060354768
316.4072417121831,1.668829451082813
316.40726266108976,1.668858969671414
316.4072769574629,1.6688836680641237
316.4072866975512,1.6689044079385416
316.40729331790925,1.6689218417207763
316.407297809458,1.6689367366660264
316.40730081739355,1.6689508736704488
316.4073026204067,1.6689643538225094
316.4073038224155,1.6689733405905138
316.40730462375467,1.6689793317691506
316.4073056761922,1.6689872002740074
316.4073058150248,1.6690014360704504
316.4073047184708,1.6690065514614036
316.4072921170748,1.6690653365882908
316.40725535845985,1.6691357801636753
316.407041850706,1.6693237916473667
316.40451320826287,1.6700795234046122
316.2819016761784,1.6766374037009597
316.1051252476575,1.6812302478523267
314.6909123679536,1.7018874336809293
313.2766991536894,1.7168835673693583
311.86248585711115,1.7303605763899252
310.44827252589295,1.7432068746963691
309.0340591786233,1.7558053114676448
307.61984582496063,1.7683677593517455
306.2056324708851,1.7810271637629926
304.7914191205383,1.793869933025225
303.3772057769234,1.8069463412801259
301.9629924420772,1.8202690466108202
300.5487791168752,1.8338018270193852
299.13456580047216,1.8474374244808476
297.7203524893492,1.860962138037769
296.30613917607644,1.8740057720177385
294.891925848362,1.8859797482810237
293.47771248971674,1.8960107478265387
292.0634990831146,1.9028633146953633
290.6546507870558,1.904754364014706
289.6390450583718,1.901417755223957
288.9069187384993,1.8951220598544691
288.39249624016054,1.8874362055136775
288.36758763093746,1.8869611954483445
288.10702342382444,1.8811603087214297
287.92394019229414,1.8758282444988625
287.7952983486924,1.8710610757409918
287.70490931131985,1.8668743236398258
287.6413983029464,1.8632413201777016
287.59677292746704,1.86011522246725
287.5654173917498,1.8574414784111992
287.5433858036815,1.8551647107511313
287.52790561371086,1.8532323424272248
287.5170287120368,1.8515963304804302
287.5093862748512,1.8502138166674786
287.5040165090232,1.8490471734806744
287.50024361828935,1.8480637287209487
287.4975927598251,1.8472353350355188
287.49573028917183,1.8465378808169373
287.4944217738277,1.845950796850311
287.49350249185454,1.845456587853589
287.4928567029898,1.8450404029726493
287.4924030837043,1.8446896503388346
287.4920844933301,1.8443936555020397
287.49186078341825,1.8441433601391966
287.4917037463923,1.84393105659354
287.4915935582414,1.8437507944512368
287.49151829547384,1.8435999092248136
287.49146694229097,1.8434738199541019
287.4914319633967,1.8433680731790045
287.4914082034247,1.8432789385010078
287.49139213760606,1.8432032720810834
287.4913813595994,1.8431383758205244
287.49137423446746,1.8430818195815641
287.4913696717412,1.8430314073519656
287.4913669771662,1.842985824947895
287.4913657352926,1.8429467199957954
287.4913654263857,1.8429178291586976
287.4913655188048,1.8428988208163166
287.49138959041494,1.8426464220405658
287.4914266514488,1.8424856262064282
287.4916448630356,1.8419934697102358
287.4968259987428,1.8388073469719646
287.5117710382095,1.8349188077781322
287.55596441886485,1.8285465526803977
288.9701747593328,1.7713645839000556
290.38438727236473,1.7432508034887753
291.79860022533654,1.72275946096811
293.21281338164215,1.7065606982725168
294.6270266552563,1.6932754943729744
296.04124000430534,1.6821686626344725
297.244348432287,1.6740973649885602
298.08970288208366,1.669074957189082
298.6836843746031,1.6658356963584744
299.1010406822688,1.6636940328489047
299.39429272677353,1.6622529426905701
299.59504029349256,1.6612959776061387
299.7324633268658,1.660654484445534
299.8265371450276,1.6602216475080736
299.89093598008566,1.6599282762434795
299.9350206152857,1.6597288129421146
299.96519903479526,1.6595929068616786
299.9858578652434,1.6595001696456528
300.0,1.6594368251785392
300.0,1.6594368251785392
300.01414213475897,1.6593735941547254
300.0348009652191,1.6592814293904918
300.0649793847643,1.6591472281588806
300.109064020055,1.6589521089215256
300.1734628553281,1.6586690392935213
300.2675366739805,1.6582596940722425
300.40495970844677,1.65767054237115
300.6057072775674,1.6568285381740702
300.89895932730406,1.6556377192430531
301.3163156459727,1.6540215642534863
301.9102971614775,1.6518764810379198
302.75565165935484,1.6491269330065867
303.95876018927123,1.6458027083629885
305.37297371651704,1.6427417372874298
306.78718725013977,1.6405651848947944
308.201400786177,1.639263812217989
309.6156143206276,1.6388611135461566
311.0298278484968,1.6394352485750536
312.4440413620273,1.6411714857785857
313.8582548451198,1.6445138968979884
315.2724682462086,1.6508348536144095
315.97957481527436,1.657000848265529
316.22479923984065,1.6608546392150267
316.3948864988303,1.6667570628217956
316.40207680141333,1.6675326587509727
316.40706346418443,1.6686752894494608
316.40727402709643,1.6688781075304107
316.40729212040696,1.668915837797792
316.4073048003476,1.668977887517567
316.40730590309386,1.6689832838438314
316.40730585390696,1.6689930888772686
316.4073048060514,1.6690006550440624
316.40730402863306,1.6690062684864975
316.40730286250556,1.6690146886502366
316.4073011133143,1.6690273188959412
316.4072984895274,1.6690462642646051
316.40729390168747,1.6690611397634176
316.407287355148,1.66907768299335
316.4072777503121,1.6690984705292744
316.40726364554604,1.6691232960654314
316.4072429738685,1.669152883317896
316.40721271325475,1.669188334117202
316.40716844675524,1.669230943248303
316.40710372151807,1.6692822544254629
316.40700911092654,1.6693441325328187
316.40687084434285,1.6694188350433905
316.4066688054462,1.669509097635349
316.40637360696485,1.6696178265403732
316.4059534257988,1.6697466859733368
316.40535536937085,1.6698995183018268
316.4045041623815,1.6700812988909854
316.40329267232306,1.6702979775915643
316.4015684279268,1.670556701893997
316.39911443188277,1.6708660905068846
316.39562185347353,1.6712365728294398
316.3906511647117,1.6716808145365225
316.3835768292779,1.6722142560683497
316.3735085838082,1.6728558003828713
316.3591794054159,1.673628699994135
316.3387860670639,1.6745617131404393
316.3097622159666,1.675690628067233
316.26845541876884,1.6770602980015537
316.20966753224246,1.678727395973104
316.1260005588605,1.6807642028131964
316.0069256684509,1.6832639091952626
315.83745822981837,1.6863481906024083
315.5962721157584,1.6901782918784316
315.25301598197757,1.6949717116747935
314.764493795306,1.7010281693144294
314.06922896156686,1.7087716501483556
313.07972799262905,1.7188217347977486
311.67147015799543,1.7321213185114397
310.25725682262015,1.7449171767911764
308.8430434736369,1.7575006642776696
307.4288301194892,1.7700696704946597
306.0146167656846,1.7827496377723238
304.60040341613126,1.7956218004016247
303.1861900736799,1.8087316567965113
301.77197674022545,1.822086141082639
300.35776341646954,1.835640997752334
298.9435501013396,1.8492769801028783
297.52933679106485,1.862762489793743
296.1151234780916,1.8757016309629677
294.70091015053634,1.8874712608165356
293.2866967937745,1.897154384471027
291.8724833967713,1.9034572959640503
290.4582699676941,1.904480971871095
289.0440565815214,1.8966394184927882
288.3924960446768,1.887436208265096
287.6853903464908,1.8658346973358242
287.562778770843,1.8571901561199047
287.52025770670787,1.852114696191376
287.5055118649622,1.8493942295724104
287.49528497428827,1.8463496180652665
287.4917397372472,1.8439834823791115
287.491440964728,1.8433970651755545
287.49139002553835,1.8431916073602963
287.49137276495867,1.843067083612735
287.49136735653883,1.842997958485204
287.4913651668048,1.8429178307025325
287.49136740270666,1.8428361135074542
287.4913719376102,1.8427760917956428
287.4913786802329,1.8427162338642957
287.49138896684025,1.842649382550427
287.49140435591414,1.8425727415024444
287.4914271514503,1.8424833403766834
287.4914607372615,1.842377887436407
287.49151006626545,1.842252571300877
287.49158237988394,1.8421028757032758
287.4916882660824,1.8419241607549988
287.4918391848488,1.841713601507386
287.4920541914015,1.8414651300790068
287.4923603990102,1.841170839119429
287.4927963990635,1.840821365147026
287.49341711644297,1.8404055673310096
287.49430072136573,1.8399101471139814
287.49555846648923,1.8393191933365722
287.49734868718804,1.8386136340052843
287.4998967268205,1.8377705726761553
287.50352329441904,1.836762483300352
287.5086848233901,1.8355562326294632
287.51603091004307,1.8341118942843466
287.52648606012485,1.8323813143960748
287.5413660305059,1.8303063870692247
287.56254340668306,1.8278170022052531
287.5926832526969,1.8248286444703443
287.63557848811075,1.8212396607936248
287.69662719654525,1.816928291952819
287.78351193120454,1.811749709316374
287.907166502524,1.8055335531469123
288.0831519103718,1.7980828952844095
288.33361457077194,1.7891762266925781
288.69007326416494,1.778575087647686
289.1973855201029,1.7660413973169138
289.90112932507145,1.7517075824062873
290.87736297509076,1.7354837145798276
292.23159454089813,1.7174268588017547
293.6458077476446,1.7022256163037315
295.0600210516863,1.6896680775917483
296.4742344213844,1.6791304228983568
297.88844783812954,1.6702254976263426
299.30266128983953,1.6626976866378866
300.7168747681183,1.6563716806905222
302.1310882667142,1.6511244631600581
303.54530178063686,1.6468688860000085
304.9595153056311,1.6435440999511859
306.3737288378437,1.6411110853859507
307.7879423735673,1.6395531448710154
309.20215590893434,1.638882677498292
310.6163694393536,1.639158372652194
312.03058295818397,1.640525352017002
313.4447964528707,1.6433231011154878
314.8590098890025,1.648490104142508
316.27322302713486,1.661946548529642
316.3616111908829,1.6647753397596579
316.3922639783697,1.6665368243997234
316.40289414370574,1.6676502914112308
316.4065803677564,1.6684445687161367
316.4072192133628,1.668802850866077
316.40727441080554,1.6688788040632092
316.4072938595972,1.6689218214560264
316.407300784287,1.6689484798688792
316.40730540303446,1.6689833291386733
316.40730533276815,1.6689926061669258
316.4073042167789,1.669009787821524
316.4073024527897,1.6690246783689155
316.40729964488787,1.6690394020136854
316.40729543723853,1.66905514354379
316.40728920413704,1.669073095868321
316.4072800175792,1.6690940157221161
316.40726652344034,1.6691186564779987
316.4072467421899,1.6691479170878731
316.4072177802312,1.6691828631920211
316.40717540939886,1.6692247627018837
316.4071134524472,1.6692751362434983
316.4070228851607,1.669335816046631
316.4068905246253,1.6694090157334103
316.40669711300484,1.6694974150969104
316.406414517051,1.6696038567971376
316.4060122716959,1.6697299739709393
316.4054397414318,1.669879522845122
316.4046248632281,1.6700573686552997
316.40346507626606,1.6702693272291378
316.40181441569933,1.670522382574593
316.3994651441548,1.670824953288514
316.39612160965487,1.6711872228008198
316.39136304019337,1.6716215529499503
316.38459059296275,1.6721430067283525
316.3749519948049,1.6727700151749814
316.36123429049434,1.6735252364512863
316.34171120208964,1.6744366740733154
316.31392589075904,1.6755391490306475
316.2743817834074,1.6768762619459516
316.2181025571297,1.678503044546927
316.1380059090839,1.6804895981447374
316.02401230577436,1.6829261745397763
315.86177655503565,1.6859304154557246
315.6308825792888,1.6896579125455569
315.3022742168618,1.694318042810964
314.8345987384762,1.7001985048013768
314.1690029400186,1.707704839136638
313.22172694201413,1.7174270622795018
311.87356368561007,1.7302581394075864
310.45935035330405,1.7431075633972863
309.045137005653,1.755706977974349
307.63092365185713,1.7682691170143285
306.2167102977353,1.7809273758755113
304.80249694737796,1.7937684678695536
303.3882836037723,1.8068429429327986
301.9740702689568,1.8201637846096175
300.5598569438307,1.8336952241965656
299.1456436276242,1.8473306787531225
297.7314303170191,1.8608574564664164
296.3172170050607,1.8739068158801828
294.9030036804606,1.885892142251158
293.4887903287428,1.8959426379168465
292.07457693769896,1.9028260867832345
290.66036351115355,1.904760012437592
289.2461501079249,1.8985645738700672
288.3924965698875,1.8874361966491344
287.68539086855463,1.865834726472055
287.5627792929036,1.8571902063396595
287.52025822875953,1.8521147774774271
287.50551238699614,1.8493943473408487
287.4952854962416,1.8463498449120141
287.4917402586149,1.8439842227619119
287.49144148378775,1.8433987067071804
287.4913905354949,1.843194410450035
287.4913732427686,1.8430718634217444
287.4913677672182,1.8430049706179168
287.4913651823427,1.8429268591184833
287.49136537456627,1.8429178294660171
287.4913675018718,1.8428389518573527
287.49137424585706,1.8427517983856752
287.49138451661906,1.8426742575208035
287.4913998715936,1.842592567917434
287.4914226267954,1.8424993683985214
287.4914561848584,1.842390812838703
287.4915054965475,1.8422630672619245
287.4915777989155,1.8421114573735973
287.49168367808505,1.8419312608539087
287.49183459168876,1.841719467110528
287.49204959483177,1.841469999170625
287.49235580010463,1.841174894648107
287.49279179854517,1.840824751191469
287.4934125148047,1.8404083994205558
287.4942961189464,1.8399125190647625
287.4955538635236,1.8393211820326725
287.4973440838392,1.8386153028565881
287.49989212320247,1.8377719742172587
287.5035186906115,1.8367636611962381
287.508680219449,1.8355572232525428
287.51602630600763,1.8341127279767782
287.5264814560228,1.8323820164922835
287.5413614263567,1.830306978733045
287.56253880250034,1.8278175011159323
287.5926786484904,1.8248290653936552
287.63557388388733,1.8212400160524895
287.6966225923098,1.8169285918205778
287.78350732696043,1.8117499623442574
287.90716189827367,1.8055337664384812
288.08314730611704,1.7980830747257524
288.333609966514,1.7891763771472402
288.6900686599046,1.7785752131243466
289.1973809158409,1.7660415011154305
289.9011247208082,1.751707667627525
290.8773583708266,1.7354837836287191
292.2315899366333,1.717426913598746
293.6458031433794,1.7022256610604591
295.0600164474208,1.6896681149290425
296.4742298171187,1.6791304543810683
297.88844323386377,1.6702255242634316
299.3026566855737,1.662697709111197
300.71687016385243,1.6563716994743585
302.13108366244825,1.6511244785898098
303.54529717637087,1.6468688983128685
304.95951070136505,1.6435441093086194
306.3737242335776,1.641111091880339
307.7879377693012,1.63955314851516
309.20215130466823,1.6388826781899248
310.61636483508755,1.639158370091491
312.030578353918,1.6405253455078888
313.44479184860484,1.6433230889750794
314.8590052847369,1.6484900810060448
316.2732184228728,1.6619464348552635
316.36160658662845,1.664775134701599
316.39225937415733,1.666536456099446
316.40288953963915,1.6676495989285647
316.40657576450707,1.6684428418677306
316.4072146152119,1.668797885454839
316.40726982582197,1.6688707075056755
316.40728931466583,1.6689098954692354
316.40730326067586,1.668958346344323
316.40730542158536,1.6689830604804947
316.4073061234574,1.6689910877305019
316.40730503975846,1.6690103582906357
316.4073034925412,1.6690168033463997
316.40730276484874,1.6690198346068106
316.40730167331003,1.6690243814974397
316.407300193747,1.6690368811053726
316.4072977137261,1.669047340922872
316.40729422436164,1.6690620577810265
316.40728872524744,1.669074707716712
316.4072807776449,1.6690929900540463
316.40726877142407,1.669114881916093
316.4072511839156,1.6691417854654662
316.4072254296871,1.669174254780184
316.4071877469269,1.6692133601208519
316.40713264016256,1.6692605265142835
316.4070520808939,1.6693174712478533
316.40693434091366,1.6693862678199334
316.40676228757206,1.6694694306690296
316.4065108934204,1.66957001221849
316.40614359708957,1.6696912650299873
316.40562080642155,1.6698350466097618
316.40487671626335,1.6700056645855161
316.40381767412634,1.6702086962395821
316.40231039310527,1.6704508205923756
316.4001651790008,1.670740072881967
316.39711205883253,1.6710861579663976
316.3927668069112,1.671500841080501
316.3865825931259,1.6719984400936143
316.3777811687741,1.672596451685913
316.3652549302261,1.673316355704221
316.34742753592616,1.6741846591301583
316.32205553650306,1.6752342661903614
316.2859460547407,1.6765062984375947
316.2345549877089,1.678052545136612
316.1614151680346,1.679938811845125
316.05732252302215,1.6822495744013373
315.9091778163167,1.685094573835588
315.69833821464545,1.688618374743615
315.3982712376223,1.693014590638145
314.97121585914846,1.698547728690174
314.36343058701306,1.7055880036461533
313.49843052997556,1.71466930815801
312.26736239209396,1.7265908107657282
310.8531490668012,1.7395666860518362
309.4389357222734,1.7522095300554192
308.024722369504,1.7647661272524933
306.6105090150046,1.7773872292779203
305.1962956632577,1.7901708414306565
303.7820823175258,1.8031772929499237
302.36786898011667,1.8164307310447498
300.953655652285,1.8299106738455253
299.5394423337996,1.8435331915773654
298.1252290221579,1.8571195317927087
296.71101571152275,1.8703502209495668
295.2968023918137,1.8827059223543596
293.88258904913346,1.8934017166524595
292.4683756697212,1.9013164101280204
291.05416225076317,1.904857636817633
289.6399488280662,1.9014231293302628
288.39249636114,1.8874362021073205
287.6853906586228,1.865834715167772
287.56277908297307,1.857190186145448
287.5202580188326,1.8521147447904962
287.5055121770763,1.849394299984066
287.49528528635415,1.8463497536938989
287.49174004896287,1.8439839251056558
287.49144127506224,1.8433980472818772
287.49139033040893,1.8431932864837393
287.4913730503928,1.8430699567583648
287.49136760094126,1.8430021909034067
287.4913651300537,1.8429220017953285
287.49136527963356,1.8429160455578442
287.4913675449424,1.8428381010422425
287.49137419626044,1.8427522913085297
287.49138445961876,1.8426746462177903
287.4913998129801,1.8425928368904994
287.4914225678005,1.8424995771215766
287.4914561255609,1.8423909824318887
287.4915054370183,1.8422632051432823
287.4915777392347,1.8421115697791304
287.4916836183117,1.8419313536911788
287.49183453184753,1.8417195437189493
287.49204953494586,1.841470062716173
287.49235574018815,1.8411749475483121
287.4927917386076,1.8408247953424464
287.4934124548525,1.8404084363388695
287.49429605898405,1.8399125499804616
287.49555380355406,1.8393212079506567
287.4973440238647,1.8386153246027694
287.4998920632244,1.8377719924796376
287.503518630631,1.836763676543538
287.50868015946673,1.8355572361600632
287.5160262460242,1.834112738838896
287.52648139603843,1.8323820256398458
287.5413613663717,1.830306986441666
287.5625387425149,1.827817507616024
287.5926785885046,1.8248290708776775
287.6355738239013,1.8212400206810577
287.6966225323236,1.8169285957273589
287.78350726697414,1.8117499656407707
287.9071618382873,1.8055337692173206
288.08314724613064,1.7980830770636858
288.33360990652756,1.7891763791074722
288.69006859991816,1.7785752147591034
289.1973808558544,1.7660415024677611
289.9011246608217,1.7517076687378064
290.8773583108401,1.735483784528299
292.23158987664686,1.7174269143126502
293.64580308339293,1.7022256616435592
295.06001638743436,1.6896681154154864
296.4742297571322,1.6791304547912358
297.88844317387725,1.6702255246104865
299.30265662558713,1.662697709403985
300.71687010386586,1.6563716997190792
302.1310836024617,1.6511244787908277
303.5452971163843,1.6468688984732807
304.9595106413785,1.6435441094305288
306.37372417359103,1.6411110919649208
307.78793770931463,1.6395531485626398
309.20215124468166,1.6388826781989216
310.616364775101,1.6391583700581513
312.0305782939314,1.6405253454230877
313.44479178861826,1.6433230888168944
314.8590052247503,1.6484900807046152
316.2732183628862,1.6619464333742933
316.36160652664194,1.6647751320297615
316.3922593141714,1.66653645130117
316.4028894796551,1.6676495899092494
316.40657570453357,1.6684428194086427
316.4072145553036,1.668797821583795
316.4072697660738,1.668870605473342
316.40728925536314,1.6689097498631025
316.4073032035908,1.6689580579190904
316.40730537302613,1.6689824528005233
316.4073060804096,1.6689904071916226
316.4073051219104,1.669008191624785
316.4073037414783,1.6690146363945242
316.40730302326193,1.669017989503561
316.4073019459373,1.669023019167269
316.40730032995043,1.669030563662683
316.4072979059701,1.6690418804057834
316.4072942699996,1.6690588555204078
316.40728853108243,1.6690751647615925
316.4072801306775,1.6690937717619714
316.4072678083482,1.6691164629327133
316.4072497447583,1.6691438046877878
316.40722329560225,1.6691766940818857
316.40718459820584,1.6692163202545505
316.40712800926565,1.669264120446364
316.40704528480865,1.6693218293958063
316.40692438191445,1.6693915488777566
316.406747708185,1.6694758280500013
316.4064895645677,1.6695777613074647
316.40611240861443,1.669700646252333
316.4055755857283,1.6698463670314132
316.40481152491304,1.6700192916457082
316.40372406053194,1.6702250759389394
316.40217632896713,1.6704704939571846
316.3999735456415,1.6707636965953419
316.3968384929491,1.6711145303012598
316.39237663464894,1.6715349346339266
316.3860264666528,1.6720394434097576
316.37698885625326,1.6726458225889203
316.3641264777044,1.6733758902633196
316.3458206889341,1.674256581746206
316.3197678384757,1.6753213486061274
316.28268936949013,1.6766120189402085
316.2299192398072,1.6781813045159397
316.15481673812656,1.6800962310042262
316.047930804035,1.6824429119274529
315.8958106882573,1.6853333242101187
315.6793132843334,1.6889151464437533
315.3711941230794,1.6933864326077899
314.9326788759471,1.6990182033707932
314.30858391869583,1.7061905596359344
313.42037191781975,1.715453032904545
312.15626854163713,1.7276307937005437
310.74205521421567,1.7405678085549807
309.3278418687321,1.7531966437171969
307.9136285156254,1.7657537031482362
306.4994151611991,1.7783845642005818
305.0852018098197,1.7911839509673833
303.67098846467036,1.8042094335596062
302.25677512798393,1.8174820846589577
300.84256180091853,1.8309772667003537
299.42834848309764,1.8446049171987664
298.0141351717972,1.8581770841283365
296.59992186087226,1.8713608742614638
295.1857085398974,1.8836184930967015
293.7714951947784,1.8941413338535065
292.3572818121031,1.9017779127752583
290.943068390715,1.904886337826151
289.52885497201623,1.9007239417702957
288.3924965529838,1.887436197352272
287.68539085078373,1.8658347256459011
287.5627792751328,1.8571902046301458
287.520258210989,1.8521147747104374
287.50551236922627,1.849394343331855
287.49528547847444,1.8463498371909048
287.49174024086767,1.8439841975663924
287.49144146611883,1.8433986509281306
287.4913905181331,1.843194315460911
287.4913732264714,1.8430717028250065
287.4913677530806,1.8430047375508567
287.4913651775119,1.842926454514815
287.49136536385674,1.8429178295302515
287.4913674990625,1.8428390052838632
287.491374234462,1.842751908180556
287.49138450459145,1.842674331575963
287.4913998594451,1.8425926225061575
287.4914226145608,1.8424994121427702
287.4914561725497,1.842390848153804
287.4915054841908,1.8422630959029171
287.4915777865274,1.8421114807133803
287.4916836656777,1.8419312801276995
287.49183457926733,1.8417194830130592
287.4920495824011,1.8414700123614358
287.4923557876676,1.8411749056265667
287.49279178610374,1.8408247603563137
287.49341250236023,1.840408407082669
287.49429610649986,1.8399125254829227
287.49555385107556,1.8393211874135946
287.49734407139016,1.838615307370823
287.4998921107527,1.8377719780081638
287.5035186781612,1.8367636643819756
287.50868020699835,1.8355572259316102
287.51602629355676,1.8341127302314564
287.52648144357175,1.8323820183910229
287.5413614139055,1.830306980333214
287.5625387900491,1.8278175024653227
287.59267863603907,1.8248290665318019
287.63557387143595,1.821240017013277
287.69662257985834,1.8169285926315264
287.783507314509,1.8117499630284404
287.90716188582223,1.8055337670153007
288.0831472936656,1.7980830752110606
288.3336099540626,1.789176377554113
288.6900686474532,1.7785752134636241
289.19738090338944,1.7660415013961401
289.90112470835675,1.751707667857958
290.87735835837515,1.7354837838154475
292.2315899241819,1.7174269137469311
293.64580313092796,1.7022256611814934
295.0600164349694,1.689668115030012
296.4742298046673,1.6791304544661934
297.88844322141233,1.6702255243354798
299.3026566731222,1.6626977091719872
300.71687015140094,1.656371699525165
302.13108364999675,1.651124478631522
303.5452971639194,1.6468688983461877
304.95951068891355,1.6435441093338843
306.3737242211261,1.6411110918978848
307.7879377568497,1.639553148525033
309.20215129221674,1.638882678191784
310.61636482263606,1.6391583700845653
312.0305783414665,1.6405253454902837
313.44479183615334,1.6433230889422494
314.8590052722854,1.6484900809434815
316.2732184104213,1.6619464345477777
316.36160657417696,1.6647751341470287
316.39225936170595,1.6665364551031918
316.4028895271881,1.6676495970559713
316.4065757520582,1.6684428372086502
316.40721460277655,1.6687978721999746
316.40726981341993,1.6688706863158504
316.4072893023563,1.6689098652433465
316.4073032488284,1.6689582863623975
316.4073054115302,1.6689829334508137
316.4073061145606,1.668990945490101
316.4073050579318,1.6690098986528765
316.40730354725963,1.6690163436460232
316.4073028214071,1.6690194403568226
316.40730173262824,1.6690240854231746
316.4073002564077,1.6690365701201042
316.40729777925657,1.6690470884110573
316.40729429239724,1.6690618940481605
316.4072887917674,1.6690745541737328
316.4072808443084,1.6690928458662957
316.4072688384962,1.6691147673026376
316.40725125116495,1.6691416924415448
316.4072254970463,1.6691741780788805
316.4071878143627,1.6692132967641389
316.4071327076508,1.6692604741675967
316.40705214841785,1.6693174279720013
316.40693440846195,1.6693862320249582
316.40676235513695,1.669469401037101
316.40651096099657,1.6695699876794525
316.40614366467315,1.6696912445685421
316.4056208740105,1.669835029579189
316.4048767838559,1.670005650364161
316.4038177417214,1.670208684334916
316.4023104607021,1.6704508106091844
316.4001652465988,1.670740064494798
316.3971121264314,1.6710861509106614
316.3927668745107,1.671500835135483
316.3865826607258,1.6719984350777741
316.3777812363743,1.6725964474468742
316.3652549978265,1.6733163521156325
316.3474276035267,1.6741846560858238
316.3220556041037,1.6752342636014381
316.28594612234144,1.6765062962300683
316.2345550553097,1.6780525432480493
316.1614152356354,1.6799388102232822
316.057322590623,1.6822495730022151
315.9091778839176,1.685094572621804
315.69833828224637,1.6886183736838405
315.3982713052232,1.6930145897054847
314.9712159267494,1.698547727861349
314.363430654614,1.7055880029007093
313.4984305975765,1.714669307477252
312.2673624596949,1.7265908101314948
310.85314913440214,1.7395666854420289
309.43893578987434,1.7522095294546207
308.0247224371049,1.764766126651706
306.6105090826055,1.7773872286713666
305.1962957308586,1.7901708408146044
303.7820823851267,1.803177292322333
302.3678690477176,1.8164307304054423
300.95365571988594,1.8299106731967791
299.53944240140055,1.8435331909251225
298.1252290897588,1.8571195311485047
296.71101577912367,1.87035022033296
295.2968024594146,1.882705921795953
293.8825891167344,1.893401716197179
292.46837573732216,1.9013164098390636
291.05416231836415,1.904857636787313
289.6399488956672,1.9014231297320463
288.39249634444735,1.8874362017945856
287.6853906419301,1.8658347142528746
287.5627790662805,1.857190184539723
287.5202580021403,1.8521147421918702
287.50551216038457,1.849394296218592
287.49528526966503,1.8463497464411338
287.49174003229245,1.8439839014324186
287.4914412584656,1.8433979948132868
287.49139031410294,1.843193196926313
287.4913730351098,1.84306980426977
287.49136758778855,1.8430019674199838
287.4913651263662,1.8429216079522606
287.49136528278837,1.8429154553594833
287.4913675684742,1.8428376485416718
287.49137421605144,1.8427521052008016
287.49138447902135,1.8426745394101312
287.4913998322322,1.8425927525197998
287.4914225871964,1.8424995071621666
287.4914561450893,1.8423909260745006
287.49150545662684,1.842263159801473
287.4915777588913,1.8421115327865856
287.4916836379987,1.8419313231155672
287.4918345515569,1.8417195184872623
287.49204955466996,1.8414700417869132
287.4923557599223,1.8411749301222717
287.4927917583487,1.8408247808010516
287.4934124745984,1.8404084241784886
287.4942960787333,1.8399125397979321
287.49555382330567,1.8393211994138612
287.49734404361794,1.8386153174411959
287.4998920829788,1.8377719864646715
287.5035186503862,1.836763671489229
287.5086801792225,1.835557231908726
287.51602626578034,1.8341127352611508
287.5264814157949,1.8323820226268954
287.54136138612836,1.8303069839027752
287.56253876227174,1.8278175054753392
287.59267860826156,1.8248290690714126
287.6355738436584,1.8212400191567293
287.6966225520807,1.8169285944405407
287.7835072867313,1.8117499645550663
287.9071618580445,1.8055337683020811
288.0831472658878,1.7980830762935718
288.33360992628474,1.789176378461847
288.69006861967534,1.7785752142206608
289.1973808756116,1.7660415020223832
289.9011246805789,1.7517076683721184
290.8773583305973,1.735483784232019
292.23158989640405,1.7174269140775267
293.6458031031501,1.7022256614515245
295.06001640719154,1.689668115255262
296.4742297768894,1.6791304546561538
297.88844319363443,1.670225524496196
299.3026566453443,1.6626977093075404
300.71687012362304,1.6563716996384634
302.13108362221885,1.6511244787246202
303.54529713614147,1.6468688984204458
304.95951066113565,1.6435441093903682
306.3737241933482,1.6411110919370608
307.7879377290718,1.6395531485470112
309.20215126443884,1.638882678195944
310.61636479485816,1.6391583700691132
312.0305783136886,1.640525345451017
313.44479180837544,1.6433230888689856
314.8590052445075,1.6484900808038614
316.2732183826434,1.6619464338621164
316.3616065463991,1.664775132909609
316.3922593339284,1.6665364528814137
316.40288949941146,1.6676495928796604
316.4065757242865,1.6684428268049156
316.407214575035,1.6687978426219534
316.4072697857525,1.6688706390744574
316.40728927489533,1.6689097977968705
316.40730322239455,1.6689581527907134
316.40730538905336,1.6689826517068853
316.40730609464197,1.668990629961586
316.40730509646227,1.6690088903248765
316.4073036636814,1.6690153351844952
316.40730294217457,1.6690185806284665
316.40730185991436,1.669023448794436
316.407300236524,1.669030751043407
316.40729793688934,1.6690462203307446
316.407294207634,1.6690594721625778
316.40728879048163,1.6690741142884076
316.4072808360082,1.6690922441662914
316.4072691538002,1.6691141897036603
316.4072520268795,1.6691406256398507
316.40722694769613,1.6691725021438746
316.40719025240276,1.6692109705293432
316.4071365886605,1.6692574201844756
316.40705813769404,1.6693135351990858
316.40694347776196,1.669381358222213
316.40677592392007,1.6694633676536723
316.4065311027508,1.6695625726601189
316.4061734083147,1.6696821808792799
316.40566428311,1.6698240204541341
316.4049396416777,1.6699923393113278
316.40390827899495,1.6701926362247501
316.40244039139475,1.6704314957918331
316.4003512420248,1.6707168387142113
316.39737791320283,1.6710582299641519
316.3931462203411,1.671467262813451
316.38712362382546,1.6719580423740168
316.3785522131891,1.672547800288306
316.36635333018035,1.673257683783424
316.3489918283059,1.674113778991333
316.3242828870085,1.6751484528152714
316.28911706960065,1.6764021338190966
316.23906902571326,1.677925707330444
316.167840596619,1.6797837846280128
316.06646824272775,1.6820592404671793
315.9221950544004,1.6848596329808903
315.7168653977456,1.688326491503957
315.42464017453455,1.6926491096787948
315.00874518014814,1.698085672713246
314.4168433666895,1.7049968267153128
313.5744486480292,1.7139013789277
312.3755524275728,1.7255735173339448
310.9613391044773,1.7385898518196399
309.54712576094005,1.751247750146263
308.1329124085368,1.7638047724311874
306.7186990539924,1.776416944974213
305.30448570190686,1.7891855519661093
303.89027235562145,1.802173617022075
302.47605901751615,1.815408231706461
301.06184568893724,1.8288728507461272
299.6476323697904,1.8424893318074922
298.23341905778216,1.8560876088831266
296.8192057473694,1.8693609228784016
295.40499242880884,1.8818075189355248
293.99077908841707,1.8926651456745764
292.57656571215483,1.9008414280779564
291.1623522957383,1.904789642485046
289.7481388700676,1.9020307511539678
288.3924967649803,1.8874361924389669
287.68539106257816,1.8658347372892348
287.5627794869259,1.8571902250037269
287.52025842277845,1.852114807686423
287.5055125810085,1.8493943911084911
287.49528569022397,1.8463499292157484
287.49174045237976,1.843984497792527
287.4914416766982,1.8433993153684654
287.49139072506625,1.843195445458155
287.49137342083986,1.8430736079588392
287.4913679221568,1.8430074947548118
287.49136523995406,1.8429311933544792
287.491365478635,1.842917828845425
287.4913675305355,1.8428384034351026
287.4913743615322,1.842750695820943
287.49138463823266,1.8426735113180865
287.49139999446356,1.8425920163609684
287.4914227505481,1.84249892646794
287.49145630935294,1.842390455621685
287.4915056215347,1.8422627779891316
287.4915779242171,1.8421112215460613
287.49168380358003,1.8419310659710302
287.4918347173263,1.8417193062896748
287.4920497205631,1.8414698657683939
287.49235592590014,1.8411747835907348
287.4927919243849,1.8408246585005696
287.4934126406751,1.8404083219103944
287.49429624483827,1.8399124541600047
287.4955539894304,1.8393211276214532
287.4973442097565,1.838615257200194
287.4998922491271,1.837771935875983
287.5035188165413,1.8367636289742317
287.50868034538246,1.83555719615397
287.5160264319437,1.8341127051715418
287.5264815819607,1.8323819972868867
287.5413615522959,1.8303069625488462
287.56253892844046,1.827817487468853
287.59267877443114,1.824829053879826
287.63557400982853,1.821240006334913
287.69662271825126,1.8169285836181133
287.78350745290214,1.811749955423064
287.90716202421555,1.8055337606041384
288.08314743205904,1.7980830698173904
288.33361009245607,1.7891763730317853
288.6900687858468,1.7785752096920828
289.1973810417831,1.7660414982761905
289.90112484675046,1.7517076652963937
290.87735849676886,1.735483781740004
292.2315900625756,1.7174269120998575
293.64580326932173,1.7022256598362222
295.06001657336316,1.6896681139077212
296.47422994306106,1.6791304535198903
297.8884433598061,1.6702255235348344
299.30265681151604,1.66269770849647
300.71687028979477,1.656371698960554
302.1310837883906,1.6511244781677437
303.5452973023132,1.646868897976073
304.9595108273074,1.6435441090526446
306.37372435951994,1.6411110917026734
307.78793789524354,1.6395531484154837
309.20215143061057,1.6388826781709933
310.6163649610299,1.6391583701615238
312.0305784798603,1.6405253456859605
313.4447919745472,1.6433230893071509
314.85900541067923,1.6484900816389079
316.273218548815,1.661946437964697
316.36160671257045,1.6647751403102549
316.3922595000982,1.6665364661730924
316.40288966557597,1.667649617865125
316.40657589042155,1.668442889031121
316.4072147409894,1.6687980196168852
316.4072699512625,1.6688709219903168
316.4072894391655,1.6689102019089204
316.4073033804526,1.6689589564207767
316.40730552259475,1.6689843704299478
316.40730533189424,1.6689922470269718
316.4073042476117,1.669009428627062
316.40730248574266,1.6690244773923504
316.40729967768755,1.6690392705699244
316.40729547013314,1.6690550398255088
316.40728923730194,1.6690730117448036
316.40728005094746,1.6690939481486295
316.40726655693214,1.6691186018316362
316.4072467757602,1.669147872481462
316.4072178138541,1.66918282663055
316.40717544305704,1.669224732642787
316.4071134861291,1.6692751114777036
316.40702291885856,1.6693357955980919
316.40689055833406,1.6694089988333762
316.406697146721,1.6694974011192043
316.40641455077196,1.6696038451536228
316.40601230542035,1.669729964286938
316.40543977515864,1.6698795147637797
316.40462489695653,1.6700573618954961
316.40346510999564,1.670269321563182
316.4018144494297,1.6705223778179823
316.3994651778857,1.6708249492893603
316.39612164338615,1.6711872194347202
316.39136307392494,1.6716215501116962
316.38459062669455,1.6721430043324619
316.3749520285369,1.6727700131497885
316.3612343242264,1.6735252347355596
316.3417112358218,1.674436672616622
316.31392592449123,1.6755391477912118
316.27438181713967,1.6768762608880827
316.21810259086203,1.6785030436412298
316.1380059428162,1.6804895973660383
316.02401233950667,1.6829261738671288
315.86177658876795,1.685930414871283
315.6308826130212,1.6896579120343056
315.30227425059417,1.694318042360005
314.83459877220855,1.7001985043994643
314.16900297375093,1.7077048387738443
313.2217269757465,1.7174270619466259
311.8735637193424,1.7302581390955951
310.4593503870364,1.7431075630948614
309.04513703938534,1.755706977674933
307.6309236855895,1.7682691167139777
306.21671033146765,1.7809273755716752
304.8024969811103,1.7937684675605972
303.3882836375047,1.806842942617973
301.97407030268914,1.8201637842890952
300.5598569775631,1.833695223871978
299.1456436613566,1.8473306784280772
297.73143035075145,1.8608574561476479
296.31721703879305,1.8739068155787497
294.90300371419295,1.8858921419842374
293.4887903624752,1.8959426377091508
292.0745769714313,1.9028260866694908
290.6603635448859,1.9047600124706405
289.24615014165727,1.8985645741630486
288.3924965614731,1.887436196489745
287.68539086014,1.8658347260108568
287.56277928448895,1.8571902055305345
287.520258220345,1.8521147761672792
287.5055123785819,1.8493943454422315
287.49528548782865,1.8463498412564743
287.49174025021136,1.8439842108377547
287.4914414754213,1.8433986802987485
287.49139052727395,1.8431943654576162
287.49137323505136,1.843071787393027
287.49136776051864,1.8430048604553446
287.491365180036,1.8429266678880922
287.49136536952943,1.8429178294969195
287.4913675005507,1.8428389769887819
287.49137424048223,1.8427518500088942
287.4913845109593,1.8426742925276582
287.4913998658708,1.8425925936443468
287.4914226210313,1.842499388933371
287.49145617906044,1.84239082945123
287.4915054907268,1.8422630807353104
287.4915777930801,1.8421114683631366
287.49168367224064,1.841931269932617
287.4918345858377,1.8417194745998642
287.4920495889764,1.841470005385129
287.49235579424624,1.8411748998194866
287.4927917926847,1.840824755508396
287.4934125089428,1.8404084030300392
287.4942961130836,1.8399125220884278
287.49555385766,1.8393211845661566
287.49734407797513,1.8386153049830563
287.49989211733805,1.8377719760033218
287.50351868474684,1.8367636626970238
287.50868021358417,1.8355572245146783
287.5160263001427,1.834112729038587
287.52648145015775,1.832382017386553
287.54136142049157,1.8303069794868225
287.5625387966352,1.8278175017515896
287.5926786426252,1.8248290659298685
287.6355738780221,1.8212400165051121
287.6966225864445,1.8169285922024585
287.78350732109516,1.811749962666658
287.9071618924084,1.805533766710227
288.08314730025177,1.7980830749543129
288.33360996064874,1.7891763773389493
288.69006865403935,1.778575213284149
289.1973809099756,1.766041501247659
289.9011247149429,1.75170766773606
290.8773583649613,1.7354837837166848
292.23158993076805,1.7174269136685532
293.6458031375141,1.7022256611174467
295.06001644155555,1.6896681149766122
296.47422981125345,1.679130454421164
297.8884432279985,1.670225524297364
299.30265667970843,1.6626977091398119
300.71687015798716,1.6563716994983002
302.131083656583,1.6511244786094728
303.5452971705056,1.646868898328551
304.9595106954998,1.6435441093205285
306.37372422771233,1.6411110918886016
307.78793776343593,1.639553148519803
309.20215129880296,1.6388826781907873
310.6163648292223,1.639158370088227
312.0305783480527,1.640525345499602
313.44479184273956,1.6433230889595833
314.8590052788716,1.6484900809765664
316.2732184170075,1.6619464347105488
316.3616065807632,1.6647751344402897
316.3922593682921,1.6665364556304156
316.4028895337741,1.6676495980463903
316.40657575864304,1.6684428396736544
316.40721460935424,1.6687978792072058
316.40726981998,1.6688706975207526
316.4072893088676,1.6689098812147223
316.4073032550945,1.6689583181364105
316.4073054168543,1.6689830004209543
316.4073061192765,1.6689910204535936
316.40730504843054,1.6690101406964046
316.4073035186728,1.6690165857225494
316.40730279184464,1.6690196479240065
316.4073017016024,1.6690242412261966
316.40730022361186,1.6690367331104123
316.4072977449727,1.669047220606271
316.40729425679535,1.6690619796103565
316.40728875696703,1.6690746344614311
316.40728080943455,1.669092921366762
316.4072688034073,1.6691148272865934
316.4072512159832,1.6691417411066523
316.4072254618072,1.6691742182090539
316.4071877790835,1.6692133299130074
316.4071326723441,1.669260501553786
316.40705211309245,1.6693174506075055
316.4069343731239,1.6693862507514128
316.4067623197902,1.6694694165388793
316.4065109256439,1.6695700005173755
316.4061436293166,1.6696912552731278
316.40562083865115,1.6698350384886145
316.40487674849464,1.6700056578049767
316.40381770635884,1.67020869056243
316.40231042533856,1.6704508158321754
316.40016521123465,1.6707400688825922
316.3971120910668,1.6710861546019753
316.39276683914574,1.6715008382461463
316.38658262536063,1.6719984377018395
316.377781201009,1.6725964496646348
316.3652549624611,1.6733163539929938
316.3474275681612,1.6741846576785286
316.32205556873816,1.6752342649556822
316.28594608697585,1.6765062973851312
316.23455501994414,1.6780525442359453
316.1614152002698,1.6799388110717484
316.0573225552574,1.682249573734201
315.9091778485519,1.6850945732567881
315.69833824688067,1.6886183742382999
315.3982712698575,1.6930145901934472
314.9712158913837,1.6985477282949821
314.3634306192483,1.7055880032907202
313.4984305622108,1.7146693078333997
312.2673624243292,1.7265908104632963
310.85314909903644,1.7395666857610534
309.43893575450863,1.7522095297689426
308.0247224017392,1.7647661269660144
306.6105090472398,1.7773872289886974
305.1962956954929,1.7901708411368817
303.782082349761,1.8031772926506728
302.3678690123519,1.8164307307398917
300.95365568452024,1.8299106735361657
299.53944236603485,1.8435331912663693
298.1252290543931,1.8571195314855238
296.71101574375797,1.870350220655549
295.2968024240489,1.8827059220880886
293.8825890813687,1.89340171643538
292.46837570195646,1.9013164099902666
291.05416228299845,1.9048576368032095
289.6399488603015,1.9014231295218833
288.3924963512285,1.8874362019214823
287.6853906487115,1.86583471462462
287.56277907306185,1.8571901851921973
287.52025800892153,1.8521147432475726
287.5055121671656,1.8493942977484852
287.495285276445,1.846349749387626
287.49174003906484,1.8439839110495768
287.491441265208,1.843398016131126
287.4913903207274,1.8431932332820948
287.491373041319,1.843069866175759
287.4913675931283,1.8430020583222846
287.4913651278366,1.84292176846136
287.49136528156276,1.842915692200421
287.49136755903623,1.8428378298876673
287.4913742081142,1.8427521793881327
287.4913844712653,1.842674582222791
287.4913998245292,1.8425927862930132
287.4914225794356,1.8424995351256954
287.4914561372762,1.8423909486323962
287.4915054487815,1.8422631779407665
287.4915777510267,1.842111547576703
287.491683630122,1.8419313353495586
287.49183454367125,1.8417195285822627
287.49204954677845,1.8414700501609178
287.49235575202675,1.84117493709474
287.49279175045035,1.8408247866191878
287.49341246669815,1.8404084290442984
287.49429607083175,1.8399125438723316
287.4955538154032,1.8393212028292572
287.4973440357148,1.8386153203061641
287.4998920750752,1.8377719888714819
287.5035186424823,1.836763673511641
287.50868017131836,1.8355572336094765
287.51602625787604,1.8341127366925871
287.52648140789046,1.8323820238320179
287.5413613782239,1.8303069849184905
287.5625387543672,1.8278175063318944
287.592678600357,1.8248290697939908
287.63557383575375,1.8212400197666168
287.696622544176,1.8169285949554044
287.78350727882656,1.8117499649894573
287.90716185013974,1.8055337686682629
288.08314725798306,1.7980830766016593
288.33360991838,1.7891763787201118
288.6900686117706,1.7785752144360711
289.19738086770684,1.7660415022005749
289.90112467267414,1.751707668518401
290.87735832269254,1.735483784350571
292.2315898884993,1.7174269141715914
293.64580309524536,1.7022256615283515
295.0600163992868,1.6896681153193875
296.4742297689846,1.6791304547102004
297.88844318572967,1.6702255245419024
299.30265663743955,1.6626977093461461
300.7168701157183,1.656371699670744
302.1310836143141,1.6511244787511117
303.5452971282367,1.6468688984415867
304.9595106532309,1.6435441094064216
306.37372418544345,1.6411110919482275
307.78793772116705,1.6395531485532584
309.2021512565341,1.6388826781971395
310.6163647869534,1.6391583700647279
312.0305783057838,1.6405253454398416
313.4447918004707,1.6433230888481383
314.85900523660274,1.648490080764155
316.27321837473863,1.6619464336670133
316.36160653849436,1.664775132557652
316.3922593260237,1.6665364522491428
316.402889491507,1.667649591691077
316.40657571638343,1.6684428238447875
316.40721456714056,1.6687978342049288
316.40726977787915,1.6688706256258043
316.4072892670807,1.668909778602459
316.40730321487183,1.6689581147924715
316.407305382643,1.6689825720527942
316.4073060889505,1.6689905407656456
316.4073051069018,1.669008607970665
316.40730369534646,1.6690150527937138
316.4073029751351,1.6690183411059851
316.4073018948181,1.669023273574422
316.40730027434256,1.6690306722771162
316.40729784362924,1.669041770331209
316.4072941975593,1.6690584174122447
316.40728847901966,1.6690751951290106
316.4072800774836,1.6690939125337276
316.4072677541305,1.6691165609119583
316.4072496903776,1.6691438779848524
316.4072232411595,1.6691767548026357
316.40718454370557,1.6692163707871168
316.4071279547234,1.6692641622140871
316.40704523023817,1.669321863911836
316.4069243273248,1.6693915774266492
316.4067476535823,1.6694758516828063
316.4064895099561,1.6695777808800436
316.406112353997,1.669700662572224
316.4055755311066,1.6698463806159731
316.4048114702885,1.6700193029897772
316.4037240059054,1.6702250854351484
316.4021762743392,1.6704705019213095
316.39997349101264,1.6707637032867924
316.39683843831955,1.671114535931161
316.39237658001895,1.671534939377407
316.3860264120225,1.6720394474122164
316.3769888016227,1.6726458259718262
316.3641264230737,1.6733758931278446
316.3458206343032,1.6742565841767076
316.3197677838447,1.6753213506733193
316.2826893148591,1.6766120207031558
316.2299191851762,1.6781813060246393
316.15481668349554,1.6800962323002713
316.0479307494039,1.6824429130460177
315.8958106336262,1.6853333251808214
315.67931322970225,1.6889151472917776
315.3711940684483,1.6933864333545763
314.9326788213159,1.699018204035015
314.30858386406464,1.7061905602339298
313.42037186318856,1.715453033451402
312.15626848700595,1.7276307942108695
310.7420551595845,1.740567809046809
309.3278418141009,1.753196644202521
307.91362846099423,1.7657537036340099
306.49941510656794,1.7783845646912795
305.0852017551885,1.7911839514659245
303.6709884100392,1.8042094340675683
302.25677507335274,1.817482085176347
300.84256174628734,1.830977267225094
299.42834842846645,1.8446049177257753
298.014135117166,1.8581770846478627
296.59992180624107,1.8713608747571047
295.1857084852662,1.8836184935428952
293.77149514014724,1.8941413342129048
292.3572817574719,1.9017779129955446
290.9430683360838,1.9048863378297307
289.52885491738505,1.900723941406918
288.3924965404995,1.887436197116764
287.6853908382998,1.8658347249614635
287.5627792626489,1.8571902034295482
287.52025819850536,1.8521147727666945
287.505512356743,1.84939434051535
287.4952854659931,1.846349831766555
287.4917402284003,1.8439841798707588
287.49144145370656,1.8433986117280896
287.4913905059365,1.8431942487215869
287.491373215024,1.8430715899149244
287.4913677431704,1.8430045729864863
287.4913651741561,1.8429261698033175
287.4913653562357,1.842917829575359
287.49136750811886,1.842838797567776
287.4913742421714,1.842751833840319
287.4913845118793,1.8426742942715377
287.4913998665796,1.8425925918773343
287.4914226217467,1.8424993860823449
287.49145617978985,1.8423908272620095
287.49150549145975,1.8422630790554377
287.4915777938147,1.8421114670060539
287.4916836729762,1.84193126879099
287.4918345865741,1.8417194736588969
287.4920495897133,1.8414700046026269
287.49235579498355,1.8411748991705565
287.49279179342227,1.8408247549653747
287.4934125096805,1.8404084025753233
287.4942961138214,1.8399125217078094
287.49555385839795,1.839321184248059
287.4973440787131,1.8386153047155327
287.49989211807605,1.8377719757784927
287.5035186854849,1.836763662507626
287.5086802143222,1.8355572243558473
287.51602630088075,1.8341127289051158
287.5264814508958,1.8323820172737544
287.5413614212296,1.8303069793917022
287.56253879737324,1.8278175016716038
287.59267864336323,1.8248290658622959
287.63557387876017,1.821240016448153
287.69662258718256,1.8169285921544576
287.7835073218332,1.8117499626259579
287.90716189314645,1.8055337666760052
288.0831473009898,1.7980830749255423
288.3336099613868,1.7891763773147855
288.6900686547774,1.7785752132639685
289.19738091071366,1.7660415012310415
289.90112471568096,1.7517076677223962
290.87735836569937,1.7354837837056114
292.2315899315061,1.7174269136597782
293.6458031382522,1.7022256611102913
295.0600164422936,1.6896681149706034
296.4742298119915,1.6791304544161252
297.88844322873655,1.6702255242931048
299.3026566804465,1.6626977091362047
300.7168701587252,1.6563716994952857
302.131083657321,1.6511244786069978
303.54529717124365,1.646868898326606
304.9595106962378,1.6435441093190273
306.3737242284504,1.6411110918875464
307.787937764174,1.6395531485192194
309.202151299541,1.6388826781906698
310.61636482996033,1.6391583700886234
312.03057834879075,1.6405253455006499
313.4447918434776,1.6433230889615613
314.8590052796097,1.6484900809802994
316.27321841774557,1.6619464347287294
316.36160658150123,1.6647751344729584
316.39225936903017,1.666536455689212
316.4028895345121,1.6676495981568673
316.4065757593809,1.668442839950865
316.40721461009133,1.6687978799927268
316.4072698207151,1.668870698778286
316.40728930959716,1.6689098830104516
316.40730325579733,1.6689583216487627
316.4073054174457,1.6689830081469745
316.40730611979524,1.6689910291329246
316.40730504731397,1.6690101683981056
316.40730351525224,1.6690166134281843
316.4073027883085,1.669019671512622
316.40730169789293,1.6690242586393276
316.4073002197233,1.6690367525851422
316.4072977408693,1.6690472365805429
316.4072942525356,1.669061990040911
316.4072887527976,1.669074644107207
316.4072808052528,1.6690929302072273
316.4072687992036,1.669114834445437
316.4072512117683,1.6691417469475898
316.40722545758524,1.6691742230173423
316.40718777485677,1.6692133338830422
316.4071326681141,1.6692605048354883
316.40705210886017,1.6693174533207387
316.40693436889006,1.6693862529959276
316.40676231555534,1.6694694183971914
316.4065109214083,1.669570002056712
316.4061436250806,1.6696912565569972
316.4056208344148,1.6698350395566839
316.40487674425805,1.6700056586961212
316.40381770212207,1.670208691309481
316.40231042110173,1.6704508164577998
316.4001652069977,1.670740069407717
316.3971120868298,1.671086155044057
316.39276683490874,1.6715008386182957
316.38658262112364,1.671998438016052
316.37778119677193,1.672596449930277
316.36525495822406,1.6733163542180582
316.34742756392416,1.674184657869302
316.3220555645011,1.6752342651180343
316.2859460827388,1.676506297523341
316.23455501570703,1.6780525443543495
316.1614151960327,1.6799388111733933
316.05732255102026,1.6822495738218746
315.9091778443148,1.6850945733328688
315.69833824264356,1.6886183743046868
315.3982712656204,1.6930145902518385
314.97121588714657,1.6985477283469073
314.36343061501117,1.7055880033374016
313.4984305579737,1.7146693078760533
312.26736242009207,1.7265908105030348
310.85314909479933,1.7395666857992773
309.4389357502715,1.7522095298065854
308.0247223975021,1.7647661270036672
306.6105090430027,1.7773872290267188
305.1962956912558,1.7901708411755006
303.7820823455239,1.803177292689997
302.3678690081148,1.81643073077996
300.95365568028313,1.829910673576831
299.53944236179774,1.8435331913072375
298.125229050156,1.8571195315258908
296.71101573952086,1.8703502206941918
295.2968024198118,1.8827059221231173
293.88258907713157,1.893401716463892
292.46837569771935,1.9013164100083149
291.05416227876134,1.9048576368050774
289.6399488560644,1.9014231294966555
288.3924963469914,1.8874362018416255
287.68539064447447,1.8658347143922858
287.56277906882485,1.8571901847843146
287.52025800468465,1.8521147425880207
287.5055121629289,1.849394296792651
287.49528527220895,1.8463497475456092
287.4917400348335,1.8439839050388387
287.49144126099543,1.8433980028164392
287.49139031658854,1.8431932105696849
287.49137303744,1.843069827470302
287.4913675897909,1.8430020015696695
287.49136512691314,1.8429216682505356
287.49136528230196,1.8429155449439687
287.4913675648889,1.8428377171856865
287.4913742129964,1.8427521331495036
287.4913844760699,1.8426745560067972
287.4913998292922,1.8425927656605128
287.4914225842292,1.8424995177938852
287.49145614210454,1.8423909347160414
287.4915054536288,1.8422631666941722
287.4915777558866,1.8421115384575824
287.49168363498916,1.8419313277940095
287.4918345485439,1.8417195223427583
287.49204955165476,1.8414700449848622
287.49235575690557,1.8411749327872147
287.49279175533087,1.8408247830230045
287.49341247157986,1.8404084260361038
287.49429607571426,1.839912541354676
287.49555382028626,1.839321200719
287.49734404059825,1.8386153185354284
287.49989207995895,1.8377719873837763
287.5035186473662,1.836763672261847
287.50868017620246,1.8355572325582945
287.51602626276025,1.8341127358084428
287.5264814127748,1.832382023087454
287.5413613831082,1.8303069842907944
287.56253875925154,1.8278175058026374
287.59267860524136,1.824829069347671
287.63557384063813,1.821240019389666
287.69662254906046,1.8169285946373033
287.78350728371106,1.8117499647210813
287.90716185502424,1.805533768441984
288.08314726286756,1.7980830764113036
288.3336099232645,1.789176378560505
288.6900686166551,1.7785752143029234
289.19738087259134,1.7660415020904505
289.90112467755864,1.7517076684280042
290.87735832757704,1.7354837842773403
292.2315898933838,1.717426914113489
293.64580310012985,1.702225661480872
295.0600164041713,1.6896681152797863
296.4742297738691,1.679130454676796
297.88844319061417,1.670225524513665
299.30265664232405,1.6626977093222954
300.7168701206028,1.6563716996507953
302.1310836191986,1.651124478734737
303.5452971331212,1.6468688984285396
304.9595106581154,1.6435441093965095
306.37372419032795,1.6411110919413237
307.78793772605155,1.639553148549404
309.2021512614186,1.6388826781964028
310.6163647918379,1.6391583700674348
312.0305783106683,1.6405253454467508
313.4447918053552,1.6433230888610082
314.85900524148724,1.648490080788724
316.27321837962313,1.6619464337876015
316.36160654337885,1.6647751327753402
316.39225933090813,1.6665364526398712
316.4028894963913,1.667649592425326
316.40657572126685,1.6684428256743276
316.4072145720187,1.6687978394038114
316.4072697827442,1.6688706339380641
316.40728927190935,1.6689097904821062
316.40730321952054,1.6689581382503862
316.40730538660483,1.6689826212468104
316.4073060924682,1.6689905958564486
316.4073051005171,1.6690087816318364
316.4073036759395,1.6690152264772644
316.40730295492733,1.6690184883648973
316.4073018734091,1.669023381196459
316.4073002511317,1.66903072044395
316.4072979513105,1.6690461578504663
316.4072942232948,1.6690594178939309
316.4072888063799,1.669074074085592
316.4072808519819,1.6690922113830888
316.4072691698302,1.6691141625231465
316.40725204295063,1.6691406032026468
316.4072269637948,1.6691724836104949
316.40719026852025,1.669210955216614
316.4071366047908,1.669257407531968
316.40705815383313,1.66931352473492
316.40694349390697,1.6693813495588739
316.40677594006917,1.6694633604792584
316.4065311189027,1.6695625667181564
316.4061734244684,1.6696821759241538
316.405664299265,1.6698240163312545
316.4049396578336,1.6699923358681368
316.4039082951515,1.670192633341799
316.4024404075517,1.6704314933740787
316.400351258182,1.6707168366833889
316.3973779293603,1.6710582282556334
316.39314623649875,1.6714672613745323
316.3871236399832,1.6719580411598316
316.37855222934695,1.6725477992622553
316.36635334633826,1.6732576829149508
316.34899184446385,1.6741137782544422
316.3242829031665,1.6751484521890632
316.2891170857586,1.6764021332850607
316.2390690418713,1.6779257068737006
316.16784061277707,1.679783784235955
316.06646825888583,1.682059240129082
315.9221950705585,1.6848596326877376
315.7168654139037,1.6883264912481577
315.4246401906926,1.6926491094538114
315.0087451963062,1.698085672513436
314.41684338284756,1.7049968265357864
313.5744486641873,1.713901378763972
312.3755524437309,1.725573517181683
310.9613391206354,1.7385898516736136
309.54712577709813,1.751247750002564
308.1329124246949,1.7638047722876653
306.7186990701505,1.7764169448293865
305.30448571806494,1.7891855518190556
303.89027237177953,1.802173616872282
302.47605903367423,1.8154082315538538
301.0618457050953,1.8288728505911869
299.6476323859485,1.842489331651572
298.23341907394024,1.856087608728886
296.81920576352746,1.8693609227302515
295.4049924449669,1.88180751880064
293.99077910457515,1.8926651455634387
292.5765657283129,1.9008414280051844
291.16235231189637,1.9047896424719126
289.74813888622566,1.902030751239556
288.3924967389915,1.8874361919500826
287.6853910365896,1.8658347358646261
287.56277946093746,1.857190222504109
287.5202583967905,1.8521148036402237
287.5055125550214,1.849394385245586
287.4952856642409,1.8463499179248548
287.49174042642585,1.8439844609583347
287.4914416508586,1.843399233883782
287.4913906996727,1.8431953070056626
287.4913733969732,1.8430733752318234
287.49136790133946,1.8430071589168373
287.4913652317331,1.8429306214830585
287.4913654660055,1.8429178289206987
287.491367526065,1.842838492602428
287.4913743456801,1.8427508446060057
287.491384621723,1.8426736112692605
287.4913999778068,1.8425920910544553
287.4914227337664,1.8424989864116212
287.49145629247016,1.8423905040738484
287.4915056045849,1.842262817210969
287.4915779072246,1.8421112535089779
287.49168378656145,1.8419310923994343
287.49183470028834,1.8417193280973343
287.49204970351246,1.8414698838598311
287.49235590884075,1.8411747986511462
287.49279190731954,1.8408246710717506
287.4934126236056,1.8404083324222555
287.49429622776586,1.8399124629626649
287.49555397235594,1.839321135000068
287.4973441926806,1.838615263391174
287.49989223205023,1.8377719410748294
287.50351879946373,1.8367636333434174
287.5086803283044,1.8355571998291074
287.5160264148653,1.834112708263929
287.526481564882,1.8323819998913922
287.541361535217,1.8303069647434358
287.56253891136146,1.827817489319616
287.5926787573521,1.824829055441171
287.6355739927494,1.8212400076528208
287.69662270117215,1.816928584730327
287.783507435823,1.811749956361683
287.90716200713644,1.805533761395412
288.0831474149799,1.7980830704830568
288.33361007537695,1.7891763735898927
288.6900687687676,1.7785752101575356
289.19738102470393,1.7660414986612427
289.9011248296713,1.7517076656125155
290.8773584796897,1.7354837819961526
292.23159004549643,1.71742691230313
293.64580325224256,1.7022256600022159
295.060016556284,1.6896681140462388
296.4742299259819,1.6791304536366813
297.88844334272693,1.6702255236336385
299.30265679443687,1.6626977085798211
300.7168702727156,1.6563716990302133
302.1310837713114,1.6511244782249823
303.545297285234,1.646868898021756
304.9595108102282,1.643544109087348
306.37372434244077,1.641111091726755
307.78793787816437,1.6395531484289971
309.2021514135314,1.6388826781735681
310.6163649439507,1.6391583701520567
312.03057846278114,1.6405253456617797
313.444791957468,1.6433230892621054
314.85900539360006,1.6484900815530747
316.27321853173584,1.6619464375428916
316.3616066954913,1.6647751395496884
316.3922594830192,1.666536464806673
316.40288964849753,1.6676496152974498
316.4065758733462,1.6684428826363669
316.4072147239326,1.6687980014160184
316.4072699342515,1.6688708928872784
316.40728942228264,1.6689101602843868
316.40730336421615,1.6689588732839014
316.40730550897814,1.6689841898193376
316.4073053327184,1.6689917727057682
316.40730428718956,1.6690089542393796
316.40730252873544,1.6690242109495284
316.4072997205074,1.6690390989825439
316.40729551302667,1.6690549047519492
316.4072892805413,1.6690729020062876
316.4072800944524,1.669093859933972
316.40726660059914,1.66911853052104
316.40724681953026,1.669147814327165
316.40721785769256,1.6691827789539309
316.40717548694136,1.6692246934376758
316.40711353004434,1.6692750791754745
316.4070229627947,1.6693357689391055
316.4068906022844,1.669408976806504
316.40669719068103,1.6694973828990511
316.40641459473824,1.669603829971312
316.4060123493912,1.6697299516602637
316.40543981913254,1.6698795042279317
316.4046249409326,1.6700573530807468
316.4034651539732,1.6702693141754206
316.40181449340827,1.6705223716156359
316.399465221865,1.6708249440758018
316.39612168736596,1.671187215045529
316.3913631179051,1.6716215464117987
316.3845906706749,1.672143001208989
316.37495207251743,1.6727700105086913
316.3612343682071,1.6735252324982617
316.34171127980255,1.6744366707176177
316.31392596847206,1.675539146175086
316.27438186112056,1.6768762595089513
316.2181026348429,1.6785030424602148
316.1380059867971,1.6804895963506759
316.02401238348756,1.682926172989955
315.86177663274884,1.6859304141092775
315.6308826570021,1.6896579113677048
315.30227429457506,1.694318041771919
314.83459881618944,1.7001985038754173
314.1690030177318,1.7077048383007987
313.2217270197274,1.717427061512656
311.8735637633233,1.7302581386888698
310.4593504310173,1.743107562700538
309.0451370833662,1.7557069772845275
307.6309237295704,1.7682691163223458
306.21671037544854,1.7809273751755181
304.8024970250912,1.793768467157798
303.3882836814856,1.806842942207469
301.97407034667003,1.8201637838712337
300.55985702154396,1.8336952234487833
299.1456437053375,1.8473306780042624
297.73143039473234,1.860857455731952
296.31721708277394,1.8739068151857738
294.90300375817384,1.885892141636227
293.4887904064561,1.8959426374383428
292.0745770154122,1.902826086521122
290.6603635888668,1.9047600125135673
289.2461501856381,1.898564574545162
288.39249656330713,1.8874361965232869
287.68539086197427,1.865834726111343
287.56277928632323,1.8571902057067133
287.5202582221793,1.8521147764527086
287.5055123804161,1.8493943458564348
287.4952854896626,1.8463498420526276
287.49174025204326,1.8439842134326176
287.49144147724513,1.8433986860519362
287.491390529066,1.8431943752697346
287.4913732367332,1.843071804000886
287.49136776197696,1.8430048845633102
287.4913651805473,1.84292670937625
287.49136537063947,1.842917829487888
287.49136751159796,1.8428387320442365
287.49137425689224,1.8427516897196716
287.491384527526,1.842674197124427
287.491399882394,1.8425925208932794
287.4914226376695,1.8424993292905494
287.4914561958064,1.8423907812723428
287.4915055075404,1.8422630418405799
287.4915778099356,1.8421114366525422
287.49168368912206,1.84193124371411
287.4918346027383,1.8417194529678924
287.4920496058896,1.841469987437991
287.49235581116807,1.8411748848819491
287.49279180961247,1.8408247430391185
287.4934125258747,1.8404083926018453
287.49429613001837,1.8399125133570942
287.49555387459685,1.8393211772487263
287.4973440949134,1.838615298840957
287.4998921342773,1.837771970844673
287.50351870168674,1.8367636583622466
287.5086802305246,1.8355572208691124
287.51602631708346,1.8341127259709147
287.5264814670988,1.8323820148030783
287.5413614374328,1.8303069773097032
287.5625388135765,1.8278174999156342
287.5926786595666,1.8248290643810723
287.6355738949636,1.8212400151978652
287.69662260338606,1.8169285910991784
287.7835073380367,1.8117499617355661
287.90716190935,1.8055337659252666
288.0831473171934,1.7980830742941007
288.33360997759036,1.789176376785282
288.690068670981,1.7785752128224088
289.1973809269173,1.766041500865711
289.9011247318846,1.751707667422491
290.877358381903,1.735483783462621
292.2315899477097,1.7174269134669422
293.6458031544558,1.7022256609527877
295.0600164584972,1.6896681148392148
296.4742298281951,1.6791304543053307
297.88844324494016,1.6702255241993553
299.3026566966501,1.6626977090571455
300.71687017492883,1.6563716994291704
302.13108367352464,1.6511244785527148
303.54529718744726,1.6468688982832473
304.95951071244144,1.6435441092860734
306.373724244654,1.6411110918646998
307.7879377803776,1.6395531485063985
309.20215131574463,1.6388826781882675
310.61636484616395,1.639158370097661
312.03057836499437,1.6405253455235564
313.44479185968123,1.643323089004269
314.8590052958133,1.6484900810617085
316.2732184339492,1.6619464351287174
316.3616065977048,1.664775135194781
316.39225938523356,1.6665364569851793
316.402889550715,1.6676496005940402
316.4065757755809,1.6684428460175713
316.4072146262737,1.6687978972492994
316.4072698368542,1.6688707263506397
316.40728932561564,1.6689099223782136
316.4073032712138,1.6689583997625568
316.40730543052445,1.6689831736500307
316.40730613136367,1.6689912144164094
316.40730502294616,1.669010773573635
316.40730344234044,1.6690172186869208
316.40730271306626,1.6690201923916874
316.40730161915496,1.6690246529489188
316.4073001365,1.6690371627949339
316.4072976540047,1.6690475696236744
316.40729416240356,1.669062206708849
316.4072886646334,1.6690748476248092
316.40728071690404,1.6690931216844993
316.4072687103049,1.6691149862737162
316.4072511226363,1.669141870185181
316.40722536830776,1.6691743246389614
316.4071876854779,1.6692134178417453
316.4071325786657,1.6692605742028936
316.4070520193645,1.6693175106733986
316.4069342793622,1.6693863004419396
316.40676222600547,1.669469457670334
316.40651083184343,1.6695700345812088
316.4061435355059,1.6696912836763669
316.40562074483296,1.6698350621293865
316.4048766546714,1.6700056775455698
316.40381761253207,1.670208707087271
316.4023103315094,1.6704508296904987
316.4001651174038,1.6707400805247032
316.39711199723473,1.6710861643961576
316.3927667453129,1.6715008464975147
316.3865825315272,1.6719984446639489
316.3777811071751,1.6725964555484654
316.36525486862695,1.6733163589742972
316.3474274743268,1.6741846619043952
316.32205547490366,1.6752342685491204
316.28594599314124,1.6765063004491931
316.2345549261094,1.6780525468574337
316.161415106435,1.6799388133230249
316.0573224614226,1.682249575676436
315.9091777547171,1.685094574941596
315.6983381530459,1.688618375709282
315.3982711760227,1.693014591488021
314.97121579754884,1.698547729445385
314.36343052541343,1.7055880043254321
313.49843046837594,1.7146693087783773
312.26736233049434,1.7265908113436417
310.8531490052016,1.7395666866074504
309.4389356606738,1.7522095306028904
308.02472230790437,1.764766127799966
306.610508953405,1.777387229830678
305.19629560165805,1.7901708419920195
303.7820822559262,1.8031772935218056
302.36786891851705,1.8164307316273185
300.9536555906854,1.8299106744366707
299.5394422722,1.8435331921716496
298.1252289605583,1.8571195323796719
296.7110156499231,1.8703502215114292
295.29680233021406,1.8827059228632053
293.88258898753384,1.8934017170673463
292.46837560812156,1.9013164103913711
291.05416218916355,1.9048576368452537
289.6399487664666,1.9014231289642038
288.3924963416872,1.887436201740129
287.6853906391703,1.8658347141013936
287.5627790635207,1.857190184274239
287.52025799938053,1.8521147417617745
287.50551215762493,1.849394295596109
287.4952852669058,1.8463497452420055
287.49174002953634,1.843983897515793
287.49144125572167,1.8433979861339638
287.49139031140714,1.8431931821012526
287.49137303258317,1.8430697790445525
287.49136758560434,1.8430019308524224
287.4913651257593,1.842921542735494
287.4913652833992,1.8429153552423347
287.491367572455,1.8428375721263508
287.49137421938406,1.842752072717237
287.4913844823356,1.842674520857266
287.4913998355239,1.8425927381881235
287.49142259051024,1.842499495289354
287.49145614842536,1.8423909164928638
287.4915054599756,1.8422631520000512
287.4915777622491,1.8421115264713896
287.49168364136153,1.8419313178910715
287.4918345549236,1.8417195141777811
287.4920495580392,1.841470038213067
287.49235576329323,1.841174927145955
287.4927917617208,1.840824778316437
287.49341247797133,1.8404084221023838
287.4942960821068,1.839912538059608
287.4955538266796,1.8393211979556576
287.49734404699217,1.8386153162177346
287.49989208635327,1.837771985437075
287.5035186537608,1.8367636706258477
287.50868018259723,1.8355572311824515
287.51602626915513,1.8341127346501669
287.5264814191697,1.8323820221121294
287.54136138950327,1.830306983469068
287.56253876564665,1.8278175051095602
287.5926786116365,1.8248290687629063
287.6355738470333,1.8212400188963518
287.69662255545563,1.8169285942207858
287.78350729010623,1.8117499643695303
287.9071618614194,1.805533768145788
288.0831472692627,1.7980830761621083
288.33360992965964,1.7891763783515529
288.69006862305025,1.7785752141286377
289.1973808789865,1.7660415019462183
289.9011246839538,1.7517076683096482
290.8773583339722,1.735483784181405
292.23158989977895,1.7174269140373837
293.645803106525,1.7022256614187035
295.06001641056645,1.6896681152279058
296.4742297802643,1.6791304546330648
297.88844319700934,1.6702255244766562
299.3026566487192,1.6626977092910897
300.71687012699795,1.6563716996247129
302.13108362559376,1.6511244787132922
303.5452971395164,1.6468688984114248
304.95951066451056,1.6435441093835037
306.3737241967231,1.6411110919323146
307.7879377324467,1.6395531485443247
309.20215126781375,1.6388826781954577
310.61636479823306,1.6391583700709829
312.0305783170635,1.6405253454557933
313.44479181175035,1.6433230888778827
314.8590052478824,1.6484900808208383
316.2732183860183,1.6619464339454566
316.361606549774,1.6647751330600213
316.39225933730324,1.6665364531516285
316.4028895027862,1.6676495933867805
316.4065757276606,1.6684428280688448
316.40721457840544,1.6687978462136046
316.4072697891139,1.6688706448138677
316.4072892782318,1.6689098059726275
316.40730322560603,1.668958169025434
316.4073053917855,1.6689826858971826
316.4073060970642,1.6689906682586433
316.40730509190877,1.66900901184373
316.4073036499269,1.669015456719123
316.4073029278741,1.6690186839026748
316.407301844795,1.6690235246778733
316.40730022017624,1.669030785840668
316.40729792072153,1.6690462903659808
316.40729419008636,1.6690595329384776
316.4072887726682,1.6690741592964549
316.40728081811085,1.669092280898177
316.4072691358395,1.6691142201500249
316.407252008873,1.669140650789119
316.4072269296585,1.6691725229006449
316.40719023434417,1.6692109876788623
316.40713657058757,1.6692574343633264
316.4070581196114,1.6693135469265417
316.4069434596726,1.6693813679279739
316.4067759058262,1.6694633756866284
316.4065310846538,1.6695625793145548
316.40617339021566,1.6696821864303013
316.4056642650095,1.6698240250760428
316.4049396235761,1.6699923431691828
316.4039082608927,1.670192639454317
316.402440373292,1.6704314984997493
316.4003512239217,1.670716840988877
316.3973778950995,1.6710582318778857
316.39314620223763,1.6714672644256927
316.38712360572185,1.6719580437346657
316.37855219508543,1.6725478014379684
316.3663533120766,1.6732576847565146
316.34899181020216,1.674113779816484
316.32428286890473,1.6751484535169894
316.2891170514969,1.6764021344172506
316.2390690076095,1.6779257078421717
316.1678405785152,1.679783785067324
316.066468224624,1.6820592408460446
315.9221950362966,1.6848596333093298
315.71686537964183,1.6883264917906127
315.42464015643077,1.6926491099309002
315.00874516204436,1.6980856729370806
314.4168433485857,1.7049968269164208
313.5744486299254,1.71390137911116
312.37555240946904,1.725573517504558
310.9613390863735,1.7385898519832326
309.5471257428363,1.7512477503072317
308.13291239043303,1.7638047725920327
306.7186990358886,1.7764169451365026
305.3044856838031,1.7891855521309008
303.8902723375177,1.8021736171899052
302.4760589994124,1.8154082318774292
301.06184567083346,1.8288728509197107
299.64763235168664,1.8424893319821396
298.2334190396784,1.8560876090559368
296.8192057292656,1.8693609230443116
295.40499241070506,1.8818075190866246
293.9907790703133,1.8926651457991643
292.57656569405106,1.9008414281595138
291.1623522776345,1.904789642499545
289.7481388519638,1.9020307510581864
288.3924967468766,1.8874361920979852
287.6853910444745,1.8658347362968524
287.5627794688223,1.8571902232622588
287.52025840467525,1.8521148048679208
287.5055125629059,1.8493943870239211
287.49528567212417,1.8463499213493577
287.49174043430025,1.8439844721343963
287.4914416586983,1.843399258606936
287.491390707377,1.8431953490343127
287.4913734042139,1.8430734458749727
287.4913679076582,1.8430072606981165
287.4913652342202,1.8429307950930423
287.4913654698831,1.8429178288968084
287.49136755412195,1.842837898314212
287.49137438584256,1.8427504588049874
287.4913846622838,1.842673378203615
287.4914000183053,1.8425919125738999
287.4914227745526,1.8424988401283366
287.4914563335217,1.8423903860111082
287.4915056458007,1.842262721816349
287.49157794854364,1.8421111757656625
287.4916838279441,1.841931028143533
287.491834741718,1.8417192750684284
287.49204974497303,1.8414698398723885
287.4923559503225,1.8411747620313657
287.49279194881586,1.8408246405041018
287.49341266511203,1.8404083068631438
287.49429626927935,1.8399124415593882
287.49555401387437,1.839321117057312
287.4973442342025,1.8386152483360123
287.4998922735745,1.8377719284315968
287.5035188409897,1.83676362271831
287.5086803698316,1.8355571908928523
287.5160264563933,1.8341127007441456
287.52648160641064,1.8323819935584365
287.54136157674606,1.830306959406518
287.5625389528908,1.827817484819449
287.5926787988816,1.8248290516444314
287.6355740342791,1.8212400044483503
287.6966227427019,1.8169285820256853
287.7835074773528,1.8117499540793434
287.9071620486663,1.805533759471553
288.0831474565098,1.798083068864469
288.33361011690687,1.789176372232849
288.6900688102976,1.7785752090257425
289.1973810662339,1.7660414977249759
289.90112487120126,1.7517076648438321
290.8773585212197,1.7354837813733135
292.23159008702646,1.7174269118088807
293.6458032937726,1.702225659598516
295.060016597814,1.6896681137094502
296.4742299675119,1.6791304533527063
297.88844338425696,1.6702255233933743
299.3026568359669,1.6626977083771348
300.7168703142456,1.6563716988608272
302.13108381284144,1.6511244780858068
303.54529732676406,1.6468688979106807
304.95951085175824,1.6435441090029506
306.3737243839708,1.6411110916681964
307.7879379196944,1.6395531483961339
309.2021514550614,1.6388826781673282
310.61636498548074,1.6391583701751364
312.03057850431117,1.6405253457204974
313.444791998998,1.6433230893715924
314.8590054351301,1.6484900817617767
316.27321857326586,1.6619464385682545
316.36160673702125,1.6647751413992133
316.39225952454876,1.6665364681283275
316.4028896900258,1.6676496215418861
316.40657591486706,1.6684428981885508
316.4072147654083,1.6687980456762124
316.40726997561586,1.668870963679379
316.4072894633355,1.6689102615096145
316.4073034036958,1.6689590755233703
316.4073055420593,1.6689846299573277
316.4073053268455,1.6689930368607824
316.40730417917706,1.6690102185696054
316.40730241104364,1.6690249357153903
316.4072996029652,1.6690395713747461
316.4072953951523,1.6690552760568436
316.4072891617143,1.6690732032014592
316.407279974901,1.6690941020968166
316.4072664806042,1.6691187263851877
316.40724669925254,1.6691479741087614
316.40721773722686,1.6691829099448101
316.4071753663496,1.6692248011435808
316.4071134093677,1.6692751679340996
316.4070228420606,1.66933584219549
316.40689048151125,1.6694090373398607
316.4066970698813,1.669497432970972
316.40641447392136,1.6696038716908284
316.40601222856174,1.6697299863572248
316.40543969829463,1.6698795331806426
316.4046248200888,1.6700573773024965
316.4034650331253,1.6702693344767066
316.4018143725576,1.670522388658934
316.39946510101237,1.6708249584034451
316.3961215665119,1.6711872271067434
316.39136299705007,1.6716215565789554
316.3845905498192,1.6721430097927232
316.3749519516612,1.672770017765859
316.3612342473505,1.6735252386459298
316.3417111589457,1.6744366759362361
316.31392584761505,1.6755391506158175
316.27438174026344,1.676876263298765
316.21810251398574,1.6785030457054344
316.1380058659399,1.6804895991407414
316.0240122626303,1.682926175400266
315.8617765118916,1.6859304162032482
315.6308825361448,1.6896579131995515
315.30227417371776,1.6943180433877973
314.83459869533215,1.7001985053154642
314.16900289687453,1.7077048396006531
313.22172689887003,1.7174270627052608
311.87356364246597,1.7302581398065926
310.45935031015995,1.743107563784123
309.0451369625089,1.7557069783573533
307.63092360871303,1.768269117398504
306.2167102545912,1.780927376264133
304.80249690423386,1.7937684682647042
303.3882835606282,1.8068429433354583
301.9740702258127,1.8201637850195294
300.5598569006866,1.833695224611771
299.1456435844801,1.8473306791688828
297.731430273875,1.8608574568741802
296.3172169619166,1.8739068162656938
294.9030036373165,1.8858921425925363
293.4887902855987,1.8959426381824576
292.07457689455487,1.902826086928847
290.66036346800945,1.9047600123954078
289.2461500647808,1.8985645734952246
288.3924965688902,1.887436196631381
287.6853908675571,1.8658347264175548
287.56277929190605,1.8571902062437262
287.520258227762,1.8521147773218063
287.50551238599866,1.8493943471155494
287.4952854952442,1.8463498444789557
287.49174025761863,1.8439842213495645
287.4914414827959,1.8433987035790382
287.4913905345203,1.8431944051123992
287.4913732418534,1.8430718544289602
287.49136776641467,1.8430049579347867
287.4913651820658,1.8429268364692675
287.491365373975,1.8429178294696738
287.4913675018228,1.8428389524221807
287.4913742453467,1.8427518027294958
287.49138451610156,1.8426742608355204
287.49139987106145,1.8425925702810517
287.4914226262601,1.8424993702745145
287.4914561843195,1.8423908143173335
287.49150549600756,1.842263068534074
287.49157779837367,1.8421114583857776
287.49168367754254,1.841931261697554
287.4918345911456,1.841719467807793
287.49204959428823,1.8414699997490276
287.4923557995608,1.8411748951269786
287.4927917980011,1.8408247515933711
287.4934125142605,1.8404083997555987
287.4942961184022,1.8399125193460155
287.49555386297925,1.8393211822686313
287.4973440832948,1.8386153030541827
287.499892122658,1.837771974383388
287.50351869006704,1.8367636613353977
287.50868021890454,1.8355572233700144
287.5160263054632,1.8341127280748037
287.52648145547835,1.8323820165752356
287.5413614258122,1.8303069788028847
287.5625388019559,1.8278175011751312
287.59267864794595,1.8248290654432733
287.6355738833429,1.8212400160946405
287.6966225917653,1.8169285918559999
287.78350732641593,1.8117499623742834
287.90716189772917,1.8055337664637758
288.08314730557254,1.79808307474693
288.3336099659695,1.7891763771650346
288.6900686593601,1.7785752131391155
289.1973809152964,1.7660415011277448
289.9011247202637,1.7517076676375547
290.8773583702821,1.7354837836368837
