Re,shear
302.21226263517707,1.666458354968382
302.2138322382397,1.6661735635417279
302.2149350602398,1.665934847003717
302.21570990177213,1.6657344210761469
302.2162542896933,1.665565789219496
302.2166367498122,1.6654235062384446
302.2169054325338,1.6653033652305074
302.21708930761343,1.665203541435392
302.2172151278413,1.6651208440286385
302.2173012057582,1.6650522583827814
302.21736007710825,1.66499529213177
302.21740032299186,1.6649478809630511
302.2174278171948,1.664908312039831
302.2174465800616,1.6648751592203992
302.21745936275033,1.6648472063961344
302.21746804465806,1.6648233678185487
302.2174739040976,1.6648029182529336
302.2174778533848,1.6647862958124138
302.21748094149854,1.6647704762899542
302.21748206302914,1.6647513672517362
302.21748301466386,1.664735152960158
302.2174832828646,1.6647279744114236
302.2174815029516,1.664699164867356
302.2174687839694,1.6646444461663137
302.2174502561815,1.6645974103444217
302.21701846854563,1.6642242806016847
302.214525384996,1.6634549675079122
302.2073353804209,1.6623799573809344
302.1969687257432,1.66140571593807
302.0743569608801,1.6562051571578094
301.72080393280504,1.6494930684286935
300.30659078203087,1.6373358096810438
298.89237739765485,1.6306997993985686
297.47816394396716,1.6261968372347892
296.0639504550521,1.6230591900277056
294.64973694291797,1.6210645938038661
293.2355234131637,1.6202529396764371
291.8213098720507,1.6208486224412262
290.40709633306443,1.6231500600743245
288.99288281581704,1.6273282496645964
287.57866933562275,1.633335681039751
286.1644559003566,1.6410538123837326
284.75024251645493,1.650465531104333
283.33602919501226,1.661732026957407
281.9218159570051,1.6752469684963804
280.507602847627,1.6917710675004052
279.347861215634,1.7085994119279124
278.51183080845675,1.7235739191561594
277.90915624250727,1.7367234160161065
277.4747024380441,1.7481713990408347
277.16151504345953,1.7580908617045032
276.94145662501603,1.7664378427893745
276.78683452616815,1.773434144390444
276.67819072579124,1.7792837810305466
276.60185320287,1.7841675682693134
276.54821542262556,1.7882419751300302
276.5105274313178,1.7916402981237496
276.48404642876676,1.794474937313061
276.4654399249958,1.7968400536812412
276.45236637307244,1.7988142123552677
276.44318050416683,1.8004628163497323
276.4367262836175,1.8018402520617003
276.43219143319124,1.8029917316140875
276.4290052123337,1.8039548493149242
276.42676659500205,1.804760883447417
276.42519380371124,1.8054358785980034
276.4240888500595,1.8060015426824878
276.4233126194418,1.8064759895301123
276.42276736456415,1.8068743538579308
276.4223844047093,1.8072093015279616
276.4221154828105,1.8074914545441352
276.4219266927011,1.8077297476153884
276.4217942123582,1.8079317314981562
276.4217013077749,1.808103835381237
276.42163621495365,1.8082509257060255
276.4215918689034,1.808375641667678
276.4215617375086,1.808481781037512
276.42154135814803,1.8085731842670691
276.4215276728505,1.8086540239512146
276.42151863973834,1.8087311070944385
276.42151304741304,1.808813310609641
276.42151132323835,1.8088833813156113
276.42151174859885,1.808914134412914
276.421518578448,1.809033797992733
276.4215425239759,1.8091979702223282
276.42157763873996,1.809342820000541
276.4216780288221,1.8096118148256177
276.4222611894683,1.8104269249206146
276.42310389837786,1.8111303615990544
276.44305066576226,1.8170598923213164
276.4718115332675,1.8212725198665551
276.5547456169302,1.8287016755130818
277.0451936979036,1.8489355045880065
277.7522999276214,1.8627850572794356
278.5582974676887,1.8712049660799943
279.97251088148363,1.8766023220230126
281.3867243195733,1.8748534486387287
282.8009377283846,1.8685255473752937
284.2151511006334,1.8591481482614283
285.6293644442222,1.8478032544279144
287.0435777704677,1.8352720260385247
288.45779108895897,1.8220944960291074
289.87200440593676,1.8086185446935021
291.28621772435815,1.7950460261883352
292.7004310444492,1.7814703997619032
294.11464436411484,1.7679015661246114
295.5288576788732,1.754275236295063
296.9430709809585,1.7404410068440326
298.3572842554449,1.7261081934420668
299.4846057342802,1.7139387667247943
300.29726534474327,1.7043650613509773
300.8682740149338,1.6968927234897975
301.26948860118284,1.690983143638129
301.55139874433615,1.6862604224959252
301.7494805833872,1.6824544692078838
301.88866114124806,1.679366464304147
301.98645518946296,1.676847073200681
302.055169340925,1.6747822221003017
302.10345073785766,1.6730835272045308
302.13737522493864,1.6716816831426398
302.1612119453696,1.6705217890795805
302.1779605781371,1.669559976834266
302.18972882343974,1.668760934164959
302.19799763977636,1.6680960562223264
302.203807610645,1.6675420459615482
302.207889893597,1.667079840795318
302.21075823052917,1.6666937798699348
302.2127735979683,1.6663709512567488
302.21418963306326,1.6661006752717396
302.21518455178034,1.665874091878568
302.215883575948,1.665683828274127
302.21637469141194,1.6655237284664977
302.2167197200662,1.6653886306693946
302.2169621018645,1.6652745463418084
302.2171279724642,1.6651797465755425
302.2172414675892,1.6651012049994982
302.2173191082496,1.6650360613133146
302.21737220378554,1.6649819505999215
302.2174084957575,1.664936914293905
302.2174332832432,1.6648993271087968
302.2174501931276,1.6648678347652526
302.21746170712026,1.6648412900674092
302.2174695211096,1.664818705993237
302.2174747922864,1.664799386632935
302.21747833773,1.6647830994676105
302.21748100258793,1.6647662352177734
302.2174827073296,1.6647327088574464
302.21748180937124,1.664708999214579
302.21747894748864,1.6646866977945993
302.2174699608379,1.6646467414698671
302.2172566804918,1.664377616805214
302.2122024358064,1.663029380713584
302.1823099031959,1.6604009908014175
301.82875707065097,1.6511106428823303
300.41454396567684,1.6379820013427706
299.00033058970007,1.6311151218888875
297.5861171396151,1.626487332929321
296.1719036528287,1.6232574640871134
294.7576901422338,1.621176925559861
293.34347661365535,1.620268992150963
291.92926307305345,1.6207465631940985
290.5150495332334,1.6229089379327273
289.10083601367734,1.6269432364569694
287.6866225303105,1.632815612920786
286.2724090914122,1.6404057058733397
284.8581957032878,1.6496849796222617
283.44398237649904,1.6607994336516687
282.0297691310492,1.6741219582084352
280.6155560092477,1.690376398933064
279.42517475566416,1.7073550765670809
278.56705696299207,1.7224844528759145
277.9484601183562,1.7357833107514105
277.50252831637425,1.7473697868315055
277.1810667025001,1.7574145018983718
276.9551944709562,1.7658699238689275
276.7964873435242,1.7729587823993171
276.68497323101394,1.7788866596001776
276.60661890663505,1.783836163101927
276.5515640372896,1.7879655404444503
276.5128803399011,1.7914097306811316
276.485699712624,1.7942825886383478
276.46660162328106,1.7966795307674561
276.4531826628004,1.7986801879643757
276.44375409542084,1.800350858537151
276.4371293447937,1.8017466760598917
276.43247467281594,1.802913473781377
276.4292042603283,1.8038893612303395
276.426906486426,1.804706043621118
276.42529212922676,1.8053899191843152
276.4241579695778,1.805962988774309
276.42336121752095,1.806443608870015
276.422801543293,1.8068471151273586
276.4224084516074,1.8071863396184331
276.42213241037746,1.8074720414831016
276.42193861751224,1.8077132678790602
276.4218026214093,1.807917660590933
276.421707245537,1.8080917204092974
276.42164041510136,1.8082403750829759
276.42159487718703,1.80836625054982
276.4215639266302,1.8084731911128173
276.4215429831003,1.8085650264274364
276.4215289058342,1.8086456158708826
276.42151957229754,1.808721337794804
276.42151339029056,1.808805888527275
276.4215117225786,1.8088833792934187
276.4215117812634,1.8089156275439104
276.42151863687025,1.8090344129751226
276.42154258760667,1.8091982924655206
276.42157770351145,1.8093430440704767
276.4216780940836,1.8096119573823837
276.4222612549966,1.8104269922056448
276.42310396393265,1.81113040767801
276.44305073133734,1.8170599045751583
276.4718115988443,1.8212725277355013
276.5547456825076,1.8287016801566252
277.0451937634814,1.8489355063735848
277.75229999275257,1.8627850555606462
278.13970698936885,1.8675041649382345
279.5539203670959,1.8759167546824136
280.9681338072853,1.8759341339979911
282.3823472266995,1.870774293653141
283.7965606093224,1.8621709951050707
285.21077396022844,1.8513149130338953
286.6249872904769,1.839068653833011
288.03920061045477,1.8260384563677783
289.4534139274343,1.8126240498375208
290.8676272452927,1.7990660975422665
292.2818405650073,1.7854869259028505
293.6960538851504,1.7719194381232934
295.1102672019933,1.7583213960489614
296.52448050890763,1.744570917279044
297.9386937938685,1.7304289903665802
299.18825906611096,1.7172334691337694
300.0890413655998,1.7069113022188427
300.7219687325423,1.6988908289460447
301.1666899915513,1.6925700786650029
301.479169747252,1.6875329204383598
301.69873107782695,1.6834827229069633
301.8530040270018,1.6802025668022933
301.96140262210133,1.6775304174798689
302.0375679727757,1.6753430699255598
302.0910848946305,1.673545436103776
302.12868808098057,1.672063198537004
302.1551096097064,1.6708376501651074
302.17367443711095,1.6698219926891866
302.18671881687357,1.668978631248618
302.19588429875176,1.6682771642585186
302.20232430439466,1.6676928675264135
302.20684927616924,1.6672055358567794
302.21002866480796,1.6667985872224054
302.21226259020085,1.6664583624725073
302.2138321932649,1.6661735724867002
302.21493501526703,1.6659348576845987
302.21570985680233,1.6657344338505724
302.2162542447278,1.6655658045354675
302.21663670485304,1.6654235246628466
302.2169053875833,1.665303387355931
302.21708926267644,1.6652035681959805
302.2172150829241,1.6651208764233714
302.21730116087014,1.66505229765208
302.21736003226334,1.664995339812008
302.21740027821113,1.6649479389881991
302.2174277725102,1.6649083828539233
302.21744653551855,1.6648752459362628
302.217459318423,1.6648473138904323
302.21746800073805,1.664823504053215
302.21747386097593,1.664803087703731
302.21747781034554,1.6647864809626332
302.21748087014424,1.6647708738837885
302.21748201886345,1.6647520179384947
302.21748300665496,1.6647358035820279
302.21748329793104,1.6647282727288344
302.21748152321067,1.6646993010307436
302.2174688055238,1.6646445141447335
302.2174502778843,1.6645974542952184
302.21701849031683,1.6642242924811395
302.214525406775,1.6634549721798697
302.2073354022014,1.662379959873638
302.19696874752395,1.6614057176717805
302.074356982661,1.6562051577752737
301.72080395458596,1.64949306873282
300.3065908038118,1.6373358098087618
298.8923774194358,1.630699799481151
297.4781639657481,1.6261968372926132
296.06395047683304,1.623059190067068
294.6497369646989,1.6210645938258428
293.23552343494464,1.6202529396788836
291.8213098938316,1.6208486224196132
290.40709635484535,1.6231500600245607
288.99288283759796,1.6273282495858687
287.57866935740367,1.633335680933762
286.1644559221375,1.641053812252001
284.75024253823585,1.6504655309457315
283.3360292167932,1.6617320267679796
281.921815978786,1.675246968267705
280.50760286940795,1.6917710672164488
279.3478612374149,1.708599411574441
278.5118308302376,1.7235739187232084
277.90915626428813,1.7367234154913667
277.474702459825,1.7481713984090546
277.1615150652404,1.7580908609460086
276.9414566467969,1.7664378418830242
276.78683454794896,1.7734341433109146
276.67819074757205,1.779283779747128
276.60185322465077,1.7841675667451216
276.54821544440625,1.788241973320513
276.5105274530984,1.7916402959758941
276.48404645054717,1.794474934763108
276.46543994677603,1.796840050652654
276.4523663948524,1.798814208756137
276.4431805259464,1.8004628120713493
276.43672630539646,1.8018402469728245
276.43219145496937,1.8029917255580028
276.4290052341107,1.803954842104131
276.4267666167774,1.804760874855106
276.4251938254843,1.8054358683546106
276.42408887182927,1.8060015304588766
276.4233126412069,1.8064759749313368
276.4227673863225,1.8068743364001438
276.42238442645794,1.8072092806173963
276.4221155045451,1.8074914294481181
276.42192671441524,1.8077297173961222
276.4217942340422,1.8079316949480155
276.42170132941243,1.8081037908898816
276.4216362365283,1.8082508715878078
276.4215918903706,1.8083755747113188
276.42156175881274,1.8084816980082976
276.42154137926053,1.8085730804299736
276.42152769374525,1.8086538829809287
276.4215186596967,1.8087308912079967
276.4215130551829,1.8088131186811751
276.42151133514835,1.8088833812561136
276.4215117555612,1.8089144574884828
276.42151859100596,1.8090339303604899
276.4215425376562,1.8091980395279812
276.4215776526657,1.8093428681841313
276.4216780428532,1.8096118454803878
276.42226120355684,1.8104269393880457
276.4231039124721,1.8111303715082143
276.44305067986085,1.81705989495561
276.4718115473664,1.8212725215584338
276.5547456310293,1.8287016765115074
277.04519371200274,1.848935504971917
277.7522999417206,1.8627850574891966
278.55829807184347,1.8712049705530212
279.97251148563845,1.8766023225540085
281.38672492372814,1.8748534467822904
282.80093833253943,1.8685255439309951
284.2151517047882,1.8591481437699056
285.62936504837694,1.8478032492816312
287.0435783746225,1.8352720205161717
288.45779169311373,1.822094490316955
289.8720050100915,1.8086185389058949
291.2862183285129,1.7950460203860383
292.70043164860397,1.7814703939657615
294.1146449682696,1.767901560322973
295.52885828302794,1.7542752304439104
296.9430715851133,1.7404410008554834
298.3572848595996,1.726108187144697
299.48460633843484,1.7139387599206712
300.29726594889786,1.7043650538483333
300.8682746190883,1.696892715094034
301.2694892053373,1.6909831341331674
301.5513993484905,1.686260411635014
301.7494811875414,1.6824544567044353
301.88866174540203,1.6793664498221266
301.98645579361664,1.6768470563428926
302.0551699450782,1.6747822023964833
302.10345134201026,1.6730835040952958
302.1373758290904,1.6716816559622287
302.1612125495201,1.6705217570346376
302.1779611822858,1.6695599389781965
302.18972942758586,1.668760889367449
302.19799824391885,1.6680960031316303
302.2038082147824,1.6675419829605966
302.207890497727,1.6670797659443988
302.21075883464874,1.6666936908385352
302.212774202073,1.6663708452360328
302.2141902371466,1.6661005488604825
302.2151851558331,1.6658739409326178
302.21588417995673,1.6656836476994217
302.216375295357,1.665523511923409
302.21672032391655,1.6653883701248207
302.2169627055854,1.665274233448576
302.21712857598436,1.6651793680408202
302.21724207081417,1.665100746589403
302.2173197110391,1.66503550543387
302.21737280593044,1.6649812753692983
302.2174090969448,1.664936092170521
302.21743388299853,1.664898322225551
302.2174507906634,1.6648665976058452
302.21746230103327,1.6648397593241193
302.2174701101541,1.6648168394622083
302.2174753799933,1.6647970758059167
302.2174789202845,1.664779442502788
302.2174814249511,1.6647599937484283
302.21748261994594,1.664732709124301
302.2174819603163,1.6647106649016612
302.21747911971465,1.6646877339447503
302.21747013739554,1.664647287575652
302.2172568577819,1.6643777556029553
302.2122026131635,1.6630294090525823
302.1823100805565,1.6604010014601196
301.82875724801215,1.6511106457437865
300.41454414303814,1.6379820024268255
299.0003307670614,1.631115122581151
297.58611731697647,1.626487333413035
296.17190383019005,1.6232574644182827
294.75769031959516,1.6211769257499236
293.3434767910167,1.6202689921839748
291.9292632504148,1.6207465630346074
290.5150497105948,1.6229089375456325
289.1008361910387,1.6269432358332252
287.68662270767186,1.6328156120744828
286.2724092687736,1.6404057048165592
284.85819588064913,1.649684978348596
283.4439825538604,1.6607994321299373
282.0297693084105,1.6741219563739973
280.61555618660896,1.690376396662256
279.4251749330254,1.7073550737357865
278.56705714035326,1.7224844494035108
277.9484602957174,1.7357833065393735
277.5025284937353,1.7473697817569744
277.1810668798611,1.7574144958034679
276.95519464831705,1.7658699165844127
276.79648752088485,1.772958773720736
276.68497340837433,1.7788866492813225
276.60661908399504,1.7838361508461154
276.55156421464903,1.7879655258951492
276.5128805172597,1.791409713410922
276.4856998899815,1.794282568134383
276.46660180063697,1.7966795064156078
276.45318284015406,1.7986801590295558
276.44375427277134,1.800350824140804
276.4371295221397,1.801746635149251
276.4324748501556,1.8029134250971985
276.42920443765894,1.80388930326289
276.42690666374386,1.8047059745584466
276.4252923065264,1.8053898368491827
276.4241581468513,1.8059628905399498
276.42336139475725,1.8064434915573924
276.4228017204759,1.8068469748618954
276.4224086287134,1.807186171647871
276.4221325873723,1.8074718399021579
276.4219387943451,1.8077130252382831
276.42180279800397,1.8079173672806883
276.42170742176575,1.8080913636722546
276.42164059083524,1.808239941364428
276.4215950520725,1.8083657139233704
276.42156410015866,1.808472525894079
276.4215431551057,1.80856420986723
276.4215290776329,1.8086445406029825
276.42151974097567,1.8087195759350225
276.42151355868253,1.8088023979444952
276.4215116777224,1.8088833795211459
276.42151194910815,1.808922556251934
276.4215189208888,1.8090373688732342
276.42154289642895,1.8091998518178076
276.4215780178311,1.8093441298807176
276.42167841077367,1.8096126487591389
276.4222615729802,1.8104273186804836
276.4231042820449,1.8111306312596227
276.44305104954793,1.8170599640385294
276.4718119170631,1.821272565920435
276.55474600072927,1.828701702689525
277.045194081705,1.8489355150381188
277.75230031102075,1.8627850479588723
278.07577111129507,1.8668213413041315
279.489984481333,1.8757528050940215
280.9041979213599,1.8760612981046934
282.3184113423105,1.8710923841460054
283.732624726572,1.862616166295156
285.14683807868556,1.8518411817896525
286.5610514096251,1.8396429470078708
287.9752647298839,1.8266381901835569
289.3894780468912,1.8132349277924678
290.8036913646691,1.7996800616475608
292.21790468431374,1.78610054301319
293.6321180044998,1.7725328904457984
295.04633132160876,1.7589381918814733
296.4605446291712,1.7451986287077053
297.87475791553925,1.7310821348855812
299.14299459874155,1.7177297078452507
300.05723668131884,1.707293705591395
300.69962145630404,1.6991902361509887
301.15098788678273,1.692807451551603
301.468136818597,1.6877229909404186
301.69097890808393,1.6836361373688125
301.84755705602373,1.6803271995107125
301.95757538042176,1.677632206160982
302.03487882080555,1.675426565179926
302.0891954121999,1.6736141734107655
302.1273604798893,1.672119956630426
302.1541768099959,1.6708846345471073
302.1730190413978,1.6698609685681598
302.18625833683535,1.6690110215408986
302.1955607746358,1.6683041229667954
302.2020970112502,1.667715335457058
302.20668959894033,1.6672242834586906
302.20991649735885,1.666814247895937
302.2121838051207,1.6664714587367278
302.2137768640465,1.666184536725245
302.21489616713603,1.6659440487408292
302.21568258899794,1.6657421504292316
302.21623511378164,1.6655722961140391
302.21662329125917,1.665429000527423
302.2168959913102,1.6653080246966168
302.2170826166096,1.6652075355933427
302.2172103197024,1.6651243190601557
302.21729768681826,1.6650553415656322
302.2173574411001,1.6649980970323255
302.2173982920025,1.6649505122189665
302.21742620127236,1.6649108688476055
302.2174452495246,1.6648777393218261
302.21745822939664,1.6648499346328998
302.2174670516207,1.6648264588875887
302.21747302259325,1.6648064419624116
302.2174770297908,1.6647890640134362
302.21747966276126,1.6647738509306276
302.21748309083534,1.6647491622944037
302.21748309083534,1.6647327076832452
302.2174832118376,1.6647223564793436
302.2174822224129,1.6647138046727512
302.2174794248159,1.664689624450679
302.21747045058675,1.664648263301137
302.2172571722844,1.6643780019534529
302.21220292778514,1.66302945932472
302.18231039518423,1.6604010203677206
301.82875756264093,1.6511106508198559
300.41454445766703,1.6379820043497995
299.0003310816903,1.63111512380916
297.58611763160536,1.626487334271154
296.17190414481894,1.6232574650057257
294.75769063422405,1.621176926087195
293.3434771056456,1.6202689922424904
291.9292635650437,1.6207465627516104
290.5150500252237,1.6229089368589684
289.1008365056676,1.6269432347267585
287.68662302230075,1.6328156105732519
286.27240958340246,1.640405702941913
284.858196195278,1.6496849760891308
283.44398286848923,1.660799429430547
282.02976962303933,1.6741219531198204
280.6155565012378,1.690376392633956
279.4251752476542,1.707355068713198
278.567057454982,1.7224844432436512
277.948460610346,1.7357832990676036
277.5025288083638,1.7473697727550532
277.1810671944894,1.757414484991386
276.9551949629451,1.7658699036620074
276.7964878355125,1.7729587583256394
276.68497372300146,1.7788866309763185
276.60661939862143,1.7838361291051301
276.5515645292744,1.787965500085734
276.51288083188365,1.7914096827744712
276.48570020460346,1.7942825317611981
276.46660211525614,1.7966794632169718
276.45318315476925,1.798680107701847
276.4437545873809,1.8003507631240647
276.4371298367413,1.8017465625778208
276.43247516474594,1.8029133387356424
276.42920475223326,1.803889200433219
276.4269069782954,1.8047058520481547
276.42529262104546,1.8053896907966283
276.42415846132417,1.8059627162858194
276.423361709164,1.806443283464906
276.42280203478794,1.8068467260649137
276.42240894288915,1.8071858737177378
276.42213290135095,1.8074714823808555
276.4219391080367,1.8077125949319228
276.42180311127345,1.807916847183822
276.42170773438716,1.8080907312248873
276.42164090257927,1.8082391726405658
276.42159536232276,1.8083647634649977
276.42156440801955,1.808471347255379
276.42154346012205,1.8085627599597713
276.4215293817902,1.8086426464087668
276.42152003995744,1.8087165298328587
276.421513807523,1.80879709707009
276.42151163231864,1.8088833797511947
276.42151205902866,1.8089265803299057
276.4215190957656,1.8090391617537604
276.4215430861648,1.8092008060644587
276.4215782109122,1.809344795623181
276.4216786053049,1.8096130731280433
276.4222617683049,1.810427519189596
276.42310447744865,1.811130768584865
276.4430512450121,1.8170600005644817
276.4718121125324,1.8212725893757076
276.55474619620026,1.828701716530542
277.0451942771771,1.8489355203604294
277.75230050665954,1.8627850440778229
277.90007040003536,1.8647575113373458
279.31428374503315,1.8752145715594324
280.728497183796,1.876355662521131
282.14271060880554,1.8719296438319164
283.55692399762677,1.863815328292358
284.97113735317936,1.8532724473163167
286.38535068613135,1.8412127016001996
287.79956400724143,1.8282821614276061
289.2137773243677,1.814912124888464
290.62799064193626,1.801367078419367
292.04220396137504,1.7877869991936752
293.4564172816421,1.774218505915048
294.8706305994166,1.7606318055602777
296.2848439086481,1.7469199239689934
297.69905719865085,1.732868799186443
299.01860494451006,1.7190847602224921
299.96983597105026,1.7083364387160225
300.63821072922786,1.7000057516379372
301.10783881174336,1.693453430145457
301.4378191460115,1.6882398736145734
301.66967711687414,1.6840530913910285
301.83259020108096,1.6806657617174827
301.94705971729513,1.6779085939054932
302.0274907516574,1.675653192333925
302.0840049216923,1.6738006746036806
302.12371410025264,1.6722738972894393
302.15161538737806,1.6710120143583296
302.17121995505295,1.6699665856302206
302.18499489990256,1.6690987404330446
302.1946737074243,1.6683770751975961
302.2014743971729,1.6677760714533991
302.20625280071255,1.6672748892520732
302.20961026112906,1.6668564356990747
302.2119693072176,1.6665066379396505
302.2136268253325,1.6662138700165134
302.21479142014647,1.6659684967883166
302.21560966587,1.6657625076604816
302.2161845514316,1.6655892194815918
302.21658844052916,1.6654430326538063
302.2168721802245,1.6653196201329983
302.2170663627868,1.665217110237886
302.21719923925724,1.6651322224944547
302.21729014784773,1.6650618614553512
302.21735232648643,1.6650034709548487
302.2173948370664,1.6649549338151322
302.21742388236703,1.6649144723987144
302.2174437064681,1.6648806190860166
302.21745721699295,1.6648525728662222
302.21746645197607,1.664830302113852
302.2174724657877,1.6648091341058748
302.21747668878936,1.6647942695675984
302.2174791918319,1.6647772206364724
302.2174809745773,1.6647650778529237
302.21748190041154,1.6647536653179396
302.2174828022754,1.6647425482598281
302.21748327634066,1.6647325344221697
302.21748090092507,1.664697070360809
302.21747656567936,1.6646724513255524
302.21737132678106,1.664483347075951
302.2071440472603,1.6623581687328897
302.19239776005344,1.661060832210712
302.14987615785594,1.658782674696985
302.02726419117636,1.6549740005904474
301.67371111914696,1.6488529932019724
300.25949795132595,1.6370621119659283
298.84528456349636,1.630522325718799
297.43107110829226,1.6260725476858138
296.01685761846915,1.6229747476252214
294.6026441056728,1.6210177175726872
293.18843057541574,1.6202484837155928
291.7742170341041,1.6208962717949993
290.36000349551944,1.6232587102270757
288.9457899793078,1.6274995584834597
287.5315765005108,1.6335656596274997
286.11736306683986,1.6413396008288363
284.7031496847997,1.6508093791931466
283.288936365726,1.6621428949480017
281.8747231310334,1.6757431004351746
280.46051002724056,1.6923874416906237
279.3141354088888,1.709148679825656
278.4877409687291,1.724054401926021
277.8920127456235,1.737137749474782
277.4625663969045,1.7485245092745607
277.1529887597539,1.758388669724398
276.935466708102,1.7666878087253604
276.78262676678906,1.773643293725737
276.67523518491555,1.7794584323284193
276.59977752312847,1.7843132405917475
276.5467579701299,1.7883633978761557
276.50950437113767,1.791741473138091
276.4833285907791,1.7945592227322233
276.4649365488604,1.7969102521647775
276.45201368677016,1.7988726546548888
276.44293369880074,1.800511436117373
276.4365538745711,1.801880650600269
276.43207129804034,1.8030252327310858
276.4289218069153,1.803982545122612
276.4267089973042,1.8047836722071693
276.42515433942424,1.8054544956995802
276.4240621268233,1.8060165857556956
276.4232948482585,1.8064879385064345
276.4227558829793,1.806883586606613
276.4223773417569,1.8072161054334064
276.4221115235549,1.8074960341030866
276.42192491273937,1.8077322276146703
276.4217939614436,1.807932154562908
276.4217021276979,1.8081021513831501
276.42163778301585,1.808247043137788
276.4215939403049,1.8083692513214051
276.4215641404447,1.808472515225524
276.4215439732628,1.8085605339302657
276.4215304218021,1.8086363896875892
276.42152140482386,1.8087037455681614
276.42151536405186,1.8087723043886321
276.4215113699811,1.8088833810800171
276.4215124964675,1.8089400611771818
276.42151964004535,1.8090446126818134
276.42154338839293,1.8092023408073326
276.42157818841775,1.8093445354990156
276.4217827327264,1.8098127317236972
276.42421378109213,1.8118072760301718
276.4312292477544,1.8144027152473359
276.77140294066874,1.839953080622643
277.75230050962676,1.8627850443779492
277.784942678606,1.8632410079846902
279.19915600353505,1.874788812411734
280.61336944073753,1.8765031824832314
282.02758286825224,1.8724479289889941
283.4417962600978,1.8645811036188367
284.8560096179984,1.854197858740224
286.27022295236065,1.8422342037503634
287.68443627409414,1.829355847809468
289.09864959133466,1.816009749555816
290.5128629087773,1.802472274788007
291.927076228072,1.7888921968608245
293.34128954836433,1.77532289447302
294.7555028665249,1.761740547319559
296.16971617676495,1.7480450529766034
297.58392946897607,1.7340333789776987
298.9370978424411,1.7199661411662792
299.91256519243274,1.7090135351885292
300.59796940784565,1.7005346155002885
301.07956310111985,1.6938719244517002
301.4179509752418,1.688574469486381
301.65571643612964,1.6843228357643822
301.82278037051543,1.6808846914482658
301.94016644809295,1.6780872620291454
302.02264678074243,1.675799666432228
302.080600873664,1.6739212096416978
302.12132180240553,1.6723734010527864
302.14993398761845,1.6710943768734356
302.1700380620881,1.6700349170697297
302.18416398134997,1.6691555460369196
302.19408939820795,1.6684243859572376
302.2010633660191,1.6678155431618444
302.2059635219997,1.6673078785596875
302.20940653080277,1.6668840592160266
302.211825686802,1.666529818672411
302.2135254407026,1.6662333742518913
302.2147197122137,1.6659849637114046
302.21555881012216,1.6657764734483713
302.21614834744054,1.665601137247341
302.21656253168703,1.6654532894097371
302.21685350545226,1.6653285474741315
302.2170526406161,1.6652250370026125
302.2171889080849,1.665139438535864
302.2172821389799,1.665068630566183
302.2173459087907,1.6650100403822656
302.2173895106718,1.6649615471167905
302.21741930628264,1.664921402911709
302.21743965053093,1.6648881681539627
302.21745352459055,1.6648606553878182
302.21746296891575,1.6648378842042537
302.217469380073,1.6648191132989818
302.21747372621826,1.6648039932607492
302.21747672732477,1.6647911433799656
302.21747860767823,1.6647761498681286
302.2174799750864,1.664772006770858
302.217481069276,1.664768691496035
302.2174832225512,1.6647419816184117
302.21748275296756,1.6647327087171884
302.2174817371314,1.6647082332570944
302.2174788658089,1.664686213730779
302.2174698771589,1.6646464836476331
302.21725659646745,1.6643775510433958
302.2122023517503,1.6630293672835195
302.1823098191382,1.6604009857498387
301.82875698659296,1.6511106415261039
300.41454388161884,1.6379820008289536
299.00033050564207,1.6311151215608015
297.5861170555571,1.6264873327000695
296.1719035687707,1.623257463930192
294.75769005817574,1.6211769254697241
293.3434765295973,1.6202689921353417
291.9292629889954,1.620746563269721
290.51504944917536,1.6229089381161397
289.1008359296193,1.6269432367525907
287.68662244625244,1.6328156133218403
286.27240900735416,1.6404057063741901
284.8581956192297,1.649684980225912
283.443982292441,1.660799434372839
282.02976904699113,1.6741219590778085
280.61555592518965,1.6903764000092645
279.4251746716061,1.707355077908942
278.567056878934,1.7224844545216103
277.9484600342982,1.7357833127475786
277.50252823231625,1.7473697892364783
277.1810666184422,1.7574145047869498
276.95519438689837,1.765869927321348
276.79648725946646,1.7729587865123304
276.68497314695634,1.7788866644906727
276.6066188225776,1.783836168910423
276.5515639532324,1.7879655473396256
276.51288025584427,1.7914097388662102
276.4856996285678,1.7942825983561685
276.46660153922556,1.7966795423090662
276.45318257874595,1.7986802016773993
276.4437540113679,1.8003508748387342
276.43712926074284,1.801746695449113
276.4324745887681,1.8029134968549028
276.42920417628477,1.803889388703726
276.42690640238857,1.8047060763521774
276.425292045198,1.8053899582066215
276.4241578855613,1.8059630353325387
276.4233611335222,1.8064436644711463
276.42280145931954,1.806847181607108
276.42240836767036,1.807186419233628
276.4221323264931,1.8074721370305091
276.4219385337047,1.8077133828941765
276.42180253771465,1.8079177996287563
276.42170716201593,1.8080918895388114
276.4216403318172,1.8082405807139903
276.4215947942961,1.8083665042433368
276.42156384432536,1.8084735058835848
276.4215429016241,1.8085654248151364
276.42152882595747,1.8086461504451405
276.421519497028,1.8087220700440656
276.4215133902071,1.8088058890309968
276.4215116323399,1.8088833797513364
276.42151205894424,1.8089265775509604
276.42151909563796,1.8090391604463025
276.4215430860263,1.8092008053697954
276.42157821077126,1.8093447951404564
276.421678605163,1.8096130728142317
276.42226176816234,1.810427519042239
276.423104477306,1.8111307684850777
276.4430512448694,1.8170600005373452
276.4718121123897,1.8212725893583923
276.5547461960576,1.8287017165204995
277.0451942770344,1.8489355203565545
277.75230050651896,1.8627850440770035
278.01333110396763,1.8661204181507784
279.4275444658009,1.8755764992046349
280.8417579055217,1.876175276087178
282.255971327944,1.8713961955018406
283.670184713817,1.863046440246544
285.0843980671325,1.8523523727911813
286.4986113987681,1.8402022473333242
287.9128247193159,1.8272231327439918
289.32703803635815,1.8138312338613662
290.74125135405956,1.8002796271394392
292.15546467363316,1.7866998390903075
293.5696779938541,1.7731319491217765
294.98389131121047,1.759540288342582
296.3981046193847,1.745810946971499
297.81231790708244,1.7317184242769548
299.0987889856119,1.7182126913068247
300.02617581694096,1.70766561946732
300.6777966436345,1.6994812634119527
301.1356527113409,1.6930380772958569
301.45736153438924,1.687907593949274
301.6834075946501,1.6837850979582591
301.84223698678977,1.6804481886082752
301.95383712974717,1.6777310040501192
302.03225202216606,1.6755075992292308
302.08734956635374,1.673680881749362
302.1260633642125,1.6721750404969105
302.153265255137,1.6709302373741755
302.1723783977305,1.6698988056230628
302.1858080467265,1.6690424754400985
302.19524423491663,1.6683303151645577
302.2018744501632,1.667737180510902
302.20653307118386,1.667242530751462
302.2098063673959,1.6668295140849614
302.21210627620457,1.6664842532647859
302.2137222420112,1.666195282081199
302.21485764046355,1.665953096714441
302.2156553716436,1.6657497952957503
302.2162158428897,1.6655787855089925
302.21660960397884,1.6654345445766183
302.21688622742863,1.665312802672971
302.2170755387275,1.6652117226997767
302.2172050808357,1.6651280685118737
302.2172937072985,1.665058790713021
302.2173543243193,1.665001372924351
302.21739576677123,1.6649537370796832
302.21742408242164,1.6649141655782262
302.21744341099594,1.6648812354121545
302.21745658575804,1.6648537691854832
302.21746554598684,1.6648308388007393
302.2174716250244,1.6648117431097529
302.21747574372466,1.664795170183497
302.217478388552,1.6647789462270008
302.2174802219543,1.6647705039366045
302.21748192495767,1.664762662095841
302.21748315999895,1.6647327074710387
302.21748113688204,1.6646987053542803
302.2174768091058,1.6646735107573765
302.21737157129144,1.664483620509409
302.2071442919177,1.6623581964614191
302.192398004715,1.6610608497526413
302.1498764025192,1.6587826851051641
302.02726443584027,1.6549740065178102
301.6737113638111,1.6488529964395982
300.25949819599015,1.637062113375432
298.84528480816056,1.6305223266350957
297.43107135295645,1.62607254832777
296.01685786313334,1.6229747480606767
294.6026443503371,1.6210177178128462
293.18843082008,1.6202484837347115
291.77421727876833,1.6208962715424438
290.3600037401837,1.623258709657136
288.94579022397204,1.6274995575882008
287.5315767451751,1.6335656584277376
286.1173633115041,1.6413395993392033
284.70314992946396,1.650809377401421
283.28893661039024,1.6621428928069446
281.87472337569767,1.675743097849003
280.46051027190475,1.692387438475499
279.3141356535529,1.7091486758265106
278.4877412133932,1.7240543970296167
277.8920129902875,1.7371377435426916
277.4625666415684,1.7485245021341074
277.1529890044177,1.7583886611534332
276.9354669527656,1.7666877984857512
276.78262701145235,1.773643281529833
276.67523542957844,1.779458417829739
276.5997777677908,1.7843132233727088
276.5467582147914,1.788363377435557
276.50950461579805,1.791741448874598
276.4833288354378,1.7945591939244467
276.46493679351687,1.7969102179503422
276.45201393142344,1.7988726140001705
276.4429339434495,1.8005113877870316
276.4365541192134,1.8018805931155901
276.43207154267355,1.803025164321812
276.42892205153555,1.8039824636693051
276.4267092419061,1.804783575167157
276.4251545839999,1.805454380016101
276.4240623713617,1.8060164477464906
276.4232950927436,1.8064877737208036
276.4227561273881,1.806883389628746
276.422377586056,1.8072158696357175
276.4221117676955,1.8074957512817633
276.42192515664954,1.8077318874703128
276.4217942050157,1.8079317439001445
276.42170237075385,1.8081016528643037
276.42163802536857,1.808246438526671
276.421594181503,1.8083685078121496
276.4215643798518,1.808471595665373
276.4215442100584,1.8085593907046102
276.4215306551202,1.8086349267842325
276.421521630494,1.8087017090115713
276.42151556314815,1.8087694207254164
276.42151136991697,1.8088833810790397
276.4215124965919,1.808940064490856
276.42151964021656,1.8090446143924634
276.4215433885781,1.809202341727786
276.4215781886056,1.8093445361435143
276.42178273291535,1.8098127320518227
276.4242137812814,1.8118072761308757
276.4312292479437,1.8144027153001314
276.771402940858,1.839953080630313
277.7523005098161,1.8627850443789935
277.7849427372614,1.8632410087932918
279.19915606219047,1.874788812643975
280.61336949939295,1.8765031824175327
282.02758292690766,1.8724479287312694
283.44179631875323,1.8645811032328101
284.8560096766538,1.8541978582713394
286.27022301101607,1.8422342032314403
287.68443633274956,1.8293558472631795
289.0986496499901,1.81600974899689
290.51286296743274,1.8024722742250177
291.9270762867274,1.788892196297697
293.34128960701975,1.7753228939103862
294.75550292518034,1.7617405467548641
296.16971623542037,1.7480450524039188
297.5839295276315,1.7340333783855204
298.93709790109654,1.7199661405337836
299.91256525108815,1.70901353449745
300.59796946650107,1.7005346147324738
301.07956315977526,1.6938719235874151
301.4179510338972,1.688574468503277
301.65571649478505,1.6843228346367107
301.82278042917085,1.680884690145978
301.9401665067483,1.6780872605169563
302.0226468393978,1.6757996646684021
302.0806009323193,1.673921207576609
302.1213218610608,1.6723733986271783
302.14993404627364,1.6710943740171225
302.1700381207432,1.6700349136985888
302.1841640400049,1.669155542051051
302.1940894568625,1.6684243812364667
302.2010634246733,1.6678155375630572
302.2059635806533,1.6673078719122023
302.20940658945557,1.6668840513124659
302.2118257454536,1.6665298092655154
302.2135254993525,1.6662333630406199
302.2147197708611,1.6659849503306883
302.21555886876604,1.66577645744903
302.2161484060793,1.6656011180745696
302.21656259031823,1.665453266363297
302.21685356407306,1.665328519824464
302.2170526992208,1.665225003605384
302.21718896666613,1.6651393981843716
302.21728219752686,1.665068581797748
302.2173459672872,1.6650099813954768
302.21738956909456,1.6649614757787943
302.21741936459733,1.6649213166061854
302.2174397086858,1.6648880636694035
302.2174535825089,1.6648605290904808
302.21746302651377,1.6648377327034911
302.21746943731887,1.6648189297147336
302.21747378223176,1.6648037391941108
302.2174767735749,1.6647908257690442
302.2174786491979,1.6647761173600695
302.2174800116432,1.6647717269638629
302.21748109513067,1.664768235492102
302.21748319374535,1.6647419861443382
302.2174827246676,1.6647327088035846
302.21748178154184,1.664708702016162
302.2174789159722,1.6646865104860173
302.21746992854594,1.6646466419172348
302.2172566480665,1.6643775914270191
302.21220240336885,1.6630293755312546
302.18230987075776,1.660400988852094
301.8287570382127,1.6511106423589919
300.4145439332386,1.6379820011444735
299.0003305572618,1.631115121762296
297.58611710717685,1.6264873328408707
296.1719036203904,1.6232574640265676
294.75769010979553,1.6211769255250865
293.3434765812171,1.6202689921449243
291.9292630406152,1.620746563223322
290.51504950079516,1.622908938003495
289.1008359812391,1.6269432365710412
287.68662249787224,1.6328156130755347
286.27240905897395,1.6404057060666284
284.8581956708495,1.6496849798552105
283.44398234406077,1.6607994339299819
282.0297690986109,1.6741219585439464
280.61555597680945,1.690376399348382
279.4251747232259,1.7073550770849208
278.5670569305538,1.7224844535110213
277.948460085918,1.7357833115217003
277.50252828393604,1.7473697877596097
277.18106667006197,1.757414503013059
276.9551944385181,1.7658699252012586
276.79648731108614,1.7729587839866217
276.68497319857596,1.7788866614874093
276.6066188741971,1.783836165343219
276.5515640048518,1.7879655431051946
276.51288030746343,1.7914097338399189
276.4856996801866,1.794282592388658
276.46660159084394,1.7966795352213178
276.45318263036364,1.7986801932559904
276.4437540629847,1.8003508648275428
276.4371293123583,1.8017466835424014
276.4324746403817,1.802913482685684
276.42920422789575,1.8038893718320415
276.42690645399585,1.8047060562522588
276.4252920968,1.805389934243183
276.4241579371557,1.8059630067404129
276.4233611851057,1.806443630326707
276.42280151088755,1.8068471407815163
276.42240841921597,1.8071863703414783
276.4221323780064,1.8074720783547302
276.4219385851708,1.807713312260352
276.4218025891114,1.8079177142402276
276.42170721330604,1.8080917856729988
276.42164038296215,1.8082404544574353
276.42159484519937,1.8083663484488308
276.4215638948683,1.808473312564729
276.4215429516614,1.808565180160668
276.42152887500964,1.8086458217537758
276.42151954320735,1.808721619468845
276.4215133902693,1.808805888716124
276.42151168853917,1.8088833794649632
276.4215119182101,1.8089213601982586
276.421518870329,1.8090368467054012
276.4215428415153,1.8091995750905232
276.42157796194465,1.809343936998776
276.42167835446656,1.8096125258834772
276.42226151644326,1.8104272606417555
276.42310422548513,1.8111305915083886
276.4430509929707,1.8170599534657446
276.4718118604844,1.82127255913095
276.55474594415006,1.828701698683226
277.04519402512545,1.8489355134975165
277.7523002546486,1.862785049051018
278.87053620060453,1.8732261117848543
280.28474962941664,1.876714033553578
281.6989630631964,1.8737872667939846
283.1131764637592,1.8666741871581816
284.527389828758,1.8567810658403785
285.94160316755585,1.8451162645165833
287.3558164913731,1.8324033711019365
288.77002980911556,1.8191358193841278
290.1842431262623,1.8056254848423385
291.5984564451181,1.7920474541989133
293.01266976537363,1.7784751000672907
294.4268830844347,1.7649017438585293
295.84109639721083,1.7512460791484485
297.255309694958,1.7373337007918692
298.6695229600701,1.722826558376199
299.72455157529896,1.7112047923536842
300.4658588721985,1.7022424166862886
300.9867324147586,1.6952210137368828
301.35271995806005,1.6896516482920734
301.6098781037621,1.6851903167834963
301.7905681515949,1.6815881748229202
301.9175285077715,1.678661013692591
302.0067361299604,1.6762698242104932
302.0694170985377,1.6743080021543653
302.11345932827044,1.6726926771432034
302.1444051987895,1.6713586847340824
302.1661490183865,1.6702542815109105
302.1814270913238,1.6693380386897603
302.19216205967683,1.668576550506268
302.1997048523492,1.6679427172092445
302.20500468859547,1.6674144405865134
302.2087285296212,1.6669736204908505
302.2113450102831,1.6666053742119484
302.2131834130151,1.6662974230406218
302.214475105375,1.666039605775183
302.21538265579113,1.6658234895626083
302.21602029149096,1.6656420560198337
302.21646827307563,1.6654894457666995
302.21678299440595,1.6653607483262487
302.2170040814448,1.6652521623156447
302.2171553753526,1.6651620722653475
302.21725889299216,1.665087596727497
302.2173297050938,1.66502602696529
302.2173781284477,1.6649751318919694
302.217411225532,1.6649330745270507
302.2174338311143,1.6648983438188754
302.2174492550356,1.664869697838954
302.2174597632631,1.6648461178930767
302.21746690742776,1.6648267907977548
302.21747175387895,1.664811118832821
302.2174750446751,1.664798240372596
302.2174771967254,1.6647860368166254
302.21747869168183,1.664780382331313
302.21747999020596,1.664775470826657
302.2174809240734,1.6647589222510197
302.21748140694115,1.66475980300133
302.2174820270497,1.6647609340787766
302.2174835863666,1.6647381809057782
302.21748316278695,1.664732707462127
302.2174811315003,1.664698667544641
302.2174768035491,1.6646734863999975
302.21737156570975,1.6644836142682355
302.20714428633266,1.6623581958284261
302.1923979991299,1.6610608493522725
302.14987639693413,1.6587826848675875
302.0272644302552,1.654974006382598
301.67371135822594,1.6488529963656535
300.259498190405,1.6370621133432866
298.8452848025754,1.630522326614214
297.4310713473713,1.6260725483130838
296.0168578575482,1.6229747480507501
294.6026443447519,1.6210177178073493
293.18843081449484,1.6202484837343114
291.7742172731832,1.620896271548222
290.36000373459854,1.6232587096701294
288.9457902183869,1.6274995576085836
287.5315767395899,1.6335656584551272
286.11736330591896,1.6413395993732263
284.7031499238788,1.6508093774423331
283.2889366048051,1.6621428928558277
281.8747233701125,1.675743097908083
280.4605102663196,1.6923874385489226
279.31413564796776,1.70914867591779
278.487741207808,1.7240543971413969
277.8920129847024,1.7371377436781363
277.46256663598325,1.7485245022970308
277.15298899883254,1.75838866134902
276.93546694718043,1.766687798719511
276.7826270058672,1.773643281808248
276.6752354239933,1.7794584181605901
276.59977776220563,1.7843132237658024
276.54675820920625,1.788363377902223
276.50950461021296,1.7917414494281678
276.4833288298528,1.7945591945822654
276.4649367879319,1.7969102187311936
276.4520139258385,1.7988726149281948
276.44293393786467,1.8005113888897377
276.43655411362874,1.8018805944281588
276.43207153708914,1.8030251658836356
276.4289220459515,1.8039824655283616
276.4267092363225,1.804783577381438
276.42515457841694,1.805454382656824
276.42406236577955,1.8060164508965766
276.4232950871627,1.8064877774814803
276.42275612180896,1.8068833941252933
276.42237758047935,1.807215875016686
276.42211176212254,1.8074957577356967
276.42192515108184,1.8077318952338446
276.42179419945575,1.8079317532743122
276.42170236520565,1.80810166424234
276.42163801983634,1.8082464523238988
276.4215941759974,1.808368524804578
276.4215643743872,1.8084716166805377
276.42154420465744,1.8085594168079022
276.4215306497959,1.8086349594793458
276.4215216251995,1.8087017539487373
276.42151555673416,1.808769511936513
276.4215113761609,1.8088833810489353
276.42151248728715,1.8089398077242114
276.42151962720413,1.809044486005296
276.4215433745376,1.809202271582062
276.42157817435725,1.8093444869225486
276.42178271858313,1.809812707531922
276.42421376692374,1.8118072684049717
276.4312292335849,1.8144027112628973
276.77140292649887,1.8399530800538144
277.75230049545695,1.8627850441758673
277.78494272290226,1.8632410085953452
279.1991560478313,1.8747888125871621
280.6133694850338,1.876503182433587
282.0275829125485,1.8724479287944047
283.4417963043941,1.8645811033273123
284.85600966229464,1.8541978583861356
286.2702229966569,1.8422342033585004
287.6844363183904,1.8293558473969287
289.0986496356309,1.8160097491337175
290.5128629530736,1.802472274362828
291.92707627236825,1.7888921964355347
293.3412895926606,1.77532289404812
294.7555029108212,1.761740546893102
296.1697162210612,1.7480450525440958
297.5839295132723,1.734033378530493
298.9370978867374,1.7199661406886206
299.912565236729,1.7090135346666224
300.5979694521419,1.7005346149204161
301.0795631454161,1.6938719237989335
301.41795101953807,1.688574468743941
301.6557164804259,1.6843228349127461
301.8227804148117,1.6808846904648036
301.9401664923892,1.6780872608871928
302.0226468250387,1.675799665100158
302.0806009179602,1.6739212080821175
302.1213218467017,1.6723733992211192
302.14993403191454,1.671094374716294
302.1700381063841,1.6700349145241393
302.1841640256458,1.6691555430265985
302.1940894425036,1.668424382392281
302.2010634103145,1.6678155389341212
302.20596356629466,1.667307873539523
302.2094065750971,1.6668840532470255
302.2118257310954,1.6665298115681848
302.2135254849947,1.666233365784866
302.21471975650394,1.665984953606356
302.2155588544097,1.6657764613658421
302.21614839172423,1.6656011227684262
302.216562575965,1.6654532720042845
302.2168535497224,1.6653285265923716
302.21705268487403,1.6652250117806764
302.2171889523251,1.6651394080626338
302.2172821831942,1.6650685937331122
302.2173459529669,1.665009995837047
302.2173895547923,1.6649614932419223
302.21741935032156,1.6649213377360534
302.2174396944491,1.6648880892504496
302.21745356833003,1.6648605600083388
302.2174630124135,1.664837769804162
302.21746942330464,1.6648189746940385
302.21747376852187,1.6648038014691644
302.2174767622381,1.6647909034137647
302.21747863896434,1.6647761249310107
302.21748000267644,1.6647717962302864
302.21748108917933,1.664768347448157
302.2174831991786,1.6647419826043766
302.21748272965317,1.6647327087893655
302.2174817735389,1.664708617009429
302.2174789069201,1.6646864567997361
302.217469919272,1.664646613332354
302.21725663875424,1.6643775841399884
302.21220239405307,1.6630293740426545
302.1823098614418,1.660400988292067
301.82875702889675,1.651110642208626
300.4145439239226,1.6379820010875692
299.00033054794585,1.6311151217259474
297.5861170978609,1.6264873328154548
296.17190361107447,1.6232574640091515
294.7576901004796,1.6211769255151198
293.34347657190114,1.6202689921432014
291.92926303129923,1.6207465632317042
290.5150494914792,1.622908938023817
289.1008359719231,1.6269432366038057
287.6866224885563,1.6328156131200018
286.272409049658,1.6404057061221198
284.85819566153356,1.6496849799221298
283.4439823347448,1.6607994340099077
282.029769089295,1.6741219586402818
280.6155559674935,1.6903763994676528
279.42517471390994,1.7073550772336286
278.56705692123785,1.722484453693384
277.94846007660203,1.7357833117429533
277.5025282746201,1.747369788026135
277.181066660746,1.7574145033331865
276.95519442920215,1.7658699255838621
276.7964873017702,1.7729587844424863
276.68497318926,1.778886662029329
276.6066188648812,1.7838361659871622
276.5515639955359,1.7879655438695456
276.51288029814754,1.7914097347471998
276.48569967087076,1.7942825934656985
276.4666015815282,1.7966795365004704
276.45318262104803,1.7986801947760371
276.44375405366924,1.8003508666343926
276.4371293030431,1.8017466856910427
276.43247463106684,1.8029134852427702
276.42920421858133,1.8038893748772362
276.4269064446821,1.8047060598787221
276.4252920874872,1.8053899385679353
276.4241579278443,1.8059630119006722
276.42336117579623,1.8064436364882268
276.42280150158086,1.8068471481480937
276.4224084099133,1.8071863791662641
276.4221323687095,1.8074720889435558
276.42193857588245,1.8077133250074109
276.42180257983557,1.8079177296514382
276.4217072040494,1.8080918044180394
276.4216403737317,1.808240477242674
276.42159483601256,1.8083663765709344
276.42156388574665,1.808473347470336
276.4215429426313,1.8085652243375892
276.421528866161,1.8086458810634818
276.42151953485404,1.808721700531268
276.421513390273,1.808805888772541
276.4215116785913,1.8088833795164985
276.42151194683885,1.8089224693660082
276.4215189171958,1.8090373308256107
276.4215428924193,1.8091998316189608
276.4215780137505,1.8093441157991283
276.4216784066623,1.8096126397915564
276.42226156885204,1.810427314445415
276.4231042779151,1.8111306283577646
276.4430510454169,1.8170599632661932
276.47181191293197,1.821272565424683
276.55474599659806,1.8287017023970515
277.04519407757374,1.8489355149256395
277.7523003068897,1.862785047888507
278.07577207653964,1.866821351875109
279.4899854465777,1.8757528076948222
280.9041988866046,1.876061296264277
282.3184123075552,1.8710923793969194
283.7326256918167,1.862616159609202
285.1468390439302,1.8518411738659857
286.56105237486975,1.839642938349785
287.97526569512854,1.82663818113521
289.38947901213584,1.8132349185721406
290.8036923299137,1.7996800523787364
292.21790564955836,1.7861005337490763
293.6321189697444,1.7725328811848196
295.0463322868534,1.7589381825717942
296.4605455944158,1.7451986192367346
297.8747588807839,1.7310821250374704
299.1429955639862,1.7177296972815626
300.0572376465634,1.7072936940103158
300.69962242154855,1.6991902232498999
301.1509888520271,1.692807436998331
301.4681377838412,1.687722974358673
301.69097987332793,1.6836361183236377
301.8475580212674,1.6803271774933215
301.95757634566496,1.677632180571659
302.0348797860481,1.6754265353085607
302.08919637744157,1.6736141384139027
302.1273614451297,1.6721199155047466
302.1541777752344,1.6708845860967518
302.1730200066338,1.6698609113670406
302.1862593020677,1.6690109538856048
302.19556173986297,1.6683040428219253
302.20209797647004,1.6677152403863307
302.20669056414977,1.6672241705416138
302.20991746255345,1.6668141136226038
302.2121847702941,1.6664712988790968
302.2137778291896,1.6661843461623609
302.2148971322357,1.665943821237179
302.2156835540351,1.6657418783212108
302.2162360787284,1.6655719698711298
302.21662425607167,1.6654286080850211
302.21689695593903,1.6653075535111073
302.2170835809539,1.6652069657472235
302.2172112836288,1.6651236292878275
302.21729865012924,1.6650545056442405
302.21735840350124,1.664997082343659
302.21739925304837,1.6649492778303072
302.21742716029496,1.664909364123952
302.2174462056125,1.6648759010553928
302.21745918116994,1.6648476573144528
302.21746799421487,1.6648235309826878
302.2174739421042,1.664802791492809
302.21747795138475,1.664785840838311
302.2174811210185,1.6647690698648525
302.21748220113255,1.664749164112806
302.21748309408207,1.6647327076732372
302.2174832169026,1.6647224360610218
302.2174822279789,1.6647138752392832
302.2174794313922,1.664689666010923
302.2174704573435,1.6646482844654686
302.21725717906963,1.6643780072703498
302.21220293457293,1.6630294604093305
302.18231040197213,1.660401020775637
301.8287575694289,1.6511106509293976
300.414544464455,1.6379820043913167
299.0003310884783,1.6311151238356905
297.5861176383933,1.6264873342896489
296.1719041516069,1.623257465018377
294.757690641012,1.6211769260944644
293.34347711243356,1.6202689922437796
291.92926357183165,1.620746562745481
290.51505003201163,1.6229089368441572
289.10083651245554,1.6269432347028963
287.6866230290887,1.632815610540836
286.2724095901904,1.6404057029014254
284.858196202066,1.649684976040421
283.4439828752772,1.6607994293723078
282.0297696298273,1.674121953049597
280.61555650802575,1.6903763925470472
279.42517525444214,1.7073550686048504
278.56705746176993,1.7224844431107509
277.94846061713395,1.7357832989063668
277.5025288151518,1.7473697725608295
277.18106720127736,1.7574144847581505
276.95519496973304,1.7658699033831446
276.79648784230045,1.7729587579935
276.68497372978936,1.7788866305813387
276.60661940540933,1.7838361286360511
276.5515645360623,1.7879654995289813
276.51288083867155,1.791409682113367
276.48570021139136,1.7942825309762733
276.466602122044,1.7966794622848843
276.453183161557,1.7986801065944102
276.4437545941685,1.8003507618074324
276.43712984352874,1.801746561012068
276.4324751715331,1.8029133368719152
276.4292047590201,1.8038891982154706
276.4269069850817,1.804705849405416
276.4252926278311,1.8053896876452782
276.42415846810877,1.8059627125272246
276.4233617159472,1.8064432789747886
276.42280204156907,1.8068467206957293
276.4224089496674,1.807185867290858
276.4221329081249,1.8074714746670248
276.42193911480456,1.8077125856498832
276.4218031180322,1.8079168359669673
276.42170774113185,1.808090717583184
276.4216409093054,1.808239156083184
276.42159536901625,1.8083647429701486
276.4215644146618,1.8084713218874608
276.4215434667047,1.808562728846952
276.42152938835875,1.8086426057653346
276.4215200463805,1.8087164640609146
276.4215138127113,1.808796985335027
276.42151163128716,1.8088833797558983
276.42151206126016,1.8089266587214499
276.42151909924405,1.8090391972513937
276.42154308993634,1.8092008249955902
276.4215782147499,1.8093448088517334
276.42167860917147,1.8096130815563074
276.4222617721872,1.810427523175869
276.42310448133253,1.8111307713142129
276.4430512488972,1.817060001290133
276.4718121164176,1.8212725898418467
276.5547462000855,1.8287017168057775
277.0451942810624,1.8489355204661988
277.7523005105447,1.8627850441328784
277.9000696452816,1.8647575018429978
279.31428299027925,1.8752145689623876
280.7284964290421,1.8763556636080019
282.14270985405165,1.8719296473097256
283.55692324287287,1.863815333365387
284.97113659842546,1.8532724534160392
286.38534993137745,1.8412127083157865
287.79956325248753,1.8282821684759463
289.2137765696138,1.8149121320879842
290.62798988718237,1.8013670856654513
292.04220320662114,1.787787006438743
293.4564165268882,1.7742185131554056
294.8706298446627,1.7606318128314027
296.28484315389426,1.7469199313519534
297.69905644389706,1.7328688068365756
299.0186041897563,1.7190847684073682
299.9698352162965,1.7083364476706913
300.63820997447414,1.7000057615973025
301.1078380569897,1.6934534413660371
301.43781839125796,1.688239886386118
301.66967636212075,1.6840531060478923
301.8325894463278,1.6806657786503365
301.9470589625423,1.6779086135747519
302.02748999690505,1.6756532152843269
302.08400416694064,1.6738007014817466
302.1237133455019,1.6722739288648087
302.15161463262865,1.6710120515479305
302.1712192003055,1.6699666295271518
302.1849941451579,1.669098792343272
302.1946729526835,1.668377136680514
302.20147364243763,1.6677761443776369
302.20625204598514,1.6672749758553782
302.2096095064128,1.6668565386702614
302.21196855251725,1.6665067605190758
302.21362607065487,1.66621401612527
302.2147906655015,1.6659686712025865
302.2156089112719,1.665762716244289
302.21618379690136,1.6655894695265479
302.21658768609973,1.6654433333845704
302.21687142593294,1.6653199811224124
302.2170656087085,1.6652175466787624
302.21719848549236,1.6651327506106393
302.21728939454476,1.6650625009218607
302.21735157385325,1.6650042448912046
302.2173940853706,1.6649558732014282
302.2174231322656,1.6649156415735837
302.2174429606131,1.6648820987081248
302.2174564758819,1.664854011399823
302.21746566365675,1.6648304145948942
302.2174718940302,1.6648111038721507
302.217476206823,1.664795822511973
302.217478806084,1.6647789972006815
302.21748053892463,1.6647677803264909
302.2174819399424,1.6647587113795321
302.21748239128095,1.6647491272796215
302.21748316453034,1.6647327074572684
302.21748112810354,1.6646986435988906
302.21747680004097,1.664673471029917
302.21737156218586,1.6644836103276883
302.2071442828066,1.6623581954291031
302.19239799560376,1.6610608490994268
302.1498763934079,1.6587826847176084
302.02726442672895,1.654974006297107
301.6737113546997,1.6488529963189724
300.2594981868788,1.6370621133229544
298.8452847990492,1.6305223266010154
297.4310713438451,1.6260725483038363
296.01685785402196,1.6229747480444447
294.6026443412257,1.621017717803893
293.1884308109686,1.6202484837340307
291.77421726965696,1.6208962715518724
290.3600037310723,1.6232587096783375
288.94579021486066,1.627499557621488
287.5315767360637,1.6335656584724352
286.11736330239273,1.641339599394692
284.7031499203526,1.650809377468163
283.28893660127886,1.6621428928867097
281.8747233665863,1.6757430979453412
280.4605102627934,1.6923874385952455
279.31413564444154,1.7091486759754353
278.4877412042818,1.7240543972119309
277.89201298117615,1.7371377437636446
277.462566632457,1.7485245023999754
277.1529889953063,1.7583886614726565
276.9354669436542,1.766687798866981
276.782627002341,1.7736432819840435
276.67523542046706,1.7794584183696989
276.5997777586794,1.7843132240138642
276.5467582056801,1.788363378196821
276.5095046066868,1.791741449778146
276.4833288263266,1.7945591949972837
276.4649367844058,1.7969102192242659
276.45201392231246,1.7988726155141523
276.44293393433867,1.800511389586737
276.4365541101028,1.8018805952570887
276.4320715335633,1.8030251668696717
276.4289220424258,1.803982466702134
276.42670923279707,1.8047835787801607
276.4251545748919,1.8054543843251016
276.42406236225503,1.8060164528865619
276.42329508363895,1.806487779857339
276.42275611828626,1.8068833969645062
276.42237757695824,1.8072158784138646
276.4221117586037,1.807495761811028
276.4219251475663,1.807731900133689
276.4217941959451,1.8079317591918458
276.4217023617024,1.8081016714211169
276.4216380163433,1.808246461031667
276.4215941725204,1.808368535483093
276.42156437093706,1.8084716299661538
276.42154420124723,1.8085594333143589
276.4215306464329,1.8086349802311132
276.42152162187335,1.8087017827019887
276.42151555266105,1.8087695698947466
276.4215113801331,1.80888338102874
276.42151248132654,1.8089396428538178
276.42151961885935,1.8090444036744224
276.4215433655335,1.8092022265902967
276.42157816521984,1.8093444553540086
276.4217827093919,1.8098126918060709
276.4242137577162,1.811807263450963
276.43122922437664,1.8144027086735324
276.77140291729046,1.839953079684078
277.7523004862484,1.8627850440462266
277.78494268446065,1.8632410080654118
279.1991560093897,1.8747888124349004
280.6133694465922,1.8765031824766685
282.0275828741069,1.872447928963312
283.44179626595246,1.8645811035802917
284.856009623853,1.8541978586934214
286.2702229582153,1.842234203698593
287.6844362799488,1.8293558477549197
289.0986495971893,1.81600974950004
290.51286291463197,1.8024722747318351
291.92707623392664,1.7888921968046159
293.341289554219,1.7753228944168566
294.75550287237957,1.7617405472632137
296.1697161826196,1.7480450529194524
297.5839294748307,1.734033378918603
298.93709784829576,1.71996614110311
299.9125651982874,1.709013535119529
300.5979694137003,1.7005346154236576
301.0795631069745,1.6938719243654132
301.41795098109645,1.6885744693882427
301.6557164419843,1.6843228356517954
301.8227803763701,1.6808846913182978
301.9401664539476,1.6780872618781402
302.0226467865971,1.6757996662562187
302.08060087951867,1.6739212094355786
302.1213218082602,1.672373400810796
302.1499339934731,1.6710943765883268
302.17003806794276,1.6700349167332351
302.1841639872046,1.6691555456391185
302.19408940406254,1.668424385486087
302.2010633718737,1.6678155426026133
302.20596352785424,1.6673078778964059
302.20940653665724,1.66688405842723
302.21182569265636,1.6665298177339047
302.2135254465568,1.6662333731323415
302.2147197180676,1.6659849623757628
302.2155588159757,1.6657764718517485
302.2161483532936,1.6656011353335805
302.21656253753935,1.6654532871090624
302.21685351130355,1.6653285447150752
302.21705264646573,1.6652250336700307
302.2171889139322,1.665139434510177
302.2172821448238,1.6650686257021226
302.2173459146295,1.6650100344880678
302.2173895165032,1.6649615399882158
302.2174193121033,1.6649213942938963
302.2174396563357,1.6648881577283268
302.2174535303716,1.6648606427781816
302.21746297466495,1.664837869090341
302.2174693857874,1.6648190949959643
302.2174737318093,1.6648039678659208
302.2174767319257,1.664791111508344
302.21747861177056,1.6647761465980444
302.2174799787007,1.6647719789982731
302.21748107188097,1.664768646027605
302.2174832193906,1.6647419816216975
302.21748274980735,1.6647327087277772
302.21748174200326,1.6647082844186671
302.2174788713054,1.6646862461839216
302.217469882789,1.664646500980914
302.21725660212076,1.664377555469326
302.2122023574057,1.6630293681874508
302.1823098247937,1.6604009860897044
301.82875699224854,1.6511106416174137
300.4145438872744,1.6379820008635606
299.00033051129765,1.6311151215828958
297.5861170612127,1.6264873327155112
296.17190357442627,1.6232574639407333
294.7576900638313,1.6211769254758113
293.3434765352529,1.6202689921363744
291.92926299465097,1.6207465632646443
290.51504945483094,1.622908938103807
289.10083593527486,1.6269432367326893
287.686622451908,1.6328156132948923
286.27240901300974,1.6404057063405117
284.8581956248853,1.649684980185296
283.44398229809656,1.6607994343243355
282.0297690526467,1.674121959019324
280.61555593084523,1.690376399936861
279.4251746772617,1.7073550778186324
278.5670568845896,1.7224844544108913
277.9484600399538,1.7357833126132822
277.50252823797183,1.7473697890746653
277.18106662409775,1.757414504592591
276.95519439255395,1.7658699270891098
276.79648726512204,1.7729587862356397
276.6849731526119,1.7788866641615813
276.6066188282332,1.7838361685195174
276.551563958888,1.7879655468757316
276.5128802614998,1.791409738315708
276.48569963422324,1.7942825977023489
276.46660154488103,1.7966795415323864
276.4531825844013,1.7986802007546316
276.4437540170232,1.8003508737415255
276.437129266398,1.8017466941445512
276.43247459442307,1.8029134953024921
276.42920418193944,1.8038893868545425
276.42690640804284,1.8047060741501233
276.4252920508517,1.8053899555816924
276.4241578912142,1.805963032199498
276.42336113917383,1.8064436607312468
276.4228014649695,1.8068471771335568
276.4224083733178,1.8071864138760505
276.42213233213704,1.8074721306027155
276.42193853934344,1.807713375152598
276.42180254334585,1.8079177902730494
276.42170716763536,1.808091878153836
276.42164033742125,1.808240566917549
276.4215947998729,1.8083664871696394
276.4215638498639,1.8084734847637853
276.42154290710596,1.8085653980406544
276.4215288313328,1.8086461145516994
276.4215195020913,1.8087220208989896
276.42151339025133,1.8088058889941778
276.42151163861945,1.8088833797178636
276.42151204511055,1.8089260888180227
276.42151907401154,1.8090389398218263
276.42154306257885,1.8092006876014872
276.42157818691163,1.8093447129362623
276.42167858112447,1.80961302038838
276.42226174402583,1.8104274942660652
276.4231044531598,1.811130751516743
276.44305122071574,1.8170599960238398
276.4718120882354,1.8212725864600665
276.55474617190305,1.828701714810082
277.0451942528798,1.8489355196986925
277.75230048236233,1.8627850437339188
277.9000708814973,1.8647575173939814
279.31428422649515,1.8752145732160637
280.728497665258,1.8763556618278554
282.14271109026754,1.8719296416134221
283.55692447908876,1.8638153250562155
284.97113783464135,1.8532724434252303
286.38535116759334,1.8412126973162755
287.7995644887034,1.828282156931429
289.2137778058297,1.8149121202958858
290.62799112339826,1.8013670737970426
292.04220444283703,1.7877869945719944
293.45641776310407,1.774218501296366
294.8706310808786,1.760631800921971
296.2848443901101,1.7469199192593678
297.69905768011284,1.732868794306353
299.018605425972,1.719084755001316
299.96983645251214,1.7083364330037665
300.6382112106897,1.7000057452847772
301.10783929320513,1.693453422987829
301.4378196274732,1.6882398654675748
301.6696775983357,1.6840530820413102
301.83259068254233,1.6806657509158982
301.9470601987563,1.677908581358391
302.0274912331182,1.6756531776938228
302.0840054031527,1.6738006574579383
302.1237145817124,1.672273877147163
302.1516158688369,1.6710119906348244
302.17122043651057,1.6699665576279328
302.1849953813585,1.669098707318982
302.19467418887774,1.6683770359766052
302.2014748786229,1.667776024933921
302.20625328215755,1.667274834006188
302.2096107425669,1.6668563700112928
302.21196978864526,1.6665065597414672
302.2136273067456,1.6662137768044807
302.2147919015388,1.6659683855159138
302.2156101472323,1.665762374580864
302.2161850327506,1.6655890599369712
302.21658892178385,1.6654428407524995
302.2168726613912,1.6653193897459788
302.2170668438172,1.6652168316416203
302.2171997200875,1.6651318853089752
302.2172906283831,1.6650614529311532
302.21735280658805,1.6650029754467894
302.2173953165307,1.6649543313696231
302.2174243608508,1.6649137347954999
302.21744418327455,1.6648797119515493
302.2174576915661,1.6648514971210644
302.21746692820756,1.6648290961852916
302.21747293261046,1.6648075161794567
302.2174771677794,1.6647922948540865
302.2174796371373,1.6647744974815024
302.21748147745774,1.664761233762335
302.2174822553314,1.6647482149653035
302.21748291955055,1.6647370983339471
302.21748318141954,1.6647299236867696
302.21748074036446,1.6646959865283608
302.21747640029963,1.664671739686996
302.2173711606757,1.6644831614941415
302.2071438810551,1.6623581498963231
302.19239759384544,1.6610608202932489
302.14987599164675,1.6587826676261903
302.02726402496677,1.6549739965636934
301.67371095293726,1.648852991002577
300.2594977851162,1.637062111008365
298.84528439728655,1.6305223250963148
297.43107094208244,1.6260725472497413
296.01685745225933,1.6229747473293408
294.602643939463,1.6210177174095037
293.1884304092059,1.620248483702623
291.77421686789427,1.6208962719664903
290.3600033293096,1.6232587106142606
288.945789813098,1.6274995590916952
287.531576334301,1.6335656604424882
286.11736290063004,1.6413396018407789
284.7031495185899,1.6508093804103317
283.2889361995162,1.6621428964024898
281.8747229648236,1.6757431021920706
280.46050986103074,1.6923874438747422
279.31413524267896,1.7091486825424769
278.4877408025193,1.7240544052523474
277.89201257941374,1.7371377535046792
277.4625662306948,1.7485245141254147
277.1529885935443,1.7583886755469624
276.93546654189254,1.7666878156816173
276.78262660057976,1.773643302010918
276.67523501870653,1.7794584421780741
276.59977735691984,1.784313252289127
276.5467578039218,1.788363411762188
276.5095042049304,1.791741489621292
276.4833284245729,1.794559242302049
276.46493638265576,1.7969102754084585
276.4520135205677,1.7988726822732959
276.44293353260133,1.800511468950221
276.43655370837604,1.8018806896522002
276.4320711318515,1.8030252792040495
276.4289216407352,1.8039826004579105
276.42670883113664,1.804783738131893
276.4251541732744,1.8054545742908432
276.42406196069874,1.8060166795141026
276.42329468217014,1.8064880504594456
276.4227557169428,1.8068837204306645
276.42237717579496,1.8072162656382078
276.4221113577007,1.8074962262707848
276.42192474704177,1.8077324587506238
276.4217937959758,1.807932433643173
276.42170196258127,1.8081024902225709
276.4216376183772,1.808247454163266
276.42159377645345,1.8083697570162465
276.4215639778145,1.8084731409230081
276.4215438124056,1.808561312145058
276.42153026326565,1.8086373874015225
276.4215212515098,1.8087051424386267
276.42151522821916,1.8087743064681745
276.4215113734722,1.8088833810611065
276.42151249129597,1.8089399185239032
276.4215196328142,1.8090445413593597
276.4215433805909,1.8092023018225836
276.42157818050015,1.8093445081467343
276.4217827247622,1.8098127181009325
276.4242137731138,1.811807271736769
276.43122923977546,1.8144027130035514
276.7714029326896,1.8399530803024289
277.7523005016476,1.8627850442625953
277.78494275832594,1.8632410090836966
279.19915608325505,1.8747888127273806
280.6133695204575,1.8765031823938823
282.02758294797223,1.8724479286387246
283.4417963398178,1.8645811030941521
284.8560096977184,1.8541978581029668
286.27022303208065,1.8422342030450531
287.68443635381414,1.829355847066997
289.09864967105466,1.8160097487961968
290.5128629884973,1.802472274022793
291.927076307792,1.7888921960954716
293.3412896280843,1.7753228937082943
294.7555029462449,1.7617405465520874
296.16971625648495,1.7480450521982367
297.58392954869606,1.7340333781728627
298.9370979221611,1.7199661403066666
299.91256527215273,1.7090135342492634
300.59796948756565,1.7005346144567874
301.07956318083984,1.6938719232769623
301.4179510549618,1.6885744681501382
301.6557165158496,1.6843228342317818
301.8227804502353,1.6808846896783427
301.9401665278128,1.6780872599739851
302.0226468604622,1.6757996640349013
302.08060095338374,1.673921206835004
302.12132188212513,1.67237339775605
302.14993406733794,1.6710943729912988
302.1700381418074,1.6700349124879532
302.18416406106905,1.6691555406195466
302.19408947792664,1.6684243795413987
302.20106344573725,1.667815535552645
302.20596360171703,1.667307869524917
302.20940661051895,1.6668840484740959
302.21182576651654,1.6665298058874918
302.2135255204148,1.666233359014242
302.21471979192256,1.6659849455252262
302.2155588898262,1.6657764517042826
302.2161484271376,1.6656011111893378
302.2165626113738,1.6654532580845667
302.2168535851249,1.665328509895614
302.2170527202669,1.665224991609886
302.21718898770376,1.6651393836855974
302.2172822185521,1.6650685642742422
302.21734598829437,1.665009960214611
302.21738959007536,1.6649614501680075
302.2174193855391,1.6649212855987736
302.2174397295701,1.6648880261319774
302.21745360330823,1.6648604837046599
302.2174630471978,1.6648376782289416
302.2174694578745,1.6648188636230912
302.21747380234126,1.6648036479681247
302.21747679028726,1.664790712597234
302.2174786643969,1.6647761052889753
302.21748002496133,1.6647716249618931
302.21748110477785,1.664768069135303
302.21748318227515,1.6647419861236425
302.2174827132003,1.6647327088396513
302.21748179983626,1.6647088970786907
302.2174789366831,1.6646866334950432
302.21746994976576,1.6646467073350604
302.21725666937397,1.664377608106372
302.2122024246844,1.663029378936873
302.1823098920737,1.6604009901329246
301.82875705952875,1.6511106427029225
300.41454395455463,1.6379820012747621
299.00033057857786,1.6311151218454933
297.5861171284929,1.6264873328989893
296.1719036417065,1.6232574640663495
294.7576901311116,1.6211769255478805
293.34347660253314,1.620268992148922
291.92926306193124,1.6207465632041118
290.5150495221112,1.6229089379569783
289.1008360025551,1.626943236496093
287.6866225191883,1.6328156129738343
286.27240908029,1.6404057059396167
284.85819569216557,1.6496849797021345
283.4439823653768,1.6607994337470922
282.029769119927,1.674121958323449
280.6155559981255,1.6903763990754612
279.42517474454195,1.7073550767446233
278.56705695186986,1.7224844530936503
277.94846010723404,1.7357833110155192
277.5025283052521,1.7473697871496923
277.18106669137796,1.7574145022805525
276.9551944598341,1.7658699243257758
276.79648733240214,1.7729587829435114
276.6849732198919,1.7788866602472957
276.606618895513,1.7838361638703828
276.55156402616757,1.7879655413566768
276.5128803287791,1.7914097317645774
276.4856997015021,1.794282589924036
276.46660161215925,1.7966795322947815
276.45318265167873,1.798680189778687
276.44375408429937,1.8003508606936736
276.4371293336725,1.8017466786254137
276.43247466169515,1.8029134768339887
276.42920424920806,1.80388936486541
276.4269064753066,1.8047060479520818
276.42529211810853,1.805389924347832
276.42415795846114,1.8059629949349092
276.42336120640664,1.806443616226545
276.42280153218206,1.80684712392188
276.4224084405013,1.8071863501521803
276.42213239927827,1.8074720541246037
276.4219386064232,1.8077132830965619
276.4218026103352,1.8079176789847997
276.4217072344857,1.8080917427873884
276.42164040408204,1.8082404023416474
276.42159486621955,1.808366284139278
276.4215639157396,1.808473232745674
276.421542972321,1.8085650791154695
276.4215288952611,1.808645686345887
276.42151956233636,1.808721434262343
276.4215133902285,1.808805888591097
276.4215117109895,1.808883379351266
276.42151184016984,1.8089181879059917
276.421518739345,1.8090354858943862
276.42154269912874,1.809198856471422
276.42157781702633,1.8093434364928513
276.42167820845583,1.8096122071500966
276.4222613698363,1.8104271101210467
276.4231040788188,1.8111304884268282
276.44305084625904,1.817059926050239
276.47181171376894,1.8212725415261088
276.55474579743327,1.8287016882943619
277.0451938784077,1.8489355095027946
277.7523001077156,1.8627850538331332
277.8526821040277,1.8641500590148954
279.26689544115374,1.875046542271217
280.6811088793498,1.8764208291639721
282.09532230540685,1.872145946977318
283.50953569547,1.864132492473992
284.92374905198005,1.8536545839310685
286.33796238550366,1.8416338679849718
287.7521757068639,1.82872445888396
289.1663890240336,1.8153640618909221
290.5806023415492,1.8018220185491067
291.9948156609294,1.7882419010973118
293.4090289812094,1.7746730965082593
294.8232422991475,1.7610882693684038
296.23745560843946,1.7473832926135653
297.37942663761885,1.7360911082349952
298.1818233562408,1.7279293200200458
298.74562092773107,1.7220179342647757
299.141768736274,1.7177431231482219
299.4201187937906,1.71466290015252
299.6156992135977,1.7124531539874193
299.7531222163217,1.7108747590696152
299.84719601249395,1.709780714764281
299.9115948319928,1.7090249615767579
299.95567945629244,1.7085042445541867
299.98585786821917,1.708146152449938
300.0065166934182,1.7079002312869076
300.0,1.7079778772722363
300.0,1.7079778772722363
299.99348330657716,1.7080554527031846
300.0141421317608,1.707809299520932
300.04432054351093,1.707448537846223
300.0884051672243,1.7069189624962395
300.15280398516376,1.7061396554471706
300.24687777754264,1.7049883745219745
300.38430077140976,1.7032766802866366
300.5798811714346,1.700770964390303
300.85823118433365,1.697032108253715
301.25437888545935,1.6912201710604275
301.81817612966285,1.6809866623662528
302.20922515806143,1.666908367218763
302.21729019534206,1.6650615915387295
302.2174562703352,1.6648545920377846
302.21747046899793,1.6648176198070184
302.21748047430077,1.6647724007641096
302.2174834771162,1.6647348792502337
302.2174828468615,1.6647199899038463
302.2174815211113,1.6647071883822648
302.21748033569406,1.6646957419236612
302.2174782880146,1.6646829178630036
302.21747521433616,1.6646679683692231
302.21747061264256,1.6646504261417094
302.217463788933,1.6646297931968592
302.2174537284269,1.6646053462338253
302.2174389449468,1.6645762164607087
302.21741726568354,1.6645413738722417
302.21738551557075,1.6644995848704265
302.2173390557508,1.6644493672404908
302.21727110926855,1.6643889384711015
302.2171717759877,1.664316154028882
302.2170265935365,1.664228433473295
302.21681443351514,1.6641230806908451
302.21651241699726,1.6639986284746202
302.2160825169702,1.6638515865909942
302.21547061524,1.6636774704400261
302.21459968989507,1.6634710100271228
302.21336012300424,1.6632260034513067
302.2115959060962,1.6629351517105266
302.2090850077612,1.6625898727452393
302.2055114327974,1.662180093604075
302.20042545677273,1.661694021145107
302.1931870318431,1.6611178938834843
302.1828852419057,1.6604357209078153
302.1682236711694,1.6596290186554814
302.1473572607013,1.6586765634520493
302.117660122662,1.657554188042567
302.0753950935251,1.656234665235755
302.0152434422187,1.6546877433992928
301.9296355507527,1.65288043065245
301.80779833888727,1.6507776742132267
301.6343995589203,1.648343663458654
301.387618356026,1.645544134477234
301.0363992897219,1.642350358150396
300.5365442572012,1.6387461980405784
299.8251505185707,1.6347414921365893
298.81269489422345,1.6304007980490431
297.40821639864856,1.6260127564148563
295.9940029071409,1.6229342101324367
294.57978939433605,1.6209954354128646
293.1655758653863,1.620246889128075
291.75136232624595,1.6209200862348516
290.33714878889697,1.6233121987616106
288.9229352720402,1.6275834284577653
287.50872179233835,1.6336779472980418
286.094508358817,1.6414789785229347
284.68029497831196,1.6509769925180642
283.26608166273235,1.6623431862448577
281.8518684356019,1.675985067354791
280.4376553442287,1.692688355423964
279.0234424959476,1.7140567126032615
277.60923022236926,1.7443929822497677
276.9021248563521,1.7681065673153824
276.6569013280314,1.7805647858895595
276.4868153398281,1.7941541476974008
276.42783127329454,1.8043599249430606
276.42284528810467,1.8068126238819509
276.42198165589605,1.80765561871375
276.4216829923947,1.8081421806447326
276.4215774775948,1.8084239202057255
276.4215405573928,1.8085786201182215
276.421515639377,1.8087676885099566
276.42151212181733,1.8088302516977013
276.42151153100934,1.808883380267677
276.42151563624225,1.8089982108844578
276.42152237883363,1.8090719071408725
276.4215323174794,1.8091424059542476
276.42154719253784,1.8092215182268265
276.421569288763,1.8093132986748999
276.4216019056914,1.8094208835083105
276.42164986204665,1.8095480880790231
276.4217202139917,1.8096987647436609
276.42182059529557,1.8098753810124497
276.4219637093449,1.8100828551733175
276.42216762785296,1.8103276329365223
276.42245807574346,1.8106172661051627
276.4228716669514,1.8109606466511794
276.4234605119176,1.8113682720855708
276.4242987752237,1.8118525480851395
276.42549200857337,1.8124281351406846
276.4271904335913,1.813112344326076
276.4296078459676,1.813925585058858
276.4330485198795,1.8148918638426483
276.4379454983921,1.8160393262215115
276.44491508837433,1.8174008224743523
276.4548344176735,1.8190144574688782
276.46895181448997,1.820924051134396
276.48904389930254,1.8231793787080175
276.5176391580901,1.8258359634488133
276.55833613172814,1.8289540318598054
276.6162562631169,1.8325959661343498
276.6986883891784,1.836821120235986
276.8160059818076,1.8416760649398887
276.9829725650907,1.8471769496726473
277.2205995849057,1.8532782939743218
277.55879052859746,1.8598184380859486
277.7523001864937,1.862785052030522
278.40308934654786,1.869977585538492
279.32929266452055,1.8752657212153352
280.6141219823891,1.8765023381960686
282.02833542658385,1.8724446125782737
283.44254882744195,1.8645761479408556
284.85676218961294,1.8541918481607191
286.2709755259859,1.8422275473954774
287.68518884864153,1.8293488396546504
289.09940216630895,1.8160025786496723
290.51361548395823,1.8024650511099525
291.92782880334494,1.7888849720095008
293.3420421236302,1.7753156753610582
294.75625544162693,1.761733301550502
296.1704687513403,1.748037702383227
297.5846820420883,1.734025782517032
298.99889529265135,1.7192983511535418
300.4131084488079,1.702913006226301
301.8273212448603,1.6807836345148166
302.1808739093413,1.6693741177004733
302.2107664248849,1.6666925716934855
302.21582089250273,1.6657023977455678
302.2166971404693,1.6653983906118115
302.217320306203,1.6650347241136891
302.2174281053681,1.664907882506653
302.21746616257997,1.6648290318917915
302.2174793946276,1.6647803623634965
302.2174825793353,1.6647327092490387
302.21748309241167,1.6647243226553472
302.21748230963954,1.6647069131279557
302.21748112079587,1.6647026510362817
302.2174798857541,1.664698223321019
302.21747825387405,1.6646820029612095
302.21747550138474,1.6646687307297834
302.2174715562976,1.6646537314901733
302.2174657260322,1.6646352608847192
302.21745712190597,1.6646130598038786
302.2174444697378,1.664586438946722
302.21742590696374,1.6645544563138075
302.21739871142614,1.6645159808694694
302.21735890621244,1.6644696522921594
302.2173006816116,1.6644138288389532
302.21721555059787,1.6643465303807252
302.21709111517004,1.6642653705951413
302.21690926421485,1.6641674754411337
302.21664353936853,1.6640498376284736
302.2162652897016,1.6639108378293512
302.2157268949126,1.663746586076483
302.21496058362334,1.6635520901713667
302.2138699027402,1.663321486843859
302.21231757988943,1.6630478818827261
302.21010824880796,1.6627231707423324
302.2069638640851,1.6623378379536633
302.2024887113994,1.6618807349418112
302.1961196100735,1.6613388378762965
302.1870550413399,1.6606969900761752
302.1741542836827,1.6599376377338988
302.1557938622519,1.659040573952602
302.1296632476673,1.657982715132248
302.0924740945546,1.6567379467717234
302.0395464298302,1.655277094613632
301.9642197158672,1.6535681047889224
301.85701467559363,1.6515765587109494
301.70444040197117,1.6492667162221188
301.48729663620395,1.646603399177895
301.1782575700796,1.6435552593395912
300.7384331134479,1.6401004861247435
300.1124748900617,1.6362372996826213
299.2216110907611,1.6320053436542807
297.9858047750888,1.6276333172512385
296.5715912953067,1.6240491558260508
295.1573777904534,1.6216510779502935
293.74316426753995,1.6203972557418311
292.32895073156556,1.620453597484319
290.9147371915001,1.6221119674065094
289.50052366388866,1.6256117996746071
288.0863101675222,1.63097716468363
286.6720967143767,1.6380909565612398
285.25788331120623,1.6468864328687038
283.84366996709747,1.6574555502067545
282.4294566998898,1.670099604758399
281.0152435448753,1.685421627048112
279.6010305771006,1.704598279661191
278.1868179938249,1.7303503902600486
276.7726067618418,1.7741462309833371
276.59583100415455,1.7845925054442389
276.47322040938633,1.7958010715946109
276.4307004284041,1.803421702236427
276.4235115080441,1.8063459931629438
276.42226579616874,1.8073274697051516
276.4218344877361,1.807865969546567
276.4215295363179,1.808642581423042
276.42151706088845,1.8087496834160746
276.42151144698596,1.8088833806912272
276.42153630576667,1.8091647042416925
276.4215556992439,1.8092588979730964
276.42158240999396,1.8093596321018932
276.42162177160725,1.8094769903070338
276.4216795713942,1.8096158891925507
276.42176429825855,1.8097806396633769
276.4218851360284,1.8099738707633592
276.42205736199713,1.8102009689336178
276.42230271135077,1.810468984692225
276.42265212268,1.810786178527305
276.4231496299164,1.8111622752161292
276.4238579035731,1.8116087512640622
276.4248661372773,1.8121391619213865
276.42630127203296,1.8127695143292994
276.42834397068657,1.8135186911832795
276.4312513528499,1.814408926221091
276.435389351283,1.8154663275479859
276.4412787615244,1.8167214357788466
276.4496607797417,1.8182097883643369
276.46159027620877,1.8199724350069855
276.4785685421214,1.8220563044010762
276.5027322148627,1.82451424727967
276.5371221564317,1.8274044540448502
276.58606612120707,1.8307887311841764
276.65572336868104,1.8347287574606481
276.75485975625605,1.8392788212468751
276.8959508512343,1.8444724774058066
277.0967518796625,1.8502987307427665
277.3825320772733,1.8566601994472733
277.75230028514693,1.8627850500879344
278.3165059058512,1.8692215112143238
279.11948349897335,1.874458535722496
280.233374096786,1.8767173938455035
281.64758754651194,1.8739770030090612
283.061800959602,1.8669883566015306
284.476014330989,1.857176657743884
285.89022767301753,1.845562004617502
287.3044409983477,1.8328773011490593
288.7186543167189,1.8196234827698476
290.1328676340794,1.8061181946975755
291.54708095298145,1.7925408057745176
292.9612942732395,1.778967916207273
294.37550759230726,1.7653955502603118
295.78972090505016,1.7517452480583857
297.2039342023746,1.737846750980673
298.6181474669519,1.7233704269411225
300.0323606581817,1.7075916786515806
301.44657362416893,1.6880914150591202
302.1536795294461,1.6709095538779564
302.21346485086997,1.6662449960485002
302.2159920574881,1.6656508377897203
302.21686823807386,1.6653212190430255
302.21717982250266,1.6651454370328334
302.21740125472814,1.6649466792280183
302.2174794367809,1.6647759540186948
302.21748256968056,1.6647515478743038
302.21748293050945,1.6647327081734609
302.2174817574017,1.664709925771474
302.21747940343124,1.6646892386266035
302.21747573605955,1.6646697762682825
302.21747025746697,1.6646490359263681
302.21746214423274,1.6646253405344598
302.2174501868506,1.6645977415103683
302.2174326231585,1.6645652639593358
302.2174068769593,1.6645267322136186
302.2173691823287,1.664480759704062
302.21731403644884,1.6644257046443471
302.2172333998526,1.6643596073366358
302.21711552785393,1.6642801196166106
302.21694326338525,1.6641844234296945
302.21669154149924,1.6640695845426066
302.21633322030414,1.6639339952807446
302.2158231872849,1.663773863963412
302.21509724017903,1.6635843162443504
302.21406400539973,1.6633596304018985
302.21259343969916,1.6630930799418522
302.21050046528734,1.6627767572044894
302.20752167929555,1.662401375994276
302.203282206659,1.6619560526083723
302.19724852512405,1.6614280664974594
302.1886613257868,1.6608026045714697
302.1764399602058,1.660062497131721
302.1590464495275,1.6591879593239758
302.13429194227126,1.6581563605314655
302.0990612650474,1.6569420564457276
302.04892090313854,1.6555163363842138
301.97756107846254,1.6538475644963537
301.87600171492943,1.651901632879119
301.7314623683368,1.6496429072977588
301.52575391059526,1.647035954408008
301.2329895747138,1.6440485468705741
300.8163273140111,1.640656892126846
300.22333352771545,1.6368551400181781
299.37938471515645,1.6326743906359527
298.20865886909985,1.6283233860551145
296.79444539445666,1.624530721735236
295.3802318929185,1.6219546899540784
293.9660183725442,1.620514193041949
292.5518048382007,1.6203464113010764
291.1375912978732,1.6217323911928374
289.72337776697594,1.624934419777482
288.30916426466933,1.6300123662232062
286.8949508042208,1.6368581934685191
285.4807373927132,1.6453872740824962
284.06652403841167,1.6556629033959709
282.6523107573411,1.6679494915483293
281.2380975811322,1.682791584115889
279.8238845757851,1.701241632833469
278.40967190681476,1.725634241831937
276.99546025647066,1.7642462360226714
276.64190821303225,1.7815011840649313
276.51929708563597,1.7907952018683244
276.43425561612224,1.8024426655749215
276.4270660388711,1.804644347339154
276.42208118347,1.8075316392765592
276.42166068005514,1.808192372235499
276.42151704795606,1.8087482748204402
276.42151191470595,1.8088433355158795
276.42151148287485,1.8088833805118223
276.4215143492402,1.8089787156232435
276.4215233090775,1.8090774519850892
276.4215359010358,1.8091623720333403
276.42155415444137,1.809253245218017
276.42158124806457,1.8093558977301956
276.42162116356104,1.8094753875510206
276.42167979178083,1.809615654717863
276.4217635006212,1.8097792249461575
276.42188289679916,1.8099706038517873
276.42205306664283,1.810195785706159
276.4222954879864,1.8104617489122778
276.4226407310055,1.8107766825665021
276.4231323051116,1.811150238015593
276.4238321341983,1.8115938126595705
276.4248283492238,1.81212087405531
276.4262463787483,1.8127473304922779
276.42826473307275,1.8134919523191475
276.4311374682818,1.8143768452804403
276.4352261571073,1.8154279720849187
276.4410453898849,1.816675709504114
276.4493275315302,1.8181554130457105
276.4611148836749,1.8199079352226772
276.4778908498209,1.8219799995760848
276.50176660958437,1.8244242586796087
276.5357467934711,1.8272987398757543
276.58410759120073,1.8306651722068434
276.652934875446,1.8345853313011504
276.7508900594941,1.8391139305331725
276.890300065792,1.844285543223177
277.0887085690443,1.8500912428427534
277.37108372514115,1.8564375518984588
277.7523004221586,1.862785046998201
278.30978359978997,1.8691605600633219
279.1031938094461,1.8743873098316057
280.20381253307846,1.876715542051329
281.61802598311465,1.8740836834588879
283.03223939717907,1.8671674660432713
284.446452769321,1.857403216209349
285.8606661118273,1.8458178562055452
287.2748794373938,1.8331496707599078
288.68909275583667,1.8199039421436716
290.1033060731815,1.8064016630972235
291.5175193920447,1.792824687914619
292.9317327122924,1.7792514873677718
294.3459460314273,1.765679644929248
295.7601593443774,1.7520323298315077
297.1743726421598,1.7381416298018801
298.58858590770507,1.7236826384949804
300.0027991012608,1.707944535407771
301.41701207647986,1.6885902006747837
302.12411804940905,1.672256980437382
302.1839036099958,1.6691732115611775
302.2046369801772,1.6674542458292767
302.21182711911604,1.666529588714746
302.2168137251028,1.6653468506283309
302.2172458265213,1.6650981690426314
302.21739928857744,1.6649491453405663
302.2174536404195,1.6648603748549546
302.2174727518922,1.664809722466125
302.21747947259985,1.6647773545864064
302.21748279527276,1.6647327085872767
302.2174832719407,1.664726457324749
302.2174820378064,1.6647073405097141
302.2174818002113,1.6647036601473915
302.21748104484703,1.6647021494728178
302.21748022532853,1.664700510494379
302.21747914108505,1.6646867715220903
302.21747730876535,1.664677439006907
302.2174748491871,1.6646649116891425
302.2174709802477,1.6646516079469578
302.2174653682263,1.6646323104399374
302.21745675934545,1.6646120006787606
302.2174441725249,1.6645859442199387
302.21742570682414,1.6645541654136553
302.21739865206456,1.664515907384405
302.21735905315586,1.6644698112103111
302.2173011305372,1.6644142248953395
302.2172164410376,1.6643471758681163
302.2170926508223,1.6642662877121692
302.21691174256307,1.664168696229241
302.2166473949279,1.6640514023389015
302.216271105374,1.6639127944430747
302.2157355002699,1.6637489925473696
302.2149731592938,1.6635550181914174
302.21388812898306,1.6633250235417025
302.21234384804217,1.6630521319589648
302.2101459622168,1.6627282590153543
302.2070178663887,1.6623439122868995
302.2025658960616,1.6618879695247903
302.1962297878701,1.6613474368131294
302.18721217496534,1.6607071911676483
302.17437824484244,1.6599497162826755
302.15611293235594,1.6590548463150137
302.13011767681706,1.6579995415703497
302.09312116669355,1.6567577329417111
302.0404676714654,1.6553002906917755
301.96553115552234,1.6535952007426165
301.858881445062,1.6516080734541467
301.7070975168197,1.649303177121522
301.49107857058584,1.6466453060354076
301.183640347608,1.6436030221703466
300.7460942109277,1.6401543148367628
300.1233784924816,1.6362969938345446
299.23712942620017,1.6320698373676614
298.00772466817443,1.6276995106074996
296.5935111888806,1.6240952315182804
295.17929768434675,1.6216797043287114
293.7650841616781,1.62040734426141
292.3508706258551,1.6204413070170491
290.93665708574565,1.6220725909244194
289.522443557789,1.6255430982671017
288.1082300608248,1.6308803397326015
286.6940166069543,1.6379678652540872
285.2798032029546,1.6467370527459344
283.86558985782506,1.657276992750417
282.4513765892181,1.6698852668406639
281.0371634320452,1.6851589014142552
279.6229504603952,1.7042615260911855
278.2087378680519,1.7298720040817592
276.7945265858592,1.7730548538503994
276.44097586918497,1.8009072890128548
276.4263928170811,1.8049110580697532
276.4239275225608,1.8060935750635714
276.42221856493705,1.8073770848539605
276.4216272577602,1.8082747409911426
276.42152618609987,1.8086667132486236
276.4215180666624,1.8087385993788987
276.421513157729,1.8088081014902313
276.42151133609923,1.8088833812557623
276.4215189195038,1.8090372713426919
276.4215283547041,1.8091152555966952
276.42154132437656,1.809192718793014
276.42156069574173,1.8092802599968592
276.42158933447865,1.809382201383918
276.4216314859166,1.8095024503905335
276.42169336480094,1.8096445779052643
276.4217816909059,1.8098109477820694
276.42190765085695,1.8100061877272127
276.4220871575762,1.8102363733083422
276.42234286398195,1.810508614534423
276.4227070121123,1.8108312786922531
276.42322549044445,1.811214242423182
276.4239636085438,1.811669179005544
276.4250143157132,1.812209887793618
276.42650989788314,1.8128526714051463
276.428638624696,1.8136167643326022
276.4316684416835,1.8145248135788343
276.43598068900366,1.8156034063957742
276.4421180899675,1.816883630602688
276.45085304832116,1.8184016363763291
276.46328484894354,1.8201991403126376
276.4809779938794,1.8223237650311
276.5061590821769,1.8248290276963377
276.54199700926273,1.8277736560917428
276.593001746674,1.8312196832474255
276.665591885344,1.835228385134854
276.7689023631566,1.8398524661480948
276.9159340227181,1.8451217645752145
277.12518966182836,1.8510177984195058
277.42300246024,1.8574291032554093
277.7523004258258,1.862785046744334
278.32538900693487,1.8693015487986888
279.14100883256606,1.8745507123654508
280.27243673504034,1.876715594319149
281.6866501843268,1.8738332306015324
283.10086359613445,1.866749812217919
284.51507696653243,1.8568760922649548
285.92929030793834,1.8452232191787998
287.34350363296267,1.8325170214609365
288.75771695124325,1.8192527233418518
290.171930268626,1.8057435771663344
291.58614358757933,1.7921656914757471
293.0003569078494,1.7785932096812749
294.41457022682505,1.7650201000919192
295.8287835392882,1.751365739662366
297.2429968359967,1.7374567285230347
298.65721009927034,1.7229570562685903
300.07142328734915,1.7071233281406364
301.48563624051167,1.6874210113605748
302.192742010548,1.66853136566233
302.20732590121764,1.6671487488479617
302.21744035835167,1.6648871254763788
302.217466358494,1.6648287869562721
302.21747533896297,1.6647977267283274
302.2174815635162,1.6647613230905562
302.21748311569104,1.664732707606722
302.21748207594044,1.6647095373315337
302.2174807779952,1.6646997250298723
302.2174791284156,1.6646872544168403
302.21747642219185,1.664673322417666
302.21747239772367,1.6646567659807243
302.21746641380423,1.6646372049234497
302.21745757576036,1.6646140960950038
302.2174445761457,1.6645866231439381
302.21742550160184,1.6645538066058956
302.21739755563016,1.664514484156741
302.2173566523024,1.6644672619293128
302.21729682231995,1.6644104639543968
302.21720934531896,1.6643420741628168
302.21708148230243,1.6642596668511251
302.21689462394033,1.6641603236414804
302.2166215840016,1.6640409956452835
302.21623292334795,1.6639000336853385
302.2156797115276,1.6637334960179953
302.21489231256595,1.6635363219614794
302.21377161965944,1.663302569832624
302.21217658366635,1.6630252551152966
302.2099064632226,1.6626961691263886
302.20667556307023,1.6623056765386512
302.2020772816232,1.6618424914266559
302.1955329434477,1.6612934336221972
302.18621897763813,1.660643170154644
302.1729632780753,1.6598739509288472
302.1540977033418,1.6589653542198572
302.1272481545986,1.6578940668505702
302.0890358144185,1.6566337373288433
302.0346519498924,1.6551549596494524
301.95725277241064,1.6534254740346577
301.84709820210304,1.651410714464543
301.69032615738996,1.6490749033431162
301.4672081238687,1.6463830180815595
301.14966647994714,1.643304199518981
300.6977411546712,1.6398177188481668
300.0545609751079,1.6359240127513388
299.13918688783497,1.6316674159247309
297.86937990066866,1.6272877050824843
296.4551664183515,1.6238090971584376
295.04095291182415,1.6215035781951195
293.6267393876291,1.620348922493367
292.21252585088536,1.620525372800512
290.79831231112286,1.6223286262820815
289.38409878542456,1.625984254489762
287.96988529227934,1.6314984441780902
286.55567184300924,1.6387514571298267
285.14145844427793,1.6476869379384929
283.7272451056613,1.6584122350342128
282.3130318460238,1.671248718175323
280.8988187027609,1.686832318137477
279.48460575628275,1.7064122143115288
278.0703932238294,1.7329491852971959
276.6561823113693,1.7806090164559423
276.47940711473296,1.7950283250583223
276.4495151220599,1.7992965211790053
276.4287831356201,1.8040289326542878
276.42159569676835,1.8083643833279799
276.4215222501633,1.8086976386129985
276.4215115481737,1.8088527547608475
276.4215114724106,1.8088833805627358
276.42151244151773,1.8089379039818454
276.4215160239817,1.809003881499871
276.42152223092035,1.8090695969128057
276.4215318749402,1.8091393278715169
276.42154638942657,1.809217709769546
276.42156796409955,1.8093083618282226
276.42159981628305,1.8094146382249168
276.4216466547415,1.8095403433938457
276.4217153735792,1.8096892661428787
276.4218134306514,1.8098638346031655
276.42195323683467,1.8100689114207507
276.4221524475978,1.8103108669719248
276.422436195446,1.8105971660654467
276.42284025117976,1.8109365992474664
276.4234155252889,1.811339545301474
276.4242344745837,1.8118182707943526
276.42540022026844,1.8123872733797879
276.42705952488126,1.813063674049245
276.42942126114167,1.8138676613274045
276.43278269685646,1.8148229867122805
276.43756690362596,1.815957504158619
276.4443759969323,1.8173037351066896
276.4540669074435,1.8188994211416487
276.4678592187373,1.8207879935861753
276.48748864194886,1.8230188339352398
276.5154254408834,1.8256471058704795
276.5551852946247,1.828732782444804
276.6117717171784,1.83233822616054
276.692305709074,1.8365232275606194
276.8069218774683,1.841335634900264
276.9700437941766,1.8467943785622856
277.2021990850452,1.8528594026799705
277.5326026648199,1.859379073697906
277.75229988095873,1.8627850594227664
278.38810364006036,1.8698505108993317
279.2929797298535,1.8751402655613045
280.5482239181747,1.8765701769334637
281.96243736350726,1.87273019365939
283.3766507664374,1.8650071494971545
284.7908641301352,1.8547169646848842
286.2050774674219,1.8428096135140852
287.6192907904929,1.8299620785408715
289.0335041082547,1.816630321008464
290.4477174258436,1.8030975556410076
291.8619307451496,1.7895176277083793
293.27614406544524,1.7759477944775766
294.69035738365596,1.7623676191313482
296.10457069394386,1.7486808141812276
297.51878398592555,1.7346903487981344
298.93299723913634,1.7200103525185058
300.34721040213174,1.7037423634049924
301.7614232369985,1.6822060012829207
302.11497607197424,1.672631969992337
302.1747616248808,1.6697567250496523
302.2162281752725,1.665574827771263
302.2171044806701,1.665194040044177
302.2174079287143,1.6649375243535354
302.2174602580531,1.6648450486900976
302.21747847929726,1.6647815564568442
302.2174814732401,1.6647605442443936
302.2174829806367,1.66473270802004
302.21748219190835,1.6647133076631895
302.21748105551586,1.6647023135588812
302.21747955482726,1.6646877950475147
302.2174767726879,1.6646745631768192
302.21747288449916,1.6646560709287554
302.2174667611317,1.6646378577996574
302.217457828786,1.6646147716171407
302.2174446898925,1.6645868591406705
302.21742540583614,1.6645536468839337
302.21739715212397,1.6645139605499915
302.2173557985056,1.6644663610245485
302.2172953101827,1.6644091545476307
302.2172068710872,1.6643403110664168
302.21707760238087,1.664257388618963
302.2168886904109,1.664157450380777
302.21661265043724,1.6640374304201364
302.2162197200667,1.663895666917647
302.21566043153257,1.6637281970744913
302.21486438415815,1.6635299322290882
302.2137313828084,1.6632948987478509
302.2121188294247,1.663016075366945
302.20982377822196,1.6626852110823314
302.2065573966088,1.6622926219001841
302.20190861794526,1.6618269661652576
302.19529241213223,1.6612750003256531
302.18587616430403,1.660621319992749
302.17247489697735,1.6598480956292203
302.15340215020916,1.658934818667182
302.12625775423504,1.6578580832713845
302.0876257874868,1.6565914425267234
302.0326447104421,1.6551053974700316
301.95439558011964,1.6533676063306435
301.84303135694785,1.6513434455190743
301.6845377343002,1.64899712554626
301.4589695510876,1.6462936919118265
301.1379408541537,1.6432024918169743
300.6810527550617,1.6397032492147763
300.0308095558344,1.635797327877376
299.1053833789985,1.63153103300168
297.8216321331797,1.6271488216991208
296.4074186498502,1.6237129039404732
294.9932051426472,1.6214453057417784
293.5789916179356,1.6203316784069584
292.16477808089405,1.6205579982605929
290.75056454129015,1.622421151049688
289.33635101641477,1.6261406724517018
287.92213752461237,1.6317156277906024
286.50792407694337,1.639025608416877
285.09371068005026,1.6480187057843707
283.6794973437214,1.6588086629847307
282.2652840872577,1.6717252575921333
280.8510709489589,1.6874184232860732
279.4368580115789,1.7071687988974749
278.022645501365,1.734044654437831
276.6084347561952,1.7837109858421138
276.4316602771956,1.803141294908134
276.42436919722456,1.8058480994286028
276.42184246390457,1.8078532124948603
276.421624232189,1.8082827891012898
276.4215495061854,1.8085346418914796
276.421523787101,1.808685191321499
276.4215153849379,1.8087681624001455
276.42151164133264,1.8088833797088468
276.42151810738807,1.8090292157133927
276.42153313795245,1.8091461663066295
276.4215532060155,1.8092481043874002
276.421582119207,1.8093579129920725
276.4216236114272,1.8094820202370947
276.421684572416,1.8096259710773646
276.4217716007792,1.8097934883882232
276.4218957248315,1.8099891878678314
276.4220726255189,1.8102192237172385
276.4223246275998,1.8104907376870283
276.42268350685146,1.810812095858171
276.4231944886582,1.8111931480262307
276.423921939188,1.8116455182402778
276.4249574653097,1.8121829353331176
276.42643144254254,1.8128216099005672
276.4285294217276,1.8135806619911616
276.43151547906484,1.8144826004941677
276.4357654479256,1.8155538497568064
276.44181421439424,1.8168253094703513
276.4504230282992,1.818332917680131
276.4626753002806,1.8201181591819326
276.4801129401789,1.8222284151192354
276.50493039382746,1.8247169713221634
276.5402507962056,1.8276423711071952
276.5905189925898,1.8310665754841589
276.66206088622744,1.8350510156044588
276.76387950189803,1.8396489769678557
276.9087879434918,1.8448916474134491
277.11502181909,1.8507632524532731
277.4085340440729,1.857157416617005
277.7523002806774,1.862785050087652
278.3317709471001,1.8693586971147467
279.15647375889574,1.8746155826929325
280.30050157953946,1.8767113474271855
281.71471502849016,1.8737279827817241
283.1289284393801,1.8665771271346634
284.5431418090736,1.856659320776975
285.9573551500382,1.8449793284659086
287.3715684748474,1.8322579196128856
288.78578179306555,1.8189862381797606
290.19999511046547,1.8054744018097004
291.61420842945546,1.7918961933744924
293.02842174973296,1.7783240015463204
294.44263506864,1.7647503204062942
295.85684838089804,1.751092965093565
297.271061677156,1.7371762494546046
298.6852749394753,1.722659478820027
300.0994881252342,1.7067853340742232
301.5137010687079,1.6869308608772395
301.8672541310211,1.679872752613968
302.1124782446196,1.672731728894519
302.1975215733374,1.66813764790496
302.2119020887588,1.6665175301400033
302.21688873770313,1.6653115068828055
302.2173207907495,1.665034274742519
302.21747005197653,1.664817001672643
302.2174825206069,1.6647505323032197
302.21748299599204,1.6647327079732328
302.21748140630694,1.6647049024269667
302.2174791216608,1.6646874175536175
302.21747574464763,1.6646700892864024
302.2174706925235,1.6646506198589939
302.2174631976227,1.6646281516578874
302.21745214635376,1.6646018831587277
302.21743590928577,1.6645708584824939
302.2174121027177,1.66453395819087
302.2173772425104,1.6644898635993375
302.2173262378049,1.6644370044041836
302.21725165105903,1.664373500834896
302.21714261695604,1.664297097527974
302.2169832630628,1.664205085494881
302.21675040106487,1.664094640936944
302.21641892132027,1.6639642190832054
302.21594708909555,1.6638101683773248
302.2152755093816,1.6636277949795284
302.2143196502828,1.6634115866496118
302.212959205649,1.6631550603011873
302.21102295552987,1.6628505907034972
302.20826721953506,1.6624892183019555
302.20434519163126,1.6620604352731088
302.19876329741027,1.6615519506508711
302.1908190817415,1.6609494378555856
302.1795128104726,1.6602362716293033
302.1634216619652,1.6593932667745637
302.1405206764859,1.6583984389614088
302.107927931378,1.6572268192388093
302.0615418743653,1.65585037029025
301.9955251763095,1.6542380764166658
301.9015701504554,1.6523563150511777
301.76785329709935,1.6501696738358367
301.5775474115608,1.6476424724316692
301.3067040162434,1.6447414261737425
300.92123963793546,1.6414402635187864
300.3726466776394,1.6377280075793932
299.591889120448,1.633625113293947
298.50882218379206,1.6293157817545534
297.0946087167581,1.6252262531298185
295.6803952199363,1.622407494035322
294.2661817031574,1.6207209786761205
292.85196817130156,1.620262821572604
291.43775463123086,1.6212930426114347
290.02354109670233,1.6240963358940244
288.6093275869204,1.6287822337173403
287.1951141168872,1.6352633623531583
285.78090069445216,1.6434358668656535
284.3666873270218,1.653326203682778
282.9524740284564,1.6651518390917668
281.5382608261024,1.6793864570402746
280.12404777585135,1.696940276470909
278.70983501054013,1.7197419373917553
277.29562299509735,1.753619582308499
276.5885184222305,1.7851182070325295
276.46894813880357,1.7963613264599243
276.4285110608007,1.8041212406540317
276.4216752442636,1.8081593971343737
276.4215351097515,1.808608370154685
276.42151273819906,1.808820380699137
276.4215116023294,1.8088573560141594
276.4215116816182,1.8088833795027368
276.4215132176209,1.8089572101523568
276.42151898507854,1.8090391617822994
276.4215278250414,1.8091134282794634
276.4215412005963,1.8091923081060524
276.4215611234308,1.809281961049886
276.4215905835789,1.8093862158102327
276.42163394450415,1.8095087902511136
276.4216975945307,1.8096533684129852
276.42178844317255,1.8098224494816526
276.42191799487375,1.8100207256983665
276.42210261438487,1.8102543772798607
276.42236559798056,1.8105306265133643
276.4227401034451,1.8108579659124633
276.42327332262147,1.8112464149422924
276.4240324200737,1.811707811615241
276.42511298516996,1.812256146308139
276.4266510612021,1.8129079434048236
276.4288402653024,1.813682694396588
276.4319561535585,1.8146033427618358
276.43639089747654,1.8156968151521655
276.4427026355448,1.8169945833697208
276.4516857103901,1.8185332243108996
276.4644706303056,1.820354915750419
276.48266633449686,1.8225077563117964
276.5085626649757,1.8250457146889254
276.5454185245493,1.8280278727292054
276.5978719832508,1.8315163896540034
276.67252394178223,1.835572211497235
276.7787688012741,1.8402468613065706
276.92997667239973,1.8455674632490346
277.1451758952305,1.851510115662422
277.45144760120854,1.8579532128044833
277.7523003288786,1.8627850488932793
278.34166657681635,1.8694467279585627
279.1804527839629,1.8747139474242656
280.34401709020113,1.8766999348211215
281.7582305385992,1.8735615959062812
283.1724439480724,1.8663072453859693
284.5866573166836,1.8563218574013653
286.000870656974,1.844600373100282
287.4150839814571,1.8318557575551448
288.8292972995829,1.8185728661285783
290.2435106170112,1.8050569912235244
291.65772393605783,1.7914783370733913
293.0719372563447,1.7779065884071645
294.48615057514144,1.7643319578774048
295.90036388707426,1.7506698256891715
297.31457718262055,1.7367409105776412
298.7287904434305,1.7221970966626707
300.14300362549534,1.7062587001554061
301.5572165530858,1.6861556558125115
301.91076959198074,1.6788286875188545
302.1559935870323,1.6707928562081416
302.1985151398642,1.6680502895460436
302.21326123793784,1.6662830876285404
302.2158179788753,1.6657032422961877
302.21670446951316,1.6653952187939645
302.21733492207505,1.6650207904981653
302.21744393510664,1.6648806320422045
302.2174820246373,1.6647534301076334
302.21748310841997,1.6647327076286396
302.2174835091938,1.6647268639229265
302.21748208791627,1.6647078931774848
302.217481857365,1.6647048158546038
302.21748151153804,1.664700199870146
302.21748058179924,1.6646980694363243
302.2174794903253,1.664695568397278
302.2174780218642,1.6646803601739568
302.2174756026048,1.6646692246470844
302.21747227008086,1.6646538854860176
302.21746703638627,1.6646388193699198
302.21745945224586,1.6646169870795977
302.2174479136857,1.6645930135263032
302.21743102776867,1.6645627390610425
302.2174062809793,1.664525982725894
302.21737005120457,1.6644817560376064
302.217317049509,1.6644284801339457
302.2172395481511,1.6643642485930652
302.2171262581086,1.6642867826973098
302.21696068830636,1.6641933389587131
302.21671874694295,1.664081044812522
302.2163743459064,1.663948351633748
302.21588412446584,1.6637915413967144
302.2151863734637,1.6636058416578576
302.2141932675581,1.6633856450337043
302.2127798133902,1.6631243551493013
302.21076812019066,1.6628142133257877
302.20790501367003,1.6624461041586067
302.2038301760858,1.6620093393034114
302.1980308031704,1.6614914205252795
302.1897770718616,1.660877785698668
302.17803029796954,1.660151545247647
302.1613122261649,1.6592932221483832
302.1375190034872,1.6582805167953394
302.1036564264408,1.6570881298722901
302.0554631446609,1.6556876934390554
301.98687440437135,1.6540478854192386
301.88925884807355,1.6521348401808575
301.75033232786325,1.649913027186308
301.552612044542,1.6473468709604113
301.2712164783961,1.6444035773802388
300.87073425067103,1.6410580407154753
300.30076788719515,1.637301701449728
299.4895917026961,1.633160018925853
298.36432804626867,1.6288286925474318
296.9501145754646,1.6248846047577292
295.53590107633454,1.6221832526129103
294.12168755779976,1.620614487648779
292.7074740247075,1.6202945244839948
291.2932604844304,1.6214943371558195
289.8790469515355,1.6244891031913196
288.46483344527195,1.6293643911042848
287.050619979815,1.6360216766401745
285.63640656259935,1.6443656011169945
284.22219320140823,1.6544400883876114
282.8079799111059,1.6664848448657947
281.3937667210167,1.6810066387612501
279.9795536916346,1.698980958973344
278.5653409703159,1.7225180566708191
277.1511291111285,1.7584538628673512
276.44402562800616,1.8002983527893317
276.4294422454054,1.8038121151447446
276.42438577519346,1.8058393340928012
276.42263294329825,1.8069852339959243
276.4220256663853,1.8075992333482345
276.42159488824296,1.8083669019107869
276.42152163615816,1.8087034076060446
276.42151151850334,1.8088833803300606
276.4215273091742,1.809107948961038
276.4215537633077,1.8092508247352035
276.42158961440987,1.8093824501451472
276.4216409852871,1.8095257901522173
276.4217144387728,1.809687419098251
276.42181927645845,1.8098732659583936
276.421968752271,1.810089511904836
276.42218173883464,1.8103430440739032
276.42248510171305,1.8106417733300777
276.4229170798312,1.8109949192126558
276.42353209733614,1.8114133030198343
276.4244076123311,1.8119096687327296
276.42565386428964,1.812499043323327
276.4274277467572,1.8131991437827013
276.42995255109463,1.8140308345534761
276.433546065849,1.8150186344245651
276.4386605678254,1.8161912643567917
276.44593973741195,1.8175822150578476
276.4562996604882,1.819230291580224
276.4710441103518,1.8211800559229783
276.49202861695915,1.8234820275099657
276.5218939702645,1.8261923985239454
276.56439854216114,1.8293718475690204
276.62489124704666,1.8330827412758528
276.71098465926326,1.8373835132987546
276.83351299377557,1.842318154000117
277.0078955041617,1.8478972711239847
277.2560768704354,1.8540646422640652
277.6092887586262,1.86063882219293
277.7523004633754,1.8627850456026644
278.431994768003,1.8702183258852454
279.3993358983456,1.8754914970378493
280.74123158635945,1.8763371037907375
282.15544502818244,1.8718708103042117
283.5696584251017,1.8637296344722003
284.9838717844095,1.8531694753513863
286.3980851190951,1.84109936139878
287.81229844100284,1.8281632236900507
289.22651175851814,1.8147906464753087
290.6407250762941,1.8012448192637156
292.0549383958309,1.7876647589907018
293.46915171607657,1.7740963436563453
294.88336503362416,1.7605091195002462
296.2975783421658,1.7467953400998955
297.71179163041086,1.7327396957353485
299.12600487557063,1.7179155248815057
300.5402180174361,1.7012863565204366
301.9544307184264,1.6777153553767004
302.1312070256364,1.6719544315877015
302.1925127196947,1.668549293022105
302.2137730901308,1.666185431196825
302.21745895026925,1.6648482451526982
302.21747782440286,1.6647864842263624
302.21748088856805,1.6647659224858669
302.2174826715234,1.6647422146755395
302.21748252039316,1.664732709429181
302.217480753153,1.6646998293801165
302.21747691256473,1.6646741338745308
302.2174714565612,1.6646526079650659
302.2174634453613,1.664628742679493
302.21745164217725,1.6646007940345409
302.2174342963972,1.664568064895411
302.21740886453983,1.6645294306789367
302.21737162708763,1.6644834728350006
302.2173171477475,1.6644285367136549
302.2172374839423,1.6643626635995767
302.2171210323973,1.6642835116114005
302.21695084252315,1.6641882732484046
302.21670215091746,1.6640740297711738
302.21634814225973,1.6639391739023766
302.2158442467182,1.6637799354779415
302.2151270343873,1.6635914654264634
302.2141062308818,1.6633680727080797
302.2126533573287,1.6631030674306642
302.21058556235124,1.6627885850646136
302.207642611708,1.6624153897815939
302.2034541399222,1.6619726561817934
302.19749304278355,1.661447730595367
302.1890091455466,1.6608258758240098
302.176934799503,1.660090007164293
302.1597505270184,1.6592204333511427
302.13529380754693,1.6581946244929933
302.1004869418846,1.6569870412406686
302.05094974857457,1.655569077024344
301.98044835343063,1.6539091909289745
301.880110706787,1.6519733475670746
301.7373101076476,1.649725941927255
301.5340762352543,1.6471314931921546
301.24483372920963,1.6441575940401412
300.83318373669664,1.6407800386418456
300.24732341045365,1.6369921256812776
299.4135269382122,1.6328231795465724
298.2568844186411,1.6284778262477007
296.842670945164,1.6246387973743597
295.42845744436346,1.6220240517742206
294.0142439245533,1.6205436466074175
292.6000303905881,1.620328340543551
291.18581685025634,1.6216562768498402
289.7716033187139,1.6247940080218488
288.35738981516374,1.6298093320355462
286.9431763531552,1.6365968793171843
285.5289629398695,1.6450685327788959
284.1147495834142,1.655281527677106
282.7005362994457,1.6674925336756332
281.28632311885934,1.6822341410283483
279.87211010588413,1.7005341660718196
278.4578974200989,1.7246541794165826
277.04368569957416,1.7623750996794596
276.69013353083744,1.7785878578560246
276.4449117147579,1.800129131843546
276.4241796076589,1.8059510193512107
276.42242759664555,1.807168273813435
276.4218209709014,1.8078876434504587
276.4216114914276,1.808317379186761
276.4215380001437,1.8085918736552542
276.42151352466016,1.8087989691576771
276.4215116404545,1.8088833797126285
276.42151586681246,1.8090016297358678
276.42152560148565,1.8090954684835832
276.4215388445052,1.8091804050797815
276.42155867882883,1.8092724733267975
276.4215880078312,1.8093780933979957
276.42163118501804,1.8095017662314414
276.42169457680137,1.8096471072039981
276.4217850629506,1.80981670948918
276.4219141026107,1.8100152773770477
276.42209799580814,1.8102490226432266
276.4223599473435,1.8105251831306928
276.42273298508917,1.810852256005587
276.4232641161707,1.8112402571115571
276.4240202423747,1.8117010138735705
276.425096579159,1.8122484996486905
276.4266286377162,1.8128992154846004
276.42880927792913,1.8136726230817433
276.43191297819163,1.8145916294207842
276.4363303762525,1.8156831177191513
276.44261742776774,1.8169785093676476
276.4515653687657,1.8185143242997879
276.46430028623445,1.820332678076718
276.48242482698225,1.8224816047697168
276.5082198776847,1.8250150118656485
276.5449315959169,1.8279919338330406
276.5971799127006,1.831474514988227
276.67153991329894,1.8355237515160825
276.7773692583129,1.840191338043597
276.9279857692983,1.8455047888833664
277.1423433684608,1.8514409782454693
277.4474172757462,1.857879749307634
277.75230019713763,1.862785052235265
278.3393614939891,1.86942628506567
279.17486729389555,1.8746912750133191
280.3338810193194,1.8767031141763886
281.74809446784957,1.8736006976204558
283.16230787765204,1.8663703386384691
284.57652124651423,1.856400608554944
285.99073458696057,1.8446887287617373
287.40494791151883,1.8319494778694456
288.81916122966567,1.8186691719177817
290.2333745470872,1.8051542234360372
291.64758786612066,1.791575667269838
293.06180118640555,1.778003816166561
294.4760145052284,1.7644294137347725
295.89022781723776,1.7507684088287974
297.3044411129513,1.7368423631322158
298.71865437411606,1.722304907700513
300.13286755705207,1.706381652055891
301.54708048844066,1.6863379532907559
301.9006335331331,1.6790772190435614
302.14585756149125,1.6712901961899052
302.1883791831463,1.6688598734712419
302.2031255069348,1.6676123374653768
302.2133532764941,1.6662659404227433
302.2168998304712,1.665305825687663
302.21720713153366,1.6651264449275238
302.2174254154694,1.664912465280433
302.2174639824192,1.664835228878866
302.2174774288934,1.6647898693841423
302.21748197739885,1.6647579200288847
302.21748299344824,1.6647334445488025
302.2174826986493,1.664727239467398
302.2174815180424,1.664706862196908
302.2174789131463,1.6646860282631288
302.2174749310767,1.664666289159555
302.217468999191,1.6646449406402914
302.21746022356064,1.664620446288854
302.21744729945993,1.6645918825214912
302.21742832467896,1.664558233961939
302.2174005178907,1.6645182802046299
302.2173598136271,1.6644705847454788
302.217300271602,1.6644134451353672
302.21721321334695,1.6643448279594606
302.21708596075234,1.6642622962781792
302.21689999322643,1.6641629253438937
302.2166282540038,1.6640436696832657
302.21624144419116,1.6639028641780391
302.2156908662195,1.6637365748741657
302.2149072155752,1.6635397458968848
302.21379185715244,1.663306444040532
302.21220441311226,1.6630296966368399
302.20994509747675,1.6627013101862895
302.2067295746857,1.66231166796383
302.2021531782694,1.6618495062199055
302.1956399868478,1.6613016706857244
302.1863703490822,1.6606528580976017
302.17317773717895,1.6598853518201957
302.15440194879216,1.6589787670279765
302.1276801839687,1.6579098301653852
302.08964970585487,1.6566522307437146
302.03552466741326,1.6551766028583104
301.9584938512063,1.6534507222370447
301.8488635326557,1.6514400479355489
301.69283760303284,1.6491088078021998
301.4707814404964,1.6464219502305808
301.15475105134766,1.6433485274272817
300.7049765438506,1.639867615801482
300.06485740813645,1.63597925333249
299.15383979845933,1.6317269290343626
297.89007611701794,1.6273484162221346
296.47586263514444,1.6238511990699487
295.0616491289119,1.6215292381361135
293.64743560494236,1.6203568649543447
292.233222068331,1.6205118102101836
290.81900852850595,1.6222891856496822
289.4047950024579,1.6259171172748355
287.99058150873446,1.6314049192490043
286.5763680587725,1.638633217383441
285.1621546592477,1.6475437617105533
283.747941319646,1.6582411437675626
282.3337280586454,1.6710431213912305
280.9195149132574,1.6865796507126496
279.50530196290305,1.7060865938902117
278.0910894210723,1.7324798585750405
276.6768784438998,1.779361209140445
276.50010309244556,1.792699403002268
276.4403189643317,1.801044412327065
276.4299530863756,1.8036501836682421
276.4227648244547,1.8068763051833516
276.4215206259045,1.8087125451729924
276.4215145667385,1.8087839642281098
276.4215117665091,1.8088481890337436
276.42151170948404,1.8088833793626244
276.4215134972198,1.8089630273640969
276.4215198970758,1.8090486907568786
276.421529524073,1.8091251850746444
276.4215440188338,1.8092065954868466
276.42156556880235,1.8092993951475946
276.4215974034469,1.8094074205063913
276.4216442309615,1.809534496766
276.4217129432484,1.809684454376229
276.42181099548463,1.8098598789142735
276.4219507985177,1.810065641169314
276.4221500071398,1.8103081530562073
276.4224337535198,1.8105949080627934
276.42283780824033,1.8109347173530366
276.42341308164697,1.8113379751383756
276.42423203045337,1.8118169598621217
276.4253977757977,1.8123861785290658
276.42705708017303,1.8130627596240543
276.4294188162676,1.813866897745189
276.4327802518666,1.8148223493610565
276.4375644585552,1.8159569725251457
276.4443735518051,1.8173032920705865
276.4540644622769,1.818899052406405
276.46785677354325,1.8207876872074138
276.4874861967357,1.8230185799383678
276.515422995657,1.8256468959290058
276.55518284938915,1.8287326096180103
276.6117692719365,1.8323380846746868
276.6923032638278,1.8365231126289046
276.80691943221916,1.8413355425743463
276.97004134892546,1.8467943056121818
277.20219663979276,1.8528593464964525
277.5326002195666,1.8593790322156127
277.7522998800522,1.862785059456019
278.3881036391539,1.8698505108916392
279.29297972894705,1.8751402655581106
280.5482239172682,1.8765701769343452
281.9624373626008,1.8727301936632506
283.37665076553094,1.86500714950305
284.79086412922874,1.8547169646920678
286.20507746651543,1.842809613522079
287.61929078958644,1.829962078549305
289.0335041073482,1.8166303210170736
290.44771742493714,1.8030975556497078
291.8619307442431,1.789517627717097
293.27614406453876,1.7759477944862763
294.6903573827495,1.762367619140069
296.1045706930374,1.7486808141900747
297.51878398501907,1.7346903488072585
298.93299723822986,1.7200103525283095
300.34721040122525,1.7037423634163287
301.761423236092,1.6822060013018998
302.11497607106776,1.6726319700287084
302.1747616239743,1.669756725104569
302.2162281743661,1.6655748280772655
302.2171044797639,1.6651940405960541
302.21740792781026,1.6649375255887593
302.21746025715515,1.6648450509161168
302.217478478433,1.6647815613214636
302.2174814724396,1.6647605515316803
302.2174829811122,1.6647327080187375
302.2174821897559,1.6647132249644283
302.2174810492899,1.6647022534070879
302.21747954543605,1.6646877859707643
302.2174767667161,1.664674546797313
302.21747287940764,1.6646560257688066
302.21746675489726,1.6646378329865885
302.2174578224347,1.6646147572026395
302.21744468354024,1.6645868474657246
302.21742539946894,1.6645536370434497
302.21739714574295,1.6645139524493104
302.21735579211554,1.6644663543804796
302.2172953037868,1.6644091490771193
302.2172068646872,1.6643403065621334
302.21707759597814,1.6642573849043152
302.21688868400634,1.6641574473097445
302.2166126440315,1.6640374278709844
302.21621971366005,1.663895664803018
302.2156604251253,1.6637281953183582
302.2148643777505,1.6635299307669011
302.21373137640046,1.6632948975297457
302.21211882301657,1.6630160743513565
302.20982377181366,1.6626852102356935
302.20655739020043,1.6622926211943034
302.20190861153685,1.6618269655771265
302.19529240572376,1.6612749998357064
302.18587615789556,1.660621319585493
302.1724748905689,1.6598480952909371
302.1534021438007,1.658934818386538
302.12625774782657,1.657858083039291
302.0876257810783,1.6565914423352415
302.03264470403366,1.6551053973123548
301.95439557371117,1.6533676062012135
301.8430313505394,1.6513434454133866
301.6845377278917,1.6489971254604805
301.4589695446791,1.646293691842608
301.13794084774526,1.6432024917616264
300.68105274865326,1.6397032491710024
300.03080954942595,1.6357973278432967
299.10538337259004,1.6315310329759591
297.82163212677125,1.6271488216805952
296.4074186434417,1.6237129039276583
294.9932051362387,1.6214453057340676
293.57899161152716,1.6203316784047102
292.1647780744856,1.6205579982650486
290.7505645348817,1.6224211510622397
289.3363510100063,1.626140672472828
287.9221375182039,1.6317156278199123
286.5079240705349,1.6390256084538053
285.0937106736418,1.648018705829048
283.6794973373129,1.6588086630380887
282.26528408084926,1.671725257656293
280.85107094255045,1.687418423365008
279.43685800517045,1.7071687989995084
278.0226454949565,1.7340446545860881
276.60843474978674,1.783710986282885
276.4316602707873,1.8031412967358469
276.424369190817,1.8058481028459055
276.421842457507,1.8078532224368353
276.421624225815,1.8082828061018361
276.42154949991055,1.8085346705913126
276.4215237811097,1.808685239488887
276.42151537954027,1.8087682333660648
276.42151163940616,1.8088833797188886
276.4215181068261,1.8090292114053015
276.4215331363157,1.809146156330308
276.42155320433204,1.8092480970277491
276.42158211750984,1.8093579072961492
276.4216236097201,1.809482015733874
276.42168457070363,1.8096259674070065
276.4217715990629,1.809793485387933
276.4218957231126,1.809989185393794
276.4220726237983,1.8102192216736335
276.42232462587793,1.8104907359926417
276.4226835051288,1.810812094444854
276.423194486935,1.8111931468488387
276.4239219374644,1.8116455172577353
276.4249574635858,1.8121829345121134
276.4264314408185,1.8128216092151468
276.42852942000343,1.8135806614184968
276.4315154773406,1.8144826000167917
276.4357654462013,1.8155538493579138
276.4418142126699,1.8168253091378794
276.45042302657487,1.818332917403247
276.4626752985562,1.8201181589522166
276.48011293845445,1.8222284149283945
276.504930392103,1.8247169711643394
276.54025079448115,1.8276423709770833
276.59051899086535,1.8310665753774347
276.662060884503,1.8350510155174935
276.7638795001736,1.8396489768977096
276.90878794176734,1.8448916473575914
277.1150218173655,1.850763252409894
277.40853404234844,1.857157416584367
277.75230027895293,1.8627850500632621
278.33177094537564,1.8693586970994203
279.1564737571713,1.8746155826857707
280.300501577815,1.8767113474275212
281.7147150267657,1.8737279827882352
283.12892843765565,1.866577127145279
284.5431418073491,1.856659320790358
285.95735514831375,1.8449793284808838
287.3715684731229,1.8322579196287707
288.7857817913411,1.8189862381961452
290.199995108741,1.8054744018262332
291.614208427731,1.7918961933910493
293.0284217480085,1.7783240015628476
294.44263506691556,1.7647503204228876
295.8568483791736,1.7510929651103493
297.27106167543155,1.737176249471829
298.6852749377508,1.722659478838314
300.09948812350973,1.7067853340950205
301.51370106698346,1.6869308609076143
301.86725412929667,1.6798727526541049
302.1124782428951,1.672731728962964
302.1975215716129,1.6681376480545713
302.2119020870344,1.6665175304184752
302.2168887359792,1.6653115077208809
302.21732078902687,1.665034276349667
302.2174700502718,1.6648170072972563
302.21748251902636,1.6647505503379736
302.21748299613347,1.66473270797248
302.21748138994803,1.6647046615420695
302.21747909763656,1.6646872579010321
302.2174757201842,1.6646699878160993
302.21747066798315,1.664650539909983
302.21746317288193,1.6646280863615797
302.2174521214555,1.664601830439315
302.21743588428996,1.6645708157439276
302.2174120776594,1.6645339232841891
302.2173772174102,1.6644898349927961
302.2173262126769,1.664436980884811
302.21725162591207,1.6643734814789255
302.21714259179635,1.6642970815725058
302.2169832378944,1.6642050723396398
302.2167503758909,1.664094630007833
302.2164188961422,1.6639642100260925
302.21594706391477,1.6638101608520308
302.21527548419897,1.663627788714365
302.2143196250988,1.6634115814279222
302.2129591804641,1.6631550559474153
302.21102293034437,1.6628505870723314
302.2082671943491,1.6624892152741713
302.204345166445,1.6620604327495867
302.1987632722238,1.661551948548826
302.19081905655486,1.660949436106246
302.17951278528585,1.660236270175485
302.16342163677837,1.6593932655677448
302.140520651299,1.6583984379615468
302.1079279061911,1.6572268184124703
302.0615418491783,1.655850369608908
301.99552515112254,1.6542380758569344
301.90157012526845,1.6523563145930733
301.7678532719124,1.6501696734627673
301.5775473863738,1.6476424721295366
301.3067039910564,1.644741425931061
300.9212396127485,1.6414402633257064
300.37264665245243,1.6377280074279608
299.591889095261,1.6336251131776591
298.5088221586051,1.6293157816681092
297.0946086915711,1.625226253069173
295.68039519474934,1.6224074939952489
294.2661816779704,1.6207209786564358
292.8519681461146,1.6202628215767072
291.4377546060439,1.621293042644906
290.02354107151535,1.624096335960799
288.60932756173344,1.6287822338171862
287.19511409170025,1.635263362483854
285.7809006692652,1.6434358670261633
284.3666873018348,1.6533262038751797
282.9524740032694,1.6651518393219198
281.5382608009154,1.6793864573196742
280.1240477506644,1.6969402768219588
278.70983498535315,1.7197419378665315
277.29562296991037,1.7536195831137718
276.58851839704363,1.7851182088622672
276.468948113617,1.796361329833898
276.42851103561617,1.8041212492788297
276.42167521911443,1.808159452799226
276.4215350848083,1.8086085142943937
276.4215127179323,1.8088208865068336
276.42151158957773,1.8088580351046855
276.42151167906235,1.8088833795162829
276.4215132175993,1.8089572101672227
276.4215189828634,1.8090391406897186
276.4215278227552,1.809113412104244
276.421541198243,1.8091922960250344
276.421561121048,1.8092819517040057
276.42159058117875,1.8093862083338121
276.42163394209297,1.8095087841506836
276.421697592112,1.8096533634127538
276.42178844074857,1.80982244537956
276.4219179924464,1.8100207223058313
276.4221026119552,1.8102543744687338
276.4223655955493,1.8105306241720753
276.4227401010127,1.8108579639633866
276.42327332018834,1.8112464133153967
276.42403241764003,1.8117078102581539
276.4251129827359,1.812256145174973
276.4266510587678,1.81290794245866
276.4288402628679,1.8136826936063954
276.4319561511238,1.8146033421017267
276.43639089504177,1.8156968146016468
276.44270263310995,1.8169945829106888
276.4516857079552,1.8185332239289884
276.4644706278707,1.8203549154326377
276.4826663320619,1.8225077560487115
276.5085626625408,1.8250457144710162
276.5454185221143,1.8280278725495627
276.5978719808158,1.8315163895069255
276.67252393934723,1.8355722113774768
276.7787687988391,1.8402468612101082
276.92997666996473,1.8455674631724828
277.1451758927955,1.8515101156031095
277.45144759877354,1.8579532127602216
277.7523003264436,1.8627850488588482
278.34166657438135,1.8694467279369655
279.1804527815279,1.8747139474143797
280.34401708776613,1.8766999348218802
281.7582305361642,1.8735615959156704
283.1724439456374,1.866307245401122
284.5866573142486,1.8563218574202662
286.00087065453897,1.8446003731215246
287.4150839790221,1.83185575757767
288.8292972971479,1.818572866151721
290.2435106145762,1.8050569912468921
291.65772393362283,1.7914783370967609
293.0719372539097,1.7779065884305498
294.48615057270644,1.764331957900827
295.90036388463926,1.7506698257128477
297.31457718018555,1.7367409106019955
298.7287904409955,1.722197096688579
300.14300362306034,1.7062587001849705
301.5572165506508,1.686155655856464
301.9107695895458,1.6788286875789769
302.15599358459735,1.6707928563321697
302.1985151374293,1.6680502897628633
302.21326123550307,1.6662830880799746
302.21581797644075,1.665703243009092
302.2167044670791,1.665395219835117
302.2173349196444,1.665020792871537
302.21744393268517,1.664880636567076
302.21748202240724,1.664753456641885
302.2174831097519,1.6647327076243403
302.21748236940306,1.6647146802825197
302.2174819588275,1.6647046828515557
302.217480351844,1.6646960248273708
302.217478540689,1.6646862667781073
302.2174758239565,1.66467162970434
302.21747160374997,1.664653865937468
302.2174652995566,1.6646339257042604
302.2174560046894,1.6646104447521801
302.2174423415751,1.6645824127894908
302.21742229863486,1.6645488736813618
302.21739293859775,1.66450865440547
302.2173499700591,1.6644603284377046
302.2172871235368,1.6644021800012863
302.2171952401953,1.6643321453783209
302.2170609405513,1.6642477410749985
302.2168646796733,1.6641459788592599
302.21657790462115,1.664023736381516
302.2161696962037,1.6638793278107267
302.2155886640475,1.6637087173422325
302.2147616712154,1.6635067246590833
302.21358462833837,1.6632672686002208
302.21190939509,1.6629832022635267
302.20952513793395,1.662646128494439
302.20613179843417,1.6622461941976656
302.20130233333066,1.661771863340721
302.1944289746004,1.6612096707794446
302.1846467467657,1.6605439621572617
302.17072461672154,1.6597566297900825
302.1509105781652,1.6588268611998849
302.1227111757544,1.6577309267442515
302.0825777238873,1.6564420469058536
302.02545973327057,1.6549304002674274
301.94416934760966,1.6531633634287215
301.8284768099071,1.6511061205040627
301.663823130097,1.6487228556988138
301.42948795361997,1.6459788782311824
301.0959820719726,1.642844300841963
300.62133644370533,1.6393005107000453
299.94582072906337,1.6353522757896788
298.98442670836516,1.6310531806305861
297.6507808694877,1.6266651193342583
296.2365673826566,1.6233793725956767
294.8223538730859,1.6212474421199523
293.4081403465708,1.6202824608127742
291.9939268085532,1.6206901684024886
290.57971326968624,1.6227697938947483
289.16549974793384,1.6267177599283826
287.75128626103356,1.63250885446588
286.337072819149,1.6400221658940537
284.92285942892227,1.6492225117935073
283.50864610095664,1.6602469122666816
282.0944328561981,1.673456138317301
280.6802197363977,1.6895528939008275
279.26600683346305,1.7099394860456396
277.85179441049496,1.7381202889456235
276.43758481276296,1.801642350290538
276.42653677781374,1.8048525671687905
276.4228017489785,1.8068469475208222
276.42215467691403,1.8074467770450504
276.42169519813723,1.8081159676044904
276.4215332547507,1.8086196624256514
276.4215199381083,1.808719146115542
276.4215121369773,1.8088378258825206
276.42151157144525,1.8088833800610482
276.4215134749056,1.8089626337618427
276.42152013858384,1.809051231677971
276.421530374962,1.8091287538910399
276.42154516846506,1.8092119420242072
276.4215672349415,1.8093058375272062
276.4215998196603,1.8094147493305055
276.42164773663046,1.809543016983943
276.42171803851755,1.8096945095428199
276.4218183524705,1.8098717811065514
276.4219613737141,1.810079759545845
276.4221651620644,1.8103249229410237
276.4224554260113,1.8106148444976342
276.4228687563155,1.8109584305269344
276.4234572305718,1.8113661881235061
276.4242949667044,1.8118505290501734
276.42548745007326,1.8124261171471057
276.4271848079224,1.8131102645581914
276.42960070164673,1.8139233797618057
276.43303921431334,1.8148894664842992
276.4379331170122,1.816036665778177
276.44489832954645,1.8173978218439797
276.4548114288974,1.8190110320704966
276.46891995927774,1.8209201078496615
276.48899942539794,1.8231748154447427
276.5175767252776,1.8258306698444577
276.5582481398104,1.8289478920071018
276.61613189549166,1.8325888648486035
276.6985122516568,1.8368129554620207
276.8157561653805,1.8416667707402887
276.9826178888579,1.8471665374199104
277.2200956722129,1.8532669248491662
277.5580742225953,1.8598065493093017
277.7522998838099,1.862785059663754
278.40268033066855,1.8699741379029085
279.3283019677757,1.8752623753954447
280.6123243779881,1.8765043523047544
282.0265378222147,1.8724525119209852
283.44075122312904,1.8645879772028655
284.8549645853413,1.8542062178191994
286.26917792173884,1.8422434513889867
287.6833912444056,1.8293655811519556
289.09760456207545,1.8160197078593363
290.511817879723,1.8024823059690167
291.9260311991075,1.7889022294622374
293.34024451939314,1.7753329188355957
294.7544578373958,1.7617506077891703
296.16867114712517,1.7480552541226921
297.58288443790735,1.73404393026702
298.99709768854405,1.719317816785463
300.41131084489206,1.702935751272272
301.8255236420809,1.6808236976316362
302.1790763135557,1.6694895927669497
302.20896885742275,1.6669422746261604
302.21402343882926,1.6661350300027409
302.2157761947837,1.6657154504068123
302.21702316261144,1.665241342551495
302.21745505080185,1.6648577551858996
302.2174735491206,1.6648045010103967
302.21747983835945,1.664774265641487
302.21748186972815,1.6647554726020835
302.21748329957643,1.6647422444789735
302.217483116758,1.6647327076030396
302.2174824203056,1.664720543217504
302.2174815924343,1.6647060834407656
302.217479627077,1.6646908436683456
302.21747674742494,1.664674888536942
302.2174724058663,1.6646567201283675
302.2174659441502,1.6646357917829464
302.2174564020324,1.6646113332706574
302.2174423694347,1.6645824403167746
302.2174217828877,1.6645480748014418
302.2173916262449,1.6645070123559682
302.2173474923152,1.6644577921137644
302.2172829422464,1.66439866423943
302.2171885696001,1.664327528545352
302.21705063306615,1.6642418615844023
302.21684905746594,1.6641390319496634
302.2165621044645,1.6640175969831745
302.2161536426482,1.6638741511257629
302.21557225165367,1.6637043152704614
302.21474474909735,1.6635029440491196
302.2135669814523,1.6632639819980535
302.21189071717924,1.6629803013710194
302.20950499299244,1.6626435193925806
302.2061095658401,1.662243793674983
302.2012771297471,1.6617695959699343
302.1943995428149,1.6612074665094945
302.1846112974805,1.6605417542874774
302.170680603385,1.6597543532501415
302.1508543765089,1.658824451104271
302.12263762770823,1.6577283172274888
302.08247948847827,1.6564391702917294
302.02532636282024,1.6549271866706472
301.9439859729785,1.653159740962919
301.82822226933314,1.6511020163738008
301.6634673061588,1.6487181986276571
301.4289879832022,1.64597360300619
301.0952769522889,1.6428383564344922
300.62033935558946,1.6392938750669162
299.9444081114776,1.6353449849727268
298.9824227092397,1.631045394366183
297.64795650588974,1.62665729425124
296.23374301900225,1.6233739983352073
294.8195295093931,1.6212443117491107
293.4053159828488,1.6202818129723695
291.9911024448163,1.6206925579797566
290.57688890596376,1.622775788773768
289.1626753842653,1.6267275274790287
287.74846189744727,1.6325221780843095
286.33424845565906,1.6400388450215497
284.92003506554374,1.649242632442788
283.50582173771875,1.6602709505122726
282.09160849315845,1.6734850952022255
280.67739537367396,1.6895886799105613
279.263182471335,1.7099861515758015
277.8489700499202,1.7381898537005278
276.4347605009313,1.8023151859281972
276.4237125905298,1.806221060940129
276.421846006982,1.8078478666889792
276.4215243095798,1.8086810760833298
276.4215120118309,1.8088423652964347
276.4215114468586,1.8088833806922486
276.4215125139826,1.8089399874099619
276.4215162960541,1.8090075202995886
276.4215227853894,1.8090743946071293
276.4215328323914,1.8091452758028521
276.4215479306241,1.8092250046043716
276.42157035619,1.8093172602652619
276.42160345022853,1.8094254456726215
276.4216521019141,1.8095534349762903
276.42172346883825,1.8097050899206923
276.42182529425617,1.8098828809930827
276.4219704632115,1.8100917618511299
276.4221773060267,1.8103382205040586
276.42247191562404,1.810629859462975
276.42289142965177,1.8109756310423002
276.42348870388446,1.8113861042424384
276.4243389636525,1.8118737690982427
276.42554927030994,1.8124533852771234
276.4272719940109,1.8131423799316608
276.42972398822855,1.8139612975980532
276.433213878974,1.814934300892177
276.4381809028397,1.8160897139157475
276.44525018132026,1.8174605882577854
276.45531138723624,1.8190852509679765
276.4696307027917,1.8210077591920768
276.49001015828094,1.823278127627758
276.5190144029295,1.82595209646683
276.5602934451417,1.82909004135891
276.6190419764002,1.8327543456949549
276.7026530810028,1.8370040770199456
276.8216485956999,1.8418849907250587
276.9910031974249,1.8474114761695843
277.23202884476257,1.8535346328141091
277.5750567146978,1.8600864927009626
277.7522999851698,1.8627850568799231
278.412396952004,1.8700557294437439
279.3518471442254,1.875340735523721
280.6550525251025,1.8764540218425334
282.06926596855794,1.8722631091956754
283.48347936813923,1.8643057183624194
284.89769272937644,1.8538639804214394
286.31190606519533,1.8418650318712542
287.7261193876026,1.828967447401772
289.1403327052168,1.815612476993102
290.55454602290547,1.8020721518799894
291.96875934234134,1.788492036036176
293.38297266261674,1.7749230468712573
294.79718598047407,1.761339200672305
296.21139928981944,1.7476379251027012
297.6256125797795,1.7336122681207145
299.03982582864637,1.7188544575189735
300.45403898036597,1.7023932092548468
301.8682517491796,1.6798494536436197
302.04502816076155,1.6751084865355144
302.1676399668494,1.6701711417646055
302.21016130203924,1.6667799189434904
302.2173510222103,1.6650046207114015
302.2174250438503,1.6649128310119612
302.2174770950214,1.6647902358151407
302.2174814651711,1.6647633594112343
302.2174826186562,1.6647441787106825
302.21748330853865,1.6647327070158882
302.21748240777487,1.6647102821683832
302.2174814833644,1.6647064924332973
302.2174805316052,1.6647025905785862
302.2174793197016,1.6646885484858416
302.2174771946161,1.6646768514222896
302.21747426072545,1.6646607024698339
302.21746951219626,1.6646463105789198
302.21746268411425,1.664625615957967
302.2174522945791,1.6646021418668793
302.2174370707291,1.664572961667907
302.217414748498,1.6645377482523942
302.21738205888636,1.6644954834373942
302.2173342273812,1.6644446551100507
302.21726427772256,1.6643834466053702
302.2171620185722,1.664309685924797
302.21701256225987,1.6642207593090999
302.21679415916265,1.664113933031007
302.21648325760106,1.6639877242029355
302.21604071246173,1.6638385936209001
302.21541081426386,1.6636619952794907
302.2145142763869,1.6634525869038095
302.2132382577713,1.6632040818382139
302.211422162793,1.6629090821105685
302.2088374316087,1.6625588906400632
302.20515877775205,1.6621433015569016
302.1999232534647,1.6616503691810518
302.1924719914655,1.661066158516275
302.18186729183,1.6603744834834981
302.1667746200328,1.65955664418728
302.14529466655927,1.6585911818250048
302.1147243341429,1.6574536804986586
302.0712165748016,1.6561166605231061
302.009296269907,1.654549630158277
301.92117123069943,1.652719395876444
301.79575161422093,1.650590782857921
301.6172543560697,1.6481280032844592
301.3632169990935,1.6452970675035794
301.00167097437816,1.6420699575079714
300.48711861473015,1.638432041116038
299.7548076402113,1.6343962419455793
298.7125826057916,1.6300338771329885
297.29836914431877,1.6257301223798772
295.8841556508809,1.6227434732217034
294.4699421366582,1.620892635681178
293.05572860665785,1.6202443790404906
291.6415150671206,1.6210408784313017
290.22730153064765,1.6235762115259085
288.81308801617735,1.627993185948729
287.3988745398186,1.6342238252385395
285.9846611101442,1.6421549605568382
284.5704477341502,1.6517893427046735
283.15623442439454,1.6633140853584099
281.74202120567236,1.6771590734570778
280.3278081281007,1.6941512149961304
278.9135953071356,1.7159986096693005
277.4993831139485,1.7474598441223501
276.79227794457864,1.7731653276989547
276.5470548347718,1.7883386080886616
276.46201243841233,1.7973261314016078
276.43252082226223,1.8029008093829313
276.4222950171129,1.807297540186323
276.42186331511994,1.8078215935764375
276.4215655215291,1.8084677536139036
276.42151552150915,1.808769846499028
276.4215122086831,1.80883572850122
276.421511580436,1.8088833800162105
276.4215133422612,1.8089598580397153
276.42151930613414,1.809042631026669
276.4215284985224,1.8091181774786522
276.4215423815927,1.809198391907971
276.4215630439522,1.8092895942262754
276.42159358398914,1.809395657693845
276.42163852201276,1.8095203610472788
276.4217044754652,1.8096674574723521
276.4217986020677,1.8098394921447643
276.4219328187403,1.81004123989644
276.4221240772669,1.8102789893757527
276.42239650937285,1.8105600888801932
276.4227844618455,1.8108931784165336
276.4233368187093,1.8112884505209281
276.42412315283474,1.8117579463849194
276.42524248108697,1.8123158945506948
276.42683572476705,1.812979097815922
276.4291034433862,1.8137673717103544
276.43233107342235,1.8147040344776255
276.4369248481495,1.8158164423249574
276.4434629187602,1.8171365531018586
276.4527681099583,1.8187014832975992
276.4660114657244,1.8205539923773957
276.48485961564927,1.8227427762982202
276.5116845066945,1.8253223643141863
276.5498618934236,1.8283522652037336
276.604196149279,1.831894758870388
276.68152485795963,1.8360103040709153
276.79157926781556,1.8407488064640887
276.9482088904495,1.8461337428702895
277.1711243492808,1.8521339856252264
277.4883778013172,1.8586144627150896
277.7523003306243,1.8627850488850688
278.36279900085964,1.869632372473958
279.2316608791944,1.8749150898543423
280.43694615530205,1.876656244266361
281.85115960239705,1.8731934571338988
283.26537300887054,1.8657223832202208
284.67958637521184,1.8555957921332933
286.0937997141027,1.8437879376678554
287.50801303791934,1.830995279847278
288.92222635586563,1.8176893991035032
290.3364396733617,1.8041654258336877
291.7506529925279,1.7905860319356468
293.1648663128262,1.7770151945158705
294.5790796313704,1.763438269883948
295.99329294257944,1.7497653805215236
297.4075062365506,1.7358093541349744
298.82171949401123,1.7212055179914731
300.23593266777027,1.7051231360786285
301.6501455573859,1.6844297280769291
302.0036985299905,1.6763577852851796
302.12631048520495,1.672164573299993
302.21135355081816,1.666604060639831
302.21494855664423,1.6659316383370455
302.2174412442677,1.6648855097110642
302.21746745278875,1.6648254649823857
302.21747650465886,1.6647926913325866
302.2174826656399,1.664750939916599
302.2174829934214,1.6647327079811056
302.2174812358208,1.6647032838268427
302.21747873895504,1.6646849768816816
302.21747506138394,1.6646670564207786
302.2174695786959,1.6646468993822165
302.2174614566534,1.664623588503407
302.21744948969655,1.6645963175693868
302.217431915419,1.6645640980364966
302.2174061558103,1.6645257652185181
302.2173684428579,1.6644799482159967
302.2173132710475,1.6644250151116315
302.21723259713076,1.6643590123897545
302.21711467098953,1.6642795963456325
302.2169423276826,1.6641839521291066
302.21669049080936,1.6640691459557968
302.21633200606243,1.66393357538038
302.2158217403541,1.6637734482410274
302.21509546213605,1.6635838910337664
302.21406175615294,1.6633591821900149
302.2125905198593,1.6630925948396569
302.2104965910764,1.6627762204751924
302.20751644683537,1.6624007716259943
302.2032750411469,1.6619553628907193
302.1972386084983,1.6614272716091398
302.1886474937804,1.660801682165468
302.1764205558327,1.6600614219330405
302.15901911456433,1.6591867027620555
302.13425332049405,1.658154890430688
302.09900657987794,1.6569403368382658
302.04884335655044,1.6555143275188002
301.97745099550457,1.653845223168986
301.8758453262109,1.6518989132703226
301.7312400772609,1.6496397626054307
301.5254378272856,1.6470323397517181
301.2325400062983,1.6440444243217125
300.81568776959426,1.6406522395794005
300.22242360945495,1.636849967876826
299.37809000084275,1.6326687771520207
298.20683036570125,1.6283175668869883
296.79261689101423,1.6245266512718897
295.3784033894483,1.621952085622285
293.9641898690527,1.6205131050494428
292.549976334695,1.6203471319493508
291.135762794368,1.6217353190866433
289.72154926349566,1.6249397868895163
288.3073357612365,1.6300201048071203
286.89312230084727,1.636868139585646
285.47890888940725,1.6453993989176519
284.0646955351877,1.6556774089235944
282.6504822542277,1.6679668748301415
281.2362690781862,1.6828128001405638
279.82205607313165,1.7012685853260292
278.40784340481,1.7256716703151829
276.99363175723806,1.7643187071402884
276.6400797191151,1.7816174807361258
276.5174686038193,1.7909682662445916
276.4324272330358,1.8029265117384035
276.4252378245168,1.8054152221362059
276.4227455344121,1.8068919444620732
276.42188217398103,1.8077934581916772
276.42158403509933,1.8084017169019786
276.42153329113677,1.8086190423061317
276.4215163981188,1.8087580948576505
276.4215118525258,1.80884956730625
276.4215114136925,1.8088833808618705
276.4215119162989,1.8089243493588052
276.4215133542649,1.8089601724729976
276.42151591668255,1.8090021685843087
276.42152027431956,1.8090510180220922
276.4215271239328,1.809107057869998
276.42153753234203,1.8091719931789938
276.42155309099417,1.8092480554352819
276.42157614191746,1.8093378813480823
276.4216101160898,1.8094446004569797
276.4216600318717,1.8095719536977417
276.42173323072757,1.809723773663966
276.4218376558617,1.809902346373463
276.4219865186543,1.8101126744362201
276.42219861465213,1.810361262110824
276.422500697932,1.8106557603956408
276.42293084668086,1.8110051983333637
276.42354325497956,1.8114202487916242
276.4244150526585,1.8119135336549241
276.42565601143684,1.8124999744350645
276.42742235877853,1.8131971928857837
276.4299364378239,1.8140259639907657
276.4335146874386,1.8150107196308627
276.4386074634415,1.8161800941200696
276.4458557121898,1.8175674903310504
276.45617162843325,1.8192116238768026
276.47085344757335,1.8211569667884373
276.4917488180051,1.823453951430952
276.52148731262554,1.8261586931948917
276.5638113391997,1.8293318180737588
276.62404709196926,1.8330356892792867
276.709774809946,1.837328830093591
276.8317826884505,1.8422554895640786
277.00542448590494,1.8478268343044422
277.2525516696226,1.8539877267632856
277.6042632453305,1.8605587201750373
277.7523002621724,1.862785050588978
278.42910748146,1.870194535603985
279.39233971078136,1.875469892974282
280.72853553164555,1.8763556072968346
282.1427489737152,1.87192945917994
283.5569623710243,1.8638150677366747
284.97117573061325,1.8532721423207417
286.385389065463,1.8412123620432648
287.79960238744235,1.8282818037855861
289.2138157049711,1.8149117591068402
290.62802902273387,1.8013667100846993
292.04224234225603,1.7877866308165007
293.45645566250687,1.7742181376618493
294.8706689801015,1.7606314353305577
296.2848822887641,1.7469195458547544
297.6990955772667,1.7328684116406055
299.1133088229845,1.718054226565324
300.52752196634736,1.7014505173509464
301.9417346784039,1.6780467828912888
302.118511006632,1.6724888736438137
302.17981677943516,1.6694423405634207
302.20107742278185,1.6678142008873134
302.21582329856244,1.6657016821007482
302.21706976446814,1.6652148036814025
302.21728569703026,1.6650654522561723
302.21743900155025,1.6648895768683238
302.21746604329996,1.6648293396887086
302.217475475491,1.6647971755370516
302.21748199081975,1.6647579748253174
302.2174827624734,1.6647406278708843
302.217482535942,1.664732709381511
302.21748107209186,1.6647025757485459
302.21747699560206,1.6646743407712186
302.2174712416887,1.6646516360611563
302.2174628056767,1.6646269802528084
302.2174503851577,1.664598145502466
