Re,shear
319.67814496237276,1.6836919514472029
318.2639314425001,1.6838813970438586
316.84971791617664,1.6849344295652418
315.4355043877289,1.6867114015084377
314.0212908598362,1.6891430316987015
312.60707733448754,1.6921988431567927
311.1928638134023,1.6958733276208147
309.7786502982584,1.700179477088109
308.3644367908472,1.7051459520943535
306.95022329320807,1.7108163959912281
305.53600980777304,1.7172503210896708
304.12179633754715,1.7245254655699673
302.7075828863562,1.732741868639776
301.293369459208,1.7420283066820361
299.8791560628483,1.752552351960842
298.46494270665795,1.7645364754001274
297.05072940418296,1.7782850550382316
295.63651617590614,1.7942328624254995
294.222303054582,1.8130407896310012
292.8080901039639,1.8358123351688098
291.64795736636955,1.858893296020734
290.81164508321933,1.8794101961712075
290.20876738443155,1.8974716533427562
289.77416721622984,1.9132876683923736
289.4687991614762,1.9267319294802725
289.2542350052406,1.938109338429041
289.1034734729197,1.9477080679464742
288.99754233724104,1.9557890210652773
288.9231109161763,1.962582285827915
288.87081251387843,1.968287385346703
288.83406569735575,1.9730754265480397
288.8082460760494,1.9770920577015882
288.79010435944576,1.9804606323812046
288.77735745996245,1.9832852648277282
288.7684011846986,1.9856536270863336
288.7621083606202,1.987639431010332
288.75768698886037,1.9893045881648308
288.75458057799517,1.990701065935775
288.752398114039,1.991872469443408
288.7508648544474,1.992855382421638
288.749787753948,1.993680499802056
288.74903117131817,1.994373582335324
288.7484998000041,1.9949562604934097
288.7481266745387,1.995446711612508
288.74786474346956,1.9958602314302656
288.74768094833075,1.996209718813992
288.74755206357656,1.9965060913206176
288.747461774031,1.9967586496535819
288.7473986222194,1.9969754138878089
288.7473545731975,1.9971634408666665
288.7473239492631,1.9973279531848136
288.7473034798355,1.99747542565442
288.74728938232386,1.997613929834651
288.74728051492434,1.99776788131661
288.7472779757644,1.9979000378276848
288.7472783270588,1.9979581852659734
288.7472822119596,1.9980759515014905
288.7472896950715,1.9981883001059404
288.7473141467468,1.9984058878292292
288.74791842461366,2.0000303406430677
288.7496692009473,2.002015721371004
288.7547228393002,2.0051595021421056
288.87429011915765,2.027763854153118
289.1760035933793,2.0523521559001345
290.5902152697521,2.107057020880847
292.0044281776673,2.13775020745699
293.4186414094244,2.158483240470431
294.83285477234045,2.1724669921026942
296.24706818838234,2.1807260899267193
297.6612816253016,2.182944355703154
299.0754956012015,2.1762305431255102
300.4897095548628,2.1408271524661604
301.2298787733506,2.0689234831705954
302.6440884602117,1.9960492560456529
304.05830062776977,1.9563650672296613
305.4725133694697,1.9268444552565682
306.88672635737805,1.9026039018232852
308.3009394789805,1.8816810205252912
309.7151526808234,1.8630560165573304
310.94869752463734,1.8482002190683808
312.3629108158335,1.8323854168511367
313.77712413386405,1.817575267550013
315.19133746969567,1.8035244102820165
316.6055508156852,1.7900196616425124
318.0197641642088,1.7768509065066584
319.43397750596716,1.7637731859389347
320.8392304473925,1.7505159881809873
321.82662005961674,1.7407022086547497
322.5204013721439,1.7332667504801078
323.0078811809165,1.7275341985409849
323.3504049025059,1.7230538883793023
323.5910763992494,1.7195135797086814
323.7601822523673,1.716690601409467
323.87900308381944,1.7144224862176667
323.96249155090976,1.7125884636663569
324.0211540176136,1.7110973478616887
324.0623726957656,1.7098793660469542
324.0913346369039,1.7088805074803564
324.1116844808963,1.70805853398375
324.1259831044962,1.7073801138726328
324.136029887049,1.7068187313616097
324.1430891478896,1.7063531407962187
324.1480492507494,1.7059662095225845
324.1515343971811,1.7056440416944392
324.15398317730126,1.7053753075835298
324.15570376282847,1.7051507247942235
324.1569126880149,1.7049626527484214
324.15776209873866,1.7048047720778232
324.15835889866423,1.7046718277313133
324.1587782036082,1.7045597722776917
324.1590652075751,1.7044668324753682
324.15926164462434,1.7043899677017942
324.1593960833037,1.7043263302270315
324.159488080287,1.7042735745239084
324.15955102306447,1.7042297644297086
324.1595940759014,1.7041932974262834
324.15962351192195,1.7041628417844699
324.15964362489916,1.7041372813503761
324.15965735316,1.704115671554416
324.15966670697105,1.7040972391277043
324.1596730649701,1.704081357851126
324.1596773757019,1.7040669867237974
324.1596802406388,1.7040521969731517
324.15968289566325,1.7040280350928527
324.1596825743574,1.7040120730802424
324.15968082545675,1.7040034645476378
324.1596759025572,1.7039792327878465
324.15964775142936,1.7039240773359743
324.1596089271033,1.7038780037693684
324.15949949810226,1.7037913603317976
324.15886738968845,1.7035298611760066
324.0975617425206,1.6998838128566216
323.92078524442843,1.696333078607351
322.50657196378125,1.6875451636377337
321.0923584982718,1.6846605736772617
319.67814499355353,1.683691951454223
318.2639314736809,1.6838813970294584
316.8497179473574,1.684934429533686
315.43550441890966,1.6867114014618654
314.021290891017,1.6891430316381637
312.6070773656683,1.692198843082629
311.1928638445831,1.6958733275329205
309.7786503294392,1.7001794769860266
308.364436822028,1.7051459519772814
306.95022332438884,1.710816395858035
305.5360098389538,1.7172503209388539
304.1217963687279,1.7245254653996054
302.70758291753697,1.7327418684473495
301.2933694903888,1.7420283064643458
299.8791560940291,1.752552351713652
298.4649427378387,1.7645364751177572
297.05072943536373,1.7782850547127795
295.6365162070869,1.7942328620453636
294.2223030857628,1.8130407891779057
292.8080901351446,1.8358123346104431
291.6479573975503,1.858893295327795
290.81164511440005,1.8794101953216489
290.2087674156123,1.897471652308763
289.77416724741056,1.9132876671380914
289.46879919265695,1.9267319279667152
289.2542350364213,1.938109336609301
289.1034735041003,1.9477080657641994
288.9975423684216,1.955789018452795
288.92311094735675,1.9625822827040307
288.87081254505875,1.9682873816144784
288.83406572853585,1.973075422091356
288.80824610722914,1.9770920523812805
288.79010439062506,1.9804606260318813
288.7773574911412,1.9832852572509292
288.76840121587645,1.9856536180448836
288.7621083917968,1.9876394202206877
288.7576870200353,1.9893045752872687
288.75458060916765,1.9907010505645828
288.75239814520796,1.9918724510898578
288.75086488561135,1.9928553604999657
288.74978778510473,1.9936804736016664
288.7490312024646,1.994373551001916
288.7484998311357,1.994956222980122
288.748126705649,1.9954466666379502
288.74786477454893,1.9958601773924092
288.74768097936504,1.9962096537067642
288.7475520945444,1.996506012540856
288.7474618048998,1.9967585537685222
288.7473986529376,1.996975296104595
288.747354603657,1.997163294275243
288.74732397951965,1.9973277718393951
288.7473035094727,1.9974751783103037
288.74728941198265,1.9976135497544445
288.74728053247003,1.997767370154276
288.74727798091743,1.9979000378274216
288.7472783315916,1.9979584304056874
288.74728222042654,1.998076115013753
288.7472897047695,1.9981884180106508
288.7473141568024,1.998405958267135
288.747918434834,2.0000303576412284
288.74966921118227,2.002015730174346
288.75472284953713,2.0051595071279458
288.8742901293955,2.027763855351298
289.17600357510946,2.0523521547636614
290.5902152514822,2.1070570203889556
292.00442815939743,2.137750207135696
293.41864139115455,2.1584832402498844
294.8328547540706,2.1724669919598174
296.24706817011247,2.180726089856711
297.66128160703175,2.1829443557209576
299.0754955829316,2.176230543305202
300.48970953659324,2.140827153573924
301.2298788393742,2.068923477407222
302.6440885262356,1.9960492537816963
304.0583006937936,1.9563650656742055
305.4725134354936,1.926844454022949
306.88672642340197,1.9026039007793092
308.30093954500444,1.8816810196080804
309.7151527468473,1.8630560181218463
310.5246772028811,1.8531817524775174
311.9388904838681,1.83700915119182
313.3531037949027,1.8219257853368467
314.76731712623564,1.8076705516125942
316.1815304699537,1.7940236719998683
317.5957438185761,1.7807773562830642
319.0099571635415,1.7677024359817024
320.42417049179517,1.754488675488004
321.5349838193717,1.7436706694796846
322.31548781031836,1.7355312892265329
322.86390260954704,1.7292893131505729
323.249241810509,1.72443135261888
323.5199972582758,1.7206057464015392
323.7102413567174,1.7175639215834044
323.8439148055576,1.7151257925935077
323.93783934428984,1.7131582706313158
324.00383463241405,1.7115613620379277
324.05020565827044,1.7102588777077896
324.08278785486345,1.7091920575338926
324.1056814420659,1.708315098590476
324.1217674062448,1.7075919602834349
324.1330700491823,1.7069940452270074
324.14101173014757,1.7064984919626542
324.14659185835643,1.706086901995178
324.15051266057543,1.7057443794407607
324.15326755070885,1.7054587984576914
324.155203221969,1.705220238447724
324.1565632754278,1.7050205439676758
324.15751887525073,1.7048529778897188
324.1581902881594,1.7047119444131624
324.15866201940787,1.7045931328399329
324.158984912314,1.7044946639988732
324.15920591761983,1.7044133045692371
324.15935717503305,1.704346035152652
324.1594606859456,1.704290373270585
324.15953151148136,1.7042442748146598
324.1595799617333,1.704206054317574
324.1596130944095,1.7041743199409713
324.15963574071725,1.704147919046097
324.1596512075139,1.7041258921023401
324.1596617578936,1.704107456450105
324.15966894254325,1.7040920464954947
324.15967383217424,1.70407904518874
324.15967700200713,1.70406714892194
324.15967911522904,1.704059218077501
324.15968074292596,1.7040531093906586
324.1596828885471,1.7040280351202735
324.159682553554,1.704011948419072
324.159680804077,1.7040033556656675
324.1596758803654,1.7039791723005349
324.15964772895,1.7039240450607411
324.1596089045604,1.7038779807950581
324.1594994755296,1.7037913457760308
324.1588673671121,1.7035298543201371
324.09756171994326,1.699883812145508
323.920785221851,1.6963330782852322
322.50657194120384,1.687545163567072
321.09235847569437,1.6846605736496834
319.6781449709761,1.6836919514491422
318.2639314511035,1.6838813970398916
316.84971792478,1.6849344295565283
315.43550439633225,1.6867114014955766
314.02129086843956,1.6891430316819966
312.6070773430909,1.6921988431363268
311.1928638220057,1.695873327596557
309.7786503068618,1.7001794770599394
308.3644367994506,1.705145952062059
306.95022330181143,1.7108163959544787
305.5360098163764,1.7172503210480525
304.1217963461505,1.724525465522953
302.70758289495956,1.732741868586682
301.2933694678114,1.7420283066219673
299.8791560714517,1.75255235189264
298.4649427152613,1.764536475322225
297.0507294127863,1.778285054948429
295.6365161845095,1.7942328623206127
294.2223030631854,1.8130407895059846
292.80809011256724,1.8358123350147568
291.6479573749729,1.858893295829571
290.8116450918227,1.8794101959367908
290.2087673930349,1.897471653057484
289.7741672248332,1.9132876680462765
289.4687991700796,1.926731929062664
289.254235013844,1.9381093379269507
289.10347348152305,1.9477080673442662
288.9975423458444,1.9557890203444135
288.9231109247796,1.962582284965985
288.87081252248174,1.9682873843168762
288.834065705959,1.9730754253184088
288.8082460846525,1.9770920562333814
288.7901043680488,1.9804606306294428
288.7773574685653,1.9832852627370325
288.7684011933012,1.9856536245910816
288.76210836922246,1.987639428033312
288.7576869974622,1.9893045846116713
288.7545805865963,1.9907010616943255
288.7523981226392,1.991872464379798
288.7508648630462,1.992855376373816
288.7497877625448,1.993680492572865
288.74903117991215,1.9943735736896988
288.748499808594,1.9949562501426776
288.74812668312273,1.9954466992031694
288.7478647520451,1.9958602165189983
288.7476809568938,1.9962097008474107
288.7475520721213,1.9965060695832593
288.74746178254844,1.9967586231947754
288.74739863069533,1.9969753813894855
288.74735458160177,1.997163400410077
288.74732395761265,1.9973279031762192
288.7473034880218,1.9974753572820463
288.7472893906119,1.997613822420905
288.74728052038967,1.997767717054926
288.7472779757616,1.9979000378276983
288.7472783270632,1.9979581861455689
288.74728221197887,1.9980759520868159
288.7472896950962,1.9981883004904295
288.74731414677296,1.9984058880090239
288.74791842464026,2.0000303406862607
288.749669200974,2.0020157213946344
288.7547228393269,2.005159502155225
288.8742901191844,2.0277638541563006
289.17600359340605,2.0523521559017217
290.59021526977887,2.1070570208815114
292.0044281776941,2.1377502074574353
293.4186414094512,2.1584832404706282
294.8328547723672,2.172466992102934
296.2470681884091,2.1807260899267944
297.6612816253284,2.182944355703011
299.0754956012283,2.1762305431249613
300.48970955488966,2.1408271524650715
301.22987877337744,2.0689234831681587
302.64408846023855,1.9960492560448444
304.0583006277966,1.9563650672290387
305.47251336949654,1.9268444552560706
306.8867263574049,1.9026039018228362
308.30093947900735,1.881681020524948
309.7151526808502,1.8630560165570147
310.94869752466417,1.848200219068068
312.36291081586035,1.8323854168508336
313.7771241338909,1.817575267549738
315.1913374697225,1.8035244102817578
316.60555081571204,1.7900196616422752
318.01976416423565,1.776850906506398
319.433977505994,1.763773185938676
320.8392304474193,1.7505159881807544
321.8266200596436,1.7407022086544746
322.52040137217074,1.7332667504798036
323.00788118094334,1.7275341985406503
323.3504049025327,1.7230538883789495
323.59107639927623,1.719513579708209
323.76018225239415,1.7166906014089762
323.87900308384627,1.714422486217084
323.9624915509366,1.7125884636656417
324.0211540176404,1.711097347860882
324.0623726957924,1.709879366046207
324.09133463693075,1.7088805074793552
324.11168448092315,1.7080585339823955
324.125983104523,1.7073801138713212
324.13602988707584,1.7068187313599394
324.14308914791644,1.706353140794062
324.14804925077624,1.7059662095204122
324.1515343972079,1.7056440416920737
324.1539831773281,1.7053753075801366
324.1557037628553,1.7051507247904443
324.15691268804176,1.7049626527433266
324.1577620987655,1.7048047720715442
324.15835889869106,1.7046718277252408
324.15877820363505,1.7045597722679606
324.15906520760194,1.7044668324670447
324.15926164465117,1.7043899676922263
324.1593960833305,1.7043263302116953
324.1594880803138,1.7042735745087536
324.15955102309124,1.7042297644100723
324.15959407592817,1.704193297401103
324.15962351194867,1.7041628417505532
324.1596436249257,1.7041372813061937
324.1596573531867,1.7041156715273271
324.15966670699925,1.7040972391294469
324.1596730649974,1.7040813576746245
324.15967737571157,1.7040669861874589
324.1596802405883,1.7040521969724678
324.1596828961547,1.704028035090921
324.159682575702,1.7040120811169897
324.15968082683827,1.7040034715736643
324.15967590399083,1.7039792367133682
324.1596477528817,1.7039240794283996
324.1596089285598,1.7038780052567173
324.1594994995607,1.7037913612736293
324.15886739114717,1.7035298616205097
324.0975617439794,1.699883812902403
323.9207852458872,1.696333078628196
322.50657196524,1.6875451636422985
321.09235849973055,1.6846605736790456
319.6781449950123,1.6836919514545658
318.26393147513966,1.6838813970287965
316.8497179488162,1.68493442953222
315.43550442036843,1.6867114014596851
314.02129089247575,1.6891430316353218
312.6070773671271,1.6921988430791497
311.19286384604186,1.6958733275288038
309.77865033089796,1.7001794769812482
308.36443682348676,1.7051459519718057
306.9502233258476,1.7108163958517997
305.5360098404126,1.7172503209318015
304.1217963701867,1.724525465391632
302.70758291899574,1.7327418684383529
301.29336949184756,1.742028306454165
299.8791560954879,1.752552351702099
298.4649427392975,1.764536475104567
297.0507294368225,1.7782850546975462
295.6365162085457,1.794232862027572
294.2223030872216,1.8130407891567013
292.80809013660337,1.83581233458436
291.64795739900904,1.858893295295384
290.8116451158588,1.8794101952818918
290.20876741707104,1.897471652260441
289.77416724886933,1.9132876670793715
289.4687991941157,1.9267319278959212
289.25423503788005,1.9381093365242177
289.10347350555907,1.9477080656621055
288.99754236988036,1.9557890183305402
288.9231109488155,1.9625822825579788
288.8708125465175,1.9682873814395954
288.8340657299946,1.9730754218827835
288.8082461086879,1.97709205213246
288.79010439208383,1.980460625734881
288.7773574925999,1.9832852568965231
288.7684012173351,1.985653617621445
288.7621083932554,1.9876394197160292
288.7576870214938,1.9893045746849745
288.754580610626,1.990701049844849
288.75239814666617,1.9918724502318674
288.7508648870693,1.992855359474396
288.74978778656236,1.9936804723749448
288.74903120392173,1.994373549534141
288.74849983259213,1.9949562212261875
288.7481267071044,1.9954466645320155
288.7478647760029,1.9958601748657312
288.74768098081694,1.996209650661707
288.74755209599317,1.9965060088572817
288.74746180634384,1.9967585492763629
288.7473986543747,1.996975290598026
288.7473546050831,1.997163287412286
288.74732398092914,1.99732776306596
288.7473035108528,1.9974751667589774
288.74728941331205,1.9976135335507796
288.7472805326948,1.9977673641187605
288.7472779822345,1.9979000378242548
288.7472783327811,1.9979584922498774
288.7472822225918,1.9980761567940422
288.7472897072507,1.9981884480594276
288.7473141593743,1.998405976280322
288.747918437448,2.0000303619863233
288.7496692138,2.0020157324266457
288.7547228521554,2.005159508404578
288.87429013201427,2.0277638556553277
289.1760035919822,2.0523521558132463
290.590215268355,2.1070570208431287
292.0044281762702,2.137750207432358
293.4186414080273,2.1584832404535423
294.83285477094336,2.1724669920917368
296.24706818698525,2.180726089921275
297.66128162390453,2.182944355704352
299.0754955998044,2.176230543138971
300.48970955346584,2.1408271525514984
301.2298787719536,2.0689234832918992
302.64408845881474,1.9960492560936691
304.0583006263728,1.9563650672625743
305.4725133680727,1.9268444552826807
306.88672635598107,1.9026039018453371
308.30093947758354,1.881681020544715
309.7151526794264,1.8630560165748182
310.94869752324036,1.8482002190845819
312.36291081443653,1.832385416866194
313.77712413246707,1.8175752675642143
315.1913374682987,1.80352441029558
316.6055508142882,1.7900196616556592
318.01976416281184,1.776850906519575
319.4339775045702,1.763773185951915
320.8392304459955,1.7505159881944876
321.82662005821976,1.7407022086691613
322.5204013707469,1.7332667504957717
323.00788117951953,1.727534198558358
323.3504049011089,1.7230538883986921
323.5910763978524,1.7195135797305592
323.76018225097033,1.716690601434431
323.87900308242246,1.7144224862462607
323.9624915495128,1.7125884636993653
324.0211540162166,1.7110973478999794
324.0623726943686,1.7098793660917315
324.09133463550694,1.708880507532641
324.11168447949933,1.7080585340449466
324.1259831030992,1.7073801139450346
324.136029885652,1.7068187314466912
324.1430891464926,1.7063531408968844
324.1480492493524,1.7059662096419832
324.15153439578415,1.7056440418356476
324.1539831759044,1.7053753077513472
324.1557037614316,1.7051507249947035
324.15691268661806,1.7049626529862727
324.15776209734184,1.704804772362778
324.1583588972675,1.7046718280743267
324.1587782022116,1.704559772686508
324.15906520617864,1.7044668329707866
324.1592616432281,1.7043899683005055
324.1593960819078,1.7043263309512273
324.1594880788916,1.7042735754050042
324.15955102166987,1.7042297654963674
324.159594074508,1.7041932987262645
324.1596235105304,1.704162843378863
324.1596436235107,1.704137283295172
324.1596573517743,1.704115673815049
324.1596667055782,1.7040972418538711
324.15967306359136,1.7040813634049687
324.15967737463785,1.7040669978299876
324.1596802405664,1.7040521969896139
324.15968288585543,1.7040280351304595
324.15968254555804,1.7040119006965146
324.1596807958617,1.7040033139595678
324.15967587184036,1.703979149037536
324.15964772031435,1.7039240326533092
324.1596088959003,1.7038779719625383
324.1594994668581,1.7037913401845346
324.15886735843924,1.7035298516856232
324.09756171127,1.6998838118722581
323.92078521317774,1.6963330781614514
322.50657193253056,1.6875451635399354
321.0923584670211,1.684660573639097
319.67814496230284,1.6836919514471818
318.2639314424302,1.6838813970439015
316.8497179161067,1.6849344295653064
315.43550438765897,1.6867114015085356
314.0212908597663,1.6891430316988443
312.6070773344176,1.6921988431569575
311.1928638133324,1.6958733276210132
309.7786502981885,1.7001794770883323
308.3644367907773,1.705145952094636
306.95022329313815,1.710816395991523
305.5360098077031,1.7172503210900074
304.12179633747724,1.724525465570346
302.7075828862863,1.7327418686402067
301.2933694591381,1.7420283066825135
299.8791560627784,1.7525523519613866
298.46494270658803,1.7645364754007726
297.05072940411304,1.7782850550389682
295.6365161758362,1.794232862426357
294.2223030545121,1.8130407896320229
292.80809010389396,1.8358123351700482
291.64795736629964,1.8588932960223117
290.8116450831494,1.8794101961730942
290.20876738436164,1.897471653345087
289.7741672161599,1.9132876683951614
289.4687991614063,1.9267319294837368
289.2542350051707,1.9381093384331693
289.10347347284977,1.9477080679513459
288.9975423371711,1.9557890210711562
288.9231109161064,1.9625822858349107
288.8708125138085,1.9682873853548855
288.83406569728584,1.973075426558205
288.80824607597947,1.9770920577131572
288.79010435937585,1.9804606323954097
288.7773574598925,1.9832852648445143
288.76840118462866,1.985653627106605
288.76210836055026,1.9876394310352428
288.75768698879045,1.9893045881930695
288.75458057792525,1.9907010659697066
288.7523981139691,1.9918724694849759
288.75086485437754,1.9928553824714443
288.74978775387814,1.9936804998597522
288.74903117124836,1.9943735824048174
288.7484997999343,1.9949562605769768
288.74812667446895,1.9954467117141346
288.7478647433999,1.995860231548778
288.7476809482612,1.9962097189572334
288.74755206350716,1.9965060914946582
288.7474617739619,1.9967586498727523
288.7473986221506,1.9969754141557674
288.7473545731298,1.9971634411877317
288.74732394919187,1.9973279534229356
288.7473034797674,1.9974754261917158
288.74728938227247,1.9976139307711231
288.74728051490985,1.9977678816638154
288.74727797570006,1.9979000378282157
288.74727832701507,1.9979581835573403
288.7472822118908,1.9980759503169787
288.74728969499495,1.9981882992015012
288.74731414666763,1.9984058872709898
288.74791842453317,2.000030340508488
288.7496692008667,2.002015721302328
288.7547228392196,2.0051595021018707
288.87429011907705,2.027763854143722
289.1760035932987,2.0523521558951003
290.5902152696715,2.107057020878684
292.0044281775867,2.137750207455619
293.4186414093438,2.158483240469436
294.83285477225985,2.1724669921021036
296.24706818830174,2.1807260899264103
297.661281625221,2.182944355703227
299.0754956011209,2.1762305431261533
300.4897095547824,2.1408271524718177
301.2298787732702,2.0689234831776715
302.6440884601313,1.996049256048515
304.05830062768933,1.956365067231526
305.4725133693893,1.9268444552580593
306.8867263572976,1.902603901824529
308.3009394789001,1.8816810205264485
309.71515268074296,1.863056016558336
310.9486975245569,1.8482002190693074
312.3629108157531,1.832385416851979
313.7771241337836,1.8175752675508052
315.19133746961523,1.8035244102827979
316.6055508156048,1.7900196616432922
318.0197641641284,1.7768509065073925
319.43397750588673,1.763773185939672
320.83923044731205,1.7505159881817898
321.8266200595363,1.7407022086555881
322.5204013720635,1.733266750480991
323.0078811808361,1.7275341985419965
323.35040490242545,1.7230538883803725
323.59107639916897,1.7195135797099448
323.7601822522869,1.7166906014109369
323.879003083739,1.7144224862192596
323.9624915508293,1.7125884636682058
324.02115401753315,1.7110973478637894
324.06237269568516,1.7098793660495322
324.0913346368235,1.7088805074833826
324.1116844808159,1.7080585339872583
324.12598310441575,1.707380113876951
324.1360298869686,1.706818731366487
324.1430891478092,1.7063531408022146
324.148049250669,1.7059662095297008
324.15153439710065,1.7056440417029124
324.1539831772208,1.7053753075932692
324.15570376274803,1.7051507248061175
324.1569126879345,1.7049626527613082
324.1577620986582,1.7048047720942767
324.1583588985838,1.7046718277509751
324.1587782035278,1.7045597723003556
324.1590652074947,1.7044668325030659
324.1592616445439,1.7043899677357464
324.15939608322327,1.7043263302653573
324.15948808020664,1.7042735745781437
324.15955102298415,1.7042297644968296
324.1595940758211,1.7041932974971363
324.15962351184174,1.7041628418691834
324.159643624819,1.7041372814488316
324.15965735308026,1.7041156716893988
324.15966670689124,1.70409723930231
324.15967306488955,1.7040813581774708
324.1596773756426,1.7040669875061256
324.15968024068763,1.704052196974684
324.1596828948078,1.7040280350963122
324.15968257185716,1.7040120580672362
324.15968082288697,1.7040034514360878
324.1596758998895,1.703979225509741
324.1596477487271,1.7039240734527823
324.15960892439335,1.703878001012942
324.1594994953888,1.7037913585825126
324.1588673869746,1.7035298603531799
324.0975617398066,1.699883812770996
323.92078524171444,1.6963330785686184
322.50657196106727,1.687545163629237
321.0923584955578,1.6846605736739542
319.67814499083954,1.683691951453627
318.2639314709669,1.6838813970307127
316.84971794464343,1.6849344295364308
315.43550441619567,1.6867114014659255
314.021290888303,1.6891430316434273
312.6070773629543,1.6921988430890753
311.1928638418691,1.695873327540574
309.7786503267252,1.7001794769949148
308.364436819314,1.7051459519874808
306.95022332167486,1.7108163958696312
305.5360098362398,1.7172503209519963
304.12179636601394,1.7245254654144306
302.707582914823,1.7327418684640925
301.2933694876748,1.7420283064832875
299.8791560913151,1.7525523517351767
298.46494273512474,1.7645364751423454
297.05072943264975,1.7782850547411073
295.6365162043729,1.7942328620784416
294.2223030830488,1.8130407892173492
292.8080901324306,1.8358123346590343
291.6479573948363,1.858893295388111
290.81164511168606,1.879410195395604
290.2087674128983,1.8974716523987771
289.77416724469657,1.9132876672472483
289.46879918994296,1.9267319280984565
289.2542350337073,1.9381093367677806
289.1034735013863,1.9477080659541932
288.9975423657076,1.9557890186801568
288.92311094464276,1.9625822829758908
288.87081254234477,1.9682873819391493
288.8340657258219,1.9730754224790874
288.80824610451526,1.977092052844371
288.79010438791124,1.9804606265845783
288.7773574884274,1.9832852579102513
288.76840121316275,1.9856536188317797
288.7621083890832,1.987639421159943
288.7576870173218,1.9893045764080446
288.75458060645434,1.9907010519023474
288.75239814249494,1.9918724526873843
288.7508648828988,1.992855362408712
288.7497877823928,1.9936804758822715
288.7490311997536,1.9943735537292726
288.74849982842596,1.9949562262448437
288.74812670294114,1.995446670552726
288.74786477184375,1.995860182097194
288.7476809766638,1.996209659373681
288.74755209184895,1.996506019399109
288.7474618022129,1.9967585621121162
288.7473986502639,1.9969753063616895
288.74735460100635,1.997163307031673
288.74732397688285,1.9973277874708062
288.74730350689674,1.9974751998042803
288.74728940933187,1.9976135830092587
288.74728053053985,1.9977674254118576
288.74727798112866,1.997900037826434
288.74727833181583,1.9979584405426054
288.74728222079455,1.998076122483711
288.74728970519925,1.9981884231206886
288.7473141572472,1.9984059613824745
288.74791843528607,2.000030358390159
288.74966921163497,2.0020157305636803
288.75472284998995,2.005159507348751
288.87429012984836,2.0277638554040713
289.17600357556233,2.0523521547919152
290.5902152519351,2.107057020401088
292.0044281598503,2.1377502071436356
293.4186413916074,2.1584832402553022
294.83285475452345,2.1724669919633453
296.24706817056534,2.180726089858314
297.6612816074846,2.18294435572023
299.07549558338445,2.1762305433006706
300.4897095370434,2.1408271535405605
301.22987871338455,2.0689234884046956
302.64408840024544,1.9960492581020959
304.0583005678034,1.9563650686425127
305.47251330950337,1.926844456376993
306.88672629741166,1.9026039027714141
308.3009394190141,1.8816810213583899
309.71515262085916,1.8630560166517252
310.7591384281844,1.8504121181541648
312.17335171495574,1.834440921949732
313.5875650299612,1.8195114061424686
315.00177836386666,1.8053715575570282
316.4159917089232,1.7918055573000502
317.8302050575877,1.7786047043764892
319.2444184009272,1.7655317929587349
320.6586317244685,1.7522525888153169
321.69972479104763,1.742002746403445
322.43124040274296,1.7342605549265873
322.94523391243825,1.7283054489464327
323.3063872720421,1.723659825657181
323.5601487335758,1.7199944329563204
323.73845214477785,1.7170753806488324
323.8637355661469,1.714732548145724
323.9517649198421,1.712839801477233
324.0136180038294,1.7113021124324441
324.05707854342694,1.7100469046570947
324.0876157103825,1.709018089306591
324.1090723740525,1.708171866527735
324.1241486955406,1.7074737165997946
324.1347419212169,1.706896209924848
324.1421851358911,1.7064173908932558
324.1474150208006,1.7060195702249135
324.151089727404,1.7056884120211682
324.15367170044567,1.7054122360249768
324.1554858729068,1.7051814787020718
324.1567605562072,1.7049882725813887
324.157656171359,1.7048261141638692
324.15828543648854,1.70468959821965
324.1587275528936,1.704574561154122
324.15903017268096,1.7044791835587876
324.15923729976674,1.704400339794021
324.15937905656676,1.7043351068324657
324.1594760635006,1.7042810801085588
324.1595424363183,1.7042362751936293
324.15958783775284,1.704199033912149
324.1596188813998,1.704167991421234
324.15964009623775,1.704142374509132
324.15965461014014,1.7041220983527448
324.159664200638,1.7041028434331817
324.15967079905437,1.7040895957397224
324.15967507811524,1.7040757652326366
324.1596781759946,1.704065752464958
324.1596828957309,1.7040280350928179
324.1596825745665,1.7040120744405507
324.15968082567247,1.7040034657255663
324.15967590278217,1.7039792334056205
324.1596477516573,1.703924077656671
324.1596089273319,1.7038780040059713
324.1594994983312,1.7037913604808845
324.1588673899174,1.7035298612452254
324.0975617427496,1.6998838128638243
323.9207852446574,1.6963330786106168
322.5065719640102,1.6875451636384369
321.09235849850074,1.6846605736775453
319.6781449937825,1.6836919514543094
318.26393147390985,1.683881397029357
316.8497179475864,1.684934429533453
315.4355044191386,1.6867114014615172
314.02129089124594,1.689143031637717
312.6070773658973,1.6921988430820636
311.19286384481205,1.6958733275322715
309.77865032966815,1.7001794769852783
308.36443682225695,1.705145951976414
306.9502233246178,1.7108163958570546
305.5360098391828,1.7172503209377585
304.1217963689569,1.7245254653983535
302.70758291776593,1.7327418684459395
301.29336949061775,1.7420283064627409
299.87915609425806,1.7525523517118389
298.4649427380677,1.7645364751157104
297.0507294355927,1.7782850547103939
295.6365162073159,1.794232862042556
294.22230308599177,1.813040789174595
292.80809013537356,1.8358123346063444
291.64795739777924,1.8588932953227268
290.811645114629,1.8794101953154039
290.20876741584124,1.8974716523011994
289.7741672476395,1.9132876671288512
289.4687991928859,1.9267319279555613
289.25423503665024,1.9381093365960174
289.10347350432926,1.9477080657482237
288.99754236865056,1.9557890184336144
288.9231109475857,1.9625822826811523
288.8708125452877,1.96828738158684
288.8340657287648,1.9730754220587632
288.8082461074581,1.9770920523422306
288.790104390854,1.980460625985534
288.77735749137014,1.9832852571955626
288.7684012161054,1.9856536179783202
288.76210839202577,1.9876394201415257
288.7576870202642,1.9893045751925198
288.7545806093965,1.9907010504521128
288.75239814543676,1.991872450955356
288.7508648858401,1.992855360338906
288.7497877853334,1.993680473411186
288.74903120269323,1.9943735507718108
288.7484998313642,1.994956222704715
288.7481267058773,1.995446666306611
288.74786477477704,1.9958601769970077
288.7476809795928,1.996209653228426
288.74755209477166,1.9965060119640858
288.7474618051263,1.9967585530594905
288.74739865316303,1.9969752952386703
288.7473546038806,1.997163293198748
288.74732397974174,1.9973277704984422
288.74730350969577,1.9974751764143197
288.7472894121497,1.9976135464929958
288.74728053249635,1.9977673690894977
288.7472779811361,1.9979000378247735
288.74727833177263,1.9979584389472451
288.7472822207294,1.9980761213079652
288.7472897051253,1.9981884222777795
288.74731415717093,1.9984059608473297
288.74791843520853,2.0000303582604038
288.7496692115573,2.00201573049677
288.7547228499123,2.0051595073110873
288.87429012977094,2.02776385539348
289.17600358973874,2.052352155673606
290.59021526611156,2.1070570207827637
292.00442817402677,2.137750207392945
293.4186414057839,2.1584832404264485
294.8328547686999,2.1724669920742548
296.2470681847418,2.1807260899127505
297.6612816216611,2.182944355706602
299.075495597561,2.176230543161066
300.4897095512198,2.140827152684402
301.22987872756096,2.0689234871673765
302.6440884144219,1.9960492576159075
304.0583005819799,1.9563650683084328
305.47251332367983,1.9268444561121632
306.8867263115881,1.902603902547273
308.3009394331906,1.8816810211613673
309.7151526350386,1.8630560165269643
310.897273866701,1.8487979070626608
312.3114871567184,1.8329412330078645
313.7257004739443,1.8180991376624047
315.1399138092669,1.8040245152020549
316.55412715501654,1.7905035171411572
317.9683405035942,1.777326474086726
319.38255384581595,1.7642506528501571
320.7967671662344,1.750925529151187
321.7967818742446,1.7410093422992263
322.4994341085215,1.7335017032263904
322.9931469989022,1.7277167025985076
323.34005034498836,1.7231973912013485
323.58379914953633,1.7196275487290094
323.75506724814016,1.7167818737025802
323.8754073639234,1.7144961015971927
323.9599633438783,1.7126482008829675
324.01937588987283,1.7111460814839017
324.06112160517824,1.7099193105552102
324.0904538647144,1.7089133880195182
324.11106390993837,1.7080857081083651
324.12554536183484,1.7074026597956702
324.1357206072201,1.7068375128805826
324.1428701314438,1.7063688557244734
324.1478936571591,1.7059794263020236
324.1514233671763,1.7056552274547667
324.15390345958207,1.705384849972721
324.15564604649586,1.7051589492741543
324.1568704308697,1.7049698366345987
324.1577307039994,1.7048111563780424
324.15833513650944,1.7046776277331537
324.158759804684,1.7045651775427841
324.1590504805384,1.704472049906975
324.15924943183666,1.7043951885032032
324.1593855925914,1.70433174533273
324.1594787697964,1.7042793822864448
324.1595425225057,1.7042361787395528
324.1595861327361,1.7042005567314917
324.1596159546685,1.7041712194171033
324.1596363382287,1.7041471011161469
324.159650261431,1.7041273418736187
324.15965976484085,1.7041112903417213
324.1596662502979,1.7040981702185412
324.159670638805,1.704086133430439
324.15967359808496,1.7040804816626864
324.1596759456976,1.704075998085121
324.15967766441634,1.7040594412057783
324.15967858311797,1.7040615728448016
324.1596793981727,1.7040634639947256
324.1596797750601,1.7040611195928217
324.15968002631837,1.7040595566583145
324.1596833369439,1.7040389631442272
324.1596828937279,1.7040280351004184
324.159682568694,1.7040120391175577
324.15968081963626,1.704003434881697
324.1596758965154,1.7039792163025973
324.15964774530914,1.7039240685491852
324.1596089209658,1.703877997514981
324.1594994919567,1.703791356372749
324.1588673835419,1.7035298593097516
324.0975617363738,1.6998838126629252
323.9207852382816,1.6963330785196489
322.50657195763443,1.6875451636184766
321.09235849212496,1.684660573669763
319.6781449874067,1.6836919514528517
318.26393146753406,1.6838813970323012
316.8497179412106,1.6849344295399105
315.43550441276284,1.6867114014710465
314.02129088487015,1.6891430316501026
312.6070773595215,1.692198843097244
311.19286383843627,1.6958733275502382
309.77865032329237,1.7001794770061545
308.36443681588116,1.7051459520003678
306.950223318242,1.7108163958842895
305.536009832807,1.7172503209685905
304.1217963625811,1.7245254654331785
302.70758291139015,1.73274186848528
301.29336948424196,1.7420283065072542
299.8791560878823,1.7525523517623802
298.4649427316919,1.7645364751734327
297.0507294292169,1.7782850547769498
295.6365162009401,1.7942328621202919
294.222303079616,1.8130407892672236
292.80809012899783,1.835812334720532
291.6479573914035,1.8588932954643869
290.8116451082533,1.8794101954891345
290.2087674094655,1.8974716525126485
289.7741672412638,1.9132876673853152
289.4687991865102,1.9267319282651514
289.2542350302746,1.9381093369680684
289.1034734979536,1.9477080661943806
288.9975423622749,1.9557890189677976
288.92311094121004,1.962582283319888
288.87081253891205,1.9682873823501463
288.8340657223892,1.9730754229699892
288.80824610108255,1.9770920534301903
288.7901043844786,1.980460627283619
288.7773574849948,1.9832852587445478
288.76840120973026,1.985653619827179
288.76210838565083,1.9876394223479448
288.75768701388967,1.9893045778254836
288.7545806030225,1.9907010535944996
288.7523981390635,1.9918724547081812
288.7508648794678,1.9928553648219973
288.7497877789626,1.9936804787672988
288.74903119632455,1.9943735571787462
288.7484998249986,1.99495623037555
288.7481266995161,1.9954466755000682
288.7478647684221,1.995860188044305
288.74768097324716,1.996209666541398
288.7475520884396,1.996506028070204
288.74746179881447,1.9967585726667658
288.747398646882,1.9969753193239184
288.7473545976524,1.9971633231727655
288.7473239735551,1.9973278075799374
288.7473035036473,1.9974752269064295
288.7472894062179,1.9976136211906765
288.74728052998523,1.997767439739846
288.74727797802973,1.9979000378273004
288.74727832902096,1.9979582932385613
288.74728221565965,1.9980760235031643
288.74728969931886,1.9981883517831993
288.747314151151,1.9984059186816685
288.74791842909,2.000030348086735
288.7496692054301,2.0020157252265944
288.7547228437839,2.0051595043258468
288.8742901236418,2.0277638546782404
289.17600358360966,2.0523521552923727
290.5902152599824,2.107057020617717
292.00442816789763,2.137750207285163
293.41864139965475,2.158483240352478
294.8328547625708,2.172466992026303
296.24706817861266,2.180726089889303
297.66128161553195,2.1829443557126496
299.0754955914318,2.1762305432214735
300.48970954509036,2.140827153054108
301.2298787214314,2.0689234877023037
302.6440884082923,1.9960492578261477
304.0583005758503,1.9563650684528429
305.47251331755024,1.926844456226657
306.8867263054585,1.9026039026442025
308.300939427061,1.8816810212465356
309.715152628909,1.863056016603667
310.89727386057143,1.8487979071339828
312.3114871505888,1.8329412330741863
313.7257004678147,1.8180991377248938
315.1399138031373,1.8040245152617054
316.55412714888695,1.790503517198818
317.9683404974646,1.777326474143401
319.38255383968635,1.7642506529070614
320.7967671601048,1.7509255292102581
321.796781868115,1.7410093423622637
322.4994341023919,1.7335017032949556
322.9931469927726,1.7277167026742832
323.34005033885876,1.723197391286131
323.58379914340674,1.7196275488248147
323.75506724201057,1.7167818738117095
323.8754073577938,1.7144961017223457
323.9599633377487,1.7126482010273134
324.01937588374324,1.711146081651499
324.06112159904865,1.70991931075027
324.0904538585848,1.7089133882477512
324.11106390380877,1.708085708375924
324.12554535570524,1.7074026601105143
324.1357206010905,1.706837513251918
324.14287012531423,1.7063688561627486
324.1478936510296,1.7059794268205533
324.15142336104685,1.7056552280703539
324.1539034534527,1.7053848507041576
324.1556460403666,1.7051589501446962
324.1568704247406,1.7049698376725086
324.15773069787053,1.7048111576196372
324.1583351303809,1.704677629222182
324.15875979855593,1.7045651793263963
324.159050474411,1.7044720520591357
324.1592494257103,1.7043951910968005
324.1593855864666,1.7043317484622622
324.15947876367386,1.7042793860546044
324.15954251638647,1.7042361832859303
324.15958612662166,1.704200562209448
324.1596159485609,1.7041712259908897
324.15963633213045,1.704147108962612
324.1596502553442,1.704127351310122
324.1596597587865,1.7041113026466732
324.15966624439216,1.7040981852125794
324.1596706328845,1.704086135948842
324.15967359241256,1.7040805017209135
324.15967594126505,1.7040760300719855
324.15967766207973,1.7040594446654973
324.15967858061475,1.7040615859464001
324.15967939608566,1.7040634869651963
324.15967977298635,1.7040611428502572
324.1596800242535,1.7040595801069753
324.15968333917294,1.7040389631317412
324.15968289595713,1.7040280350920773
324.1596825751162,1.7040120776085481
324.1596808262362,1.704003468511845
324.15967590336584,1.7039792350222556
324.15964775224876,1.7039240785066994
324.159608927925,1.7038780046101245
324.159499498925,1.70379136086358
324.1588673905114,1.7035298614265209
324.0975617433436,1.699883812882458
323.9207852452514,1.6963330786190862
322.50657196460423,1.6875451636403203
321.09235849909476,1.6846605736782636
319.6781449943765,1.6836919514544242
318.26393147450386,1.6838813970290687
316.8497179481804,1.6849344295328526
315.43550441973264,1.6867114014606432
314.02129089183995,1.6891430316365645
312.6070773664913,1.6921988430806545
311.19286384540607,1.6958733275305913
309.77865033026217,1.7001794769833276
308.36443682285096,1.7051459519742087
306.9502233252118,1.710816395854518
305.5360098397768,1.7172503209348797
304.1217963695509,1.7245254653951072
302.70758291835995,1.7327418684422737
301.29336949121176,1.7420283064585944
299.8791560948521,1.7525523517071333
298.4649427386617,1.7645364751103196
297.0507294361867,1.7782850547041889
295.6365162079099,1.794232862035328
294.2223030865858,1.8130407891659526
292.8080901359676,1.8358123345957296
291.64795739837325,1.8588932953095116
290.81164511522303,1.8794101952992155
290.20876741643525,1.8974716522814785
289.77416724823354,1.9132876671049375
289.4687991934799,1.9267319279268427
289.25423503724426,1.938109336561411
289.1034735049233,1.9477080657065973
288.99754236924457,1.9557890183838218
288.9231109481797,1.9625822826215076
288.87081254588173,1.968287381515788
288.8340657293588,1.9730754219737148
288.8082461080521,1.9770920522410829
288.79010439144804,1.9804606258643442
288.7773574919641,1.9832852570511346
288.7684012166994,1.9856536178060584
288.7621083926197,1.9876394199359568
288.75768702085816,1.9893045749471372
288.7545806099904,1.9907010501583788
288.7523981460306,1.9918724506062446
288.7508648864339,1.9928553599214598
288.7497877859271,1.9936804729088864
288.7490312032867,1.994373550174425
288.74849983195736,1.994956221989787
288.7481267064701,1.9954466654481477
288.74786477536924,1.9958601759660128
288.74768098018416,1.9962096519864594
288.7475520953618,1.9965060104668273
288.7474618057145,1.9967585512330608
288.7473986537484,1.996975292994669
288.747354604462,1.9971632904029801
288.7473239803132,1.9973277668107623
288.74730351024795,1.9974751718274528
288.74728941275583,1.9976135409726732
288.74728053259696,1.9977673667977405
288.7472779816527,1.9979000378247105
288.74727833224375,1.9979584643536632
288.7472822216126,1.998076138053824
288.7472897061318,1.9981884344788434
288.74731415821435,1.998405968158631
288.74791843626906,2.000030360023149
288.7496692126194,2.0020157314119658
288.75472285097453,2.005159507828191
288.87429013083306,2.027763855519064
289.176003576547,2.0523521548531054
290.59021525291973,2.10705702042759
292.00442816083495,2.1377502071609515
293.41864139259206,2.158483240267222
294.8328547555081,2.1724669919711594
296.24706817155,2.1807260898621257
297.66128160846927,2.182944355719398
299.0754955843691,2.176230543291175
300.48970953802774,2.140827153480834
301.2298787143689,2.068923488318707
302.6440884012298,1.9960492580683762
304.0583005687878,1.9563650686192116
305.4725133104877,1.9268444563586227
306.886726298396,1.9026039027558634
308.3009394199985,1.881681021344697
309.7151526218435,1.8630560166394086
310.75913842916873,1.8504121181426068
312.1733517159401,1.834440921939035
313.58756503094554,1.8195114061323787
315.001778364851,1.8053715575474176
316.41599170990753,1.7918055572907725
317.83020505857206,1.7786047043673783
319.24441840191156,1.765531792949581
320.65863172545284,1.7522525888058773
321.699724792032,1.7420027463934193
322.4312404037273,1.7342605549156924
322.9452339134226,1.7283054489343694
323.3063872730265,1.7236598256437432
323.56014873456013,1.719994432941169
323.7384521457622,1.7170753806316046
323.86373556713124,1.7147325481259652
323.95176492082646,1.7128398014544106
324.01361800481374,1.7113021124059236
324.0570785444113,1.7100469046262912
324.0876157113669,1.7090180892706002
324.1090723750369,1.7081718664854608
324.12414869652497,1.7074737165502079
324.1347419222013,1.7068962098665361
324.14218513687547,1.7064173908240607
324.147415021785,1.7060195701428644
324.15108972838834,1.7056884119243543
324.15367170143,1.7054122359096004
324.15548587389117,1.7051814785642683
324.1567605571915,1.7049882724177219
324.15765617234325,1.704826113968004
324.1582854374727,1.7046895979850483
324.1587275538777,1.7045745608700442
324.159030173665,1.7044791832200348
324.1592373007506,1.7044003393854477
324.1593790575503,1.7043351063305363
324.1594760644838,1.7042810795043883
324.1595424373008,1.7042362744642925
324.159587838735,1.7041990331130767
324.1596188823854,1.7041679905338873
324.15964009721654,1.7041423717109863
324.1596546109656,1.7041220893776972
324.15966420159685,1.7041028434150118
324.1596708002821,1.7040896015285691
324.1596750791215,1.7040757617912123
324.15967817690193,1.7040657421425522
324.1596828928868,1.7040280351037236
324.1596825663007,1.7040120247539834
324.1596808171766,1.7040034223361409
324.1596758939622,1.7039792093335544
324.15964774272277,1.7039240648267397
324.15960891837204,1.703877994870428
324.1594994893595,1.7037913546922074
324.1588673809443,1.7035298585202738
324.09756173377605,1.6998838125810778
323.92078523568387,1.6963330784825719
322.5065719550367,1.687545163610378
321.0923584895272,1.6846605736666067
319.67814498480897,1.683691951452264
318.2639314649363,1.6838813970335127
316.84971793861286,1.68493442954253
315.4355044101651,1.6867114014749105
314.0212908822724,1.6891430316551401
312.60707735692375,1.6921988431034307
311.1928638358385,1.6958733275575704
309.7786503206946,1.70017947701466
308.3644368132834,1.7051459520101215
306.9502233156443,1.7108163958953861
305.53600983020925,1.71725032098116
304.12179635998336,1.7245254654473767
302.7075829087924,1.732741868501329
301.2933694816442,1.7420283065253923
299.87915608528454,1.7525523517829666
298.46494272909416,1.764536475196968
297.05072942661917,1.7782850548040432
295.63651619834235,1.794232862151961
294.22230307701824,1.8130407893049885
292.8080901264001,1.8358123347670436
291.64795738880576,1.8588932955221433
290.81164510565554,1.8794101955598805
290.20876740686776,1.8974716525987525
289.77416723866605,1.9132876674898391
289.46879918391244,1.9267319283911848
289.2542350276768,1.938109337119618
289.10347349535584,1.9477080663762503
288.99754235967714,1.9557890191855138
288.92311093861235,1.9625822835801157
288.87081253631436,1.9682873826608702
288.8340657197915,1.9730754233412062
288.8082460984849,1.9770920538732493
288.79010438188095,1.9804606278127066
288.77735748239724,1.9832852593758359
288.76840120713274,1.9856536205803805
288.76210838305343,1.9876394232465686
288.7576870112924,1.9893045788989063
288.7545806004254,1.9907010548746489
288.7523981364667,1.9918724562379302
288.7508648768715,1.9928553666475877
288.74978777636693,1.993680480949628
288.7490311937297,1.994373559788499
288.74849982240494,1.9949562334991664
288.7481266969242,1.9954466792500636
288.74786476583284,1.9958601925468207
288.74768097066163,1.9962096719658793
288.74755208585964,1.9965060346353543
288.74746179624276,1.9967585806529842
288.7473986443229,1.9969753291363541
288.74735459511504,1.9971633353763258
288.74732397103304,1.9973278226201097
288.74730350117136,1.9974752475706832
288.7472894039686,1.9976136517791676
288.74728052956823,1.9977674508114527
288.7472779756449,1.9979000378280418
288.7472783269855,1.9979581805987043
288.74728221180504,1.9980759486009099
288.747289694896,1.9981882979756167
288.74731414656486,1.998405886549573
288.74791842442875,2.000030340336734
288.7496692007621,2.00201572121205
288.754722839115,2.0051595020511117
288.87429011897245,2.0277638541314777
289.1760035931941,2.052352155888533
290.5902152695669,2.1070570208758554
292.0044281774821,2.137750207453755
293.4186414092392,2.1584832404681515
294.83285477215526,2.1724669921012207
296.24706818819715,2.1807260899260266
297.66128162511643,2.1829443557031176
299.0754956010163,2.1762305431270788
300.4897095546778,2.1408271524783196
301.2298787731656,2.068923483186297
302.6440884600267,1.9960492560521361
304.05830062758474,1.9563650672339972
305.4725133692847,1.9268444552600443
306.886726357193,1.9026039018261764
308.3009394787955,1.8816810205278864
309.71515268063837,1.8630560165596497
310.9486975244523,1.8482002190705247
312.3629108156485,1.8323854168531128
313.777124133679,1.817575267551872
315.19133746951064,1.8035244102838264
316.6055508155002,1.7900196616442368
318.0197641640238,1.7768509065083693
319.43397750578214,1.7637731859406272
320.83923044720746,1.7505159881827754
321.8266200594317,1.7407022086566522
322.5204013719589,1.7332667504821748
323.0078811807315,1.727534198543299
323.35040490232086,1.7230538883818827
323.5910763990644,1.7195135797115815
323.7601822521823,1.716690601412709
323.8790030836344,1.7144224862214648
323.96249155072474,1.7125884636706217
324.02115401742856,1.7110973478666491
324.06237269558056,1.7098793660528941
324.0913346367189,1.7088805074872921
324.1116844807113,1.7080585339916263
324.12598310431116,1.7073801138822753
324.136029886864,1.7068187313730498
324.1430891477046,1.7063531408096164
324.1480492505644,1.7059662095382646
324.15153439699606,1.7056440417131946
324.15398317711623,1.7053753076057214
324.15570376264344,1.7051507248207223
324.1569126878299,1.7049626527792587
324.15776209855363,1.7048047721162753
324.1583588984792,1.704671827777052
324.1587782034232,1.7045597723300276
324.1590652073901,1.7044668325414132
324.15926164443937,1.7043899677808718
324.1593960831188,1.704326330323978
324.1594880801021,1.7042735746402378
324.1595510228797,1.7042297645801747
324.1595940757168,1.704193297603136
324.15962351173755,1.7041628419898847
324.1596436247151,1.7041372815986895
324.1596573529766,1.7041156718527286
324.15966670678574,1.7040972394572464
324.1596730647848,1.704081358626663
324.1596773755717,1.7040669886211055
324.159680240738,1.7040521969767655
324.1596828937552,1.704028035100696
324.1596825687728,1.7040120394988452
324.1596808197165,1.7040034352232902
324.15967589659783,1.703979216523006
324.1596477453926,1.7039240686681787
324.1596089210495,1.7038779976006548
324.1594994920405,1.7037913564244065
324.1588673836257,1.703529859335271
324.0975617364576,1.6998838126656084
323.9207852383654,1.6963330785208597
322.5065719577182,1.68754516361876
321.09235849220875,1.684660573669868
319.6781449874905,1.6836919514528692
318.26393146761785,1.6838813970322564
316.8497179412944,1.6849344295398112
315.4355044128466,1.6867114014709155
314.02129088495394,1.689143031649939
312.6070773596053,1.692198843097032
311.19286383852005,1.695873327550008
309.77865032337616,1.7001794770058767
308.36443681596495,1.7051459520000571
306.9502233183258,1.710816395883929
305.5360098328908,1.7172503209681858
304.1217963626649,1.7245254654327258
302.70758291147393,1.7327418684847844
301.29336948432575,1.7420283065066597
299.87915608796607,1.7525523517617252
298.4649427317757,1.7645364751726826
297.0507294293007,1.778285054776058
295.6365162010239,1.7942328621192638
294.22230307969977,1.8130407892660156
292.8080901290816,1.8358123347190198
291.6479573914873,1.8588932954625563
290.8116451083371,1.879410195486824
290.2087674095493,1.897471652509836
289.7741672413476,1.9132876673819887
289.46879918659397,1.926731928261046
289.25423503035836,1.938109336963131
289.1034734980374,1.9477080661884745
288.9975423623587,1.9557890189607212
288.9231109412938,1.9625822833113493
288.87081253899584,1.9682873823400882
288.834065722473,1.9730754229580696
288.80824610116633,1.9770920534158585
288.79010438456237,1.980460627266646
288.7773574850786,1.9832852587240857
288.76840120981404,1.985653619802797
288.7621083857346,1.9876394223186475
288.7576870139734,1.989304577791234
288.7545806031062,1.9907010535527874
288.7523981391472,1.9918724546588207
288.75086487955156,1.9928553647630105
288.74978777904636,1.9936804786959605
288.7490311964082,1.994373557093599
288.7484998250822,1.9949562302743882
288.74812669959965,1.9954466753815678
288.7478647685056,1.9958601879003153
288.7476809733305,1.996209666365576
288.7475520885228,1.9965060278626827
288.7474617988974,1.996758572411104
288.74739864696454,1.996975319008436
288.7473545977339,1.9971633227724872
288.74732397363783,1.9973278071618394
288.74730350373045,1.9974752262281763
288.7472894065077,1.9976136175886818
288.74728053150955,1.9977673952393808
288.747277975415,1.9979000378308451
288.74727832671994,1.9979581695116235
288.7472822113824,1.9980759405829227
288.74728969441344,1.9981882921743235
288.74731414606487,1.998405883060256
288.74791842392057,2.0000303394892263
288.74966920025327,2.0020157207751215
288.754722838606,2.005159501803678
288.8742901184634,2.0277638540722256
289.17600359268516,2.0523521558569504
290.590215269058,2.107057020862129
292.0044281769732,2.1377502074447494
293.4186414087303,2.158483240462
294.83285477164634,2.1724669920973065
296.2470681876882,2.180726089923991
297.6612816246075,2.1829443557038255
299.0754956005074,2.176230543132119
300.48970955416894,2.1408271525092237
301.22987877265666,2.0689234832305274
302.6440884595178,1.9960492560695822
304.0583006270758,1.9563650672460144
305.47251336877576,1.9268444552695432
306.8867263566841,1.902603901834223
308.3009394782866,1.8816810205349777
309.71515268012945,1.8630560165660448
310.9486975239434,1.848200219076427
312.36291081513957,1.8323854168586307
313.7771241331701,1.8175752675570496
315.1913374690017,1.8035244102887638
316.60555081499126,1.7900196616490447
318.0197641635149,1.7768509065130604
319.4339775052732,1.7637731859453396
320.83923044669854,1.7505159881876973
321.8266200589228,1.7407022086619204
322.52040137144996,1.7332667504878727
323.00788118022257,1.7275341985496482
323.35040490181194,1.7230538883889197
323.59107639855546,1.7195135797195855
323.76018225167337,1.716690601421872
323.8790030831255,1.7144224862318684
323.9624915502158,1.712588463682758
324.02115401691964,1.711097347880619
324.06237269507164,1.7098793660692186
324.09133463621,1.708880507506381
324.11168448020237,1.708058534014116
324.12598310380224,1.7073801139087772
324.13602988635506,1.7068187314038952
324.14308914719567,1.7063531408462955
324.14804925005546,1.7059662095816237
324.1515343964872,1.7056440417644736
324.15398317660737,1.7053753076669582
324.1557037621346,1.7051507248942448
324.15691268732104,1.704962652866194
324.15776209804477,1.7048047722198747
324.15835889797034,1.7046718279016884
324.1587782029144,1.7045597724799175
324.15906520688134,1.7044668327210446
324.1592616439307,1.7043899679996988
324.1593960826102,1.704326330587515
324.15948807959376,1.7042735749616351
324.1595510223716,1.704229764959853
324.15959407520916,1.7041932980732981
324.15962351123073,1.704162842580724
324.1596436242094,1.7041372823126149
324.1596573524716,1.7041156726650568
324.1596667062787,1.7040972404602084
324.1596730642825,1.7040813606395682
324.1596773751849,1.7040669926373107
324.15968024068866,1.704052196981661
324.1596828902987,1.704028035113134
324.15968255866494,1.704011979026728
324.1596808093295,1.7040033823957679
324.15967588581725,1.7039791871406706
324.1596477344724,1.703924052979821
324.15960891009837,1.7038779864363556
324.1594994810749,1.7037913493537955
324.1588673726583,1.703529856004168
324.09756172548964,1.6998838123201185
323.9207852273974,1.69633307836432
322.5065719467502,1.6875451635844436
321.09235848124075,1.6846605736564801
319.6781449765225,1.6836919514503894
318.26393145664986,1.6838813970373283
316.8497179303264,1.684934429550924
315.43550440187863,1.68671140148729
314.02129087398595,1.6891430316712408
312.6070773486373,1.692198843123136
311.19286382755206,1.6958733275809164
309.77865031240816,1.700179477041786
308.36443680499696,1.7051459520412389
306.9502233073578,1.7108163959307898
305.5360098219228,1.7172503210212215
304.1217963516969,1.724525465492654
302.70758290050594,1.7327418685524565
301.29336947335776,1.7420283065832387
299.8791560769981,1.7525523518486716
298.4649427208077,1.7645364752719979
297.0507294183327,1.7782850548905396
295.6365161900559,1.7942328622529928
294.2223030687318,1.8130407894253842
292.8080901181136,1.8358123349154263
291.6479573805193,1.85889329570628
290.8116450973691,1.8794101957856535
290.2087673985813,1.8974716528735531
289.7741672303796,1.9132876678231419
289.468799175626,1.926731928793373
289.25423501939036,1.9381093376033036
289.10347348706944,1.9477080669561775
288.99754235139073,1.9557890198797838
288.92311093032595,1.9625822844102656
288.870812528028,1.9682873836528416
288.8340657115052,1.9730754245256072
288.8082460901987,1.977092055287199
288.79010437359483,1.9804606294998899
288.7773574741113,1.9832852613892407
288.768401198847,1.9856536229831465
288.76210837476805,1.9876394261140538
288.75768700300745,1.989304582320939
288.7545805921411,1.9907010589600653
288.75239812818336,1.9918724611153364
288.7508648685895,1.9928553724743434
288.74978776808683,1.993680487912172
288.74903118545234,1.9943735681147783
288.74849981413155,1.9949562434699208
288.7481266886565,1.995446691201746
288.7478647575734,1.9958602069094034
288.7476809624141,1.996209689265143
288.7475520776298,1.9965060555712975
288.7474617880393,1.9967586061374272
288.74739863615935,1.996975360435735
288.7473545870209,1.9971633743350505
288.7473239629894,1.997327870669524
288.7473034932699,1.9974753134425607
288.74728939563755,1.9976137608929538
288.74728052121367,1.997767696045848
288.74727798088924,1.9979000378258265
288.7472783315649,1.9979584293425887
288.74728222038317,1.9980761143806334
288.7472897047248,1.9981884173821465
288.7473141567554,1.9984059579488371
288.74791843478624,2.0000303575573786
288.74966921113446,2.002015730133736
288.7547228494893,2.0051595071049544
288.8742901293479,2.027763855344367
289.1760035893157,2.052352155647288
290.5902152656885,2.107057020771439
292.00442817360374,2.1377502073855483
293.41864140536086,2.1584832404213388
294.8328547682769,2.172466992070872
296.2470681843188,2.1807260899110945
297.66128162123806,2.182944355707125
299.07549559713794,2.176230543165328
300.48970955079676,2.1408271527097926
301.22987872713793,2.0689234872043984
302.6440884139989,1.9960492576304731
304.05830058155686,1.956365068318409
305.4725133232568,1.9268444561199933
306.8867263111651,1.9026039025539845
308.30093943276756,1.8816810211672714
309.71515263461555,1.8630560165322128
310.897273866278,1.8487979070675666
312.31148715629536,1.8329412330124444
313.7257004735213,1.818099137666736
315.13991380884386,1.80402451520616
316.5541271545935,1.7905035171451276
317.9683405031712,1.7773264740906298
319.3825538453929,1.764250652854083
320.7967671658114,1.7509255291552652
321.79678187382154,1.7410093423036135
322.49943410809846,1.733501703231118
322.9931469984792,1.7277167026037266
323.3400503445653,1.7231973912071958
323.5837991491133,1.7196275487356338
323.75506724771714,1.716781873710147
323.87540736350036,1.7144961016058295
323.9599633434553,1.7126482008928126
324.0193758894498,1.7111460814955457
324.0611216047552,1.709919310568699
324.09045386429136,1.7089133880353817
324.11106390951534,1.7080857081267118
324.1255453614118,1.7074026598175254
324.13572060679707,1.7068375129061806
324.14287013102074,1.7063688557547523
324.1478936567361,1.7059794263377597
324.15142336675325,1.7056552274971308
324.15390345915904,1.7053848500232025
324.15564604607283,1.7051589493342876
324.15687043044665,1.704969836705986
324.15773070357636,1.7048111564637605
324.15833513608646,1.7046776278355624
324.158759804261,1.7045651776661082
324.1590504801154,1.7044720500574697
324.15924943141374,1.7043951886827817
324.1593855921686,1.7043317455494058
324.1594787693737,1.7042793825459657
324.1595425220833,1.7042361790569691
324.159586132314,1.7042005571115835
324.1596159542468,1.704171219864828
324.1596363378076,1.7041471016482268
324.15965026101077,1.7041273425226389
324.1596597644229,1.7041112911839646
324.15966624988783,1.7040981712167598
324.15967063839423,1.704086133798322
324.15967359768695,1.704080482930928
324.1596759453496,1.70407599999142
324.1596776641702,1.7040594420356843
324.1596785828632,1.7040615741774756
324.1596793979382,1.7040634658382343
324.1596797748267,1.704061121459671
324.1596800260857,1.7040595585407097
324.15968333705723,1.7040389631394999
324.1596828938414,1.7040280351000037
324.15968256904705,1.7040120412140936
324.15968081999887,1.704003436716257
324.1596758968916,1.7039792173340498
324.1596477456903,1.703924069088088
324.15960892134797,1.7038779979062106
324.15949949233936,1.7037913566154517
324.15886738392464,1.7035298594254678
324.0975617367566,1.6998838126749387
323.9207852386644,1.6963330785250734
322.5065719580172,1.6875451636196817
321.09235849250774,1.6846605736702385
319.6781449877895,1.6836919514529458
318.26393146791685,1.6838813970321285
316.8497179415934,1.6849344295395206
315.4355044131456,1.6867114014704732
314.02129088525294,1.689143031649353
312.6070773599043,1.6921988430963406
311.19286383881905,1.6958733275491622
309.77865032367515,1.7001794770048932
308.36443681626395,1.7051459519989303
306.9502233186248,1.7108163958826563
305.5360098331898,1.7172503209667358
304.1217963629639,1.724525465431095
302.70758291177293,1.7327418684829259
301.29336948462475,1.7420283065045765
299.87915608826506,1.7525523517593444
298.4649427320747,1.7645364751699604
297.0507294295997,1.7782850547729405
295.6365162013229,1.794232862115631
294.22230307999877,1.8130407892616576
292.80809012938056,1.835812334713682
291.64795739178624,1.8588932954558852
290.811645108636,1.8794101954786995
290.20876740984824,1.8974716525000066
289.7741672416465,1.9132876673699746
289.4687991868929,1.9267319282465083
289.25423503065724,1.9381093369457707
289.10347349833626,1.9477080661676323
288.99754236265755,1.9557890189357794
288.9231109415927,1.9625822832815476
288.8708125392947,1.9682873823043066
288.83406572277187,1.9730754229151333
288.8082461014652,1.9770920533646488
288.79010438486125,1.9804606272058007
288.7773574853775,1.9832852586513496
288.7684012101129,1.9856536197161856
288.7621083860335,1.9876394222155687
288.7576870142723,1.989304577667824
288.7545806034051,1.9907010534055263
288.75239813944603,1.9918724544830682
288.7508648798503,1.9928553645524199
288.74978777934507,1.9936804784454136
288.7490311967068,1.9943735567944936
288.74849982538063,1.9949562299134467
288.74812669989785,1.9954466749499113
288.74786476880354,1.9958601873836388
288.747680973628,1.9962096657426778
288.74755208881965,1.996506027105179
288.7474617991933,1.9967585714871996
288.74739864725905,1.9969753178795346
288.74735459802633,1.9971633213697522
288.747323973926,1.9973278053262158
288.7473035040078,1.997475223878362
288.74728940681126,1.9976136147182468
288.74728053155127,1.997767394044447
288.747277975673,1.9979000378296905
288.7472783269506,1.9979581818143246
288.7472822118128,1.9980759486856834
288.74728969490326,1.9981882980927805
288.7473141465726,1.9984058866019325
288.7479184244366,2.000030340347721
288.74966920077003,2.002015721219165
288.7547228391229,2.005159502055564
288.87429011898035,2.027763854132468
289.176003593202,2.0523521558890394
290.5902152695748,2.1070570208759976
292.00442817749,2.1377502074538572
293.41864140924713,2.158483240468231
294.83285477216316,2.1724669921013238
296.24706818820505,2.180726089926001
297.66128162512433,2.1829443557031647
299.0754956010242,2.1762305431270983
300.48970955468565,2.1408271524772706
301.2298787731734,2.068923483185894
302.64408846003454,1.9960492560518683
304.0583006275926,1.9563650672337833
305.4725133692925,1.9268444552598702
306.88672635720087,1.902603901826062
308.30093947880334,1.8816810205277887
309.7151526806462,1.863056016559561
310.94869752446016,1.8482002190704279
312.36291081565633,1.8323854168530362
313.77712413368687,1.817575267551803
315.1913374695185,1.8035244102837356
316.605550815508,1.7900196616441773
318.01976416403164,1.7768509065082934
319.43397750579,1.7637731859405814
320.8392304472153,1.7505159881827064
321.82662005943956,1.7407022086565842
322.5204013719667,1.7332667504820756
323.00788118073933,1.727534198543208
323.3504049023287,1.7230538883817563
323.5910763990722,1.7195135797114522
323.76018225219013,1.716690601412653
323.87900308364226,1.7144224862213115
323.9624915507326,1.712588463670437
324.0211540174364,1.711097347866422
324.0623726955884,1.7098793660526563
324.09133463672674,1.7088805074869313
324.11168448071913,1.7080585339914132
324.125983104319,1.707380113881701
324.1360298868718,1.7068187313724597
324.14308914771243,1.7063531408091266
324.1480492505722,1.705966209537749
324.1515343970039,1.7056440417123822
324.1539831771241,1.7053753076045028
324.1557037626513,1.70515072481956
324.15691268783775,1.704962652778895
324.1577620985615,1.7048047721138129
324.15835889848705,1.7046718277750688
324.15877820343104,1.7045597723277761
324.15906520739793,1.704466832539004
324.1592616444472,1.704389967778088
324.1593960831266,1.7043263303176233
324.15948808010995,1.7042735746358317
324.1595510228875,1.704229764567594
324.1595940757246,1.7041932975920817
324.15962351174545,1.704162841986142
324.159643624723,1.7041372815928473
324.15965735298437,1.7041156718387187
324.15966670679353,1.7040972394398857
324.15967306479246,1.70408135859705
324.15967737557776,1.7040669885691087
324.15968024074243,1.704052196976139
324.15968289378816,1.7040280350999488
324.15968256889397,1.704012040266296
324.1596808198412,1.7040034358949439
324.15967589672744,1.7039792169008776
324.15964774552407,1.703924068859622
324.15960892118136,1.7038779977350527
324.15949949217253,1.7037913565086533
324.15886738375775,1.7035298593755452
324.0975617365896,1.699883812669674
323.92078523849744,1.6963330785227178
322.50657195785027,1.6875451636191743
321.0923584923408,1.684660573670015
319.67814498762255,1.6836919514528965
318.2639314677499,1.6838813970321955
316.84971794142643,1.684934429539694
315.4355044129787,1.6867114014707258
314.021290885086,1.6891430316496745
312.60707735973733,1.6921988430967336
311.1928638386521,1.6958733275496396
309.7786503235082,1.700179477005448
308.364436816097,1.7051459519995626
306.95022331845786,1.7108163958833749
305.53600983302283,1.7172503209675463
304.12179636279694,1.7245254654320081
302.707582911606,1.732741868483961
301.2933694844578,1.7420283065057507
299.8791560880981,1.7525523517606716
298.46494273190774,1.7645364751714807
297.05072942943275,1.7782850547746811
295.6365162011559,1.7942328621176808
294.2223030798318,1.8130407892640954
292.8080901292136,1.8358123347166608
291.6479573916193,1.858893295459625
290.81164510846907,1.8794101954832487
290.2087674096813,1.8974716525054443
289.7741672414796,1.913287667376617
289.46879918672596,1.926731928254643
289.25423503049035,1.9381093369554863
289.10347349816936,1.9477080661792703
288.99754236249066,1.9557890189497427
288.9231109414258,1.9625822832982742
288.8708125391278,1.9682873823241045
288.834065722605,1.973075422939036
288.8082461012983,1.9770920533932772
288.79010438469436,1.9804606272399417
288.7773574852106,1.9832852586920957
288.76840120994603,1.9856536197644938
288.7621083858666,1.9876394222733644
288.7576870141054,1.989304577736771
288.7545806032382,1.9907010534878218
288.75239813927914,1.9918724545816042
288.7508648796835,1.9928553646697396
288.74978777917823,1.9936804785852773
288.74903119654005,1.9943735569606453
288.74849982521397,1.9949562301154333
288.7481266997313,1.9954466751921218
288.7478647686371,1.995860187669913
288.7476809734618,1.9962096660901636
288.74755208865383,1.9965060275264177
288.74746179902803,1.9967585720021475
288.74739864709454,1.996975318510055
288.74735459786336,1.9971633221602918
288.7473239737638,1.9973278062877688
288.7473035038464,1.9974752252168513
288.7472894064421,1.997613619204063
288.7472805300163,1.9977674388801838
288.7472779782133,1.997900037826261
288.7472783292028,1.9979583025725967
288.7472822159891,1.9980760297912248
288.7472896996954,1.9981883563261638
288.7473141515412,1.9984059214131054
288.7479184294866,2.00003034874568
288.7496692058272,2.0020157255693167
288.75472284418106,2.0051595045193347
288.8742901240388,2.027763854725971
289.1760035697529,2.0523521544304817
290.59021524612564,2.1070570202447128
292.00442815404085,2.1377502070415266
293.41864138579797,2.1584832401852667
294.832854748714,2.1724669919179833
296.2470681647559,2.1807260898361065
297.66128160167517,2.182944355726047
299.075495577575,2.1762305433579465
300.4897095312368,2.140827153898118
301.2298788340178,2.0689234778748866
302.6440885208792,1.9960492539654195
304.05830068843727,1.9563650658003406
305.47251343013727,1.9268444541230516
306.8867264180456,1.902603900863992
308.3009395396481,1.8816810196824387
309.71515274149306,1.863056017569222
310.061658174883,1.8587675782535475
311.47587144335284,1.8421696737212114
312.8900847457587,1.8267613775566716
314.30429807137585,1.8122605940182996
315.7185114118566,1.7984374167050037
317.13272475972695,1.7850833212204256
318.54693810698035,1.7719807251300521
319.96115144268447,1.758855974882784
321.20964217530627,1.74690673281982
322.0868840850052,1.7379846963396397
322.7032710026173,1.7311817195553814
323.1363702641612,1.7259109209175665
323.4406839330645,1.7217752570045786
323.6545074447017,1.718496737172433
323.8047487778423,1.7158754776887615
323.9103146066748,1.7137646651946397
323.9844895532473,1.712054561865445
324.03660795001747,1.7106619226241562
324.0732284903301,1.7095227920675862
324.0989595871013,1.708587486512919
324.1170393044408,1.7078170296665527
324.1297428419274,1.707180578332505
324.13866885014596,1.7066535358238126
324.1449406079885,1.706216151126676
324.14934737825826,1.7058524661894963
324.1524437300413,1.705549515925318
324.15461932676396,1.705296713792789
324.15614796220115,1.705085375039491
324.1572220152206,1.7049083429293592
324.1579766591144,1.7047596924214594
324.1585068718957,1.7046344920862837
324.1588793899194,1.7045289424722476
324.159134365589,1.7044413805375291
324.15930887744116,1.7043689488826224
324.15942830705154,1.7043089686942565
324.1595100294269,1.7042592325758585
324.1595659385758,1.7042179175593637
324.1596041763807,1.7041835141521506
324.15963031607197,1.7041547671538944
324.1596481722769,1.7041306230681703
324.1596603552312,1.7041101885108652
324.1596686505183,1.7040927379188258
324.15967428383766,1.7040776968454594
324.1596781019373,1.704064005380038
324.15968063904495,1.704049501869795
324.15968259299484,1.7040280362371107
324.1596826401572,1.7040254291090444
324.1596813219864,1.7040060941534385
324.15967199714805,1.7039698833341856
324.1596588190944,1.7039409948434883
324.15950919155887,1.7037977003150968
324.1586446547071,1.7034660704762754
324.1486704973863,1.7022267617134756
324.1342897485153,1.7013251216033798
324.05135501845695,1.6986528730530188
323.5609060495376,1.6926528827601146
322.85379940311446,1.6887741088490769
321.43958595679186,1.6851414400342446
320.02537245832553,1.6838054638286035
318.61115894108434,1.683747219370376
317.19694541584505,1.684605005200892
315.78273188763,1.6862126127486605
314.3685183593997,1.688487507521076
312.95430483326146,1.6913913896019528
311.54009131097536,1.6949134132446733
310.1258777942134,1.6990623950315458
308.71166428472657,1.7038632801565963
307.29745078448065,1.709356007128664
305.8832372957964,1.7155960318694272
304.4690238215185,1.7226563136472914
303.0548103652431,1.730630926226779
301.64059693164563,1.7396408271821266
300.2263835269786,1.749842861161789
298.81217015986545,1.7614440552357051
297.39795684263544,1.7747252778789786
295.9837435937052,1.7900829190203984
294.5695304421005,1.8081090347008002
293.1553174406656,1.8297657384342778
291.9041972626804,1.8533480736900791
291.0022942612904,1.8743495810008315
290.3521337450363,1.8928416209549723
289.8834484929403,1.9090115686268931
289.54558451446076,1.923103980513831
289.3081873604944,1.9350431810765347
289.14138240727647,1.9451236200106492
289.02417849195626,1.95361460939274
288.94182634373294,1.9607551638557066
288.8839625068217,1.966753402855229
288.8433051829166,1.9717882948986158
288.814737875432,1.9760124616663965
288.7946655195332,1.9795553248088922
288.7805620721065,1.9825262132869774
288.7706526295104,1.985017243408121
288.76369007018747,1.9871058934693937
288.75879811440717,1.9888572548953944
288.7553610514719,1.9903259727221838
288.7529462574425,1.991557902794712
288.7512497528627,1.992591518364017
288.75005794935885,1.9934590992135568
288.74922077123335,1.9941877344725283
288.74863276962026,1.9948001672747475
288.7482198525737,1.995315506189579
288.74792996118265,1.9957498253852355
288.74772651838816,1.996116672996786
288.74758382611543,1.9964275057158636
288.74748383154696,1.9966920677180675
288.74741385867026,1.9969187245152975
288.7473649902101,1.9971137406433772
288.7473318909605,1.9972808615044166
288.74730961301924,1.9974251517585202
288.7472947943404,1.9975531926381205
288.7472852247043,1.9976736963579436
288.74727950892276,1.99779839468176
288.74727822875514,1.9979000376711524
288.7472781731129,1.9979344985410994
288.747284554373,1.9981151200776248
288.74730956051724,1.9983726821977918
288.747346993707,1.9985992688045782
288.747454659373,1.9990196873392674
288.747760530298,1.999749250503811
288.74953187271893,2.0018959381555836
288.7597574391345,2.007296334829714
288.7892485956695,2.015111442350162
288.8742903057506,2.027763855807037
289.08382172057486,2.0462518989064065
289.4373740120001,2.0665588240808717
290.8515861199304,2.1137841815510487
292.26579911480644,2.1421887812925204
293.6800123798472,2.1615267910880425
295.09422575689933,2.1744152020826815
296.508439167321,2.1816261838572624
297.5644798236111,2.183019071242172
298.3064982309654,2.1813690455198795
298.8278714326545,2.1783807900037155
299.1942100612943,2.174987161068909
299.4516149032014,2.1717077599463073
299.6324783067546,2.1688103580315294
299.75956049489946,2.1664004748575962
299.84885375365087,2.1644826717840013
299.9115949319102,2.163006217621445
299.95567950901454,2.161897468700704
299.98585788566015,2.1611015515108076
300.006516685173,2.1605383126149547
300.0,2.160717654500556
300.0,2.160717654500556
299.9934833146904,2.1608954222526897
300.0141421137117,2.160326521708523
300.0443204848107,2.159466714498035
300.0884050434094,2.158145292569125
300.15114617329135,2.156117093105453
300.24043931448267,2.152884389007073
300.3675212154295,2.1474044258307843
300.4897092087398,2.1408271496833002
300.7471119113531,2.1204266815335004
301.1041786204776,2.0807668680167652
301.5872228929945,2.0430427009877636
302.2573047520704,2.010373326016606
303.1868429948605,1.9790122200679332
304.4762990586647,1.9468998672695843
305.8905119250395,1.9192462240495476
307.3047249710061,1.8961313098675794
308.71893812480766,1.8759697727395501
309.71515261381865,1.8630560152232378
311.1293658707679,1.8461139297703428
312.5435791665743,1.830443041367946
313.957792487665,1.8157425997875756
315.3720058253602,1.8017730321596659
316.7862191721029,1.788323196662251
318.2004325200515,1.775181029775961
319.6146458590246,1.7620930188479451
321.02885917171,1.7486770051095517
322.44307241625194,1.7341294534514866
323.8572853764873,1.7148616285657772
324.03406184377616,1.7107352105023557
324.15667350724965,1.7050026393119695
324.15920221245926,1.7044148787720466
324.1596403414776,1.7041419801402344
324.1596780651414,1.704066106346346
324.1596812296025,1.7040481606838536
324.1596834490135,1.7040355744011428
324.15968340302055,1.7040280331744608
324.1596819765346,1.7040211092213289
324.1596811721825,1.7040172050144347
324.15967996565433,1.7040113487041766
324.15967849062935,1.70399327854799
324.1596754340003,1.703981074102448
324.15967133051953,1.7039701580160578
324.15966536981307,1.7039543013347074
324.15965627133113,1.7039384803420106
324.1596429825599,1.7039182744448247
324.15962351752296,1.7038937251954533
324.1595950291357,1.7038643498466044
324.15955336254086,1.7038291079255556
324.1594924463592,1.7037867307421093
324.1594034109686,1.7037357193261338
324.15927329948227,1.7036742777640617
324.15908318437005,1.7036002501813425
324.15880541621243,1.7035110514367007
324.158399603688,1.7034039996678363
324.1578220069037,1.7032776925465996
324.1569999269116,1.7031287031750615
324.1558298997399,1.7029526537272246
324.15416467491997,1.702744452661726
324.15179468538366,1.7024981838426954
324.14842167514996,1.7022069930230068
324.14362116622664,1.7018629765085629
324.1367890414904,1.7014570808542646
324.12706552143294,1.7009790282579411
324.1132269678605,1.7004172907451887
324.09353189891493,1.6997591485436279
324.06550183765046,1.6989908861978322
324.02560941572693,1.6980982069010235
323.96883448258666,1.697066985979681
323.88803236003537,1.6958845464477597
323.77303474216353,1.694541737088879
323.6093700961172,1.6930362526232752
323.3764425364786,1.6913779066851926
323.0449399992923,1.6895970546441557
322.5731455553531,1.68775828590202
321.9016876713092,1.6859833648879277
320.94606878134107,1.6844914020913149
319.5860319505716,1.6836735043047506
318.17181842872174,1.6839257312617248
316.75760490156927,1.6850291483714428
315.34339137281995,1.686850342102418
313.9291778449083,1.6893232353422163
312.5149643197308,1.6924192874754205
311.10075079897206,1.6961343405465876
309.6865372843028,1.7004824650844088
308.2723237775245,1.705493299679198
306.8581102807014,1.711211478674334
305.44389679630655,1.7176976131988604
304.02968332740767,1.7250307487544316
302.6154698779248,1.7333125695266447
301.2012564530106,1.7426740233256242
299.7870430596427,1.7532856829347878
298.3728297075954,1.765374373275824
296.9586164111404,1.7792511643335316
295.54440319226717,1.7953618910166653
294.13019008745846,1.8143876184309462
292.7159771642224,1.837474411909565
291.3017645717936,1.8668879071701951
289.88755277948945,1.908855411616627
289.1804480150795,1.9425906883996564
288.9352250994287,1.9613890431007208
288.7651411354739,1.9866386191667225
288.7507622281358,1.9929280996326253
288.7483323258474,1.995165494603644
288.7474915941543,1.9966694749856808
288.7473471740209,1.997199034971789
288.7472973445467,1.997529732454253
288.74728144223604,1.9977442744931815
288.74727810142565,1.9978791823109083
288.747278079892,1.9979000377688014
288.7472806549204,1.998035891096971
288.7472892246382,1.998183986746195
288.747302712081,1.9983181600340687
288.74732234305293,1.9984618873029114
288.7473517315704,1.9986227376062216
288.7473940084849,1.9988076805279003
288.7474562765914,1.9990239973959028
288.7475452990626,1.9992763365466122
288.7476723898876,1.9995718138058867
288.747853635432,1.9999197208290616
288.74811193966156,2.000330926890623
288.74847990386644,2.00081824051189
288.7490039291344,2.0013968228062025
288.7497500554913,2.0020846648900195
288.7508122724748,2.0029031470253575
288.7523243469393,2.0038776974570958
288.7544766565175,2.0050385702616795
288.75754014708866,2.0064217634012613
288.7619004291055,2.0080701000189327
288.7681063035262,2.010034497115873
288.7769388239474,2.0123754451005853
288.789509585848,2.015164717399052
288.8074006118529,2.018487317998199
288.8328634364442,2.022443650545967
288.8691024433239,2.0271518446487096
288.8742901549172,2.027763855803344
288.94769272202456,2.035340130772998
289.0521597830136,2.0439570140739254
289.19707686833283,2.053646267474172
289.4033232122096,2.064897042480533
289.6894284588333,2.0776508483340628
290.08631394989266,2.0920882736128052
290.63687377774795,2.108302854794503
291.4006106297348,2.126201213804359
292.46006663286806,2.145293817529728
293.874279928778,2.1636484917101173
295.2884933200909,2.175739687944016
296.7027067326659,2.1821607414366193
298.11692010440765,2.1820434057048876
299.5311332652016,2.170502966741055
300.48970955951125,2.140827150309409
301.9039115892205,2.025921242977602
303.3181269011108,1.9752866701866738
304.73233962216415,1.9414416329248012
306.14655253344773,1.9147858108479503
307.5607656027793,1.8922936597652265
308.9749787714921,1.8725614851413472
309.7151526971805,1.8630560157618612
311.12936595413856,1.846113928812364
312.54357924994497,1.8304430404753027
313.95779257103567,1.8157425989446447
315.37200590873084,1.801773031353478
316.78621925547355,1.7883231958805932
318.20043260342214,1.7751810290056704
319.61464594239527,1.762093018071575
321.02885925508065,1.748677004297212
322.4430724996226,1.7341294525268955
323.8572854598579,1.7148616269044958
324.03406192714664,1.7107352081131573
324.1566735906183,1.7050026256508377
324.15920229582105,1.7044148452273853
324.15964042469545,1.7041418682232434
324.1596781474386,1.704065809783126
324.1596813083987,1.7040476575891605
324.1596822519269,1.7040280375260013
324.15968272774114,1.7040191415651014
324.1596799681616,1.7039946435647797
324.1596791746957,1.7039972428078736
324.15967847995717,1.7039995186391663
324.15967697369416,1.703983836979386
324.1596750976056,1.7039806203978807
324.1596728119061,1.7039767015323997
324.159669453548,1.7039653161644535
324.15966446154306,1.7039540998347036
324.15965715808403,1.7039403386119718
324.15964645218435,1.7039232370482957
324.15963076943945,1.7039023153433432
324.15960781530543,1.7038768500508907
324.15957423824426,1.7038459344982664
324.1595251425336,1.7038084730295895
324.1594533767383,1.703763141627438
324.159348494209,1.7037083416653094
324.1591952345904,1.703642146486053
324.1589713056301,1.7035622383934927
324.1586441428576,1.7034658343595104
324.1581661751587,1.7033500409363178
324.1574858874092,1.7032133725715721
324.1565176578663,1.7030521366632687
324.1551396308221,1.702861625343878
324.15317838071735,1.7026363692607722
324.1503870881093,1.7023700241314286
324.14641447944786,1.702055256797106
324.1407606221439,1.7016836371929007
324.13271401209835,1.7012455474249732
324.1212620366643,1.7007301260852605
324.10496354553,1.7001252759895946
324.081767493596,1.6994177782607682
324.0487548335166,1.6985935774586842
324.00177117716447,1.6976383349099569
323.9349039994266,1.6965383965683085
323.83973859464896,1.6952823979186005
323.70429915384983,1.693863850208221
323.5115417058129,1.6922852548060288
323.23720927085606,1.6905646456202974
322.8467793156851,1.688746109175399
322.29111937116187,1.686917098873201
321.500304107559,1.685237990469103
320.37481579618026,1.6839951754850382
318.9606022805892,1.6836671387886375
317.54638875576455,1.6843187521368297
316.13217522755144,1.6857510558411248
314.71796169891405,1.687865956167333
313.30374817199584,1.6906163131716168
311.8895346485693,1.693985454929575
310.4753211302928,1.6979777887947778
309.0611076188786,1.7026144549751385
307.6468941162278,1.7079316961913427
306.2326806245657,1.7139810061405294
304.8184671466021,1.72083075196802
303.4042536857439,1.7285693501011636
301.99004024639964,1.7373104280065128
300.57582683443866,1.747200886077525
299.1616134579234,1.7584336109861536
297.74740012834366,1.7712682616468185
296.333186862847,1.7860672531536286
294.9189736886471,1.8033632739862502
293.50476065285915,1.824001160703042
292.0905478486926,1.8494906479931175
290.67633550876354,1.8831694955583056
289.26212464794344,1.9376507471966258
288.9085733801632,1.964070450761064
288.78596360232115,1.9813253048343065
288.7652312675064,1.9866102332705105
288.75085325309,1.9928635200445999
288.7483615205264,1.9951278834337756
288.74749933445133,1.9966473700350993
288.7473511726659,1.997179133865839
288.7472999332577,1.9975058053676564
288.7472832622823,1.9977075233959796
288.7472787568549,1.997818299899327
288.7472782102594,1.9979000376856955
288.74728093555984,1.9980430260601356
288.7472902201586,1.9981966941575877
288.7473045112118,1.9983331439107577
288.74732524171174,1.9984799087014866
288.7473562299207,1.998644470562358
288.7474007816795,1.9988337960714393
288.7474663692023,1.9990553798126165
288.7475601141532,1.9993139650955936
288.7476939246075,1.999616847242746
288.74788473256183,1.9999735510479588
288.7481566453159,2.0003952214923224
288.7485439766619,2.0008949942138123
288.74909556486455,2.0014884189366446
288.7498809185013,2.002193948750661
288.75099896352447,2.0030335132509753
288.7525904922739,2.0040331938228926
288.7548558810379,2.0052240207552994
288.7580803057707,2.0066429137073714
288.7626696291587,2.0083337888065973
288.76920147513147,2.010348856620621
288.77849791813134,2.0127501341318768
288.79172893449925,2.0156111888296744
288.81055963449626,2.0190191202584065
288.8373598029221,2.0230767575168307
288.8742901717048,2.027763855892034
288.9285745980702,2.033527361283175
289.00583254145454,2.0403625566518526
289.11578635765704,2.048456723456556
289.27227293635406,2.05801845218535
289.4949849385891,2.0692708057381015
289.81194895897687,2.0824341050788973
290.26305244608176,2.097687770183022
290.88882347892235,2.1146953951912053
291.7568933121966,2.13324830530454
292.96108002182336,2.152604887330959
294.3752933620898,2.1685915600089505
295.789506766902,2.1786699359905732
297.203720173824,2.1829777042594687
298.6179335043588,2.17980659764181
300.03214643397115,2.1598177752177916
300.48970933672246,2.1408271490106943
301.9039113700811,2.0259212535985114
303.3181266819692,1.9752866762973185
304.73233940302254,1.9414416374970629
306.14655231430606,1.9147858146071104
307.56076538363766,1.892293663010936
308.9749785523504,1.8725614880306165
309.7151526887731,1.8630560158666483
311.1293659457312,1.8461139289089685
312.5435792415376,1.830443040565335
313.9577925626283,1.815742599029652
315.3720059003235,1.8017730314347586
316.7862192470662,1.7883231959593975
318.2004325950148,1.7751810290833543
319.6146459339879,1.7620930181498444
321.0288592466733,1.7486770043791162
322.4430724912152,1.7341294526201354
323.85728545145054,1.71486162707203
324.0340619187393,1.7107352083540355
324.15667358221117,1.7050026270281817
324.1592022874146,1.7044148486093946
324.1596404163035,1.7041418795152083
324.1596781391398,1.7040658397635153
324.1596813004585,1.7040477087121815
324.1596822551892,1.7040280375136048
324.15968273101464,1.704019143433841
324.15967996355005,1.7039945861422723
324.15967916875064,1.7039972087229742
324.15967847438645,1.7039994999000125
324.15967696360354,1.7039837719360018
324.1596750858117,1.7039805778216561
324.15967279972824,1.7039766892052088
324.1596694411224,1.7039652795385027
324.1596644486642,1.703954070329647
324.1596571451206,1.7039403160216615
324.1596464391903,1.7039232181830222
324.15963075641986,1.7039022995183009
324.1596078022668,1.7038768368872237
324.15957422519256,1.7038459235803083
324.1595251294729,1.7038084639809616
324.15945336367145,1.703763134137926
324.1593484811379,1.7037083354698455
324.15919522151637,1.7036421413628087
324.15897129255404,1.7035622341621999
324.1586441297802,1.7034658308669046
324.1581661620805,1.7033500380353612
324.1574858743303,1.7032133701706555
324.15651764478696,1.703052134671322
324.1551396177424,1.7028616236896421
324.15317836763745,1.7026363678859664
324.1503870750293,1.7023700229892484
324.14641446636773,1.7020552558489788
324.1407606090637,1.7016836364070658
324.1327139990181,1.7012455467745855
324.12126202358405,1.700730125548373
324.10496353244974,1.7001252755473877
324.08176748051574,1.6994177778979203
324.0487548204364,1.6985935771625118
324.00177116408423,1.6976383346694235
323.93490398634634,1.696538396374408
323.8397385815687,1.6952823977637008
323.7042991407696,1.6938638500861694
323.51154169273264,1.6922852547114213
323.2372092577758,1.6905646455488075
322.8467793026049,1.6887461091233682
322.29111935808163,1.6869170988376994
321.50030409447874,1.6852379904478763
320.3748157831,1.6839951754764098
318.960602267509,1.6836671387905517
317.5463887426843,1.6843187521466778
316.1321752144712,1.6857510558576254
314.7179616858338,1.687865956189873
313.3037481589156,1.6906163131999297
311.88953463548904,1.693985454963602
310.47532111721256,1.6979777888346403
309.0611076057984,1.7026144550211102
307.6468941031476,1.7079316962438251
306.2326806114855,1.7139810062000649
304.81846713352184,1.7208307520353345
303.4042536726637,1.728569350177184
301.9900402333194,1.7373104280924296
300.5758268213584,1.747200886174866
299.16161344484317,1.7584336110969898
297.7474001152634,1.771268261773931
296.3331868497668,1.786067253301065
294.91897367556686,1.8033632741600156
293.5047606397789,1.8240011609132138
292.09054783561237,1.8494906482590152
290.67633549568336,1.883169495928939
289.2621246348633,1.937650747953886
288.9085733670832,1.9640704521298213
288.7859635892415,1.981325307637122
288.7652312544273,1.986610237384526
288.75085324001464,1.9928635292563666
288.74836150746046,1.9951279001514426
288.7474993214376,1.9966474068709115
288.7473511597855,1.997179196871313
288.74729992087737,1.9975059162491684
288.7472832515168,1.9977077204151397
288.7472787495097,1.9978185866496956
288.7472782127026,1.9979000376830696
288.7472813146099,1.9980525120637207
288.74729069895386,1.998202625358557
288.7473049916042,1.9983370566286351
288.74732573173293,1.9984828068526583
288.74735672344195,1.9986468163270223
288.74740127949224,1.9988356701438417
288.7474668691742,1.9990569122926578
288.7475606157287,1.9993152215126764
288.7476944272252,1.9996178842077599
288.74788523588444,1.9999744108210777
288.74815714912023,2.0003959366031276
288.748544480798,2.000895590316775
288.7490960692303,2.0014889166069283
288.74988142302664,2.002194364690026
288.750999468161,2.003033861142942
288.7525909969881,2.0040334849490904
288.75485638580636,2.005224264462222
288.75808081057716,2.0066431177573194
288.7626701339918,2.0083339596693968
288.76920197998317,2.0103489996918356
288.7784984229961,2.012750253919827
288.7917294393731,2.01561128910181
288.8105601393765,2.01901920416648
288.83736030780676,2.0230768276955122
288.8742901718397,2.0277638559437454
288.92857459820476,2.0335273612961995
289.0058325415891,2.040362556662778
289.1157863577916,2.0484567234655726
289.2722729364886,2.0580184521928
289.49498493872363,2.069270805744253
289.8119489591114,2.0824341050840545
290.2630524462163,2.097687770187077
290.8888234790569,2.1146953951945195
291.75689331233116,2.1332483053071263
292.9610800219579,2.15260488733279
294.37529336222434,2.168591560010212
295.7895067670365,2.1786699359913317
297.2037201739586,2.1829777042596916
298.61793350449335,2.1798065976410883
300.0321464341057,2.159817775214094
300.489709336857,2.140827149002395
301.90391137021567,2.0259212535919606
303.31812668210375,1.975286676293587
304.7323394031571,1.941441637494213
306.1465523144406,1.9147858146048438
307.5607653837722,1.8922936630089269
308.97497855248497,1.8725614880288122
309.71515268890766,1.8630560158649252
311.12936594586574,1.8461139289074038
312.54357924167215,1.8304430405638963
313.95779256276285,1.815742599028285
315.372005900458,1.8017730314334837
316.78621924720073,1.788323195958153
318.2004325951493,1.775181029082119
319.61464593412245,1.7620930181486096
321.0288592468078,1.7486770043777875
322.44307249134977,1.7341294526185993
323.8572854515851,1.7148616270693393
324.0340619188739,1.7107352083501497
324.1566735823457,1.7050026270058916
324.15920228754914,1.7044148485550166
324.1596404164378,1.7041418793383887
324.15967813927267,1.7040658392874302
324.159681300585,1.7040477078596186
324.1596822551026,1.7040280375130472
324.15968270174744,1.7040189411959223
324.15968286923925,1.7040155300770343
324.1596815954253,1.704003718989238
324.15968087959754,1.7040074037307482
324.15968039741176,1.7040098857943942
324.1596789311965,1.7039941633756017
324.15967768021704,1.703990621798087
324.1596760822787,1.7039860979646326
324.1596736853711,1.7039793122143978
324.15967009000974,1.7039691335890839
324.1596646969677,1.703953865651167
324.15965644283193,1.70393878749719
324.15964438074104,1.7039202322557094
324.1596267162652,1.7038974532415718
324.15960086261464,1.7038699344928356
324.15956304722084,1.7038367310779674
324.1595077584615,1.7037966579557793
324.1594269447026,1.7037482978771288
324.1593088441153,1.70368994743321
324.1591362750213,1.7036195577348794
324.15888413841964,1.7035346678967098
324.1585157687031,1.7034327177632025
324.15799146064205,1.7033123745130165
324.157245221249,1.7031703616241392
324.1561831304666,1.7030024943930973
324.1546715207394,1.7028038998582424
324.15252015620734,1.7025689084193092
324.14945829306896,1.702290941556375
324.1451006086677,1.7019623997502191
324.13889871175513,1.7015745583354924
324.13007213188814,1.7011174842123367
324.1175101035336,1.7005799939114223
324.0996317852029,1.699949684579868
324.0741873233221,1.6992130857536627
324.0379747263317,1.6983560039099763
323.9864369199049,1.6973641679260614
323.9130882759357,1.6962243385737357
323.8086984485959,1.6949261310402668
323.66013080981384,1.693464938028712
323.44868931065116,1.6918465741451643
323.1477657344206,1.6900946743807226
322.71949126733455,1.6882626489934196
322.1099710138777,1.6864535218920935
321.24250175914506,1.6848542007860132
320.00791948835223,1.6837980309003546
318.59370596949304,1.6837526892795698
317.1794924434331,1.6846205061036426
315.7652789148689,1.6862367349375402
314.3510653864924,1.6885195572531295
312.93685186031786,1.6914310879560415
311.5226383380685,1.6949607596869005
310.1084248214025,1.6991176034443791
308.6942113120686,1.7039267525011572
307.27999781203846,1.709428330632012
305.86578432364604,1.7156779946288638
304.45157084975875,1.7227489386076529
303.0373573940093,1.730735527681845
301.6231439611326,1.7397590992096181
300.20893055748184,1.7499770160989594
298.7947171918617,1.7615970470850035
297.38050387695705,1.7749011816187223
295.9662906319692,1.790287623362254
294.5520774879723,1.808351630358521
293.1378645003427,1.830061783513809
291.7236517839224,1.857224506636336
290.30943965320216,1.8941953055259861
288.8952301437635,1.9654972134624913
288.80684311595974,1.9773328266241794
288.7761915084823,1.983571409674369
288.75493306419474,1.990529297081054
288.74756374390626,1.9964764673600681
288.7474087085068,1.9969365900274838
288.74730079485244,1.997496479815032
288.74728319446837,1.9977082748123727
288.7472787263808,1.9978306597549889
288.7472781649035,1.9979000377148481
288.7472810085545,1.9980448243481415
288.74729041229506,1.9981991305010767
288.7473049019538,1.998336330242804
288.74732590789614,1.9984839803142864
288.74735729862005,1.998649541145309
288.7474024363744,1.998839020412117
288.7474671312865,1.9990577147584574
288.7475596129322,1.9993127084294833
288.7476916143348,1.9996120727175044
288.74787984242283,1.9999651790596857
288.74814808001815,2.000383032101377
288.748530178514,2.000878632468781
288.7490743177108,2.001467390642701
288.74984906881554,2.002167609086047
288.75095202355413,2.0030010492185326
288.7525220752875,2.0039936007367887
288.75475689760435,2.005176072518137
288.7579378199273,2.0065851263709944
288.76246523052487,2.0082643767140036
288.768908962112,2.010265680329733
288.77808000065863,2.0126506394023753
288.79113254138105,2.015492336211548
288.80970923483693,2.018877305509382
288.8361479011718,2.0229077244708265
288.87377572583443,2.0277037486339395
288.8742901765248,2.0277638558733075
288.95050576345574,2.035599230825368
289.0589763402832,2.044461226089875
289.2094471121454,2.0543909346056246
289.4181805076169,2.065627808061895
289.71525019879306,2.078687343626509
290.1273455739831,2.0934268078132736
290.69900455614925,2.109930451606028
291.4920101565502,2.128077448086615
292.5920677676082,2.147314639913432
294.00628107662055,2.16502376007851
295.4204944721357,2.176579703293837
296.8347078839646,2.1824563267158616
298.24892124685755,2.1815943994121962
299.663134362657,2.1682601775371446
300.4897094395135,2.1408271494550473
301.9039114696912,2.025921248770905
303.3181267815803,1.9752866735197125
304.73233950263364,1.9414416354186654
306.1465524139172,1.914785812898347
307.5607654832488,1.8922936615355699
308.9749786519616,1.872561486717251
309.7151526619437,1.8630560162027527
311.1293659189018,1.8461139292172157
312.5435792147082,1.8304430408525731
313.9577925357989,1.8157425993009013
315.37200587349406,1.8017730316942364
316.7862192202368,1.788323196210979
318.20043256818536,1.7751810293312302
319.6146459071585,1.762093018399709
321.02885921984387,1.748677004640545
322.4430724643858,1.7341294529176738
323.8572854246211,1.7148616276066386
324.0340618919099,1.7107352091229344
324.1566735553823,1.7050026314249864
324.15920226058796,1.7044148594053175
324.1596403895232,1.7041419155421071
324.15967811265637,1.7040659353257281
324.1596812751088,1.7040478711259839
324.15968226558266,1.7040280374734897
324.15968273465273,1.7040190945081706
324.159682910554,1.704015740896168
324.1596820149182,1.7040059679412494
324.15968123269533,1.7040100837925989
324.1596807976458,1.7040123729088712
324.15968014507155,1.7040158065831759
324.1596778121452,1.7039862856638162
324.1596759754383,1.7039834984754074
324.1596739206932,1.7039803804157736
324.1596709156405,1.7039688730742246
324.15966643557823,1.7039582739061832
324.159659936305,1.7039428975821411
324.1596500382554,1.7039283159305036
324.1596356196517,1.7039070746693534
324.1596139060331,1.7038830376378922
324.1595821623992,1.7038527720139631
324.15953574256656,1.7038159954033194
324.1594678837053,1.7037716416765223
324.1593687075871,1.7037181321194526
324.15922378336455,1.7036535716935952
324.15901203037,1.703575698007371
324.1587026539813,1.7034817970742129
324.15825066843735,1.7033690493150795
324.15760735837813,1.7032359965209563
324.1566917553915,1.7030790387436148
324.1553886263955,1.702893582689041
324.15353397114086,1.702674290215368
324.15089438428004,1.7024149656242367
324.147137683199,1.7021084416852044
324.14179110552607,1.7017464702051976
324.13418181581295,1.7013196274923623
324.1233522346347,1.7008172515792113
324.107939534959,1.700227437553446
324.086004141376,1.6995371311893108
324.0547856502004,1.6987323815404176
324.0103554549601,1.6977988435901323
323.94712236299193,1.6967226680419645
323.8571289889818,1.6954919862766484
323.72905038225275,1.6940993112896852
323.5467688731242,1.692545361706719
323.28734579425526,1.6908451382416163
322.9181348344689,1.6890376696228828
322.3926737639331,1.6872019801883735
321.6448375374793,1.685484164231879
320.5805169913471,1.6841455812709742
319.16630347791863,1.6836472293863527
317.75208995391523,1.6841722027376793
316.33787642598327,1.685498673851351
314.92366289726107,1.6875181248122757
313.50944936997723,1.6901776758022837
312.09523584593916,1.6934569755801125
310.68102232681,1.6973577199033698
309.26680881428547,1.7018987665267638
307.852595310231,1.7071141889643122
306.43838181681565,1.7130531960505124
305.0241683366671,1.7197815430995025
303.6099548730748,1.7273844639281448
302.19574143027756,1.7359715008959595
300.781528013895,1.7456840619839296
299.36731463160953,1.7567072986497514
297.9531012943056,1.769289398239219
296.5388880181062,1.7837746618363597
295.1246748283389,1.8006647409335397
293.71046176820687,1.8207448748040473
292.2962489211812,1.8453886597445388
290.88203648656827,1.8775110402970683
289.4678252257892,1.9267792286286378
288.7607232471955,1.9881305142229193
288.75343185908883,1.9912917079509072
288.74837712529677,1.9951079556041384
288.74750242247404,1.9966386300904808
288.7473521432529,1.9971743607352965
288.7473001547013,1.9975038091651622
288.74728323395556,1.997708024955887
288.7472786804609,1.9978209813184749
288.74727824365704,1.9979000376679306
288.74728140084676,1.9980545015506574
288.7472911445866,1.9982047029589762
288.7473051531046,1.9983383620721962
288.7473256566397,1.998482461238036
288.7473562741367,1.9986446808851073
288.7474002892078,1.9988318711118274
288.747465084856,1.9990514336885665
288.74755770009796,1.9993079022864126
288.74768990018254,1.999608521583705
288.7478784146897,1.999962728372053
288.74814706236987,2.000381579902275
288.74852974616556,2.000878118347692
288.74907471950405,2.0014677894538906
288.7498506585477,2.002168927657911
288.7509553045071,2.0030033250801726
288.75252776356524,2.003996902383287
288.7547660122506,2.0051805009547667
288.75795181116473,2.0065908178118477
288.7624861622543,2.0082715064119094
288.7689397716376,2.0102744675484194
288.77812486832397,2.012661353564869
288.7911974166316,2.0155053042339475
288.8098025849092,2.018892920278528
288.8362817766267,2.022926454259823
288.87396727702264,2.027726146958958
288.8742903007534,2.0277638561582547
288.95062270839196,2.035609962101325
289.05925954590754,2.0444820493895475
289.2099609549722,2.0544216370022363
289.41901429059976,2.065668553778586
289.7165393207521,2.0787386734856987
290.1292663422546,2.093488870604631
290.70180154422656,2.11000290120447
291.49602263674836,2.128158693183238
292.5977663784406,2.147400308926164
294.0119796879929,2.165081939975943
295.42619308367887,2.176614875073117
296.84040649546404,2.1824678284019194
298.2546198579466,2.181572915161576
299.668832971607,2.1681558198171844
300.48970942853356,2.1408271484295063
301.9039114613024,2.025921249177265
303.3181267731913,1.9752866737536157
304.7323394942446,1.9414416355936972
306.1465524055282,1.9147858130422757
307.5607654748598,1.892293661659839
308.97497864357257,1.872561486827879
309.7151526957016,1.8630560157801088
311.12936595265967,1.8461139288293482
312.5435792484661,1.8304430404911562
313.9577925695568,1.8157425989596006
315.37200590725195,1.8017730313678078
316.78621925399466,1.788323195894455
318.20043260194325,1.7751810290193446
319.6146459409164,1.7620930180853311
321.02885925360175,1.748677004311592
322.4430724981437,1.7341294525432804
323.857285458379,1.7148616269339503
324.03406192566774,1.710735208155439
324.1566735891394,1.7050026258928366
324.15920229434226,1.7044148458198018
324.15964042321923,1.7041418702091855
324.1596781459788,1.7040658150509709
324.1596813070032,1.7040476666622892
324.1596822525035,1.7040280375229724
324.1596827256949,1.704019123826294
324.1596829031417,1.7040157811900352
324.1596821774833,1.7040071354279192
324.15968137038243,1.7040113077594043
324.1596809624785,1.7040134164307044
324.1596803506226,1.7040165794377007
324.1596783319271,1.7039926315589717
324.1596769251378,1.7039875840548677
324.1596751181913,1.7039811008027705
324.1596724077715,1.703971375924488
324.1596681951858,1.7039623020094128
324.1596620830227,1.7039491364019876
324.1596528559536,1.703933062552864
324.1596393375636,1.7039132651971105
324.15961954189856,1.7038892605550875
324.1595905764857,1.703860249128601
324.1595482161001,1.7038251996575366
324.1594862883243,1.7037828707443277
324.15939577650965,1.703731768729024
324.15926350916556,1.7036700949548231
324.159070245392,1.7035956863364201
324.1587878780906,1.7035059455808288
324.1583753474385,1.703398172065035
324.1577881895825,1.703270966550051
324.1569525024067,1.7031208770045096
324.1557631095804,1.7029434973823603
324.15407032362396,1.702733702187124
324.1516611091239,1.7024855356379751
324.1482322739559,1.7021920982519647
324.14335231501263,1.7018454358703214
324.13640711703,1.7014364402265771
324.1265226711476,1.7009547760603279
324.11245508795935,1.7003888583442386
324.092434064083,1.6997259157294096
324.0639401037807,1.6989521947897457
324.0233874607682,1.698053387076547
323.96567290099887,1.697015402248129
323.8835335018575,1.6958256737962993
323.7666326719761,1.6944752835925596
323.6002593746367,1.6929623544023409
323.3634768625242,1.6912974378242098
323.02648795703203,1.689512125480384
322.5468853137864,1.6876730631432246
321.86431480057263,1.6859054716797264
320.8928804168799,1.6844344331453582
319.5103349756039,1.6836618563509638
318.09612145329106,1.6839648373991898
316.6819079259765,1.6851092511654109
315.26769439721704,1.6869665820114212
313.85348086940667,1.6894732967043344
312.43926734442385,1.692602406016736
311.02505382394816,1.696350842843176
309.61084030965384,1.7007335558810834
308.1966268033531,1.7057809857585815
306.7824133071282,1.7115385843138005
305.3681998234788,1.7180678733822776
303.95398635551084,1.7254489859573354
302.5397729071993,1.7337849787128388
301.1255594837771,1.7432086161194285
299.71134609234247,1.7538929881861196
298.29713274285837,1.7660685838828907
296.88291944990874,1.7800521260516402
295.4687062360396,1.7962988408687819
294.05449313883577,1.8155070490905565
292.64028022835623,1.8388595902908589
291.22606766146663,1.868722344377726
289.8118559464229,1.9117863114633642
289.10475138431553,1.9476187122002928
288.859528962293,1.969670546261244
288.77448756930687,1.9840001184922151
288.7597423822632,1.988493791068342
288.7495171624051,1.993914471605674
288.7477458812675,1.996078517809188
288.74744009232387,1.9968281191377901
288.7473353351238,1.9972624738599531
288.7472992049249,1.9975126688490308
288.7472778862931,1.9979014295455642
288.7473174505113,1.9984286766929706
288.74737192819543,1.9987165938109275
288.7474467319936,1.9989935006319324
288.74755371909515,1.9992978487092936
288.74770648415466,1.9996425751311284
288.74792433845585,2.0000401499976084
288.7482347892598,2.0005037934770193
288.7486769982238,2.001048367928778
288.7493067085865,2.001691046712714
288.7502032594823,2.002451943056233
288.75147956987047,2.003354778886532
288.7532963483419,2.004427637910802
288.7558823169236,2.005703835019669
288.7595629938496,2.007222930085007
288.7648016573618,2.0090319129970102
288.7722576454958,2.0111865857819184
288.78286932840547,2.013753164668971
288.79797219461955,2.016810117168667
288.81946691143173,2.020450231944628
288.8500585084654,2.0247828843141824
288.8742899656955,2.027763855453163
288.9362538368619,2.0342667699100563
289.0244412379245,2.041843641161001
289.1499498945456,2.050704721191109
289.3285741462176,2.061075887502812
289.58279250043853,2.0731901645617583
289.9445963709948,2.087265204934874
290.4464909880937,2.1030844529776824
291.14271946879245,2.120628122001883
292.1085278675463,2.139555242128731
293.4482975069859,2.1588397280928207
294.8625108790168,2.17269767333568
296.27672429069867,2.1808384401132206
297.6909376837059,2.1829137584370306
299.10515094617693,2.17593399338951
300.4897094238275,2.1408271489734543
301.90391145428305,2.025921249517677
303.31812676617193,1.9752866739494168
304.73233948722526,1.9414416357401922
306.14655239850885,1.9147858131626772
307.56076546784044,1.8922936617638184
308.9749786365532,1.8725614869204104
309.7151526886822,1.8630560158679441
311.1293659456403,1.8461139289100028
312.5435792414467,1.830443040566291
313.9577925625374,1.815742599030589
315.3720059002326,1.8017730314356786
316.7862192469753,1.7883231959602515
318.2004325949239,1.775181029084176
319.614645933897,1.7620930181506935
321.0288592465824,1.7486770043800068
322.4430724911243,1.7341294526211568
323.85728545135964,1.7148616270738168
324.03406191864843,1.710735208356597
324.1566735821203,1.7050026270430325
324.1592022873237,1.7044148486459463
324.15964041621277,1.7041418796396153
324.15967813905013,1.7040658400867366
324.1596813003731,1.7040477092940385
324.1596822551881,1.704028037513524
324.1596827283798,1.7040191238114524
324.1596829058267,1.7040157811731667
324.15968181033566,1.7040044916765977
324.15968107305844,1.7040087851643304
324.15968067394283,1.7040111093891483
324.1596800752694,1.7040145957264559
324.1596779040456,1.7039903700315207
324.15967644698685,1.7039857541132988
324.15967457823245,1.7039798339557026
324.15967177510083,1.70397095371922
324.15966749508414,1.7039608334904757
324.1596612562359,1.7039460815454288
324.15965177188366,1.7039311288623917
324.1596379227401,1.7039114268643325
324.1596176455678,1.7038871923125263
324.15958797606146,1.7038578893519665
324.1595445873609,1.7038224779995077
324.15948115768697,1.7037796914496277
324.15938845206585,1.7037280189317106
324.1592529801198,1.7036656426028831
324.159055035141,1.7035903754334736
324.1587658295896,1.7034995910800412
324.1583433096624,1.7033905584982727
324.1577419350948,1.7032618652180835
324.15688601471584,1.7031100211288366
324.15566782601087,1.7029305725110484
324.1539340577736,1.7027183393993561
324.1514665173039,1.70246730430332
324.1479546726281,1.7021704986388793
324.142956574566,1.7018198921182965
324.13584324100333,1.7014062945166515
324.125719504579,1.7009192852832944
324.11131136310945,1.7003471952789393
324.09080565670797,1.699677177768478
324.06162189626036,1.698895424787128
324.02008752971005,1.6979876131774123
323.9609757810358,1.6969397070367227
323.8768479026856,1.6957393084844592
323.757117069242,1.6943778516124128
323.5867161108898,1.69285410317443
323.3442014316914,1.6911797226820076
322.99905450608327,1.689388156277267
322.5078413687066,1.6875491351593548
321.80874680036806,1.6857930722351957
320.81379538158495,1.6843540387930709
319.39958187094913,1.6836503899527404
317.98536834799853,1.6840263380016638
316.57115482046424,1.685230101458957
315.1569412917021,1.6871399897514419
313.74272776404945,1.6896960558352143
312.32851423936006,1.6928735188610045
310.91430071930705,1.6966708787130134
309.5000872055707,1.7011043565407293
308.0858736999795,1.7062055642285583
306.6716602046427,1.7120211552467675
305.2574467220999,1.718613996960143
303.8432332555144,1.7260658355453533
302.4290198089435,1.734481770375134
301.0148063877407,1.7439972778602644
299.60059299918544,1.7547892173865836
298.1863796535258,1.7670935838442103
296.77216636581903,1.7812356312579498
295.35795315945984,1.797684839643629
293.943740073728,1.8171659307378834
292.5295271826572,1.8409187105508322
291.11531465528185,1.8714678766064041
289.7011030658007,1.9162852158670578
288.9939988959846,1.9560869926309028
288.75485961186274,1.990564762230212
288.7499282675411,1.9935639210856841
288.7482196500304,1.9953157843336387
288.7476282778358,1.9963235827564816
288.747418936769,1.996900361126805
288.7473452856039,1.997209560094622
288.74729439527044,1.9975592381458498
288.7472788210186,1.9978196379969329
288.74727785818243,1.9979000379067056
288.74727965078426,1.9980070696897254
288.74728499227945,1.9981227762944038
288.74729415624734,1.9982399567161129
288.74730840091485,1.998365591968141
288.74732985060706,1.9985072986317245
288.7473617409023,1.998671399593615
288.7474088425309,1.9988628948384286
288.74747630028486,1.9990854487890912
288.74757271463204,1.9993451976509686
288.7477103106438,1.999650337246877
288.74790649932237,2.000010412792314
288.74818606527487,2.000436642929733
288.74858428547174,2.0009422876008793
288.7491513684882,2.001543069038899
288.74995877281145,2.002257662994431
288.75110819929535,2.0031082767266124
288.75274438937714,2.0041213315232893
288.75507333960314,2.005328269157828
288.7583882246112,2.0067665038145934
288.76310629076687,2.008480542733963
288.76982136321817,2.0105232997370033
288.7793785739579,2.0129576245451095
288.7929807148148,2.0158580652825853
288.81233959903903,2.0193128680246986
288.8398914791138,2.0234261888501246
288.87429011047686,2.027763855743621
288.9300971095304,2.0336752178957895
289.0095219925434,2.0406604913602866
289.1225598047899,2.048910877389915
289.28343553177865,2.058638171789398
289.5123941732759,2.0700674536448482
289.8382484128615,2.0834187824546913
290.29027369756164,2.098513696614366
290.91732343864163,2.1153853848470097
291.78716709051804,2.133815367777676
292.9938144374436,2.15304974109156
294.40802777991445,2.168888744248645
295.82224118538005,2.1788368943709395
297.23645459165107,2.1830012998210258
298.6506679186606,2.1796056479389625
300.0648808255101,2.1588604291508364
300.489709429544,2.1408271484160544
301.9039114620966,2.0259212491388903
303.31812677398545,1.9752866737315622
304.7323394950388,1.9414416355771817
306.14655240632237,1.9147858130286768
307.56076547565397,1.8922936616480812
308.97497864436673,1.872561486817431
309.71515269649575,1.8630560157701574
311.1293659534538,1.8461139288202149
312.54357924926023,1.8304430404826455
313.95779257035093,1.8157425989515594
315.3720059080461,1.8017730313600975
316.7862192547888,1.7883231958870016
318.2004326027374,1.7751810290120105
319.61464594171053,1.7620930180779302
321.0288592543959,1.7486770043038724
322.44307249893785,1.7341294525344861
323.85728545917317,1.7148616269181671
324.0340619264619,1.710735208132819
324.1566735899336,1.7050026257636008
324.15920229513637,1.7044148455023072
324.1596404240119,1.7041418691401924
324.1596781467627,1.7040658122234396
324.15968130775246,1.7040476617820248
324.1596822522124,1.7040280375249248
324.15968267610356,1.7040187956862023
324.15968156861965,1.7040030611331038
324.15968014586497,1.704002122064701
324.15967874161055,1.7040011952071055
324.1596767112255,1.7039843481343353
324.15967348907276,1.7039751556843297
324.15966911722956,1.7039626832928159
324.15966243292803,1.7039499442108281
324.1596526983972,1.7039313919378705
324.15963798734464,1.7039112761143578
324.15961647876543,1.7038859430458855
324.15958500802714,1.703855230402479
324.15953898463187,1.7038183283848913
324.15947170445276,1.7037739230688669
324.15937337293803,1.703720431981082
324.1592296819425,1.7036559720754605
324.1590197300675,1.703578284935116
324.15871298449855,1.7034846618851431
324.15826484187266,1.7033722932327984
324.15762700095246,1.703239717802255
324.15671918156335,1.7030833491481616
324.15542713012917,1.702898608771382
324.15358824042227,1.7026801764808652
324.1509710910615,1.7024218776151145
324.1472463230101,1.7021165689389668
324.14194519240925,1.7017560289454465
324.13440058295635,1.701330862749742
324.1236630547133,1.7008304382521804
324.10838136476457,1.7002428796347606
324.0866324242147,1.699555157982005
324.05567929298496,1.6987533390913268
324.0116267580076,1.697823078672482
323.9489311521121,1.6967505006617811
323.85970272826495,1.6955236645583944
323.7327127985897,1.6941349391683664
323.55198069462284,1.6925847840881867
323.2947627291548,1.6908877580891823
322.9286900867305,1.6890821523659372
322.4076954694278,1.6872457630518978
321.666215899169,1.6855226082328083
320.6109421460709,1.6841704226467302
319.19672863298507,1.6836460645267144
317.7825151091115,1.6841519406030645
316.36830158122655,1.6854625757676178
314.9540880524957,1.6874678198917845
313.539874525161,1.690113906571129
312.1256610010354,1.6933799229730824
310.7114474817832,1.6972671556332388
309.2972339690977,1.7017941215185688
307.8830204648395,1.706994573318263
306.46880697116956,1.7129173845488266
305.0545934907038,1.7196279295425074
303.6403800267147,1.7272109800981381
302.22616658341684,1.735775487943811
300.8119531663942,1.745462069987229
299.3977397832748,1.756454768067219
297.98352644485726,1.769000131636878
296.56931316712,1.783439890700689
295.15509997512675,1.8002713261666536
293.74088691153963,1.8202713804697113
292.32667405850907,1.8447950427679878
290.9124616109872,1.8767015088652397
289.49825030121906,1.9253174027879218
288.79114767350495,1.980249454973125
288.76198081814067,1.987683611387927
288.75186742137504,1.9921935009534761
288.7483618200628,1.9951274920558117
288.7477549720679,1.9960605408217253
288.74732573209747,1.9973184178602943
288.74728995236313,1.997607842771242
288.7472794606075,1.997798941618054
288.7472778698968,1.99790003789927
288.7472819459385,1.9980709116337136
288.74729125855094,1.9982060266932238
288.747304409727,1.9983342244061166
288.74732440990476,1.9984749605025387
288.74735420144503,1.998636014823686
288.74739825167757,1.9988230916245242
288.74746137665227,1.9990399635795848
288.74755163321083,1.9992925490076354
288.747680470723,1.9995888532731216
288.7478641978805,1.999938164328765
288.7481260310653,2.0003513749443567
288.74849901571577,2.000841344674903
288.74903018472804,2.001423310738371
288.7497864771208,2.0021153655946753
288.7508631617475,2.0029390179674866
288.7523958260968,2.0039198548383785
288.7545774388679,2.005088323575692
288.7576826335042,2.006480655325758
288.7621022685708,2.0081399526922805
288.768392614119,2.0101174658125087
288.77734535374395,2.012474080220826
288.79008721152815,2.015282035373222
288.80822174111694,2.0186268810743506
288.8340311199349,2.0226096541014305
288.8707633427147,2.0273492081248667
288.8742899034947,2.027763855211692
288.9486914679838,2.0354323347501184
289.0545803119672,2.0441367242785926
289.2014696980477,2.053911947333206
289.41052302251256,2.0652522809174148
289.7005221139126,2.078098112685426
290.1028091471983,2.092629332967463
290.66086199481487,2.108935433541512
291.4349931638957,2.1269128129610615
292.50886816342614,2.146049124989141
293.92308146427393,2.1641631256435128
295.3372948571952,2.176055897472801
296.7515082695531,2.182276495880117
298.1657216381663,2.1818880965394096
299.57993478328734,2.1697111731481575
300.489709323468,2.14082714944537
301.903911356183,2.025921254272056
303.31812666807105,1.975286676684865
304.7323393891244,1.9414416377869845
306.1465523004079,1.9147858148455528
307.5607653697395,1.8922936632167668
308.97497853845226,1.8725614882138437
309.71515267487496,1.8630560160406016
311.12936593183304,1.8461139290686264
312.54357922763944,1.830443040714139
313.95779254873014,1.815742599170176
315.3720058864253,1.8017730315691831
316.786219233168,1.7883231960897155
318.2004325811166,1.775181029211752
319.61464592008974,1.7620930182792969
321.0288592327751,1.748677004514556
322.44307247731706,1.7341294527742706
323.8572854375524,1.7148616273489286
324.03406190484117,1.71073520875232
324.1566735683133,1.7050026293063871
324.15920227351785,1.7044148542019626
324.15964040243074,1.704141898176661
324.15967812542095,1.7040658892846752
324.1596812873287,1.7040477929633433
324.1596822605057,1.704028037493174
324.15968273674025,1.7040191454167635
324.15968291532823,1.704015810888059
324.1596824726581,1.7040091516846017
324.15968151461345,1.7040126994640787
324.1596810369529,1.7040144683107954
324.15968032046214,1.7040171215807536
324.1596784342696,1.7039915729158739
324.1596766370414,1.7039861243214909
324.1596744802757,1.7039795857298243
324.1596712451272,1.70396977784229
324.1596663217489,1.7039582028506641
324.1596591408072,1.7039413202682314
324.15964820430725,1.7039254454702149
324.1596322535185,1.7039041923611271
324.1596089060217,1.7038779691150283
324.159574749586,1.7038463506430799
324.15952480547395,1.7038082254278029
324.1594517991251,1.7037622232239917
324.1593451035391,1.703706719849582
324.1591891948129,1.7036397653121345
324.15896139563057,1.703559015960356
324.1586285789618,1.7034616600589656
324.15814235185485,1.7033447793827912
324.1574503092089,1.703206867714557
324.1564653500141,1.7030442028352213
324.1550635132764,1.702852036953165
324.1530683771814,1.702624856756616
324.15022885801056,1.702356269407361
324.14618761329274,1.7020388884158681
324.1404360731482,1.7016642259601438
324.13225044088404,1.7012226030685063
324.1206006090332,1.7007030961812724
324.1040205286552,1.7000935488545297
324.0804237189221,1.699380692394298
324.0468407003594,1.6985504414075066
323.99904530983423,1.6975884633576586
323.9310228720464,1.6964811714233314
323.83421330119603,1.695217367824793
323.6964338832784,1.6937908894841653
323.5003461798497,1.692204815696932
323.221274125471,1.6904781607671195
322.824098744001,1.688656644704094
322.2588387088453,1.6868304457911747
321.4543605963519,1.685164568891025
320.3094273185672,1.683953555958091
318.8952138023415,1.6836777711451725
317.48100027727577,1.684368783066414
316.0667867489863,1.6858343004554168
314.65257322038525,1.687979334761987
313.238359693591,1.6907584830137468
311.82414617036613,1.694156202185129
310.40993265236824,1.6981777425920568
308.99571914131536,1.7028449627767541
307.5815056391205,1.708194795545433
306.16729214802757,1.7142794678597095
304.75307867077333,1.7211681907930247
303.3388652108035,1.7289504146852948
301.9246517725823,1.7377411001931822
300.51043836206173,1.7476889479754152
299.0962249874303,1.7589893918115465
297.6820116603794,1.7719058884547838
296.26779839840043,1.7868068907390628
294.85358522934604,1.8042355272093258
293.43937220167504,1.825056948144731
292.02515941201716,1.8508282893811763
290.610947105198,1.8850408433769217
289.1967364049401,1.9415694595586515
288.8431855983652,1.9718045493863632
288.7834014311466,1.9818837090581303
288.7626693647656,1.9874470812670464
288.7482924809693,1.9952176768385903
288.74768565777947,1.9961998659520725
288.74747623902783,1.9967145132328912
288.7473287195493,1.9973000013991977
288.7472793459044,1.9978020369133866
288.74727798544217,1.9979000378272196
288.74728016060504,1.9980223683247145
288.74728786672466,1.9981657651745062
288.74730039754644,1.9982980553767118
288.74731871784354,1.9984385367238837
288.74734620543074,1.9985951093874617
288.7473857797081,1.9987749113534077
288.7474441065577,1.9989849483303435
288.747527522759,1.9992297817233946
288.74764663716104,1.9995163121987432
288.7478165322892,1.9998535530215777
288.7480586837621,2.0002520409476987
288.7484036601968,2.0007241878740643
288.74889496987987,2.0012846823358186
288.74959453587053,2.001950952640939
288.75059048848664,2.002743709064152
288.75200825577497,2.0036875826495475
288.75402634760184,2.0048118795101253
288.7568988196599,2.006151471433909
288.76098724430267,2.0077478454737347
288.76680621147705,2.0096503365271117
288.77508808567785,2.011917566716467
288.7868751680634,2.0146191119274555
288.8036508615893,2.0178374061760014
288.82752634523297,2.021669873215064
288.86150624875114,2.026231232262484
288.874290208393,2.0277638560565716
288.94311701354,2.0349146500522393
289.0410718063765,2.043124150977908
289.1804814434585,2.0526299276713935
289.378889588758,2.0636753638360847
289.6612643919581,2.076501720250726
290.0529750230136,2.090982286752906
290.59635629151717,2.1072221756197154
291.3501350505164,2.1251435947892983
292.3957771905013,2.1442838510385656
293.80999047992617,2.162959349937001
295.2242038690212,2.175313006733435
296.63841728177925,2.181996804035818
298.05263065740195,2.182229518775795
299.46684383731514,2.1714848207141433
300.48970935172906,2.1408271493014355
301.9039113832722,2.025921252959193
303.31812669516046,1.9752866759295389
304.7323394162138,1.9414416372217584
306.1465523274973,1.9147858143808372
307.5607653968289,1.8922936628155165
308.9749785655417,1.8725614878566728
309.71515270196437,1.863056015701515
311.12936595892245,1.8461139287573927
312.54357925472885,1.8304430404240934
313.95779257581955,1.8157425988962959
315.3720059135147,1.8017730313072147
316.78621926025744,1.7883231958357233
318.20043260820603,1.7751810289614878
319.61464594717916,1.7620930180270176
321.02885925986453,1.7486770042505904
322.4430725044065,1.7341294524738657
323.8572854646418,1.7148616268091408
324.0340619319305,1.710735207975965
324.1566735954021,1.7050026248668648
324.1592023006044,1.7044148433026993
324.1596404294705,1.7041418618044852
324.1596781521606,1.7040657927179996
324.1596813129176,1.7040476285658284
324.15968225011466,1.7040280375324626
324.1596826733567,1.7040187917193448
324.1596815874041,1.7040032071450457
324.15968016156796,1.7040022196859899
324.1596787575427,1.7040012473320125
324.1596767305604,1.703984462294344
324.1596735119368,1.7039752357914382
324.1596691412938,1.7039627069113317
324.159662456075,1.703949982170661
324.1596527212212,1.7039314527113034
324.15963801067574,1.7039113107656834
324.1596165021458,1.7038859674846083
324.15958503142105,1.703855250749987
324.1595390080425,1.703818345371114
324.159471727876,1.703773937075305
324.1593733963696,1.7037204435269726
324.15922970537974,1.7036559815987102
324.1590197535086,1.7035782927901018
324.15871300794225,1.7034846683647022
324.1582648653181,1.703372298613248
324.1576270243991,1.7032397222541813
324.1567192050108,1.7030833528422464
324.1554271535772,1.7028986118388436
324.1535882638707,1.702680179030304
324.1509711145102,1.7024218797330453
324.147246346459,1.7021165706970867
324.1419452158583,1.7017560304034933
324.1344006064055,1.7013308639567453
324.1236630781625,1.700830439249355
324.10838138821384,1.7002428804561398
324.086632447664,1.699555158656377
324.05567931643424,1.698753339642637
324.0116267814569,1.697823079120603
323.9489311755614,1.6967505010234794
323.85970275171434,1.6955236648478575
323.7327128220391,1.694134939397217
323.55198071807223,1.6925847842661494
323.2947627526042,1.6908877582243798
322.9286901101799,1.6890821524651882
322.40769549287717,1.687245763120615
321.6662159226184,1.6855226082752726
320.6109421695203,1.6841704226661531
319.19672865643446,1.6836460645260076
317.7825151325609,1.6841519405875771
316.36830160467593,1.6854625757399184
314.9540880759451,1.68746781985311
313.5398745486104,1.6901139065220907
312.12566102448477,1.6933799229138033
310.71144750523257,1.6972671555635492
309.2972339925471,1.7017941214380365
307.8830204882889,1.706994573226206
306.46880699461894,1.712917384444289
305.05459351415317,1.7196279294242616
303.6403800501641,1.7272109799646036
302.22616660686623,1.7357754877929197
300.81195318984356,1.7454620698163557
299.3977398067242,1.7564547678728637
297.98352646830665,1.7690001314142751
296.5693131905694,1.7834398904430946
295.15509999857613,1.8002713258640144
293.740886934989,1.8202713801055528
292.32667408195846,1.844795042311763
290.91246163443657,1.8767015082439418
289.4982503246684,1.925317401673436
288.7911476969539,1.9802494502552683
288.7619808415888,1.9876836032387653
288.7518674448184,1.9921934863734356
288.7483618434864,1.995127462088079
288.7477549954546,1.9960604957883308
288.7473257550758,1.997318278091352
288.74728997433334,1.9976075814789789
288.7472794761876,1.9977984101449866
288.7472778595517,1.9979000379055747
288.7472817540133,1.9980653708927325
288.74729078513883,1.9982036832610448
288.74730447133174,1.9983328137808751
288.7473244141751,1.998474572751086
288.7473542273102,1.9986348744813474
288.74739710574613,1.998819669220654
288.7474602401095,1.9990364250752752
288.74755049085735,1.999289639081827
288.7476793259152,1.9995864497856166
288.74786305141123,1.9999361705273475
288.7481248834592,2.0003497160441834
288.74849786732625,2.0008399615305974
288.7490290357959,2.0014221558150505
288.74978532781137,2.002114400238436
288.75086201217505,2.002938210480883
288.7523946763407,2.0039191790721347
288.7545762889834,2.0050877578604873
288.75768148352984,2.006480181648138
288.76210111853356,2.008139556043768
288.76839146403773,2.0101171336701427
288.7773442036318,2.0124738021222264
288.7900860613944,2.0152818025720793
288.80822059096806,2.0186266862564906
288.83402996977543,2.0226094911484647
288.8707621925479,2.0273490719209124
288.87428990633987,2.027763855350038
288.94869147083034,2.0354323350132
289.0545803148138,2.044136724489415
289.2014697008943,2.053911947504959
289.41052302535917,2.0652522810574423
289.7005221167592,2.0780981127997986
290.1028091500449,2.0926293330604304
290.66086199766147,2.1089354336162467
291.4349931667423,2.12691281301972
292.50886816627275,2.1460491250329126
293.92308146712054,2.1641631256734706
295.3372948600418,2.176055897490971
296.7515082723997,2.182276495886806
298.1657216410129,2.1818880965299665
299.57993478613395,2.169711173100768
300.48970932631465,2.140827149273294
301.9039113590296,2.025921254134026
303.31812667091765,1.9752866766054926
304.732339391971,1.9414416377275903
306.1465523032545,1.9147858147966903
307.5607653725861,1.892293663174602
308.97497854129887,1.8725614881762918
309.71515267772156,1.863056016004983
311.12936593467964,1.84611392903594
312.54357923048605,1.8304430406836607
313.95779255157674,1.8157425991414087
315.3720058892719,1.8017730315416571
316.78621923601463,1.788323196063018
318.2004325839632,1.7751810291854593
319.61464592293635,1.7620930182527812
321.0288592356217,1.7486770044868012
322.44307248016366,1.734129452742655
323.857285440399,1.7148616272922306
324.03406190768777,1.710735208670763
324.15667357115984,1.7050026288395705
324.15920227636417,1.704414853056686
324.15964040527217,1.7041418943582383
324.15967812823084,1.7040658791380585
324.1596812900173,1.7040477756631005
324.15968225941316,1.7040280374973498
324.15968273564823,1.704019145412178
324.1596829142364,1.704015810880271
324.1596824803205,1.7040092148250494
324.159681517526,1.7040127349980816
324.1596810393088,1.7040144834576831
324.159680321983,1.7040171061470724
324.1596784586744,1.703992021848563
324.1596766878281,1.7039863584087174
324.1596745387993,1.7039794854830805
324.15967131525616,1.7039691760946902
324.15966637239666,1.70395823822655
324.15965917523886,1.7039423119063546
324.1596482597331,1.703925705200359
324.1596323100236,1.7039042458312506
324.1596089621047,1.7038780167292213
324.15957480566266,1.703846397654054
324.1595248616026,1.703808264734552
324.1594518552835,1.7037622553313112
324.15934515971543,1.7037067463094793
324.15918925100146,1.7036397871755016
324.1589614518276,1.703559034011143
324.15862863516463,1.7034616749539413
324.15814240806145,1.7033447917476654
324.15745036541824,1.7032068779495262
324.1564654062253,1.7030442113255684
324.15506356948885,1.7028520440033665
324.15306843339476,1.7026248626143907
324.15022891422456,1.7023562742728289
324.1461876695071,1.7020388924540035
324.14043612936285,1.7016642293069197
324.13225049709894,1.7012226058379984
324.1206006652483,1.7007030984678466
324.1040205848704,1.7000935507369228
324.0804237751373,1.6993806939383285
324.0468407565747,1.698550442668063
323.9990453660496,1.69758846438086
323.9310229282618,1.6964811722477733
323.83421335741144,1.6952173684827152
323.69643393949383,1.6937908900025789
323.5003462360651,1.69220481609824
323.2212741816864,1.6904781610700144
322.8240988002164,1.6886566449239875
322.2588387650607,1.6868304459404757
321.4543606525673,1.685164568979475
320.3094273747826,1.6839535559926015
318.89521385855693,1.6836777711351585
317.4810003334912,1.6843687830226926
316.06678680520173,1.6858343003832252
314.65257327660066,1.6879793346639347
313.2383597498064,1.690758482890938
311.82414622658155,1.6941562020377718
310.40993270858365,1.6981777424195628
308.9957191975308,1.7028449625779578
307.5815056953359,1.7081947953185783
306.167292204243,1.7142794676023732
304.75307872698875,1.721168190502108
303.3388652670189,1.7289504143567678
301.9246518287977,1.737741099821875
300.51043841827715,1.7476889475545816
299.0962250436457,1.7589893913322805
297.6820117165948,1.7719058879048215
296.26779845461584,1.7868068901009084
294.8535852855614,1.8042355264563716
293.4393722578904,1.8250569472326648
292.0251594682325,1.8508282882239748
290.6109471614134,1.8850408417520461
289.1967364611553,1.941569456067273
288.8431856545799,1.9718045417444925
288.78340148736004,1.9818836965930657
288.7626694209757,1.9874470621716855
288.74829253713824,1.9952176025644115
288.747685713883,1.9961997489323335
288.7474762948941,1.9967143462027366
288.74732877431353,1.9972996796088187
288.74727938846485,1.9978005852456195
288.74727807666665,1.9979000377711653
288.74728027907594,1.998025753946794
288.74728834386144,1.99817226600885
288.74730125061546,1.9983055815525232
288.7473200819086,1.9984474534273091
288.7473483113446,1.998605765614374
288.747388940231,1.998787642083777
288.7474488053882,1.9990001894380718
288.74753440989156,1.9992480095030103
288.7476566378421,1.9995380888769794
288.7478309635994,1.999879552073361
288.7480794203338,2.0002830679390655
288.7484333701188,2.0007612054359765
288.7489374504544,2.0013288399251836
288.74965519147275,2.0020036219815283
288.7506770106616,2.0028065263333827
288.75213159115583,2.003762498563074
288.75420207545443,2.004901218738918
288.75714911240624,2.006258002857914
288.7613436577394,2.0078748649690032
288.7673136558155,2.009801764031428
288.7758104771285,2.01209805921412
288.78790347217165,2.0148341935347727
288.80511454051083,2.0180936154629814
288.8296096494958,2.0219749256739945
288.86447140369154,2.0265941915157435
288.8742899327096,2.0277638552295794
288.9449029062638,2.035081316487931
289.04539979060877,2.0434511690523287
289.1884273391665,2.053119083247786
289.39198450038504,2.064333244801155
289.6743593154672,2.077038474871774
290.06606995369685,2.0914187082838254
290.6094512270325,2.1075731416816392
291.3632299892641,2.1254194705322638
292.4088721313436,2.144490960000611
293.82308542197865,2.163100755016516
295.23729881153463,2.1754008492479593
296.6515122242648,2.1820312448238504
298.06572559911854,2.1821932851117936
299.47993877527006,2.1712902322798477
300.48970933718033,2.1408271497329934
301.90391136891213,2.0259212536552167
303.31812668080033,1.9752866763299135
304.73233940185366,1.9414416375214225
306.1465523131372,1.9147858146271497
307.5607653824688,1.8922936630282288
308.97497855118155,1.8725614880460073
309.71515268760425,1.8630560158812646
311.1293659445623,1.8461139289223873
312.54357924036873,1.830443040577851
313.9577925614594,1.8157425990414793
315.3720058991546,1.8017730314460714
316.7862192458973,1.7883231959703672
318.2004325938459,1.7751810290941628
319.61464593281903,1.7620930181607515
321.0288592455044,1.7486770043905047
322.44307249004635,1.7341294526330877
323.85728545028167,1.7148616270952628
324.03406191757045,1.7107352083875274
324.1566735810423,1.7050026272201861
324.15920228624583,1.7044148490814393
324.1596404151367,1.704141881079438
324.15967813798596,1.7040658439129222
324.15968129935436,1.7040477157960707
324.1596822555746,1.7040280375113386
324.1596827314001,1.7040191434307415
324.15968290983466,1.7040158081504926
324.1596825332495,1.7040096286475266
324.15968153419556,1.7040129525588026
324.15968105222436,1.7040145561052455
324.1596803292676,1.7040169614247827
324.1596785913928,1.703994101190549
324.159676932801,1.7039874682112524
324.1596748253059,1.7039790399941084
324.159671534852,1.7039707471868066
324.1596667615811,1.70395871729143
324.1596595291211,1.703944546575945
324.15964893078035,1.703926932810167
324.15963339984864,1.7039055584881675
324.15961066352514,1.7038797554605192
324.15957740214446,1.703848606036328
324.15952876588227,1.7038110044806816
324.1594576700742,1.703765622487209
324.1593537654538,1.703710860057552
324.15920193381015,1.7036447918001123
324.15898009045554,1.7035651041425202
324.15865597407515,1.7034690212150563
324.1581824563586,1.7033536609785749
324.1575085017195,1.7032175351857595
324.15654928537634,1.7030569664121218
324.15518408586246,1.7028672635585484
324.15324109185957,1.7026429775014782
324.1504757813073,1.7023777875417547
324.14654015028634,1.7020643873164008
324.1409389195439,1.7016943764277723
324.1329672076071,1.7012581688320183
324.12162182714957,1.7007449358792632
324.1054750419745,1.7001426118750214
324.0824948979503,1.699438004612032
324.0497895179962,1.6986170748742997
324.00324318270486,1.6976654810273062
323.93699840028563,1.6965695334319404
323.842718788508,1.6953177786914493
323.70854000828615,1.6939035539601761
323.51757673235875,1.6923290512229174
323.2457977631198,1.6906117791949369
322.85900190032464,1.6887949492767504
322.3085139960291,1.6869645557233954
321.5250595800254,1.6852784980546451
320.41004722687717,1.6840188153670033
318.9958337116382,1.6836622609988163
317.5816201869474,1.6842924797262753
316.167406658778,1.6857068045061312
314.7531931301229,1.6878054284125732
313.33897960313936,1.6905402586589537
311.9247660796056,1.6938940071747441
310.5105525611806,1.6978706234465917
309.0963390495734,1.7024908592733639
307.6821255466789,1.7077905857179967
306.2679120547125,1.713820902834177
304.8536985763696,1.720649725851625
303.4394851150367,1.7283649186485388
302.0252716750924,1.737079397411193
300.6110582623624,1.7469391036154582
299.1968448848422,1.7581355695530176
297.7826315539149,1.7709264388000943
296.36841828654644,1.7856709307177387
294.95420510961446,1.8028962270754423
293.53999206953097,1.8234365037751288
292.1257792577311,1.8487768228256385
290.7115669006022,1.88217633718573
289.2973559611094,1.9356460283496908
288.9438045150105,1.960567335118781
288.8211941190067,1.9749893135383263
288.77867386572706,1.982968788545565
288.7491847706321,1.9942222881049851
288.7479391913376,1.995734646310147
288.7475087220861,1.9966204899745268
288.7473568330757,1.9971522702611713
288.74730407876046,1.997470236132449
288.7472865468663,1.997654523512312
288.7472780025656,1.997900037822107
288.74729258927744,1.9982210715556534
288.74732144308933,1.998454918502172
288.747360304069,1.9986636320624083
288.7474161317919,1.9988893613941323
288.7474961113376,1.9991432618379357
288.74761039586144,1.9994348085735214
288.7477734588006,1.9997738079261604
288.7480059141589,2.000171172423445
288.74833710947667,2.0006394517510957
288.74880881836503,2.0011933103608035
288.7494804970756,2.0018500252562657
288.75043676644293,2.002630042106757
288.7517980606589,2.0035576162274875
288.75373578289975,2.00466156151258
288.7564938750005,2.0059761300823755
288.7604195155361,2.0075420463920315
288.7660068094107,2.0094077203654797
288.7739589669339,2.0116306639401307
288.78527679711743,2.0142791322362354
288.80138465135843,2.017434001781746
288.8243096665024,2.0211908785769204
288.8569368635784,2.0256623893964796
288.87429006420524,2.0277638557185846
288.9403769944485,2.0346574150359977
289.03443237137145,2.0426175702951825
289.16829234878134,2.0518702216236413
289.35880221149137,2.062651561812694
289.6299361745444,2.0751996519717495
290.00605350961854,2.0893965391322595
290.5278037566355,2.10535766581636
291.2515759622623,2.1230327689774287
292.25559301207386,2.142021199329343
293.64836568764355,2.1611699511488505
295.06257907000423,2.1741894787846237
296.4767924827166,2.1815281205980925
297.89100586698277,2.1826087516725234
299.3052190884047,2.173679104852239
300.4897093996995,2.140827150330562
301.90391143285655,2.025921250555914
303.31812674474537,1.9752866745468078
304.7323394657987,1.9414416361872677
306.1465523770823,1.9147858135302531
307.5607654464139,1.892293662081139
308.97497861512664,1.872561487202938
309.71515266725567,1.8630560161361798
311.12936592421374,1.84611392915619
312.54357922002015,1.8304430407957064
313.95779254111085,1.8157425992472316
315.372005878806,1.801773031642838
316.78621922554873,1.7883231961611479
318.2004325734973,1.7751810292821588
319.61464591247045,1.7620930183502568
321.0288592251558,1.7486770045887865
322.44307246969777,1.7341294528587743
323.8572854299331,1.7148616275008046
324.0340618972219,1.7107352089707168
324.1566735606942,1.705002630553933
324.15920226589935,1.7044148572671838
324.15964039482543,1.7041419084062173
324.15967811789994,1.7040659164210257
324.15968128012923,1.7040478390601195
324.15968226349617,1.7040280374816372
324.15968274016757,1.7040191487704894
324.1596829189193,1.7040158155038316
324.15968241524087,1.7040087101544283
324.1596814881008,1.7040124052473624
324.1596810138943,1.7040142951848178
324.1596803025847,1.7040171300908633
324.15967824408506,1.7039878584281634
324.1596762182306,1.7039841894556613
324.1596740157088,1.703980200525568
324.159670786576,1.7039686721189624
324.15966597711,1.703957317977098
324.1596589376233,1.7039435102695837
324.1596486148059,1.7039264527656477
324.1596334895367,1.703905678302752
324.1596113482569,1.7038804751065766
324.1595789575691,1.703849947853138
324.15953159418524,1.7038130156480495
324.15946235846707,1.7037683736582776
324.15936117152387,1.7037144475187462
324.1592133101746,1.703649340806141
324.15899726683745,1.7035707729675815
324.15868162326547,1.703476006111689
324.15822048272776,1.7033621945820945
324.15756414334265,1.7032278721810015
324.1566299970691,1.7030694060706977
324.1553004773019,1.7028821627559387
324.1534082627278,1.7026607577841928
324.15071522146417,1.7023989428184774
324.14688244409456,1.7020894916826108
324.1414275946636,1.7017240914201155
324.13366421259985,1.7012932490189852
324.12261532720413,1.7007862311086357
324.1068905137834,1.7001910636331088
324.08451091993794,1.6994946326445297
324.052660242971,1.698682948307515
324.00733032093837,1.6977416653327992
323.9428167378296,1.696657000170258
323.8510009688639,1.6954172580631448
323.7203287296762,1.6940152989831105
323.53435596288244,1.692452463393324
323.2696794861636,1.6907448117498882
322.89299189062837,1.6889331407496844
322.3568900721812,1.6870994199033114
321.5939099334097,1.6853947271136382
320.50803657141626,1.6840891375366387
319.0938230571958,1.6836518691561166
317.6796095328919,1.6842219483798857
316.26539600485364,1.6855859514004865
314.8511824761561,1.6876391520053204
313.4369689489968,1.6903307424171827
312.0227554251702,1.6936416907755687
310.60854190633745,1.697574659034952
309.1943283941996,1.7021493133548904
307.7801148906345,1.7074004914671157
306.3659013978305,1.713378203670512
304.95168791844384,1.7201491183152233
303.5374744558046,1.7277995787858582
302.12326101421036,1.7364405483938066
300.70904759936707,1.746215341456136
299.2948342190883,1.7573117880653888
297.88062088446674,1.7699820374613298
296.46640761197705,1.7845766256668054
295.0521944275907,1.8016078389349226
293.6379813758373,1.8218812035637864
292.2237685434534,1.8468161681981838
290.8095561406773,1.8794671284732618
289.3953450059183,1.9303981470692941
289.04179320087115,1.952234720446337
288.79657181811626,1.9791899505894435
288.7551069245894,1.9904460354205389
288.7480976319203,1.9954890640589313
288.7475064538266,1.9966273805790271
288.7473040102277,1.9974708822034892
288.7472875843038,1.9976398085774794
288.7472785291487,1.997840053690818
288.7472780740224,1.9979000377714022
288.7472801138064,1.9980209557113577
288.7472878713071,1.9981657834609992
288.74730041400477,1.9982982020496167
288.74731874465823,1.9984387180828056
288.7473462469334,1.9985953209684042
288.7473858419185,1.9987751635145052
288.7474441989885,1.9989852502022822
288.74752765818334,1.9992301425541692
288.74764683375577,1.9995167431166228
288.7478168159298,1.999854067356118
288.74805909127804,2.00025265463434
288.748404244006,2.000724919958076
288.7488958045852,2.0012855555478875
288.74959572764783,2.001951994104396
288.7505921884462,2.002744951135102
288.75201067897757,2.003689063899174
288.7540298001222,2.0048136459039694
288.75690373710387,2.006153577721155
288.76099424662453,2.007750356823559
288.7668161809958,2.0096533304491113
288.77510227810996,2.0119211352995756
288.7868953705443,2.014623364413035
288.8036796175701,2.0178424718780645
288.8275672745529,2.02167590474233
288.8615645031652,2.0262384089240593
288.87429024713117,2.027763856058985
288.9431521437874,2.0349179360438256
289.04115687928794,2.0431306030723935
289.1806375949054,2.0526395860989908
289.3791468992627,2.0636883624926003
289.6616656720878,2.0765182330993417
290.0535760178379,2.0910023740051433
290.59723433058167,2.10724575975992
291.3513974053548,2.12517023528331
292.3975726681719,2.1443122905964627
293.81178595778806,2.1629787697493117
295.22599934694654,2.1753250792622056
296.64021275970106,2.1820015579112817
298.05442613521893,2.182224600853721
299.46863931462025,2.1714582994108538
300.4897093526989,2.140827148453952
301.9039113863261,2.025921252811198
303.3181266982143,1.9752866758443628
304.73233941926765,1.9414416371580878
306.1465523305512,1.9147858143284515
307.56076539988277,1.8922936627702993
308.97497856859553,1.8725614878164214
309.7151526628714,1.86305601619094
311.12936591982947,1.846113929206568
312.5435792156359,1.8304430408426642
313.9577925367266,1.8157425992915273
315.37200587442175,1.8017730316852463
316.78621922116446,1.7883231962022388
318.20043256911305,1.7751810293226638
319.6146459080862,1.7620930183910617
321.02885922077155,1.748677004631495
322.4430724653135,1.7341294529073812
323.8572854255488,1.714861627588168
324.0340618928376,1.7107352090962331
324.15667355631,1.705002631272717
324.1592022615156,1.7044148590319252
324.1596403904492,1.7041419142922425
324.1596781135722,1.7040659320321232
324.1596812759861,1.7040478655566083
324.1596822652322,1.7040280374757155
324.15968274190516,1.7040191487352105
324.15968292065753,1.7040158154574667
324.15968241127746,1.7040086689683884
324.15968148616423,1.7040123817427282
324.159681012308,1.7040142834788747
324.1596803015236,1.7040171360830982
324.15967821894895,1.7039872889139098
324.159676155382,1.7039838957247577
324.1596739482411,1.7039802664524704
324.1596707160219,1.7039684017107601
324.15966590063516,1.7039571132402223
324.1596588603281,1.7039433712576928
324.15964853737717,1.7039263379039493
324.1596334119575,1.703905581590021
324.15961127055704,1.703880394736077
324.15957887978686,1.7038498813169802
324.1595315163469,1.7038129605887828
324.1594622805903,1.7037683281194556
324.15936109362076,1.703714409873732
324.1592132322535,1.7036493097033225
324.158997188904,1.7035707472791068
324.15868154532353,1.703475984906637
324.15822040478037,1.7033621769754468
324.1575640653913,1.7032278576034727
324.15662991911506,1.7030693939758768
324.155300399346,1.7028821527097775
324.15340818477057,1.702660749435728
324.15071514350603,1.7023989358837361
324.1468823661358,1.7020894859251876
324.14142751670437,1.7017240866465027
324.13366413464036,1.7012932450669833
324.1226152492444,1.7007862278448438
324.1068904358235,1.70019106094472
324.08451084197793,1.6994946304381124
324.05266016501093,1.698682946504685
324.00733024297824,1.6977416638680591
323.9428166598695,1.696656998988561
323.8510008909038,1.6954172571185855
323.7203286517161,1.694015298237354
323.5343558849223,1.692452462814173
323.2696794082035,1.69074481131079
322.89299181266824,1.6889331404286605
322.3568899942211,1.6870994196824896
321.59390985544957,1.6853947269790113
320.50803649345613,1.6840891374779772
319.09382297923565,1.683651869162507
317.6796094549318,1.6842219484345118
316.2653959268935,1.6855859514953315
314.851182398196,1.6876391521363983
313.4369688710367,1.6903307425826897
312.0227553472101,1.693641690975099
310.6085418283773,1.697574659269197
309.1943283162395,1.7021493136253287
307.78011481267436,1.7074004917760912
306.3659013198704,1.7133782040212084
304.9516878404837,1.7201491187118323
303.5374743778445,1.7277995792337597
302.12326093625023,1.7364405488999093
300.70904752140694,1.7462153420294284
299.29483414112815,1.7573117887177854
297.8806208065066,1.769982038209023
296.4664075340169,1.784576626532791
295.05219434963055,1.80160783995381
293.63798129787716,1.8218812047924102
292.2237684654933,1.846816169743874
290.80955606271726,1.8794671305986226
289.39534492795843,1.9303981510730082
289.04179312291154,1.9522347264590647
288.79657174015824,1.9791899653854688
288.75510684663845,1.9904460725452666
288.74809755402765,1.9954891786520879
288.74750637614085,1.9966275970245067
288.7473039347304,1.9974715050111955
288.7472875129799,1.997640777857863
288.7472784926259,1.9978421577492917
288.74727805170534,1.9979007967401643
288.7472801732727,1.9980227312439145
288.7472879281543,1.9981665883716722
288.7473004693733,1.9982986945024852
288.74731880116246,1.9984390755806205
288.7473463038151,1.9985956108493237
288.7473858993783,1.9987753946233906
288.74744425673333,1.9989854387479924
288.7475277161383,1.999230296938447
288.74764689184695,1.9995168704281667
288.7478168741131,1.9998541728437564
288.74805914952407,2.00025274233749
288.74840430229517,2.0007249930407514
288.74889586290425,2.001285616548674
288.74959578598765,2.0019520450788724
288.7505922468005,2.002744993766405
288.75201073734195,2.0036890995713312
288.75402985849365,2.00481367576368
288.7569037954802,2.0061536027223568
288.76099430500426,2.0077503777579526
288.76681623937793,2.00965334797943
288.7751023364938,2.01192114997764
288.7868954289293,2.0146233767008415
288.80367967595595,2.0178424821619205
288.82756733293934,2.0216759133452866
288.86156456155203,2.026238416115993
288.87429024805544,2.027763856163643
288.94315214471163,2.0349179361303644
289.04115688021216,2.043130603142475
289.18063759582964,2.0526395861561406
289.3791469001869,2.0636883625392883
289.661665673012,2.0765182331372687
290.05357601876216,2.0910023740360337
290.59723433150594,2.107245759784731
291.3513974062791,2.1251702353027992
292.3975726690962,2.1443122906110412
293.81178595871233,2.162978769759259
295.2259993478708,2.175325079268446
296.64021276062533,2.1820015579138223
298.0544261361432,2.1822246008510717
299.4686393155445,2.171458299397302
300.4897093536232,2.1408271483983654
301.90391138725033,2.025921252766228
303.31812669913853,1.9752866758186085
304.73233942019186,1.9414416371387913
306.1465523314754,1.9147858143125775
307.560765400807,1.8922936627565923
308.97497856951975,1.8725614878042354
309.7151526637956,1.8630560161793666
311.1293659207537,1.8461139291959119
312.5435792165601,1.8304430408327654
313.9577925376508,1.8157425992821863
315.37200587534596,1.8017730316763045
316.7862192220887,1.788323196193594
318.20043257003726,1.7751810293141248
319.6146459090104,1.7620930183824337
321.02885922169577,1.7486770046224902
322.4430724662377,1.7341294528971123
323.857285426473,1.7148616275697426
324.0340618937618,1.7107352090698633
324.1566735572342,1.705002631121824
324.1592022624397,1.7044148586585073
324.15964039137174,1.7041419130491247
324.1596781144845,1.7040659287345423
324.15968127685954,1.704047859968866
324.1596822648636,1.7040280374762284
324.1596827395623,1.7040191346151488
324.15968291757434,1.704015796042205
324.1596819222469,1.7040051869763115
324.15968118337685,1.7040096694660343
324.15968081707103,1.704011891727151
