Re,shear
331.12036852583765,2.4101383441117408
332.53458189006693,2.4066101594809646
333.9487952394358,2.399948320918563
335.3630085558427,2.3892494389688497
336.5781900341446,2.3754833683323
337.43202743240266,2.3619114454546724
338.03196932600304,2.349253667055198
338.45351359069446,2.3378230066135464
338.7497082002797,2.3277093870103673
338.95782688581573,2.3188830752026406
339.10405973383365,2.311253825434926
339.2068089973972,2.304704774001065
339.2790048711827,2.2991116200478965
339.3297326521699,2.294353143823409
339.36537605098187,2.29031661600895
339.39042053037673,2.286900213472183
339.40801776455953,2.284013710277808
339.42038225196364,2.281578207228391
339.42906999202046,2.279525358027084
339.43517429514117,2.2777963646938595
339.43946336701663,2.276340901600653
339.4424769811101,2.2751160583153354
339.4445944047959,2.2740853492156434
339.44608212710085,2.273217812283395
339.44712739419765,2.272487204127176
339.447861772822,2.271871289098883
339.44837770687434,2.2713512147595987
339.4487401503052,2.270910962719582
339.4489947444372,2.270538101657406
339.44916894889394,2.2702272781571673
339.4492881227878,2.269968905011849
339.4493696237772,2.269753774899308
339.4494253335367,2.2695742117396334
339.44946338482157,2.2694237930024297
339.449489343457,2.2692970992779418
339.449507016887,2.269189531675896
339.44951900908825,2.2690973232453433
339.4495271093732,2.2690170694152725
339.4495325501417,2.268942283595591
339.44953622823607,2.268857618153424
339.44953758259595,2.268768526134208
339.44953772381587,2.26875322233695
339.4495362711766,2.2686754045404465
339.4495332961617,2.268608219578839
339.44951440803806,2.2684020737780353
339.44929096594814,2.267572813363833
339.44897587147636,2.2669633409000327
339.447157041755,2.265045246087544
339.44460039995306,2.2633983333912555
339.43722755259284,2.2602638350351696
339.39470639056884,2.250664675130016
339.33340065945714,2.2422344949511537
339.15662439053494,2.2261064111190536
337.7424117101427,2.161861731019382
336.3281985061679,2.1218648542707603
334.9139851700845,2.0899172417615595
333.4997717726998,2.0625225497305837
332.08555834006506,2.0381860146107766
330.67134488464905,2.0160970009185943
329.25713141338065,1.9957544758475372
327.8429179305093,1.9768215542671748
326.42870443883413,1.95905784543283
325.0144909403042,1.942283952008784
323.6002774363407,1.9263611379301546
322.18606392802275,1.9111788794794276
320.77185041620055,1.8966468310496125
319.35763690156824,1.8826894175203863
317.943423384712,1.8692420718316602
316.5292098661428,1.8562485507993265
315.11499634631963,1.8436589866377755
313.70078282566567,1.831428457848118
312.2865693046389,1.8195159346649605
311.71443343916104,1.8147782173825644
310.30021991811697,1.803248922593099
308.88600639755475,1.7919506397117833
307.47179287785184,1.7808508185962464
306.0575793594594,1.769918513836124
305.1321376026331,1.7628410016049312
303.7179240871356,1.7521212371208157
302.303710574023,1.741492319456118
300.8894970638062,1.7309264447051518
299.4752835570724,1.720395711980108
298.06107005451713,1.709871510110847
296.6468565569892,1.6993237090432185
295.2326430655567,1.6887195583741603
293.81842958160803,1.6780221285272825
292.40421610701156,1.6671880022716792
290.99000264438246,1.6561636666519917
289.5757891975535,1.6448794950576513
288.16157577246,1.6332388631119314
286.7473623789007,1.621096249303017
285.33314903602485,1.6082059855696342
284.1167936527312,1.5961560382150144
283.26213146039225,1.5867644643768766
283.05941335353646,1.584356634994391
282.637461862831,1.5790005182313407
282.34098112274984,1.5748252901348159
282.13266139368545,1.5715526686955883
281.9862872880491,1.5689734175796546
281.8834387752023,1.5669295129948602
281.81117316918613,1.565301117718928
281.76039639609905,1.563996975112529
281.7247185782599,1.5629472844844123
281.69964991965224,1.5620983990996933
281.6820357013198,1.5614088723534665
281.6696592854399,1.560846504589208
281.66096316934,1.5603861336386056
281.65485298635565,1.560007978331576
281.650559788618,1.5596963931938599
281.64754328117175,1.5594389289997834
281.64542383021717,1.5592256210107416
281.64393468926295,1.559048446934289
281.64288843123705,1.5589009116167833
281.6421533623095,1.5587777265224334
281.6416369493002,1.5586745601097876
281.6412741755938,1.5585878411406782
281.6410193556735,1.5585148349484164
281.6408450033224,1.5584543063498926
281.6407257346868,1.5584042264004703
281.6406441752647,1.5583627058950562
281.64058843179254,1.5583281928659822
281.6405503634856,1.5582994070678224
281.6405243987633,1.558275286153
281.6405067255239,1.558254941602498
281.64049473696485,1.5582376261625699
281.6404866510062,1.558222691842114
281.64048125163686,1.5582094365028323
281.6404777383441,1.5581968989796766
281.6404756885192,1.5581843659622616
281.6404749292988,1.5581732236450423
281.6404748245062,1.5581710332662229
281.6404770116767,1.5581524419841415
281.6404811660843,1.5581374318464056
281.640494181373,1.558110119706154
281.6411239205551,1.5578092392439915
281.6429427269443,1.5574718377679428
281.64549937439534,1.5571832206165221
281.66024523005717,1.556279993352025
281.7027665802869,1.5550126777816309
281.9479902758919,1.5524611971730455
282.3015431772317,1.5515558146224981
283.7157559252098,1.5551033907763796
285.12996903577323,1.5632669610627419
286.5441822603399,1.5741107287090288
287.95839553963145,1.5869580248296682
289.37260885135254,1.6013685444965837
290.7868221856713,1.6169743596149475
292.2010355378786,1.6334495336278416
293.6152489054376,1.6505134800643706
295.0294622866476,1.6679389076101832
296.4436756800548,1.6855547221999287
297.8578890842327,1.7032428254430418
299.27210249772884,1.720931107713795
300.6863159190716,1.738585318997331
302.10052934678356,1.7562016924009756
303.51474277938166,1.7738012880376004
304.92895621535615,1.7914264344124535
306.3431696531249,1.809139411476381
307.7573830909569,1.8270235791035476
309.1715965268511,1.8451874813618208
310.5858099583407,1.8637731488272187
312.0000233815151,1.8829712331830217
312.6541907875494,1.8921289437483357
314.06840419115235,1.9127364771749504
315.4826175705361,1.9348762513596724
316.89683090846904,1.9593844406591334
318.10919050546255,1.9834998859494333
318.9831520745632,2.0039628009943953
319.59723403714804,2.0210622254120616
320.02871368562165,2.035430877562688
320.3318892863878,2.047548586828582
320.54491307854204,2.0577915723759213
320.69459242529035,2.066462685550837
320.79976330423904,2.073810701253166
320.87366066308664,2.0800431113561073
320.92558393086,2.0853349705395567
320.96206727584746,2.0898353096310878
320.9877018777368,2.0936720621551204
321.00571367226905,2.0969561111438724
321.0137962207071,2.098693300134477
321.02268857025905,2.100913636840265
321.0289365878835,2.1027828580182195
321.0333265859359,2.104355832903264
321.03641106052464,2.105679105222175
321.0385782186088,2.1067921142148114
321.0401008306439,2.1077282466136698
321.04117055648453,2.1085157431314725
321.0419220641803,2.109178478998695
321.0424499768184,2.109736635653424
321.04282078003195,2.11020727886221
321.04308118863065,2.110604857683059
321.043264025211,2.1109416385099227
321.0433923494372,2.1112280870740547
321.043482368396,2.1114722067067895
321.0435438263496,2.111677958806764
321.043585727017,2.111851620275835
321.04361422499437,2.111999450931271
321.0436335307631,2.1121266820850932
321.04364653465774,2.1122389164165707
321.04365518239655,2.1123461559132477
321.04366063623286,2.1124623948661645
321.0436624701291,2.112564694027527
321.04366252392373,2.112568139990228
321.043661743062,2.1126397402983894
321.04364084726325,2.112945077763362
321.0435770298013,2.1133175042813255
321.0420504731855,2.1158491473370606
321.0332379129585,2.1209692884846523
321.00782337742277,2.128295970593989
320.97118072896865,2.13514667434662
320.86552015015997,2.1486857669662403
320.7511360015641,2.1596943335689627
320.3118691890016,2.1919576112877373
320.003221690995,2.211908498104369
319.7863531181475,2.226260371239409
319.63397232446806,2.237170246607597
319.5269033641811,2.245707202077083
319.45167240229506,2.2525070557845863
319.39881215362516,2.257988228131463
319.3616705053327,2.2624440776342203
319.33557340361165,2.2660892312953393
319.31723666222825,2.2690855157351706
319.3043526743267,2.271557672882694
319.2953000187277,2.273603475982001
319.28893941710305,2.275300553688778
319.28447036491997,2.2767111681696806
319.28133039433214,2.2778856627797115
319.2791242920716,2.2788650117343803
319.2775743649866,2.279682744497239
319.27648549454597,2.2803664232229677
319.2757205827,2.280938793625933
319.2751832991598,2.281418692877029
319.27480595898055,2.281821774101374
319.27454100494714,2.282161091293755
319.2743550229024,2.282447577989273
319.2742245369284,2.2826904469835534
319.27413305716976,2.282897531330968
319.2740689902089,2.283074715568393
319.2740253752615,2.2832252477788355
319.27399577354214,2.283354121708227
319.27397582874096,2.2834674917243305
319.2739620850968,2.283572335414548
319.27395213004274,2.283693044699704
319.2739486243505,2.2838236009076684
319.27394937829257,2.283898283191308
319.27395444869734,2.2839902157180205
319.27397163570737,2.2841508522982634
319.27399757045845,2.2843000475272315
319.2746098021395,2.2855635498054356
319.2754955099456,2.2864780787873342
319.28060771937214,2.289288488604021
319.287980076722,2.2917039551908913
319.3305004013617,2.299318044196771
319.45311137347255,2.310569875278001
319.80666362262906,2.3278146458033553
321.22087579668886,2.3603375818415655
322.63508873279403,2.3783622774172457
324.0493018879601,2.390743517270249
325.463515144178,2.399602664223215
326.8777284556115,2.4057554427623593
328.2919417989518,2.4095351607800914
329.70615515977534,2.4110261914400883
331.1203685272897,2.4101383441095483
332.534581891519,2.4066101594758433
333.9487952408879,2.399948320909872
335.3630085572948,2.3892494389552894
336.57819003559666,2.375483368312495
337.4320274338547,2.36191144542774
338.0319693274551,2.3492536670201654
338.4535135921465,2.33782300656904
338.7497082017318,2.3277093869547496
338.9578268872678,2.318883075133977
339.1040597352857,2.3112538253508297
339.2068089988493,2.304704773898428
339.27900487263474,2.299111619923705
339.329732653622,2.2943531436729034
339.36537605243393,2.2903166158277513
339.3904205318288,2.2869002132539675
339.4080177660116,2.2840137100159437
339.42038225341565,2.281578206913755
339.42906999347247,2.279525357649984
339.4351742965932,2.2777963642420835
339.4394633684686,2.2763409010589934
339.44247698256197,2.275116057667349
339.44459440624775,2.2740853484384034
339.4460821285526,2.273217811352902
339.44712739564926,2.272487203010871
339.44786177427346,2.2718712877593954
339.4483777083256,2.2713512131495834
339.4487401517561,2.2709109607717832
339.44899474588766,2.270538099315047
339.44916895034373,2.27022727530842
339.44928812423655,2.2699689015574886
339.4493696252245,2.269753770696153
339.4494253349818,2.2695742066107627
339.44946338626323,2.2694237866902864
339.44948934489344,2.269297091513514
339.4495070183159,2.2691895221076175
339.44951901050774,2.269097311231545
339.44952711077195,2.269017052933995
339.4495325514503,2.268942260372044
339.4495362282678,2.268857618152615
339.44953758452976,2.2687685261457746
339.4495377252704,2.26875339151464
339.44953627453185,2.268675499952526
339.4495332998818,2.268608283922429
339.4495144118855,2.2684021040731466
339.44929096983617,2.267572822786163
339.4489758753679,2.2669633471606288
339.4471570456487,2.2650452491424176
339.4446004038471,2.2633983355188803
339.4372275564871,2.2602638363913767
339.3947063944632,2.250664675783499
339.33340066335154,2.2422344954058917
339.15662439442934,2.2261064114116236
337.7424117140371,2.1618617311476465
336.3281985100623,2.121864854367325
334.9139851739789,2.08991724184233
333.4997717765942,2.0625225498013795
332.08555834395946,2.038186014674425
330.67134488854344,2.016097000976841
329.25713141727505,1.9957544759014838
327.8429179344037,1.9768215543176058
326.42870444272853,1.95905784548032
325.0144909441986,1.9422839520537392
323.6002774402351,1.9263611379729455
322.18606393191715,1.9111788795203197
320.77185042009495,1.8966468310888263
319.35763690546264,1.8826894175580935
317.9434233886064,1.869242071868046
316.5292098700372,1.856248550834536
315.114996350214,1.843658986671932
313.70078282956007,1.8314284578813471
312.2865693085333,1.8195159346973744
311.71443344305544,1.8147782174146507
310.30021992201137,1.803248922624517
308.88600640144915,1.7919506397426002
307.47179288174624,1.7808508186265692
306.0575793633538,1.7699185138660256
305.1321376065275,1.7628410016346026
303.71792409103,1.7521212371501984
302.3037105779174,1.741492319485288
300.8894970677006,1.7309264447341857
299.4752835609668,1.7203957120090863
298.06107005841153,1.7098715101398476
296.6468565608836,1.6993237090723228
295.2326430694511,1.688719558403478
293.81842958550243,1.6780221285569006
292.40421611090596,1.667188002301757
290.99000264827686,1.6561636666826725
289.5757892014479,1.6448794950891608
288.1615757763544,1.6332388631445975
286.7473623827951,1.621096249337338
285.33314903991925,1.608205985606519
284.1167936566256,1.5961560382556712
283.2621314642866,1.5867644644222665
283.0594134083727,1.5843566356581047
282.6374619176672,1.5790005189657488
282.340981177586,1.5748252909519236
282.1326614485216,1.57155266960969
281.9862873428852,1.5689734186078808
281.88343883003836,1.5669295141577537
281.8111732240221,1.5653011190411434
281.760396450935,1.5639969766235666
281.72471863309573,1.5629472862196672
281.6996499744879,1.5620984011015238
281.6820357561552,1.5614088746726464
281.6696593402749,1.5608465072865219
281.66096322417457,1.5603861367868412
281.65485304118954,1.5600079820180728
281.65055984345094,1.5596963975233793
281.64754333600325,1.5594389340983694
281.6454238850466,1.559225627030532
281.6439347440895,1.5590484540596763
281.6428884860594,1.5589009200725459
281.64215341712577,1.5587777365855393
281.6416370041077,1.5586745721254456
281.64127423038815,1.5585878555473247
281.6410194104499,1.5585148522018812
281.6408450580709,1.5584543271818658
281.640725789394,1.5584042515997372
281.6406442299109,1.5583627364433852
281.6405884863477,1.5583282300036183
281.64055041790465,1.558299452381402
281.64052445297574,1.5582753417770467
281.64050677940907,1.5582550105045734
281.6404947903228,1.5582377119477773
281.64048670371346,1.5582227982956212
281.64048130417206,1.5582095770944315
281.64047779165315,1.5581971335563929
281.6404757497657,1.5581849278713917
281.640474878729,1.5581737847494568
281.6404747761924,1.5581720992462338
281.64047689852845,1.5581529819422877
281.6404810406478,1.5581377927297435
281.6404940537586,1.5581103297982764
281.64112379196376,1.5578092748605048
281.64294259828597,1.5574718555797527
281.6454992457248,1.5571832328334092
281.6602451013791,1.5562799990460752
281.70276645160715,1.5550126805664348
281.9479901472115,1.5524611978493899
282.30154304855114,1.5515558147083846
283.7157557965292,1.5551033901912523
285.1299689070926,1.563266960184225
286.54418213165917,1.5741107276235957
287.95839541095074,1.5869580235836191
289.3726087226718,1.6013685431257376
290.7868220569906,1.616974358150777
292.2010354091979,1.633449532098096
293.6152487767569,1.6505134784922397
295.02946215796686,1.6679389060137884
296.4436755513741,1.6855547205923502
297.85788895555197,1.7032428238327888
299.2721023690481,1.7209311061055919
300.6863157903909,1.7385853173928294
302.10052921810285,1.7562016907992926
303.51474265070095,1.773801286435824
304.92895608667544,1.7914264328058167
306.3431695244442,1.809139409858311
307.7573829622762,1.8270235774653876
309.1715963981704,1.8451874796923393
310.58580982966,1.8637731471115802
312.00002325283566,1.8829712294778742
312.90368783692867,1.8956777210961986
314.3179012370452,1.9165132337862723
315.7321146108058,1.938995698130546
317.14632793823176,1.9640569875425928
318.2850715486518,1.9873548132198826
319.10596507587496,2.0071547352470755
319.6827592062326,2.023715227226019
320.08803885965705,2.037636570018886
320.3728052449254,2.0493767376640943
320.57289395025555,2.059296429775782
320.7134845629011,2.0676868868654603
320.8122693169695,2.074787731284479
320.8816795182248,2.0807988495148915
320.9304499234806,2.085888622587991
320.9647179391151,2.090199868947947
320.9887959639729,2.0938543293546816
321.00571405613135,2.0969561199330835
321.0156165645565,2.0991168416778203
321.0239689351832,2.1012706469550664
321.02983754072307,2.1030837852690976
321.03396094768095,2.1046095586240563
321.03685810391056,2.105893175494228
321.0388936439373,2.106972940287504
321.04032377520474,2.1078812784787515
321.041328519657,2.1086456201356425
321.0420343679972,2.109289161049987
321.04253019747523,2.1098315183219993
321.04287845632325,2.1102892959356208
321.0431230222986,2.110676575254788
321.04329472331926,2.111005344039185
321.0434152244282,2.1112848257058836
321.04349755595285,2.1115193087858373
321.04355375566854,2.1117159397831866
321.043592057574,2.111881767346829
321.04361809349865,2.11202275554412
321.0436357149931,2.112143908610051
321.04364756333797,2.1122502829667695
321.04365542472743,2.112350314221031
321.04366060988116,2.1124615461560365
321.043662082155,2.112564697013706
321.0436619856936,2.112614629528683
321.0436595755266,2.112697337919444
321.0436503803214,2.112846069378496
321.04362172623604,2.113084475652494
321.04328204902356,2.114156518595452
321.03925122018546,2.1180119766708785
321.0334374288205,2.1208876209656955
320.96466900416937,2.136173395354003
320.865520014609,2.148685765490399
320.6250410151124,2.169989547404721
320.22327159265006,2.197739038150561
319.9409714829101,2.2159497633464817
319.742615712813,2.22929035120473
319.60324279655845,2.239522130004962
319.5053137180762,2.247570624697299
319.43650482072945,2.2540034748496214
319.3881569837549,2.2592012746031505
319.3541859448358,2.2634341650417937
319.3303166458726,2.2669014867877033
319.31354525179097,2.2697544763412285
319.3017611422297,2.272110253829975
319.29348130698077,2.2740609439251305
319.28766372106134,2.275679891703811
319.2835762142049,2.2770260505878364
319.2807043330693,2.278147169547383
319.27868660136784,2.2790821629607185
319.27726903093543,2.2798629072252883
319.276273159315,2.280515625077693
319.2755735916511,2.281061966982343
319.2750822207197,2.281519865922051
319.2747371393125,2.2819042202055995
319.27449484969225,2.2822274443787713
319.27432478974976,2.282499918458689
319.2742054881371,2.282730356875346
319.2741218531615,2.2829254652565476
319.27406480827784,2.283088181800491
319.27402596551667,2.2832235458367585
319.27399958848616,2.2833363381373992
319.2739817517361,2.283430469326163
319.2739697698794,2.28350911191474
319.27396180689334,2.283574738737758
319.27395659787226,2.2836289812152795
319.27395317618806,2.2836740411548746
319.2739514172986,2.2837123718294015
319.2739502447056,2.283737925612258
319.27394946297693,2.28375496146724
319.27394886051025,2.2837680907475724
319.27394837056283,2.283807121714009
319.27399748995754,2.284299277564487
319.27407135378286,2.284575734886852
319.27450197425424,2.285416250265949
319.2751089539426,2.2861248902725624
319.27861317396196,2.288408511668738
319.2836672472683,2.290405373495191
319.3434513704752,2.3009257133363166
319.69700311605817,2.3234959197773066
321.11121513969516,2.3585638109257165
322.52542804815994,2.377210032147451
323.9396411921838,2.3899249818251875
325.3538544426582,2.3990190528483026
326.7680677508132,2.405365645341261
328.1822810922667,2.4093238505644514
329.5964944521468,2.4109934998254072
331.0107078194954,2.4102970810521116
332.4249211843562,2.40698762718841
333.83913453537735,2.4005939979429614
335.2533478553499,2.3902561295476414
336.5011382618804,2.3765222089370015
337.3778880607101,2.3629040001402637
337.99392916782386,2.3501630642772415
338.42678541505313,2.3386351839417587
338.7309282979272,2.3284227062560516
338.94463177357295,2.319502415804474
339.0947887293063,2.311787194586339
339.20029523549584,2.3051613713918213
339.27442846356473,2.299500755975769
339.32651751090566,2.294683660806571
339.36311739253523,2.2905966068008228
339.388833936862,2.2871369116088864
339.40690339204434,2.2842134786951234
339.41959968172165,2.281746580158427
339.428520559967,2.279667109373378
339.43478867575374,2.277915587037201
339.43919284927676,2.276441086687631
339.4422873386144,2.275200173960949
339.4444615886391,2.274155910037242
339.4459892395147,2.2732769431534914
339.44706256210304,2.2725366961142113
339.44781665369754,2.271912648125825
339.4483464389172,2.2713857034487286
339.4487186147707,2.2709396359683383
339.44898004732585,2.2705618522979423
339.4491589330935,2.2702469312253095
339.4492813116416,2.2699851596085603
339.4493650064435,2.269767209151274
339.4494222180525,2.2695853026627786
339.44946129751827,2.2694329348596876
339.44948796017354,2.2693046242269244
339.4495061160341,2.269195700852272
339.44951843831205,2.2691022077715273
339.4495267572738,2.269020688917937
339.44953233306626,2.268946299910824
339.44953675625925,2.2688532583662715
339.44953759045944,2.2687685261784765
339.4495377296371,2.268753899544111
339.449536284604,2.268675787574276
339.4495333110593,2.268608477355675
339.449514423446,2.2684021951144397
339.4492909815186,2.2675728510799678
339.4489758870608,2.266963365980515
339.44715705734797,2.2650452583199767
339.44460041554765,2.263398341914714
339.4372275681881,2.2602638404655053
339.3947064061645,2.2506646777456765
339.3334006750529,2.2422344967718004
339.1566244061308,2.2261064122906298
337.7424117257386,2.1618617315330644
336.3281985217638,2.12186485465754
334.9139851856804,2.0899172420849936
333.4997717882957,2.0625225500139175
332.08555835566096,2.038186014865651
330.67134490024495,2.0160970011518353
329.25713142897655,1.9957544760636012
327.8429179461052,1.9768215544691556
326.42870445443003,1.9590578456229628
325.0144909559001,1.9422839521888398
323.6002774519366,1.926361138101489
322.18606394361865,1.9111788796431157
320.77185043179645,1.896646831206588
319.35763691716414,1.8826894176714002
317.9434234003079,1.8692420719773652
316.5292098817387,1.8562485509403028
315.11499636191553,1.843658986774555
313.70078284126157,1.8314284579811733
312.2865693202348,1.8195159347947767
311.7144334126101,1.8147782171637192
310.30021989156603,1.8032489223789196
308.8860063710038,1.7919506395016263
307.4717928513009,1.780850818389526
306.05757933290784,1.769918515168624
305.1877119451093,1.7632645004464054
303.7734984295277,1.7525405942618435
302.35928491631216,1.7419086325345705
300.945071405971,1.7313408046613503
299.53085789908806,1.7208092241036659
298.11664439635376,1.7102853213386253
296.7024308986098,1.6997390444639549
295.2882174069141,1.6891377717688696
293.8740039226399,1.6784447752774447
292.45979044763254,1.6676169497871052
291.04557698447087,1.6566012716144998
289.6313635369268,1.6453289086977934
288.2171501108278,1.6337046061244211
286.80293671576925,1.6215854349986674
285.3887233701165,1.6087314006771924
284.13972755911095,1.5963950975905616
283.2621308374736,1.5867644611194607
283.0974900532623,1.5848157999917354
282.66421565194867,1.5793574254243343
282.35977896004977,1.5751042403636653
282.145869045603,1.5717718866883428
281.99556704128776,1.569146637105149
281.8899586221069,1.567067127034333
281.81575379015754,1.5654110231655587
281.7636144356024,1.5640851977426533
281.72697921087826,1.563018443373624
281.70123783803933,1.5621560526148168
281.6831509424733,1.561455776359915
281.67044240374344,1.5608848054392523
281.66151292419846,1.560417512668708
281.6552387702689,1.5600337602986567
281.65083035966717,1.5597176278867255
281.64773289883004,1.559456452882369
281.64555656662804,1.5592401039780799
281.64402745852504,1.559060427943382
281.642953117907,1.558910825972632
281.6421983169774,1.5587859268727193
281.6416680394444,1.5586813326598126
281.6412955239567,1.5585934181932002
281.6410338590712,1.558519408032065
281.6408548209927,1.5584580470496667
281.64073234476814,1.5584072765857329
281.6406485896581,1.5583651798696248
281.6405913432507,1.558330182145709
281.64055224631215,1.5583009839466002
281.6405255777747,1.5582765056758439
281.64050742340083,1.5582558421803063
281.64049510674323,1.5582382370278896
281.6404867960626,1.5582230505649577
281.6404812331907,1.5582094986901969
281.6404775810422,1.5581961137647764
281.6404757488464,1.558183051102519
281.6404748780076,1.558173223284387
281.6404747930338,1.558171706982273
281.64047693954694,1.5581527848452004
281.64048108618306,1.5581376613306253
281.64049410008886,1.5581102534440177
281.64112383864915,1.5578092619294714
281.6429426449957,1.5574718491129955
281.64549929243896,1.5571832283980687
281.660245148096,1.55627999697885
281.7027664983247,1.5550126795554113
281.9479901939293,1.552461197603839
282.301543095269,1.551555814677196
283.71575584324705,1.5551033904036855
285.1299689538105,1.563266960503172
286.54418217837707,1.5741107280176663
287.95839545766864,1.5869580240360066
289.37260876938973,1.6013685436234253
290.7868221037085,1.616974358682346
292.2010354559158,1.6334495326534677
293.6152488234748,1.650513479063006
295.02946220468476,1.6679389065933647
296.443675598092,1.6855547211759823
297.85788900226987,1.703242824417396
299.272102415766,1.7209311066894586
300.6863158371088,1.7385853179753508
302.10052926482075,1.75620169138079
303.51474269741885,1.7738012870173494
304.92895613339334,1.7914264333891143
306.3431695711621,1.8091394104457539
307.7573830089941,1.827023578060126
309.1715964448883,1.8451874802984596
310.5858098763779,1.8637731477344466
312.00002329955225,1.882971230769023
312.48969022459903,1.889806780197801
313.90390363035,1.9102722104103462
315.3181170131829,1.9321998791142705
316.7323303574186,1.9563703689420886
317.99322711254814,1.9810172240574377
318.9021779830177,2.0019092006514994
319.54084489640553,2.0193562761490895
319.98959896258646,2.0340127891773885
320.30491229383085,2.046373034118264
320.5264645644565,2.056823437175514
320.6821363776465,2.065674446882316
320.79151781433137,2.0731808091452146
320.8683736866969,2.079554982534717
320.92237572858073,2.084976414696441
320.96031970493897,2.089598306311294
320.9869806037659,2.0935529074173043
321.00571350968534,2.0969561073230887
321.012595263941,2.098421088457483
321.0218436372655,2.1006841149410835
321.0283418122853,2.1025893162965175
321.03290758158244,2.1041925652779074
321.0361155606045,2.105541260360312
321.038369498302,2.106675566950364
321.039953085607,2.1076294865235266
321.041065655589,2.1084317777275565
321.0418472678633,2.1091067493081477
321.0423963339194,2.109674942029761
321.0427820013725,2.110153714857616
321.04305285559053,2.110557749438514
321.0432430337154,2.1108994863365176
321.0433765195502,2.111189504515777
321.04347016911873,2.1114359485141714
321.043534119689,2.1116425506559864
321.0435777374758,2.111815587050859
321.0436074282063,2.1119611996593584
321.0436275732294,2.112084565141882
321.043641166612,2.112190104755709
321.0436502500445,2.1122818366725036
321.0436561993549,2.112363934894287
321.04365989397286,2.1124404040094014
321.0436617579577,2.112509757693809
321.043662395307,2.11256469460295
321.04366190329216,2.11261615578439
321.0436306987042,2.1130241841980886
321.04353746208733,2.113475841781308
321.0429947536736,2.114675862880293
321.04223045860374,2.1156598222036664
321.033408964775,2.1208993211814655
321.0079685168176,2.1282634060555754
320.9712884959456,2.1351293309664507
320.8655201456337,2.148685767627441
320.75264228778184,2.1595622107845776
320.31292744195486,2.1918879112891854
320.0039651346484,2.2118604552536216
319.7868753632698,2.2262245743058955
319.63433914614814,2.2371425613281213
319.5271609788112,2.245685321562879
319.4518532834681,2.2524895197951444
319.3989391186555,2.2579740389901657
319.3617595866246,2.262432518688861
319.33563586620545,2.266079769627617
319.31728042141424,2.2690777451110176
319.3043832917202,2.271551277975105
319.2953214021538,2.27359820875032
319.2889543123647,2.275296217137092
319.28448070133567,2.276707604831615
319.2813375275252,2.2778827463386797
319.2791291745645,2.2788626408257167
319.2775776660688,2.27968083805895
319.27648768449836,2.2803649169971996
319.27572199197675,2.2809376375477317
319.27518415997366,2.2814178491720716
319.2748064345261,2.281821216013042
319.27454120993946,2.2821608024207505
319.27435503801695,2.282447552310874
319.2742244189615,2.2826906898507167
319.27413284623896,2.282898061874177
319.2740687146183,2.2830755569867867
319.2740250566103,2.2832264543629055
319.27399542691376,2.283355788666939
319.2739754673064,2.283469850992004
319.273961705842,2.2835758564038375
319.2739517583561,2.2836996796347484
319.2739486159903,2.2838236010136477
319.27394935951355,2.2838977990595835
319.2739544314155,2.283989976165071
319.27397163668616,2.2841507165823067
319.27399726392076,2.284298184953295
319.2740711251874,2.2845750365946085
319.2745017442424,2.2854159211198324
319.27510872370664,2.286124663423199
319.2786129435746,2.288408399854264
319.2836670168598,2.2904052968598196
319.34345114005583,2.3009256862500593
319.6970028856372,2.323495910036052
321.11121490927377,2.3585638071205426
322.5254278177385,2.377210029691642
323.93964096176234,2.3899249800831903
325.35385421223674,2.399019051604967
326.76806752039175,2.4053656445072935
328.18228086184524,2.4093238501060736
329.5964942217254,2.4109934997418323
331.01070758907395,2.410297081369189
332.42492095393476,2.406987627962125
333.8391343049559,2.400593999274969
335.25334762492844,2.3902561316278264
336.50113803145894,2.3765222120045806
337.3778878302887,2.3629040043201077
337.9939289374025,2.3501630697342213
338.4267851846318,2.3386351908833665
338.73092806750594,2.3284227149373957
338.94463154315173,2.3195024265362605
339.0947884988852,2.3117872077435866
339.20029500507485,2.3051613874262395
339.27442823314396,2.299500775429032
339.32651728048523,2.294683684327484
339.36311716211526,2.2905966351668
339.38883370644265,2.287136945748049
339.4069031616259,2.2842135197196436
339.4195994513045,2.2817466293973965
339.42852032955176,2.2796671684188214
339.43478844534116,2.277915657796094
339.43919261886793,2.2764411714482455
339.44228710821096,2.2752002754732903
339.44446135824336,2.2741560316213856
339.44598900912996,2.273277088835661
339.4470623317342,2.2725368708012743
339.4478164233516,2.2719128578654284
339.44834620860445,2.271385955783638
339.44871838450746,2.2709399404875614
339.4489798171303,2.2705622189775294
339.4491587030034,2.2702473761158126
339.44928108170734,2.269985700084499
339.4493647767404,2.2697678669138206
339.4494219886938,2.2695861052123787
339.4494610686755,2.2694339183974632
339.44948773213525,2.2693058401706008
339.4495058893452,2.269197216074051
339.44951821352254,2.269104068798338
339.4495265328277,2.2690229842428398
339.44953210586635,2.2689498400981565
339.44953686150075,2.268854433109147
339.44953757706634,2.2687685261028454
339.4495377195138,2.268752732692499
339.44953626140926,2.268675126687863
339.4495332853308,2.2686080323887747
339.44951439683695,2.2684019855780546
339.4492909546289,2.2675727859433836
339.448975860147,2.266963322659449
339.4471570304195,2.2650452371943572
339.4446003886163,2.263398327193051
339.43722754125554,2.2602638310872045
339.39470637923125,2.250664673228936
339.3334006481195,2.242234493627379
339.1566243791973,2.2261064102669454
337.74241169880503,2.161861730645978
336.32819849483025,2.121864853989573
334.91398515874687,2.089917241526437
333.4997717613621,2.062522549524634
332.0855583287274,2.038186014425512
330.6713448733114,2.016097000749064
329.257131402043,1.9957544756904868
327.84291791917167,1.9768215541203513
326.4287044274965,1.959057845294604
325.01449092896655,1.9422839518778816
323.60027742500307,1.9263611378056125
322.1860639166851,1.9111788793604334
320.7718504048629,1.8966468309355067
319.3576368902306,1.8826894174106175
317.94342337337434,1.8692420717257496
316.5292098548052,1.8562485506968405
315.114996334982,1.8436589865383501
313.700782814328,1.8314284577513904
312.2865692933012,1.819515934570643
311.7144334278234,1.8147782172891178
310.3002199067793,1.803248922501644
308.8860063862171,1.7919506396220468
307.4717928665142,1.780850818507984
306.0575793481211,1.7699185152854362
305.1877119603226,1.7632645005623604
303.773498444741,1.7525405943766557
302.35928493152545,1.7419086326485482
300.9450714211843,1.7313408047748025
299.53085791430135,1.7208092242168693
298.11664441156705,1.7102853214518987
296.7024309138231,1.6997390445776457
295.2882174221274,1.6891377718833367
293.87400393785316,1.6784447753931238
292.45979046284583,1.6676169499044846
291.04557699968416,1.6566012717342313
289.6313635521401,1.6453289088207388
288.2171501260411,1.6337046062518148
286.80293673098254,1.6215854351324315
285.3887233853298,1.60873140082077
284.13972757432424,1.5963950977489643
283.2621308526868,1.5867644612976717
283.09749025155645,1.5848158023742083
282.66421585024284,1.579357428059425
282.3597791583439,1.57510424329427
282.14586924389704,1.5717718899655124
281.9955672395817,1.5691466407899886
281.8899588204007,1.5670671312001172
281.81575398845115,1.5654110279001316
281.7636146338957,1.5640852031513677
281.7269794091712,1.5630184495827013
281.70123803633163,1.5621560597754733
281.6831511407647,1.5614557846532198
281.6704426020337,1.5608848150821373
281.66151312248695,1.5604175239209428
281.65523896855495,1.5600337734717131
281.6508305579497,1.5597176433546114
281.64773309710756,1.5594564710948235
281.6455567648984,1.559240125477964
281.6440276567851,1.559060453388741
281.6429533161522,1.5589108561659488
281.64219851520124,1.5587859628019818
281.6416682376373,1.558681375557415
281.64129572210345,1.5585934696238553
281.6410340571547,1.5585194696234363
281.64085501897785,1.5584581214127349
281.64073254260813,1.5584073665387455
281.64064878728266,1.558365288931221
281.6405915405545,1.5583303147126768
281.64055244314113,1.558301145596445
281.6405257738911,1.5582767044547243
281.6405076182675,1.558256091205996
281.64049529915343,1.5582385468034223
281.64048698699287,1.5582233971474246
281.64048143904415,1.5582099271203385
281.6404778459276,1.5581973949614807
281.640475419458,1.5581839868549794
281.64047494262104,1.558173223738783
281.64047483415624,1.5581708395943656
281.6404770328139,1.5581523424386394
281.64048118945635,1.5581373649779828
281.64049420514664,1.5581100806435562
281.6411239445103,1.5578092326095516
281.6429427509119,1.5574718344498808
281.64549939836525,1.5571832183406755
281.6602452540285,1.5562799922912873
281.70276660425856,1.555012677262866
281.9479902998637,1.552461197047053
282.3015432012035,1.5515558146064892
283.71575594918164,1.5551033908853813
285.12996905974506,1.5632669612263999
286.5441822843117,1.574110728911232
287.9583955636033,1.586958025061792
289.3726088753244,1.6013685447519717
290.78682220964316,1.6169743598877038
292.20103556185046,1.6334495339128143
293.61524892940946,1.6505134803572332
295.0294623106194,1.6679389079075708
296.44367570402665,1.68555472249941
297.8578891082045,1.7032428257430154
299.2721025217007,1.7209311080133811
300.68631594304344,1.73858531929624
302.1005293707554,1.756201692699346
303.5147428033535,1.77380128833599
304.928956239328,1.7914264347117452
306.34316967709674,1.8091394117778221
307.75738311492876,1.827023579408717
309.1715965508229,1.8451874816728147
310.5858099823125,1.8637731491468217
312.00002340548707,1.8829712335488904
312.54393036855697,1.8905709565176665
313.95814377361233,1.9110825490708134
315.3723571553296,1.933078998054801
316.78657049753804,1.9573586173321085
318.03146329956496,1.9818308828801297
318.92887729478963,2.002582056453419
319.5594379157054,2.019915142920728
320.0024961607582,2.034477331037874
320.31380736915884,2.046758140346118
320.5325475804297,2.0571406333210955
320.68624352284706,2.0659327582716474
320.7942366300214,2.073387297688725
320.870117004147,2.0797150767075143
320.92343362055976,2.0850940954645205
320.9608959890446,2.0896761739836043
320.9872184912542,2.0935921194408817
321.0057136289131,2.0969561101208
321.01299420815997,2.09851090536296
321.0221251912238,2.1007600843964793
321.02854088284033,2.102653660849191
321.03304869574134,2.104247184040921
321.0362159520466,2.1055877787399644
321.0384412760953,2.1067153799963054
321.040004758034,2.107663796996987
321.04110320084254,2.1084616298042373
321.0418748863501,2.109133058841836
321.04241697684256,2.109698524335907
321.04279774210795,2.1101753111841397
321.04306515058863,2.1105780537158543
321.04325290575173,2.1109191746989926
321.0433846862336,2.1112092715453867
321.04347713400045,2.1114564529716606
321.04354025514397,2.1116647102546966
321.0435832952555,2.1118403862274087
321.04361257497504,2.111989835846485
321.0436324160211,2.112118526763071
321.0436457732997,2.112231875144687
321.0436546434223,2.1123373308620366
321.0436610051053,2.11245846069267
321.04366246404584,2.1125646940747416
321.04366252206,2.112568435889113
321.04366173808063,2.112639914598736
321.0436408411105,2.1129451300216817
321.04357702358135,2.1133175317681996
321.0420504669459,2.115849153713866
321.03323790671703,2.1209692910276123
321.00782337118096,2.1282959719930337
320.9711807227268,2.1351466753507395
320.86552014391924,2.1486857676286
320.75113591345075,2.159694341290002
320.3118691008881,2.1919576170903885
320.0032216028816,2.2119085037986785
319.7863530300341,2.226260377279721
319.6339722363548,2.2371702532588915
319.526903276068,2.2457072095623376
319.4516723141822,2.252507064328687
319.39881206551263,2.25798823798078
319.3616704172207,2.2624440890698683
319.33557331550026,2.2660892446450966
319.31723657411777,2.2690855313852607
319.30435258621753,2.2715576912899156
319.2952999306204,2.2736034976901003
319.2889393289983,2.275300579345328
319.2844702768189,2.2767111985485933
319.28133030623627,2.277885698806341
319.2791242039831,2.278865054519562
319.27757427690864,2.279682795376247
319.276485406483,2.2803664838044515
319.2757204946585,2.280938865865112
319.27518321114917,2.281418779154204
319.27480587101445,2.2818218773529226
319.27454091704556,2.2821612151763695
319.274354935095,2.2824477271525523
319.2742244492601,2.282690627468295
319.2741329697175,2.2828977512597146
319.27406890305264,2.283074983309998
319.2740252885697,2.2832255779262907
319.27399568749297,2.28335453682928
319.27397574405455,2.2834680430681624
319.2739619979763,2.28357313998793
319.2739520148166,2.2836950872717123
319.27394866599127,2.283823600374921
319.27394955526063,2.2839030535666005
319.27395467869155,2.283993362700091
319.2739718917246,2.2841526461486255
319.2739978301604,2.2843012926645105
319.274610064793,2.285563893625839
319.2754957728202,2.2864783026568816
319.2806079823752,2.2892885949235415
319.28798033974607,2.2917040274854346
319.33050066439773,2.2993180787695975
319.4531116365115,2.310569893578094
319.8066638856688,2.3278146554855965
321.22087605972894,2.3603375860096505
322.63508899583417,2.3783622801421105
324.04930215100023,2.3907435192086517
325.4635154072182,2.39960266560377
326.8777287186517,2.4057554436803437
328.2919420619921,2.4095351612705542
329.7061554228156,2.4110261915014877
331.12036879032996,2.4101383437099297
332.53458215455925,2.4066101585481734
333.9487955039281,2.3999483193326734
335.36300882033504,2.389249436500028
336.5781902986369,2.3754833647209734
337.432027696895,2.3619114405539356
338.03196959049535,2.349253660672353
338.4535138551867,2.3378229985065957
338.7497084647719,2.32770937688197
338.9578271503079,2.3188830626912
339.1040599983257,2.311253810103599
339.2068092618891,2.304704755324233
339.27900513567425,2.2991115973958394
339.3297329166611,2.2943531164401607
339.36537631547253,2.290316582991586
339.3904207948666,2.286900173739717
339.4080180290483,2.2840136625372924
339.42038251645084,2.281578149932871
339.4290702565055,2.2795252893251314
339.4351745596231,2.277796282367847
339.43946363149405,2.276340802988673
339.44247724558113,2.2751159402168266
339.44459466925787,2.27408520776606
339.44608239154974,2.2732176428030697
339.44712765862783,2.2724870009011893
339.4478620372252,2.271871045091599
339.4483779712384,2.2713509211869356
339.4487404146109,2.270910608414103
339.448995008663,2.270537675005765
339.44916921299534,2.2702267604390194
339.4492883867053,2.2699682759635227
339.44936988742177,2.269753009142805
339.44942559677486,2.269573277028806
339.4494636474464,2.2694226461160105
339.4494896051097,2.269295680170278
339.44950727696977,2.2691877721487357
339.44951926739105,2.269095171072974
339.449527367537,2.269014271583937
339.44953280482684,2.2689377704995923
339.4495364602344,2.268849775100233
339.4495375825892,2.2687685261328663
339.4495377238096,2.2687532211756074
339.4495362711553,2.26867540398651
339.44953329613804,2.2686082192324806
339.4495144080138,2.2684020735917496
339.44929096592364,2.267572813303178
339.44897587145186,2.2669633408586223
339.4471570417305,2.265045246068367
339.44460039992856,2.2633983333765615
339.43722755256834,2.2602638350272324
339.39470639054434,2.2506646751259267
339.33340065943264,2.24223449494834
339.15662439051044,2.226106411117104
337.7424117101182,2.1618617310186177
336.3281985061434,2.121864854270169
334.91398517006,2.0899172417610377
333.4997717726753,2.062522549730136
332.08555834004056,2.0381860146103765
330.67134488462455,2.016097000918247
329.25713141335615,1.995754475847203
327.8429179304848,1.9768215542668455
326.42870443880963,1.9590578454325283
325.0144909402797,1.942283952008486
323.6002774363162,1.9263611379298906
322.18606392799825,1.9111788794791726
320.77185041617605,1.8966468310493751
319.35763690154374,1.8826894175201419
317.9434233846875,1.8692420718314242
316.5292098661183,1.8562485507991051
315.11499634629513,1.8436589866375541
313.70078282564117,1.8314284578479068
312.2865693046144,1.8195159346647636
311.71443343913654,1.8147782173823597
310.30021991809247,1.8032489225929034
308.88600639753025,1.7919506397115865
307.47179287782734,1.7808508185960634
306.0575793594349,1.7699185138359486
305.1321376026086,1.7628410016047507
303.7179240871111,1.7521212371206358
302.3037105739985,1.7414923194559346
300.8894970637817,1.7309264447049733
299.4752835570479,1.720395711979927
298.06107005449263,1.7098715101106674
296.6468565569647,1.6993237090430335
295.2326430655322,1.6887195583739822
293.81842958158353,1.678022128527106
292.40421610698706,1.6671880022714891
290.99000264435796,1.6561636666518011
289.575789197529,1.6448794950574561
288.1615757724355,1.6332388631117252
286.7473623788762,1.6210962493028012
285.33314903600035,1.6082059855694002
284.1167936527067,1.596156038214761
283.26213146036775,1.5867644643765844
283.05941335351196,1.5843566349941023
282.6374618628065,1.579000518231022
282.34098112272534,1.574825290134469
282.13266139366095,1.5715526686951837
281.9862872880246,1.5689734175791936
281.8834387751778,1.566929512994315
281.81117316916163,1.5653011177183385
281.76039639607455,1.5639969751118459
281.7247185782354,1.5629472844836516
281.69964991962775,1.5620983990988033
281.6820357012953,1.5614088723524264
281.6696592854154,1.5608465045880178
281.6609631693155,1.560386133637209
281.65485298633115,1.5600079783299454
281.6505597885935,1.5596963931919148
281.64754328114725,1.5594389289974877
281.64542383019267,1.55922562100801
281.64393468923845,1.5590484469310684
281.64288843121255,1.558900911613
281.642153362285,1.5587777265178704
281.6416369492757,1.5586745601042895
281.6412741755693,1.5585878411340772
281.64101935564906,1.5585148349407254
281.64084500329795,1.5584543063407645
281.64072573466234,1.558404226389925
281.6406441752403,1.5583627058812324
281.64058843176815,1.5583281928505972
281.64055036346133,1.5582994070461664
281.64052439873916,1.5582752861263525
281.6405067254999,1.5582549415703404
281.6404947369407,1.558237626127764
281.640486650983,1.5582226917886324
281.6404812516147,1.5582094364365187
281.6404777383213,1.5581968989040644
281.6404756885148,1.558184365962111
281.6404749292582,1.5581732236447121
281.64047482447864,1.5581710338411656
281.6404770116152,1.558152442288879
281.64048116601555,1.558137432042738
281.64049418130304,1.558110119821004
281.6411239204846,1.5578092392637606
281.6429427268737,1.5574718377777679
281.64549937432474,1.5571832206232303
281.6602452299866,1.5562799933551776
281.7027665802163,1.5550126777831532
281.9479902758213,1.5524611971734203
282.3015431771611,1.5515558146225452
283.7157559251392,1.555103390776059
285.12996903570263,1.5632669610622592
286.5441822602693,1.5741107287084333
287.95839553956085,1.5869580248289927
289.37260885128194,1.6013685444958385
290.7868221856007,1.616974359614149
292.201035537808,1.6334495336269996
293.615248905367,1.6505134800635082
295.029462286577,1.6679389076093072
296.4436756799842,1.685554722199047
297.8578890841621,1.703242825442156
299.27210249765824,1.7209311077128993
300.686315919001,1.7385853189964524
302.10052934671296,1.756201692400094
303.51474277931106,1.7738012880367222
304.92895621528555,1.7914264344115671
306.3431696530543,1.8091394114754877
307.7573830908863,1.8270235791026588
309.1715965267805,1.8451874813609015
310.5858099582701,1.8637731488262688
312.0000233814445,1.8829712331820476
312.6541907874788,1.8921289437473154
314.06840419108175,1.9127364771738893
315.4826175704655,1.9348762513585176
316.89683090839844,1.9593844406578373
318.10919050539195,1.98349988594788
318.9831520744926,2.0039628009925954
319.59723403707744,2.0210622254099304
320.02871368555105,2.0354308775601377
320.3318892863172,2.0475485868254264
320.54491307847144,2.0577915723721345
320.69459242521975,2.0664626855463273
320.79976330416844,2.073810701247833
320.87366066301604,2.0800431113495987
320.9255839307894,2.085334970531426
320.96206727577686,2.0898353096214635
320.9877018776662,2.0936720621435025
321.00571367219845,2.0969561111284123
321.01379621956283,2.0986932998724765
321.0226885691148,2.100913636526423
321.02893658673923,2.102782857642164
321.0333265847917,2.1043558324525646
321.0364110593805,2.1056791046829275
321.03857821746476,2.106792113568604
321.0401008295,2.1077282458415345
321.0411705553408,2.108515742205717
321.04192206303674,2.109178477890149
321.0424499756751,2.109736634323085
321.04282077888905,2.1102072772654967
321.0430811874884,2.1106048557609727
321.04326402406963,2.1109416361897524
321.0433923482973,2.111228084252408
321.0434823672579,2.1114722032904023
321.0435438252146,2.111677954624753
321.04358572588654,2.111851615132271
321.04361422387115,2.1119994445222163
321.04363352964856,2.1121266739296254
321.043646533564,2.112238905045322
321.0436551813941,2.112346140035311
321.043660636101,2.1124623933624687
321.0436624686561,2.1125646940385314
321.04366252347893,2.1125682116822633
321.0436617418595,2.1126397824232184
321.04364084577765,2.1129450903839784
321.0435770282995,2.113317510919982
321.042050471679,2.1158491488759017
321.0332379114515,2.120969289098994
321.00782337591573,2.1282959709317852
320.9711807274616,2.135146674588926
320.86552014865293,2.1486857671283186
320.75113600005704,2.159694333701072
320.31186918749455,2.191957611386995
320.003221689488,2.2119084982017743
319.78635311664044,2.2262603713426836
319.6339723229611,2.2371702467214813
319.52690336267415,2.2457072022050806
319.45167240078814,2.2525070559308347
319.39881215211824,2.2579882282999346
319.36167050382585,2.2624440778296764
319.3355734021048,2.2660892315236882
319.3172366607214,2.2690855160030026
319.3043526728199,2.271557673197522
319.29530001722094,2.2736034763536646
319.2889394155963,2.2753005541274565
319.2844703634133,2.276711168689299
319.2813303928255,2.2778856633960745
319.27912429056505,2.2788650124661576
319.27757436348026,2.2796827453679374
319.27648549303984,2.2803664242591646
319.2757205811942,2.280938794862211
319.2751832976545,2.2814186943518306
319.2748059574761,2.2818217758677193
319.27454100344374,2.2821610934116396
319.2743550214006,2.282447580539556
319.27422453542897,2.2826904500693175
319.27413305567404,2.282897535092327
319.2740689887182,2.283074720150024
319.27402537377907,2.2832252534433213
319.2739957720704,2.2833541288054517
319.2739758272937,2.283467501142895
319.273962083709,2.283572348193105
319.27395213008964,2.2836930447090857
319.2739486225648,2.2838236009272874
319.2739493736715,2.283898155325904
319.2739544426295,2.2839901319105698
319.2739716289409,2.2841508047518295
319.27399756359404,2.2843000145605243
319.27460979519685,2.2855635407162462
319.27549550299716,2.286478072868152
319.2806077124203,2.2892884857935076
319.2879800697696,2.291703953279983
319.33050039440894,2.299318043282907
319.4531113665197,2.3105698747942647
319.80666361567614,2.3278146455474245
321.22087578973594,2.360337581731398
322.6350887258411,2.378362277345206
324.0493018810072,2.3907435172189992
325.4635151372251,2.399602664186732
326.87772844865856,2.405755442738093
328.2919417919989,2.409535160767128
329.7061551528224,2.4110261914384488
331.1203685203368,2.4101383441201047
332.5345818845661,2.4066101595003726
333.94879523393496,2.3999483209515544
335.3630085503419,2.389249439020209
336.57819002864375,2.3754833684074286
337.4320274269018,2.3619114455566375
338.0319693205022,2.349253667187944
338.4535135851936,2.337823006782189
338.74970819477886,2.327709387220996
338.95782688031494,2.3188830754629386
339.10405972833286,2.311253825754008
339.2068089918964,2.304704774389368
339.2790048656819,2.299111620519154
339.32973264666913,2.294353144392612
339.3653760454811,2.290316616695772
339.390420524876,2.286900214298668
339.4080177590588,2.28401371127086
339.4203822464629,2.2815782084197274
339.4290699865198,2.2795253594558034
339.43517428964054,2.2777963664062666
339.43946336151606,2.2763409036513393
339.4424769756096,2.275116060771535
339.4445943992957,2.27408535215799
339.44608212160085,2.2732178158083443
339.44712738869805,2.2724872083525556
339.447861767323,2.2718712941726302
339.44837770137616,2.271351220865487
339.4487401448082,2.2709109700891847
339.44899473894185,2.270538110533026
339.4491689434012,2.2702272889192106
339.44928811729886,2.269968918093667
339.449369618294,2.269753790822165
339.449425328062,2.269574231178999
339.4494633793596,2.269423816825639
339.4494893380151,2.2692971286727923
339.4495070114741,2.2691895679285112
339.44951900370995,2.269097368684676
339.4495271040657,2.269017131847285
339.4495325451932,2.2689423732385787
339.44953622828973,2.2688576181576323
339.4495375752982,2.268768526091109
339.4495377181073,2.2687525723944804
339.4495362582154,2.268675035758924
339.4495332817885,2.2686079711907254
339.4495143931736,2.268401956748646
339.449290950927,2.267572776977895
339.4489758564418,2.266963316699605
339.4471570267122,2.2650452342859113
339.44460038490865,2.263398325167642
339.4372275375477,2.2602638297967057
339.39470637552336,2.2506646726070727
339.3334006444116,2.2422344931946823
339.1566243754894,2.2261064099886667
337.74241169509713,2.161861730523932
336.32819849112235,2.1218648538975944
334.913985155039,2.0899172414495206
333.49977175765423,2.062522549457277
332.0855583250195,2.0381860143649346
330.6713448696035,2.0160970006935974
329.2571313983351,1.9957544756391297
327.8429179154638,1.9768215540723504
326.4287044237886,1.9590578452493912
325.01449092525866,1.9422839518350545
323.6002774212952,1.9263611377648868
322.1860639129772,1.9111788793215214
320.771850401155,1.896646830898201
319.3576368865227,1.8826894173747257
317.94342336966645,1.8692420716911171
316.5292098510973,1.856248550663314
315.1149963312741,1.8436589865058293
313.7007828106201,1.831428457719764
312.28656928959333,1.8195159345397902
311.7144334241155,1.8147782172585596
310.3002199030714,1.803248922471734
308.8860063825092,1.7919506395926925
307.4717928628063,1.780850818479101
306.0575793444132,1.7699185152569636
305.1877119566147,1.763264500534093
303.7734984410331,1.7525405943486771
302.35928492781755,1.7419086326207711
300.9450714174764,1.7313408047471508
299.53085791059345,1.720809224189278
298.11664440785916,1.710285321424291
296.7024309101152,1.6997390445499305
295.2882174184195,1.6891377718554383
293.87400393414526,1.6784447753649339
292.45979045913793,1.667616949875877
291.04557699597626,1.6566012717050485
289.6313635484322,1.6453289087907805
288.2171501223332,1.6337046062207667
286.80293672727464,1.6215854350998273
285.3887233816219,1.6087314007857776
284.13972757061634,1.5963950977103432
283.26213084897904,1.5867644612538974
283.09749011707663,1.584815800758457
282.664215715763,1.5793574262723529
282.3597790238641,1.575104241306784
282.14586910941733,1.5717718877429872
281.99556710510205,1.5691466382909949
281.88995868592116,1.5670671283749544
281.8157538539717,1.5654110246892134
281.76361449941646,1.5640851994832579
281.7269792746922,1.5630184453718206
281.70123790185306,1.5621560549192228
281.6831510062867,1.5614557790288361
281.6704424675565,1.5608848085424847
281.66151298801094,1.5604175162899039
281.6552388340806,1.560033764537979
281.65083042347777,1.55971763286454
281.64773296263905,1.5594564587434345
281.6455566304348,1.5592401108970888
281.6440275223285,1.5590604361322002
281.64295318170565,1.5589108356894275
281.6421983807692,1.5587859384354767
281.64166810322627,1.558681346465405
281.64129558772373,1.5585934347452317
281.6410339228178,1.5585194278539567
281.64085488470766,1.5584580709831863
281.64073240843635,1.5584073055386436
281.6406486532568,1.558365214978435
281.64059140674595,1.5583302248054105
281.640552309658,1.5583010358751697
281.6405256409024,1.5582765697374668
281.64050748606167,1.5582559243033542
281.6404951681986,1.5582383389616128
281.6404868575823,1.5582231385578016
281.64048131019365,1.5582095843095045
281.6404777175964,1.5581968332485636
281.64047547424474,1.5581837701319168
281.6404748781991,1.5581732232855834
281.6404747931405,1.558171704735206
281.6404769397892,1.5581527836859737
281.6404810864518,1.5581376605568336
281.64049410036233,1.5581102529943038
281.64112383892467,1.5578092618530492
281.6429426452714,1.5574718490748323
281.6454992927147,1.5571832283718126
281.66024514837176,1.556279996966634
281.70276649860045,1.5550126795494386
281.94799019420503,1.552461197602401
282.30154309554473,1.5515558146770174
283.7157558435228,1.5551033904049412
285.1299689540862,1.5632669605050555
286.5441821786528,1.5741107280199962
287.9583954579444,1.5869580240386796
289.3726087696655,1.6013685436263638
290.78682210398426,1.6169743586854897
292.20103545619156,1.6334495326567424
293.61524882375056,1.6505134790663805
295.0294622049605,1.6679389065967873
296.44367559836775,1.6855547211794253
297.8578890025456,1.703242824420852
299.2721024160418,1.7209311066929058
300.68631583738454,1.7385853179787811
302.1005292650965,1.756201691384225
303.5147426976946,1.77380128702079
304.9289561336691,1.7914264333925467
306.34316957143784,1.8091394104492307
307.75738300926986,1.8270235780636404
309.171596445164,1.845187480302016
310.5858098766536,1.8637731477381125
312.000023299828,1.8829712307728514
312.4896902248748,1.889806780201687
313.90390363062573,1.9102722104144532
315.3181170134587,1.9321998791187254
316.73233035769437,1.9563703689470986
317.9932271128239,1.9810172240632644
318.9021779832934,2.001909200658416
319.5408448966813,2.0193562761573527
319.9895989628622,2.0340127891873023
320.3049122941066,2.046373034130208
320.52646456473224,2.056823437189869
320.68213637792223,2.0656744468995942
320.7915178146071,2.0731808091660406
320.86837368697263,2.0795549825599564
320.9223757288565,2.084976414726956
320.9603197052147,2.0895983063487074
320.98698060404166,2.093552907463274
321.00571350995665,2.096956107378225
321.0125952636541,2.0984210883930623
321.02184363697853,2.100684114863752
321.02834181199836,2.1025893162043947
321.03290758129555,2.104192565166879
321.0361155603176,2.1055412602283354
321.03836949801513,2.1066755667918247
321.0399530853201,2.1076294863331384
321.0410656553022,2.1084317775004227
321.04184726757654,2.1091067490350244
321.04239633363267,2.109674941703813
321.04278200108587,2.110153714467283
321.0430528553041,2.110557748969307
321.0432430334291,2.1108994857717187
321.0433765192642,2.1111895038294266
321.0434701688332,2.1114359476781757
321.04353411940417,2.1116425496378253
321.043577737192,2.111815585807676
321.0436074279244,2.1119611981017514
321.0436275729502,2.112084563221913
321.0436411663358,2.1121901023977063
321.04365024977346,2.112281833571488
321.0436561991031,2.1123639305094626
321.0436598937552,2.1124403982972293
321.04366175796093,2.1125097577018703
321.04366239468146,2.112564694607885
321.043661904563,2.11261608562142
321.0436307004199,2.1130241719539744
321.043537463825,2.113475835428605
321.0429947554191,2.114675860119343
321.0422304603501,2.115659820312377
321.0334089665219,2.1208993204635167
321.0079685185646,2.1282634056632803
320.9712884976927,2.1351293306853405
320.8655201473811,2.1486857672154067
320.7526426930057,2.1595621752046927
320.3129278471796,2.191887884596424
320.0039655398731,2.2118604290683033
319.7868757684942,2.226224546533465
319.634339551372,2.237142530749429
319.52716138403434,2.245685287151471
319.45185368869016,2.252489480517842
319.3989395238761,2.257973993713762
319.3617599918431,2.262432466120541
319.335636271421,2.2660797082608113
319.31728082662556,2.2690776731717106
319.30438369692564,2.2715511933620727
319.29532180735083,2.273598108965
319.28895471754987,2.275296099202209
319.284481106504,2.2767074651893955
319.28133793266966,2.2778825807345857
319.279129579675,2.2788624441558136
319.27757807113085,2.2796806041864563
319.2764880894913,2.280364638518451
319.2757223968708,2.2809373054846462
319.2751845647258,2.281417452565484
319.2748068390738,2.281820741370579
319.2745416141907,2.2821602329021378
319.27435544183516,2.2824468665447983
319.27422482214024,2.2826898600004593
319.2741332484236,2.282897050527919
319.2740691154435,2.2830743257683794
319.2740254553033,2.2832249357994048
319.2739958226472,2.2833538774240583
319.2739758566966,2.2834673098177474
319.27396209838275,2.283572212899493
319.2739521375712,2.283692911568272
319.2739486160236,2.2838236010122603
319.273949359587,2.283897800896629
319.273954431508,2.2839899774418395
319.27397163678927,2.2841507173100064
319.2739972640266,2.2842981854628177
319.2740711252944,2.284575036924256
319.2745017443501,2.2854159212742644
319.27510872381447,2.286124663529994
319.2786129436825,2.2884083999061504
319.2836670169677,2.290405296895864
319.3434511401637,2.300925686262837
319.69700288574506,2.3234959100406147
321.11121490938166,2.3585638071223083
322.5254278178464,2.377210029692795
323.9396409618702,2.3899249800840066
325.35385421234463,2.39901905160555
326.76806752049964,2.4053656445076808
328.18228086195313,2.4093238501062855
329.59649422183327,2.4109934997418634
331.01070758918183,2.4102970813690536
332.42492095404265,2.4069876279617732
333.8391343050638,2.400593999274347
335.2533476250363,2.3902561316268542
336.5011380315668,2.3765222120031244
337.3778878303966,2.3629040043181533
337.99392893751036,2.35016306973168
338.4267851847397,2.338635190880087
338.73092806761383,2.3284227149334686
338.9446315432596,2.319502426531132
339.09478849899307,2.311787207737525
339.20029500518274,2.3051613874187415
339.27442823325185,2.2995007754198262
339.3265172805931,2.2946836843164062
339.36311716222315,2.2905966351533404
339.38883370655054,2.2871369457320756
339.4069031617338,2.2842135197004225
339.4195994514124,2.2817466293745823
339.42852032965965,2.279667168391015
339.43478844544904,2.2779156577626094
339.4391926189758,2.2764411714079205
339.44228710831885,2.2752002754263114
339.44446135835125,2.2741560315640523
339.44598900923785,2.273277088766174
339.44706233184206,2.2725368707196116
339.44781642345947,2.271912857767547
339.4483462087123,2.2713859556677747
339.4487183846153,2.2709399403472474
339.4489798172381,2.2705622188060293
339.44915870311115,2.2702473759109907
339.449281081815,2.2699856998194683
339.44936477684803,2.2697678666145262
339.4494219888013,2.269586104848993
339.44946106878257,2.269433917923876
339.4494877322421,2.2693058396162122
339.44950588945153,2.26919721537468
339.44951821362787,2.2691040678553156
339.4495265329269,2.2690229829203785
339.44953210595935,2.2689498392466287
339.4495368616871,2.268854432645334
339.4495375772527,2.268768526102624
339.4495377196635,2.268752747875912
339.4495362617245,2.2686751354797146
339.449533285679,2.2686080383812763
339.449514397197,2.2684019884208224
339.44929095499276,2.2675727868227784
339.4489758605112,2.26696332324642
339.44715703078384,2.265045237481238
339.4446003889807,2.2633983273926344
339.43722754161996,2.260263831214986
339.39470637959573,2.25066467329015
339.33340064848403,2.2422344936699137
339.15662437956183,2.2261064102946038
337.74241169916957,2.161861730657953
336.3281984951948,2.1218648539985856
334.9139851591114,2.0899172415339695
333.49977176172666,2.062522549531249
332.08555832909195,2.0381860144314765
330.67134487367593,2.0160970007545123
329.25713140240754,1.9957544756955383
327.8429179195362,1.976821554125086
326.428704427861,1.959057845299053
325.0144909293311,1.9422839518820876
323.6002774253676,1.9263611378096173
322.18606391704964,1.9111788793642552
320.77185040522744,1.8966468309391944
319.35763689059513,1.88268941741413
317.9434233737389,1.86924207172915
316.5292098551697,1.856248550700134
315.1149963353465,1.8436589865415358
313.70078281469256,1.831428457754492
312.28656929366576,1.819515934573671
311.71443342818793,1.814778217292121
310.30021990714386,1.8032489225045705
308.88600638658164,1.7919506396249196
307.47179286687873,1.7808508185108192
306.05757934848566,1.7699185152882357
305.1877119606871,1.7632645005651346
303.77349844510553,1.752540594379413
302.35928493189,1.7419086326512805
300.94507142154885,1.731340804777515
299.5308579146659,1.7208092242195774
298.1166444119316,1.7102853214546148
296.70243091418763,1.6997390445803577
295.2882174224919,1.6891377718860738
293.8740039382177,1.6784447753958904
292.45979046321037,1.6676169499072917
291.0455770000487,1.6566012717371037
289.63136355250464,1.6453289088236926
288.2171501264056,1.6337046062548675
286.8029367313471,1.6215854351356356
285.38872338569433,1.6087314008242162
284.1397275746888,1.596395097752751
283.26213085305136,1.5867644613019256
283.097490251921,1.5848158023785819
282.6642158506074,1.579357428064275
282.3597791587084,1.575104243299659
282.1458692442616,1.5717718899715316
281.99556723994624,1.5691466407967711
281.88995882076523,1.567067131207769
281.8157539888157,1.5654110279088278
281.76361463426025,1.5640852031613064
281.7269794095357,1.5630184495941202
281.70123803669617,1.5621560597886275
281.68315114112926,1.5614557846684756
281.6704426023982,1.5608848150998405
281.6615131228515,1.5604175239416482
281.6552389689195,1.5600337734959475
281.6508305583142,1.559717643383013
281.64773309747204,1.5594564711282857
281.6455567652628,1.559240125517468
281.6440276571495,1.5590604534354982
281.6429533165166,1.5589108562214176
281.6421985155656,1.5587859628679843
281.6416682380016,1.5586813756362679
281.64129572246765,1.5585934697184527
281.64103405751877,1.558519469736392
281.64085501934176,1.5584581215496665
281.64073254297176,1.5584073667043676
281.64064878764594,1.5583652891312236
281.6405915409172,1.5583303149553953
281.6405524435029,1.5583011458948086
281.6405257742515,1.5582767048194057
281.64050761862603,1.5582560916495893
281.64049529950984,1.5582385473536782
281.6404869873454,1.558223397904555
281.6404814393644,1.558209928260092
281.64047784612416,1.5581973958023847
281.64047542017926,1.5581839873368009
281.6404749433418,1.5581732237437134
281.6404748347021,1.5581708288119422
281.6404770339958,1.5581523368651955
281.6404811907636,1.558137361240187
281.6404942064763,1.5581100784593516
281.64112394585015,1.557809232238576
281.6429427522525,1.5574718342643146
281.64549939970595,1.55718321821337
281.66024525536926,1.5562799922319708
281.7027666055993,1.5550126772338442
281.94799030120447,1.5524611970400068
282.3015432025443,1.5515558146056048
283.7157559505224,1.5551033908914742
285.12996906108583,1.5632669612355554
286.5441822856525,1.5741107289225398
287.95839556494406,1.5869580250747781
289.37260887666514,1.6013685447662498
290.7868222109839,1.616974359902954
292.2010355631912,1.6334495339287534
293.6152489307502,1.650513480373617
295.0294623119602,1.6679389079242162
296.4436757053674,1.6855547225161573
297.8578891095453,1.703242825759795
299.27210252304144,1.7209311080301373
300.6863159443842,1.738585319312958
302.10052937209616,1.7562016927160422
303.51474280469427,1.7738012883526801
304.92895624066875,1.7914264347284834
306.3431696784375,1.809139411794667
307.7573831162695,1.827023579425791
309.1715965521637,1.8451874816902136
310.5858099836533,1.8637731491646914
312.00002340682784,1.8829712335674795
312.54393036989774,1.8905709565365747
313.9581437749531,1.9110825490908832
315.3723571566704,1.9330789980765917
316.7865704988788,1.9573586173565958
318.0314633009057,1.981830882908742
318.9288772961304,2.002582056487289
319.5594379170462,2.0199151429611373
320.00249616209896,2.034477331086304
320.3138073704996,2.046758140404368
320.5325475817705,2.0571406333912323
320.68624352418783,2.065932758356224
320.79423663136214,2.0733872977908483
320.87011700548777,2.0797150768311004
320.92343362190053,2.0850940956141346
320.9608959903854,2.089676174165207
320.987218492595,2.0935921196614498
321.0057136302578,2.096956110173486
321.0129944173039,2.098510952605765
321.02212540036476,2.1007601410154377
321.02854109197716,2.1026537286734497
321.03304890487215,2.104247265258939
321.03621616116874,2.1055878759713753
321.03844148520506,2.106715496387011
321.040004967126,2.107663936329141
321.04110340990894,2.1084617966478247
321.0418750953798,2.1091332587417044
321.04241718581926,2.109698764069831
321.04279795100797,2.110175599117243
321.043065359377,2.110578400317209
321.04325311437634,2.110919593327373
321.04338489460804,2.111209779694369
321.0434773420382,2.111457068348443
321.04354046264046,2.1116654665788284
321.04358350184384,2.111841329597464
321.0436127798698,2.1119910111986737
321.04363261946617,2.1121198879844094
321.0436459830393,2.112233517309913
321.043654868737,2.112340908819232
321.0436608002017,2.1124605302706496
321.04366246797053,2.1125646940446527
321.043662523264,2.11256824463213
321.0436617412998,2.1126398019566426
321.04364084508666,2.1129450962417615
321.043577027601,2.1133175140078033
321.0420504709782,2.1158491495935454
321.03323791075053,2.1209692893841896
321.0078233752147,2.1282959710889453
320.97118072676056,2.135146674701866
320.8655201479519,2.1486857672073953
320.7511360371435,2.1596943304513476
320.3118692245811,2.1919576089445894
320.0032217265745,2.211908495805014
319.78635315372696,2.2262603688003226
319.63397236004755,2.237170243921876
319.52690339976056,2.245707199054669
319.45167243787444,2.2525070523346042
319.3988121892044,2.2579882241545324
319.3616705409118,2.2624440730163844
319.33557343919045,2.266089225904656
319.3172366978067,2.2690855094158766
319.30435270990466,2.2715576654500245
319.29530005430496,2.2736034672167236
319.28893945267924,2.2753005433288314
319.2844704004947,2.2767111559031257
319.28133042990476,2.2778856482325245
319.27912432764117,2.278864994457848
319.27757440055194,2.2796827239540427
319.2764855301052,2.2803663987610303
319.27572061825055,2.280938764457515
319.27518333469783,2.281418658038751
319.27480599450064,2.281821732411201
319.2745410404412,2.2821610412721833
319.2743550583584,2.2824475177632717
319.27422457232825,2.2826903741127866
319.2741330924824,2.2828974425403703
319.27406902540247,2.2830746075024084
319.2740254102681,2.2832251144684284
319.27399580828217,2.2833539538106775
319.27397586291005,2.2834672694088374
319.2739621177185,2.283572034958253
319.2739521300991,2.2836930444144334
319.2739486662863,2.283823600371177
319.27394955819284,2.283903130487435
319.2739546824628,2.2839934138048674
319.2739718959148,2.284152675429228
319.2739978344106,2.2843013130154333
319.27461006909147,2.285563899251648
319.2754957771222,2.2864783063202867
319.2806079866793,2.289288596663072
319.2879803440505,2.291704028668529
319.33050066870237,2.2993180793353063
319.4531116408162,2.3105698938776698
319.8066638899735,2.3278146556440173
321.22087606403363,2.3603375860778804
322.63508900013886,2.3783622801866993
324.04930215530493,2.3907435192403765
325.4635154115229,2.399602665626355
326.8777287229564,2.4057554436953774
328.29194206629677,2.4095351612785816
329.7061554271203,2.411026191502473
331.12036879463466,2.4101383437034087
332.53458215886394,2.4066101585329998
333.9487955082328,2.39994831930686
335.36300882463973,2.3892494364598633
336.5781903029416,2.3754833646621862
337.4320277011997,2.361911440474179
338.03196959480005,2.349253660568456
338.4535138594914,2.337822998374678
338.7497084690766,2.3277093767170127
338.9578271546126,2.3188830624875925
339.1040600026304,2.31125380985395
339.2068092661937,2.304704755020048
339.2790051399789,2.299111597027048
339.32973292096574,2.294353115994504
339.36537631977717,2.2903165824543095
339.39042079917124,2.28690017309268
339.4080180333529,2.284013661760101
339.4203825207554,2.2815781490003735
339.42907026081,2.2795252882071235
339.43517456392755,2.277796281027797
339.43946363579846,2.2763408013840642
339.4424772498854,2.2751159382944346
339.44459467356205,2.27408520546389
339.44608239585375,2.2732176400438897
339.4471276629315,2.272486997592135
339.4478620415284,2.271871041120267
339.448377975541,2.271350916409413
339.4487404189125,2.2709106026444363
339.4489950129634,2.2705376680611886
339.44916921729373,2.2702267520128823
339.44928839100066,2.269968265726381
339.44936989171265,2.2697529966725156
339.4494256010591,2.269573261801013
339.4494636517207,2.2694226274358362
339.4494896093681,2.2692956570661407
339.4495072812042,2.2691877435729406
339.44951927159804,2.2690951355425364
339.44952737170337,2.2690142235728508
339.44953280880105,2.268937699658345
339.4495364611757,2.268849742265037
339.44953758617214,2.2687685261530928
339.4495377265088,2.2687535318941565
339.44953627733685,2.2686755799069056
339.4495333029936,2.268608337730533
339.44951441510375,2.268402129424336
339.44929097308835,2.267572830657053
339.448975878623,2.266963352401856
339.4471570489055,2.265045251696834
339.4446004071043,2.263398337299419
339.4372275597444,2.260263837525523
339.39470639772054,2.2506646763296896
339.3334006666089,2.242234495786122
339.15662439768676,2.226106411656244
337.7424117172945,2.1618617312549544
336.3281985133197,2.121864854448133
334.9139851772363,2.0899172419098946
333.4997717798516,2.0625225498605273
332.0855583472169,2.038186014727674
330.67134489180086,2.016097001025568
329.25713142053246,1.9957544759466177
327.8429179376611,1.97682155435981
326.42870444598594,1.959057845520031
325.014490947456,1.9422839520913533
323.60027744349253,1.926361138008736
322.18606393517456,1.9111788795544975
320.77185042335236,1.8966468311215934
319.35763690872005,1.8826894175896383
317.9434233918638,1.8692420718984732
316.52920987329463,1.8562485508639734
315.11499635347144,1.843658986700491
313.7007828328175,1.831428457909128
312.2865693117907,1.8195159347245329
311.714433404166,1.8147782170941296
310.30021988312194,1.803248922310801
308.8860063625597,1.7919506394347873
307.4717928428568,1.7808508183237741
306.0575793244637,1.7699185142407812
305.1348372417841,1.7628615696816117
303.7206237262825,1.752141605010799
302.3064102131649,1.7415125404653162
300.892196702942,1.7309465718310681
299.47798319620097,1.7204157989389093
298.063769693637,1.7098916126702952
296.64955619609856,1.6993438868061035
295.23534270465325,1.6887398772493127
293.8211292206887,1.6780426642970978
292.4069157460722,1.6672088460008596
290.9927022834171,1.6561849333793028
289.5784888365532,1.6449013387881077
288.1642754114106,1.6332615051047146
286.75006201777785,1.6211200383068936
285.3358486747655,1.608231550861083
284.1179074620101,1.5961676612732454
283.2621309996325,1.5867644620705152
283.06126192064215,1.58437900537978
282.63876030830784,1.5790179045768098
282.3418930297011,1.5748388754349392
282.13330170245933,1.5715633401877867
281.9867367605542,1.568981843812775
281.8837541581425,1.5669361997737983
281.8113943351754,1.5653064491985877
281.7605513613084,1.5640012442005267
281.72482702802637,1.562950715427211
281.69972568571984,1.5621011642995215
281.68208850245287,1.5614111049061892
281.6696959504511,1.5608483076400348
281.6609884964415,1.5603875873681716
281.65487034697514,1.5600091451752638
281.6505715516659,1.5596973217406163
281.64755111114937,1.5594396569000522
281.64542889668087,1.559226177133749
281.64393781400355,1.5590488529474356
281.64289019169587,1.558901183106021
281.64215416424537,1.5587778737267561
281.6416370778524,1.5586745882935107
281.6412738311739,1.558587750575445
281.6410186791446,1.5585146234720595
281.6408440998431,1.558453963813861
281.6407246764086,1.55840373970879
281.6406430118543,1.5583620555940179
281.6405871976646,1.558327351738774
281.6405490828382,1.5582983372317232
281.6405230892653,1.5582739332775895
281.6405054012916,1.558253233140015
281.64049340923793,1.55823548993868
281.64048532147393,1.5582199893895219
281.6404799151211,1.5582054727000467
281.64047636360823,1.558189523879142
281.64047501425244,1.5581732242423305
281.64047486703726,1.558170568875076
281.64047631628773,1.5581553712158644
281.64048240651584,1.5581336466765234
281.6404914358045,1.5581147055869606
281.64051785205737,1.5580787494546817
281.6417808517833,1.5576594865140088
281.6716727145528,1.5558413541663019
281.84844862479883,1.55311836620964
283.2626609717944,1.553271777249265
284.6768740153807,1.560312979939467
286.09108721316096,1.570393651126187
287.5053004783202,1.582652720223373
288.91951378110247,1.5966047424224727
290.33372710885743,1.6118650296950743
291.74794045567705,1.6280945744393975
293.16215381852606,1.6449973058935798
294.57636719552573,1.6623282254660705
295.990580585083,1.6798983216522188
297.2254743415771,1.6953296209161755
298.0931624830282,1.7061868447294684
298.7028365586029,1.71381393968251
299.1312191309152,1.719170231922346
299.4244711660562,1.7228351256682215
299.6252187259012,1.7253430122034605
299.76264175436035,1.7270593393737979
299.8567155690632,1.7282340402757204
299.9211144017098,1.729038084149992
299.96519903523887,1.7295884479720944
299.9953774535952,1.729965179662377
299.98585786579036,1.7298463441860716
300.0,1.7300228835611149
300.0,1.7300228835611149
300.0141421342103,1.7301994187696756
300.00462254640485,1.7300805868297011
300.03480096476545,1.7304572939188658
300.07888559831247,1.731007553344312
300.14328443101033,1.7318112993472061
300.2373582458415,1.7329852557433547
300.3747812746019,1.7346998395398534
300.57552883513006,1.7372038017590088
300.8687808717875,1.7408601284946117
301.2971634474207,1.74619836652335
301.90683752998143,1.7537906360253515
302.77452568593634,1.764589403281981
304.00941947223475,1.7799607040131094
305.4236329089935,1.7976084616883066
306.8378463469854,1.8153706721810141
308.2520597843486,1.8333388584623809
309.6662732189299,1.8516320599512588
311.0804866479959,1.870407117085461
312.000023443379,1.8829712340716094
313.41423685376225,1.9030487179495785
314.8284502445569,1.9244027561198973
316.24266360175227,1.9476765636854745
317.6568768976536,1.9740531964319166
319.07109005895967,2.0062384454282536
320.48530274413554,2.0547265088329802
320.8388554240889,2.0769610495928057
320.9614669731546,2.089753607746075
321.0039882418078,2.09661075085957
321.0057135879368,2.096956109380272
321.02616924514274,2.101913041302642
321.0407245015165,2.1081698481521602
321.043247263315,2.1109073995496486
321.0434654660179,2.1114228612959387
321.04361969178063,2.112032381661571
321.0436464817338,2.1122414154926856
321.0436555019136,2.112350666809765
321.0436612324484,2.1124730756168986
321.0436622977137,2.1125463834239246
321.04366206246465,2.112564697167902
321.0436596208156,2.112696000968734
321.04365177162543,2.112833451002399
321.04364027584387,2.1129465509995335
321.0436238719844,2.113070625248546
321.04359953319806,2.1132115596988776
321.0435636910211,2.1133753788895255
321.04351107326755,2.113568731886571
321.043433964736,2.113798712074672
321.04332108557026,2.1140724295430244
321.0431602267205,2.114394382744414
321.0429310860736,2.114773828364353
321.0426047756408,2.11522287178336
321.04214017812325,2.1157558225845046
321.04147877369513,2.1163896960998896
321.04053727576877,2.117144807134693
321.0391971500335,2.1180454847052075
321.0372896978361,2.119120944412399
321.03457482677203,2.1204063650711458
321.0307108369386,2.1219442320845108
321.0252114206954,2.123786034471084
321.01738446469915,2.1259944407173537
321.00624495294477,2.1286461402189163
320.9903910103696,2.1318356401936818
320.9678274881216,2.1356804882134606
320.93571489015443,2.1403287222901892
320.8900120456614,2.1459699992462515
320.86552039617925,2.148685769325455
320.7729489850477,2.1577539290213403
320.6412010721974,2.1687403290837417
320.45369722527005,2.1824114053409485
320.18684159845304,2.200093046550715
319.80705275292206,2.2248477591123326
319.2802128674462,2.2783607420933842
319.2747806402412,2.2818517065795207
319.27432219809447,2.2825039615470537
319.27399780198306,2.2833453191084367
319.27397037949885,2.2835048030600174
319.2739523414152,2.2836889500227264
319.27394850117804,2.2838236024817826
319.2739547242731,2.283994581071919
319.27396991070515,2.2841383690232435
319.27399032119666,2.2842630122114
319.27401976075373,2.284396808448623
319.27406205743705,2.284546788342353
319.27412260005354,2.28471855234411
319.27420907519974,2.2849178209381837
319.274332434544,2.285150911437
319.2745082721221,2.285425043493847
319.27475878623227,2.2857486018069118
319.2751155726711,2.2861314000899036
319.2756236006898,2.2865849662878426
319.2763468719469,2.2871228604699123
319.27737647455814,2.2877610328748705
319.278842045766,2.288518227325209
319.28092808570415,2.2894164331571965
319.2838971752098,2.2904813863690157
319.288123019455,2.2917431173347422
319.29413747566997,2.293236537804796
319.302697483017,2.295002053456403
319.3148803171982,2.2970861795768833
319.33221915682003,2.2995421257275286
319.35689602144834,2.3024302995651027
319.3920163610504,2.3058186585186724
319.44199985169263,2.3097828072751283
319.5131365759806,2.3144056917072584
319.6143785790677,2.319776660298764
319.75846641117465,2.325989518043155
319.96353242291326,2.333138908672194
320.25538257520174,2.341313751725207
320.670743911141,2.350585091758947
321.2469333426832,2.3607485179342476
322.04622349596093,2.3717589023499466
323.15499896019503,2.3834108234829183
324.56921216698845,2.394351475736026
325.98342545078657,2.4021546187569616
327.3976387774112,2.407412146185276
328.8118521291314,2.410350640758417
330.2260654936742,2.410986169541962
331.6402788608824,2.409168227647686
333.0544922202745,2.40456138182037
334.46870555802667,2.396552350714825
335.8829188506154,2.38398989922365
337.29713204430107,2.3643463218398875
338.7113449345955,2.3291544238595483
339.4184504785379,2.2819897792512878
339.44761802232097,2.2720889324194333
339.4488507484368,2.2707571667658732
339.4492778485634,2.2699927586033244
339.44942950830523,2.2695584936882414
339.4495363551201,2.2688630715299536
339.44953827378356,2.26878388649588
339.4495377915449,2.268747710409103
339.4495362903804,2.2686814225456824
339.4495331882004,2.2686071983274716
339.4495282061017,2.268533519986894
339.4495207196091,2.2684548975898657
339.4495096161956,2.2683654042673824
339.4494932406418,2.268261202676114
339.4494691767362,2.268138533589981
339.449433892166,2.267992935671187
339.449382223308,2.2678191228366655
339.4493066248159,2.2676108102600967
339.44919607300716,2.2673604681688233
339.44903446352987,2.2670590345991637
339.44879826806704,2.2666969996044832
339.44846200963485,2.266268900011754
339.44798334212726,2.2657622666352513
339.4473020013542,2.2651609626104046
339.4463322178772,2.2644458236406306
339.44495192405583,2.263594002358664
339.44298739283306,2.262578186532938
339.4401913755938,2.26136565768459
339.43621198792556,2.2599171500926287
339.4305484278066,2.2581854615859616
339.4224879537147,2.256113756369121
339.41101619185895,2.2536334860703944
339.39468948542424,2.250661838275565
339.3714532220106,2.24709860203774
339.338383277241,2.242822318270198
339.29131803730155,2.2376855617772984
339.22433469341894,2.231509185848199
339.12900390415973,2.224075358753375
338.9933290308144,2.215119249797932
338.8002364571956,2.2043193054824863
338.5254270127765,2.191286229800398
338.1343181181031,2.175551091647047
337.57769184615097,2.1565534666224773
336.7855012432586,2.133631176236043
335.6580554851001,2.1060138858382427
334.243842111551,2.076483349240938
332.829628693367,2.050668673775098
331.4154152480036,2.027474356524084
330.00120178401744,2.006263185882094
328.58698830661103,1.9866236168506775
327.17277481915215,1.9682703684772291
325.75856132394307,1.9509952084263904
324.34434782263276,1.9346399482731855
322.9301343164518,1.919080446685384
321.5159208063537,1.9042165524683103
320.1017072931037,1.8899654756581632
318.6874937773376,1.8762572504070993
317.27328025960105,1.8630315373728341
315.8590667403771,1.850235321496154
314.4448532201053,1.8378212312369002
313.0306396991959,1.825746302279959
312.2865688048215,1.8195159321035344
310.87235528374697,1.8078835017089525
309.4581417629454,1.79649578225964
308.043928242851,1.7853194820049887
306.6297147238458,1.774323044150209
306.0575792811076,1.769918513382332
304.64336576436955,1.7591240838299247
303.22915224965067,1.7484388763739405
301.8149387374894,1.7378348851059275
300.4007252284212,1.727284332589766
298.9865117230685,1.716759150161903
297.57229822217647,1.7062303054681895
296.1580847266655,1.6956669062266196
294.7438712377084,1.6850349640651114
293.3296577568514,1.674295618970938
291.91544428621063,1.6634024632282656
290.5012308288118,1.6522972699595837
289.0870173892204,1.6409026823115185
287.6728039748237,1.6291085439884285
286.2585905987894,1.6167431100490826
284.8443772882787,1.6035008230208845
283.43016411553594,1.588698281652095
283.26213138240286,1.5867644636383988
281.84791901456816,1.566155075896864
281.67114306932655,1.560918708912697
281.6412512520684,1.5585817716830015
281.6406350984747,1.5583574173884753
281.6405287596758,1.5582797181939354
281.6404913984115,1.5582318143997167
281.6404785807136,1.5582028152777037
281.6404746861906,1.55818054184572
281.6404748550593,1.5581732231217371
281.6404763004825,1.5581573539103115
281.6404796505496,1.5581419839383184
281.6404848985942,1.5581275812513193
281.64049277131596,1.558112293605363
281.64050445183136,1.5580948902864884
281.64052168540184,1.5580746579984237
281.64054701598104,1.5580508893617242
281.6405841629421,1.5580227414643109
281.64063856372286,1.5579892251184146
281.64071816390555,1.5579491772183123
281.64083457197853,1.5579012213885841
281.6410047466778,1.5578437255823379
281.64125346469467,1.5577750342227823
281.6416075546954,1.557694298765128
281.6421116095313,1.5575994478891828
281.64282909071466,1.5574878486109638
281.6438503182497,1.5573564976194718
281.6453038362018,1.5572019877048857
281.6473725889199,1.557020490262321
281.6503169431035,1.5568077651233054
281.6545074528514,1.5565592155857315
281.6604714909078,1.556270016451412
281.66895961427156,1.5559353577794848
281.68104001574414,1.5555508696840286
281.6982329473822,1.555113328216446
281.7227020319613,1.554621796244855
281.7575265374556,1.5540794380040144
281.8070888780795,1.5534963815662977
281.87762610577187,1.5528942246001605
281.9780147928736,1.5523131475708793
282.1208880771511,1.5518232290474017
282.3242254402623,1.551542664098782
282.6136152804479,1.5516675761426404
283.0254750059442,1.5525217532864115
283.61163387185223,1.5546412891738541
284.4458552734486,1.5589205888508855
285.6331192739161,1.5668617188692473
287.0473325253888,1.5784771182486652
288.46154581992397,1.5919259005980315
289.87575914144605,1.6068015648201803
291.28997248309474,1.622751874086115
292.70418584137093,1.6394660539263812
294.11839921422757,1.6566817398795002
295.53261260013824,1.6741916470480995
296.94682599769527,1.6918441618490156
298.36103940547673,1.709538460133778
299.7752528220285,1.7272168244715678
301.1894662458798,1.7448566193967459
302.60367967555464,1.7624634547939437
304.01789310956485,1.780066251895771
305.43210654638074,1.7977144682077881
306.8463199843745,1.8154776162805004
308.26053342172787,1.8334473640719735
309.674746856285,1.8517429407631831
311.08896028530796,1.8705214584857797
312.00002333118476,1.8829712310967746
313.41423674156874,1.9030487163125738
314.8284501323634,1.9244027543605684
316.24266348955877,1.9476765617373764
317.6568767854601,1.974053194163345
319.0710899467662,2.006238442493448
320.4853026319422,2.0547265032296904
320.83885531189577,2.0769610401193717
320.96146686096205,2.0897535925048762
321.00398812961646,2.096610728657392
321.0057135879159,2.096956109412994
321.0261692451223,2.1019130412947655
321.040724501496,2.108169848137271
321.0432472632945,2.1109073995090006
321.04346546599743,2.111422861238784
321.0436196917605,2.112032381528211
321.0436464817142,2.1122414152884366
321.0436555018958,2.112350666465244
321.0436612324367,2.1124730750014393
321.0436622977007,2.1125463829473397
321.0436620624539,2.1125646971688523
321.04365962100877,2.1126959955802134
321.0436517718374,2.112833448112335
321.0436402760515,2.112946549188233
321.0436238721947,2.113070623916225
321.0435995334096,2.1132115586297546
321.04356369123366,2.1133753780219022
321.0435110734809,2.1135687311964095
321.0434339649497,2.1137987114996286
321.04332108578427,2.1140724290667685
321.04316022693473,2.1143943823549654
321.042931086288,2.1147738280420203
321.04260477585524,2.1152228715114187
321.0421401783377,2.115755822359633
321.04147877390966,2.116389695911129
321.04053727598335,2.1171448069765435
321.03919715024807,2.118045484573692
321.0372896980507,2.119120944301098
321.03457482698667,2.1204063649773985
321.03071083715326,2.1219442320057014
321.02521142091007,2.1237860344048447
321.0173844649138,2.125994440661648
321.0062449531594,2.1286461401719703
320.99039101058423,2.13183564015364
320.96782748833624,2.1356804881795846
320.93571489036907,2.1403287222614047
320.89001204587606,2.1459699992216006
320.8655203963939,2.1486857693022836
320.77294898526236,2.1577539290018506
320.64120107241206,2.1687403290670852
320.4536972254847,2.1824114053261128
320.1868415986677,2.2000930465369466
319.8070527531367,2.2248477590977354
319.28021286766085,2.278360741998668
319.2747806404558,2.2818517063252672
319.27432219830877,2.2825039611670968
319.27399780219446,2.2833453180840646
319.27397037970616,2.283504801551803
319.2739523415934,2.2836889470067043
319.27394850128866,2.2838236024799157
319.27395472430965,2.2839945813386455
319.27396991079956,2.2841383697183577
319.2739903212946,2.2842630127320946
319.2740197608527,2.2843968088478577
319.2740620575367,2.2845467886561073
319.27412260015353,2.2847185526000278
319.27420907529995,2.2849178211464314
319.2743324346444,2.2851509116101916
319.2745082722226,2.2854250436361356
319.2747587863328,2.2857486019254303
319.2751155727717,2.286131400189243
319.2756236007905,2.2865849663690856
319.27634687204755,2.287122860538809
319.2773764746588,2.2877610329318685
319.27884204586667,2.288518227372517
319.2809280858048,2.2894164331970535
319.2838971753105,2.2904813864018596
319.2881230195557,2.2917431173626164
319.2941374757707,2.2932365378277
319.30269748311775,2.295002053475431
319.3148803172989,2.297086179592786
319.33221915692076,2.299542125740557
319.35689602154906,2.302430299575848
319.39201636115115,2.305818658527526
319.44199985179335,2.309782807282419
319.5131365760813,2.3144056917131675
319.61437857916843,2.319776660303557
319.7584664112754,2.325989518047102
319.963532423014,2.3331389086753704
320.25538257530246,2.341313751727739
320.67074391124174,2.3505850917609337
321.2469333427839,2.360748517935826
322.04622349606166,2.3717589023511665
323.15499896029576,2.383410823483839
324.5692121670892,2.394351475736685
325.9834254508873,2.4021546187574243
327.39763877751193,2.4074121461855658
328.81185212923214,2.4103506407585322
330.2260654937749,2.410986169541901
331.64027886098313,2.4091682276474438
333.0544922203752,2.404561381819928
334.4687055581274,2.3965523507141313
335.8829188507161,2.3839898992225494
337.2971320444018,2.364346321838111
338.7113449346962,2.3291544238557664
339.41845047863865,2.2819897792302335
339.4476180224217,2.2720889323322457
339.44885074853755,2.2707571666227286
339.449277848664,2.269992758370881
339.44942950840556,2.269558493311598
339.4495363552145,2.26886306902975
339.44953827386144,2.26878388143022
339.44953779152894,2.2687477020549514
339.4495362902344,2.2686814177260834
339.44953318807217,2.26860719621823
339.44952820597894,2.268533518546195
339.4495207194849,2.2684548964675795
339.44950961607026,2.2683654033653133
339.4494932405155,2.268261201969275
339.44946917660957,2.268138532993073
339.4494338920388,2.2679929352104704
339.44938222318063,2.267819122463062
339.44930662468846,2.2676108099269654
339.4491960728796,2.267360467906298
339.44903446340226,2.2670590343872954
339.44879826793937,2.2666969994247643
339.4484620095072,2.2662688998623066
339.4479833419996,2.2657622665118877
339.44730200122655,2.265160962508669
339.44633221774956,2.2644458235537233
339.44495192392816,2.2635940022869705
339.4429873927054,2.2625781864733048
339.44019137546616,2.261365657633722
339.4362119877979,2.2599171500493944
339.43054842767896,2.2581854615499504
339.42248795358705,2.2561137563387827
339.4110161917313,2.253633486044652
339.39468948529657,2.2506618382537957
339.3714532218829,2.247098602020113
339.33838327711334,2.2428223182548432
339.2913180371739,2.2376855617643976
339.22433469329127,2.2315091858376075
339.12900390403206,2.2240753587441335
338.9933290306867,2.2151192497902557
338.8002364570679,2.2043193054759445
338.52542701264883,2.1912862297948466
338.13431811797545,2.1755510916423857
337.5776918460233,2.1565534666184756
336.7855012431309,2.1336311762326323
335.6580554849724,2.1060138858353348
334.2438421114233,2.0764833492384662
332.82962869323933,2.05066867377289
331.41541524787596,2.0274743565220543
330.00120178388977,2.0062631858802473
328.58698830648336,1.986623616848965
327.1727748190245,1.9682703684756082
325.7585613238154,1.9509952084248856
324.3443478225051,1.9346399482717525
322.93013431632414,1.9190804466840123
321.515920806226,1.9042165524669925
320.101707292976,1.889965475656917
318.6874937772099,1.8762572504058763
317.2732802594734,1.8630315373716644
315.85906674024943,1.8502353214950145
314.44485321997763,1.8378212312357798
313.0306396990682,1.8257463022788818
312.28656880469384,1.819515932102473
310.8723552836193,1.8078835017079204
309.4581417628177,1.7964957822586265
308.0439282427233,1.7853194820039944
306.6297147237181,1.7743230441492308
306.05757928097995,1.7699185133813482
304.6433657642419,1.759124083828945
303.229152249523,1.748438876372982
301.81493873736173,1.737834885104966
300.40072522829354,1.7272843325888152
298.9865117229408,1.7167591501609423
297.5722982220488,1.7062303054672308
296.1580847265378,1.695666906225669
294.7438712375807,1.6850349640641515
293.32965775672375,1.6742956189699663
291.91544428608296,1.6634024632272733
290.50123082868413,1.6522972699585732
289.08701738909275,1.6409026823104573
287.672803974696,1.6291085439873494
286.2585905986617,1.6167431100479301
284.844377288151,1.6035008230196417
283.4301641154083,1.588698281650656
283.2621313822752,1.5867644636369156
281.8479190144405,1.5661550758940144
281.6711430691989,1.5609187089065508
281.64125125194073,1.558581771649017
281.64063509834716,1.5583574173145311
281.64052875954883,1.5582797180682348
281.6404913982867,1.5582318141751204
281.6404785805954,1.558202814891828
281.6404746860994,1.558180541097653
281.64047485501777,1.5581732231213505
281.6404763004973,1.5581573539102904
281.6404796505264,1.5581419840057176
281.6404848985724,1.5581275812872515
281.64049277129493,1.558112293640679
281.64050445181,1.5580948903160534
281.64052168538024,1.5580746580209381
281.6405470159594,1.5580508893806713
281.64058416292033,1.5580227414786472
281.64063856370103,1.5579892251302256
281.64071816388366,1.5579491772280964
281.64083457195665,1.5579012213971115
281.64100474665594,1.557843725588934
281.6412534646728,1.557775034228273
281.64160755467344,1.5576942987696358
281.64211160950936,1.5575994478930446
281.6428290906927,1.557487848614079
281.64385031822775,1.557356497622039
281.64530383617983,1.5572019877069874
281.64737258889795,1.5570204902640485
281.6503169430816,1.5568077651247798
281.6545074528295,1.556559215586915
281.66047149088587,1.5562700164523613
281.6689596142496,1.555935357780256
281.6810400157222,1.5555508696846636
281.6982329473603,1.5551133282169616
281.7227020319394,1.5546217962452435
281.75752653743365,1.554079438004308
281.8070888780576,1.5534963815665166
281.8776261057499,1.552894224600317
281.97801479285164,1.5523131475709784
282.12088807712917,1.55182322904745
282.32422544024035,1.5515426640987924
282.61361528042596,1.551667576142615
283.02547500592226,1.5525217532863487
283.6116338718303,1.5546412891737584
284.4458552734267,1.5589205888507645
285.6331192738942,1.5668617188690808
287.04733252536687,1.5784771182484718
288.461545819902,1.5919259005978041
289.8757591414241,1.606801564819953
291.2899724830728,1.6227518740858564
292.704185841349,1.6394660539261077
294.1183992142056,1.6566817398792266
295.5326126001163,1.6741916470478335
296.94682599767333,1.6918441618487308
298.3610394054548,1.7095384601334995
299.77525282200656,1.7272168244712964
301.1894662458579,1.7448566193964719
302.6036796755327,1.7624634547936635
304.0178931095429,1.7800662518955082
305.4321065463588,1.7977144682075064
306.84631998435253,1.8154776162802193
308.26053342170593,1.8334473640716884
309.6747468562631,1.8517429407629062
311.088960285286,1.8705214584854764
312.0000233311628,1.8829712310964655
313.4142367415468,1.903048716312243
314.82845013234146,1.9244027543602307
316.2426634895368,1.9476765617369893
317.65687678543816,1.9740531941628885
319.0710899467443,2.0062384424928554
320.48530263192026,2.054726503228574
320.83885531187383,2.076961040117604
320.9614668609401,2.08975359250179
321.0039881295945,2.096610728653081
321.005713587894,2.0969561094085334
321.02616924510033,2.1019130412882276
321.0407245014741,2.108169848120655
321.04324726327263,2.110907399466304
321.0434654659756,2.1114228611762265
321.0436196917389,2.112032381404264
321.04364648169314,2.1122414150759883
321.04365550187526,2.1123506662213263
321.0436612324199,2.1124730745684506
321.0436622977084,2.112546381814373
321.04366206245857,2.1125646971666585
321.0436596208146,2.11269600101429
321.0436517716263,2.1128334512004536
321.0436402758385,2.1129465510424095
321.04362387198006,2.1130706252962415
321.04359953319323,2.1132115597068895
321.0435636910164,2.113375378896669
321.043511073263,2.1135687319207985
321.0434339647313,2.1137987120945887
321.04332108556554,2.1140724295510394
321.04316022671577,2.114394382753627
321.0429310860689,2.1147738283735977
321.0426047756361,2.115222871789368
321.04214017811853,2.1157558225892625
321.0414787736904,2.1163896961044477
321.04053727576405,2.11714480713854
321.03919715002877,2.1180454847080616
321.0372896978314,2.1191209444145302
321.0345748267673,2.1204063650732565
321.0307108369339,2.121944232085874
321.0252114206907,2.123786034472446
321.01738446469443,2.125994440718592
321.00624495294005,2.1286461402201757
320.9903910103649,2.131835640194403
320.9678274881169,2.1356804882142315
320.9357148901497,2.1403287222907172
320.8900120456567,2.145969999246817
320.86552039617453,2.148685769325784
320.772948985043,2.157753929021788
320.6412010721927,2.168740329084124
320.45369722526533,2.1824114053412464
320.1868415984483,2.2000930465510318
319.80705275291734,2.224847759112645
319.2802128674415,2.278360742095307
319.2747806402365,2.2818517065853055
319.27432219808975,2.282503961553318
319.27399780197845,2.2833453191320583
319.2739703794943,2.2835048030895138
319.2739523414114,2.2836889500909656
319.2739485011735,2.2838236024811187
319.2739547242883,2.283994581000118
319.27396991069367,2.284138368978824
319.2739903211881,2.284263012167388
319.27401976074486,2.2843968084148703
319.27406205742824,2.284546788311304
319.2741226000447,2.284718552319644
319.2742090751908,2.284917820918822
319.2743324345351,2.2851509114208066
319.2745082721131,2.2854250434801173
319.27475878622323,2.2857486017964694
319.27511557266206,2.2861314000808433
319.2756236006808,2.286584966280664
319.27634687193785,2.2871228604635165
319.2773764745491,2.28776103286875
319.27884204575696,2.2885182273208784
319.2809280856951,2.2894164331535185
319.28389717520076,2.290481386366041
319.28812301944595,2.2917431173324374
319.29413747566093,2.29323653780253
319.302697483008,2.2950020534547226
319.31488031718914,2.2970861795753925
319.332219156811,2.299542125726285
319.3568960214393,2.3024302995641026
319.3920163610414,2.305818658517845
319.4419998516836,2.309782807274527
319.51313657597154,2.314405691706678
319.61437857905867,2.319776660298327
319.7584664111656,2.325989518042836
319.9635324229042,2.333138908671903
320.2553825751927,2.3413137517249982
320.670743911132,2.350585091758736
321.24693334267414,2.360748517934106
322.0462234959519,2.371758902349845
323.154998960186,2.383410823482836
324.5692121669794,2.394351475735957
325.98342545077753,2.402154618756911
327.39763877740216,2.4074121461852536
328.81185212912237,2.410350640758399
330.22606549366515,2.4109861695419665
331.64027886087337,2.4091682276477218
333.05449222026544,2.404561381820404
334.46870555801763,2.3965523507149027
335.88291885060636,2.383989899223716
337.297132044292,2.364346321840026
338.71134493458646,2.3291544238599258
339.4184504785289,2.2819897792530934
339.44761802231193,2.2720889324255626
339.4488507484278,2.2707571667788216
339.44927784855435,2.269992758629141
339.4494295082962,2.2695584937155324
339.4495363551118,2.268863071825898
339.44953827377566,2.268783886827283
339.44953779152826,2.2687477102805422
339.4495362903721,2.268681422189432
339.44953318818756,2.268607197880871
339.4495282060846,2.2685335197411747
339.4495207195923,2.2684548974206065
339.44950961617843,2.2683654041557113
339.44949324062463,2.26826120257696
339.449469176719,2.2681385334975115
339.44943389214853,2.267992935628345
339.4493822232906,2.267819122786102
339.4493066247985,2.2676108102070276
339.4491960729897,2.2673604681369994
339.4490344635124,2.2670590345754147
339.4487982680496,2.2666969995782207
339.4484620096174,2.2662688999896803
339.4479833421098,2.2657622666195785
339.44730200133677,2.265160962597352
339.4463322178598,2.264445823627271
339.4449519240384,2.263594002349506
339.4429873928156,2.2625781865248205
339.4401913755764,2.261365657678103
339.4362119879081,2.2599171500858564
339.4305484277892,2.2581854615813057
339.42248795369727,2.2561137563649236
339.4110161918415,2.2536334860667484
339.3946894854068,2.2506618382724737
339.37145322199314,2.2470986020357095
339.33838327722356,2.242822318267936
339.2913180372841,2.237685561775523
339.2243346934015,2.2315091858468206
339.1290039041423,2.224075358752178
338.99332903079693,2.215119249796949
338.80023645717813,2.2043193054816204
338.52542701275905,2.191286229799543
338.1343181180857,2.1755510916465046
337.5776918461335,2.1565534666219053
336.78550124324113,2.1336311762356006
335.6580554850826,2.106013885837829
334.2438421115335,2.0764833492406254
332.82962869334955,2.0506686737747857
331.4154152479862,2.027474356523794
330.001201784,2.0062631858818527
328.5869883065936,1.9866236168504368
327.1727748191347,1.9682703684770073
325.7585613239256,1.9509952084261903
324.3443478226153,1.9346399482729852
322.93013431643436,1.9190804466852156
321.5159208063362,1.9042165524681176
320.10170729308624,1.889965475658003
318.6874937773201,1.8762572504069324
317.2732802595836,1.8630315373726722
315.85906674035965,1.8502353214960012
314.44485322008785,1.8378212312367272
313.03063969917844,1.8257463022798066
312.28656880480406,1.8195159321033838
310.8723552837295,1.807883501708814
309.45814176292794,1.79649578225951
308.04392824283354,1.7853194820048623
306.62971472382833,1.7743230441500781
306.05757928109017,1.769918513382191
304.6433657643521,1.7591240838297872
303.2291522496332,1.7484388763738052
301.81493873747195,1.737834885105794
300.40072522840376,1.7272843325896337
298.986511723051,1.7167591501617698
297.572298222159,1.7062303054680625
296.15808472664804,1.6956669062264949
294.74387123769094,1.685034964064986
293.32965775683397,1.6742956189708087
291.9154442861932,1.6634024632281268
290.50123082879435,1.652297269959449
289.08701738920297,1.640902682311376
287.67280397480624,1.6291085439882875
286.25859059877195,1.6167431100489236
284.8443772882612,1.6035008230207173
283.4301641155185,1.588698281651898
283.2621313823854,1.5867644636382
281.8479190145507,1.5661550758964857
281.6711430693091,1.5609187089118848
281.64125125205095,1.5585817716784203
281.64063509845727,1.558357417378522
281.6405287596585,1.5582797181769907
281.64049139839443,1.5582318143680283
281.64047858069733,1.558202815227153
281.640474686179,1.558180541728369
281.6404748550579,1.5581732231215966
281.6404763004867,1.5581573539101954
281.6404796505534,1.5581419839562192
281.6404848985952,1.5581275812534667
281.64049277131727,1.558112293602326
281.64050445183284,1.558094890285135
281.64052168540326,1.558074657996011
281.6405470159825,1.5580508893605616
281.6405841629436,1.558022741463247
281.64063856372434,1.5579892251174112
281.640718163907,1.55794917721777
281.64083457198,1.5579012213878838
281.6410047466793,1.5578437255815873
281.64125346469615,1.5577750342223555
281.64160755469686,1.557694298764802
281.6421116095328,1.557599447888956
281.64282909071613,1.5574878486107862
281.64385031825117,1.5573564976193006
281.64530383620325,1.5572019877047758
281.64737258892137,1.5570204902622151
281.650316943105,1.556807765123228
281.6545074528529,1.5565592155856218
281.6604714909093,1.5562700164513332
281.66895961427304,1.5559353577794097
281.6810400157456,1.5555508696839955
281.6982329473837,1.555113328216435
281.7227020319628,1.5546217962448254
281.75752653745707,1.5540794380040062
281.807088878081,1.5534963815662797
281.87762610577334,1.5528942246001491
281.97801479287506,1.5523131475708731
282.1208880771526,1.5518232290473999
282.3242254402638,1.5515426640987844
282.6136152804494,1.551667576142643
283.0254750059457,1.5525217532864202
283.6116338718537,1.5546412891738615
284.4458552734501,1.5589205888508983
285.6331192739176,1.5668617188692497
287.0473325253903,1.5784771182486783
288.46154581992545,1.5919259005980486
289.87575914144753,1.6068015648202045
291.2899724830962,1.6227518740861335
292.7041858413724,1.6394660539264025
294.11839921422904,1.6566817398795197
295.5326126001397,1.6741916470481262
296.94682599769675,1.6918441618490285
298.3610394054782,1.7095384601337908
299.77525282203,1.7272168244715895
301.1894662458813,1.7448566193967645
302.6036796755561,1.762463454793961
304.01789310956633,1.7800662518957988
305.4321065463822,1.7977144682078128
306.84631998437595,1.815477616280515
308.26053342172935,1.8334473640719935
309.6747468562865,1.8517429407631998
311.08896028530944,1.8705214584857905
312.00002333118624,1.8829712310967954
313.4142367415702,1.903048716312594
314.8284501323649,1.9244027543605937
316.24266348956024,1.9476765617374059
317.6568767854616,1.9740531941633488
319.0710899467677,2.0062384424934834
320.4853026319437,2.054726503229691
320.83885531189725,2.076961040119558
320.9614668609635,2.089753592504866
321.00398812961794,2.0966107286576725
321.0057135879174,2.0969561094133535
321.02616924512375,2.1019130412951177
321.0407245014975,2.1081698481377082
321.043247263296,2.1109073995124836
321.0434654659989,2.11142286124429
321.0436196917619,2.1120323815519004
321.0436464817156,2.112241415296788
321.04365550189675,2.1123506665150726
321.0436612324353,2.112473075163207
321.04366229770756,2.1125463828101303
321.0436620624585,2.1125646971679006
321.04365962100354,2.1126959955022095
321.0436517718349,2.112833447821942
321.04364027605726,2.1129465491385764
321.0436238721997,2.113070623906689
321.04359953341435,2.1132115586111007
321.0435636912385,2.1133753780008626
321.0435110734857,2.113568731177798
321.0434339649546,2.1137987114881107
321.04332108578916,2.1140724290564314
321.0431602269396,2.1143943823443387
321.04293108629287,2.1147738280330133
321.0426047758601,2.1152228715053054
321.0421401783426,2.115755822353724
321.04147877391455,2.1163896959075243
321.04053727598824,2.1171448069734167
321.03919715025296,2.1180454845701107
321.0372896980556,2.11912094429879
321.03457482699156,2.1204063649752682
321.03071083715815,2.1219442320038575
321.02521142091496,2.1237860344033574
321.0173844649187,2.125994440660145
321.0062449531643,2.1286461401705568
320.9903910105891,2.1318356401530165
320.96782748834113,2.135680488178854
320.93571489037396,2.1403287222606764
320.89001204588095,2.1459699992211014
320.8655203963988,2.148685769301766
320.77294898526725,2.157753929001565
320.64120107241695,2.168740329066707
320.4536972254896,2.182411405325821
320.1868415986726,2.200093046536659
319.8070527531416,2.2248477590974316
319.28021286766574,2.278360741995987
319.2747806404607,2.2818517063183665
319.27432219831366,2.282503961157701
319.27399780219923,2.2833453180590926
319.2739703797109,2.283504801526238
319.27395234159707,2.283688946921748
319.27394850128724,2.2838236024787335
319.27395452384883,2.2839919325379228
319.27396972515555,2.2841370068731073
319.2739901367341,2.2842620450106845
319.274019574685,2.284396061418713
319.2740618702563,2.284546193557988
319.27412241215404,2.2847180706161656
319.2742088868292,2.2849174266344017
319.2743322458595,2.2851505864802366
319.2745080832253,2.2854247744797895
319.27475859719056,2.285748378442698
319.2751153835297,2.2861312142665304
319.2756234114794,2.286584811511516
319.27634668268854,2.287122731467488
319.2773762852664,2.2877609253281075
319.278841856451,2.288518137671968
319.28092789637293,2.289416358447858
319.2838969858673,2.290481324149837
319.28812283010456,2.291743065562198
319.294137286314,2.2932364947705874
319.3026972936572,2.2950020177338626
319.3148801278357,2.2970861499709128
319.3322189674557,2.299542101236953
319.35689583208267,2.302430279350854
319.39201617168385,2.305818641876847
319.44199966232543,2.3097827936152475
319.5131363866129,2.314405680533553
319.61437838969977,2.3197766511954887
319.75846622180654,2.3259895106619
319.96353223354504,2.333138902721158
320.2553823858334,2.3413137469612986
320.67074372177257,2.3505850879809302
321.24693315331467,2.360748514962039
322.04622330659237,2.3717589000494645
323.1549987708264,2.383410821759403
324.5692119776198,2.394351474500323
325.9834252614179,2.402154617890583
327.3976385880425,2.407412145638878
328.81185193976273,2.4103506405175805
330.2260653043055,2.41098616961591
331.6402786715137,2.4091682280678866
333.0544920309058,2.4045613826471066
334.468705368658,2.3965523520572614
335.8829186612468,2.383989901296257
337.29713185493245,2.364346325170014
338.71134474522694,2.329154430877024
339.4184502891704,2.2819898189410432
339.4476178329621,2.2720890954532895
339.4488505591166,2.270757440261218
339.44927765943805,2.269993202636308
339.44942931964096,2.269559181383247
339.4495361772459,2.2688676419768443
339.4495381234372,2.268792722094585
339.44953789421174,2.268768527916349
339.44953641935535,2.268685850685702
339.4495332365109,2.2686075723932664
339.44952823964644,2.268533712790955
339.44952075196784,2.26845519130771
339.449509649319,2.2683656539269643
339.44949327409444,2.268261393061527
339.4494692103111,2.2681386856889243
339.44943392582,2.2679930602020755
339.4493822570183,2.2678192250367215
339.4493066585641,2.2676108942307573
339.44919610678073,2.267360537332264
339.44903449732055,2.267059091671938
339.44879830186875,2.266697047052803
339.44846204344464,2.266268939392261
339.44798337594244,2.2657622994345115
339.4473020351731,2.2651609899939222
339.44633225169866,2.2644458465390853
339.4449519578791,2.2635940215355257
339.44298742665757,2.262578202609948
339.4401914094192,2.26136567117432
339.43621202175154,2.2599171614184983
339.430548461633,2.258185471104224
339.42248798754144,2.256113764373011
339.4110162256859,2.253633492805112
339.39468951925136,2.2506618439474155
339.3714532558378,2.2470986068190175
339.3383833110683,2.242822322303256
339.2913180711289,2.237685565183063
339.2243347272463,2.231509188726949
339.1290039379871,2.224075361188997
338.9933290646417,2.215119251860725
338.800236491023,2.2043193072310383
338.5254270466039,2.1912862312834163
338.13431815193053,2.175551092905317
337.5776918799784,2.156553467689659
336.785501277086,2.133631177140334
335.6580555189275,2.1060138866029505
334.2438421453784,2.0764833498971207
332.8296287271944,2.0506686743580635
331.41541528183103,2.0274743570531752
330.00120181784484,2.006263186369331
328.58698834043844,1.9866236173041127
327.17277485297956,1.9682703689026169
325.7585613577705,1.950995208828052
324.34434785646016,1.9346399486544297
322.9301343502792,1.919080447048895
321.5159208401811,1.9042165528162187
320.1017073269311,1.8899654759922964
318.687493811165,1.876257250728996
317.27328029342846,1.8630315376838524
315.8590667742045,1.8502353217974727
314.4448532539327,1.8378212315296136
313.0306397330233,1.8257463025650449
312.2865688386489,1.8195159323849772
310.8723553175744,1.8078835019841335
309.4581417967728,1.7964957825293912
308.0439282766784,1.7853194822700416
306.6297147576732,1.7743230444113327
306.057579314935,1.7699185136420632
304.64336579819695,1.7591240840866926
303.2291522834781,1.748438876628443
301.8149387713168,1.7378348853588252
300.4007252622486,1.7272843328417167
298.9865117568959,1.716759150413584
297.5722982560039,1.7062303057203216
296.1580847604929,1.6956669064799743
294.7438712715358,1.685034964320545
293.3296577906788,1.6742956192294556
291.91544432003803,1.6634024634910989
290.5012308626392,1.65229727022832
289.0870174230478,1.6409026825883166
287.6728040086511,1.6291085442765112
286.2585906326168,1.6167431103537007
284.8443773221061,1.6035008233521828
283.43016414936335,1.5886982820363307
283.2621314162303,1.5867644640330312
281.84791904839557,1.5661550766562042
281.6711431031538,1.5609187105414248
281.6412512858908,1.5585817807025522
281.6406351322753,1.5583574369211277
281.6405287933232,1.5582797514367033
281.64049143146997,1.5582318735135687
281.64047861213965,1.558202914113429
281.6404747102173,1.5581807420357063
281.6404748662658,1.558173223200439
281.64047630048526,1.5581573539083597
281.64047965599053,1.558141963302281
281.6404849046369,1.5581275670819594
281.6404927774509,1.558112283590415
281.640504458004,1.5580948823221599
281.64052169161124,1.558074651542879
281.6405470222162,1.5580508841358824
281.6405841691938,1.5580227372162558
281.64063856998536,1.557989221648152
281.64071817017526,1.5579491743755294
281.64083457825313,1.5579012190556045
281.6410047529557,1.5578437236664304
281.6412534709747,1.5577750326387307
281.6416075609769,1.5576942974591779
281.64211161581386,1.557599446810018
281.6428290969979,1.5574878477186127
281.64385032453345,1.5573564968815616
281.6453038424859,1.5572019870953802
281.6473725952043,1.557020489759672
281.65031694938807,1.556807764709948
281.6545074591361,1.5565592152469963
281.6604714971926,1.5562700161751248
281.6689596205564,1.5559353575555601
281.68104002202904,1.5555508695040432
281.6982329536671,1.5551133280733422
281.72270203824627,1.5546217961327615
281.75752654374054,1.5540794379180816
281.80708888436453,1.5534963815024572
281.8776261120569,1.5528942245550914
281.97801479915864,1.5523131475418435
282.12088808343617,1.5518232290321943
282.32422544654736,1.5515426640956833
282.61361528673297,1.5516675761503556
283.02547501222926,1.5525217533040783
283.6116338781373,1.5546412892010553
284.4458552797337,1.5589205888876538
285.6331192802012,1.5668617189160756
287.0473325316739,1.5784771183046913
288.46154582620903,1.5919259006612427
289.8757591477311,1.6068015648889282
291.2899724893798,1.6227518741589102
292.704185847656,1.639466054001949
294.11839922051263,1.6566817399567952
295.5326126064233,1.6741916471263325
296.94682600398033,1.6918441619276077
298.3610394117618,1.7095384602124015
299.77525282831357,1.727216824550069
301.1894662521649,1.7448566194750579
302.6036796818397,1.762463454872147
304.0178931158499,1.780066251974068
305.4321065526658,1.7977144682864221
306.84631999065954,1.8154776163598298
308.26053342801293,1.8334473641524651
309.6747468625701,1.8517429408454333
311.088960291593,1.8705214585705876
312.0000233374698,1.882971231183818
313.4142367478538,1.9030487164042786
314.82845013864846,1.9244027544591333
316.24266349584383,1.9476765618465102
317.65687679174516,1.9740531942903976
319.0710899530513,2.0062384426578417
320.4853026382272,2.0547265035435602
320.8388553181808,2.076961040650133
320.96146686724705,2.0897535933584805
321.0039881359014,2.096610729901003
321.00571358688535,2.0969561092017726
321.0261692440917,2.101913040983914
321.0407245004656,2.1081698473703585
321.043247262265,2.110907397463081
321.04346546496964,2.1114228582636105
321.0436196907458,2.112032375289819
321.0436464807256,2.112241405176318
321.04365550096065,2.112350652475297
321.0436612317023,2.1124730517530486
321.0436622974366,2.112546348330355
321.0436620619472,2.112564697174031
321.04365962067726,2.1126960045049024
321.043651771018,2.112833458435464
321.0436402752313,2.112946556339595
321.0436238713614,2.1130706292604
321.0435995325708,2.1132115628858523
321.0435636903906,2.1133753814509686
321.0435110726349,2.1135687339597125
321.04343396410206,2.1137987137835577
321.0433210849354,2.114072430946635
321.04316022608504,2.1143943839051946
321.0429310854377,2.1147738293277305
321.04260477500463,2.11522287258487
321.0421401774869,2.1157558232535743
321.04147877305866,2.1163896966600806
321.0405372751322,2.117144807604843
321.0391971493968,2.1180454850990946
321.03728969719936,2.119120944742697
321.03457482613527,2.120406365348777
321.0307108363018,2.121944232317804
321.0252114200586,2.1237860346673525
321.01738446406233,2.125994440883068
321.00624495230795,2.1286461403586925
320.9903910097328,2.131835640312116
320.9678274874848,2.135680488313757
320.9357148895176,2.1403287223754903
320.8900120450246,2.145969999319252
320.86552039554243,2.148685769393765
320.7729489844109,2.1577539290788925
320.6412010715606,2.168740329133324
320.45369722463323,2.1824114053849546
320.1868415978162,2.200093046591837
319.80705275228524,2.224847759155591
319.28021286680945,2.2783607423755985
319.27478063960456,2.281851707338001
319.27432219745856,2.282503962668181
319.2739978013559,2.2833453221475026
319.27397037888386,2.2835048075223545
319.2739523408873,2.283688958990867
319.27394850084863,2.283823602488745
319.2739547241588,2.283994580297442
319.27396991042656,2.2841383669573077
319.27399032090585,2.284263010690408
319.2740197604605,2.2843968072732626
319.2740620571421,2.2845467874035252
319.2741225997574,2.2847185515843402
319.27420907490284,2.284917820312784
319.2743324342466,2.2851509109255392
319.27450827182435,2.2854250430685186
319.27475878593424,2.2857486014551975
319.2751155723729,2.286131399797585
319.2756236003915,2.2865849660441118
319.27634687164846,2.2871228602662104
319.27737647425965,2.2877610327047315
319.27884204546746,2.2885182271839732
319.2809280854056,2.2894164330398965
319.28389717491126,2.290481386270611
319.28812301915644,2.291743117253311
319.29413747537143,2.293236537736761
319.3026974827185,2.2950020534001925
319.31488031689963,2.2970861795302917
319.3322191565215,2.299542125688765
319.3568960211498,2.302430299533203
319.3920163607519,2.305818658492471
319.4419998513941,2.309782807253556
319.51313657568204,2.314405691689596
319.61437857876916,2.3197766602843943
319.7584664108761,2.325989518031556
319.9635324226147,2.3331389086628507
320.2553825749032,2.3413137517177116
320.6707439108425,2.3505850917529614
321.24693334238464,2.36074851792956
322.0462234956624,2.3717589023463197
323.1549989598965,2.383410823480208
324.5692121666899,2.3943514757340782
325.983425450488,2.4021546187556
327.39763877711266,2.407412146184419
328.81185212883287,2.410350640758015
330.22606549337564,2.410986169542077
331.64027886058386,2.4091682276483426
333.05449221997594,2.4045613818216847
334.46870555772813,2.3965523507169344
335.88291885031686,2.3839898992268975
337.2971320440025,2.364346321845109
338.71134493429696,2.3291544238706217
339.4184504782394,2.281989779313858
339.4476180220224,2.2720889326758353
339.44885074813834,2.2707571671981004
339.4492778482652,2.2699927593070326
339.4494295080077,2.2695584947613874
339.4495363548399,2.268863078848815
339.4495382735498,2.268783900998245
339.44953779187455,2.268747749209746
339.44953629117714,2.2686814486461397
339.4495331890278,2.2686072123504237
339.44952820692174,2.268533529189815
339.44952072043174,2.2684549048935327
339.449509617026,2.26836541015462
339.4494932414776,2.2682612073974466
339.4494691775753,2.2681385374088077
339.4494338930071,2.267992938803098
339.44938222415055,2.267819125406339
339.44930662565946,2.2676108123462058
339.44919607385134,2.2673604698947827
339.44903446437445,2.267059036031261
339.4487982689119,2.2666970007878895
339.44846201047994,2.2662689009946133
339.4479833429725,2.2657622674543134
339.44730200219954,2.2651609632960885
339.4463322187226,2.2644458242109993
339.44495192490126,2.2635940028383867
339.44298739367855,2.262578186935541
339.4401913764393,2.2613656580221893
339.43621198877105,2.259917150375516
339.4305484286521,2.2581854618244046
339.42248795456027,2.256113756569426
339.4110161927045,2.2536334862382525
339.3946894862698,2.2506618384170283
339.37145322285613,2.2470986021576307
339.33838327808655,2.242822318370955
339.2913180381471,2.237685561862383
339.2243346942645,2.2315091859202485
339.1290039050053,2.2240753588141544
338.9933290316599,2.2151192498494785
338.8002364580411,2.204319305526247
338.52542701362205,2.1912862298374303
338.13431811894867,2.175551091678593
337.5776918469965,2.1565534666491777
336.7855012441041,2.1336311762586826
335.6580554859456,2.1060138858573385
334.2438421123965,2.0764833492573724
332.82962869421254,2.050668673789663
331.4154152488492,2.027474356537295
330.001201784863,2.006263185894279
328.5869883074566,1.9866236168620106
327.1727748199977,1.9682703684878453
325.7585613247886,1.9509952084364581
324.3443478234783,1.9346399482826986
322.93013431729736,1.9190804466944735
321.5159208071992,1.904216552476997
320.10170729394923,1.889965475666525
318.6874937781831,1.8762572504151505
317.2732802604466,1.8630315373806097
315.85906674122265,1.8502353215036726
314.44485322095085,1.8378212312442002
313.03063970004143,1.8257463022870768
312.28656880566706,1.8195159321105716
310.8723552845925,1.8078835017158337
309.45814176379093,1.7964957822663912
308.04392824369654,1.78531948201161
306.6297147246913,1.7743230441567364
306.05757928195317,1.7699185133888211
304.6433657652151,1.7591240838363347
303.2291522504962,1.7484388763802952
301.81493873833494,1.737834885112249
300.40072522926675,1.727284332596057
298.986511723914,1.716759150168186
297.572298223022,1.7062303054744885
296.15808472751104,1.695666906232948
294.74387123855394,1.685034964071499
293.32965775769696,1.6742956189773976
291.9154442870562,1.663402463234829
290.50123082965735,1.652297269966299
289.08701739006597,1.6409026823184316
287.67280397566924,1.6291085439956294
286.25859059963494,1.616743110056692
284.8443772891242,1.6035008230291665
283.4301641163815,1.588698281661697
283.2621313832484,1.586764463648263
281.8479190154137,1.5661550759158493
281.6711430701721,1.5609187089534136
281.64125125291383,1.5585817719085355
281.6406350993196,1.5583574178765793
281.6405287605169,1.5582797190249984
281.6404913992378,1.5582318158771518
281.6404785814992,1.5582028177453906
281.6404746867891,1.5581805468794214
281.6404748553474,1.5581732231236594
281.64047613075854,1.5581584877843329
281.6404794373463,1.558142729394985
281.64048468044643,1.558128052082568
281.64049255240974,1.5581126489406292
281.6405042312521,1.5580951779822754
281.6405214633572,1.5580748896480832
281.64054679300915,1.5580510762333708
281.6405839393843,1.5580228933839742
281.6406383397782,1.557989349248305
281.64071793970163,1.557949278907163
281.64083434760005,1.557901304817548
281.64100452218133,1.5578437940850245
281.6412532401225,1.5577750908745598
281.64160733006787,1.5576943454701404
281.6421113848667,1.5575994864781217
281.6428288660245,1.5574878805229087
281.6438500935418,1.5573565240066232
281.64530361148155,1.5572020095023984
281.6473723641911,1.5570205082362238
281.6503167183687,1.5568077799052729
281.6545072281123,1.5565592276989815
281.66047126616576,1.5562700263306446
281.66895938952746,1.555935365786651
281.6810397909986,1.5555508761207875
281.6982327226357,1.5551133333342606
281.7227018072141,1.5546218002532262
281.75752631270785,1.554079441077303
281.80708865333145,1.553496383849112
281.8776258810235,1.5528942262118777
281.97801456812505,1.5523131486091977
282.12088785240246,1.55182322959108
282.3242252155136,1.5515426642096533
282.61361505569914,1.551667575866822
283.0254747811954,1.5525217526547048
283.61163364710336,1.554641288201327
284.44585504869974,1.558920587536048
285.63311904916725,1.566861717194692
287.0473323006399,1.5784771162451996
288.46154559517504,1.5919258983374762
289.8757589166971,1.6068015623619336
291.2899722583458,1.6227518714829294
292.704185616622,1.6394660512240455
294.11839898947864,1.656681737115441
295.5326123753893,1.6741916442507605
296.94682577294634,1.6918441590382618
298.3610391807278,1.7095384573220112
299.7752525972796,1.7272168216649866
301.1894660211309,1.7448566165965083
302.6036794508057,1.7624634519972062
304.0178928848159,1.7800662490962789
305.4321063216318,1.7977144653960968
306.84631975962554,1.8154776134438928
308.26053319697894,1.8334473611938793
309.6747466315361,1.8517429378220363
311.08896006055903,1.8705214554527427
312.0000233593169,1.8829712314862657
313.4142367697009,1.9030487167230379
314.82845016049555,1.9244027548017044
316.2426635176909,1.947676562225857
317.65687681359225,1.9740531947321538
319.07108997489837,2.006238443229322
320.4853026600743,2.054726504634653
320.8388553400278,2.0769610424948244
320.96146688909397,2.0897535963263247
321.0039881577481,2.096610734224714
321.0057135880049,2.0969561094218294
321.02616924520623,2.101913041335528
321.04072450158,2.1081698481998865
321.0432472633784,2.1109073996757557
321.0434654660812,2.1114228614802824
321.0436196918432,2.112032382040635
321.0436464817948,2.1122414161074774
321.0436555019713,2.112350667666237
321.0436612324962,2.1124730769050535
321.0436622977291,2.1125463855667617
321.0436620625034,2.1125646971676213
321.04365962101417,2.1126959951819915
321.04365177189914,2.1128334472883026
321.04364027611416,2.112946548644245
321.0436238722586,2.1130706235379386
321.0435995334734,2.1132115583047053
321.0435636912979,2.1133753777581443
321.04351107354535,2.1135687309827853
321.04343396501434,2.113798711327828
321.043321085849,2.1140724289260904
321.04316022699953,2.1143943822365836
321.04293108635284,2.1147738279414003
321.04260477592015,2.115222871430986
321.0421401784027,2.115755822289935
321.04147877397463,2.1163896958538997
321.0405372760483,2.11714480692956
321.03919715031304,2.1180454845329733
321.03728969811567,2.119120944267202
321.03457482705164,2.12040636494919
321.03071083721824,2.121944231981849
321.02521142097504,2.123786034385053
321.01738446497876,2.1259944406450577
321.0062449532244,2.128646140157559
320.9903910106492,2.1318356401415013
320.9678274884012,2.135680488169351
320.93571489043404,2.1403287222527876
320.89001204594103,2.145969999214218
320.86552039645886,2.1486857692951684
320.77294898532733,2.1577539289961205
320.64120107247703,2.1687403290619
320.45369722554966,2.1824114053216217
320.18684159873266,2.2000930465327286
319.8070527532017,2.224847759093265
319.2802128677258,2.278360741969761
319.27478064052076,2.2818517062474313
319.2743221983737,2.2825039610517015
319.27399780225846,2.2833453177744643
319.2739703797689,2.283504801098471
319.2739523416467,2.2836889460606917
319.27394850131736,2.283823602479333
319.2739544414164,2.283990809080446
319.2739696474013,2.284136434176039
319.27399005966254,2.2842616402801337
319.27401949694627,2.2843957490212228
319.27406179205235,2.284545944913693
319.27412233364953,2.284717869273024
319.2742088081277,2.2849172618522275
319.2743321670267,2.28515045069104
319.27450800430387,2.2854246620715464
319.2747585182085,2.2857482851120734
319.2751153045059,2.2861311366244896
319.2756233324268,2.2865847468419274
319.2763466036159,2.287122677568612
319.27737620617984,2.287760880393645
319.27884177735467,2.2885181002145982
319.2809278172698,2.2894163272343917
319.2838969067594,2.2904812981547975
319.2881227509934,2.2917430439313233
319.29413720720055,2.2932364767910234
319.30269721454215,2.295002002808905
319.3148800487195,2.297086137601326
319.3322188883387,2.2995420910045947
319.3568957529651,2.302430270905174
319.3920160925659,2.305818634923863
319.4419995832072,2.3097827879079897
319.5131363074945,2.314405675865153
319.61437831058123,2.319776647392197
319.7584661426879,2.3259895075779555
319.96353215442633,2.333138900234812
320.2553823067147,2.3413137449709307
320.67074364265386,2.3505850864024707
321.24693307419597,2.3607485137202593
322.04622322747366,2.3717588990883236
323.1549986917077,2.3834108210393
324.56921189850107,2.3943514739840364
325.9834251822992,2.4021546175286117
327.3976385089238,2.407412145410598
328.811851860644,2.4103506404169526
330.2260652251868,2.4109861696468156
331.640278592395,2.4091682282434475
333.0544919517871,2.40456138299252
334.4687052895393,2.396552352618131
335.88291858212807,2.3839899021622277
337.29713177581374,2.364346326561381
338.7113446661083,2.329154433808889
339.4184502100522,2.281989835524046
339.44761775384757,2.272089163566302
339.44885048001817,2.27075755451353
339.44927758042104,2.269993388104046
339.4494292408163,2.2695594685236085
339.44953610282715,2.2688695138701567
339.44953805947836,2.2687962179131382
339.44953783937456,2.2687685276007388
339.44953666564396,2.2686948857777165
339.4495335248385,2.268612972835272
339.449528531266,2.2685370633151027
339.4495210438431,2.2684577482136863
339.4495099433693,2.2683677361993544
339.44949357006925,2.268263071036452
339.44946950748283,2.268140041027455
339.449434223745,2.267994164498584
339.44938255544133,2.2678201298026153
339.449306957321,2.267611637825524
339.44919640576245,2.267361149769804
339.4490347964542,2.2670595968910954
339.4487986010998,2.266697467157183
339.44846234274684,2.266269288050439
339.4479836752924,2.2657625897966778
339.44730233455596,2.265161232401315
339.4463325511043,2.2644460492716463
339.4449522573006,2.263594191309771
339.44298772609017,2.262578344934424
339.4401917088596,2.2613657905904527
339.43621232119733,2.2599172616921863
339.4305487610826,2.2581855553625916
339.4224882869937,2.256113835225883
339.41101652514004,2.2536335524285853
339.3946898187068,2.2506618941606
339.3714535552942,2.247098649141587
339.33838361052534,2.242822358007548
339.2913183705864,2.237685595332311
339.2243350267041,2.231509214211046
339.12900423744514,2.2240753827509048
338.99332936409996,2.2151192701221407
338.80023679048134,2.204319322709752
338.5254273460623,2.1912862444119883
338.134318451389,2.175551104043664
337.5776921794369,2.156553477136865
336.7855015765445,2.13363118514517
335.65805581838606,2.106013893372661
334.24384244483696,2.076483355705644
332.82962902665304,2.050668679518697
331.41541558128966,2.0274743617370627
330.0012021173035,2.006263190682543
328.5869886398971,1.9866236213181245
327.1727751524382,1.9682703726684303
325.7585616572291,1.950995212383773
324.3443481559188,1.9346399520294995
322.93013464973785,1.919080450266775
321.5159211396397,1.9042165558960822
320.1017076263897,1.8899654789502063
318.6874941106236,1.8762572535786295
317.2732805928871,1.863031540437156
315.85906707366314,1.8502353244650247
314.44485355339134,1.837821234120927
313.0306400324819,1.825746305088846
312.28656884307964,1.8195159324217995
310.8723553220051,1.8078835020201658
309.4581418012035,1.7964957825647137
308.0439282811091,1.7853194823047613
306.6297147621039,1.774323044445532
306.05757931936574,1.7699185136760704
304.64336580262767,1.7591240841203337
303.2291522879088,1.748438876661781
301.8149387757475,1.7378348853919359
300.40072526667933,1.7272843328747134
298.9865117613266,1.716759150446543
297.5722982604346,1.7062303057533392
296.1580847649236,1.6956669065131544
294.7438712759665,1.6850349643539964
293.32965779510954,1.674295619263313
291.91544432446875,1.6634024635255278
290.5012308670699,1.6522972702635235
289.08701742747854,1.6409026826245698
287.6728040130818,1.6291085443142428
286.2585906370475,1.616743110393597
284.8443773265368,1.6035008233955743
283.43016415379407,1.5886982820866524
283.26213142066104,1.5867644640847183
281.8479190528263,1.566155076755663
281.67114310758444,1.5609187107547562
281.64125129032084,1.5585817818837944
281.6406351367025,1.558357439479146
281.6405287977303,1.5582797557900334
281.6404914358001,1.5582318812522105
281.64047861625625,1.5582029270510667
281.64047471337227,1.5581807681501953
281.6404748676778,1.5581732232107293
281.6404763004877,1.5581573539084064
281.64047965668294,1.5581419606854119
281.64048490540586,1.558127565287345
281.6404927782313,1.5581122823196132
281.6405044587892,1.558094881311749
281.6405216924009,1.558074650718628
281.6405470230094,1.558050883472661
281.64058416998904,1.558022736675802
281.640638570782,1.5579892212066673
281.6407181709729,1.5579491740141158
281.6408345790514,1.5579012187591574
281.6410047537544,1.5578437234228644
281.6412534717736,1.5577750324372137
281.641607561776,1.5576942972930645
281.64211161661314,1.5575994466728862
281.6428290977973,1.5574878476050835
281.6438503253329,1.5573564967876798
281.6453038432854,1.5572019870178164
281.6473725960038,1.5570204896957238
281.65031695018763,1.556807764657373
281.65450745993564,1.556559215203916
281.66047149799215,1.5562700161399752
281.66895962135595,1.5559353575270705
281.6810400228286,1.5555508694811344
281.69823295446673,1.5551133280551432
281.7227020390459,1.5546217961184938
281.75752654454016,1.5540794379071379
281.80708888516415,1.5534963814943272
281.8776261128565,1.552894224549357
281.97801479995826,1.5523131475381446
282.1208880842358,1.5518232290302643
282.324225447347,1.5515426640952845
282.6136152875326,1.5516675761513299
283.0254750130289,1.5525217533063265
283.6116338789369,1.5546412892045147
284.4458552805333,1.5589205888923319
285.6331192810008,1.5668617189220395
287.0473325324735,1.5784771183118123
288.46154582700865,1.5919259006692856
289.87575914853073,1.6068015648976801
291.2899724901794,1.6227518741681661
292.7041858484556,1.6394660540115593
294.11839922131225,1.6566817399666354
295.5326126072229,1.6741916471362712
296.94682600477995,1.6918441619376123
298.3610394125614,1.7095384602224033
299.7752528291132,1.7272168245600552
301.1894662529645,1.7448566194850217
302.6036796826393,1.762463454882103
304.01789311664953,1.7800662519840187
305.4321065534654,1.7977144682964203
306.84631999145915,1.8154776163699213
308.26053342881255,1.833447364162692
309.6747468633697,1.851742940855907
311.08896029239264,1.8705214585813974
312.00002333826944,1.8829712311948854
313.4142367486534,1.9030487164159342
314.8284501394481,1.9244027544716475
316.24266349664344,1.9476765618603928
317.6568767925448,1.9740531943065815
319.0710899538509,2.006238442678779
320.4853026390268,2.054726503583476
320.8388553189804,2.0769610407175945
320.96146686804667,2.089753593467173
321.003988136701,2.0966107300593837
321.00571358768497,2.0969561093638767
321.0261692448913,2.101913041225064
321.0407245012651,2.108169847965015
321.04324726306385,2.1109073990488048
321.04346546576716,2.111422860570438
321.0436196915331,2.112032380148017
321.04364648149266,2.112241413030307
321.04365550168626,2.112350663336372
321.0436612322675,2.1124730700570935
321.04366229764514,2.112546375108634
321.0436620623492,2.112564697168189
321.04365961907547,2.1126960509218353
321.0436517694408,2.11283348024252
321.0436402737082,2.112946569581461
321.043623869821,2.113070639017561
321.04359953102096,2.1132115706528563
321.0435636888335,2.113375387782452
321.0435110710725,2.1135687391117166
321.04343396253614,2.1137987179689097
321.04332108336746,2.11407243441755
321.04316022451553,2.1143943867737556
321.0429310838672,2.114773831706686
321.04260477343337,2.115222874566326
321.0421401759151,2.115755824908499
321.04147877148654,2.1163896980432266
321.04053727355983,2.11714480876326
321.03919714782427,2.118045486070025
321.0372896956267,2.119120945557892
321.0345748245625,2.120406366033759
321.030710834729,2.1219442328935907
321.02521141848575,2.1237860351528113
321.0173844624894,2.125994441292293
321.00624495073504,2.128646140703984
320.99039100815986,2.131835640604192
320.96782748591187,2.1356804885615897
320.9357148879447,2.1403287225864513
320.89001204345163,2.145969999499368
320.8655203967283,2.148685769265941
320.77294898559677,2.1577539289716614
320.64120107274647,2.168740329041019
320.4536972258191,2.182411405303017
320.1868415990021,2.200093046515371
319.8070527534711,2.224847759075038
319.28021286799526,2.2783607418509746
319.27478064079014,2.281851705925673
319.2743221986427,2.2825039605777713
319.2739978025238,2.2833453164852706
319.2739703800292,2.283504799218476
319.2739523418703,2.2836889422770446
319.27394850145674,2.28382360247819
319.2739545238688,2.283991933208588
319.273969725327,2.284137008142106
319.2739901369066,2.2842620459163814
319.274019574859,2.284396062118299
319.2740618704313,2.2845461941135623
319.2741224123297,2.2847180710685056
319.2742088870053,2.2849174270031227
319.27433224603584,2.28515058678589
319.2745080834019,2.2854247747308287
319.2747585973672,2.28574837864977
319.2751153837064,2.2861312144407044
319.27562341165617,2.286584811655576
319.2763466828653,2.287122731588088
319.27737628544327,2.287760925428541
319.2788418566279,2.288518137755908
319.2809278965498,2.28941635851794
319.28389698604417,2.2904813242082267
319.28812283028145,2.2917430656103384
319.2941372864909,2.2932364948107598
319.3026972938341,2.295002017767331
319.3148801280126,2.2970861499983926
319.33221896763257,2.2995421012597967
319.35689583225957,2.302430279369603
319.39201617186075,2.3058186418924245
319.4419996625023,2.3097827936279214
319.5131363867898,2.3144056805439632
319.61437838987666,2.31977665120401
319.75846622198344,2.3259895106688075
319.96353223372193,2.3331389027267053
320.25538238601035,2.341313746965764
320.6707437219495,2.3505850879844576
321.2469331534916,2.3607485149648344
322.0462233067693,2.3717589000516153
323.15499877100336,2.383410821761003
324.5692119777967,2.3943514745014745
325.98342526159485,2.4021546178913953
327.3976385882195,2.4074121456393955
328.8118519399397,2.4103506405177937
330.22606530448246,2.410986169615839
331.6402786716907,2.4091682280675055
333.05449203108276,2.4045613826463343
334.46870536883495,2.3965523520559935
335.88291866142373,2.3839899012943713
337.2971318551094,2.36434632516689
338.7113447454039,2.329154430870468
339.41845028934733,2.281989818904435
339.4476178331391,2.2720890953015402
339.4488505592935,2.270757440002251
339.4492776596148,2.2699932022195504
339.4494293198172,2.2695591807361133
339.44953617741237,2.2688676378107173
339.4495381235805,2.268792714337347
339.44953789433663,2.2687685279178247
339.4495364193536,2.268685850686346
339.4495332365792,2.268607573247165
339.4495282397118,2.268533713425308
339.44952075203213,2.2684551919552214
339.44950964938516,2.2683656543881585
339.44949327416083,2.2682613934355773
339.4494692103778,2.268138685990648
339.4494339258868,2.2679930604513037
339.4493822570853,2.2678192252302116
339.44930665863114,2.267610894396573
339.4491961068478,2.2673605374732606
339.4490344973877,2.2670590917757094
339.4487983019359,2.2666970471498913
339.44846204351177,2.266268939471575
339.4479833760096,2.2657622994985873
339.4473020352402,2.2651609900471357
339.4463322517658,2.2644458465857618
339.4449519579462,2.2635940215742423
339.4429874267247,2.26257820264315
339.4401914094864,2.261365671200757
339.43621202181873,2.259917161441314
339.4305484617002,2.2581854711229212
339.42248798760863,2.25611376438823
339.4110162257531,2.2536334928188837
339.39468951931855,2.2506618439586106
339.371453255905,2.247098606828438
339.3383833111355,2.242822322311464
339.2913180711961,2.237685565189855
339.2243347273135,2.2315091887324896
339.12900393805427,2.2240753611938127
338.9933290647089,2.2151192518648886
338.8002364910902,2.2043193072343765
338.5254270466711,2.1912862312863
338.1343181519977,2.1755510929078183
337.57769188004556,2.1565534676917757
336.7855012771532,2.1336311771421226
335.6580555189947,2.106013886604452
334.24384214544557,2.0764833498984245
332.8296287272616,2.050668674359212
331.4154152818982,2.02747435705421
330.00120181791203,2.0062631863702896
328.5869883405056,1.9866236173050082
327.17277485304675,1.9682703689034777
325.75856135783766,1.950995208828847
324.34434785652735,1.9346399486551782
322.9301343503464,1.9190804470496308
321.51592084024827,1.9042165528169057
320.1017073269983,1.8899654759929492
318.6874938112322,1.8762572507296384
317.27328029349565,1.863031537684473
315.8590667742717,1.850235321798081
314.4448532539999,1.8378212315301905
313.0306397330905,1.8257463025656158
312.2865688387161,1.8195159323855346
310.87235531764156,1.8078835019846835
309.45814179684,1.7964957825299095
308.0439282767456,1.785319482270577
306.6297147577404,1.7743230444118518
306.0575793150022,1.7699185136425712
304.64336579826414,1.7591240840872122
303.22915228354526,1.7484388766289531
301.814938771384,1.7378348853593262
300.4007252623158,1.7272843328422134
298.98651175696307,1.7167591504140896
297.57229825607106,1.7062303057208104
296.1580847605601,1.6956669064804761
294.743871271603,1.6850349643210496
293.329657790746,1.6742956192299674
291.9154443201052,1.6634024634916176
290.5012308627064,1.6522972702288479
289.087017423115,1.640902682588869
287.6728040087183,1.629108544277087
286.258590632684,1.6167431103543124
284.8443773221733,1.6035008233528356
283.43016414943054,1.588698282037104
283.2621314162975,1.58676446403381
281.84791904846276,1.566155076657703
281.67114310322097,1.5609187105446478
281.641251285958,1.558581780720436
281.6406351323425,1.5583574369600024
281.64052879339005,1.5582797515030988
281.6404914315357,1.5582318736306824
281.64047861220206,1.5582029143117957
281.64047471026475,1.5581807424385559
281.6404748662804,1.5581732232005412
281.6404763004794,1.5581573539083111
281.64047965599104,1.558141963252346
281.64048490464324,1.558127567069791
281.6404927774563,1.5581122835846473
281.64050445800945,1.558094882318716
281.6405216916165,1.5580746515361716
281.6405470222216,1.5580508841319034
281.6405841691992,1.5580227372129043
281.64063856999076,1.5579892216453495
281.64071817018066,1.5579491743731357
281.64083457825853,1.5579012190541865
281.6410047529611,1.557843723665096
281.6412534709801,1.5577750326374302
281.6416075609823,1.5576942974579886
281.64211161581926,1.5575994468093626
281.6428290970033,1.5574878477178449
281.64385032453885,1.557356496880902
281.6453038424913,1.557201987094812
281.6473725952097,1.5570204897592756
281.65031694939347,1.556807764709613
281.6545074591415,1.5565592152466934
281.660471497198,1.5562700161748775
281.6689596205618,1.5559353575553536
281.68104002203444,1.555550869503846
281.6982329536725,1.555113328073222
281.72270203825167,1.5546217961326696
281.75752654374594,1.5540794379180034
281.80708888436993,1.5534963815023946
281.8776261120623,1.5528942245550503
281.97801479916404,1.5523131475418142
282.12088808344157,1.551823229032181
282.32422544655276,1.5515426640956758
282.61361528673837,1.5516675761503596
283.02547501223466,1.552521753304089
283.6116338781427,1.5546412892010766
284.4458552797391,1.558920588887688
285.6331192802066,1.5668617189161145
287.0473325316793,1.578477118304745
288.46154582621443,1.5919259006612918
289.8757591477365,1.6068015648889835
291.2899724893852,1.6227518741589728
292.7041858476614,1.6394660540020043
294.11839922051803,1.65668173995686
295.5326126064287,1.6741916471263893
296.94682600398573,1.6918441619276827
298.3610394117672,1.709538460212471
299.77525282831897,1.7272168245501496
301.1894662521703,1.7448566194751236
302.6036796818451,1.7624634548722258
304.0178931158553,1.78006625197414
305.4321065526712,1.797714468286493
306.84631999066494,1.8154776163598951
308.26053342801833,1.8334473641525229
309.6747468625755,1.8517429408455137
311.0889602915984,1.8705214585706793
312.0000233374752,1.8829712311838924
313.4142367478592,1.903048716404352
314.82845013865386,1.924402754459208
316.24266349584923,1.947676561846601
317.65687679175056,1.9740531942905228
319.0710899530567,2.0062384426579936
320.4853026382326,2.054726503543818
320.8388553181862,2.0769610406505716
320.96146686725245,2.0897535933592253
321.0039881359068,2.096610729902151
321.00571358689075,2.0969561092029276
321.0261692440971,2.101913040985751
321.040724500471,2.10816984737406
321.0432472622704,2.1109073974754025
321.04346546497504,2.111422858284029
321.04361969075114,2.112032375315364
321.04364648073084,2.1122414052279095
321.0436555009656,2.112350652546051
321.0436612317064,2.1124730518603467
321.0436622974426,2.112546348365212
321.0436620619564,2.112564697173486
321.04365962067254,2.1126960043744543
321.0436517710426,2.1128334583117434
321.04364027524923,2.112946556188356
321.04362387138013,2.1130706291394468
321.04359953258916,2.113211562741074
321.0435636904096,2.1133753813760947
321.043511072654,2.11356873392046
321.04343396412105,2.1137987137316325
321.04332108495447,2.1140724309034975
321.04316022610413,2.1143943838706423
321.0429310854568,2.1147738292997706
321.04260477502373,2.115222872560861
321.042140177506,2.115755823234076
321.04147877307776,2.1163896966434383
321.0405372751513,2.117144807590421
321.0391971494159,2.1180454850867667
321.03728969721845,2.1191209447324235
321.03457482615437,2.120406365340105
321.0307108363209,2.1219442323102236
321.0252114200777,2.123786034661717
321.01738446408143,2.1259944408783014
321.00624495232705,2.128646140354618
320.9903910097519,2.131835640308081
320.9678274875039,2.135680488310611
320.9357148895367,2.1403287223729697
320.8900120450437,2.145969999316975
320.86552039556153,2.148685769391699
320.77294898443,2.1577539290771233
320.6412010715797,2.1687403291319147
320.45369722465233,2.1824114053836006
320.1868415978353,2.2000930465905904
319.80705275230434,2.2248477591543008
319.28021286682855,2.2783607423669383
319.27478063962366,2.281851707315472
319.27432219747766,2.2825039626359946
319.2739978013747,2.2833453220570994
319.2739703789023,2.28350480738823
319.27395234090324,2.2836889587308598
319.27394850085335,2.2838236024853487
319.27395472416316,2.2839945802948813
319.27396991042883,2.284138366986299
319.273990320909,2.2842630107082273
319.2740197604636,2.284396807283808
319.2740620571452,2.284546787413312
319.2741225997606,2.284718551591811
319.274209074906,2.28491782031991
319.2743324342498,2.2851509109298567
319.27450827182753,2.28542504307421
319.2747587859374,2.2857486014594377
319.2751155723761,2.286131399800774
319.2756236003947,2.286584966046508
319.27634687165164,2.287122860268776
319.27737647426284,2.2877610327063147
319.27884204547064,2.288518227185145
319.2809280854088,2.2894164330410693
319.28389717491444,2.2904813862718667
319.2881230191596,2.2917431172544047
319.2941374753746,2.293236537737809
319.30269748272167,2.2950020534006557
319.3148803169028,2.29708617953084
319.3322191565247,2.2995421256894133
319.356896021153,2.3024302995334756
319.39201636075506,2.305818658492706
319.44199985139727,2.3097828072537867
319.5131365756852,2.314405691689788
319.61437857877235,2.3197766602845045
319.7584664108793,2.325989518031699
319.9635324226179,2.333138908662901
320.2553825749064,2.341313751717773
320.67074391084566,2.3505850917530355
321.2469333423878,2.360748517929606
322.0462234956656,2.3717589023463637
323.1549989598997,2.383410823480239
324.5692121666931,2.3943514757340925
325.9834254504912,2.4021546187556133
327.39763877711584,2.4074121461844227
328.81185212883605,2.4103506407580255
330.2260654933788,2.4109861695420727
331.64027886058705,2.4091682276483315
333.0544922199791,2.4045613818216607
334.4687055577313,2.3965523507169566
335.88291885032004,2.3839898992268624
337.2971320440057,2.3643463218450385
338.71134493430014,2.3291544238705004
339.41845047824256,2.281989779313124
339.4476180220256,2.272088932672844
339.4488507481415,2.270757167192591
339.44927784826837,2.269992759298931
339.4494295080109,2.269558494758922
339.44953635484285,2.2688630787553605
339.44953827355096,2.2687839006058743
339.449537791881,2.2687477492514074
339.44953629118254,2.2686814487163547
339.44953318902935,2.2686072125420984
339.4495282069256,2.2685335293621813
339.44952072043793,2.2684549048727956
339.4495096170311,2.2683654101874104
339.4494932414829,2.268261207418999
339.44946917758057,2.268138537435262
339.4494338930124,2.2679929388286935
339.44938222415595,2.2678191253991615
339.44930662566475,2.2676108123667804
339.4491960738566,2.267360469908369
339.44903446437974,2.267059036037781
339.4487982689172,2.2666970007972824
339.44846201048523,2.2662689010036283
339.4479833429778,2.2657622674611915
339.4473020022048,2.2651609633019243
339.4463322187279,2.264445824215993
339.44495192490655,2.2635940028402604
339.44298739368384,2.2625781869374126
339.4401913764446,2.2613656580244066
339.43621198877634,2.259917150376797
339.4305484286574,2.2581854618249384
339.42248795456555,2.256113756570606
339.4110161927098,2.2536334862396856
339.39468948627507,2.250661838418152
339.3714532228614,2.2470986021584647
339.33838327809184,2.2428223183716893
339.2913180381524,2.237685561863069
339.22433469426977,2.2315091859206504
339.12900390501056,2.2240753588145585
338.9933290316652,2.2151192498498053
338.8002364580464,2.204319305526469
338.52542701362734,2.191286229837651
338.13431811895396,2.175551091678791
337.5776918470018,2.1565534666493384
336.7855012441094,2.1336311762587967
335.6580554859509,2.106013885857421
334.2438421124018,2.0764833492574657
332.82962869421783,2.050668673789743
331.41541524885446,2.0274743565373647
330.0012017848683,2.0062631858943565
328.58698830746187,1.98662361686209
327.172774820003,1.9682703684879135
325.7585613247939,1.9509952084365003
324.3443478234836,1.934639948282777
322.93013431730265,1.9190804466945575
321.5159208072045,1.9042165524770618
320.1017072939545,1.8899654756665711
318.6874937781884,1.8762572504151898
317.2732802604519,1.863031537380654
315.85906674122793,1.8502353215037228
314.44485322095613,1.83782123124425
313.0306397000467,1.8257463022871254
312.28656880567235,1.8195159321106118
310.8723552845978,1.8078835017158785
309.4581417637962,1.7964957822664382
308.0439282437018,1.7853194820116605
306.6297147246966,1.77432304415679
306.05757928195845,1.7699185133888535
304.6433657652204,1.759124083836383
303.2291522505015,1.7484388763803418
301.81493873834023,1.7378348851122856
300.40072522927204,1.7272843325961036
298.9865117239193,1.7167591501682293
297.5722982230273,1.7062303054745334
296.1580847275163,1.695666906232995
294.7438712385592,1.6850349640715416
293.32965775770225,1.674295618977439
291.91544428706146,1.6634024632348763
290.50123082966263,1.6522972699663512
289.08701739007125,1.6409026823184694
287.6728039756745,1.6291085439956745
286.25859059964023,1.6167431100567446
284.8443772891295,1.6035008230292225
283.4301641163868,1.5886982816617654
283.2621313832537,1.5867644636483345
281.847919015419,1.566155075915971
281.6711430701774,1.5609187089536778
281.6412512529191,1.5585817719099593
281.64063509932487,1.5583574178796402
281.6405287605221,1.5582797190302138
281.64049139924293,1.5582318158860955
281.64047858150406,1.5582028177599665
281.6404746867946,1.5581805468809107
281.6404748553491,1.5581732231236813
281.6404763004838,1.5581573539102285
281.6404796506891,1.5581419834080554
281.64048489874966,1.5581275808885002
281.6404927714734,1.5581122933448999
281.64050445198995,1.5580948900803664
281.6405216855613,1.5580746578299334
281.6405470161412,1.5580508892268488
281.6405841631027,1.5580227413547545
281.6406385638837,1.5579892250287783
281.6407181640666,1.5579491771455365
281.6408345721397,1.5579012213285257
281.6410047468391,1.5578437255331044
281.641253464856,1.5577750341821637
