Re,shear
323.0546651967781,3.1751292632145094
324.4688787206861,3.1832254474511275
325.88309224133894,3.1914009404709605
327.29730575780593,3.199674234884066
328.7115192687612,3.2080735156460785
330.12573277223316,3.2166422279436064
331.53994626513264,3.225449653024883
332.95415974231804,3.234613164348615
334.3683731929869,3.2443526108418155
335.478632603673,3.2527004926272696
336.2587473837307,3.2592362373418227
336.8068887013078,3.264427331587704
337.19203573596883,3.2686006657400877
337.46265615193914,3.2719890582705458
337.652805362621,3.2747617685190087
337.7864121296129,3.2770445055031097
337.88028980429544,3.278932604850954
337.94625215244366,3.280499779517477
337.99260002132587,3.281804003986432
338.02516593434905,3.282891536472084
338.048048067061,3.283799723550189
338.06412596946745,3.2845590001175324
338.075422934157,3.285194349681906
338.0833606113401,3.285726395936876
338.088937912049,3.286172236910151
338.09285671302433,3.286546095086754
338.0956101822327,3.286859832805458
338.09754484006913,3.28712336679318
338.0989041661452,3.287345005758408
338.0998592392231,3.2875317286011874
338.1005302658294,3.2876894165850583
338.10100170936136,3.2878226320476642
338.1013243878514,3.287933303408146
338.1015452292009,3.288024916602143
338.101696357134,3.288100772462752
338.10179976210617,3.288163601168423
338.101870497766,3.2882156608352027
338.10191886911974,3.28825882008028
338.10195193034514,3.288294633197003
338.1019745096168,3.2883243894190226
338.1019899125021,3.288348996851852
338.1020004222594,3.288368832208175
338.10200734386467,3.288385964054146
338.1020121369278,3.288397827489767
338.1020151491533,3.288410641292009
338.1020174311141,3.2884203485977834
338.1020186240983,3.288434045692341
338.1020195916738,3.2884372486026168
338.1020202367241,3.288439383876091
338.1020217276593,3.288444319234203
338.1020226563167,3.2884639196250034
338.10201663806765,3.2885073017019875
338.10200746130516,3.2885366842618717
338.1019545459982,3.2886248195382826
338.1016473228132,3.2888478341731515
338.099873432878,3.2893872952177245
338.09738007525226,3.289822238706531
338.09018992859455,3.290634098772358
338.0487228888594,3.293076219162791
337.8034988808398,3.29947395193644
337.4499458113893,3.3049722626503244
336.0357327899278,3.319834040161746
334.621519537776,3.332167242520476
333.5837304394585,3.3410076616736197
332.1695170794079,3.3533227125264222
330.7553037002357,3.3662445212343477
329.34109031324107,3.37994589961544
327.9268769256329,3.3944998929183443
326.5126635426285,3.4098982233563353
325.09845016825824,3.4260512110890624
323.6842368056271,3.44278299941269
322.270023456918,3.45983043374708
320.85581012329203,3.4768517553296947
319.4415968067861,3.4934481364410166
318.71872129047176,3.5016303403906845
317.30450799259046,3.516783904605113
315.8902947055411,3.5304835982240763
314.4760814263722,3.542394744257714
313.0618681517749,3.5522537816058257
311.6476548795958,3.5598697769010332
311.24501233441003,3.561608986883095
309.830799056878,3.5661671014690564
308.41658577198797,3.5682742759465182
307.002372476042,3.5679150940903552
305.58815916554704,3.565109382365452
304.17394583749444,3.5599088783990296
302.75973248970354,3.5523957489987783
301.3455191211362,3.5426807854709716
299.93130573206963,3.5308992329316435
298.5170923240545,3.517203290471224
297.10287889966844,3.50175185315058
295.6886654621546,3.4846992185796033
294.2744520150608,3.4661846676625636
292.86023856196886,3.44632412213242
291.44602510635286,3.4252040121516645
290.0318116515683,3.4028765460990296
288.6175982009596,3.379354899740818
287.20338475808666,3.3546062084156416
285.78917132710876,3.328539104512046
284.3749579150406,3.300979736025939
284.06324706476295,3.2946777415889885
282.64903368333205,3.264862598027883
281.2348203452416,3.2325239782041537
280.0313898252627,3.2020789834676098
279.1858091426005,3.1781153444065655
278.59166876001905,3.1591600738529624
278.17420087480986,3.144084058473889
277.8808704937401,3.1320264522121457
277.67476432776857,3.1223307364343285
277.52994555225666,3.1144945432954456
277.4281898667097,3.10813150693729
277.3566921134895,3.1029426735199235
277.30645485195663,3.098695201337136
277.2711561030943,3.095206510776245
277.2463537794044,3.092332469029251
277.2289266839944,3.089958549853551
277.2166817330981,3.087993185776654
277.20807797415085,3.0863627388157377
277.20203266932054,3.08500767004638
277.19778504166936,3.0838796012222187
277.1948005374999,3.082939043728741
277.1927035570737,3.0821536297462138
277.19123018840645,3.0814967236133466
277.19019499606856,3.080946322617415
277.1894676856324,3.080484178849276
277.18895670717836,3.0800950896406576
277.18859773450157,3.0797663145214402
277.18834557075564,3.079487082746017
277.1881684566801,3.079249223854895
277.1880472879241,3.0790484070479476
277.18796441941146,3.0788783477486774
277.1879077753131,3.0787320157021645
277.1878691089847,3.078601069029788
277.1878413962003,3.078474069352641
277.18781703862146,3.0781978429225476
277.1878288778505,3.0780066410740514
277.1878663121732,3.077805587248664
277.188079010178,3.077296850658493
277.18837862838114,3.0768802623011697
277.19183718387484,3.074699917129456
277.2117856630246,3.069807900178987
277.24054714820033,3.065937220931456
277.3234817514914,3.0590782914696937
277.81393041834815,3.0407096428499933
278.52103689097794,3.027994467167056
279.9352501666482,3.0150660756689174
281.34946356728426,3.008849643312123
282.7636770189785,3.006031017683828
284.1778904968345,3.0053576168547895
284.8708999241464,3.0056061636354645
286.28511342549825,3.0070352454572613
287.6993269359921,3.009467047819797
289.1135404530006,3.01269872911973
290.52775397480207,3.0165855622011186
291.94196750021047,3.02101966273323
293.35618102837617,3.025917775274954
294.7703945586706,3.0312138191974736
296.1846080906162,3.036854116794878
297.59882162384156,3.0427942191417863
299.0130351580515,3.048996727743216
300.4272486930066,3.05542976054065
301.8414622285089,3.0620658483027623
303.25567576439056,3.068881126486682
304.6698893005063,3.075854735014309
306.0841028367267,3.082968367834256
307.4983163729327,3.0902059330548717
308.9125299090115,3.0975532970140067
310.32674344485173,3.1049980943388853
311.74095698033994,3.1125295923444662
313.1551705153561,3.120138602997244
314.5693840497688,3.1278174398397907
315.98359758343014,3.135559921320731
317.3978111161686,3.1433614265305776
318.8120246477807,3.151219015206865
320.226238178019,3.159131632267549
321.64045170657636,3.1671004301289853
323.0546652330627,3.1751292634213355
324.4688787569707,3.183225447659807
325.8830922776235,3.1914009406818766
327.2973057940905,3.199674235097826
328.7115193050458,3.2080735158635094
330.12573280851774,3.2166422281661498
331.5399463014172,3.225449653254768
332.9541597786026,3.2346131645898195
334.36837322927147,3.244352611102278
335.4786326399576,3.2527004929152996
336.25874742001525,3.2592362376652484
336.8068887375923,3.2644273319557486
337.19203577225335,3.26860066616353
337.46265618822366,3.271989058761955
337.6528053989055,3.274761769093348
337.78641216589745,3.2770445061778783
337.88028984057996,3.278932605646669
337.9462521887281,3.2804997804590847
337.9926000576103,3.281804005102794
338.0251659706334,3.2828915377978163
338.0480481033453,3.283799725126796
338.06412600575163,3.284559001994379
338.075422970441,3.285194351917629
338.08336064762386,3.285726398602538
338.08893794833244,3.2861722400905213
338.0928567493074,3.2865460988842568
338.0956102185151,3.2868598373426527
338.09754487635064,3.2871233722193063
338.0989042024254,3.2873450122594
338.0998592755014,3.2875317364054357
338.1005303021048,3.287689425980461
338.10100174563297,3.287822643330405
338.1013244241171,3.2879333170518388
338.1015452654579,3.288024933103239
338.1016963933783,3.288100792420427
338.1017997983317,3.2881636253307542
338.101870533964,3.288215690096494
338.1019189052773,3.2882588555197465
338.1019519664437,3.288294676082126
338.10197454563524,3.288324441334095
338.10198994838754,3.2883490617477578
338.10200045767454,3.288368918872946
338.10200737927266,3.2883860510496206
338.10201217342717,3.2883979174279787
338.1020151838535,3.2884107793092987
338.1020174650126,3.2884205254362553
338.1020186540305,3.2884342322659714
338.1020196203867,3.288437476841431
338.10202026462423,3.2884396398917466
338.10202173455366,3.2884445752320826
338.10202265084905,3.288463995381073
338.10201663104755,3.2885073298453955
338.10200745412226,3.2885367028062644
338.1019545387462,3.288624828388954
338.10164731554624,3.2888478379252946
338.09987342560726,3.2893872967841453
338.09738006798096,3.2898222397716004
338.09018992132303,3.2906340994401475
338.0487228815878,3.293076219478312
337.8034988735682,3.299473952073482
337.4499458041176,3.304972262747411
336.0357327826561,3.3198340402280375
334.6215195305043,3.33216724258231
333.5837304321868,3.3410076617358824
332.1695170721362,3.3533227125910976
330.755303692964,3.3662445213026775
329.3410903059694,3.379945899688102
327.9268769183612,3.394499892995489
326.5126635353568,3.4098982234375566
325.09845016098654,3.4260512111737613
323.6842367983554,3.442782999499846
322.2700234496463,3.4598304338350547
320.85581011602034,3.476851755416483
319.4415967995144,3.493448136524526
318.71872128320007,3.501630340471601
317.30450798531876,3.5167839046796496
315.89029469826943,3.5304835982902043
314.4760814191005,3.542394744313791
313.0618681445032,3.5522537816509194
311.6476548723241,3.5598697769341534
311.24501232713834,3.561608986912706
309.8307990496063,3.5661671014862373
308.4165857647163,3.568274275951013
307.0023724687703,3.5679150940822586
305.58815915827535,3.5651093823448274
304.17394583022275,3.5599088783663086
302.75973248243184,3.552395748954317
301.3455191138645,3.5426807854155746
299.93130572479794,3.5308992328659414
298.5170923167828,3.517203290396165
297.10287889239675,3.5017518530669087
295.6886654548829,3.4846992184880663
294.2744520077891,3.4661846675637884
292.86023855469716,3.4463241220269722
291.44602509908117,3.4252040120399148
290.0318116442966,3.402876545981112
288.6175981936879,3.3793548996167773
287.20338475081496,3.354606208285132
285.78917131983707,3.3285391043743746
284.37495790776893,3.3009797358799506
284.06324705749125,3.294677741440912
282.64903367606036,3.264862597868786
281.2348203379699,3.2325239780296027
280.031389817991,3.2020789832725307
279.1858091353288,3.178115344187483
278.59166875274735,3.159160073605599
278.17420086753816,3.144084058193118
277.8808704864684,3.1320264518916385
277.6747643204969,3.1223307360666204
277.52994554498497,3.1144945428713364
277.428189859438,3.108131506446112
277.3566921062178,3.102942672948779
277.30645484468494,3.0986952006701727
277.2711560958226,3.0952065099954593
277.2463537721327,3.0923324681125193
277.2289266767227,3.0899585487748498
277.21668172582645,3.0879931845038975
277.2080779668793,3.0863627373119127
277.202032662049,3.0850076682664915
277.1977850343979,3.0838795991103853
277.1948005302285,3.0829390412220525
277.19270354980256,3.0821536267641987
277.1912301811356,3.081496720060578
277.1901949887981,3.0809463183767276
277.1894676783626,3.080484173774438
277.18895669990945,3.0800950835508036
277.188597727234,3.079766307178587
277.18834556349015,3.0794870738416584
277.18816844941745,3.0792492130552365
277.1880472806662,3.07904839379589
277.18796441215966,3.078878331509675
277.1879077680691,3.0787319950710392
277.1878691017667,3.078601040412114
277.1878413895815,3.078474032175638
277.18781703087984,3.078197842844618
277.1878288710306,3.078006695545339
277.1878663052481,3.077805614209898
277.1880790032191,3.077296862572319
277.1883786214183,3.076880270408164
277.19183717691,3.074699920122244
277.21178565605936,3.0698079013606114
277.240547141235,3.065937221703781
277.323481744526,3.059078291923247
277.8139304113828,3.040709643021296
278.5210368840126,3.0279944672608243
279.9352501596828,3.015066075711638
281.3494635603189,3.008849643332897
282.76367701201315,3.0060310176917153
284.1778904898691,3.0053576168539835
284.8708998750342,3.0056061636063625
286.28511337638605,3.0070352453888214
287.6993268868799,3.0094670477204875
289.1135404038884,3.012698728995387
290.52775392568986,3.016585562056068
291.94196745109826,3.021019662570782
293.35618097926397,3.0259177750976107
294.7703945095584,3.031213819007312
296.184608041504,3.0368541165935725
297.59882157472936,3.0427942189307515
299.0130351089393,3.048996727523649
300.4272486438944,3.0554297603135794
301.8414621793967,3.06206584806907
303.25567571527836,3.0688811262471325
304.6698892513941,3.0758547347695937
306.0841027876145,3.0829683675849884
307.4983163238205,3.090205932801541
308.9125298598993,3.0975532967570936
310.3267433957395,3.1049980940787933
311.74095693122774,3.1125295920815095
313.1551704662439,3.120138602731747
314.5693840006566,3.127817439572004
315.98359753431794,3.135559921050814
317.3978110670564,3.1433614262586658
318.8120245986685,3.1512190149330372
320.2262381289068,3.1591316319918077
321.64045165746415,3.167100429851236
323.0546651839505,3.1751292631413994
324.4688787078585,3.183225447377354
325.8830922285113,3.191400940396405
327.2973057449783,3.1996742348085037
328.7115192559336,3.208073515569202
330.12573275940554,3.216642227864935
331.539946252305,3.2254496529436234
332.9541597294904,3.2346131642633256
334.36837318015927,3.244352610749755
335.4786325908454,3.252700492525479
336.25874737090305,3.2592362372274595
336.80688868848017,3.2644273314575405
337.1920357231412,3.268600665590391
337.4626561391115,3.2719890580967896
337.65280534979337,3.274761768316022
337.7864121167853,3.27704450526461
337.8802897914678,3.27893260456955
337.94625213961604,3.2804997791846633
337.99260000849824,3.2818040035918887
338.0251659215215,3.282891536003339
338.0480480542335,3.283799722992619
338.06412595663994,3.2845589994541498
338.0754229213295,3.285194348891215
338.0833605985126,3.285726394993941
338.08893789922166,3.2861722357858136
338.09285670019716,3.286546093744951
338.09561016940575,3.286859831201877
338.09754482724253,3.2871233648743905
338.0989041533191,3.2873450034608487
338.09985922639765,3.2875317258412267
338.1005302530049,3.2876894132641965
338.1010016965383,3.2878226280556735
338.1013243750304,3.2879332985819607
338.101545216383,3.2880249107693085
338.1016963443206,3.2881007654068024
338.10179974929935,3.2881635926309745
338.10187048496886,3.2882156505047107
338.1019188563369,3.2882588075651062
338.10195191758316,3.288294618051566
338.1019744968825,3.288324371092891
338.1019898998141,3.2883489738025795
338.10200040976264,3.288368800678569
338.10200733134843,3.2883859334216434
338.102012123992,3.2883977964733924
338.10201513687025,3.288410592781381
338.10201741928165,3.2884202866476704
338.10201861357626,3.288433982721063
338.1020195815712,3.28843717115898
338.1020202269012,3.2884392967843206
338.10202172525493,3.2884442321490646
338.10202265815207,3.2884638945474727
338.10201664041523,3.2885072923056757
338.10200746370697,3.288536678058014
338.1019545484231,3.288624816583483
338.1016473252432,3.288847832916871
338.09987343530923,3.2893872946934097
338.0973800776837,3.289822238349773
338.0901899310261,3.290634098548957
338.048722891291,3.2930762190570744
337.8034988832714,3.299473951890496
337.4499458138209,3.304972262617827
336.0357327923594,3.3198340401395257
334.6215195402076,3.33216724249981
333.5837304418901,3.3410076616527693
332.1695170818395,3.3533227125048546
330.7553037026673,3.3662445212114696
329.34109031567266,3.379945899591186
327.9268769280645,3.3944998928926733
326.5126635450601,3.4098982233291726
325.09845017068983,3.4260512110606838
323.6842368080587,3.4427829993836743
322.2700234593496,3.4598304337177073
320.8558101257236,3.4768517553007294
319.4415968092177,3.49344813641308
318.71872129290335,3.5016303403636657
317.30450799502205,3.5167839045802607
315.8902947079727,3.5304835982019886
314.4760814288038,3.542394744238878
313.0618681542065,3.5522537815908284
311.6476548820274,3.559869776889959
311.2450123368416,3.561608986873063
309.8307990593096,3.566167101463362
308.41658577441956,3.5682742759450456
307.0023724784736,3.567915094093071
305.58815916797863,3.5651093823724187
304.17394583992603,3.55990887841003
302.75973249213513,3.552395749013561
301.3455191235678,3.542680785489449
299.9313057345012,3.5308992329535593
298.5170923264861,3.51720329049635
297.10287890210003,3.5017518531785843
295.68866546458617,3.484699218610266
294.27445201749237,3.4661846676955044
292.86023856440045,3.4463241221676544
291.44602510878445,3.4252040121889924
290.0318116539999,3.4028765461384474
288.6175982033912,3.3793548997822933
287.20338476051825,3.3546062084593347
285.78917132954035,3.3285391045581343
284.3749579174722,3.300979736074766
284.06324706719454,3.2946777416384654
282.64903368576364,3.2648625980810513
281.2348203476732,3.232523978262476
280.0313898276943,3.2020789835328056
279.18580914503207,3.178115344479851
278.59166876245064,3.159160073935608
278.17420087724145,3.1440840585677954
277.88087049617167,3.132026452319368
277.67476433020016,3.1223307365573527
277.52994555468825,3.114494543437421
277.4281898691413,3.108131507101467
277.3566921159211,3.1029426737111203
277.3064548543882,3.098695201559993
277.2711561055259,3.095206511037284
277.246353781836,3.092332469335406
277.228926686426,3.0899585502145506
277.2166817355297,3.0879931862021692
277.2080779765824,3.0863627393183544
277.2020326717521,3.0850076706423852
277.19778504410084,3.0838796019285977
277.1948005399313,3.0829390445663485
277.19270355950505,3.0821536307431434
277.1912301908377,3.081496724802312
277.19019499849963,3.080946324036752
277.18946768806325,3.080484180546225
277.18895670960893,3.0800950916745027
277.1885977369317,3.079766316974864
277.1883455731851,3.0794870857234016
277.18816845910857,3.07924922746258
277.18804729035105,3.079048411480269
277.1879644218362,3.078878353204238
277.18790777773523,3.0787320226223396
277.1878691113976,3.0786010786128744
277.1878413983646,3.0784740812936198
277.1878170417423,3.078197842958411
277.18782888061486,3.078006618971293
277.1878663149803,3.0778055763246956
277.1880790129988,3.077296845829625
277.18837863120353,3.076880259009734
277.1918371866981,3.0746999159172352
277.211785665848,3.0698078997002765
277.2405471510238,3.0659372206184754
277.32348175431486,3.059078291285674
277.8139304211716,3.040709642780634
278.5210368938014,3.027994467129047
279.93525016947166,3.015066075651604
281.34946357010773,3.008849643303683
282.763677021802,3.006031017680628
284.17789049965796,3.0053576168550906
284.8708998426762,3.0056061635871556
286.28511334402805,3.0070352453437397
287.69932685452187,3.00946704765507
289.1135403715304,3.0126987289134997
290.52775389333186,3.016585561960552
291.94196741874026,3.021019662463728
293.35618094690597,3.025917774980761
294.7703944772004,3.0312138188819917
296.184608009146,3.0368541164609253
297.59882154237135,3.0427942187917068
299.0130350765813,3.0489967273789733
300.4272486115364,3.055429760163971
301.84146214703867,3.0620658479150884
303.25567568292036,3.0688811260893063
304.6698892190361,3.075854734608366
306.0841027552565,3.0829683674207367
307.4983162914625,3.0902059326346256
308.9125298275413,3.097553296587808
310.3267433633815,3.104998093907426
311.74095689886974,3.11252959190827
313.15517043388587,3.120138602556828
314.5693839682986,3.127817439395558
315.98359750195993,3.135559920872967
317.3978110346984,3.143361426079517
318.81202456631047,3.1512190147526145
320.2262380965488,3.159131631810116
321.64045162510615,3.1671004296682366
323.0546651515925,3.175129262956967
324.4688786755005,3.1832254471912567
325.8830921961533,3.191400940208294
327.2973057126203,3.199674234617909
328.7115192235756,3.2080735153752866
330.12573272704753,3.216642227666478
331.539946219947,3.2254496527385994
332.9541596971324,3.234613164048223
334.3683731478013,3.244352610517508
335.47863255848745,3.252700492268596
336.2587473385451,3.2592362369390204
336.8068886561222,3.2644273311293333
337.19203569078326,3.2686006652128086
337.46265610675357,3.2719890576584687
337.6528053174354,3.2747617678038794
337.78641208442735,3.277044504663088
337.88028975910987,3.278932603859931
337.9462521072581,3.2804997783451437
337.9925999761403,3.2818040025965085
338.02516588916353,3.2828915348210623
338.0480480218756,3.2837997215867256
338.06412592428217,3.28455899778022
338.0754228889719,3.2851943468974323
338.0833605661552,3.2857263926170006
338.08893786686446,3.2861722329494714
338.09285666784035,3.2865460903581147
338.0956101370495,3.2868598271549647
338.0975447948871,3.287123360033962
338.0989041209648,3.2873449976617946
338.09985919404505,3.287531718883746
338.1005302206548,3.2876894048862675
338.1010016641916,3.2878226179931476
338.101324342689,3.2879332864167914
338.10154518404937,3.2880248960539715
338.10169631199835,3.2881007476087274
338.10179971699375,3.2881635710922694
338.1018704526878,3.2882156244165275
338.1019188240922,3.2882587759517063
338.10195188539063,3.288294579829786
338.1019744647616,3.2883243248138294
338.1019898678118,3.288348915976587
338.1020003781761,3.2883687235174355
338.10200729977373,3.288385855717381
338.1020120914818,3.288397716057355
338.1020151059261,3.2884104702795147
338.1020173889906,3.288420130007305
338.1020185867618,3.28843381642755
338.10201955579396,3.288436968765744
338.1020202018154,3.288439070324488
338.1020217189567,3.288444005704929
338.1020226628835,3.288463828758439
338.10201664649645,3.2885072678907945
338.10200746992956,3.288536661977212
338.1019545547056,3.288624808915156
338.10164733153874,3.2888478296671577
338.09987344160805,3.289387293337621
338.097380083983,3.289822237426042
338.0901899373256,3.2906340979707007
338.04872289759055,3.293076218783772
337.80349888957096,3.2994739517717413
337.44994582012043,3.304972262533654
336.03573279865896,3.319834040082133
334.62151954650716,3.3321672424461086
333.58373044818967,3.3410076615989213
332.16951708813906,3.3533227124488003
330.75530370896684,3.3662445211523053
329.3410903219722,3.379945899528301
327.92687693436403,3.3944998928258547
326.51266355135965,3.409898223258807
325.0984501769894,3.4260512109872687
323.68423681435826,3.442782999308192
322.27002346564916,3.459830433641555
320.8558101320232,3.4768517552255487
319.44159681551724,3.4934481363407572
318.7187212992029,3.5016303402935045
317.3045080013216,3.516783904515647
315.8902947142723,3.5304835981447242
314.47608143510337,3.5423947441902897
313.06186816050604,3.552253781551704
311.64765488832694,3.559869776861034
311.2450125960222,3.5616089858159192
309.83079931849016,3.5661671008515023
308.41658603360014,3.568274275784954
307.0023727376542,3.5679150943842375
305.5881594271592,3.5651093831080916
304.1739460991066,3.5599088795779754
302.75973275131577,3.552395750596041
301.3455193827484,3.5426807874637696
299.93130599368186,3.530899235292948
298.5170925856667,3.517203293172037
297.10287916128067,3.501751856161623
295.6886657237668,3.484699221873342
294.274452276673,3.4661846712151503
292.8602388235811,3.446324125925026
291.4460253679651,3.4252040161713033
290.03181191318055,3.4028765503395175
288.61759846257183,3.3793549042037228
287.2033850196989,3.3546062131119307
285.789171588721,3.3285391094652903
284.37495817665217,3.300979738015507
283.10840102588656,3.2747851058668713
281.69418767113353,3.243363586164084
280.3781654851131,3.2112107685575237
279.4294759693641,3.1853148769912147
278.7628869974013,3.1648659736231335
278.2945136956438,3.148631498287319
277.96541503456996,3.1356708458055556
277.73417657542797,3.1252670472377244
277.5716987970535,3.116872208198484
277.45753515575745,3.110065704442021
277.3773190526518,3.1045227429457514
277.32095591300174,3.0999909095614515
277.28135286537014,3.096272717409055
277.253526160918,3.093212608524738
277.23397400877906,3.0906872419912546
277.2202359038969,3.088598203783889
277.2105829922867,3.086866503048304
277.2038005086869,3.0854283900429955
277.19903490813294,3.0842321560196164
277.1956864541943,3.0832356665073726
277.1933337469708,3.082404445617764
277.1916806933049,3.0817101770242616
277.19051924583835,3.0811295221016852
277.1897032219253,3.080643181012998
277.189129907723,3.080235140828258
277.1887271324861,3.0798920679479487
277.1884441867957,3.079602811824781
277.18824543850076,3.079358758151802
277.1881094495584,3.079156197294002
277.18801642181364,3.078988620205157
277.18795280372365,3.0788499084793566
277.18790931858786,3.078735023098069
277.18787961609485,3.0786398134795876
277.18785934922494,3.0785608626571337
277.1878455423145,3.0784953610304453
277.1878361584935,3.078440997700494
277.18782980397236,3.0783958798389923
277.1878255247636,3.0783586174554696
277.18782265033195,3.0783285318069495
277.1878205849233,3.07830104342591
277.1878195770816,3.078268163700272
277.18781870842923,3.078257228261291
277.18781812932764,3.0782499379684953
277.18781720486464,3.078238299931007
277.1878165762259,3.078197303760999
277.18782889859835,3.078006475384936
277.18786633324095,3.0778055052129654
277.1880790313486,3.0772968144250936
277.1883786495637,3.0768802376202142
277.1918372050635,3.074699908025893
277.21178568421453,3.069807896583645
277.2405471693905,3.0659372185814413
277.3234817726816,3.0590782900896505
277.8139304395384,3.040709642329285
278.5210369121682,3.0279944668817187
279.9352501878385,3.0150660755390026
281.3494635884746,3.0088496432488276
282.76367704016883,3.0060310176597413
284.1778905180248,3.0053576168571623
284.87089986104303,3.0056061635980496
286.2851133623949,3.00703524536933
287.6993268728887,3.0094670476921888
289.11354038989725,3.012698728959965
290.5277539116987,3.016585562014779
291.9419674371071,3.0210196625244974
293.3561809652728,3.0259177750470787
294.77039449556725,3.031213818953122
296.18460802751287,3.0368541165362206
297.5988215607382,3.0427942188706183
299.0130350949481,3.0489967274610894
300.42724862990326,3.055429760248879
301.8414621654055,3.062065848002505
303.2556757012872,3.0688811261789066
304.66988923740297,3.0758547346998872
306.08410277362333,3.0829683675139536
307.49831630982936,3.0902059327293676
308.9125298459081,3.0975532966838957
310.3267433817484,3.1049980940046877
311.7409569172366,3.1125295920066094
313.1551704522527,3.1201386026561173
314.56938398666546,3.12781743949571
315.9835975203268,3.1355599209739156
317.39781105306525,3.143361426181212
318.8120245846773,3.1512190148550214
320.22623811491565,3.1591316319132545
321.640451643473,3.167100429772109
323.0546651699593,3.175129263061642
324.46887869386734,3.1832254472969086
325.88309221452016,3.191400940315058
327.29730573098715,3.1996742347260865
328.7115192419424,3.208073515485366
330.1257327454144,3.216642227779116
331.53994623831386,3.2254496528549503
332.95415971549926,3.2346131641703098
334.3683731661681,3.2443526106493414
335.47863257685424,3.252700492414426
336.2587473569119,3.25923623710274
336.806888674489,3.2644273313156775
337.19203570915005,3.2686006654270936
337.46265612512036,3.271989057907255
337.6528053358022,3.274761768094552
337.78641210279415,3.2770445050045156
337.88028977747666,3.278932604262791
337.9462521256249,3.280499778821739
337.9925999945071,3.281804003161519
338.0251659075303,3.2828915354920705
338.04804804024235,3.283799722384603
338.06412594264884,3.2845589987302404
338.0754229073385,3.2851943480290693
338.0833605845217,3.285726393966375
338.08893788523085,3.2861722345591136
338.0928566862065,3.286546092280319
338.09561015541533,3.286859829452211
338.09754481325245,3.2871233627817444
338.0989041393295,3.287345000952805
338.0998592124088,3.287531722833434
338.1005302390171,3.287689409643458
338.10100168255195,3.2878226237070347
338.10132436104635,3.287933293324602
338.1015452024023,3.288024904408016
338.1016963303448,3.2881007577112666
338.1017997353307,3.28816358331924
338.1018704710109,3.2882156392193176
338.1019188423947,3.2882587938895664
338.1019519036635,3.288294601519178
338.1019744829938,3.288324351078007
338.10198988597733,3.288348948790039
338.1020003961012,3.288368767457905
338.1020073176952,3.288385899821356
338.10201210993324,3.288397761592355
338.1020151234953,3.288410539545091
338.1020174062817,3.2884202189001006
338.1020186020393,3.288433912437544
338.1020195704867,3.2884370851851905
338.10202021611826,3.288439200350372
338.1020217225877,3.2884441357221044
338.102022660171,3.288463866317474
338.10201664301405,3.2885072818892116
338.1020074663658,3.288536671178698
338.1019545511076,3.2886248133046556
338.1016473279333,3.2888478315306235
338.0998734380007,3.2893872941131157
338.0973800803754,3.289822237956229
338.09018993371785,3.29063409830174
338.04872289398276,3.29307621894037
337.80349888596317,3.2994739518397584
337.44994581651264,3.3049722625819293
336.03573279505116,3.3198340401149773
334.62151954289936,3.3321672424767654
333.5837304445819,3.34100766162979
332.16951708453126,3.3533227124808582
330.75530370535904,3.3662445211861747
329.3410903183644,3.379945899564259
327.92687693075624,3.3944998928641485
326.51266354775186,3.4098982232991135
325.0984501733816,3.426051211029357
323.68423681075046,3.4427829993514223
322.27002346204137,3.45983043368517
320.8558101284154,3.4768517552685925
319.44159681190945,3.4934481363821783
318.7187212955951,3.5016303403336844
317.3045079977138,3.5167839045526654
315.8902947106645,3.5304835981775184
314.4760814314956,3.542394744218127
313.06186815689824,3.5522537815741195
311.64765488471915,3.5598697768775427
311.2450125924144,3.561608985830713
309.83079931488237,3.5661671008600457
308.41658602999235,3.5682742757871684
307.0023727340464,3.567915094380189
305.5881594235514,3.565109383097794
304.1739460954988,3.5599088795617337
302.759732747708,3.5523957505740604
301.3455193791406,3.5426807874362924
299.93130599007407,3.5308992352604247
298.5170925820589,3.517203293134818
297.1028791576729,3.501751856120027
295.688665720159,3.4846992218279005
294.2744522730652,3.4661846711661335
292.8602388199733,3.4463241258727124
291.4460253643573,3.4252040161158925
290.03181190957275,3.4028765502810248
288.61759845896404,3.379354904142155
287.2033850160911,3.354606213047141
285.7891715851132,3.328539109396989
284.3749581730444,3.3009797379431687
283.10840110657244,3.274785107588245
281.6941877518194,3.2433635880370506
280.37816556579895,3.211210770644217
279.4294760500499,3.185314879330702
278.76288707808715,3.164865976259516
278.2945137763296,3.14863150127473
277.9654151152557,3.1356708492097214
277.73417665611373,3.1252670511375054
277.57169887773927,3.116872212688313
277.45753523644316,3.110065709634941
277.37731913333744,3.104522748977148
277.32095599368733,3.099990916592635
277.28135294605556,3.096272725633472
277.25352624160325,3.0932126181719077
277.233974089464,3.0906872533365384
277.22023598458145,3.088598217154833
277.21058307297073,3.086866518839192
277.20380058937025,3.085428408722251
277.19903498881524,3.0842321781496413
277.1956865348751,3.0832356927624676
277.1933338276495,3.082404476809013
277.1916807739806,3.0817102141268373
277.1905193265098,3.081129566295923
277.1897033025906,3.080643233738234
277.1891299883795,3.080235203848673
277.1887272131298,3.0798921434567843
277.1884442674205,3.079602902590737
277.1882455190996,3.0793588670595877
277.1881095301172,3.0791563288755994
277.18801650231376,3.0789887792588884
277.1879528841376,3.078850100883971
277.1879093988752,3.078735255971518
277.1878796961959,3.078640095530094
277.1878594290512,3.0785612045437243
277.18784562173397,3.078495775779428
277.1878362373083,3.07844150106049
277.18782988189,3.0783964898463325
277.18782560141693,3.0783593543634535
277.1878227250732,3.078329442523145
277.18782065183234,3.078302157163675
277.18781963635655,3.0782690993746527
277.18781876203946,3.078258485956249
277.1878181791614,3.0782514103441874
277.18781722041444,3.0782397720239216
277.1878165686583,3.0781977400078375
277.1878288881346,3.0780065589123256
277.187866322616,3.0778055465811835
277.1880790206718,3.0772968326907706
277.18837863888086,3.076880250065622
277.1918371943776,3.0746999126178145
277.211785673528,3.06980789839696
277.24054715870386,3.065937219766619
277.3234817619949,3.0590782907856595
277.8139304288517,3.0407096425919313
278.52103690148147,3.0279944670256826
279.9352501771518,3.0150660756045604
281.34946357778784,3.008849643280763
282.7636770294821,3.006031017671881
284.1778905073381,3.0053576168559686
284.87089989250313,3.005606163616711
286.285113393855,3.0070352454131597
287.6993269043488,3.0094670477558054
289.11354042135736,3.0126987290396228
290.5277539431588,3.016585562107668
291.9419674685672,3.0210196626285772
293.3561809967329,3.0259177751606927
294.77039452702735,3.0312138190749405
296.18460805897297,3.0368541166651792
297.5988215921983,3.042794219005809
299.0130351264082,3.0489967276017476
300.42724866136336,3.0554297603943485
301.8414621968656,3.062065848152196
303.2556757327473,3.0688811263323412
304.6698892688631,3.0758547348566427
306.08410280508343,3.082968367673643
307.49831634128947,3.0902059328916343
308.91252987736823,3.0975532968484734
310.3267434132085,3.104998094171315
311.7409569486967,3.112529592175044
313.1551704837128,3.1201386028261977
314.56938401812556,3.1278174396672656
315.9835975517869,3.135559921146813
317.39781108452536,3.143361426355389
318.8120246161374,3.151219015030451
320.22623814637575,3.1591316320898866
321.6404516749331,3.1671004299500303
323.0546652014194,3.175129263240974
324.46887872532744,3.1832254474778248
325.88309224598027,3.191400940497947
327.29730576244725,3.1996742349114067
328.71151927340253,3.2080735156738776
330.1257327768745,3.2166422279720637
331.53994626977396,3.2254496530542656
332.95415974695936,3.2346131643794576
334.3683731976282,3.2443526108751453
335.47863260831434,3.2527004926641143
336.258747388372,3.2592362373832002
336.8068887059491,3.264427331634792
337.19203574061015,3.268600665794273
337.46265615658046,3.2719890583333675
337.6528053672623,3.2747617685925228
337.78641213425425,3.2770445055895356
337.88028980893677,3.2789326049527325
337.946252157085,3.2804997796379407
337.9926000259672,3.2818040041293246
338.02516593899037,3.282891536641525
338.04804807170234,3.2837997237517804
338.0641259741087,3.2845590003577034
338.0754229387982,3.285194349968049
338.08336061598123,3.2857263962776253
338.0889379166901,3.2861722373169484
338.0928567176654,3.286546095572148
338.0956101868737,3.2868598333863943
338.09754484471006,3.2871233674866422
338.09890417078594,3.287345006590922
338.0998592438636,3.2875317295990003
338.10053027046945,3.287689417787626
338.101001714001,3.287822633488827
338.10132439249026,3.2879333051490285
338.10154523383864,3.288024918711258
338.10169636177005,3.288100775019925
338.1017997667398,3.2881636042617757
338.1018705023962,3.2882156645805827
338.10191887374475,3.2882588246194677
338.1019519349626,3.2882946386880683
338.1019745142236,3.288324396069607
338.10198991709206,3.288349005078886
338.10200042679963,3.2883688428865008
338.10200734839503,3.2883859751871807
338.1020121415782,3.2883978392517705
338.1020151535881,3.288410658826857
338.1020174356179,3.2884203714946314
338.1020186280154,3.2884340726812242
338.1020195954371,3.288437280878875
338.10202024038495,3.2884394196773163
338.1020217286258,3.288444355033552
338.10202265555324,3.2884639302276035
338.10201663708705,3.2885073056751137
338.10200746030125,3.2885366868553723
338.1019545449846,3.2886248207748103
338.10164732179754,3.2888478346983128
338.0998734318618,3.2893872954351497
338.097380074236,3.2898222388554488
338.0901899275783,3.2906340988655596
338.04872288784316,3.2930762192071388
337.80349887982356,3.299473951955467
337.449945810373,3.304972262663857
336.0357327889115,3.3198340401709867
334.6215195367597,3.332167242529112
333.5837304384422,3.341007661682288
332.1695170783916,3.353322712535491
330.7553036992194,3.3662445212439303
329.34109031222476,3.3799458996256537
327.9268769246166,3.3944998929292067
326.5126635416122,3.409898223367664
325.09845016724194,3.42605121110087
323.6842368046108,3.442782999424932
322.2700234559017,3.459830433759401
320.8558101222757,3.476851755341876
319.4415968057698,3.493448136452701
318.71872128945546,3.50163034040201
317.30450799157416,3.5167839046155063
315.8902947045248,3.530483598233318
314.4760814253559,3.542394744265596
313.0618681507586,3.5522537816122424
311.6476548785795,3.5598697769056757
311.24501233339373,3.561608986887186
309.8307990558617,3.5661671014714766
308.41658577097166,3.568274275947172
307.0023724750257,3.567915094089203
305.58815916453074,3.565109382362653
304.17394583647814,3.5599088783945008
302.75973248868723,3.552395748992548
301.3455191201199,3.542680785463229
299.9313057310533,3.5308992329224336
298.5170923230382,3.517203290460742
297.10287889865214,3.50175185313889
295.68866546113827,3.484699218566805
294.27445201404447,3.4661846676487413
292.86023856095255,3.4463241221176606
291.44602510533656,3.4252040121359926
290.031811650552,3.402876546082571
288.6175981999433,3.3793548997235017
287.20338475707035,3.354606208397394
285.78917132609246,3.328539104492817
284.3749579140243,3.3009797360055297
284.06324706374664,3.294677741568246
282.64903368231575,3.2648625980056587
281.2348203442253,3.232523978179703
280.0313898242464,3.2020789834403396
279.1858091415842,3.1781153443759127
278.59166875900274,3.1591600738183776
278.17420087379355,3.1440840584346867
277.8808704927238,3.132026452167375
277.67476432675227,3.1223307363829655
277.52994555124036,3.1144945432362325
277.4281898656934,3.108131506868603
277.3566921124732,3.1029426734401095
277.3064548509403,3.0986952012439755
277.271156102078,3.095206510667175
277.2463537783881,3.092332468900946
277.2289266829781,3.0899585497027595
277.2166817320818,3.0879931855988456
277.20807797313455,3.0863627386051458
277.20203266830424,3.085007669797567
277.19778504065306,3.083879600927824
277.19480053648357,3.0829390433786594
277.19270355605744,3.082153629329559
277.19123018739026,3.0814967231172403
277.1901949950524,3.0809463220259152
277.1894676846163,3.080484178140814
277.1889567061624,3.0800950887904506
277.18859773348584,3.0797663134955986
277.1883455697402,3.0794870815022075
277.18816845566505,3.0792492223493815
277.1880472869098,3.07904840519225
277.1879644183979,3.078878345512133
277.18790777430047,3.078732012843947
277.18786910797576,3.0786010649542965
277.1878413953101,3.078474063965265
277.18781703727524,3.0781978429073824
277.18782887666515,3.078006650514795
277.18786631096964,3.0778055919368232
277.18807900896854,3.077296852726693
277.188378627171,3.0768802637032597
277.19183718266436,3.07469991765071
277.2117856618141,3.0698079003846557
277.2405471469898,3.0659372210658615
277.32348175028085,3.0590782915484604
277.8139304171376,3.0407096428798672
278.5210368897674,3.0279944671833663
279.93525016543765,3.015066075676377
281.3494635660737,3.0088496433157292
282.763677017768,3.0060310176851908
284.17789049562396,3.0053576168546297
284.8708998386422,3.005606163584767
286.28511333999404,3.0070352453381135
287.69932685048786,3.009467047646888
289.1135403674964,3.0126987289032794
290.52775388929786,3.0165855619486264
291.94196741470626,3.021019662450388
293.35618094287196,3.025917774966189
294.7703944731664,3.031213818866364
296.184608005112,3.0368541164443985
297.59882153833735,3.042794218774364
299.01303507254727,3.0489967273609353
300.4272486075024,3.055429760145306
301.84146214300466,3.0620658478958984
303.25567567888635,3.0688811260696256
304.6698892150021,3.0758547345882725
306.0841027512225,3.082968367400248
307.4983162874285,3.0902059326138183
308.91252982350727,3.0975532965667094
310.3267433593475,3.104998093886067
311.74095689483573,3.112529591886686
313.15517042985186,3.120138602535014
314.5693839642646,3.1278174393735583
315.9835974979259,3.1355599208507963
317.3978110306644,3.143361426057163
318.81202456227646,3.151219014730128
320.2262380925148,3.159131631787477
321.64045162107215,3.1671004296454295
323.05466514755847,3.1751292629339525
324.4688786714665,3.183225447168061
325.8830921921193,3.191400940184862
327.2973057085863,3.199674234594151
328.7115192195416,3.2080735153511233
330.1257327230135,3.2166422276417417
331.539946215913,3.2254496527130363
332.9541596930984,3.2346131640214075
334.36837314376726,3.2443526104885287
335.4786325544534,3.2527004922366167
336.25874733451104,3.259236236903055
336.80688865208816,3.264427331088409
337.1920356867492,3.2686006651657116
337.4626561027195,3.271989057603944
337.65280531340136,3.2747617677400154
337.7864120803933,3.277044504588022
337.8802897550758,3.278932603771546
337.9462521032241,3.2804997782405145
337.9925999721063,3.2818040024722532
338.0251658851296,3.2828915346736816
338.04804801784167,3.2837997214112633
338.0641259202482,3.284558997571735
338.07542288493795,3.2851943466485514
338.0833605621213,3.2857263923203903
338.0889378628306,3.2861722325955
338.0928566638066,3.286546089935807
338.0956101330158,3.286859826650962
338.0975447908535,3.287123359430733
338.09890411693135,3.2873449969397015
338.09985919001184,3.2875317180161447
338.1005302166219,3.287689403842167
338.1010016601591,3.2878226167421456
338.1013243386572,3.2879332848983736
338.1015451800185,3.288024894224848
338.1016963079689,3.2881007453894906
338.1017997129664,3.2881635684029487
338.1018704486635,3.2882156211648894
338.1019188200723,3.2882587720221315
338.10195188137726,3.288294575072465
338.10197446075694,3.288324319057655
338.1019898638219,3.2883489087358497
338.10200037424426,3.2883687136824613
338.1020072958372,3.288385846096964
338.1020120874184,3.2883977062794454
338.1020151020639,3.2884104550839437
338.1020173852466,3.288420110564209
338.1020185834357,3.2884337962727557
338.1020195525957,3.2884369441291064
338.1020201987024,3.2884390427000083
338.10202171820487,3.2884439780825536
338.10202266347966,3.2884638208094006
338.1020166472538,3.288507264855726
338.1020074707043,3.288536659965259
338.10195455548785,3.28862480795655
338.1016473323226,3.28884782926276
338.0998734423923,3.289387293168749
338.09738008476734,3.28982223731185
338.09018993811,3.290634097898739
338.04872289837493,3.2930762187496563
337.80349889035534,3.2994739517568155
337.4499458209048,3.3049722625231737
336.03573279944334,3.319834040074952
334.62151954729154,3.3321672424393505
333.58373044897405,3.341007661592184
332.16951708892344,3.3533227124418055
330.7553037097512,3.366244521144903
329.3410903227566,3.3799458995203784
327.9268769351484,3.394499892817582
326.51266355214403,3.409898223250024
325.09845017777377,3.426051210978215
323.68423681514264,3.4427829992987355
322.27002346643354,3.4598304336320194
320.85581013280756,3.4768517552161144
319.4415968163016,3.493448136331703
318.7187212999873,3.501630340284694
317.304508002106,3.5167839045076663
315.89029471505665,3.5304835981376286
314.47608143588775,3.5423947441842074
313.0618681612904,3.552253781546893
311.6476548891113,3.5598697768574645
311.2450125968066,3.5616089858126894
309.83079931927455,3.5661671008496296
308.4165860343845,3.5682742757844754
307.00237273843857,3.5679150943851603
305.5881594279436,3.565109383110335
304.173946099891,3.559908879581485
302.75973275210015,3.5523957506008976
301.3455193835328,3.5426807874697337
299.93130599446624,3.530899235300021
298.5170925864511,3.5172032931801955
297.10287916206505,3.501751856170629
295.6886657245512,3.4846992218832185
294.2744522774574,3.466184671225778
292.86023882436547,3.446324125936357
291.4460253687495,3.4252040161833825
290.03181191396493,3.4028765503522425
288.6175984633562,3.379354904217091
287.20338502048327,3.3546062131260177
285.7891715895054,3.3285391094801264
284.37495817743655,3.3009797380311405
283.1084009423772,3.274785104085169
281.6941875876242,3.243363584225608
280.3781654016037,3.211210766397749
279.42947588585474,3.185314874569849
278.762886913892,3.1648659708944633
278.29451361213444,3.148631495195371
277.9654149510606,3.1356708422821753
277.7341764919186,3.1252670432016134
277.5716987135442,3.116872203551543
277.4575350722482,3.110065699067129
277.3773189691426,3.104522736703284
277.3209558294927,3.099990902284187
277.2813527818612,3.0962727088973137
277.2535260774092,3.0932125985397527
277.2339739252705,3.0906872302489337
277.22023582038867,3.088598189943776
277.21058290877903,3.0868664867055586
277.20380042518,3.0854283707100407
277.1990348246271,3.08423213311405
277.19568637069,3.083235639333595
277.19333366346865,3.0824044133357362
277.1916806098058,3.0817101386246373
277.1905191623437,3.0811294763596666
277.18970313843704,3.0806431264417626
277.1891298242439,3.080235075599398
277.1887270490202,3.079891989792813
277.1884441033494,3.0796027178678544
277.1882453550813,3.0793586454286217
277.1881093661804,3.079156061091312
277.1880163384964,3.0789884555483193
277.1879527204957,3.0788497092956564
277.187909235491,3.078734781970989
277.1878795331913,3.0786395213510853
277.18785926660644,3.078560508484172
277.1878454601176,3.0784949312710603
277.1878360769257,3.0784404757505
277.1878297233399,3.0783952467392703
277.18782544544774,3.0783578517654804
277.18782257301984,3.0783275832150703
277.187820516183,3.078299885217836
277.1878195160262,3.078267204003586
277.18781865368385,3.078255923040307
277.18781807878895,3.078248402398315
277.18781718917296,3.0782367646482176
277.1878165843366,3.0781968405191353
277.1878289097802,3.0780063861290072
277.187866344595,3.07780546100564
277.1880790427581,3.077296794893313
277.18837866097965,3.0768802243163718
277.1918372164828,3.0746999031205946
277.2117856956345,3.069807894645705
277.2405471808105,3.065937217314847
277.32348178410166,3.059078289346095
277.8139304509585,3.0407096420486055
278.52103692358827,3.0279944667280008
279.9352501992586,3.0150660754689307
281.34946359989465,3.008849643214738
282.7636770515889,3.0060310176467624
284.1778905294449,3.0053576168584653
284.8708999989036,3.0056061636798024
286.2851135002555,3.007035245561432
287.6993270107493,3.009467047970964
289.11354052775783,3.0126987293089678
290.5277540495593,3.016585562421864
291.9419675749677,3.0210196629805366
293.3561811031334,3.025917775544904
294.7703946334278,3.031213819486949
296.18460816537345,3.0368541171013232
297.5988216985988,3.0427942194630213
299.0130352328087,3.0489967280774395
300.42724876776384,3.055429760886304
301.8414623032661,3.062065848658477
303.2556758391478,3.068881126851293
304.66988937526355,3.075854735386797
306.0841029114839,3.082968368213697
307.49831644768994,3.090205933440476
308.9125299837687,3.0975532974050575
310.32674351960895,3.10499809473481
311.74095705509717,3.112529592744705
313.1551705901133,3.120138603401374
314.56938412452604,3.1278174402474477
315.98359765818736,3.1355599217316
317.39781119092584,3.143361426944471
318.8120247225379,3.151219015623677
320.2262382527762,3.159131632687294
321.6404517813336,3.1671004305517845
323.0546653078199,3.1751292638474493
324.4688788317279,3.183225448089754
325.88309235238074,3.1914009411164344
327.29730586884773,3.1996742355381826
328.711519379803,3.2080735163115137
330.12573288327496,3.216642228624632
331.53994637617444,3.225449653728414
332.95415985335984,3.2346131650868086
334.3683733040287,3.244352611638881
335.4786327147148,3.2527004935086947
336.2587474947725,3.259236238331707
336.80688881234954,3.2644273327141056
337.1920358470105,3.2686006670359595
337.46265626298083,3.2719890597744996
337.6528054736627,3.274761770276487
337.78641224065456,3.277044507567818
337.880289915337,3.278932607286045
337.9462522634852,3.2804997823984117
337.9926001323673,3.2818040074025694
338.02516604539034,3.2828915405292878
338.0480481781021,3.2837997283753317
338.0641260805082,3.2845590058618748
338.0754230451972,3.285194356525124
338.0833607223796,3.2857264040956324
338.08893802308756,3.2861722466432832
338.0928568240616,3.2865461067073833
338.095610293268,3.286859846690685
338.09754495110167,3.287123383401667
338.09890427717374,3.287345025654101
338.0998593502459,3.2875317524814376
338.1005303768435,3.2876894453331134
338.10100182036376,3.287822666575723
338.1013244988356,3.2879333451590824
338.10154534015845,3.2880249670982273
338.1016964680525,3.288100833549106
338.10179987296743,3.288163675100414
338.10187060854315,3.2882157503698926
338.10191897977273,3.2882589285487964
338.1019520408179,3.2882947644306397
338.1019746198461,3.288324548267608
338.1019900223254,3.288349195841108
338.10200053057923,3.2883690997852284
338.10200745222255,3.2883862298816053
338.1020122488057,3.288398100752134
338.1020152553832,3.28841106478961
338.102017534509,3.288420892133921
338.102018715303,3.288434613775799
338.1020196790154,3.2884379467362366
338.1020203214904,3.2884401687099185
338.102021748514,3.2884451040135794
338.1020226394102,3.2884641517040247
338.10201661641946,3.2885073884042297
338.1020074391564,3.2885367414635107
338.1019545236363,3.2886248468290056
338.101647300405,3.288847845743258
338.0998734104581,3.289387300045891
338.0973800528306,3.2898222419922214
338.09018990617216,3.290634100830494
338.0487228664367,3.293076220136018
337.803498858417,3.2994739523594343
337.44994578896643,3.3049722629499536
336.03573276750495,3.3198340403661373
334.62151951535316,3.332167242711473
333.58373041703567,3.3410076618655187
332.16951705698506,3.3533227127259195
330.75530367781283,3.3662445214451027
329.3410902908182,3.379945899839328
327.92687690321003,3.3944998931559653
326.51266352020565,3.4098982236068274
325.0984501458354,3.426051211350315
323.68423678320426,3.442782999681307
322.27002343449516,3.4598304340181727
320.8558101008692,3.476851755597312
319.44159678436324,3.4934481366985657
318.7187212680489,3.5016303406405136
317.3045079701676,3.516783904834816
315.89029468311827,3.5304835984279306
314.47608140394937,3.542394744430847
313.06186812935204,3.552253781744856
311.64765485717294,3.5598697770030565
311.2450125648682,3.5616089859430553
309.83079928733616,3.5661671009249796
308.41658600244614,3.5682742758042285
307.0023727065002,3.5679150943492566
305.5881593960052,3.565109383019597
304.1739460679526,3.559908879437572
302.75973272016176,3.5523957504058292
301.3455193515944,3.5426807872264416
299.93130596252786,3.5308992350117565
298.5170925545127,3.517203292850444
297.10287913012667,3.5017518558030356
295.6886656926128,3.484699221481127
294.274452245519,3.4661846707920994
292.8602387924271,3.446324125473371
291.4460253368111,3.4252040156926666
290.03181188202655,3.402876549834572
288.61759843141783,3.379354903672275
287.2033849885449,3.354606212552647
285.789171557567,3.3285391088754652
284.37495814549817,3.3009797373900387
283.10840095258567,3.2747851043029583
281.69418759783264,3.243363584462516
280.3781654118122,3.211210766661702
279.4294758960632,3.1853148748657825
278.7628869241004,3.164865971228004
278.2945136223429,3.1486314955732895
277.96541496126906,3.135670842713008
277.73417650212707,3.1252670436950156
277.57169872375266,3.1168722041195056
277.4575350824567,3.1100656997242337
277.37731897935106,3.1045227374663993
277.3209558397011,3.0999909031737762
277.28135279206964,3.0962727099379155
277.2535260876177,3.0932125997605753
277.23397393547896,3.0906872316845804
277.22023583059706,3.0885981916356893
277.2105829189873,3.0868664887035613
277.2038004353882,3.0854283730731042
277.1990348348352,3.084232135914346
277.1956863808978,3.0832356426552208
277.19333367367625,3.0824044172824605
277.191680620013,3.0817101433192895
277.19051917255035,3.081129481952025
277.1897031486429,3.080643133112854
277.1891298344486,3.080235083573438
277.1887270592233,3.079891999345935
277.18844411355013,3.0796027293578776
277.1882453652787,3.079358659205352
277.1881093763727,3.0791560777452243
277.18801634868134,3.0789884756705113
277.1879527306696,3.0788497336529135
277.18790924564894,3.0787348114515956
277.1878795433256,3.0786395570688776
277.18785927670575,3.0785605518039065
277.18784547016566,3.0784949838072255
277.18783608689665,3.0784405395888466
277.18782973319634,3.0783953242145383
277.1878254551427,3.078357945598807
277.1878225824609,3.0783276998305897
277.1878205245502,3.0783000268471006
277.18781952348,3.0782673198080994
277.18781866033953,3.0782560818232954
277.1878180849125,3.0782485898331955
277.18781719106516,3.0782369520482136
277.18781658333353,3.078196897092222
277.1878289084026,3.0780063971139175
277.1878663431962,3.077805466444286
277.1880790413525,3.0772967972949794
277.1883786595733,3.076880225958954
277.191837215076,3.0746999037244427
277.2117856942276,3.069807894884255
277.2405471794036,3.0659372174707498
277.3234817826947,3.05907828943777
277.81393044955155,3.040709642083175
278.52103692218134,3.0279944667469074
279.93525019785164,3.0150660754775602
281.3494635984877,3.008849643218962
282.76367705018197,3.006031017648381
284.17789052803795,3.0053576168582863
284.87089987105617,3.005606163603985
286.28511337240803,3.0070352453832707
287.69932688290186,3.009467047712462
289.1135403999104,3.012698728985314
290.52775392171185,3.016585562044321
291.94196744712025,3.0210196625576096
293.35618097528595,3.0259177750832538
294.7703945055804,3.0312138189918896
296.184608037526,3.0368541165772514
297.59882157075134,3.0427942189136417
299.01303510496126,3.048996727505862
300.4272486399164,3.055429760295182
301.84146217541866,3.0620658480501426
303.25567571130034,3.068881126227733
304.6698892474161,3.0758547347497665
306.08410278363647,3.082968367564782
307.4983163198425,3.0902059327810223
308.91252985592126,3.09755329673627
310.3267433917615,3.104998094057713
311.7409569272497,3.1125295920602145
313.15517046226586,3.120138602710248
314.5693839966786,3.1278174395503013
315.9835975303399,3.135559921028949
317.3978110630784,3.1433614262366265
318.81202459469046,3.151219014910864
320.2262381249288,3.1591316319694793
321.64045165348614,3.1671004298287486
323.05466517997246,3.1751292631187287
324.4688787038805,3.183225447354477
325.8830922245333,3.1914009403732733
327.2973057410003,3.1996742347850766
328.71151925195556,3.208073515545372
330.1257327554275,3.216642227840532
331.539946248327,3.225449652918401
332.9541597255124,3.2346131642368836
334.36837317618125,3.2443526107212124
335.4786325868674,3.252700492493875
336.25874736692504,3.259236237192016
336.80688868450216,3.2644273314172088
337.1920357191632,3.2686006655439845
337.4626561351335,3.271989058042903
337.65280534581535,3.2747617682530485
337.7864121128073,3.2770445051907964
337.8802897874898,3.278932604482314
337.946252135638,3.280499779081479
337.9926000045202,3.281804003469439
338.02516591754346,3.2828915358579835
338.0480480502555,3.283799722820026
338.0641259526619,3.284558999248439
338.07542291735155,3.2851943486463124
338.08336059453467,3.2857263947023356
338.0889378952437,3.2861722354368714
338.09285669621926,3.2865460933285626
338.0956101654279,3.2868598307041417
338.09754482326474,3.2871233642795623
338.0989041493414,3.287345002747057
338.0998592224202,3.28753172498703
338.10053024902777,3.287689412235043
338.10100169256157,3.287822626820174
338.1013243710544,3.2879332970881388
338.1015452124079,3.2880249089626026
338.10169634034696,3.2881007632180186
338.10179974532775,3.2881635899843373
338.10187048100033,3.288215647290412
338.1019188523729,3.2882588036719653
338.10195191362544,3.2882946133508537
338.10197449293406,3.288324365384385
338.10198989588093,3.2883489667357675
338.10200040586614,3.288368791690845
338.10200732746586,3.288385923794473
338.10201212001533,3.288397786146785
338.1020151330747,3.2884105775968733
338.10201741551816,3.2884202673368343
338.1020186102559,3.2884339616743383
338.1020195783791,3.288437145674135
338.1020202237945,3.288439268340599
338.1020217244362,3.2884442037072565
338.10202265872016,3.288463886285381
338.1020166411545,3.2885072893469953
338.102007464463,3.2885366760848056
338.10195454918653,3.2886248156467768
338.1016473260082,3.2888478325240844
338.09987343607463,3.2893872945287654
338.0973800784492,3.2898222382372695
338.0901899317916,3.2906340984784532
338.0487228920565,3.29307621902408
337.8034988840369,3.299473951876071
337.4499458145864,3.3049722626076203
336.0357327931249,3.319834040132593
334.6215195409731,3.332167242493206
333.5837304426556,3.3410076616462483
332.169517082605,3.3533227124980147
330.7553037034328,3.366244521204302
329.34109031643817,3.3799458995835368
327.92687692883,3.394499892884478
326.5126635458256,3.409898223320556
325.09845017145534,3.4260512110517634
323.6842368088242,3.442782999374453
322.2700234601151,3.4598304337084738
320.85581012648913,3.4768517552915927
319.4415968099832,3.49344813640431
318.71872129366886,3.5016303403551188
317.30450799578756,3.5167839045723426
315.8902947087382,3.5304835981949827
314.4760814295693,3.5423947442329693
313.061868154972,3.552253781586068
311.6476548827929,3.5598697768862233
311.24501259048816,3.5616089858385025
309.8307993129561,3.5661671008645657
308.4165860280661,3.5682742757883195
307.00237273212014,3.567915094377984
305.58815942162516,3.565109383092349
304.17394609357257,3.559908879553026
302.7597327457817,3.5523957505622805
301.3455193772144,3.5426807874215918
299.9313059881478,3.5308992352430595
298.51709258013267,3.5172032931149513
297.1028791557466,3.5017518560978993
295.68866571823276,3.4846992218036577
294.27445227113895,3.4661846711399775
292.86023881804704,3.4463241258448014
291.44602536243104,3.425204016086294
290.0318119076465,3.402876550249813
288.6175984570378,3.379354904109349
287.20338501416484,3.3546062130125525
285.78917158318694,3.328539109360523
284.3749581711181,3.300979737904518
283.10840110464625,3.274785107547152
281.6941877498932,3.2433635879923064
280.37816556387276,3.2112107705944566
279.4294760481237,3.1853148792748716
278.76288707616095,3.1648659761965217
278.2945137744034,3.148631501203425
277.9654151133295,3.13567084912836
277.73417665418754,3.1252670510443226
277.57169887581307,3.116872212581154
277.45753523451697,3.1100657095109505
277.37731913141124,3.104522748833119
277.32095599176114,3.0999909164249146
277.28135294412937,3.096272725436884
277.25352623967706,3.093212617941659
277.23397408753783,3.090687253065528
277.2202359826553,3.0885982168357553
277.2105830710446,3.086866518462293
277.2038005874441,3.0854284082759507
277.19903498688916,3.0842321776212502
277.1956865329491,3.0832356921361197
277.1933338257235,3.0824044760650064
277.19168077205467,3.081710213240687
277.190519324584,3.0811295652411754
277.189703300665,3.0806432324784434
277.189129986454,3.0802352023427177
277.1887272112047,3.0798921416520653
277.18844426549583,3.0796029004252747
277.1882455171756,3.079358864464685
277.1881095281941,3.0791563257389387
277.1880165003921,3.078988775464741
277.1879528822181,3.078850096277765
277.1879093969586,3.07873525042133
277.1878796942839,3.078640088796044
277.1878594271456,3.0785611963928647
277.18784561983813,3.0784957658937806
277.1878362354269,3.0784414890592666
277.18782988003005,3.0783964753045687
277.1878255995874,3.07835933682299
277.1878227232853,3.0783294210351624
277.1878206502259,3.0783021306802723
277.18781963494024,3.07826907685368
277.18781876075553,3.0782584557746597
277.1878181779657,3.0782513750551894
277.18781722005593,3.078239736741901
277.18781656885034,3.0781977292355442
277.18782888839803,3.0780065568338575
277.1878663228834,3.077805545541622
277.1880790209405,3.077296832238079
277.18837863914973,3.0768802497514867
277.19183719464655,3.0746999125015937
277.21178567379695,3.069807898351462
277.2405471589728,3.065937219737049
277.32348176226384,3.059078290768034
277.8139304291206,3.040709642585343
278.5210369017504,3.027994467021978
279.9352501774207,3.0150660756028445
281.34946357805677,3.0088496432799525
282.763677029751,3.006031017671577
284.177890507607,3.0053576168560125
284.87090001921257,3.0056061636918354
286.28511352056444,3.0070352455897247
287.69932703105826,3.009467048012034
289.1135405480668,3.01269872936036
290.52775406986825,3.0165855624818336
291.94196759527665,3.0210196630477237
293.35618112344235,3.025917775618265
294.7703946537368,3.031213819565604
296.1846081856824,3.0368541171845718
297.59882171890774,3.0427942195502933
299.01303525311766,3.0489967281682415
300.4272487880728,3.0554297609801986
301.84146232357506,3.0620658487551435
303.25567585945674,3.068881126950331
304.6698893955725,3.0758547354879804
306.08410293179287,3.082968368316772
307.4983164679989,3.090205933545238
308.91253000407767,3.0975532975112996
310.3267435399179,3.104998094842377
311.74095707540613,3.112529592853446
313.15517061042226,3.1201386035111667
314.569384144835,3.1278174403581853
315.9835976784963,3.13555992184322
317.3978112112348,3.143361427056917
318.81202474284686,3.1512190157369195
320.2262382730852,3.1591316328013255
321.64045180164254,3.1671004306666273
323.05466532812886,3.1751292639632016
324.4688788520369,3.183225448206553
325.8830923726897,3.191400941234495
327.2973058891567,3.1996742356578056
328.71151940011197,3.2080735164332363
330.1257329035839,3.2166422287491856
331.5399463964834,3.225449653857077
332.9541598736688,3.2346131652217798
334.36837332433765,3.2443526117846506
335.4786327350238,3.252700493669918
336.25874751508144,3.259236238512746
336.8068888326585,3.264427332920108
337.1920358673195,3.2686006672729295
337.4626562832898,3.2719890600495245
337.6528054939716,3.2747617705980048
337.78641226096346,3.277044507945478
337.8802899356459,3.278932607731463
337.946252283794,3.2804997829254745
337.99260015267606,3.2818040080272177
338.02516606569907,3.2828915412712742
338.0480481984108,3.2837997292575825
338.06412610081685,3.2845590069122004
338.07542306550584,3.2851943577768825
338.0833607426881,3.285726405587674
338.0889380433959,3.2861722484235005
338.09285684436963,3.286546108832815
338.0956103135757,3.2868598492298573
338.09754497140887,3.287123386439654
338.0989042974802,3.2873450292930326
338.09985937055126,3.2875317568498916
338.10053039714734,3.2876894505909395
338.10100184066545,3.28782267289186
338.101324519134,3.2879333527960153
338.101545360452,3.2880249763345324
338.1016964883389,3.288100844725978
338.1017998932434,3.288163688620391
338.1018706288037,3.2882157667520167
338.1019190000104,3.2882589484028593
338.1019520610228,3.2882947884330256
338.1019746400064,3.288324577340388
338.10199004241105,3.2883492323059262
338.1020005503873,3.2883691488508764
338.10200747204146,3.288386278447219
338.10201226930184,3.2883981506286153
338.1020152748122,3.288411142825598
338.1020175533426,3.288420992439409
338.10201873186287,3.288434717236565
338.10201969481875,3.2884380750158178
338.10202033678934,3.2884403135352853
338.1020217521504,3.288445248828719
338.1020226361763,3.2884641958451843
338.10201661228604,3.2885074050148173
338.1020074349265,3.2885367523777456
338.1019545193658,3.2886248520429455
338.1016472961256,3.2888478479514642
338.09987340617647,3.2893873009665695
338.09738004854864,3.2898222426205193
338.0901899018901,3.2906341012239024
338.0487228621546,3.2930762203220008
337.8034988541349,3.2994739524400662
337.4499457846843,3.304972263007138
336.0357327632228,3.319834040405201
334.6215195110711,3.3321672427479347
333.58373045490043,3.3410076615414175
332.1695170948498,3.353322712389102
330.7553037156776,3.3662445210891754
329.341090328683,3.379945899461259
327.9268769410748,3.394499892754773
326.5126635580704,3.409898223183796
325.09845018370015,3.4260512109090664
323.684236821069,3.4427829992278407
322.2700234723599,3.459830433560472
320.85581013873394,3.4768517551454066
319.441596822228,3.493448136263681
318.7187213059137,3.5016303402187114
317.30450800803237,3.5167839044469416
315.89029472098304,3.5304835980837552
314.47608144181413,3.5423947441383783
313.0618681672168,3.5522537815101995
311.6476548950377,3.5598697768304577
311.24501256058613,3.561608985960552
309.8307992830541,3.566167100935138
308.41658599816407,3.5682742758068224
307.0023727022181,3.5679150943444444
305.58815939172314,3.5651093830075298
304.17394606367054,3.5599088794183626
302.7597327158797,3.5523957503797217
301.34551934731235,3.54268078719384
299.9313059582458,3.5308992349730883
298.51709255023064,3.5172032928062684
297.1028791258446,3.501751855753728
295.68866568833073,3.4846992214272174
294.27445224123693,3.4661846707339268
292.860238788145,3.446324125411281
291.446025332529,3.4252040156268273
290.0318118777445,3.4028765497651574
288.61759842713576,3.3793549035991965
287.2033849842628,3.3546062124757845
285.7891715532849,3.328539108794348
284.3749581412161,3.3009797373042424
283.108401116891,3.2747851078084587
281.694187762138,3.2433635882765155
280.3781655761175,3.2112107709111593
279.4294760603685,3.18531487962985
278.7628870884057,3.164865976596637
278.29451378664817,3.1486315016568716
277.9654151255743,3.135670849644966
277.73417666643223,3.1252670516360856
277.57169888805777,3.1168722132623925
277.45753524676167,3.110065710299033
277.37731914365594,3.104522749748649
277.32095600400584,3.0999909174921156
277.28135295637406,3.0962727266850245
277.2535262519217,3.0932126194056195
277.2339740997825,3.090687254787079
277.2202359948999,3.0885982188652648
277.2105830832891,3.0868665208583876
277.2038005996885,3.085428411110886
277.1990349991334,3.084232180980187
277.1956865451931,3.083235696120652
277.19333383796726,3.0824044807975093
277.19168078429794,3.081710218870762
277.1905193368266,3.0811295719476166
277.1897033129066,3.080643240479959
277.18912999869434,3.0802352119060203
277.1887272234431,3.0798921531146273
277.1884442777313,3.079602914200051
277.18824552940714,3.079358880989502
277.1881095404196,3.0791563457046793
277.18801651260867,3.0789887996051393
277.1879528944215,3.0788501254897715
277.18790940914283,3.0787352857682113
277.1878797064399,3.0786401315909644
277.1878594392598,3.078561248268006
277.1878456318911,3.078495828757354
277.18783624738853,3.078441565333834
277.1878298918553,3.0783965677613567
277.1878256112208,3.0783594484125723
277.18782273463654,3.0783295584762165
277.1878206604033,3.0783022988379356
277.1878196439544,3.0782692182521183
277.18781876894104,3.0782586452385994
277.1878181855988,3.078251596563012
277.1878172224185,3.0782399582055904
277.18781656771324,3.0781977942972616
277.1878288868293,3.0780065693645255
277.18786632129047,3.0778055517506506
277.1880790193398,3.0772968349780663
277.1883786375481,3.0768802516170064
277.1918371930445,3.0746999131904684
277.2117856721948,3.069807898623031
277.24054715737066,3.0659372199144364
277.3234817606617,3.059078290872475
277.81393042751847,3.0407096426247375
278.52103690014826,3.0279944670435994
279.93525017581857,3.0150660756127055
281.34946357645464,3.008849643284731
282.7636770281489,3.0060310176733864
284.17789050600487,3.0053576168558265
284.8708999754636,3.0056061636659104
286.28511347681547,3.0070352455287495
287.6993269873093,3.009467047923555
289.1135405043178,3.0126987292496166
290.5277540261193,3.016585562352655
291.9419675515277,3.021019662902994
293.3561810796934,3.0259177754602833
294.7703946099878,3.0312138193961813
296.18460814193344,3.0368541170052374
297.5988216751588,3.042794219362297
299.0130352093687,3.048996727972646
300.42724874432383,3.0554297607779306
301.8414622798261,3.062065848546956
303.2556758157078,3.068881126736977
304.66988935182354,3.0758547352700036
306.0841028880439,3.0829683680947295
307.49831642424994,3.0902059333195666
308.9125299603287,3.0975532972824418
310.32674349616894,3.1049980946106723
311.74095703165716,3.112529592619218
313.1551705666733,3.1201386032746594
314.56938410108603,3.1278174401196273
315.98359763474735,3.135559921602768
317.3978111674858,3.1433614268147068
318.8120246990979,3.1512190154929867
320.2262382293362,3.1591316325556837
321.6404517578936,3.167100430419199
323.0546652843799,3.175129263713836
324.4688788082879,3.1832254479549476
325.88309232894073,3.191400940980173
327.2973058454077,3.1996742354000918
328.711519356363,3.208073516171054
330.12573285983495,3.2166422284808807
331.53994635273443,3.2254496535799033
332.95415982991983,3.2346131649309666
334.3683732805887,3.2443526114706196
335.4786326912748,3.252700493322636
336.25874747133247,3.259236238122719
336.80688878890953,3.264427332476335
337.19203582357056,3.2686006667624374
337.4626562395409,3.2719890594570127
337.65280545022273,3.2747617699055365
337.78641221721466,3.277044507132075
337.8802898918971,3.2789326067721034
337.9462522400453,3.2804997817902173
337.9926001089274,3.2818040066814245
338.02516602195044,3.2828915396727854
338.04804815466224,3.283799727356524
338.0641260570684,3.2845590046493207
338.07542302175756,3.285194355080511
338.08336069894006,3.2857264023736095
338.08893799964824,3.286172244588893
338.09285680062254,3.286546104254723
338.09561026982936,3.2868598437589625
338.0975449276636,3.2871233798957222
338.0989042537365,3.2873450214543434
338.09985932680985,3.287531747441138
338.1005303534093,3.2876894392649434
338.101001796932,3.287822659288996
338.1013244754077,3.287933336346375
338.1015453167362,3.288024956439828
338.10169644463855,3.288100820651863
338.1017998495655,3.2881636594939048
338.10187058515896,3.2882157314696885
338.1019189564148,3.288258905643176
338.10195201749804,3.288294736717198
338.1019745965771,3.288324514741578
338.1019899991418,3.2883491537605316
338.10200050772636,3.2883690428048626
338.10200742934956,3.2883861738273925
338.102012225149,3.2883980434345785
338.1020152329523,3.288410975038961
338.1020175127914,3.288420776869342
338.1020186961556,3.2884344950335187
338.10201966071554,3.288437799943934
338.1020203037555,3.288440003217593
338.1020217441598,3.288444938532604
338.1020226429898,3.2884641028448316
338.10201662099564,3.288507370146949
338.1020074438374,3.288536729377
338.1019545283623,3.2886248410572607
338.1016473051408,3.2888478432956925
338.0998734151964,3.2893872990242126
338.0973800575693,3.2898222412975704
338.090189910911,3.2906341003950486
338.04872287117564,3.2930762199303736
337.803498863156,3.2994739522699468
337.4499457937054,3.3049722628865563
336.03573277224393,3.3198340403229154
334.62151952009214,3.332167242671011
333.58373042177465,3.34100766182502
332.16951706172404,3.3533227126837537
330.7553036825518,3.3662445214005468
329.3410902955572,3.3799458997921006
327.926876907949,3.394499893105789
326.5126635249446,3.4098982235537836
325.09845015057437,3.4260512112951362
323.68423678794323,3.442782999624626
322.27002343923414,3.4598304339608923
320.85581010560816,3.476851755540844
319.4415967891022,3.4934481366440773
318.7187212727879,3.5016303405877154
317.3045079749066,3.516783904786309
315.89029468785725,3.530483598384829
314.47608140868834,3.542394744394275
313.061868134091,3.5522537817154967
311.6476548619119,3.559869776981418
311.2450125696072,3.5616089859236895
309.83079929207514,3.566167100913848
308.4165860071851,3.568274275801252
307.00237271123916,3.567915094354535
305.5881594007442,3.5651093830331044
304.1739460726916,3.5599088794589235
302.75973272490074,3.55239575043479
301.3455193563334,3.5426807872625137
299.93130596726684,3.530899235054593
298.5170925592517,3.5172032928993455
297.10287913486565,3.5017518558576195
295.6886656973518,3.4846992215407773
294.274452250258,3.4661846708564488
292.86023879716606,3.4463241255420534
291.44602534155007,3.425204015765477
290.0318118867655,3.4028765499113907
288.6175984361568,3.379354903753109
287.20338499328386,3.3546062126377505
285.78917156230597,3.328539108965165
284.37495815023715,3.3009797374845693
283.10840045156266,3.274785093613609
281.6941870968097,3.243363572832444
280.3781649107893,3.2112107537041803
279.4294753950403,3.185314860338384
278.7628864230776,3.1648659548571043
278.29451312132016,3.1486314770225228
277.96541446024645,3.1356708215749975
277.73417600110463,3.125267019479767
277.5716982227304,3.116872176239977
277.45753458143463,3.110065667477718
277.3773184783294,3.104522700013472
277.32095533868,3.0999908595119257
277.28135229104925,3.0962726588696716
277.25352558659836,3.093212539856588
277.23397343446123,3.0906871612366764
277.2202353295816,3.088598108604334
277.21058241797505,3.086866390650098
277.20379993438047,3.0854282570816074
277.1990343338339,3.0842319984929683
277.1956858799057,3.083235479617269
277.1933331726971,3.0824042235966322
277.1916801190525,3.081709912923197
277.19051867161636,3.0811292075084857
277.18970264774697,3.0806428056860655
277.18912933360747,3.0802346921914796
277.18872655846144,3.079891530377278
277.1884436129059,3.079602165565555
277.18824486479554,3.079357982681883
277.1881088761387,3.079155260219815
277.1880158488126,3.078987487138784
277.1879522313374,3.0788485374509547
277.1879087471062,3.078733362774062
277.1878790459474,3.078637800898677
277.18785878105007,3.0785584204596983
277.1878449770696,3.078492393551938
277.1878355976341,3.07843738743111
277.1878292496487,3.078391490109141
277.187824979687,3.0783532824272655
277.1878221201115,3.078321861192147
277.18782012093175,3.078292972657789
277.1878191597932,3.0782616722787677
277.1878183459854,3.0782480918952078
277.1878178034469,3.0782390383061333
277.1878171061469,3.078227402142035
277.1878166390333,3.0781938085593477
277.1878289844853,3.078005790867674
277.1878664204473,3.077805165783018
277.18807911898045,3.0772966644424775
277.18837873724505,3.076880135468603
277.19183729277034,3.0746998703441113
277.21178577192654,3.0698078817009473
277.24054725710323,3.065937208852828
277.3234818603946,3.059078284378344
277.81393052725156,3.0407096401738047
278.5210369998814,3.027994465700738
279.9352502755517,3.015066075001061
281.3494636761878,3.008849642986963
282.7636771278821,3.006031017561689
284.1778906057308,3.0053576182398
284.5750376426311,3.0054595118248026
285.9892511416056,3.0066451215281385
287.4034646504445,3.0088864249785168
288.81767816625563,3.0119642758915908
290.2318916871666,3.015723975346457
291.6461052118998,3.02005115781146
293.06031873954674,3.024858150275928
294.4745322694396,3.0300757425984965
295.8887458010625,3.03564796692357
297.1562647506852,3.04090550574335
298.0468767169219,3.044732529977364
298.67265803124184,3.0474816982391286
299.10104063971085,3.049390627888779
299.39429269921635,3.0507095278133183
299.5950402755653,3.0516179178869316
299.7324633152423,3.0522423043838853
299.82653713758765,3.0526709082023125
299.89093597544894,3.0529648579578663
299.9350206125398,3.0531663375939493
299.96519903333075,3.053304380516484
299.98585786465,3.0533989341732424
300.0,3.053463687277623
300.0,3.053463687277623
300.01414213535014,3.053528461765187
300.0348009666697,3.0536231219044123
300.06497938746156,3.053761481947018
300.10906402455475,3.05396376961858
300.17346286242156,3.054259635533485
300.2675366847796,3.054692608731867
300.4049597244848,3.0553267295402913
300.60570730089563,3.056256494740142
300.89895936053586,3.057621903781092
301.3273419692968,3.059631461706139
301.9531232842489,3.0625977321549165
302.8437352518174,3.0668787141862985
304.11125420425986,3.0730823613755556
305.52546774045123,3.0801427218730373
306.9396812766791,3.0873331247268734
308.35389481282283,3.0946386887891877
309.7681083487711,3.102046369210686
311.18232188441175,3.1095448014321794
312.59653541962774,3.117124194893465
314.01074895429275,3.124776272254253
315.42496248826586,3.132494253948633
316.83917602138547,3.140272892168851
318.2533895534614,3.148108563604053
319.66760308426444,3.1559994374675804
321.0818166135122,3.163945746197405
322.49603014084875,3.171950203653746
323.91024366581496,3.1800186452149886
325.32445718780343,3.1881610169210868
326.7386707059867,3.1963929400405933
328.15288421919735,3.2047382758021654
329.5670977257167,3.2132335415927926
330.98131122287054,3.2219360344594903
332.39552470618025,3.230940179157279
333.80973816731483,3.2404149004103147
335.22395158803266,3.2507075405374724
336.63816491446306,3.262755700040037
338.0523776840037,3.2839917291313325
338.0965715489534,3.28698491089244
338.10030786140766,3.2876338194191312
338.10160325660337,3.28805264757389
338.1018276922312,3.2881831384572084
338.1019870098842,3.28834350076832
338.10201499444855,3.288410040158505
338.1020197043502,3.2884327874570567
338.10202175699817,3.2884613707828496
338.10202001627573,3.288491256454039
338.1020177228414,3.2885008188864195
338.10201503989646,3.2885120053764094
338.102011015479,3.288528785111444
338.1020046130359,3.288543962955968
338.1019953708289,3.288565872839266
338.1019812925239,3.288588411247792
338.1019607189438,3.2886171383420324
338.1019305829845,3.2886519713681457
338.10188647821406,3.2886936831309193
338.10182197222787,3.2887437763238077
338.1017276657353,3.2888040745557836
338.1015898274932,3.2888767445697784
338.1013883986797,3.288964395747972
338.1010940771896,3.2890701782751806
338.1006640568268,3.2891974084437963
338.10005198307636,3.289347924776414
338.099180811082,3.289526058211843
338.0979408923914,3.2897373915565216
338.09617617445343,3.2899885382259146
338.0936645629293,3.2902873573819877
338.0900899729141,3.2906432100492817
338.0850025521989,3.2910672679868824
338.07776207099425,3.291572890879581
338.0674573541687,3.292176093472201
338.05279161719983,3.292896134236368
338.03191927629206,3.2937562738485795
338.00221369653116,3.2947847799653083
337.95993665105306,3.296016303483303
337.8997678953307,3.2974938370297715
337.8141356572969,3.2992716192865603
337.6922637908871,3.3014196267657905
337.51881568496316,3.3040308100715086
337.2719642745007,3.3072332078569144
336.92064528052856,3.311210966468626
336.420648021252,3.3162420742134757
335.7090518545419,3.322768391415776
334.69630812312624,3.331529967270012
334.621519094999,3.332167245537541
333.20730576455793,3.344241406644119
331.7930923963263,3.356693591651865
330.37887901365417,3.369810781237283
328.9646656257356,3.383735428400608
327.55045223890403,3.398518249278739
326.1362388579169,3.4141296766594773
324.7220254864902,3.430457538652228
323.30781212744995,3.4473025389348844
321.8935987826915,3.464379242189543
320.47938545307625,3.4813280657838366
319.4415973755338,3.4934481327174427
318.02738407300325,3.5091962173762443
316.61317078058,3.5236849529233734
315.19895749760184,3.5365478909865993
313.78474422093774,3.5474842007067053
312.3705309471791,3.5562662895411763
311.64765490062445,3.5598697753513844
310.2334416258194,3.565117281669555
308.81922834340054,3.567925506237337
307.40501505102384,3.5682679552227894
305.990801745109,3.5661548857255365
304.5765884224603,3.5616291445157837
303.16237508059754,3.55476436123191
301.7481617180951,3.5456634686036885
300.3339483348161,3.5344553654520263
298.9197349319469,3.521288373675458
297.50552151180864,3.506320624992394
296.09130807751416,3.4897088560785523
294.67709463258666,3.4715975750794783
293.26288118064787,3.452110066968519
291.8486677252332,3.4313416785007327
290.4344542697448,3.409354814243864
289.02024081753,3.386174333150233
287.60602737208023,3.361781430606039
286.19181393737836,3.33610317417049
284.7776005184985,3.3089927148390808
284.3749579781278,3.3009797361164823
282.9607445923169,3.2716225448318426
281.5465312451496,3.239918438841402
280.1323179673258,3.2047717841145578
278.7181048397571,3.1633954011368703
277.3038924267897,3.09845912301414
277.2155045215445,3.0877851607005935
277.2005584017371,3.0846372509877105
277.1901922673853,3.0809447569926314
277.188395182244,3.07954654277341
277.188083817005,3.079112598392095
277.1878627561311,3.0785772204739414
277.18782392837653,3.0783453534614598
277.187817652006,3.078237041292019
277.18781711912953,3.0781980574005923
277.18781717252955,3.0781955028462904
277.18781854442625,3.078134328587548
277.18782217167234,3.078071466155245
277.187827604096,3.078016280605027
277.1878356526919,3.077957686896226
277.1878475389257,3.077890352690252
277.1878650327997,3.0778118602681257
277.18789070649524,3.07771951371159
277.18792832016,3.077609961244793
277.18798337020695,3.077479266743306
277.18806388771065,3.077322786383633
277.1881816055988,3.077134988001018
277.1883536640931,3.0769092574494024
277.18860510416863,3.0766387542129605
277.18896304132153,3.0763197413181853
277.1894725446536,3.075943430680117
277.1901977541785,3.075498536420491
277.1912299551537,3.074971874566791
277.192699065225,3.0743480329433397
277.1947899834987,3.073609015257475
277.19776585859165,3.0727338630369503
277.20200120375193,3.0716982659852974
277.20802902632005,3.0704741816075107
277.2166079023919,3.0690294998108727
277.22881743748826,3.0673278101253034
277.24619412618534,3.0653283614423543
277.2709247075444,3.0629863514722984
277.3061213485612,3.0602537520446083
277.3562132852517,3.0570809763389626
277.4275042062445,3.053419838332723
277.52896552110775,3.0492284617643035
277.6733653398297,3.0444790915813695
277.87887523641086,3.0391701809092693
278.17135699480326,3.0333447201667245
278.5876171057229,3.0271176092811114
279.18003856650245,3.0207160408873768
280.0231728586241,3.0145384862775604
281.2231216501184,3.0092401288880635
282.6373351014046,3.006183088888228
284.0515485798578,3.00534936639991
284.177890454383,3.0053576153219654
285.59210394926544,3.0061939454857103
287.00631745598963,3.0081645553794827
288.4205309702388,3.011025311443391
289.8347444899738,3.01460650330804
291.24895801380814,3.018784140176502
292.6631715407607,3.023464058638319
294.0773850701137,3.0285724911047573
295.49159860132715,3.034050159640143
296.90581213398497,3.0398484164957384
298.32002566775947,3.0459266336637953
299.7342392023873,3.052250386580815
301.1484527376524,3.0587901604124674
302.56266627337396,3.06552041046524
303.97687980939696,3.07241886885538
305.3910933455851,3.0794660265588196
306.80530688181506,3.0866447433558637
308.2195204179716,3.0939399534806995
309.6337339539432,3.1013384451478427
311.04794748961797,3.108828699447815
312.4621610248796,3.116400779577164
313.87637455960277,3.124046265805719
315.2905880936482,3.131758235619197
316.7048016268565,3.1395312926984587
318.11901515904077,3.14736165349822
319.53322868997594,3.1552473071510927
320.94744221938544,3.163188274826319
322.3616557469214,3.171187011304648
323.77586927213616,3.1792490195977274
325.19008279443904,3.187383799257919
326.6042963130275,3.195606342238879
328.0185098267737,3.2039395753563995
329.43272333402444,3.212418543616617
330.8469368322228,3.2210980504906193
332.2611503171208,3.2300678826114884
333.6753637809098,3.2394871179080917
335.0895772068201,3.249677341785129
336.5037905472421,3.2614752899636126
337.9180034940927,3.2797961159268145
338.09477962572487,3.286759124640175
338.09842550086483,3.287262289874105
338.1009539346437,3.287807879154528
338.10185314999086,3.28820208510333
338.1020085829132,3.2883894429457947
338.10202156797044,3.2884488247145507
338.1020226739766,3.288453882574469
338.10202270198704,3.288461370942899
338.1020213459772,3.288467726331683
338.1020205493812,3.2884714598425315
338.1020198618467,3.2884893885655133
338.1020175650203,3.2885013391717113
338.10201506179743,3.288514363678
338.1020109679829,3.2885264806057184
338.102005087677,3.2885438852146542
338.1019960679846,3.288562327024647
338.10198287001384,3.288585532443618
338.1019635067545,3.2886135800803062
338.1019351383152,3.288647149609311
338.10189361938444,3.288687447018009
338.1018328919031,3.288735932577642
338.10174410553043,3.2887943452764934
338.1016143314354,3.2888647802973168
338.10142468298,3.2889497671152688
338.1011475704078,3.289052359899738
338.1007426889544,3.289175775666729
338.10016639296845,3.289321794098779
338.0993461399448,3.2894946172162283
338.0981786891733,3.28969966043278
338.0965171076086,3.2899433391750073
338.0941522797964,3.290233277169277
338.09078659238276,3.2905785542454327
338.085996481872,3.2909900048726843
338.0791791325726,3.291480582143366
338.06947661709887,3.29206580749496
338.05566793312096,3.2927643356843976
338.03601535006095,3.2935986797691683
338.0080457297049,3.294596166625426
337.9682393016939,3.2957902378572648
337.91158672880005,3.2972222885613784
337.83095872222526,3.2989443746951195
337.7162088780945,3.3010233705162557
337.5528968343538,3.3035476207724606
337.3204710676737,3.306638006282827
336.9896826500172,3.3104670304277124
336.51890450702325,3.315292887603325
335.84889298662307,3.321522333415666
334.89533252370114,3.3298306012706163
334.62151952887024,3.3321672426771167
333.20730619840845,3.344241402911066
331.7930928301769,3.356693587739793
330.37887944750474,3.3698107770940693
328.9646660595862,3.3837354239977016
327.5504526727546,3.3985182446130717
326.1362392917675,3.414129671752462
324.7220259203408,3.4304575335514067
323.30781256130047,3.447302533715005
321.89359921654204,3.4643792369503394
320.47938588692676,3.481328060644965
319.44159738791586,3.493448132575845
318.02738408538534,3.5091962172433107
316.6131707929621,3.523684952803073
315.1989575099839,3.5365478908820003
313.7847442333198,3.547484200620072
312.37053095956117,3.5562662894741783
311.6476548708597,3.559869775487156
310.23344159605466,3.56511728175448
308.8192283136358,3.56792550627049
307.4050150212591,3.5682679552040715
305.9908017153443,3.5661548856554646
304.57658839269556,3.561629144395611
303.1623750508328,3.554764361063539
301.74816168833036,3.5456634683894865
300.33394830505136,3.534455365195012
298.91973490218214,3.5212883733788436
297.5055214820439,3.5063206246595495
296.0913080477494,3.4897088557127347
294.6770946028219,3.4715975746833982
293.2628811508831,3.452110066544567
291.84866769546846,3.4313416780506705
290.43445423998,3.409354813768508
289.02024078776526,3.3861743326497225
287.6060273423155,3.3617814300795024
286.1918139076136,3.336103173615624
284.77760048873375,3.308992714251886
284.3749579483631,3.3009797355189163
282.96074456255224,3.2716225441918145
281.5465312153849,3.239918438143353
280.1323179375611,3.2047717833247846
278.7181048099924,3.1633954001544407
277.30389239702504,3.0984591202587364
277.21550449178005,3.087785155388526
277.2005583719731,3.084637243308584
277.19019223762444,3.08094473962701
277.18839515249283,3.0795465079009685
277.1880837872743,3.079112547288007
277.18786272655217,3.078577100960065
277.1878238994437,3.078345063573282
277.1878176280815,3.0782362126288296
277.1878171282361,3.078197843870397
277.18781800922994,3.078149499968373
277.1878202681107,3.078099994101956
277.1878238591569,3.0780532053249505
277.1878292761937,3.078003647238323
277.18783733107495,3.0779473820460437
277.18784922983315,3.077881990415207
277.1878667321544,3.0778051388428587
277.1878924109554,3.0777140658051927
277.1879300279287,3.077605511719065
277.18798508018915,3.077475618947684
277.18806559918056,3.0773197893154176
277.18818331807205,3.0771325218213263
277.1883553772459,3.076907226122562
277.18860681775783,3.0766370687513342
277.18896475522956,3.0763183463192982
277.1894742587754,3.07594227285711
277.1901994684477,3.0754975738178914
277.19123166952505,3.0749710735360325
277.1927007796674,3.074347366147406
277.1947916979907,3.073608460282461
277.19776757311826,3.0727334013845646
277.2020029183027,3.071697882320404
277.2080307408877,3.0704738631732456
277.21660961697137,3.0690292359733995
277.228819152076,3.0673275920042125
277.2461958407789,3.065328181615449
277.270926422142,3.062986203729066
277.30612306316164,3.0602536311863853
277.3562149998541,3.057080878012512
277.42750592084826,3.0534197588913847
277.52896723571246,3.0492283981524273
277.67336705443506,3.044479041238046
277.8788769510167,3.039170141687856
278.17135870940945,3.0333446902670955
278.58761882032934,3.0271175871931124
279.18004028110903,3.020716025343444
280.0231745732308,3.01453847621264
281.2231233647252,3.0092401234060455
282.63733681601144,3.0061830867078854
284.05155029446473,3.0053493664296496
284.17789044096924,3.0053576153230774
285.5921039358517,3.0061939454719147
287.0063174425759,3.0081645553562644
288.4205309568251,3.0110253114126055
289.83474447656005,3.014606503271078
291.2489580003944,3.018784140134364
292.66317152734695,3.023464058591804
294.07738505669994,3.0285724910544776
295.4915985879134,3.034050159586585
296.9058121205712,3.039848416439349
298.3200256543457,3.045926633604919
299.73423918897356,3.0522503865197526
301.14845272423867,3.058790160349492
302.5626662599602,3.0655204104005898
303.9768797959832,3.072418868789223
305.39109333217135,3.079466026491334
306.8053068684013,3.0866447432871915
308.21952040455784,3.0939399534110166
309.63373394052945,3.1013384450772223
311.04794747620423,3.108828699376362
312.46216101146587,3.11640077950499
313.876374546189,3.1240462657328716
315.29058808023444,3.131758235545764
316.7048016134428,3.1395312926244388
318.11901514562703,3.1473616534236704
319.5332286765622,3.1552473070760265
320.9474422059717,3.1631882747507336
322.36165573350763,3.171187011228511
323.7758692587224,3.1792490195209338
325.1900827810253,3.1873837991803846
326.60429629961374,3.1956063421604073
328.01850981335997,3.2039395752767272
329.4327233206107,3.21241854353534
330.84693681880907,3.221098050407094
332.26115030370704,3.2300678825246134
333.67536376749604,3.239487117815802
335.08957719340634,3.2496773416829616
336.50379053382835,3.2614752898378065
337.918003480679,3.2797961156055004
338.0947796123113,3.286759123062494
338.09842548745155,3.287262287635035
338.100953921233,3.287807875065477
338.10185313659315,3.2882020747931797
338.10200856962274,3.28838940659059
338.10202155569436,3.288448698462569
338.1020226619735,3.2884537495173065
338.1020223791799,3.288469440579552
338.10202090244127,3.288476119471942
338.10202006059563,3.2884799269137384
338.10201879782716,3.2884856380764758
338.1020172622587,3.288503234232223
338.1020141661281,3.2885162869828735
338.102009928354,3.2885293180754562
338.10200376612494,3.288548266838692
338.10199423776197,3.2885661350405138
338.10198035486627,3.288589487066165
338.10195999674596,3.288618103248715
338.10193017480526,3.2886524119743505
338.1018865331507,3.2886936254786168
338.10182270535734,3.2887432479673198
338.1017293904221,3.2888030611182315
338.1015930012511,3.2888752099933827
338.10139368966236,3.2889622855779
338.101102461301,3.2890674172337584
338.10067695958514,3.2891939025525816
338.10007131688565,3.289343563397666
338.09920929765264,3.2895207074184767
338.0979824052314,3.2897308855487895
338.0962362263214,3.289980674443311
338.0937509995715,3.290277890236875
338.0902139603883,3.290631843043772
338.0851799820333,3.2910536439313205
338.0780155600081,3.2915565796993995
338.067819090617,3.2921565768649086
338.05330741140574,3.2928727860533082
338.0326543255071,3.293728334434337
338.00326078948365,3.294751321595259
337.9614278446616,3.295976182159441
337.9018911330027,3.2974456225547524
337.817158420091,3.299213489527837
337.6965667578473,3.3013492010149195
337.5249406385062,3.3039448758053194
337.2806822793634,3.3071272558109808
336.93305371604436,3.3110783715877785
336.43830867768537,3.316072603750502
335.734187471787,3.322545396136785
334.7320821045721,3.3312249191097756
334.6215195967416,3.332167242245852
333.2073062663257,3.3442414023052733
331.7930928980942,3.356693587127365
330.37887951542206,3.36981077644543
328.9646661275035,3.3837354233084764
327.5504527406719,3.398518243882614
326.1362393596848,3.414129670984234
324.7220259882581,3.430457532752848
323.3078126292178,3.4473025328978317
321.89359928445936,3.4643792361302546
320.4793859548441,3.481328059840463
319.4415973715395,3.493448132764098
318.027384069009,3.5091962174191784
316.6131707765857,3.5236849529621175
315.19895749360757,3.536547891020329
313.78474421694347,3.5474842007345915
312.3705309431848,3.556266289562756
311.6476548966302,3.559869775369582
310.23344162182514,3.565117281680986
308.81922833940627,3.5679255062417288
307.40501504702956,3.5682679552202883
305.99080174111475,3.566154885716096
304.57658841846603,3.5616291444996726
303.16237507660327,3.5547643612093656
301.74816171410083,3.5456634685748916
300.33394833082184,3.5344553654175748
298.9197349279526,3.5212883736356666
297.50552150781436,3.50632062494773
296.0913080735199,3.48970885602951
294.6770946285924,3.4715975750262706
293.2628811766536,3.4521100669116294
291.84866772123894,3.431341678440329
290.4344542657505,3.4093548141800056
289.02024081353574,3.3861743330830523
287.60602736808596,3.3617814305354163
286.1918139333841,3.3361031740959737
284.77760051450423,3.3089927147603433
284.37495797413357,3.3009797360363247
282.9607445883227,3.271622544745953
281.5465312411554,3.239918438747722
280.13231796333156,3.2047717840085674
278.71810483576286,3.1633954010049417
277.30389242279546,3.0984591226447242
277.21550451755036,3.087785159987584
277.200558397743,3.084637249957626
277.1901922633917,3.080944754662615
277.18839517825165,3.079546538093127
277.1880838130154,3.0791125915380326
277.18786275216183,3.0785772044316877
277.1878239244939,3.078345314572402
277.1878176487893,3.078236930776729
277.1878171182035,3.0781978697419925
277.18781717299663,3.0781952653883904
277.1878185501061,3.0781341983114197
277.18782217457954,3.078071435080227
277.18782760678386,3.0780162628376138
277.18783565534403,3.0779576707115974
277.18784754160106,3.077890339147443
277.1878650354909,3.077811849496209
277.1878907091948,3.077719505049471
277.18792832286465,3.077609954163847
277.18798337291514,3.077479260941181
277.18806389042123,3.0773227816238484
277.188181608311,3.0771349840955833
277.1883536668064,3.076909254232742
277.1886051068826,3.076638751544225
277.188963044036,3.07631973910651
277.1894725473684,3.0759434288442704
277.1901977568935,3.075498534894898
277.19122995786887,3.0749718732989555
277.1926990679403,3.0743480318873573
277.19478998621406,3.073609014377853
277.19776586130706,3.0727338623054625
277.20200120646734,3.0716982653776004
277.20802902903546,3.0704741811032985
277.2166079051073,3.069029499393013
277.2288174402037,3.0673278097795484
277.2461941289008,3.065328361157634
277.27092471025986,3.0629863512382913
277.30612135127666,3.060253751853214
277.3562132879672,3.0570809761830593
277.42750420896,3.0534198382068576
277.5289655238232,3.0492284616635255
277.67336534254514,3.0444790915017235
277.87887523912633,3.0391701808471985
278.1713569975187,3.033344720119392
278.5876171084384,3.0271176092460896
279.1800385692179,3.020716040862723
280.02317286133956,3.0145384862616114
281.22312165283387,3.009240128879405
282.63733510412004,3.006183088884745
284.0515485825733,3.005349366399979
284.17789045709844,3.0053576153222643
285.5921039519809,3.0061939454884863
287.0063174587051,3.0081645553841945
288.4205309729543,3.0110253114496057
289.83474449268925,3.014606503315515
291.2489580165236,3.0187841401850215
292.66317154347615,3.023464058647753
294.07738507282914,3.0285724911149314
295.4915986040426,3.0340501596509872
296.90581213670043,3.039848416507151
298.32002567047493,3.045926633675715
299.73423920510277,3.0522503865931703
301.1484527403679,3.0587901604252195
302.56266627608943,3.0655204104783365
303.97687981211243,3.0724188688687764
305.39109334830056,3.079466026572475
306.8053068845305,3.0866447433697592
308.21952042068705,3.0939399534948224
309.63373395665866,3.101338445162133
311.04794749233344,3.1088286994622765
312.4621610275951,3.1164007795917845
313.87637456231823,3.124046265820464
315.29058809636365,3.131758235634061
316.704801629572,3.1395312927134253
318.11901516175624,3.14736165351331
319.5332286926914,3.155247307166287
320.9474422221009,3.163188274841621
322.36165574963684,3.171187011320064
323.77586927485163,3.1792490196132674
325.1900827971545,3.1873837992736203
326.60429631574294,3.195606342254739
328.0185098294892,3.2039395753725044
329.4327233367399,3.2124185436330674
330.8469368349383,3.2210980505075346
332.26115031983625,3.230067882629069
333.67536378362524,3.2394871179268048
335.08957720953555,3.249677341805783
336.50379054995756,3.2614752899890824
337.9180034968082,3.279796115991823
338.09477962844034,3.2867591249603505
338.0984255035803,3.2872622903270154
338.10095393735867,3.2878078799825166
338.10185315270314,3.288202087197785
338.1020085856038,3.288389450293096
338.10202157045546,3.2884488502839875
338.10202267640625,3.2884539095228327
338.10202267695104,3.2884613709390873
338.10202134598677,3.2884677263490794
338.10202055182657,3.2884715184972486
338.10201986495457,3.288489236135507
338.1020175897243,3.2885012070463704
338.10201509190193,3.2885143491046787
338.1020109925718,3.2885264298360877
338.1020051104507,3.2885437644549875
338.10199609313395,3.2885622649752526
338.1019828953542,3.288585493667703
338.1019635321045,3.288613547878204
338.10193516370794,3.2886471224989515
338.1018936448128,3.2886874246683564
338.1018329173546,3.2887359141809345
338.1017441309975,3.28879433010623
338.101614356913,3.2888647677717264
338.1014247084647,3.2889497567658172
338.1011475958975,3.2890523513458447
338.1007427144472,3.2891757685466674
338.1001664184636,3.289321788186286
338.09934616544155,3.289494612294673
338.0981787146711,3.2896996563256016
338.0965171331071,3.2899433357433807
338.09415230529544,3.2902332742984366
338.09078661788215,3.2905785518425095
338.0859965073716,3.2909900028604646
338.0791791580724,3.2914805804567857
338.0694766425988,3.2920658060808337
338.0556679586209,3.2927643344983175
338.03601537556096,3.2935986787732197
338.008045755205,3.2945961657881604
337.96823932719406,3.2957902371526453
337.9115867543002,3.297222287966894
337.8309587477254,3.2989443741920472
337.71620890359463,3.301023370088502
337.55289685985394,3.303547620406162
337.3204710931738,3.306638005966129
336.9896826755173,3.310467030150036
336.5189045325234,3.315292887354938
335.8488930121232,3.3215223331871906
334.89533254920127,3.3298306010524303
334.62151951222353,3.3321672428189695
333.20730618176174,3.344241403054633
331.79309281353017,3.356693587889882
330.37887943085803,3.3698107772529995
328.9646660429395,3.3837354241666255
327.5504526561079,3.3985182447920694
326.1362392751208,3.4141296719407066
324.7220259036941,3.430457533747161
323.30781254465376,3.4473025339152445
321.89359919989533,3.464379237151404
320.47938587028005,3.481328060842149
319.44159737126915,3.4934481327669866
318.0273840687386,3.5091962174220086
316.61317077631537,3.5236849529647367
315.1989574933372,3.536547891022635
313.7847442166731,3.5474842007365486
312.37053094291446,3.5562662895642494
311.6476548963598,3.5598697753708035
310.2334416215548,3.5651172816816286
308.8192283391359,3.5679255062420614
307.4050150467592,3.568267955220042
305.9908017408444,3.566154885715513
304.5765884181957,3.5616291444985713
303.1623750763329,3.554764361207837
301.7481617138305,3.545663468572985
300.3339483305515,3.534455365415218
298.91973492768227,3.5212883736329506
297.505521507544,3.5063206249446983
296.09130807324954,3.48970885602615
294.67709462832204,3.471597575022698
293.26288117638325,3.452110066907784
291.8486677209686,3.4313416784362802
290.43445426548016,3.4093548141757033
289.0202408132654,3.3861743330785217
287.6060273678156,3.3617814305306197
286.19181393311374,3.3361031740909626
284.7776005142339,3.30899271475498
284.3749579738632,3.300979736030893
282.96074458805236,3.271622544740137
281.54653124088503,3.2399184387413844
280.1323179630612,3.204771784001358
278.7181048354925,3.163395400996081
277.3038924225251,3.0984591226194578
277.21550451728,3.0877851599393398
277.20055839747266,3.0846372498878805
277.19019226312133,3.080944754505172
277.1883951779814,3.0795465377752054
277.18808381274533,3.079112591072372
277.1878627518932,3.0785772033455157
277.18782392423105,3.0783453119600823
277.18781764857323,3.078236923114879
277.18781711813693,3.0781978571343793
277.1878171730122,3.0781952499312215
277.1878185504694,3.0781341899778316
277.18782217478514,3.078071433759457
277.18782760694984,3.078016261770148
277.18783565551126,3.077957669677641
277.18784754176977,3.0778903382652643
277.1878650356609,3.077811848817317
277.18789070936526,3.077719504507598
277.18792832303546,3.0776099537245782
277.1879833730862,3.0774792605794437
277.18806389059245,3.077322781332318
277.1881816084823,3.0771349838504873
277.1883536669777,3.0769092540309777
277.188605107054,3.0766387513757025
277.1889630442074,3.076319738967952
277.1894725475398,3.075943428730101
277.19019775706494,3.075498534799128
277.1912299580403,3.074971873218319
277.1926990681117,3.074348031820238
277.19478998638556,3.073609014322821
277.19776586147856,3.0727338622595437
277.20200120663884,3.0716982653397222
277.20802902920695,3.0704741810713454
277.2166079052788,3.0690294993666023
277.2288174403752,3.067327809757624
277.2461941290723,3.0653283611395126
277.27092471043136,3.062986351223693
277.30612135144816,3.0602537518410102
277.3562132881387,3.057080976173426
277.4275042091315,3.053419838198893
277.5289655239947,3.049228461657196
277.67336534271664,3.0444790914966684
277.8788752392978,3.039170180843229
278.1713569976902,3.0333447201163617
278.5876171086099,3.0271176092439323
279.1800385693894,3.020716040861214
280.02317286151106,3.0145384862606277
281.22312165300536,3.009240128878842
282.63733510429154,3.00618308888454
284.0515485827448,3.005349366399989
284.17789045726994,3.0053576153222803
285.5921039521524,3.0061939454886666
287.0063174588766,3.0081645553844973
288.4205309731258,3.011025311450001
289.83474449286075,3.0146065033159952
291.2489580166951,3.0187841401855806
292.66317154364765,3.0234640586483437
294.07738507300064,3.028572491115596
295.4915986042141,3.0340501596516614
296.90581213687193,3.03984841650786
298.32002567064643,3.045926633676463
299.73423920527426,3.052250386593933
301.14845274053937,3.058790160426028
302.5626662762609,3.0655204104791682
303.9768798122839,3.0724188688696383
305.39109334847205,3.079466026573349
306.805306884702,3.0866447433706314
308.21952042085854,3.0939399534956973
309.63373395683016,3.1013384451630555
311.04794749250493,3.1088286994631886
312.46216102776657,3.1164007795927002
313.87637456248973,3.124046265821401
315.29058809653515,3.1317582356350155
316.7048016297435,3.1395312927143784
318.11901516192773,3.1473616535142597
319.5332286928629,3.1552473071672495
320.9474422222724,3.1631882748426006
322.36165574980834,3.1711870113210514
323.7758692750231,3.179249019614262
325.190082797326,3.1873837992746217
326.60429631591444,3.1956063422557603
328.0185098296607,3.2039395753735462
329.4327233369114,3.2124185436341017
330.8469368351098,3.2210980505085716
332.26115032000774,3.2300678826301725
333.67536378379674,3.239487117927949
335.08957720970704,3.2496773418070903
336.50379055012905,3.261475289990696
337.9180034969797,3.2797961159960307
338.09477962861183,3.286759124980417
338.0984255037518,3.28726229035578
338.10095393753016,3.2878078800347104
338.10185315287447,3.2882020873249296
338.1020085857738,3.2883894507580487
338.10202157061127,3.2884488520080697
338.1020226765582,3.288453911342173
338.1020226758806,3.288461370938896
338.10202134600087,3.288467726349645
338.1020205519487,3.2884715210742783
338.1020198650808,3.288489229010981
338.10201759089773,3.2885012008492702
338.10201509333814,3.288514348594249
338.1020109937284,3.288526427380818
338.1020051115118,3.2885437583083865
338.1019960943211,3.2885622619845667
338.10198289654994,3.2885854918372344
338.10196353330036,3.288613546351761
338.1019351649058,3.288647121211303
338.10189364601246,3.288687423616735
338.1018329185554,3.288735913314322
338.1017441321989,3.288794329389124
338.10161435811494,3.288864767178134
338.10142470966707,3.2889497562777734
338.1011475971,3.289052350940131
338.1007427156499,3.2891757682101006
338.1001664196664,3.289321787907541
338.0993461666444,3.2894946120622075
338.098178715874,3.2896996561325413
338.09651713431003,3.289943335581462
338.0941523064984,3.2902332741634766
338.0907866190852,3.2905785517295
338.0859965085746,3.2909900027659966
338.07917915927544,3.2914805803771143
338.0694766438018,3.2920658060143735
338.05566795982395,3.29276433444268
338.036015376764,3.2935986787264206
338.008045756408,3.2945961657488807
337.9682393283971,3.2957902371195056
337.9115867555032,3.2972222879389017
337.8309587489284,3.2989443741683697
337.71620890479767,3.301023370068215
337.552896861057,3.303547620388865
337.32047109437684,3.3066380059512053
336.98968267672035,3.3104670301369428
336.5189045337264,3.315292887343193
335.84889301332623,3.3215223331764756
334.8953325504043,3.3298306010421928
334.62151951342656,3.332167242808726
333.20730618296477,3.344241403044293
331.7930928147332,3.356693587879038
330.37887943206107,3.369810777241525
328.9646660441425,3.3837354241544277
327.5504526573109,3.398518244779137
326.1362392763238,3.414129671927135
324.7220259048971,3.430457533733019
323.3078125458568,3.447302533900822
321.89359920109837,3.464379237136925
320.4793858714831,3.4813280608279777
319.4415973724722,3.493448132753218
318.02738406994166,3.5091962174091487
316.6131707775184,3.5236849529530065
315.19895749454025,3.5365478910124235
313.78474421787615,3.5474842007280722
312.3705309441175,3.556266289557792
311.64765489756286,3.5598697753653057
310.2334416227578,3.565117281678252
308.81922834033895,3.5679255062407025
307.40501504796225,3.5682679552208687
305.99080174204744,3.566154885718373
304.5765884193987,3.5616291445034225
303.16237507753596,3.554764361214635
301.7481617150335,3.545663468581629
300.3339483317545,3.5344553654256248
298.9197349288853,3.521288373644936
297.50552150874705,3.5063206249581444
296.09130807445257,3.4897088560409757
294.6770946295251,3.4715975750387007
293.2628811775863,3.452110066924892
291.8486677221716,3.4313416784544195
290.4344542666832,3.409354814194963
289.0202408144684,3.386174333098758
287.60602736901865,3.3617814305518765
286.19181393431677,3.3361031741133864
284.7776005154369,3.308992714778681
284.3749579750662,3.30097973605501
282.96074458925534,3.271622544766006
281.546531242088,3.2399184387696045
280.1323179642642,3.204771784033262
278.7181048366955,3.163395401035823
277.3038924237281,3.0984591227309384
277.215504518483,3.0877851601541146
277.20055839867564,3.0846372501978925
277.1901922643242,3.080944755207364
277.1883951791839,3.0795465391853156
277.188083813947,3.0791125931346817
277.18786275308867,3.078577208188038
277.18782392540055,3.078345323655138
277.1878176495402,3.0782369566161756
277.18781711841666,3.078197913693244
277.18781717291296,3.0781953196465084
277.1878185488244,3.0781342279292425
277.1878221739251,3.078071441799884
277.18782760618365,3.078016266533594
277.18783565475474,3.077957674259184
277.1878475410066,3.0778903421708557
277.1878650348928,3.0778118519105364
277.1878907085948,3.0777195069877616
277.18792832226353,3.07760995574429
277.18798337231317,3.0774792622265217
277.1880638898188,3.077322782687634
277.1881816077082,3.0771349849680494
277.1883536662033,3.07690925494726
277.18860510627934,3.076638752136138
277.1889630434326,3.076319739595495
277.1894725467649,3.0759434292530465
277.19019775628993,3.075498535235028
277.19122995726525,3.074971873581239
277.1926990673366,3.0743480321219026
277.1947899856104,3.0736090145734662
277.1977658607034,3.0727338624680063
277.20200120586367,3.071698265513117
277.2080290284318,3.0704741812151712
277.21660790450363,3.069029499485829
277.2288174396,3.067327809856622
277.2461941282971,3.0653283612206743
277.27092470965613,3.0629863512902764
277.3061213506729,3.060253751895618
277.35621328736346,3.057080976217711
277.42750420835625,3.0534198382348445
277.5289655232195,3.049228461685817
277.6733653419414,3.0444790915194035
277.8788752385226,3.039170180861017
278.171356996915,3.0333447201298807
278.58761710783466,3.027117609253904
279.1800385686142,3.020716040868245
280.0231728607358,3.0145384862651925
281.22312165223013,3.0092401288813555
282.6373351035163,3.0061830888855376
284.05154858196954,3.0053493663999795
284.1778904564947,3.0053576153222012
285.59210395137717,3.006193945487875
287.00631745810136,3.008164555383147
288.42053097235055,3.0110253114482317
289.8347444920855,3.014606503313862
291.24895801591987,3.0187841401831337
292.6631715428724,3.0234640586456463
294.0773850722254,3.0285724911126732
295.4915986034389,3.034050159648572
296.9058121360967,3.0398484165046065
298.3200256698712,3.045926633673059
299.73423920449903,3.0522503865904094
301.14845273976414,3.0587901604223733
302.5626662754857,3.0655204104754237
303.9768798115087,3.072418868865802
305.3910933476968,3.0794660265694374
306.8053068839268,3.086644743366681
308.2195204200833,3.0939399534916747
309.6337339560549,3.1013384451589685
311.0479474917297,3.1088286994590684
312.46216102699134,3.11640077958854
313.8763745617145,3.1240462658171806
315.2905880957599,3.1317582356307607
316.70480162896826,3.139531292710098
318.1190151611525,3.147361653509937
319.5332286920877,3.1552473071629095
320.94744222149717,3.163188274838218
322.3616557490331,3.1711870113166523
323.7758692742479,3.1792490196098226
325.19008279655077,3.18738379927014
326.6042963151392,3.195606342251231
328.01850982888544,3.203939575368933
329.4327233361362,3.2124185436294086
330.84693683433454,3.221098050503777
332.2611503192325,3.2300678826251548
333.6753637830215,3.2394871179226237
335.0895772089318,3.2496773418011995
336.5037905493538,3.2614752899834323
337.91800349620445,3.279796115977428
338.0947796278366,3.2867591248888424
338.09842550297657,3.2872622902261477
338.10095393675505,3.2878078797987627
338.10185315210015,3.2882020867293242
338.10200858500565,3.2883894486463863
338.1020215699027,3.288448844618054
338.1020226758657,3.288453903552743
338.10202268257945,3.288461370939766
338.1020213460397,3.2884677263453272
338.1020205513273,3.288471505297139
338.1020198642946,3.2884892695185926
338.10201758430094,3.2885012357617427
338.10201508526876,3.2885143515992885
338.10201098719557,3.288526440696054
338.1020051054912,3.2885437914094635
338.1019960876363,3.288562278656652
338.1019828898142,3.2885855021219617
338.1019635265629,3.2886135548861297
338.1019351581573,3.288647128415336
338.1018936392544,3.2886874295518576
338.1018329117912,3.2887359182016933
338.1017441254306,3.2887943334203698
338.1016143513438,3.288864770505678
338.10142470289406,3.2889497590323953
338.1011475903257,3.2890523532134472
338.10074270887475,3.289175770102013
338.1001664128906,3.289321789479967
338.0993461598682,3.2894946133708016
338.0981787090975,3.2896996572237636
338.09651712753333,3.2899433364926205
338.09415229972154,3.2902332749261634
338.0907866123082,3.290578552367456
338.0859965017976,3.29099000330042
338.0791791524984,3.291480580825664
338.06947663702476,3.2920658063897785
338.0556679530469,3.292764334757691
338.03601536998696,3.293598678991052
338.008045749631,3.2945961659711767
337.96823932162,3.295790237306639
337.9115867487261,3.2972222880968105
337.8309587421513,3.298944374302109
337.71620889802057,3.3010233701819014
337.5528968542799,3.3035476204861958
337.32047108759974,3.3066380060353726
336.98968266994325,3.3104670302107566
336.5189045269493,3.315292887409239
335.84889300654913,3.321522333237149
334.8953325436272,3.3298306011001713
334.62151950664946,3.332167242866436
333.20730617618767,3.344241403102635
331.7930928079561,3.356693587940106
330.37887942528397,3.369810777306235
328.9646660373654,3.3837354242231665
327.5504526505338,3.398518244852048
326.1362392695467,3.4141296720038063
324.72202589812,3.4304575338127123
323.3078125390797,3.447302533982276
321.89359919432127,3.46437923721869
320.479385864706,3.4813280609081474
319.4415973656951,3.493448132831072
318.02738406316456,3.5091962174818256
316.6131707707413,3.523684953018921
315.19895748776315,3.5365478910697687
313.78474421109905,3.5474842007754885
312.3705309373404,3.556266289594399
311.64765489078576,3.5598697753962223
310.2334416159807,3.565117281697634
308.81922833356185,3.5679255062481827
307.40501504118515,3.568267955216556
305.99080173527034,3.566154885702448
304.5765884126216,3.5616291444760595
303.16237507075886,3.554764361176276
301.7481617082564,3.5456634685328656
300.3339483249774,3.534455365367059
298.9197349221082,3.521288373577416
297.50552150196995,3.5063206248823917
296.09130806767547,3.489708855957641
294.677094622748,3.471597574948545
293.2628811708092,3.4521100668283715
291.8486677153945,3.4313416783519766
290.4344542599061,3.4093548140867243
289.0202408076913,3.386174332984809
287.60602736224155,3.361781430432036
286.19181392753967,3.336103173987036
284.7776005086598,3.3089927146450107
284.3749579682891,3.300979735918989
282.96074458247824,3.271622544620305
281.5465312353109,3.23991843861066
280.1323179574871,3.204771783853536
278.7181048299184,3.1633954008120386
277.303892416951,3.098459122103505
277.2155045117059,3.0877851589444916
277.20055839189865,3.0846372484499467
277.1901922575479,3.080944751253553
277.1883951724098,3.079546531243769
277.1880838071776,3.079112581500368
277.1878627463538,3.0785771809737117
277.18782391881257,3.0783452577014168
277.1878176440877,3.078236768494237
277.18781712023025,3.078197843785886
277.1878180092061,3.0781494999500896
277.18782026390204,3.078100067065792
277.1878238544905,3.078053256445285
277.1878292714433,3.0780036837751052
277.1878373262885,3.0779474109968596
277.18784922501453,3.077882013831014
277.1878667273135,3.077805157795451
277.18789240610045,3.077714081261771
277.1879300230644,3.077605524364039
277.18798507531847,3.07747562931002
277.18806559430567,3.0773197978334093
277.1881833131944,3.077132528847978
277.18835537236623,3.0769072318964215
277.18860681287697,3.0766370735496102
277.1889647503478,3.0763183502918015
277.1894742538931,3.075942276155917
277.19019946356497,3.075497576559668
277.19123166464203,3.074971075817659
277.19270077478416,3.0743473680459994
277.1947916931073,3.073608461863093
277.1977675682347,3.0727334026999
277.2020029134191,3.0716978834128295
277.2080307360041,3.0704738640802014
277.2166096120878,3.069029236724665
277.22881914719244,3.0673275926259125
277.24619583589526,3.0653281821275837
277.27092641725835,3.0629862041497486
277.306123058278,3.0602536315307285
277.35621499497046,3.0570808782926404
277.4275059159646,3.053419759117551
277.5289672308288,3.0492283983335216
277.6733670495514,3.044479041381386
277.87887694613306,3.039170141799546
278.1713587045258,3.0333446903522137
278.5876188154457,3.027117587256077
279.1800402762254,3.0207160253877365
280.02317456834714,3.0145384762412473
281.22312335984157,3.0092401234216593
282.6373368111278,3.006183086714107
284.0515502895811,3.005349366429561
284.1778904782324,3.005357615327227
285.5921039731149,3.0061939455101845
287.0063174798391,3.008164555420792
288.42053099408827,3.011025311498102
289.83474451382324,3.014606503373751
291.2489580376576,3.018784140251432
292.66317156461014,3.023464058721045
294.07738509396313,3.028572491194171
295.4915986251766,3.0340501597353486
296.9058121578344,3.039848416595965
298.3200256916089,3.045926633768452
299.73423922623675,3.0522503866893462
301.14845276150186,3.0587901605244365
302.5626662972234,3.0655204105802283
303.9768798332464,3.0724188689730076
305.39109336943454,3.079466026678811
306.8053069056645,3.086644743477952
308.21952044182103,3.0939399536046372
309.63373397779264,3.10133844527342
311.0479475134674,3.108828699574844
312.46216104872906,3.1164007797054953
313.8763745834522,3.124046265935225
315.29058811749763,3.1317582357497855
316.704801650706,3.1395312928300285
318.1190151828902,3.1473616536307567
319.5332287138254,3.155247307284543
320.9474422432349,3.163188274960702
322.3616557707708,3.1711870114400638
323.7758692959856,3.179249019734268
325.1900828182885,3.1873837993958083
326.6042963368769,3.1956063423783974
328.01850985062316,3.203939575498028
329.4327233578739,3.212418543761109
330.84693685607226,3.2210980506391125
332.26115034097023,3.2300678827659457
333.67536380475923,3.239487118072171
335.08957723066953,3.2496773419667457
336.50379057109154,3.2614752901872572
337.9180035179421,3.279796116498293
338.09477964957404,3.2867591274471555
338.0984255247136,3.2872622938528586
338.100953958488,3.287807886423568
338.10185317381195,3.2882021034468707
338.10200860654356,3.2883895075776657
338.1020215897823,3.2884490505391235
338.1020217925944,3.288461370789334
338.10202056590504,3.288480128622771
338.10201834549036,3.288497004851036
338.10201482559256,3.288513259659882
338.1020095559884,3.288530532897938
338.10200174974744,3.288550218691891
338.10199024332,3.288573139789359
338.10197334045694,3.288600113012954
338.10194856151196,3.2886321180094145
338.1019122817067,3.2886703133426325
338.10185920441035,3.2887160732030862
338.1017815913561,3.2887710411446114
338.10166813784946,3.288837191260429
338.1015023295608,3.2889169001060625
338.10126004205796,3.289013032382885
338.10090603260664,3.2891285984342407
338.10040213740456,3.289265276130531
338.0996849249832,3.2894269952900563
338.0986641214755,3.289618824004835
338.09721124822045,3.289846763492865
338.0951434540305,3.290117942614102
338.092200504848,3.29044084865214
338.0880120353863,3.2908256045286652
338.0820509416423,3.2912843055352883
338.0735670491028,3.2918314333368524
338.06149270932593,3.292484372673236
338.0443084449872,3.2932640687562573
338.01985173590367,3.2941958844240715
337.98504488329945,3.2953107521207543
337.93550770622534,3.2966467783545004
337.8650063311012,3.298251569075085
337.76466870899156,3.30018574394307
337.6218681397931,3.302528473367403
337.4186343038619,3.3053865568673464
337.12939184223626,3.3089098719405667
336.7177419040357,3.3133185973462274
336.1318816447801,3.3189528210786485
335.2980852565448,3.326365985025414
334.6215193567811,3.332167243792981
333.2073060263274,3.3442414043917226
331.7930926580958,3.3566935892914067
330.3788792754237,3.3698107787373646
328.96466588750513,3.3837354257440926
327.55045250067354,3.3985182464636634
326.1362391196864,3.4141296736987914
324.72202574825974,3.4304575355745826
323.30781238921946,3.447302535785442
321.89359904446104,3.464379239028396
320.47938571484576,3.4813280626832164
319.4415973844222,3.4934481326159412
318.0273840818917,3.509196217280788
316.6131707894684,3.5236849528370158
315.1989575064903,3.536547890911504
313.7847442298262,3.5474842006444978
312.3705309560675,3.556266289493112
311.64765486736604,3.559869775503094
310.233441592561,3.5651172817644228
308.81922831014214,3.5679255062743573
307.40501501776544,3.5682679552018826
305.9908017118506,3.5661548856473004
304.5765883892019,3.5616291443814996
303.16237504733914,3.554764361043746
301.7481616848367,3.545663468364323
300.3339483015577,3.534455365164849
298.9197348986885,3.521288373344039
297.50552147855024,3.5063206246205283
296.09130804425575,3.4897088556697535
294.67709459932826,3.471597574636927
293.26288114738946,3.452110066494823
291.8486676919748,3.4313416779978025
290.4344542364864,3.409354813712733
289.0202407842716,3.3861743325910414
287.60602733882183,3.3617814300176985
286.19181390411995,3.336103173550472
284.7776004852401,3.308992714182928
284.3749579870163,3.300979736294876
282.9607446012054,3.2716225450229466
281.5465312540381,3.2399184390498865
280.13231797621427,3.204771784350408
278.71810484864557,3.16339540143018
277.30389243567816,3.098459123837163
277.215504530433,3.0877851622864134
277.2005584106255,3.0846372532819752
277.1901922762728,3.0809447621815695
277.1883951911286,3.079546553186594
277.18808382588355,3.0791126136533826
277.18786276496434,3.0785772561507017
277.18782393701713,3.0783454399506747
277.18781765916566,3.0782372871204853
277.18781712122365,3.0781984740225194
277.18781717150654,3.078196033449454
277.1878185317544,3.0781346197613226
277.18782216513995,3.0780715322943992
277.18782759815554,3.0780163192974173
277.1878356468253,3.0779577228548587
277.1878475330054,3.0778903828072863
277.18786502684327,3.0778118841136632
277.1878907005206,3.0777195328939633
277.18792831417375,3.0776099768731906
277.1879833642129,3.0774792795481614
277.18806388171146,3.0773227969133767
277.1881815995961,3.077134996660715
277.188353658088,3.0769092645724134
277.188605098162,3.0766387601240512
277.18896303531375,3.0763197462087923
277.189472538645,3.07594343473784
277.1901977481694,3.0754985397956083
277.1912299491442,3.0749718773756256
277.1926990592152,3.0743480352807278
277.19478997748877,3.0736090172029704
277.1977658525816,3.0727338646551026
277.20200119774177,3.07169826733029
277.2080290203098,3.070474182723834
277.2166078963816,3.069029500735696
277.228817431478,3.0673278108900335
277.246194120175,3.0653283620727168
277.270924701534,3.062986351990194
277.3061213425508,3.0602537524681757
277.35621327924133,3.057080976683531
277.4275042002341,3.053419838611119
277.52896551509735,3.049228461987232
277.6733653338193,3.0444790917578626
277.87887523040047,3.0391701810468033
278.17135698879287,3.033344720271494
278.58761709971253,3.0271176093585326
279.18003856049205,3.020716040941868
280.0231728526137,3.0145384863128655
281.223121644108,3.0092401289073125
282.6373350953942,3.0061830888958503
284.0515485738474,3.005349366399847
284.1778904483726,3.0053576153212926
285.59210394325504,3.006193945479513
287.00631744997924,3.0081645553690755
288.4205309642284,3.0110253114295835
289.8347444839634,3.0146065032914655
291.24895800779774,3.0187841401576385
292.6631715347503,3.02346405861748
294.0773850641033,3.028572491082238
295.49159859531676,3.0340501596161316
296.90581212797457,3.0398484164704764
298.32002566174907,3.045926633637411
299.7342391963769,3.0522503865534376
301.148452731642,3.0587901603842447
302.56266626736357,3.065520410436262
303.97687980338657,3.072418868825729
305.3910933395747,3.079466026528567
306.80530687580466,3.086644743325083
308.2195204119612,3.0939399534494845
309.6337339479328,3.1013384451161996
311.0479474836076,3.108828699415801
312.4621610188692,3.1164007795448283
313.87637455359237,3.1240462657730745
315.2905880876378,3.1317582355863003
316.7048016208461,3.139531292665293
318.1190151530304,3.1473616534648174
319.53322868396555,3.155247307117456
320.94744221337504,3.1631882747924536
322.361655740911,3.17118701127054
323.77586926612577,3.1792490195633247
325.19008278842864,3.1873837992231717
326.6042963070171,3.195606342203704
328.0185098207633,3.2039395753206827
329.43272332801405,3.2124185435801973
330.8469368262124,3.2210980504531936
332.2611503111104,3.230067882572552
333.6753637748994,3.2394871178667577
335.0895772008097,3.2496773417393388
336.5037905412317,3.2614752899072394
337.9180034880823,3.2797961157828506
338.09477961971453,3.2867591239335443
338.0984254948546,3.287262288870088
338.1009539286346,3.2878078773219617
338.10185314398757,3.2882020804870256
338.102008576958,3.288389426643642
338.10202156247084,3.2884487680370587
338.1020226685996,3.288453822841054
338.10202278210767,3.2884613709557846
338.10202134599604,3.2884677262771285
338.1020205423216,3.28847128283161
338.1020198521492,3.2884898797114337
338.1020174858357,3.2885017596137835
338.10201496586427,3.2885144109441478
338.10201088883963,3.2885266489824456
338.10200501451254,3.288544281998241
338.10199598681623,3.2885625295101657
338.1019827881912,3.288585657713683
338.10196342490434,3.288613683974273
338.1019350563283,3.288647237120075
338.1018935372826,3.288687519173309
338.10183280972603,3.2887359919383137
338.10174402330347,3.288794394244002
338.1016142491745,3.288864820741307
338.1014246006959,3.2889498005369524
338.1011474881079,3.289052387524676
338.10074260664425,3.2891757986536074
338.10016631065076,3.289321813183817
338.09934605762214,3.289494633110645
338.0981786068471,3.289699673694003
338.0965170252799,3.2899433502565247
338.09415219746603,3.2902332864382324
338.0907865100512,3.2905785620032195
338.08599639953957,3.290990011370466
338.07917905023965,3.291480587588206
338.0694765347655,3.292065812060358
338.0556678507873,3.2927643395142314
338.0360152677271,3.2935986829846953
338.008045647371,3.29459616932792
337.9682392193599,3.295790240132189
337.9115866464659,3.2972222904807778
337.83095863989104,3.2989443763195117
337.7162087957602,3.301023371897511
337.5528967520195,3.3035476219548863
337.32047098533934,3.3066380073052404
336.9896825676828,3.310467031324229
336.5189044246888,3.315292888405319
335.8488929042886,3.3215223341534617
334.8953324413667,3.329830601974909
334.62151953082946,3.332167242660496
333.20730620036767,3.3442414028941214
331.7930928321361,3.3566935877220914
330.37887944946397,3.3698107770752825
328.9646660615454,3.383735423977776
327.5504526747138,3.398518244591957
326.1362392937267,3.4141296717302687
324.7220259223,3.4304575335283447
323.3078125632597,3.4473025336914658
321.89359921850127,3.464379236926706
320.479385888886,3.4813280606217263
319.4415973898751,3.4934481325532367
318.02738408734456,3.509196217222273
316.6131707949213,3.5236849527840413
315.19895751194315,3.536547890865485
313.78474423527905,3.5474842006063843
312.3705309615204,3.556266289463646
311.6476548728189,3.5598697754782003
310.2334415980139,3.565117281748832
308.819228315595,3.5679255062682165
307.4050150232183,3.5682679552053043
305.9908017173035,3.5661548856600955
304.5765883946548,3.5616291444035193
303.162375052792,3.5547643610746045
301.7481616902896,3.545663468403516
300.3339483070106,3.5344553652119726
298.91973490414136,3.521288373398346
297.5055214840031,3.5063206246814533
296.09130804970863,3.4897088557367724
294.67709460478113,3.471597574709472
293.26288115284234,3.45211006657245
291.8486676974277,3.4313416780802815
290.43445424193925,3.409354813799807
289.0202407897245,3.3861743326827183
287.6060273442747,3.3617814301141724
286.19181390957283,3.3361031736521527
284.777600490693,3.308992714290559
284.3749579503223,3.300979735558225
282.96074456451146,3.2716225442339546
281.5465312173441,3.239918438189285
280.1323179395203,3.2047717833767893
278.7181048119516,3.1633954002191116
277.30389239898426,3.098459120440004
277.2155044937393,3.0877851557383584
277.20055837393227,3.084637243813169
277.19019223958344,3.080944740769461
277.18839515445114,3.079546510198957
277.18808378923126,3.079112550650873
277.1878627284991,3.0785771088228384
277.18782390134805,3.07834508265303
277.18781762965256,3.0782362675740025
277.1878171274689,3.0781978438630553
277.18781800920834,3.0781494999671324
277.1878202677267,3.078100001364989
277.18782385870514,3.0780532101580347
277.1878292757402,3.078003650778335
277.1878373306162,3.077947384770698
277.1878492293714,3.0778819925907763
277.18786673169103,3.0778051406500193
277.18789241049075,3.0777140673055676
277.1879300274631,3.0776055129410844
277.18798507972286,3.077475619937779
277.18806559871393,3.077319790131434
277.1881833176052,3.077132522493585
277.1883553767788,3.0769072266659916
277.18860681729063,3.0766370692111606
277.18896475476225,3.076318346699806
277.18947425830805,3.0759422731741974
277.19019946798034,3.075497574081145
277.19123166905763,3.0749710737534786
277.1927007791999,3.0743473663283183
277.19479169752316,3.073608460433031
277.1977675726507,3.0727334015112295
277.20200291783516,3.071697882424953
277.20803074042016,3.0704738632596587
277.21660961650383,3.069029236045369
277.2288191516085,3.0673275920640433
277.2461958403114,3.065328181664351
277.27092642167446,3.062986203769262
277.3061230626941,3.060253631219422
277.35621499938657,3.0570808780395984
277.4275059203807,3.053419758913049
277.5289672352449,3.0492283981697055
277.6733670539675,3.0444790412518388
277.87887695054917,3.0391701416985097
278.1713587089419,3.0333446902753116
278.5876188198618,3.027117587199162
279.1800402806415,3.0207160253477014
280.02317457276325,3.014538476215358
281.2231233642577,3.00924012340755
282.6373368155439,3.006183086708504
284.0515502939972,3.0053493664296362
284.1778904405017,3.005357615323023
285.59210393538416,3.0061939454714413
287.00631744210835,3.0081645553554504
288.42053095635754,3.011025311411524
289.8347444760925,3.0146065032697806
291.24895799992686,3.018784140132892
292.6631715268794,3.0234640585901844
294.0773850562324,3.02857249105271
295.4915985874459,3.0340501595847273
296.9058121201037,3.0398484164373873
298.3200256538782,3.0459266336028783
299.734239188506,3.052250386517615
301.14845272377113,3.0587901603473067
302.5626662594927,3.065520410398321
303.9768797955157,3.0724188687869094
305.3910933317038,3.0794660264889773
306.8053068679338,3.086644743284789
308.2195204040903,3.0939399534085616
309.6337339400619,3.1013384450747536
311.0479474757367,3.108828699373883
312.46216101099833,3.116400779502467
313.8763745457215,3.124046265730323
315.2905880797669,3.1317582355432023
316.70480161297525,3.1395312926218684
318.1190151451595,3.147361653421088
319.53322867609467,3.155247307073418
320.94744220550416,3.1631882747481037
322.3616557330401,3.1711870112258373
323.7758692582549,3.179249019518264
325.19008278055776,3.1873837991776877
326.6042962991462,3.195606342157665
328.01850981289243,3.203939575273939
329.43272332014317,3.2124185435325203
330.84693681834153,3.221098050404181
332.2611503032395,3.2300678825215825
333.6753637670285,3.2394871178125935
335.0895771929388,3.249677341679404
336.5037905333608,3.2614752898334105
337.91800348021144,3.2797961155943836
338.09477961184376,3.2867591230071485
338.098425486984,3.287262287556765
338.10095392076556,3.287807874922785
338.1018531361262,3.2882020744324256
338.1020085691595,3.288389405313219
338.10202155526605,3.288448694097031
338.10202266155454,3.2884537449179057
338.1020223802884,3.2884693911275766
338.10202090602183,3.288476070021825
338.1020200643913,3.288479882874678
338.10201880194546,3.2884856021541196
338.1020172674178,3.2885032093689452
338.10201417080617,3.2885162709508657
338.1020099330461,3.2885293046003135
338.10200377091127,3.2885482568541478
338.1019942425263,3.288566126344899
338.10198035964834,3.2885894796292057
338.10196000154326,3.288618097145158
338.10193017961194,3.2886524069842684
338.10188653796337,3.288693621371169
338.101822710174,3.2887432445713
338.10172939524165,3.2888030583172343
338.1015930060725,3.288875207681961
338.101393694485,3.288962283664032
338.1011024661246,3.2890674156552446
338.1006769644092,3.2891939012384936
338.1000713217101,3.2893435623057106
338.0992093024774,3.289520706511297
338.0979824100563,3.2897308847913354
338.0962362311465,3.2899806738107045
338.09375100439667,3.2902778897073572
338.0902139652136,3.2906318426006913
338.08517998685863,3.291053643560164
338.0780155648335,3.2915565793883537
338.06781909544236,3.292156576603849
338.0533074162311,3.292872785834035
338.03265433033255,3.293728334250409
338.0032607943091,3.294751321440472
337.96142784948705,3.295976182029356
337.90189113782816,3.297445622445007
337.81715842491644,3.2992134894347718
337.6965667626727,3.3013492009357575
337.52494064333166,3.303944875737337
337.28068228418886,3.3071272557521856
336.9330537208698,3.31107837153612
336.4383086825108,3.3160726037042
335.7341874766124,3.3225453960939317
334.73208210939754,3.3312249190686316
334.62151960156706,3.3321672422046738
333.20730627115114,3.344241402263626
331.7930929029196,3.3566935870838877
330.3788795202475,3.369810776399347
328.96466613232894,3.383735423259467
327.55045274549735,3.3985182438307624
326.13623936451023,3.414129670929677
324.72202599308355,3.430457532696154
323.3078126340432,3.4473025328397924
321.8935992892848,3.4643792360720056
320.4793859596695,3.4813280597833507
319.44159737636494,3.493448132708621
318.0273840738344,3.509196217367373
316.61317078141116,3.5236849529152554
315.198957498433,3.5365478909795938
313.7847442217689,3.5474842007008562
312.37053094801024,3.556266289536662
311.6476549014556,3.5598697753475808
310.2334416266506,3.56511728166715
308.8192283442317,3.567925506236466
307.405015051855,3.568267955223335
305.9908017459402,3.566154885727508
304.57658842329147,3.561629144519151
303.1623750814287,3.5547643612366313
301.74816171892627,3.5456634686096713
300.3339483356473,3.534455365459242
298.91973493277806,3.52128837368371
297.5055215126398,3.5063206250017265
296.0913080783453,3.4897088560887743
294.6770946334178,3.4715975750905237
293.26288118147903,3.452110066980313
291.8486677260644,3.4313416785132933
290.43445427057594,3.4093548142571146
289.0202408183612,3.3861743331642185
287.6060273729114,3.3617814306207636
286.1918139382095,3.336103174185947
284.77760051932967,3.3089927148555573
284.37495797895895,3.3009797361331463
282.9607445931481,3.271622544849693
281.54653124598076,3.2399184388608857
280.13231796815694,3.204771784136632
278.71810484058824,3.1633954011641774
277.30389242762084,3.09845912309133
277.2155045223757,3.0877851608486853
277.2005584025683,3.0846372512024183
277.19019226821644,3.080944757478932
277.1883951830749,3.079546543745053
277.1880838178353,3.0791125998180497
277.18786275695714,3.0785772238103792
277.1878239291845,3.0783453615669107
277.18781765267363,3.078237064510369
277.18781711931376,3.0781980969164495
277.1878171724364,3.078195552218036
277.1878185432453,3.0781343555948877
277.187822171028,3.0780714717148627
277.18782760353474,3.0780162842591055
277.18783565213334,3.077957690351019
277.18784753836184,3.0778903555767023
277.1878650322323,3.0778118625427955
277.1878907059261,3.077719515544729
277.18792831958973,3.0776099627311257
277.18798336963596,3.0774792679597858
277.1880638871392,3.0773227873891673
277.188181605027,3.0771349888284028
277.18835366352107,3.076909258126377
277.18860510359644,3.076638754776474
277.18896304074923,3.076319741784881
277.1894725440812,3.0759434310662974
277.190197753606,3.075498536742672
277.19122995458116,3.0749718748348274
277.1926990646524,3.074348033165694
277.1947899829261,3.073609015442234
277.19776585801907,3.072733863190856
277.2020012031793,3.07169826611348
277.2080290257474,3.0704741817141117
277.21660790181926,3.0690294998991403
277.2288174369156,3.0673278101979333
277.2461941256127,3.0653283615023206
277.27092470697175,3.0629863515216478
277.30612134798855,3.06025375208495
277.3562132846791,3.0570809763718136
277.4275042056719,3.0534198383592446
277.5289655205351,3.0492284617855128
277.67336533925703,3.044479091598211
277.8788752358382,3.03917018092237
278.1713569942306,3.033344720176748
278.5876171051503,3.0271176092884535
279.1800385659298,3.0207160408925837
280.02317285805145,3.014538486280957
281.22312164954576,3.009240128889913
282.63733510083193,3.006183088888953
284.05154857928517,3.005349366399928
284.17789045381033,3.0053576153218997
285.5921039486928,3.006193945485098
287.006317455417,3.0081645553784835
288.4205309696662,3.0110253114420638
289.83474448940115,3.014606503306459
291.2489580132355,3.018784140174702
292.66317154018805,3.023464058636343
294.07738506954104,3.0285724911026173
295.4915986007545,3.034050159637855
296.9058121334123,3.039848416493321
298.3200256671868,3.04592663366126
299.73423920181466,3.0522503865781916
301.14845273707977,3.058790160409777
302.5626662728013,3.0655204104624776
303.9768798088243,3.0724188688525564
305.39109334501245,3.0794660265559264
306.8053068812424,3.086644743352922
308.21952041739894,3.093939953477746
309.63373395337055,3.101338445144846
311.0479474890453,3.108828699444765
312.46216102430697,3.1164007795740853
313.8763745590301,3.124046265802597
315.29058809307554,3.131758235616075
316.7048016262839,3.139531292695296
318.11901515846813,3.147361653495041
319.5332286894033,3.155247307147893
320.9474422188128,3.163188274823099
322.36165574634873,3.1711870113014076
323.7758692715635,3.1792490195944536
325.1900827938664,3.1873837992546252
326.60429631245484,3.1956063422355228
328.01850982620107,3.2039395753529947
329.4327233334518,3.212418543613138
330.84693683165017,3.221098050487055
332.26115031654814,3.230067882607776
333.67536378033714,3.239487117904145
335.08957720624744,3.249677341780761
336.50379054666945,3.261475289958237
337.9180034935201,3.279796115913177
338.0947796251522,3.286759124573433
338.09842550029225,3.287262289777453
338.10095393407124,3.2878078789800282
338.1018531494189,3.2882020846675153
338.10200858234583,3.2883894413936487
338.10202156744697,3.2884488192675745
338.10202267346494,3.2884538768327585
338.1020227084143,3.288461370943911
338.1020213459209,3.288467726327218
338.1020205487126,3.288471444924456
338.1020198610073,3.2884894284769235
338.1020175584704,3.2885013734827617
338.1020150538314,3.288514366945329
338.1020109614801,3.288526494135855
338.1020050816806,3.2885439182141694
338.1019960613219,3.2885623436609235
338.1019828632995,3.288585542704692
338.10196350003827,3.2886135885946928
338.1019351315878,3.2886471567874387
338.1018936126477,3.28868745294474
338.1018328851601,3.288735937445181
338.10174409878334,3.2887943492956
338.1016143246855,3.288864783616135
338.1014246762282,3.288949769859977
338.1011475636547,3.2890523621635057
338.10074268220046,3.289175777551583
338.10016638621386,3.289321795665822
338.09934613318984,3.289494618520341
338.09817868241805,3.289699661522539
338.0965171008531,3.289943340083917
338.0941522730407,3.2902332779296874
338.090786585627,3.29057855488182
338.08599647511613,3.2909900054058365
338.0791791258167,3.2914805825903963
338.0694766103429,3.292065807869598
338.05566792636495,3.2927643359986787
338.03601534330494,3.2935986800330492
338.0080457229489,3.294596166847021
337.9682392949379,3.295790238043808
337.911586722044,3.297222288718773
337.8309587154692,3.2989443748283915
337.71620887133844,3.3010233706295002
337.55289682759775,3.303547620869452
337.3204710609176,3.306638006366703
336.98968264326106,3.3104670305013553
336.5189045002671,3.3152928876691306
335.84889297986695,3.3215223334762194
334.895332516945,3.3298306013283265
334.6215195221141,3.3321672427347457
333.2073061916523,3.344241402969301
331.79309282342075,3.356693587800665
330.3788794407486,3.3698107771585764
328.96466605283007,3.383735424066283
327.5504526659985,3.3985182446857283
326.13623928501136,3.4141296718289027
324.7220259135847,3.4304575336308707
323.30781255454434,3.4473025337962513
321.8935992097859,3.464379237031978
320.47938588017064,3.481328060725031
319.44159738115974,3.493448132653415
318.0273840786292,3.5091962173157434
316.61317078620596,3.523684952868732
315.1989575032278,3.536547890939084
313.7847442265637,3.547484200667315
312.37053095280504,3.5562662895107655
311.6476548641036,3.559869775517983
310.23344158929854,3.5651172817738117
308.81922830687967,3.5679255062780006
307.40501501450296,3.568267955199796
305.99080170858815,3.566154885639589
304.57658838593943,3.5616291443683346
303.16237504407667,3.5547643610252937
301.74816168157423,3.5456634683408126
300.33394829829524,3.5344553651366386
298.919734895426,3.521288373311535
297.50552147528776,3.5063206245839704
296.0913080409933,3.489708855629671
294.6770945960658,3.471597574593486
293.262881144127,3.4521100664483817
291.84866768871234,3.4313416779484793
290.4344542332239,3.4093548136606486
289.02024078100914,3.386174332536162
287.60602733555936,3.361781429960005
286.1918139008575,3.336103173489638
284.77760048197763,3.3089927141185496
284.3749579837538,3.300979736229375
282.96074459794295,3.2716225449528222
281.5465312507756,3.2399184389733287
280.1323179729518,3.204771784263798
278.7181048453831,3.16339540132249
277.3038924324157,3.098459123535327
277.21550452717054,3.0877851617042937
277.2005584073631,3.0846372524400083
277.1901922730107,3.0809447602766324
277.18839518786757,3.0795465493631426
277.1880838226247,3.079112608055911
277.18786276172216,3.078577243053067
277.18782393384555,3.0783454082426314
277.1878176565375,3.0782371969273394
277.18781712043693,3.0781983218019007
277.1878171719417,3.0781958354660803
277.18781853649716,3.0781345102130953
277.18782216765044,3.078071506912609
277.18782760044166,3.0780163045333597
277.18783564908006,3.077957708972031
277.18784753528195,3.077890371216924
277.1878650291337,3.077811874948059
277.1878907028181,3.077719525535211
277.1879283164757,3.077609970875751
277.18798336651776,3.0774792746201682
277.1880638840183,3.0773227928582494
277.18818160190426,3.077134993336785
277.18835366039707,3.07690926183482
277.18860510047165,3.0766387578504846
277.1889630376238,3.0763197443277974
277.18947254095536,3.075943433175812
277.19019775047997,3.0754985384978575
277.19122995145494,3.0749718762955958
277.19269906152607,3.0743480343821172
277.1947899797997,3.0736090164544136
277.19776585489257,3.0727338640330624
277.2020012000528,3.071698266813084
277.20802902262085,3.070474182294356
277.2166078986927,3.069029500380053
277.22881743378906,3.067327810595762
277.2461941224861,3.065328361830322
277.2709247038451,3.062986351791026
277.3061213448619,3.0602537523051847
277.3562132815524,3.0570809765510676
277.4275042025452,3.053419838504147
277.52896551740844,3.0492284619016505
277.67336533613036,3.044479091690027
277.87887523271155,3.0391701809938616
278.17135699110395,3.0333447202312516
278.5876171020236,3.0271176093287817
279.18003856280313,3.020716040920904
280.0231728549248,3.0145384862992866
281.2231216464191,3.009240128899904
282.63733509770526,3.006183088892936
284.0515485761585,3.005349366399859
284.17789045068366,3.0053576153215382
285.5921039455661,3.0061939454818827
287.0063174522903,3.008164555373088
288.4205309665395,3.011025311434897
289.8347444862745,3.0146065032978506
291.2489580101088,3.0187841401649007
292.6631715370614,3.023464058625506
294.07738506641437,3.028572491090909
295.49159859762784,3.034050159625381
296.90581213028565,3.0398484164801753
298.32002566406015,3.045926633647537
299.734239198688,3.052250386563967
301.1484527339531,3.0587901603951004
302.56266626967465,3.0655204104474123
303.97687980569765,3.0724188688371297
305.3910933418858,3.079466026540196
306.80530687811574,3.0866447433369384
308.21952041427227,3.0939399534614815
309.6337339502439,3.1013384451283743
311.04794748591866,3.1088286994280994
312.4621610211803,3.116400779557257
313.87637455590345,3.124046265785619
315.29058808994887,3.1317582355989453
316.7048016231572,3.13953129267803
318.11901515534146,3.1473616534776676
319.53322868627663,3.155247307130397
320.9474422156861,3.163188274805486
322.36165574322206,3.171187011283652
323.77586926843685,3.1792490195765506
325.1900827907397,3.1873837992365504
326.60429630932816,3.1956063422172205
328.0185098230744,3.2039395753344184
329.43272333032513,3.212418543594197
330.8469368285235,3.221098050467563
332.26115031342147,3.230067882587508
333.67536377721046,3.2394871178826543
335.08957720312077,3.2496773417569464
336.5037905435428,3.2614752899289075
337.9180034903934,3.2797961158381503
338.0947796220256,3.2867591242057133
338.0984254971657,3.2872622892565113
338.1009539309453,3.287807878026186
338.10185314629604,3.2882020822678046
338.10200857924804,3.2883894329057277
338.102021564586,3.2884487898003365
338.1020226706677,3.288453845777675
338.1020227464225,3.288461370949921
338.1020213459735,3.2884677263012723
338.1020205453237,3.2884713597153543
338.10201985641964,3.2884896605377163
338.1020175210887,3.2885015729014992
338.1020150084662,3.2885143896176507
338.1020109241428,3.288526572992611
338.1020050471321,3.2885441038828294
338.1019960230606,3.288562438720356
338.1019828247355,3.288585601756661
338.10196346146034,3.2886136375889206
338.1019350929451,3.288647198037445
338.10189357395075,3.2886874869450793
338.1018328464278,3.2887359654273642
338.10174406002756,3.2887943723815827
338.10161428591374,3.2888648026833978
338.1014246374455,3.288949785613262
338.1011475248646,3.2890523751858494
338.1007426434055,3.2891757883866637
338.1001663474154,3.2893218046607173
338.099346094389,3.2894946260120665
338.09817864361554,3.289699667773033
338.09651706204943,3.289943345306447
338.0941522342363,3.2902332822988414
338.09078654682196,3.290578558538441
338.0859964363107,3.29099000846861
338.0791790870111,3.291480585156273
338.0694765715371,3.2920658100209454
338.055667887559,3.292764337803672
338.0360153044989,3.2935986815487084
338.0080456841428,3.294596168120916
337.96823925613177,3.29579023911628
337.91158668323783,3.2972222896235
337.83095867666304,3.298944375594036
337.7162088325323,3.301023371280591
337.55289678879154,3.3035476214267767
337.3204710221114,3.3066380068485115
336.98968260445486,3.31046703092382
336.5189044614609,3.315292888047173
335.84889294106074,3.321522333823914
334.8953324781388,3.329830601660264
334.62151952545474,3.332167242706252
333.20730619499295,3.3442414029404652
331.7930928267614,3.356693587770656
330.37887944408925,3.369810777126641
328.9646660561707,3.383735424032343
327.5504526693391,3.3985182446498055
326.136239288352,3.4141296717911
324.7220259169253,3.4304575335915395
323.307812557885,3.447302533756118
321.89359921312655,3.464379236991574
320.47938588351127,3.481328060685419
319.44159738450037,3.4934481326151565
318.02738408196984,3.509196217279979
316.6131707895466,3.5236849528362497
315.19895750656843,3.536547890910866
313.78474422990433,3.5474842006439844
312.37053095614567,3.5562662894926884
311.6476548674442,3.559869775502775
310.23344159263917,3.565117281764212
308.8192283102203,3.5679255062742694
307.4050150178436,3.5682679552019714
305.9908017119288,3.5661548856474568
304.57658838928006,3.561629144381806
303.1623750474173,3.554764361044196
301.74816168491486,3.5456634683648884
300.33394830163587,3.5344553651654738
298.91973489876665,3.521288373344836
297.5055214786284,3.5063206246213876
296.0913080443339,3.4897088556707048
294.6770945994064,3.4715975746379666
293.2628811474676,3.452110066495958
291.84866769205297,3.4313416779990096
290.43445423656453,3.409354813713989
289.02024078434977,3.386174332592332
287.6060273389,3.361781430019067
286.1918139041981,3.3361031735519595
284.77760048531826,3.3089927141844995
284.37495798709443,3.300979736296477
282.9607446012836,3.271622545024681
281.54653125411625,3.239918439051663
280.1323179762924,3.2047717843523618
278.7181048487237,3.16339540143273
277.3038924357563,3.0984591238442283
277.21550453051117,3.0877851623001393
277.20055841070365,3.084637253302032
277.19019227635096,3.0809447622239694
277.1883951912067,3.0795465532741297
277.18808382596154,3.0791126137906635
277.1878627650419,3.078577256454117
277.1878239370931,3.078345440668109
277.18781765922887,3.078237289221043
277.18781712124166,3.0781984776579026
277.1878171715182,3.078196037152693
277.187818531668,3.078134621447665
277.18782216512943,3.0780715324480123
277.18782759814576,3.078016319387132
277.1878356468147,3.077957722866634
277.1878475329952,3.0778903828281914
277.1878650268334,3.0778118841804574
277.1878907005105,3.0777195329443807
277.18792831416357,3.0776099769033163
277.18798336420275,3.0774792795741766
277.1880638817013,3.0773227969276298
277.1881815995859,3.0771349966814014
277.18835365807774,3.0769092645844998
277.18860509815175,3.0766387601351814
277.1889630353035,3.0763197462173153
277.1894725386348,3.075943434744582
277.19019774815916,3.0754985398015453
277.19122994913397,3.0749718773799124
277.192699059205,3.074348035283974
277.19478997747854,3.0736090172070676
277.19776585257137,3.0727338646578315
277.20200119773153,3.0716982673323776
277.2080290202996,3.070474182725753
277.2166078963714,3.069029500737225
277.22881743146775,3.0673278108911832
277.2461941201648,3.0653283620739735
277.27092470152377,3.062986351990863
277.30612134254056,3.0602537524690314
277.3562132792311,3.0570809766842135
277.4275042002239,3.0534198386117186
277.5289655150871,3.049228461987597
277.67336533380904,3.0444790917581637
277.87887523039024,3.039170181046927
278.17135698878263,3.0333447202717214
278.5876170997023,3.027117609358616
279.1800385604818,3.020716040941957
280.02317285260347,3.0145384863129245
281.2231216440978,3.0092401289073383
282.63733509538395,3.0061830888958703
284.0515485738372,3.0053493663998263
284.17789044836235,3.005357615321276
285.5921039432448,3.006193945479513
287.006317449969,3.0081645553690484
288.4205309642182,3.0110253114295693
289.83474448395316,3.014606503291439
291.2489580077875,3.0187841401575843
292.66317153474006,3.0234640586174475
294.07738506409305,3.0285724910821967
295.4915985953065,3.034050159616103
296.90581212796434,3.0398484164704254
298.32002566173884,3.0459266336373654
299.7342391963667,3.052250386553394
301.1484527316318,3.0587901603842007
302.56266626735334,3.06552041043621
303.97687980337633,3.07241886882568
305.39109333956446,3.0794660265285243
306.80530687579443,3.086644743325034
308.21952041195095,3.0939399534494143
309.63373394792256,3.1013384451161405
311.04794748359734,3.108828699415747
312.462161018859,3.1164007795447537
313.87637455358214,3.1240462657730212
315.29058808762755,3.1317582355862372
316.7048016208359,3.139531292665229
318.11901515302014,3.147361653464782
319.5332286839553,3.155247307117401
320.9474422133648,3.1631882747924
322.36165574090074,3.17118701127048
323.77586926611554,3.17924901956326
325.1900827884184,3.1873837992231238
326.60429630700685,3.195606342203665
328.0185098207531,3.203939575320645
329.4327233280038,3.2124185435801302
330.8469368262022,3.2210980504531337
332.26115031110015,3.230067882572495
333.67536377488915,3.2394871178666724
335.08957720079945,3.2496773417392557
336.50379054122146,3.2614752899071293
337.9180034880721,3.279796115782601
