orbit_id,source,rank,label,t,T,I,D
1,DNS,0,DNS orbit 1,0.0,59.36203605931488,2.11829,2.06874
1,DNS,0,DNS orbit 1,0.989367,59.36203605931488,2.10236,2.05158
1,DNS,0,DNS orbit 1,1.97873,59.36203605931488,2.0866800000000003,2.0359100000000003
1,DNS,0,DNS orbit 1,2.9681,59.36203605931488,2.0712099999999998,2.02188
1,DNS,0,DNS orbit 1,3.95747,59.36203605931488,2.05612,2.00981
1,DNS,0,DNS orbit 1,4.94684,59.36203605931488,2.04156,1.9999820000000001
1,DNS,0,DNS orbit 1,5.9362,59.36203605931488,2.0276899999999998,1.99265
1,DNS,0,DNS orbit 1,6.92557,59.36203605931488,2.01465,1.988007
1,DNS,0,DNS orbit 1,7.91494,59.36203605931488,2.00258,1.986167
1,DNS,0,DNS orbit 1,8.90431,59.36203605931488,1.9916260000000001,1.987146
1,DNS,0,DNS orbit 1,9.89367,59.36203605931488,1.981878,1.9908350000000001
1,DNS,0,DNS orbit 1,10.883,59.36203605931488,1.973414,1.9969700000000001
1,DNS,0,DNS orbit 1,11.8724,59.36203605931488,1.966265,2.00512
1,DNS,0,DNS orbit 1,12.8618,59.36203605931488,1.9604059999999999,2.01466
1,DNS,0,DNS orbit 1,13.8511,59.36203605931488,1.9557449999999998,2.02481
1,DNS,0,DNS orbit 1,14.8405,59.36203605931488,1.952118,2.03463
1,DNS,0,DNS orbit 1,15.8299,59.36203605931488,1.949299,2.04306
1,DNS,0,DNS orbit 1,16.8192,59.36203605931488,1.947021,2.04907
1,DNS,0,DNS orbit 1,17.8086,59.36203605931488,1.9450129999999999,2.05168
1,DNS,0,DNS orbit 1,18.798,59.36203605931488,1.943048,2.05018
1,DNS,0,DNS orbit 1,19.7873,59.36203605931488,1.940986,2.0442400000000003
1,DNS,0,DNS orbit 1,20.7767,59.36203605931488,1.938815,2.03399
1,DNS,0,DNS orbit 1,21.7661,59.36203605931488,1.936666,2.02011
1,DNS,0,DNS orbit 1,22.7554,59.36203605931488,1.934809,2.0037599999999998
1,DNS,0,DNS orbit 1,23.7448,59.36203605931488,1.9336410000000002,1.986469
1,DNS,0,DNS orbit 1,24.7342,59.36203605931488,1.933653,1.9699550000000001
1,DNS,0,DNS orbit 1,25.7235,59.36203605931488,1.9354010000000001,1.955898
1,DNS,0,DNS orbit 1,26.7129,59.36203605931488,1.93946,1.945767
1,DNS,0,DNS orbit 1,27.7023,59.36203605931488,1.946374,1.94068
1,DNS,0,DNS orbit 1,28.6917,59.36203605931488,1.956595,1.941329
1,DNS,0,DNS orbit 1,29.681,59.36203605931488,1.970404,1.947948
1,DNS,0,DNS orbit 1,30.6704,59.36203605931488,1.987848,1.960327
1,DNS,0,DNS orbit 1,31.6598,59.36203605931488,2.00868,1.977868
1,DNS,0,DNS orbit 1,32.6491,59.36203605931488,2.03238,1.999668
1,DNS,0,DNS orbit 1,33.6385,59.36203605931488,2.05816,2.02463
1,DNS,0,DNS orbit 1,34.6279,59.36203605931488,2.08509,2.05159
1,DNS,0,DNS orbit 1,35.6172,59.36203605931488,2.1121600000000003,2.07938
1,DNS,0,DNS orbit 1,36.6066,59.36203605931488,2.1384499999999997,2.10697
1,DNS,0,DNS orbit 1,37.596,59.36203605931488,2.1631299999999998,2.13345
1,DNS,0,DNS orbit 1,38.5853,59.36203605931488,2.18555,2.1581
1,DNS,0,DNS orbit 1,39.5747,59.36203605931488,2.20527,2.18034
1,DNS,0,DNS orbit 1,40.5641,59.36203605931488,2.22201,2.19978
1,DNS,0,DNS orbit 1,41.5534,59.36203605931488,2.23564,2.21614
1,DNS,0,DNS orbit 1,42.5428,59.36203605931488,2.2461599999999997,2.22926
1,DNS,0,DNS orbit 1,43.5322,59.36203605931488,2.2536899999999997,2.23907
1,DNS,0,DNS orbit 1,44.5215,59.36203605931488,2.2583599999999997,2.24557
1,DNS,0,DNS orbit 1,45.5109,59.36203605931488,2.26038,2.2488200000000003
1,DNS,0,DNS orbit 1,46.5003,59.36203605931488,2.25996,2.24893
1,DNS,0,DNS orbit 1,47.4896,59.36203605931488,2.25731,2.24603
1,DNS,0,DNS orbit 1,48.479,59.36203605931488,2.25264,2.24032
1,DNS,0,DNS orbit 1,49.4684,59.36203605931488,2.24615,2.232
1,DNS,0,DNS orbit 1,50.4577,59.36203605931488,2.2380199999999997,2.22131
1,DNS,0,DNS orbit 1,51.4471,59.36203605931488,2.22844,2.20853
1,DNS,0,DNS orbit 1,52.4365,59.36203605931488,2.2175700000000003,2.19393
1,DNS,0,DNS orbit 1,53.4258,59.36203605931488,2.20556,2.17782
1,DNS,0,DNS orbit 1,54.4152,59.36203605931488,2.19257,2.16052
1,DNS,0,DNS orbit 1,55.4046,59.36203605931488,2.17875,2.14239
1,DNS,0,DNS orbit 1,56.3939,59.36203605931488,2.16425,2.12376
1,DNS,0,DNS orbit 1,57.3833,59.36203605931488,2.14921,2.105
1,DNS,0,DNS orbit 1,58.3727,59.36203605931488,2.13378,2.08648
1,DNS,0,DNS orbit 1,59.362,59.36203605931488,2.1181200000000002,2.06855
1,ODE,-1,ODE from projected DNS start,0.0,59.36203605931488,2.136391850614743,2.068359067214016
1,ODE,-1,ODE from projected DNS start,0.25,59.36203605931488,2.1340301640601895,2.0637664927404753
1,ODE,-1,ODE from projected DNS start,0.5,59.36203605931488,2.1312106841295195,2.0593650874968663
1,ODE,-1,ODE from projected DNS start,0.75,59.36203605931488,2.128067068245395,2.0551096738693446
1,ODE,-1,ODE from projected DNS start,1.0,59.36203605931488,2.1246982873591134,2.050974344813003
1,ODE,-1,ODE from projected DNS start,1.25,59.36203605931488,2.1211777647434387,2.0469446860691187
1,ODE,-1,ODE from projected DNS start,1.5,59.36203605931488,2.117559996734581,2.04301348209966
1,ODE,-1,ODE from projected DNS start,1.75,59.36203605931488,2.1138853917569844,2.0391781799097117
1,ODE,-1,ODE from projected DNS start,2.0,59.36203605931488,2.110183845076297,2.0354392929977925
1,ODE,-1,ODE from projected DNS start,2.25,59.36203605931488,2.10647740470235,2.031799345198004
1,ODE,-1,ODE from projected DNS start,2.5,59.36203605931488,2.1027822730825734,2.0282621472516382
1,ODE,-1,ODE from projected DNS start,2.75,59.36203605931488,2.0991103175739365,2.024832291013631
1,ODE,-1,ODE from projected DNS start,3.0,59.36203605931488,2.0954702136602137,2.021514793018077
1,ODE,-1,ODE from projected DNS start,3.25,59.36203605931488,2.091868311692604,2.018314844396583
1,ODE,-1,ODE from projected DNS start,3.5,59.36203605931488,2.0883092947131496,2.0152376380671555
1,ODE,-1,ODE from projected DNS start,3.75,59.36203605931488,2.084796677813271,2.0122882527178163
1,ODE,-1,ODE from projected DNS start,4.0,59.36203605931488,2.0813331845713554,2.0094715784049098
1,ODE,-1,ODE from projected DNS start,4.25,59.36203605931488,2.077921028755433,2.0067922719666593
1,ODE,-1,ODE from projected DNS start,4.5,59.36203605931488,2.0745621219469217,2.0042547332208436
1,ODE,-1,ODE from projected DNS start,4.75,59.36203605931488,2.071258222320485,2.0018630949479648
1,ODE,-1,ODE from projected DNS start,5.0,59.36203605931488,2.068011037224819,1.9996212212653166
1,ODE,-1,ODE from projected DNS start,5.25,59.36203605931488,2.0648222897913993,1.9975327103092673
1,ODE,-1,ODE from projected DNS start,5.5,59.36203605931488,2.0616937579980457,1.9956008981288202
1,ODE,-1,ODE from projected DNS start,5.75,59.36203605931488,2.0586272932143705,1.9938288614454218
1,ODE,-1,ODE from projected DNS start,6.0,59.36203605931488,2.055624824000845,1.992219417519212
1,ODE,-1,ODE from projected DNS start,6.25,59.36203605931488,2.0526883497653765,1.9907751198461736
1,ODE,-1,ODE from projected DNS start,6.5,59.36203605931488,2.0498199278002187,1.9894982488464725
1,ODE,-1,ODE from projected DNS start,6.75,59.36203605931488,2.0470216562578245,1.9883907971226253
1,ODE,-1,ODE from projected DNS start,7.0,59.36203605931488,2.0442956548116076,1.98745444927534
1,ODE,-1,ODE from projected DNS start,7.25,59.36203605931488,2.0416440441127937,1.9866905566548423
1,ODE,-1,ODE from projected DNS start,7.5,59.36203605931488,2.0390689247030434,1.9861001077751466
1,ODE,-1,ODE from projected DNS start,7.75,59.36203605931488,2.036572355760847,1.9856836954035177
1,ODE,-1,ODE from projected DNS start,8.0,59.36203605931488,2.0341563339177577,1.9854414815361352
1,ODE,-1,ODE from projected DNS start,8.25,59.36203605931488,2.031822772336664,1.9853731615687007
1,ODE,-1,ODE from projected DNS start,8.5,59.36203605931488,2.029573480203361,1.9854779289649738
1,ODE,-1,ODE from projected DNS start,8.75,59.36203605931488,2.0274101429864393,1.9857544416474753
1,ODE,-1,ODE from projected DNS start,9.0,59.36203605931488,2.0253343038090668,1.986200791115163
1,ODE,-1,ODE from projected DNS start,9.25,59.36203605931488,2.023347346144379,1.9868144751305652
1,ODE,-1,ODE from projected DNS start,9.5,59.36203605931488,2.0214504781915936,1.987592374553595
1,ODE,-1,ODE from projected DNS start,9.75,59.36203605931488,2.0196447192136135,1.988530734654513
1,ODE,-1,ODE from projected DNS start,10.0,59.36203605931488,2.0179308880566458,1.9896251510132026
1,ODE,-1,ODE from projected DNS start,10.25,59.36203605931488,2.016309593930784,1.9908705599093959
1,ODE,-1,ODE from projected DNS start,10.5,59.36203605931488,2.014781229554338,1.992261233134537
1,ODE,-1,ODE from projected DNS start,10.75,59.36203605931488,2.0133459667958102,1.993790776903273
1,ODE,-1,ODE from projected DNS start,11.0,59.36203605931488,2.01200375432173,1.9954521347977716
1,ODE,-1,ODE from projected DNS start,11.25,59.36203605931488,2.0107543171016053,1.9972375946782568
1,ODE,-1,ODE from projected DNS start,11.5,59.36203605931488,2.0095971574767164,1.9991387996306549
1,ODE,-1,ODE from projected DNS start,11.75,59.36203605931488,2.0085315574383196,2.00114676322297
1,ODE,-1,ODE from projected DNS start,12.0,59.36203605931488,2.007556581724404,2.0032518894984213
1,ODE,-1,ODE from projected DNS start,12.25,59.36203605931488,2.0066710814005093,2.005443998418021
1,ODE,-1,ODE from projected DNS start,12.5,59.36203605931488,2.0058736977761797,2.0077123573912035
1,ODE,-1,ODE from projected DNS start,12.75,59.36203605931488,2.0051628662260073,2.0100457197409796
1,ODE,-1,ODE from projected DNS start,13.0,59.36203605931488,2.0045368198247684,2.012432370893385
1,ODE,-1,ODE from projected DNS start,13.25,59.36203605931488,2.0039935927739894,2.0148601829096586
1,ODE,-1,ODE from projected DNS start,13.5,59.36203605931488,2.003531023685884,2.017316677792747
1,ODE,-1,ODE from projected DNS start,13.75,59.36203605931488,2.0031467589000136,2.0197890997008887
1,ODE,-1,ODE from projected DNS start,14.0,59.36203605931488,2.002838256096937,2.0222644958697322
1,ODE,-1,ODE from projected DNS start,14.25,59.36203605931488,2.00260278864644,2.0247298057716248
1,ODE,-1,ODE from projected DNS start,14.5,59.36203605931488,2.0024374510952,2.027171957456968
1,ODE,-1,ODE from projected DNS start,14.75,59.36203605931488,2.0023391662594348,2.0295779699776597
1,ODE,-1,ODE from projected DNS start,15.0,59.36203605931488,2.002304694476059,2.031935060352125
1,ODE,-1,ODE from projected DNS start,15.25,59.36203605931488,2.002330645502931,2.0342307533937043
1,ODE,-1,ODE from projected DNS start,15.5,59.36203605931488,2.002413493467797,2.0364529926504376
1,ODE,-1,ODE from projected DNS start,15.75,59.36203605931488,2.0025495951057923,2.0385902507216054
1,ODE,-1,ODE from projected DNS start,16.0,59.36203605931488,2.002735211314853,2.0406316373537132
1,ODE,-1,ODE from projected DNS start,16.25,59.36203605931488,2.002966531788931,2.042567003880093
1,ODE,-1,ODE from projected DNS start,16.5,59.36203605931488,2.003239702142244,2.0443870427772737
1,ODE,-1,ODE from projected DNS start,16.75,59.36203605931488,2.0035508526889014,2.0460833814427675
1,ODE,-1,ODE from projected DNS start,17.0,59.36203605931488,2.0038961277239054,2.0476486695001617
1,ODE,-1,ODE from projected DNS start,17.25,59.36203605931488,2.0042717139547364,2.0490766591922913
1,ODE,-1,ODE from projected DNS start,17.5,59.36203605931488,2.004673866658875,2.050362278603634
1,ODE,-1,ODE from projected DNS start,17.75,59.36203605931488,2.0050989322340786,2.0515016975654827
1,ODE,-1,ODE from projected DNS start,18.0,59.36203605931488,2.005543366087262,2.0524923861451088
1,ODE,-1,ODE from projected DNS start,18.25,59.36203605931488,2.006003745279343,2.0533331655699834
1,ODE,-1,ODE from projected DNS start,18.5,59.36203605931488,2.006476776036049,2.054024251316552
1,ODE,-1,ODE from projected DNS start,18.75,59.36203605931488,2.006959296991896,2.054567288045835
1,ODE,-1,ODE from projected DNS start,19.0,59.36203605931488,2.007448279913943,2.054965375791591
1,ODE,-1,ODE from projected DNS start,19.25,59.36203605931488,2.0079408304742747,2.055223086705656
1,ODE,-1,ODE from projected DNS start,19.5,59.36203605931488,2.008434192362416,2.0553464715153487
1,ODE,-1,ODE from projected DNS start,19.75,59.36203605931488,2.0089257585226226,2.0553430547537355
1,ODE,-1,ODE from projected DNS start,20.0,59.36203605931488,2.009413093479931,2.0552218177894437
1,ODE,-1,ODE from projected DNS start,20.25,59.36203605931488,2.0098939704495127,2.0549931687256304
1,ODE,-1,ODE from projected DNS start,20.5,59.36203605931488,2.010366426321621,2.0546688982966286
1,ODE,-1,ODE from projected DNS start,20.75,59.36203605931488,2.0108288369147314,2.0542621211207726
1,ODE,-1,ODE from projected DNS start,21.0,59.36203605931488,2.0112800129378527,2.053787201868344
1,ODE,-1,ODE from projected DNS start,21.25,59.36203605931488,2.011719315685993,2.053259666152023
1,ODE,-1,ODE from projected DNS start,21.5,59.36203605931488,2.012146789564615,2.0526960962814895
1,ODE,-1,ODE from projected DNS start,21.75,59.36203605931488,2.012563306602183,2.0521140123146693
1,ODE,-1,ODE from projected DNS start,22.0,59.36203605931488,2.0129707163175476,2.0515317391420504
1,ODE,-1,ODE from projected DNS start,22.25,59.36203605931488,2.0133719928071088,2.0509682606311666
1,ODE,-1,ODE from projected DNS start,22.5,59.36203605931488,2.0137713698527557,2.0504430621265994
1,ODE,-1,ODE from projected DNS start,22.75,59.36203605931488,2.014174454319816,2.0499759628368883
1,ODE,-1,ODE from projected DNS start,23.0,59.36203605931488,2.014588308338218,2.0495869398690507
1,ODE,-1,ODE from projected DNS start,23.25,59.36203605931488,2.015021491579279,2.0492959457905555
1,ODE,-1,ODE from projected DNS start,23.5,59.36203605931488,2.015484056250468,2.049122721789454
1,ODE,-1,ODE from projected DNS start,23.75,59.36203605931488,2.0159874897162844,2.0490866085895796
1,ODE,-1,ODE from projected DNS start,24.0,59.36203605931488,2.0165446021897013,2.049206357342755
1,ODE,-1,ODE from projected DNS start,24.25,59.36203605931488,2.0171693598186904,2.049499942763159
1,ODE,-1,ODE from projected DNS start,24.5,59.36203605931488,2.0178766664901095,2.049984380776759
1,ODE,-1,ODE from projected DNS start,24.75,59.36203605931488,2.018682100572512,2.0506755529352416
1,ODE,-1,ODE from projected DNS start,25.0,59.36203605931488,2.0196016154113243,2.051588039789972
1,ODE,-1,ODE from projected DNS start,25.25,59.36203605931488,2.020651214491988,2.0527349653381943
1,ODE,-1,ODE from projected DNS start,25.5,59.36203605931488,2.0218466136499025,2.0541278545424673
1,ODE,-1,ODE from projected DNS start,25.75,59.36203605931488,2.0232029034358323,2.0557765057871684
1,ODE,-1,ODE from projected DNS start,26.0,59.36203605931488,2.0247342247045634,2.0576888799751174
1,ODE,-1,ODE from projected DNS start,26.25,59.36203605931488,2.026453469701635,2.0598710077855404
1,ODE,-1,ODE from projected DNS start,26.5,59.36203605931488,2.0283720194560626,2.062326916414404
1,ODE,-1,ODE from projected DNS start,26.75,59.36203605931488,2.030499526265281,2.065058576901733
1,ODE,-1,ODE from projected DNS start,27.0,59.36203605931488,2.032843747632583,2.068065872919882
1,ODE,-1,ODE from projected DNS start,27.25,59.36203605931488,2.0354104353600286,2.0713465916525533
1,ODE,-1,ODE from projected DNS start,27.5,59.36203605931488,2.0382032807768056,2.074896437136778
1,ODE,-1,ODE from projected DNS start,27.75,59.36203605931488,2.04122391446118,2.0787090661678924
1,ODE,-1,ODE from projected DNS start,28.0,59.36203605931488,2.0444719564306517,2.0827761465792674
1,ODE,-1,ODE from projected DNS start,28.25,59.36203605931488,2.0479451107468156,2.0870874374022907
1,ODE,-1,ODE from projected DNS start,28.5,59.36203605931488,2.0516392968950345,2.0916308900871883
1,ODE,-1,ODE from projected DNS start,28.75,59.36203605931488,2.055548809209804,2.096392769622808
1,ODE,-1,ODE from projected DNS start,29.0,59.36203605931488,2.0596664950543753,2.1013577940381367
1,ODE,-1,ODE from projected DNS start,29.25,59.36203605931488,2.0639839424285777,2.1065092904086136
1,ODE,-1,ODE from projected DNS start,29.5,59.36203605931488,2.0684916681487397,2.111829365139983
1,ODE,-1,ODE from projected DNS start,29.75,59.36203605931488,2.0731792986708824,2.117299085979234
1,ODE,-1,ODE from projected DNS start,30.0,59.36203605931488,2.0780357369435927,2.122898672927635
1,ODE,-1,ODE from projected DNS start,30.25,59.36203605931488,2.0830493102887973,2.1286076950272497
1,ODE,-1,ODE from projected DNS start,30.5,59.36203605931488,2.0882078961079293,2.1344052698806353
1,ODE,-1,ODE from projected DNS start,30.75,59.36203605931488,2.0934990240760225,2.1402702627595636
1,ODE,-1,ODE from projected DNS start,31.0,59.36203605931488,2.098909955287256,2.146181482270851
1,ODE,-1,ODE from projected DNS start,31.25,59.36203605931488,2.1044277404280143,2.152117869773746
1,ODE,-1,ODE from projected DNS start,31.5,59.36203605931488,2.1100392603661255,2.158058680071047
1,ODE,-1,ODE from projected DNS start,31.75,59.36203605931488,2.1157312534707615,2.1639836513018844
1,ODE,-1,ODE from projected DNS start,32.0,59.36203605931488,2.121490334467496,2.1698731624163488
1,ODE,-1,ODE from projected DNS start,32.25,59.36203605931488,2.127303009673744,2.1757083770750434
1,ODE,-1,ODE from projected DNS start,32.5,59.36203605931488,2.1331556930884963,2.181471373253727
1,ODE,-1,ODE from projected DNS start,32.75,59.36203605931488,2.139034727094786,2.1871452582130746
1,ODE,-1,ODE from projected DNS start,33.0,59.36203605931488,2.1449264105804797,2.1927142687926686
1,ODE,-1,ODE from projected DNS start,33.25,59.36203605931488,2.150817036210116,2.198163857194885
1,ODE,-1,ODE from projected DNS start,33.5,59.36203605931488,2.1566929375118318,2.2034807625382986
1,ODE,-1,ODE from projected DNS start,33.75,59.36203605931488,2.16254054548911,2.208653068493598
1,ODE,-1,ODE from projected DNS start,34.0,59.36203605931488,2.1683464537092223,2.213670247288129
1,ODE,-1,ODE from projected DNS start,34.25,59.36203605931488,2.1740974903095522,2.2185231903048788
1,ODE,-1,ODE from projected DNS start,34.5,59.36203605931488,2.17978079511046,2.223204225435376
1,ODE,-1,ODE from projected DNS start,34.75,59.36203605931488,2.185383900000332,2.2277071212995248
1,ODE,-1,ODE from projected DNS start,35.0,59.36203605931488,2.1908948109130213,2.2320270784402916
1,ODE,-1,ODE from projected DNS start,35.25,59.36203605931488,2.196302089981881,2.2361607076415018
1,ODE,-1,ODE from projected DNS start,35.5,59.36203605931488,2.201594936771056,2.2401059956183005
1,ODE,-1,ODE from projected DNS start,35.75,59.36203605931488,2.2067632676791242,2.243862258490544
1,ODE,-1,ODE from projected DNS start,36.0,59.36203605931488,2.211797792799515,2.2474300836314285
1,ODE,-1,ODE from projected DNS start,36.25,59.36203605931488,2.216690089549471,2.25081126070555
1,ODE,-1,ODE from projected DNS start,36.5,59.36203605931488,2.221432672276318,2.254008702934782
1,ODE,-1,ODE from projected DNS start,36.75,59.36203605931488,2.2260190568419,2.2570263598435103
1,ODE,-1,ODE from projected DNS start,37.0,59.36203605931488,2.2304438189092184,2.2598691229196355
1,ODE,-1,ODE from projected DNS start,37.25,59.36203605931488,2.2347026443600284,2.2625427257703308
1,ODE,-1,ODE from projected DNS start,37.5,59.36203605931488,2.2387923700149273,2.2650536404417236
1,ODE,-1,ODE from projected DNS start,37.75,59.36203605931488,2.242711012659041,2.2674089716036057
1,ODE,-1,ODE from projected DNS start,38.0,59.36203605931488,2.2464577843372924,2.2696163502725826
1,ODE,-1,ODE from projected DNS start,38.25,59.36203605931488,2.250033092001244,2.271683828662032
1,ODE,-1,ODE from projected DNS start,38.5,59.36203605931488,2.253438519870481,2.2736197776110156
1,ODE,-1,ODE from projected DNS start,38.75,59.36203605931488,2.2566767933103313,2.2754327878657064
1,ODE,-1,ODE from projected DNS start,39.0,59.36203605931488,2.2597517235969424,2.277131576276867
1,ODE,-1,ODE from projected DNS start,39.25,59.36203605931488,2.262668133606837,2.2787248977478654
1,ODE,-1,ODE from projected DNS start,39.5,59.36203605931488,2.2654317651875435,2.2802214635323006
1,ODE,-1,ODE from projected DNS start,39.75,59.36203605931488,2.268049169690185,2.2816298662505403
1,ODE,-1,ODE from projected DNS start,40.0,59.36203605931488,2.2705275838299563,2.2829585117816205
1,ODE,-1,ODE from projected DNS start,40.25,59.36203605931488,2.272874793645463,2.284215557999782
1,ODE,-1,ODE from projected DNS start,40.5,59.36203605931488,2.275098989818227,2.2854088601703313
1,ODE,-1,ODE from projected DNS start,40.75,59.36203605931488,2.2772086179658593,2.286545922701623
1,ODE,-1,ODE from projected DNS start,41.0,59.36203605931488,2.2792122277214006,2.2876338568703103
1,ODE,-1,ODE from projected DNS start,41.25,59.36203605931488,2.281118324452338,2.2886793440948354
1,ODE,-1,ODE from projected DNS start,41.5,59.36203605931488,2.2829352273598538,2.2896886043245708
1,ODE,-1,ODE from projected DNS start,41.75,59.36203605931488,2.2846709374581913,2.2906673691379926
1,ODE,-1,ODE from projected DNS start,42.0,59.36203605931488,2.2863330185151853,2.2916208591744613
1,ODE,-1,ODE from projected DNS start,42.25,59.36203605931488,2.287928493572296,2.2925537656104398
1,ODE,-1,ODE from projected DNS start,42.5,59.36203605931488,2.2894637590898617,2.293470235455267
1,ODE,-1,ODE from projected DNS start,42.75,59.36203605931488,2.290944518110672,2.2943738605174357
1,ODE,-1,ODE from projected DNS start,43.0,59.36203605931488,2.292375733197862,2.2952676699786245
1,ODE,-1,ODE from projected DNS start,43.25,59.36203605931488,2.2937615992460962,2.2961541265858125
1,ODE,-1,ODE from projected DNS start,43.5,59.36203605931488,2.2951055356296512,2.297035126536481
1,ODE,-1,ODE from projected DNS start,43.75,59.36203605931488,2.2964101965526638,2.2979120031822955
1,ODE,-1,ODE from projected DNS start,44.0,59.36203605931488,2.297677497920658,2.2987855347026898
1,ODE,-1,ODE from projected DNS start,44.25,59.36203605931488,2.298908658652313,2.299655955915088
1,ODE,-1,ODE from projected DNS start,44.5,59.36203605931488,2.3001042537826617,2.3005229744267695
1,ODE,-1,ODE from projected DNS start,44.75,59.36203605931488,2.3012642767733635,2.30138579124153
1,ODE,-1,ODE from projected DNS start,45.0,59.36203605931488,2.3023882083948912,2.3022431259633485
1,ODE,-1,ODE from projected DNS start,45.25,59.36203605931488,2.3034750893609557,2.3030932466546865
1,ODE,-1,ODE from projected DNS start,45.5,59.36203605931488,2.3045235941026343,2.303934004335326
1,ODE,-1,ODE from projected DNS start,45.75,59.36203605931488,2.305532103305842,2.304762872008889
1,ODE,-1,ODE from projected DNS start,46.0,59.36203605931488,2.3064987731297966,2.3055769879978403
1,ODE,-1,ODE from projected DNS start,46.25,59.36203605931488,2.307421599665501,2.3063732033567472
1,ODE,-1,ODE from projected DNS start,46.5,59.36203605931488,2.3082984774699282,2.307148132809091
1,ODE,-1,ODE from projected DNS start,46.75,59.36203605931488,2.3091272516137513,2.3078982087460806
1,ODE,-1,ODE from projected DNS start,47.0,59.36203605931488,2.309905762953911,2.3086197375796775
1,ODE,-1,ODE from projected DNS start,47.25,59.36203605931488,2.3106318868158864,2.3093089576427737
1,ODE,-1,ODE from projected DNS start,47.5,59.36203605931488,2.311303565549874,2.3099620977053115
1,ODE,-1,ODE from projected DNS start,47.75,59.36203605931488,2.311918835653401,2.310575435170013
1,ODE,-1,ODE from projected DNS start,48.0,59.36203605931488,2.3124758509971235,2.311145352848495
1,ODE,-1,ODE from projected DNS start,48.25,59.36203605931488,2.3129729027377595,2.311668393221206
1,ODE,-1,ODE from projected DNS start,48.5,59.36203605931488,2.313408436845794,2.3121413091520373
1,ODE,-1,ODE from projected DNS start,48.75,59.36203605931488,2.3137810701297026,2.3125611099776364
1,ODE,-1,ODE from projected DNS start,49.0,59.36203605931488,2.314089605398731,2.3129251020143617
1,ODE,-1,ODE from projected DNS start,49.25,59.36203605931488,2.31433304600238,2.3132309226821346
1,ODE,-1,ODE from projected DNS start,49.5,59.36203605931488,2.314510610415666,2.31347656758438
1,ODE,-1,ODE from projected DNS start,49.75,59.36203605931488,2.314621746596415,2.313660410052819
1,ODE,-1,ODE from projected DNS start,50.0,59.36203605931488,2.314666145386635,2.313781212985707
1,ODE,-1,ODE from projected DNS start,50.25,59.36203605931488,2.3146437525910657,2.3138381329442432
1,ODE,-1,ODE from projected DNS start,50.5,59.36203605931488,2.314554779033415,2.3138307167500045
1,ODE,-1,ODE from projected DNS start,50.75,59.36203605931488,2.3143997077528184,2.313758891083982
1,ODE,-1,ODE from projected DNS start,51.0,59.36203605931488,2.3141792975420454,2.313622945744636
1,ODE,-1,ODE from projected DNS start,51.25,59.36203605931488,2.3138945823790835,2.3134235114226893
1,ODE,-1,ODE from projected DNS start,51.5,59.36203605931488,2.313546865705664,2.313161533024546
1,ODE,-1,ODE from projected DNS start,51.75,59.36203605931488,2.3131377092199403,2.312838239598774
1,ODE,-1,ODE from projected DNS start,52.0,59.36203605931488,2.312668916022086,2.312455112001548
1,ODE,-1,ODE from projected DNS start,52.25,59.36203605931488,2.3121425081777183,2.312013849436547
1,ODE,-1,ODE from projected DNS start,52.5,59.36203605931488,2.3115606990038327,2.3115163359814153
1,ODE,-1,ODE from projected DNS start,52.75,59.36203605931488,2.3109258607816874,2.3109646079722173
1,ODE,-1,ODE from projected DNS start,53.0,59.36203605931488,2.3102404888698524,2.310360823268505
1,ODE,-1,ODE from projected DNS start,53.25,59.36203605931488,2.3095071630805686,2.3097072329804225
1,ODE,-1,ODE from projected DNS start,53.5,59.36203605931488,2.308728507695805,2.309006156221667
1,ODE,-1,ODE from projected DNS start,53.75,59.36203605931488,2.307907151528478,2.308259958286156
1,ODE,-1,ODE from projected DNS start,54.0,59.36203605931488,2.307045689382928,2.307471032506446
1,ODE,-1,ODE from projected DNS start,54.25,59.36203605931488,2.3061466463647102,2.3066417857117596
1,ODE,-1,ODE from projected DNS start,54.5,59.36203605931488,2.3052124464463084,2.3057746274440234
1,ODE,-1,ODE from projected DNS start,54.75,59.36203605931488,2.304245386063603,2.3048719624339427
1,ODE,-1,ODE from projected DNS start,55.0,59.36203605931488,2.303247613766362,2.3039361861280394
1,ODE,-1,ODE from projected DNS start,55.25,59.36203605931488,2.30222111628352,2.3029696829538637
1,ODE,-1,ODE from projected DNS start,55.5,59.36203605931488,2.301167711495154,2.3019748267764415
1,ODE,-1,ODE from projected DNS start,55.75,59.36203605931488,2.300089048499397,2.3009539832953365
1,ODE,-1,ODE from projected DNS start,56.0,59.36203605931488,2.298986614091811,2.2999095134617935
1,ODE,-1,ODE from projected DNS start,56.25,59.36203605931488,2.2978617448750236,2.2988437776901276
1,ODE,-1,ODE from projected DNS start,56.5,59.36203605931488,2.296715644082322,2.297759140286871
1,ODE,-1,ODE from projected DNS start,56.75,59.36203605931488,2.295549403390144,2.296657973887219
1,ODE,-1,ODE from projected DNS start,57.0,59.36203605931488,2.2943640276368193,2.2955426629276197
1,ODE,-1,ODE from projected DNS start,57.25,59.36203605931488,2.2931604604433917,2.2944156060234038
1,ODE,-1,ODE from projected DNS start,57.5,59.36203605931488,2.291939610690151,2.293279216940193
1,ODE,-1,ODE from projected DNS start,57.75,59.36203605931488,2.2907023800700475,2.2921359238011663
1,ODE,-1,ODE from projected DNS start,58.0,59.36203605931488,2.289449688587764,2.2909881659738915
1,ODE,-1,ODE from projected DNS start,58.25,59.36203605931488,2.2881824966321176,2.2898383887148457
1,ODE,-1,ODE from projected DNS start,58.5,59.36203605931488,2.2869018265452086,2.2886890353605622
1,ODE,-1,ODE from projected DNS start,58.75,59.36203605931488,2.2856087810321277,2.287542536813161
1,ODE,-1,ODE from projected DNS start,59.0,59.36203605931488,2.2843045568592784,2.2864012984991375
1,ODE,-1,ODE from projected DNS start,59.25,59.36203605931488,2.28299045551931,2.285267684883808
1,ODE,-1,ODE from projected DNS start,59.36203605931488,59.36203605931488,2.2823987142208804,2.284762749728621
1,ODE,1,ODE rank 1,0.0,51.70157432093637,2.245267657297352,2.222704241573049
1,ODE,1,ODE rank 1,0.25,51.70157432093637,2.2452851128895217,2.2227060936539136
1,ODE,1,ODE rank 1,0.5,51.70157432093637,2.2453030211558263,2.222708512801738
1,ODE,1,ODE rank 1,0.75,51.70157432093637,2.2453213634737335,2.2227114895583364
1,ODE,1,ODE rank 1,1.0,51.70157432093637,2.245340121674519,2.222715014442584
1,ODE,1,ODE rank 1,1.25,51.70157432093637,2.24535927782856,2.2227190779445185
1,ODE,1,ODE rank 1,1.5,51.70157432093637,2.2453788140053765,2.2227236704842075
1,ODE,1,ODE rank 1,1.75,51.70157432093637,2.2453987120655383,2.2227287823616493
1,ODE,1,ODE rank 1,2.0,51.70157432093637,2.245418953486595,2.2227344037053456
1,ODE,1,ODE rank 1,2.25,51.70157432093637,2.2454395192735435,2.2227405244372607
1,ODE,1,ODE rank 1,2.5,51.70157432093637,2.2454603898750105,2.222747134242761
1,ODE,1,ODE rank 1,2.75,51.70157432093637,2.245481545194603,2.222754222564795
1,ODE,1,ODE rank 1,3.0,51.70157432093637,2.2455029645896905,2.2227617786018516
1,ODE,1,ODE rank 1,3.25,51.70157432093637,2.245524626902573,2.2227697913164244
1,ODE,1,ODE rank 1,3.5,51.70157432093637,2.245546510551118,2.2227782494584654
1,ODE,1,ODE rank 1,3.75,51.70157432093637,2.24556859353138,2.222787141578861
1,ODE,1,ODE rank 1,4.0,51.70157432093637,2.2455908535270597,2.2227964560523716
1,ODE,1,ODE rank 1,4.25,51.70157432093637,2.245613267976056,2.2228061810945228
1,ODE,1,ODE rank 1,4.5,51.70157432093637,2.2456358140787724,2.222816304781168
1,ODE,1,ODE rank 1,4.75,51.70157432093637,2.2456584689192773,2.2228268150496096
1,ODE,1,ODE rank 1,5.0,51.70157432093637,2.2456812095316945,2.222837699693468
1,ODE,1,ODE rank 1,5.25,51.70157432093637,2.245704012885673,2.2228489463779164
1,ODE,1,ODE rank 1,5.5,51.70157432093637,2.24572685598158,2.2228605426197645
1,ODE,1,ODE rank 1,5.75,51.70157432093637,2.245749715975327,2.222872475754506
1,ODE,1,ODE rank 1,6.0,51.70157432093637,2.2457725701220275,2.222884732935949
1,ODE,1,ODE rank 1,6.25,51.70157432093637,2.245795395792577,2.2228973011284596
1,ODE,1,ODE rank 1,6.5,51.70157432093637,2.245818170653432,2.222910167060295
1,ODE,1,ODE rank 1,6.75,51.70157432093637,2.245840872631602,2.2229233172252894
1,ODE,1,ODE rank 1,7.0,51.70157432093637,2.24586347984943,2.222936737872015
1,ODE,1,ODE rank 1,7.25,51.70157432093637,2.245885970664316,2.2229504149997457
1,ODE,1,ODE rank 1,7.5,51.70157432093637,2.245908323830978,2.2229643343615058
1,ODE,1,ODE rank 1,7.75,51.70157432093637,2.2459305183609826,2.222978481491917
1,ODE,1,ODE rank 1,8.0,51.70157432093637,2.2459525334614336,2.222992841707395
1,ODE,1,ODE rank 1,8.25,51.70157432093637,2.245974348563782,2.2230074001278077
1,ODE,1,ODE rank 1,8.5,51.70157432093637,2.245995943476986,2.2230221417346168
1,ODE,1,ODE rank 1,8.75,51.70157432093637,2.2460172982422417,2.223037051399941
1,ODE,1,ODE rank 1,9.0,51.70157432093637,2.246038393045329,2.2230521139233925
1,ODE,1,ODE rank 1,9.25,51.70157432093637,2.2460592082314887,2.2230673140496036
1,ODE,1,ODE rank 1,9.5,51.70157432093637,2.2460797244892334,2.223082636536722
1,ODE,1,ODE rank 1,9.75,51.70157432093637,2.2460999228021628,2.2230980661471698
1,ODE,1,ODE rank 1,10.0,51.70157432093637,2.246119784333315,2.2231135877228416
1,ODE,1,ODE rank 1,10.25,51.70157432093637,2.2461392904241197,2.223129186197861
1,ODE,1,ODE rank 1,10.5,51.70157432093637,2.246158422732174,2.2231448466088857
1,ODE,1,ODE rank 1,10.75,51.70157432093637,2.2461771633592673,2.2231605540606934
1,ODE,1,ODE rank 1,11.0,51.70157432093637,2.2461954947229756,2.2231762937637933
1,ODE,1,ODE rank 1,11.25,51.70157432093637,2.2462133995975426,2.2231920510664054
1,ODE,1,ODE rank 1,11.5,51.70157432093637,2.2462308611231174,2.223207811456067
1,ODE,1,ODE rank 1,11.75,51.70157432093637,2.246247862980618,2.223223560490007
1,ODE,1,ODE rank 1,12.0,51.70157432093637,2.2462643892674192,2.2232392837952224
1,ODE,1,ODE rank 1,12.25,51.70157432093637,2.246280424588762,2.223254967096824
1,ODE,1,ODE rank 1,12.5,51.70157432093637,2.2462959541167598,2.2232705962136046
1,ODE,1,ODE rank 1,12.75,51.70157432093637,2.2463109635979013,2.223286157058224
1,ODE,1,ODE rank 1,13.0,51.70157432093637,2.2463254393446297,2.223301635588466
1,ODE,1,ODE rank 1,13.25,51.70157432093637,2.2463393680334502,2.223317017858508
1,ODE,1,ODE rank 1,13.5,51.70157432093637,2.2463527369839564,2.2233322900264767
1,ODE,1,ODE rank 1,13.75,51.70157432093637,2.246365534217484,2.223347438346957
1,ODE,1,ODE rank 1,14.0,51.70157432093637,2.2463777484577534,2.2233624491742567
1,ODE,1,ODE rank 1,14.25,51.70157432093637,2.2463893689719567,2.223377309006037
1,ODE,1,ODE rank 1,14.5,51.70157432093637,2.2464003852340833,2.223392004515262
1,ODE,1,ODE rank 1,14.75,51.70157432093637,2.246410787403324,2.2234065225694333
1,ODE,1,ODE rank 1,15.0,51.70157432093637,2.2464205664311026,2.223420850244229
1,ODE,1,ODE rank 1,15.25,51.70157432093637,2.246429714061073,2.223434974824921
1,ODE,1,ODE rank 1,15.5,51.70157432093637,2.246438222729511,2.223448883847049
1,ODE,1,ODE rank 1,15.75,51.70157432093637,2.24644608488497,2.223462565161452
1,ODE,1,ODE rank 1,16.0,51.70157432093637,2.246453293482955,2.223476006891251
1,ODE,1,ODE rank 1,16.25,51.70157432093637,2.246459842388089,2.223489197492259
1,ODE,1,ODE rank 1,16.5,51.70157432093637,2.2464657263763605,2.2235021257547336
1,ODE,1,ODE rank 1,16.75,51.70157432093637,2.2464709411300334,2.2235147808043054
1,ODE,1,ODE rank 1,17.0,51.70157432093637,2.2464754826525,2.2235271521291002
1,ODE,1,ODE rank 1,17.25,51.70157432093637,2.2464793467879574,2.2235392295570255
1,ODE,1,ODE rank 1,17.5,51.70157432093637,2.2464825302822717,2.2235510032709405
1,ODE,1,ODE rank 1,17.75,51.70157432093637,2.2464850309130027,2.2235624638201683
1,ODE,1,ODE rank 1,18.0,51.70157432093637,2.2464868474893995,2.223573602119191
1,ODE,1,ODE rank 1,18.25,51.70157432093637,2.2464879797827946,2.2235844094410826
1,ODE,1,ODE rank 1,18.5,51.70157432093637,2.246488427344512,2.2235948773849437
1,ODE,1,ODE rank 1,18.75,51.70157432093637,2.246488189787767,2.223604997911795
1,ODE,1,ODE rank 1,19.0,51.70157432093637,2.246487267798574,2.223614763315073
1,ODE,1,ODE rank 1,19.25,51.70157432093637,2.246485663156099,2.2236241662114953
1,ODE,1,ODE rank 1,19.5,51.70157432093637,2.2464833787326612,2.2236331995383862
1,ODE,1,ODE rank 1,19.75,51.70157432093637,2.246480418324348,2.2236418565479212
1,ODE,1,ODE rank 1,20.0,51.70157432093637,2.2464767851318035,2.223650130820876
1,ODE,1,ODE rank 1,20.25,51.70157432093637,2.246472482648065,2.2236580162867834
1,ODE,1,ODE rank 1,20.5,51.70157432093637,2.2464675154546243,2.223665507174312
1,ODE,1,ODE rank 1,20.75,51.70157432093637,2.2464618892059462,2.223672598004092
1,ODE,1,ODE rank 1,21.0,51.70157432093637,2.2464556106294706,2.223679283584982
1,ODE,1,ODE rank 1,21.25,51.70157432093637,2.2464486873133573,2.2236855590208897
1,ODE,1,ODE rank 1,21.5,51.70157432093637,2.246441126113412,2.2236914197864577
1,ODE,1,ODE rank 1,21.75,51.70157432093637,2.246432934288838,2.2236968616779054
1,ODE,1,ODE rank 1,22.0,51.70157432093637,2.2464241200962793,2.2237018807896707
1,ODE,1,ODE rank 1,22.25,51.70157432093637,2.2464146927524102,2.223706473512525
1,ODE,1,ODE rank 1,22.5,51.70157432093637,2.246404662433929,2.2237106365292916
1,ODE,1,ODE rank 1,22.75,51.70157432093637,2.2463940400804003,2.2237143668232484
1,ODE,1,ODE rank 1,23.0,51.70157432093637,2.24638283595567,2.223717661759075
1,ODE,1,ODE rank 1,23.25,51.70157432093637,2.246371060790645,2.2237205190137472
1,ODE,1,ODE rank 1,23.5,51.70157432093637,2.2463587261325424,2.223722936570174
1,ODE,1,ODE rank 1,23.75,51.70157432093637,2.24634584428379,2.223724912717983
1,ODE,1,ODE rank 1,24.0,51.70157432093637,2.246332428302023,2.2237264460492767
1,ODE,1,ODE rank 1,24.25,51.70157432093637,2.2463184918118233,2.2237275354661152
1,ODE,1,ODE rank 1,24.5,51.70157432093637,2.246304047993392,2.2237281802395956
1,ODE,1,ODE rank 1,24.75,51.70157432093637,2.246289110556683,2.2237283799549346
1,ODE,1,ODE rank 1,25.0,51.70157432093637,2.246273693779248,2.223728134512564
1,ODE,1,ODE rank 1,25.25,51.70157432093637,2.246257812457141,2.223727444127722
1,ODE,1,ODE rank 1,25.5,51.70157432093637,2.2462414819049155,2.22372630932679
1,ODE,1,ODE rank 1,25.75,51.70157432093637,2.2462247177784627,2.2237247309605586
1,ODE,1,ODE rank 1,26.0,51.70157432093637,2.246207535636067,2.223722710249356
1,ODE,1,ODE rank 1,26.25,51.70157432093637,2.2461899515526254,2.2237202487299257
1,ODE,1,ODE rank 1,26.5,51.70157432093637,2.246171981920427,2.2237173482701103
1,ODE,1,ODE rank 1,26.75,51.70157432093637,2.2461536434296874,2.22371401106792
1,ODE,1,ODE rank 1,27.0,51.70157432093637,2.2461349530685486,2.2237102396489448
1,ODE,1,ODE rank 1,27.25,51.70157432093637,2.2461159280224754,2.223706036887592
1,ODE,1,ODE rank 1,27.5,51.70157432093637,2.2460965857812982,2.2237014060192655
1,ODE,1,ODE rank 1,27.75,51.70157432093637,2.246076944175548,2.2236963506033804
1,ODE,1,ODE rank 1,28.0,51.70157432093637,2.246057021145093,2.223690874545227
1,ODE,1,ODE rank 1,28.25,51.70157432093637,2.246036834737729,2.223684982094846
1,ODE,1,ODE rank 1,28.5,51.70157432093637,2.246016403108782,2.223678677846082
1,ODE,1,ODE rank 1,28.75,51.70157432093637,2.2459957446604744,2.2236719667493823
1,ODE,1,ODE rank 1,29.0,51.70157432093637,2.2459748783361637,2.223664854086539
1,ODE,1,ODE rank 1,29.25,51.70157432093637,2.245953823136297,2.2236573454731174
1,ODE,1,ODE rank 1,29.5,51.70157432093637,2.245932598005436,2.2236494468688024
1,ODE,1,ODE rank 1,29.75,51.70157432093637,2.245911221832258,2.22364116457755
1,ODE,1,ODE rank 1,30.0,51.70157432093637,2.2458897134764895,2.223632505247302
1,ODE,1,ODE rank 1,30.25,51.70157432093637,2.245868092307922,2.223623475851153
1,ODE,1,ODE rank 1,30.5,51.70157432093637,2.2458463780820965,2.223614083673114
1,ODE,1,ODE rank 1,30.75,51.70157432093637,2.245824590377731,2.223604336321829
1,ODE,1,ODE rank 1,31.0,51.70157432093637,2.245802748577492,2.2235942417329637
1,ODE,1,ODE rank 1,31.25,51.70157432093637,2.2457808718679915,2.2235838081708357
1,ODE,1,ODE rank 1,31.5,51.70157432093637,2.2457589794196693,2.2235730442204926
1,ODE,1,ODE rank 1,31.75,51.70157432093637,2.2457370911258243,2.2235619587481716
1,ODE,1,ODE rank 1,32.0,51.70157432093637,2.245715226847935,2.2235505609162454
1,ODE,1,ODE rank 1,32.25,51.70157432093637,2.245693406137482,2.223538860187033
1,ODE,1,ODE rank 1,32.5,51.70157432093637,2.245671648238925,2.2235268663252974
1,ODE,1,ODE rank 1,32.75,51.70157432093637,2.2456499720929584,2.223514589400895
1,ODE,1,ODE rank 1,33.0,51.70157432093637,2.245628396866782,2.2235020397580145
1,ODE,1,ODE rank 1,33.25,51.70157432093637,2.245606942234694,2.2234892279905836
1,ODE,1,ODE rank 1,33.5,51.70157432093637,2.245585627524613,2.223476164961813
1,ODE,1,ODE rank 1,33.75,51.70157432093637,2.2455644716808494,2.2234628618028998
1,ODE,1,ODE rank 1,34.0,51.70157432093637,2.2455434932641047,2.223449329916807
1,ODE,1,ODE rank 1,34.25,51.70157432093637,2.245522710513209,2.2234355809765987
1,ODE,1,ODE rank 1,34.5,51.70157432093637,2.245502142105571,2.2234216268675278
1,ODE,1,ODE rank 1,34.75,51.70157432093637,2.2454818067173914,2.2234074796986327
1,ODE,1,ODE rank 1,35.0,51.70157432093637,2.2454617225783737,2.2233931518046
1,ODE,1,ODE rank 1,35.25,51.70157432093637,2.2454419074937086,2.2233786557456514
1,ODE,1,ODE rank 1,35.5,51.70157432093637,2.2454223788440704,2.2233640043118195
1,ODE,1,ODE rank 1,35.75,51.70157432093637,2.245403153766552,2.2233492105057344
1,ODE,1,ODE rank 1,36.0,51.70157432093637,2.2453842497149448,2.2233342874787567
1,ODE,1,ODE rank 1,36.25,51.70157432093637,2.245365683744959,2.223319248567052
1,ODE,1,ODE rank 1,36.5,51.70157432093637,2.2453474724727682,2.223304107271697
1,ODE,1,ODE rank 1,36.75,51.70157432093637,2.2453296320851894,2.2232888772614112
1,ODE,1,ODE rank 1,37.0,51.70157432093637,2.24531217833968,2.2232735723767787
1,ODE,1,ODE rank 1,37.25,51.70157432093637,2.245295126814659,2.2232582065892688
1,ODE,1,ODE rank 1,37.5,51.70157432093637,2.2452784929786977,2.2232427939646677
1,ODE,1,ODE rank 1,37.75,51.70157432093637,2.24526229176993,2.2232273486871996
1,ODE,1,ODE rank 1,38.0,51.70157432093637,2.2452465377290434,2.223211885030212
1,ODE,1,ODE rank 1,38.25,51.70157432093637,2.245231244999463,2.223196417359947
1,ODE,1,ODE rank 1,38.5,51.70157432093637,2.245216427328586,2.223180960138823
1,ODE,1,ODE rank 1,38.75,51.70157432093637,2.2452020982073506,2.2231655278681517
1,ODE,1,ODE rank 1,39.0,51.70157432093637,2.2451882705241184,2.2231501350851177
1,ODE,1,ODE rank 1,39.25,51.70157432093637,2.2451749566555375,2.2231347963575914
1,ODE,1,ODE rank 1,39.5,51.70157432093637,2.2451621686482737,2.2231195262524954
1,ODE,1,ODE rank 1,39.75,51.70157432093637,2.2451499182190084,2.223104339338553
1,ODE,1,ODE rank 1,40.0,51.70157432093637,2.2451382167549445,2.223089250188552
1,ODE,1,ODE rank 1,40.25,51.70157432093637,2.2451270752112307,2.2230742733234576
1,ODE,1,ODE rank 1,40.5,51.70157432093637,2.245116503468889,2.2230594232226393
1,ODE,1,ODE rank 1,40.75,51.70157432093637,2.2451065109157895,2.2230447143036516
1,ODE,1,ODE rank 1,41.0,51.70157432093637,2.245097106702821,2.223030160879954
1,ODE,1,ODE rank 1,41.25,51.70157432093637,2.2450882997438955,2.223015777162253
1,ODE,1,ODE rank 1,41.5,51.70157432093637,2.24508009871594,2.223001577259562
1,ODE,1,ODE rank 1,41.75,51.70157432093637,2.245072511795943,2.2229875751433097
1,ODE,1,ODE rank 1,42.0,51.70157432093637,2.245065545579156,2.2229737846458772
1,ODE,1,ODE rank 1,42.25,51.70157432093637,2.2450592060641883,2.222960219455296
1,ODE,1,ODE rank 1,42.5,51.70157432093637,2.2450534991099587,2.2229468930469296
1,ODE,1,ODE rank 1,42.75,51.70157432093637,2.2450484304359444,2.22293381868287
1,ODE,1,ODE rank 1,43.0,51.70157432093637,2.2450440056221757,2.22292100941142
1,ODE,1,ODE rank 1,43.25,51.70157432093637,2.2450402299151975,2.222908478054039
1,ODE,1,ODE rank 1,43.5,51.70157432093637,2.2450371066121346,2.222896237195321
1,ODE,1,ODE rank 1,43.75,51.70157432093637,2.2450346380111372,2.2228842992022946
1,ODE,1,ODE rank 1,44.0,51.70157432093637,2.2450328263418067,2.2228726761315927
1,ODE,1,ODE rank 1,44.25,51.70157432093637,2.245031673764951,2.2228613797216683
1,ODE,1,ODE rank 1,44.5,51.70157432093637,2.245031182372582,2.2228504213907607
1,ODE,1,ODE rank 1,44.75,51.70157432093637,2.245031354146059,2.222839812233378
1,ODE,1,ODE rank 1,45.0,51.70157432093637,2.245032189341611,2.2228295630217514
1,ODE,1,ODE rank 1,45.25,51.70157432093637,2.245033686449034,2.2228196842409034
1,ODE,1,ODE rank 1,45.5,51.70157432093637,2.2450358438962947,2.222810185992042
1,ODE,1,ODE rank 1,45.75,51.70157432093637,2.2450386600580323,2.222801077969878
1,ODE,1,ODE rank 1,46.0,51.70157432093637,2.2450421332555606,2.2227923694593725
1,ODE,1,ODE rank 1,46.25,51.70157432093637,2.2450462617568667,2.2227840693322882
1,ODE,1,ODE rank 1,46.5,51.70157432093637,2.245051042876156,2.222776186058301
1,ODE,1,ODE rank 1,46.75,51.70157432093637,2.2450564714705803,2.222768727757005
1,ODE,1,ODE rank 1,47.0,51.70157432093637,2.245062542226466,2.2227617021139086
1,ODE,1,ODE rank 1,47.25,51.70157432093637,2.2450692497318885,2.222755116343097
1,ODE,1,ODE rank 1,47.5,51.70157432093637,2.2450765884732524,2.2227489771831968
1,ODE,1,ODE rank 1,47.75,51.70157432093637,2.2450845528352907,2.222743290893227
1,ODE,1,ODE rank 1,48.0,51.70157432093637,2.245093136764132,2.222738063259418
1,ODE,1,ODE rank 1,48.25,51.70157432093637,2.245102331925551,2.2227332996663725
1,ODE,1,ODE rank 1,48.5,51.70157432093637,2.245112129473532,2.222729005028377
1,ODE,1,ODE rank 1,48.75,51.70157432093637,2.245122520427131,2.2227251837483717
1,ODE,1,ODE rank 1,49.0,51.70157432093637,2.245133495611848,2.2227218397146595
1,ODE,1,ODE rank 1,49.25,51.70157432093637,2.2451450456596262,2.222718976296628
1,ODE,1,ODE rank 1,49.5,51.70157432093637,2.2451571608943843,2.222716596346762
1,ODE,1,ODE rank 1,49.75,51.70157432093637,2.2451698299845653,2.2227147022754083
1,ODE,1,ODE rank 1,50.0,51.70157432093637,2.2451830409235,2.2227132959993794
1,ODE,1,ODE rank 1,50.25,51.70157432093637,2.245196781512938,2.222712378907044
1,ODE,1,ODE rank 1,50.5,51.70157432093637,2.245211039261511,2.222711951859537
1,ODE,1,ODE rank 1,50.75,51.70157432093637,2.2452258013847377,2.2227120151869415
1,ODE,1,ODE rank 1,51.0,51.70157432093637,2.245241054747748,2.222712568689979
1,ODE,1,ODE rank 1,51.25,51.70157432093637,2.245256785077373,2.22271361171458
1,ODE,1,ODE rank 1,51.5,51.70157432093637,2.245272977744599,2.2227151430864467
1,ODE,1,ODE rank 1,51.70157432093637,51.70157432093637,2.245286360373423,2.22271673230514
1,ODE,2,ODE rank 2,0.0,51.69397338065799,2.245792375177918,2.222852941704714
1,ODE,2,ODE rank 2,0.25,51.69397338065799,2.245819250393371,2.222867132616873
1,ODE,2,ODE rank 2,0.5,51.69397338065799,2.245846004736571,2.2228817466203736
1,ODE,2,ODE rank 2,0.75,51.69397338065799,2.2458726376425564,2.222896758136069
1,ODE,2,ODE rank 2,1.0,51.69397338065799,2.245899139348829,2.22291214247205
1,ODE,2,ODE rank 2,1.25,51.69397338065799,2.2459254941646654,2.222927875621907
1,ODE,2,ODE rank 2,1.5,51.69397338065799,2.245951682553618,2.222943934124334
1,ODE,2,ODE rank 2,1.75,51.69397338065799,2.2459776824521223,2.2229602949810254
1,ODE,2,ODE rank 2,2.0,51.69397338065799,2.2460034702287843,2.22297693560958
1,ODE,2,ODE rank 2,2.25,51.69397338065799,2.246029021202955,2.2229938338405706
1,ODE,2,ODE rank 2,2.5,51.69397338065799,2.246054310153168,2.2230109679171113
1,ODE,2,ODE rank 2,2.75,51.69397338065799,2.246079311541112,2.2230283165152276
1,ODE,2,ODE rank 2,3.0,51.69397338065799,2.246103999821276,2.2230458587542548
1,ODE,2,ODE rank 2,3.25,51.69397338065799,2.2461283495450326,2.2230635742002147
1,ODE,2,ODE rank 2,3.5,51.69397338065799,2.2461523355630497,2.22308144286289
1,ODE,2,ODE rank 2,3.75,51.69397338065799,2.246175933107385,2.2230994451804147
1,ODE,2,ODE rank 2,4.0,51.69397338065799,2.2461991178918486,2.2231175619727717
1,ODE,2,ODE rank 2,4.25,51.69397338065799,2.2462218662138973,2.2231357744202898
1,ODE,2,ODE rank 2,4.5,51.69397338065799,2.2462441549984113,2.2231540640044845
1,ODE,2,ODE rank 2,4.75,51.69397338065799,2.246265961867576,2.2231724124419223
1,ODE,2,ODE rank 2,5.0,51.69397338065799,2.246287265204435,2.2231908016427626
1,ODE,2,ODE rank 2,5.25,51.69397338065799,2.246308044175902,2.2232092136530155
1,ODE,2,ODE rank 2,5.5,51.69397338065799,2.2463282787542225,2.223227630606474
1,ODE,2,ODE rank 2,5.75,51.69397338065799,2.2463479497811534,2.2232460346716723
1,ODE,2,ODE rank 2,6.0,51.69397338065799,2.246367038973732,2.2232644080327635
1,ODE,2,ODE rank 2,6.25,51.69397338065799,2.246385528864743,2.2232827328914517
1,ODE,2,ODE rank 2,6.5,51.69397338065799,2.24640340286048,2.2233009914492974
1,ODE,2,ODE rank 2,6.75,51.69397338065799,2.2464206452733175,2.223319165895507
1,ODE,2,ODE rank 2,7.0,51.69397338065799,2.246437241215971,2.2233372384651906
1,ODE,2,ODE rank 2,7.25,51.69397338065799,2.2464531765236133,2.2233551914892677
1,ODE,2,ODE rank 2,7.5,51.69397338065799,2.2464684378651762,2.22337300741381
1,ODE,2,ODE rank 2,7.75,51.69397338065799,2.246483012736827,2.2233906688234253
1,ODE,2,ODE rank 2,8.0,51.69397338065799,2.246496889227333,2.223408158551701
1,ODE,2,ODE rank 2,8.25,51.69397338065799,2.2465100560246176,2.2234254597071583
1,ODE,2,ODE rank 2,8.5,51.69397338065799,2.2465225025693663,2.223442555737739
1,ODE,2,ODE rank 2,8.75,51.69397338065799,2.2465342190432107,2.223459430450779
1,ODE,2,ODE rank 2,9.0,51.69397338065799,2.2465451960742886,2.2234760680752963
1,ODE,2,ODE rank 2,9.25,51.69397338065799,2.2465554247660693,2.223492453248924
1,ODE,2,ODE rank 2,9.5,51.69397338065799,2.2465648969726786,2.2235085710838565
1,ODE,2,ODE rank 2,9.75,51.69397338065799,2.246573605307887,2.2235244071753906
1,ODE,2,ODE rank 2,10.0,51.69397338065799,2.2465815428977516,2.2235399475694333
1,ODE,2,ODE rank 2,10.25,51.69397338065799,2.2465887031753793,2.2235551787323975
1,ODE,2,ODE rank 2,10.5,51.69397338065799,2.246595080391228,2.2235700875674107
1,ODE,2,ODE rank 2,10.75,51.69397338065799,2.2466006696792666,2.223584661413974
1,ODE,2,ODE rank 2,11.0,51.69397338065799,2.246605466962143,2.2235988880110513
1,ODE,2,ODE rank 2,11.25,51.69397338065799,2.2466094683512265,2.2236127554332237
1,ODE,2,ODE rank 2,11.5,51.69397338065799,2.2466126706338496,2.2236262521240233
1,ODE,2,ODE rank 2,11.75,51.69397338065799,2.2466150716280993,2.22363936684636
1,ODE,2,ODE rank 2,12.0,51.69397338065799,2.246616670182404,2.2236520886785387
1,ODE,2,ODE rank 2,12.25,51.69397338065799,2.2466174657376667,2.223664406998953
1,ODE,2,ODE rank 2,12.5,51.69397338065799,2.246617457825672,2.223676311544149
1,ODE,2,ODE rank 2,12.75,51.69397338065799,2.2466166469521065,2.2236877923832146
1,ODE,2,ODE rank 2,13.0,51.69397338065799,2.2466150347292864,2.22369883989529
1,ODE,2,ODE rank 2,13.25,51.69397338065799,2.24661262385899,2.223709444770283
1,ODE,2,ODE rank 2,13.5,51.69397338065799,2.246609417381548,2.2237195981183104
1,ODE,2,ODE rank 2,13.75,51.69397338065799,2.2466054184515327,2.2237292914917406
1,ODE,2,ODE rank 2,14.0,51.69397338065799,2.2466006312771336,2.2237385168751933
1,ODE,2,ODE rank 2,14.25,51.69397338065799,2.2465950611789895,2.2237472666949203
1,ODE,2,ODE rank 2,14.5,51.69397338065799,2.246588714577468,2.223755533817903
1,ODE,2,ODE rank 2,14.75,51.69397338065799,2.246581598207709,2.223763311673235
1,ODE,2,ODE rank 2,15.0,51.69397338065799,2.2465737188146235,2.2237705942243196
1,ODE,2,ODE rank 2,15.25,51.69397338065799,2.2465650841684592,2.2237773759646284
1,ODE,2,ODE rank 2,15.5,51.69397338065799,2.2465557031189745,2.223783651944352
1,ODE,2,ODE rank 2,15.75,51.69397338065799,2.2465455855954364,2.2237894177651434
1,ODE,2,ODE rank 2,16.0,51.69397338065799,2.2465347420723303,2.2237946695960953
1,ODE,2,ODE rank 2,16.25,51.69397338065799,2.246523182849003,2.2237994041647005
1,ODE,2,ODE rank 2,16.5,51.69397338065799,2.2465109191372425,2.223803618720784
1,ODE,2,ODE rank 2,16.75,51.69397338065799,2.2464979631232715,2.2238073110439354
1,ODE,2,ODE rank 2,17.0,51.69397338065799,2.246484327967747,2.2238104794380646
1,ODE,2,ODE rank 2,17.25,51.69397338065799,2.2464700275880563,2.223813122711051
1,ODE,2,ODE rank 2,17.5,51.69397338065799,2.246455075749548,2.2238152401356435
1,ODE,2,ODE rank 2,17.75,51.69397338065799,2.246439486892739,2.223816831455958
1,ODE,2,ODE rank 2,18.0,51.69397338065799,2.2464232762727527,2.2238178968362687
1,ODE,2,ODE rank 2,18.25,51.69397338065799,2.246406459944401,2.223818436853473
1,ODE,2,ODE rank 2,18.5,51.69397338065799,2.246389054714274,2.2238184524895424
1,ODE,2,ODE rank 2,18.75,51.69397338065799,2.2463710774736576,2.223817945118266
1,ODE,2,ODE rank 2,19.0,51.69397338065799,2.246352545537753,2.2238169165168316
1,ODE,2,ODE rank 2,19.25,51.69397338065799,2.2463334768555625,2.223815368808979
1,ODE,2,ODE rank 2,19.5,51.69397338065799,2.24631388995547,2.223813304452057
1,ODE,2,ODE rank 2,19.75,51.69397338065799,2.2462938039449347,2.2238107262325437
1,ODE,2,ODE rank 2,20.0,51.69397338065799,2.246273238240433,2.2238076372903035
1,ODE,2,ODE rank 2,20.25,51.69397338065799,2.246252212561518,2.2238040411320776
1,ODE,2,ODE rank 2,20.5,51.69397338065799,2.246230747113371,2.223799941580553
1,ODE,2,ODE rank 2,20.75,51.69397338065799,2.2462088624394116,2.2237953427734
1,ODE,2,ODE rank 2,21.0,51.69397338065799,2.2461865794212974,2.2237902491599755
1,ODE,2,ODE rank 2,21.25,51.69397338065799,2.246163919240653,2.2237846655095472
1,ODE,2,ODE rank 2,21.5,51.69397338065799,2.246140903419355,2.2237785969431414
1,ODE,2,ODE rank 2,21.75,51.69397338065799,2.2461175538947575,2.2237720488796002
1,ODE,2,ODE rank 2,22.0,51.69397338065799,2.2460938927171643,2.2237650270484592
1,ODE,2,ODE rank 2,22.25,51.69397338065799,2.246069942033634,2.2237575374904655
1,ODE,2,ODE rank 2,22.5,51.69397338065799,2.2460457240884444,2.2237495865568144
1,ODE,2,ODE rank 2,22.75,51.69397338065799,2.24602126144855,2.223741180913883
1,ODE,2,ODE rank 2,23.0,51.69397338065799,2.2459965771570514,2.2237323275165366
1,ODE,2,ODE rank 2,23.25,51.69397338065799,2.245971694202288,2.223723033616725
1,ODE,2,ODE rank 2,23.5,51.69397338065799,2.245946635452614,2.223713306768079
1,ODE,2,ODE rank 2,23.75,51.69397338065799,2.2459214236564002,2.2237031548260684
1,ODE,2,ODE rank 2,24.0,51.69397338065799,2.2458960816793305,2.2236925859425765
1,ODE,2,ODE rank 2,24.25,51.69397338065799,2.2458706329985363,2.223681608542673
1,ODE,2,ODE rank 2,24.5,51.69397338065799,2.2458451009757288,2.2236702313374916
1,ODE,2,ODE rank 2,24.75,51.69397338065799,2.2458195086849817,2.2236584633319483
1,ODE,2,ODE rank 2,25.0,51.69397338065799,2.2457938789127274,2.223646313826679
1,ODE,2,ODE rank 2,25.25,51.69397338065799,2.2457682342926093,2.2236337924173926
1,ODE,2,ODE rank 2,25.5,51.69397338065799,2.2457425980898336,2.223620908968324
1,ODE,2,ODE rank 2,25.75,51.69397338065799,2.2457169935496286,2.2236076736184716
1,ODE,2,ODE rank 2,26.0,51.69397338065799,2.2456914435167468,2.2235940967995846
1,ODE,2,ODE rank 2,26.25,51.69397338065799,2.245665970437912,2.2235801892399527
1,ODE,2,ODE rank 2,26.5,51.69397338065799,2.2456405964003427,2.2235659619668766
1,ODE,2,ODE rank 2,26.75,51.69397338065799,2.2456153438993978,2.2235514262770133
1,ODE,2,ODE rank 2,27.0,51.69397338065799,2.245590235631785,2.223536593724739
1,ODE,2,ODE rank 2,27.25,51.69397338065799,2.245565293831716,2.22352147614831
1,ODE,2,ODE rank 2,27.5,51.69397338065799,2.2455405402700834,2.223506085675512
1,ODE,2,ODE rank 2,27.75,51.69397338065799,2.2455159962549707,2.2234904347285864
1,ODE,2,ODE rank 2,28.0,51.69397338065799,2.2454916830910525,2.223474535995697
1,ODE,2,ODE rank 2,28.25,51.69397338065799,2.2454676224743837,2.2234584023921387
1,ODE,2,ODE rank 2,28.5,51.69397338065799,2.245443835636827,2.2234420470922456
1,ODE,2,ODE rank 2,28.75,51.69397338065799,2.2454203433118325,2.2234254835310745
1,ODE,2,ODE rank 2,29.0,51.69397338065799,2.2453971657344325,2.2234087254101436
1,ODE,2,ODE rank 2,29.25,51.69397338065799,2.2453743227782175,2.223391786687366
1,ODE,2,ODE rank 2,29.5,51.69397338065799,2.245351834613925,2.223374681505967
1,ODE,2,ODE rank 2,29.75,51.69397338065799,2.2453297210470646,2.223357424229775
1,ODE,2,ODE rank 2,30.0,51.69397338065799,2.2453080013643145,2.2233400294366397
1,ODE,2,ODE rank 2,30.25,51.69397338065799,2.2452866943479917,2.2233225119220412
1,ODE,2,ODE rank 2,30.5,51.69397338065799,2.2452658182860104,2.2233048867033385
1,ODE,2,ODE rank 2,30.75,51.69397338065799,2.2452453913785178,2.2232871689598754
1,ODE,2,ODE rank 2,31.0,51.69397338065799,2.245225431563079,2.223269374030388
1,ODE,2,ODE rank 2,31.25,51.69397338065799,2.245205956234792,2.2232515174189076
1,ODE,2,ODE rank 2,31.5,51.69397338065799,2.245186982316738,2.2232336147850695
1,ODE,2,ODE rank 2,31.75,51.69397338065799,2.245168526259981,2.223215681949515
1,ODE,2,ODE rank 2,32.0,51.69397338065799,2.2451506041190896,2.223197734880629
1,ODE,2,ODE rank 2,32.25,51.69397338065799,2.2451332316194437,2.223179789630617
1,ODE,2,ODE rank 2,32.5,51.69397338065799,2.2451164238079273,2.2231618623711418
1,ODE,2,ODE rank 2,32.75,51.69397338065799,2.2451001953140843,2.223143969358136
1,ODE,2,ODE rank 2,33.0,51.69397338065799,2.245084560369996,2.2231261269326854
1,ODE,2,ODE rank 2,33.25,51.69397338065799,2.245069532810284,2.2231083515251546
1,ODE,2,ODE rank 2,33.5,51.69397338065799,2.245055126055987,2.2230906596123168
1,ODE,2,ODE rank 2,33.75,51.69397338065799,2.2450413525506834,2.2230730677017028
1,ODE,2,ODE rank 2,34.0,51.69397338065799,2.245028224146469,2.2230555923302555
1,ODE,2,ODE rank 2,34.25,51.69397338065799,2.2450157524046603,2.223038250025458
1,ODE,2,ODE rank 2,34.5,51.69397338065799,2.2450039485957936,2.2230210573079887
1,ODE,2,ODE rank 2,34.75,51.69397338065799,2.244992823699101,2.2230040306922847
1,ODE,2,ODE rank 2,35.0,51.69397338065799,2.244982387935921,2.222987186627944
1,ODE,2,ODE rank 2,35.25,51.69397338065799,2.244972650060532,2.222970541529193
1,ODE,2,ODE rank 2,35.5,51.69397338065799,2.2449636184531703,2.222954111719668
1,ODE,2,ODE rank 2,35.75,51.69397338065799,2.244955301320446,2.222937913400213
1,ODE,2,ODE rank 2,36.0,51.69397338065799,2.2449477066953403,2.222921962649399
1,ODE,2,ODE rank 2,36.25,51.69397338065799,2.2449408424202373,2.2229062754204705
1,ODE,2,ODE rank 2,36.5,51.69397338065799,2.2449347150968033,2.2228908674921115
1,ODE,2,ODE rank 2,36.75,51.69397338065799,2.2449293295765083,2.222875754513185
1,ODE,2,ODE rank 2,37.0,51.69397338065799,2.2449246905023585,2.222860951911687
1,ODE,2,ODE rank 2,37.25,51.69397338065799,2.2449208024414347,2.222846474863662
1,ODE,2,ODE rank 2,37.5,51.69397338065799,2.244917669884887,2.222832338291501
1,ODE,2,ODE rank 2,37.75,51.69397338065799,2.244915297217604,2.2228185568596497
1,ODE,2,ODE rank 2,38.0,51.69397338065799,2.2449136872209223,2.222805144948552
1,ODE,2,ODE rank 2,38.25,51.69397338065799,2.2449128407173187,2.222792116697531
1,ODE,2,ODE rank 2,38.5,51.69397338065799,2.2449127584196744,2.222779485894449
1,ODE,2,ODE rank 2,38.75,51.69397338065799,2.244913441009942,2.2227672659431645
1,ODE,2,ODE rank 2,39.0,51.69397338065799,2.2449148891391424,2.2227554698598793
1,ODE,2,ODE rank 2,39.25,51.69397338065799,2.2449171033996573,2.2227441102683745
1,ODE,2,ODE rank 2,39.5,51.69397338065799,2.2449200826357076,2.222733199400803
1,ODE,2,ODE rank 2,39.75,51.69397338065799,2.2449238236216638,2.2227227491331822
1,ODE,2,ODE rank 2,40.0,51.69397338065799,2.2449283230625907,2.2227127708687346
1,ODE,2,ODE rank 2,40.25,51.69397338065799,2.2449335776039954,2.2227032755063334
1,ODE,2,ODE rank 2,40.5,51.69397338065799,2.2449395838318233,2.2226942734354296
1,ODE,2,ODE rank 2,40.75,51.69397338065799,2.2449463382487496,2.2226857745307638
1,ODE,2,ODE rank 2,41.0,51.69397338065799,2.244953835613705,2.2226777881794417
1,ODE,2,ODE rank 2,41.25,51.69397338065799,2.2449620687457945,2.222670323305091
1,ODE,2,ODE rank 2,41.5,51.69397338065799,2.2449710303834447,2.222663388255862
1,ODE,2,ODE rank 2,41.75,51.69397338065799,2.2449807131102686,2.2226569907813296
1,ODE,2,ODE rank 2,42.0,51.69397338065799,2.244991109355064,2.222651138026719
1,ODE,2,ODE rank 2,42.25,51.69397338065799,2.245002211357893,2.2226458365280037
1,ODE,2,ODE rank 2,42.5,51.69397338065799,2.2450140096649536,2.2226410922650532
1,ODE,2,ODE rank 2,42.75,51.69397338065799,2.24502649333766,2.222636910661505
1,ODE,2,ODE rank 2,43.0,51.69397338065799,2.245039651281431,2.2226332964939077
1,ODE,2,ODE rank 2,43.25,51.69397338065799,2.245053472118422,2.2226302538828406
1,ODE,2,ODE rank 2,43.5,51.69397338065799,2.2450679441875216,2.2226277862872355
1,ODE,2,ODE rank 2,43.75,51.69397338065799,2.245083055472435,2.222625896503275
1,ODE,2,ODE rank 2,44.0,51.69397338065799,2.2450987924110644,2.222624586739692
1,ODE,2,ODE rank 2,44.25,51.69397338065799,2.245115140590301,2.2226238585764007
1,ODE,2,ODE rank 2,44.5,51.69397338065799,2.2451320852977585,2.2226237129195385
1,ODE,2,ODE rank 2,44.75,51.69397338065799,2.2451496114157727,2.222624150002579
1,ODE,2,ODE rank 2,45.0,51.69397338065799,2.245167703421404,2.2226251693815033
1,ODE,2,ODE rank 2,45.25,51.69397338065799,2.245186345257109,2.222626769946033
1,ODE,2,ODE rank 2,45.5,51.69397338065799,2.245205519752739,2.2226289499939
1,ODE,2,ODE rank 2,45.75,51.69397338065799,2.2452252093510388,2.2226317071597537
1,ODE,2,ODE rank 2,46.0,51.69397338065799,2.245245396039961,2.222635038426397
1,ODE,2,ODE rank 2,46.25,51.69397338065799,2.24526606131562,2.2226389401258837
1,ODE,2,ODE rank 2,46.5,51.69397338065799,2.2452871861822885,2.222643407936146
1,ODE,2,ODE rank 2,46.75,51.69397338065799,2.2453087510651706,2.2226484369186963
1,ODE,2,ODE rank 2,47.0,51.69397338065799,2.2453307359823245,2.222654021541169
1,ODE,2,ODE rank 2,47.25,51.69397338065799,2.2453531206025716,2.222660155642768
1,ODE,2,ODE rank 2,47.5,51.69397338065799,2.2453758840676104,2.222666832468921
1,ODE,2,ODE rank 2,47.75,51.69397338065799,2.245399004991648,2.22267404466969
1,ODE,2,ODE rank 2,48.0,51.69397338065799,2.2454224614699076,2.2226817843033118
1,ODE,2,ODE rank 2,48.25,51.69397338065799,2.2454462314281436,2.222690042889309
1,ODE,2,ODE rank 2,48.5,51.69397338065799,2.245470292754495,2.222698811371669
1,ODE,2,ODE rank 2,48.75,51.69397338065799,2.245494622862424,2.2227080801663863
1,ODE,2,ODE rank 2,49.0,51.69397338065799,2.245519198657713,2.222717839176307
1,ODE,2,ODE rank 2,49.25,51.69397338065799,2.2455439965384625,2.22272807779144
1,ODE,2,ODE rank 2,49.5,51.69397338065799,2.2455689926259392,2.2227387849125373
1,ODE,2,ODE rank 2,49.75,51.69397338065799,2.245594163482311,2.2227499489590654
1,ODE,2,ODE rank 2,50.0,51.69397338065799,2.245619485415496,2.2227615578789557
1,ODE,2,ODE rank 2,50.25,51.69397338065799,2.245644934297708,2.222773599205072
1,ODE,2,ODE rank 2,50.5,51.69397338065799,2.2456704855668588,2.222786060057848
1,ODE,2,ODE rank 2,50.75,51.69397338065799,2.2456961143070355,2.2227989271494666
1,ODE,2,ODE rank 2,51.0,51.69397338065799,2.24572179620396,2.2228121868028463
1,ODE,2,ODE rank 2,51.25,51.69397338065799,2.2457475068560457,2.222825824968236
1,ODE,2,ODE rank 2,51.5,51.69397338065799,2.2457732215852246,2.22283982726874
1,ODE,2,ODE rank 2,51.69397338065799,51.69397338065799,2.2457931604469357,2.222850933078136
1,ODE,3,ODE rank 3,0.0,51.61547466734399,2.2433927982283888,2.2219346387941448
1,ODE,3,ODE rank 3,0.25,51.61547466734399,2.243394402283644,2.2218943215216456
1,ODE,3,ODE rank 3,0.5,51.61547466734399,2.243399012415842,2.2218557198701174
1,ODE,3,ODE rank 3,0.75,51.61547466734399,2.243406333390662,2.221818856317804
1,ODE,3,ODE rank 3,1.0,51.61547466734399,2.2434161716544683,2.2217837510126004
1,ODE,3,ODE rank 3,1.25,51.61547466734399,2.2434284017511867,2.221750422873278
1,ODE,3,ODE rank 3,1.5,51.61547466734399,2.243442943076629,2.22171889001271
1,ODE,3,ODE rank 3,1.75,51.61547466734399,2.2434597438735033,2.221689169733782
1,ODE,3,ODE rank 3,2.0,51.61547466734399,2.2434787701756953,2.221661278299665
1,ODE,3,ODE rank 3,2.25,51.61547466734399,2.2434999981468406,2.2216352305928897
1,ODE,3,ODE rank 3,2.5,51.61547466734399,2.243523409279366,2.2216110397831192
1,ODE,3,ODE rank 3,2.75,51.61547466734399,2.2435489867285794,2.2215887170350905
1,ODE,3,ODE rank 3,3.0,51.61547466734399,2.2435767133788262,2.2215682713291756
1,ODE,3,ODE rank 3,3.25,51.61547466734399,2.2436065702924637,2.2215497093484085
1,ODE,3,ODE rank 3,3.5,51.61547466734399,2.243638536002445,2.221533035523553
1,ODE,3,ODE rank 3,3.75,51.61547466734399,2.2436725859563103,2.221518252086211
1,ODE,3,ODE rank 3,4.0,51.61547466734399,2.243708692300227,2.2215053592947296
1,ODE,3,ODE rank 3,4.25,51.61547466734399,2.2437468238397296,2.221494355591304
1,ODE,3,ODE rank 3,4.5,51.61547466734399,2.2437869459257103,2.221485237865875
1,ODE,3,ODE rank 3,4.75,51.61547466734399,2.243829020703721,2.2214780016751643
1,ODE,3,ODE rank 3,5.0,51.61547466734399,2.243873007132697,2.2214726414064323
1,ODE,3,ODE rank 3,5.25,51.61547466734399,2.243918861179419,2.221469150424584
1,ODE,3,ODE rank 3,5.5,51.61547466734399,2.2439665361788483,2.221467521176433
1,ODE,3,ODE rank 3,5.75,51.61547466734399,2.2440159828538313,2.2214677451293
1,ODE,3,ODE rank 3,6.0,51.61547466734399,2.244067149802623,2.221469812760807
1,ODE,3,ODE rank 3,6.25,51.61547466734399,2.2441199836842287,2.221473713449072
1,ODE,3,ODE rank 3,6.5,51.61547466734399,2.2441744294148425,2.221479435236994
1,ODE,3,ODE rank 3,6.75,51.61547466734399,2.2442304305576526,2.221486964703775
1,ODE,3,ODE rank 3,7.0,51.61547466734399,2.244287929419588,2.2214962867429375
1,ODE,3,ODE rank 3,7.25,51.61547466734399,2.244346867233408,2.22150738434413
1,ODE,3,ODE rank 3,7.5,51.61547466734399,2.2444071842886615,2.2215202384288757
1,ODE,3,ODE rank 3,7.75,51.61547466734399,2.244468819995035,2.221534827735641
1,ODE,3,ODE rank 3,8.0,51.61547466734399,2.2445317129011837,2.2215511287509564
1,ODE,3,ODE rank 3,8.25,51.61547466734399,2.244595800557562,2.2215691156228607
1,ODE,3,ODE rank 3,8.5,51.61547466734399,2.2446610196446213,2.2215887602584923
1,ODE,3,ODE rank 3,8.75,51.61547466734399,2.2447273058853927,2.2216100324382757
1,ODE,3,ODE rank 3,9.0,51.61547466734399,2.2447945936577494,2.221632899868723
1,ODE,3,ODE rank 3,9.25,51.61547466734399,2.244862816315698,2.2216573284108745
1,ODE,3,ODE rank 3,9.5,51.61547466734399,2.244931906251767,2.2216832823034207
1,ODE,3,ODE rank 3,9.75,51.61547466734399,2.2450017942573153,2.2217107243572185
1,ODE,3,ODE rank 3,10.0,51.61547466734399,2.2450724099785235,2.2217396161481044
1,ODE,3,ODE rank 3,10.25,51.61547466734399,2.245143682488652,2.221769918194535
1,ODE,3,ODE rank 3,10.5,51.61547466734399,2.2452155394553235,2.221801590221318
1,ODE,3,ODE rank 3,10.75,51.61547466734399,2.2452879074098497,2.2218345912595723
1,ODE,3,ODE rank 3,11.0,51.61547466734399,2.2453607129770745,2.2218688796514865
1,ODE,3,ODE rank 3,11.25,51.61547466734399,2.2454338820603508,2.2219044132160644
1,ODE,3,ODE rank 3,11.5,51.61547466734399,2.245507339711088,2.2219411493471766
1,ODE,3,ODE rank 3,11.75,51.61547466734399,2.245581011510587,2.2219790448376737
1,ODE,3,ODE rank 3,12.0,51.61547466734399,2.2456548233064595,2.2220180558751332
1,ODE,3,ODE rank 3,12.25,51.61547466734399,2.245728700571748,2.2220581381175037
1,ODE,3,ODE rank 3,12.5,51.61547466734399,2.2458025692594186,2.2220992465416125
1,ODE,3,ODE rank 3,12.75,51.61547466734399,2.2458763565217312,2.2221413352948662
1,ODE,3,ODE rank 3,13.0,51.61547466734399,2.245949989584946,2.2221843577291733
1,ODE,3,ODE rank 3,13.25,51.61547466734399,2.24602339588448,2.2222282663715682
1,ODE,3,ODE rank 3,13.5,51.61547466734399,2.246096504353746,2.222273012783064
1,ODE,3,ODE rank 3,13.75,51.61547466734399,2.246169244511758,2.222318547618902
1,ODE,3,ODE rank 3,14.0,51.61547466734399,2.2462415459248755,2.222364820645023
1,ODE,3,ODE rank 3,14.25,51.61547466734399,2.2463133390797396,2.2224117807618042
1,ODE,3,ODE rank 3,14.5,51.61547466734399,2.2463845557187803,2.222459376075605
1,ODE,3,ODE rank 3,14.75,51.61547466734399,2.24645512765764,2.222507554035116
1,ODE,3,ODE rank 3,15.0,51.61547466734399,2.2465249869220094,2.2225562615130103
1,ODE,3,ODE rank 3,15.25,51.61547466734399,2.2465940669502373,2.22260544493607
1,ODE,3,ODE rank 3,15.5,51.61547466734399,2.2466623017414675,2.2226550504697915
1,ODE,3,ODE rank 3,15.75,51.61547466734399,2.2467296253757754,2.222705024196823
1,ODE,3,ODE rank 3,16.0,51.61547466734399,2.2467959727133,2.2227553122348818
1,ODE,3,ODE rank 3,16.25,51.61547466734399,2.2468612799349974,2.222805860835016
1,ODE,3,ODE rank 3,16.5,51.61547466734399,2.2469254836844375,2.22285661665932
1,ODE,3,ODE rank 3,16.75,51.61547466734399,2.2469885211068075,2.2229075268986316
1,ODE,3,ODE rank 3,17.0,51.61547466734399,2.2470503307115464,2.222958539298907
1,ODE,3,ODE rank 3,17.25,51.61547466734399,2.2471108521530843,2.223009602257747
1,ODE,3,ODE rank 3,17.5,51.61547466734399,2.247170026028159,2.2230606650544527
1,ODE,3,ODE rank 3,17.75,51.61547466734399,2.2472277940752177,2.223111677882819
1,ODE,3,ODE rank 3,18.0,51.61547466734399,2.247284099598414,2.2231625917486504
1,ODE,3,ODE rank 3,18.25,51.61547466734399,2.2473388872442115,2.223213358598863
1,ODE,3,ODE rank 3,18.5,51.61547466734399,2.247392103269366,2.2232639314263527
1,ODE,3,ODE rank 3,18.75,51.61547466734399,2.2474436956583963,2.223314264233895
1,ODE,3,ODE rank 3,19.0,51.61547466734399,2.2474936138450676,2.223364311911217
1,ODE,3,ODE rank 3,19.25,51.61547466734399,2.247541809105592,2.2234140303410097
1,ODE,3,ODE rank 3,19.5,51.61547466734399,2.247588234985314,2.223463376418147
1,ODE,3,ODE rank 3,19.75,51.61547466734399,2.247632847131759,2.2235123079969963
1,ODE,3,ODE rank 3,20.0,51.61547466734399,2.2476756024102835,2.2235607838350546
1,ODE,3,ODE rank 3,20.25,51.61547466734399,2.2477164600867856,2.223608763637543
1,ODE,3,ODE rank 3,20.5,51.61547466734399,2.2477553822945873,2.223656208051048
1,ODE,3,ODE rank 3,20.75,51.61547466734399,2.2477923334977876,2.223703078646233
1,ODE,3,ODE rank 3,21.0,51.61547466734399,2.24782727907085,2.2237493379228086
1,ODE,3,ODE rank 3,21.25,51.61547466734399,2.247860187220123,2.223794949313691
1,ODE,3,ODE rank 3,21.5,51.61547466734399,2.2478910295357677,2.223839877176445
1,ODE,3,ODE rank 3,21.75,51.61547466734399,2.2479197801946245,2.223884086810498
1,ODE,3,ODE rank 3,22.0,51.61547466734399,2.247946413819232,2.223927544498468
1,ODE,3,ODE rank 3,22.25,51.61547466734399,2.2479709080331656,2.2239702174855918
1,ODE,3,ODE rank 3,22.5,51.61547466734399,2.247993244230322,2.2240120739703064
1,ODE,3,ODE rank 3,22.75,51.61547466734399,2.248013406783262,2.224053083122859
1,ODE,3,ODE rank 3,23.0,51.61547466734399,2.2480313799473706,2.224093215149805
1,ODE,3,ODE rank 3,23.25,51.61547466734399,2.2480471507154105,2.224132441252076
1,ODE,3,ODE rank 3,23.5,51.61547466734399,2.248060710054813,2.2241707336022314
1,ODE,3,ODE rank 3,23.75,51.61547466734399,2.248072052376048,2.224208065347237
1,ODE,3,ODE rank 3,24.0,51.61547466734399,2.2480811716631646,2.224244410687145
1,ODE,3,ODE rank 3,24.25,51.61547466734399,2.248088063779708,2.2242797448345257
1,ODE,3,ODE rank 3,24.5,51.61547466734399,2.248092728568854,2.224314043957201
1,ODE,3,ODE rank 3,24.75,51.61547466734399,2.2480951696504565,2.2243472851659254
1,ODE,3,ODE rank 3,25.0,51.61547466734399,2.248095390589212,2.224379446603491
1,ODE,3,ODE rank 3,25.25,51.61547466734399,2.2480933954428366,2.224410507444575
1,ODE,3,ODE rank 3,25.5,51.61547466734399,2.2480891920470567,2.2244404477958986
1,ODE,3,ODE rank 3,25.75,51.61547466734399,2.2480827920723767,2.2244692486693887
1,ODE,3,ODE rank 3,26.0,51.61547466734399,2.2480742082085747,2.2244968920663934
1,ODE,3,ODE rank 3,26.25,51.61547466734399,2.2480634522242386,2.2245233610537722
1,ODE,3,ODE rank 3,26.5,51.61547466734399,2.2480505391927688,2.2245486396318
1,ODE,3,ODE rank 3,26.75,51.61547466734399,2.248035487848892,2.2245727126975914
1,ODE,3,ODE rank 3,27.0,51.61547466734399,2.2480183191645544,2.224595566086957
1,ODE,3,ODE rank 3,27.25,51.61547466734399,2.247999052527558,2.2246171867368836
1,ODE,3,ODE rank 3,27.5,51.61547466734399,2.2479777098074734,2.2246375625363415
1,ODE,3,ODE rank 3,27.75,51.61547466734399,2.247954316287429,2.2246566822857696
1,ODE,3,ODE rank 3,28.0,51.61547466734399,2.24792890011579,2.2246745356927766
1,ODE,3,ODE rank 3,28.25,51.61547466734399,2.2479014884095907,2.224691113548893
1,ODE,3,ODE rank 3,28.5,51.61547466734399,2.247872109666934,2.2247064076165266
1,ODE,3,ODE rank 3,28.75,51.61547466734399,2.247840795502754,2.224720410566312
1,ODE,3,ODE rank 3,29.0,51.61547466734399,2.247807580456458,2.224733115951388
1,ODE,3,ODE rank 3,29.25,51.61547466734399,2.247772499039581,2.224744518332677
1,ODE,3,ODE rank 3,29.5,51.61547466734399,2.247735586343387,2.2247546132271347
1,ODE,3,ODE rank 3,29.75,51.61547466734399,2.2476968801572372,2.2247633970159963
1,ODE,3,ODE rank 3,30.0,51.61547466734399,2.247656420909103,2.2247708669142194
1,ODE,3,ODE rank 3,30.25,51.61547466734399,2.24761424975128,2.2247770210389506
1,ODE,3,ODE rank 3,30.5,51.61547466734399,2.2475704081448757,2.224781858398831
1,ODE,3,ODE rank 3,30.75,51.61547466734399,2.247524939741681,2.2247853787912337
1,ODE,3,ODE rank 3,31.0,51.61547466734399,2.24747789036711,2.224787582771562
1,ODE,3,ODE rank 3,31.25,51.61547466734399,2.2474293068757296,2.2247884716879933
1,ODE,3,ODE rank 3,31.5,51.61547466734399,2.2473792365306826,2.2247880476852258
1,ODE,3,ODE rank 3,31.75,51.61547466734399,2.2473277282715545,2.2247863136135875
1,ODE,3,ODE rank 3,32.0,51.61547466734399,2.247274832666514,2.224783273002791
1,ODE,3,ODE rank 3,32.25,51.61547466734399,2.247220601279545,2.2247789300827603
1,ODE,3,ODE rank 3,32.5,51.61547466734399,2.2471650863216204,2.224773289785303
1,ODE,3,ODE rank 3,32.75,51.61547466734399,2.247108341192478,2.224766357681034
1,ODE,3,ODE rank 3,33.0,51.61547466734399,2.2470504203567407,2.2247581399637317
1,ODE,3,ODE rank 3,33.25,51.61547466734399,2.2469913790886737,2.224748643466462
1,ODE,3,ODE rank 3,33.5,51.61547466734399,2.246931273532099,2.2247378756514755
1,ODE,3,ODE rank 3,33.75,51.61547466734399,2.24687016054078,2.2247258445851408
1,ODE,3,ODE rank 3,34.0,51.61547466734399,2.246808097491519,2.224712558935147
1,ODE,3,ODE rank 3,34.25,51.61547466734399,2.2467451423947846,2.2246980279821003
1,ODE,3,ODE rank 3,34.5,51.61547466734399,2.2466813542410637,2.2246822615955995
1,ODE,3,ODE rank 3,34.75,51.61547466734399,2.246616792241805,2.224665270251685
1,ODE,3,ODE rank 3,35.0,51.61547466734399,2.2465515156435867,2.224647065039888
1,ODE,3,ODE rank 3,35.25,51.61547466734399,2.2464855842717393,2.224627657663617
1,ODE,3,ODE rank 3,35.5,51.61547466734399,2.24641905885285,2.2246070604128123
1,ODE,3,ODE rank 3,35.75,51.61547466734399,2.2463519998513757,2.2245852862191624
1,ODE,3,ODE rank 3,36.0,51.61547466734399,2.246284467371096,2.2245623486680097
1,ODE,3,ODE rank 3,36.25,51.61547466734399,2.2462165221948016,2.224538261977962
1,ODE,3,ODE rank 3,36.5,51.61547466734399,2.246148225692357,2.2245130409912353
1,ODE,3,ODE rank 3,36.75,51.61547466734399,2.246079638542513,2.224486701252018
1,ODE,3,ODE rank 3,37.0,51.61547466734399,2.2460108208130793,2.2244592590182712
1,ODE,3,ODE rank 3,37.25,51.61547466734399,2.2459418334380215,2.224430731214388
1,ODE,3,ODE rank 3,37.5,51.61547466734399,2.245872737417928,2.224401135460857
1,ODE,3,ODE rank 3,37.75,51.61547466734399,2.2458035927365225,2.2243704901564287
1,ODE,3,ODE rank 3,38.0,51.61547466734399,2.2457344587211088,2.2243388144829317
1,ODE,3,ODE rank 3,38.25,51.61547466734399,2.245665395673398,2.224306128335309
1,ODE,3,ODE rank 3,38.5,51.61547466734399,2.245596463364519,2.2242724523997817
1,ODE,3,ODE rank 3,38.75,51.61547466734399,2.2455277203441533,2.2242378082238154
1,ODE,3,ODE rank 3,39.0,51.61547466734399,2.2454592246986858,2.224202218201284
1,ODE,3,ODE rank 3,39.25,51.61547466734399,2.2453910353173527,2.22416570550157
1,ODE,3,ODE rank 3,39.5,51.61547466734399,2.2453232100820255,2.2241282941816634
1,ODE,3,ODE rank 3,39.75,51.61547466734399,2.245255805565103,2.2240900092384424
1,ODE,3,ODE rank 3,40.0,51.61547466734399,2.2451888782020153,2.224050876558844
1,ODE,3,ODE rank 3,40.25,51.61547466734399,2.2451224847632743,2.2240109228793354
1,ODE,3,ODE rank 3,40.5,51.61547466734399,2.245056680759533,2.2239701758994315
1,ODE,3,ODE rank 3,40.75,51.61547466734399,2.2449915204183735,2.223928664318777
1,ODE,3,ODE rank 3,41.0,51.61547466734399,2.2449270580677303,2.223886417748477
1,ODE,3,ODE rank 3,41.25,51.61547466734399,2.244863347806886,2.2238434667148366
1,ODE,3,ODE rank 3,41.5,51.61547466734399,2.244800442407171,2.2237998427505756
1,ODE,3,ODE rank 3,41.75,51.61547466734399,2.244738393472856,2.223755578416817
1,ODE,3,ODE rank 3,42.0,51.61547466734399,2.244677252706779,2.2237107071864664
1,ODE,3,ODE rank 3,42.25,51.61547466734399,2.24461707110846,2.223665263484021
1,ODE,3,ODE rank 3,42.5,51.61547466734399,2.2445578984061028,2.223619282745574
1,ODE,3,ODE rank 3,42.75,51.61547466734399,2.2444997833033566,2.2235728014241616
1,ODE,3,ODE rank 3,43.0,51.61547466734399,2.2444427743316027,2.2235258568636636
1,ODE,3,ODE rank 3,43.25,51.61547466734399,2.24438691903171,2.22347848735152
1,ODE,3,ODE rank 3,43.5,51.61547466734399,2.2443322638043917,2.2234307321497733
1,ODE,3,ODE rank 3,43.75,51.61547466734399,2.2442788541273653,2.223382631484614
1,ODE,3,ODE rank 3,44.0,51.61547466734399,2.2442267348335943,2.223334226425803
1,ODE,3,ODE rank 3,44.25,51.61547466734399,2.2441759496563867,2.2232855589270604
1,ODE,3,ODE rank 3,44.5,51.61547466734399,2.244126541368042,2.2232366718333276
1,ODE,3,ODE rank 3,44.75,51.61547466734399,2.244078551858328,2.2231876088605107
1,ODE,3,ODE rank 3,45.0,51.61547466734399,2.2440320217839838,2.2231384144852204
1,ODE,3,ODE rank 3,45.25,51.61547466734399,2.243986990684119,2.2230891339565235
1,ODE,3,ODE rank 3,45.5,51.61547466734399,2.2439434973551,2.2230398132796974
1,ODE,3,ODE rank 3,45.75,51.61547466734399,2.243901579749488,2.2229904991957072
1,ODE,3,ODE rank 3,46.0,51.61547466734399,2.2438612739348383,2.2229412390793457
1,ODE,3,ODE rank 3,46.25,51.61547466734399,2.2438226148047438,2.222892080918049
1,ODE,3,ODE rank 3,46.5,51.61547466734399,2.2437856367584517,2.2228430732642828
1,ODE,3,ODE rank 3,46.75,51.61547466734399,2.2437503734938433,2.222794265221935
1,ODE,3,ODE rank 3,47.0,51.61547466734399,2.2437168561877003,2.2227457063536917
1,ODE,3,ODE rank 3,47.25,51.61547466734399,2.2436851145711616,2.2226974466329397
1,ODE,3,ODE rank 3,47.5,51.61547466734399,2.243655178134773,2.222649536350432
1,ODE,3,ODE rank 3,47.75,51.61547466734399,2.2436270759611485,2.2226020261062764
1,ODE,3,ODE rank 3,48.0,51.61547466734399,2.2436008342278955,2.2225549667335205
1,ODE,3,ODE rank 3,48.25,51.61547466734399,2.243576476967418,2.222508409240727
1,ODE,3,ODE rank 3,48.5,51.61547466734399,2.2435540281712245,2.2224624046575157
1,ODE,3,ODE rank 3,48.75,51.61547466734399,2.2435335117754995,2.2224170040203686
1,ODE,3,ODE rank 3,49.0,51.61547466734399,2.2435149490281168,2.2223722583170984
1,ODE,3,ODE rank 3,49.25,51.61547466734399,2.2434983578329284,2.222328218449656
1,ODE,3,ODE rank 3,49.5,51.61547466734399,2.2434837560658925,2.222284935015009
1,ODE,3,ODE rank 3,49.75,51.61547466734399,2.2434711617958714,2.222242458263193
1,ODE,3,ODE rank 3,50.0,51.61547466734399,2.2434605913150225,2.2222008380595444
1,ODE,3,ODE rank 3,50.25,51.61547466734399,2.243452056251396,2.2221601238886537
1,ODE,3,ODE rank 3,50.5,51.61547466734399,2.243445567802599,2.222120364604108
1,ODE,3,ODE rank 3,50.75,51.61547466734399,2.243441137444345,2.222081608327567
1,ODE,3,ODE rank 3,51.0,51.61547466734399,2.243438775573898,2.222043902441419
1,ODE,3,ODE rank 3,51.25,51.61547466734399,2.2434384879224702,2.22200729357313
1,ODE,3,ODE rank 3,51.5,51.61547466734399,2.2434402797018245,2.221971827376973
1,ODE,3,ODE rank 3,51.61547466734399,51.61547466734399,2.243441810681727,2.2219558437794067
1,ODE,5,ODE rank 5,0.0,51.812739133219,2.247578731771123,2.22411203360009
1,ODE,5,ODE rank 5,0.25,51.812739133219,2.2475818870432027,2.2241352348926773
1,ODE,5,ODE rank 5,0.5,51.812739133219,2.2475837591895313,2.2241577049478094
1,ODE,5,ODE rank 5,0.75,51.812739133219,2.247584190025576,2.224179428744295
1,ODE,5,ODE rank 5,1.0,51.812739133219,2.247583074702346,2.2242003912970514
1,ODE,5,ODE rank 5,1.25,51.812739133219,2.247580345341133,2.224220577882253
1,ODE,5,ODE rank 5,1.5,51.812739133219,2.247575959859631,2.2242399742550796
1,ODE,5,ODE rank 5,1.75,51.812739133219,2.2475698945299847,2.2242585668363155
1,ODE,5,ODE rank 5,2.0,51.812739133219,2.2475621388266274,2.224276342849864
1,ODE,5,ODE rank 5,2.25,51.812739133219,2.247552691777825,2.224293290410418
1,ODE,5,ODE rank 5,2.5,51.812739133219,2.2475415598144926,2.224309398533877
1,ODE,5,ODE rank 5,2.75,51.812739133219,2.2475287547778158,2.2243246571130344
1,ODE,5,ODE rank 5,3.0,51.812739133219,2.2475142929955485,2.2243390568279233
1,ODE,5,ODE rank 5,3.25,51.812739133219,2.247498194240653,2.2243525890261573
1,ODE,5,ODE rank 5,3.5,51.812739133219,2.2474804811846782,2.224365245601373
1,ODE,5,ODE rank 5,3.75,51.812739133219,2.247461178861019,2.2243770188407046
1,ODE,5,ODE rank 5,4.0,51.812739133219,2.247440314370608,2.224387901285163
1,ODE,5,ODE rank 5,4.25,51.812739133219,2.247417916445843,2.224397885644466
1,ODE,5,ODE rank 5,4.5,51.812739133219,2.247394015246517,2.224406964688959
1,ODE,5,ODE rank 5,4.75,51.812739133219,2.247368642321662,2.224415131166035
1,ODE,5,ODE rank 5,5.0,51.812739133219,2.247341830034908,2.224422377853992
1,ODE,5,ODE rank 5,5.25,51.812739133219,2.2473136116796955,2.2244286975312355
1,ODE,5,ODE rank 5,5.5,51.812739133219,2.247284021482757,2.224434082970236
1,ODE,5,ODE rank 5,5.75,51.812739133219,2.2472530939989843,2.2244385271103684
1,ODE,5,ODE rank 5,6.0,51.812739133219,2.2472208643180873,2.2244420231170623
1,ODE,5,ODE rank 5,6.25,51.812739133219,2.247187368181969,2.2244445644237008
1,ODE,5,ODE rank 5,6.5,51.812739133219,2.2471526414890124,2.2244461449164428
1,ODE,5,ODE rank 5,6.75,51.812739133219,2.2471167203545903,2.2244467590339543
1,ODE,5,ODE rank 5,7.0,51.812739133219,2.247079641377141,2.2244464018651824
1,ODE,5,ODE rank 5,7.25,51.812739133219,2.247041441429724,2.224445069230648
1,ODE,5,ODE rank 5,7.5,51.812739133219,2.2470021574495305,2.2244427577484163
1,ODE,5,ODE rank 5,7.75,51.812739133219,2.2469618267791174,2.2244394649244965
1,ODE,5,ODE rank 5,8.0,51.812739133219,2.246920487173904,2.224435189189325
1,ODE,5,ODE rank 5,8.25,51.812739133219,2.2468781766194192,2.2244299298702117
1,ODE,5,ODE rank 5,8.5,51.812739133219,2.246834933475192,2.2244236871787906
1,ODE,5,ODE rank 5,8.75,51.812739133219,2.246790796561201,2.2244164622506193
1,ODE,5,ODE rank 5,9.0,51.812739133219,2.246745805128394,2.2244082570966954
1,ODE,5,ODE rank 5,9.25,51.812739133219,2.246699998908488,2.22439907450271
1,ODE,5,ODE rank 5,9.5,51.812739133219,2.246653418114695,2.224388918026754
1,ODE,5,ODE rank 5,9.75,51.812739133219,2.2466061033780815,2.2243777919703183
1,ODE,5,ODE rank 5,10.0,51.812739133219,2.246558095833015,2.2243657013135794
1,ODE,5,ODE rank 5,10.25,51.812739133219,2.246509437269795,2.2243526516901744
1,ODE,5,ODE rank 5,10.5,51.812739133219,2.24646016979759,2.224338649366143
1,ODE,5,ODE rank 5,10.75,51.812739133219,2.2464103357921577,2.2243237012230885
1,ODE,5,ODE rank 5,11.0,51.812739133219,2.2463599782579866,2.2243078147766955
1,ODE,5,ODE rank 5,11.25,51.812739133219,2.2463091407742315,2.2242909981984207
1,ODE,5,ODE rank 5,11.5,51.812739133219,2.246257866959116,2.224273260331965
1,ODE,5,ODE rank 5,11.75,51.812739133219,2.246206200511872,2.224254610714003
1,ODE,5,ODE rank 5,12.0,51.812739133219,2.2461541859161067,2.224235059651177
1,ODE,5,ODE rank 5,12.25,51.812739133219,2.246101867988438,2.22421461824654
1,ODE,5,ODE rank 5,12.5,51.812739133219,2.2460492913178407,2.224193298472917
1,ODE,5,ODE rank 5,12.75,51.812739133219,2.2459965004420415,2.2241711132040978
1,ODE,5,ODE rank 5,13.0,51.812739133219,2.2459435408138515,2.224148076240981
1,ODE,5,ODE rank 5,13.25,51.812739133219,2.2458904579574064,2.224124202346734
1,ODE,5,ODE rank 5,13.5,51.812739133219,2.245837296968007,2.224099507333512
1,ODE,5,ODE rank 5,13.75,51.812739133219,2.2457841028059358,2.224074008062454
1,ODE,5,ODE rank 5,14.0,51.812739133219,2.2457309213879335,2.2240477223636135
1,ODE,5,ODE rank 5,14.25,51.812739133219,2.245677798477642,2.2240206690801827
1,ODE,5,ODE rank 5,14.5,51.812739133219,2.2456247792515858,2.2239928681209777
1,ODE,5,ODE rank 5,14.75,51.812739133219,2.245571908652943,2.223964340421327
1,ODE,5,ODE rank 5,15.0,51.812739133219,2.245519232503851,2.2239351077881633
1,ODE,5,ODE rank 5,15.25,51.812739133219,2.2454667962800503,2.223905192940405
1,ODE,5,ODE rank 5,15.5,51.812739133219,2.2454146447212913,2.223874619514739
1,ODE,5,ODE rank 5,15.75,51.812739133219,2.2453628221815665,2.223843412016797
1,ODE,5,ODE rank 5,16.0,51.812739133219,2.245311373714399,2.223811595656371
1,ODE,5,ODE rank 5,16.25,51.812739133219,2.245260343867441,2.223779196377625
1,ODE,5,ODE rank 5,16.5,51.812739133219,2.2452097763201184,2.223746240837345
1,ODE,5,ODE rank 5,16.75,51.812739133219,2.2451597141738366,2.2237127563776626
1,ODE,5,ODE rank 5,17.0,51.812739133219,2.245110200981684,2.223678770896006
1,ODE,5,ODE rank 5,17.25,51.812739133219,2.2450612796901708,2.223644312868231
1,ODE,5,ODE rank 5,17.5,51.812739133219,2.2450129922994155,2.2236094113269864
1,ODE,5,ODE rank 5,17.75,51.812739133219,2.2449653800518226,2.2235740958614163
1,ODE,5,ODE rank 5,18.0,51.812739133219,2.244918484333614,2.2235383965296367
1,ODE,5,ODE rank 5,18.25,51.812739133219,2.244872345885703,2.2235023438729664
1,ODE,5,ODE rank 5,18.5,51.812739133219,2.2448270045013627,2.2234659689112206
1,ODE,5,ODE rank 5,18.75,51.812739133219,2.244782499112507,2.2234293031564523
1,ODE,5,ODE rank 5,19.0,51.812739133219,2.2447388684228735,2.2233923785487133
1,ODE,5,ODE rank 5,19.25,51.812739133219,2.2446961504439074,2.223355227451662
1,ODE,5,ODE rank 5,19.5,51.812739133219,2.244654382296485,2.22331788265964
1,ODE,5,ODE rank 5,19.75,51.812739133219,2.2446136002494455,2.2232803774153918
1,ODE,5,ODE rank 5,20.0,51.812739133219,2.244573839986739,2.2232427453513077
1,ODE,5,ODE rank 5,20.25,51.812739133219,2.2445351362964585,2.22320502045598
1,ODE,5,ODE rank 5,20.5,51.812739133219,2.2444975231238367,2.2231672370729907
1,ODE,5,ODE rank 5,20.75,51.812739133219,2.2444610336623523,2.223129429910016
1,ODE,5,ODE rank 5,21.0,51.812739133219,2.244425700360492,2.2230916340049625
1,ODE,5,ODE rank 5,21.25,51.812739133219,2.2443915543737782,2.223053884642298
1,ODE,5,ODE rank 5,21.5,51.812739133219,2.244358625861163,2.223016217352342
1,ODE,5,ODE rank 5,21.75,51.812739133219,2.2443269443657807,2.2229786678787837
1,ODE,5,ODE rank 5,22.0,51.812739133219,2.2442965387979203,2.2229412721807544
1,ODE,5,ODE rank 5,22.25,51.812739133219,2.2442674365733937,2.2229040663319064
1,ODE,5,ODE rank 5,22.5,51.812739133219,2.244239663421727,2.2228670865209468
1,ODE,5,ODE rank 5,22.75,51.812739133219,2.244213244540463,2.2228303689663376
1,ODE,5,ODE rank 5,23.0,51.812739133219,2.2441882046713504,2.222793949913118
1,ODE,5,ODE rank 5,23.25,51.812739133219,2.2441645676061657,2.2227578655885685
1,ODE,5,ODE rank 5,23.5,51.812739133219,2.2441423544269243,2.222722152167
1,ODE,5,ODE rank 5,23.75,51.812739133219,2.244121585245754,2.2226868457021407
1,ODE,5,ODE rank 5,24.0,51.812739133219,2.2441022798938697,2.2226519820517647
1,ODE,5,ODE rank 5,24.25,51.812739133219,2.244084457874785,2.2226175968764266
1,ODE,5,ODE rank 5,24.5,51.812739133219,2.244068136469556,2.222583725594092
1,ODE,5,ODE rank 5,24.75,51.812739133219,2.2440533301892085,2.222550403380989
1,ODE,5,ODE rank 5,25.0,51.812739133219,2.2440400532455254,2.2225176650182608
1,ODE,5,ODE rank 5,25.25,51.812739133219,2.2440283197290247,2.2224855448625913
1,ODE,5,ODE rank 5,25.5,51.812739133219,2.244018143192557,2.222454076831415
1,ODE,5,ODE rank 5,25.75,51.812739133219,2.2440095334694368,2.2224232944093676
1,ODE,5,ODE rank 5,26.0,51.812739133219,2.244002498567726,2.22239323057504
1,ODE,5,ODE rank 5,26.25,51.812739133219,2.243997046467091,2.2223639176567755
1,ODE,5,ODE rank 5,26.5,51.812739133219,2.2439931851259702,2.2223353873175773
1,ODE,5,ODE rank 5,26.75,51.812739133219,2.243990921153311,2.222307670545041
1,ODE,5,ODE rank 5,27.0,51.812739133219,2.2439902567690835,2.222280797700021
1,ODE,5,ODE rank 5,27.25,51.812739133219,2.243991193402293,2.2222547983506713
1,ODE,5,ODE rank 5,27.5,51.812739133219,2.2439937324700403,2.2222297011782715
1,ODE,5,ODE rank 5,27.75,51.812739133219,2.2439978753379273,2.2222055339601545
1,ODE,5,ODE rank 5,28.0,51.812739133219,2.244003620701575,2.2221823236045593
1,ODE,5,ODE rank 5,28.25,51.812739133219,2.2440109635128787,2.2221600961724484
1,ODE,5,ODE rank 5,28.5,51.812739133219,2.244019898441688,2.2221388766798125
1,ODE,5,ODE rank 5,28.75,51.812739133219,2.244030420060523,2.222118689049103
1,ODE,5,ODE rank 5,29.0,51.812739133219,2.2440425225681926,2.2220995560948786
1,ODE,5,ODE rank 5,29.25,51.812739133219,2.244056196383214,2.222081499624383
1,ODE,5,ODE rank 5,29.5,51.812739133219,2.244071429556799,2.222064540360139
1,ODE,5,ODE rank 5,29.75,51.812739133219,2.24408820991105,2.222048697794407
1,ODE,5,ODE rank 5,30.0,51.812739133219,2.244106525013022,2.2220339901612314
1,ODE,5,ODE rank 5,30.25,51.812739133219,2.2441263613241684,2.222020434450916
1,ODE,5,ODE rank 5,30.5,51.812739133219,2.2441477013704514,2.2220080465243095
1,ODE,5,ODE rank 5,30.75,51.812739133219,2.2441705266003265,2.2219968409505486
1,ODE,5,ODE rank 5,31.0,51.812739133219,2.2441948180189657,2.2219868309456903
1,ODE,5,ODE rank 5,31.25,51.812739133219,2.244220556151464,2.2219780283485795
1,ODE,5,ODE rank 5,31.5,51.812739133219,2.2442477193508554,2.2219704436986376
1,ODE,5,ODE rank 5,31.75,51.812739133219,2.2442762832853003,2.2219640862472554
1,ODE,5,ODE rank 5,32.0,51.812739133219,2.244306222951342,2.221958963832662
1,ODE,5,ODE rank 5,32.25,51.812739133219,2.2443375126659806,2.221955082859713
1,ODE,5,ODE rank 5,32.5,51.812739133219,2.244370125809943,2.2219524482962276
1,ODE,5,ODE rank 5,32.75,51.812739133219,2.244404033250083,2.2219510637756774
1,ODE,5,ODE rank 5,33.0,51.812739133219,2.2444392045702433,2.221950931504094
1,ODE,5,ODE rank 5,33.25,51.812739133219,2.2444756085044393,2.2219520522303116
1,ODE,5,ODE rank 5,33.5,51.812739133219,2.2445132128944403,2.2219544252288257
1,ODE,5,ODE rank 5,33.75,51.812739133219,2.2445519840806716,2.2219580483551944
1,ODE,5,ODE rank 5,34.0,51.812739133219,2.2445918868445,2.221962918056226
1,ODE,5,ODE rank 5,34.25,51.812739133219,2.2446328850117054,2.221969029322957
1,ODE,5,ODE rank 5,34.5,51.812739133219,2.2446749413559015,2.2219763756926163
1,ODE,5,ODE rank 5,34.75,51.812739133219,2.2447180175246646,2.2219849492551615
1,ODE,5,ODE rank 5,35.0,51.812739133219,2.2447620740003815,2.2219947407149805
1,ODE,5,ODE rank 5,35.25,51.812739133219,2.2448070703599385,2.222005739350231
1,ODE,5,ODE rank 5,35.5,51.812739133219,2.244852965038492,2.2220179330440546
1,ODE,5,ODE rank 5,35.75,51.812739133219,2.244899715319389,2.222031308281304
1,ODE,5,ODE rank 5,36.0,51.812739133219,2.2449472776906907,2.2220458501990663
1,ODE,5,ODE rank 5,36.25,51.812739133219,2.2449956081148184,2.2220615425728014
1,ODE,5,ODE rank 5,36.5,51.812739133219,2.2450446614345094,2.2220783678713545
1,ODE,5,ODE rank 5,36.75,51.812739133219,2.245094391308172,2.2220963072684694
1,ODE,5,ODE rank 5,37.0,51.812739133219,2.245144750632187,2.222115340673235
1,ODE,5,ODE rank 5,37.25,51.812739133219,2.2451956923502836,2.222135446730676
1,ODE,5,ODE rank 5,37.5,51.812739133219,2.245247168474632,2.2221566028899953
1,ODE,5,ODE rank 5,37.75,51.812739133219,2.245299129877493,2.2221787854483033
1,ODE,5,ODE rank 5,38.0,51.812739133219,2.2453515265760986,2.2222019695673154
1,ODE,5,ODE rank 5,38.25,51.812739133219,2.245404309065994,2.2222261292796417
1,ODE,5,ODE rank 5,38.5,51.812739133219,2.2454574273135677,2.2222512375514243
1,ODE,5,ODE rank 5,38.75,51.812739133219,2.245510830259176,2.222277266367348
1,ODE,5,ODE rank 5,39.0,51.812739133219,2.245564465964311,2.222304186746549
1,ODE,5,ODE rank 5,39.25,51.812739133219,2.24561828311524,2.2223319687450385
1,ODE,5,ODE rank 5,39.5,51.812739133219,2.245672230433677,2.2223605815037732
1,ODE,5,ODE rank 5,39.75,51.812739133219,2.245726255800091,2.2223899933710145
1,ODE,5,ODE rank 5,40.0,51.812739133219,2.245780306305971,2.222420171925704
1,ODE,5,ODE rank 5,40.25,51.812739133219,2.245834329610398,2.222451083979837
1,ODE,5,ODE rank 5,40.5,51.812739133219,2.245888273995245,2.2224826956005543
1,ODE,5,ODE rank 5,40.75,51.812739133219,2.245942087168186,2.2225149722616995
1,ODE,5,ODE rank 5,41.0,51.812739133219,2.2459957162470343,2.222547878880145
1,ODE,5,ODE rank 5,41.25,51.812739133219,2.24604910876978,2.2225813798236276
1,ODE,5,ODE rank 5,41.5,51.812739133219,2.246102213391664,2.222615438902973
1,ODE,5,ODE rank 5,41.75,51.812739133219,2.246154978540438,2.2226500195368946
1,ODE,5,ODE rank 5,42.0,51.812739133219,2.246207352343596,2.222685084807306
1,ODE,5,ODE rank 5,42.25,51.812739133219,2.246259283215098,2.2227205974738267
1,ODE,5,ODE rank 5,42.5,51.812739133219,2.2463107210060302,2.22275651994522
1,ODE,5,ODE rank 5,42.75,51.812739133219,2.246361615744968,2.2227928144307665
1,ODE,5,ODE rank 5,43.0,51.812739133219,2.2464119175062223,2.222829443022256
1,ODE,5,ODE rank 5,43.25,51.812739133219,2.246461576664439,2.2228663677143974
1,ODE,5,ODE rank 5,43.5,51.812739133219,2.2465105450730034,2.2229035503702623
1,ODE,5,ODE rank 5,43.75,51.812739133219,2.2465587752142984,2.222940952831627
1,ODE,5,ODE rank 5,44.0,51.812739133219,2.2466062199876555,2.2229785370312407
1,ODE,5,ODE rank 5,44.25,51.812739133219,2.2466528327925026,2.2230162650182
1,ODE,5,ODE rank 5,44.5,51.812739133219,2.2466985683555345,2.223054098934191
1,ODE,5,ODE rank 5,44.75,51.812739133219,2.246743382396959,2.2230920010629793
1,ODE,5,ODE rank 5,45.0,51.812739133219,2.246787231430598,2.223129933966356
1,ODE,5,ODE rank 5,45.25,51.812739133219,2.246830072820365,2.2231678605152254
1,ODE,5,ODE rank 5,45.5,51.812739133219,2.246871865141217,2.2232057438882062
1,ODE,5,ODE rank 5,45.75,51.812739133219,2.2469125680855537,2.2232435475632792
1,ODE,5,ODE rank 5,46.0,51.812739133219,2.246952142439129,2.22328123545107
1,ODE,5,ODE rank 5,46.25,51.812739133219,2.2469905502668635,2.223318771938831
1,ODE,5,ODE rank 5,46.5,51.812739133219,2.247027754972546,2.2233561219042643
1,ODE,5,ODE rank 5,46.75,51.812739133219,2.2470637210442366,2.223393250690889
1,ODE,5,ODE rank 5,47.0,51.812739133219,2.24709841404733,2.2234301241905836
1,ODE,5,ODE rank 5,47.25,51.812739133219,2.2471318012387145,2.2234667089095925
1,ODE,5,ODE rank 5,47.5,51.812739133219,2.247163851592591,2.2235029719846535
1,ODE,5,ODE rank 5,47.75,51.812739133219,2.247194535406085,2.2235388811778187
1,ODE,5,ODE rank 5,48.0,51.812739133219,2.2472238235349966,2.223574404896648
1,ODE,5,ODE rank 5,48.25,51.812739133219,2.247251688703413,2.2236095122642228
1,ODE,5,ODE rank 5,48.5,51.812739133219,2.2472781057643476,2.223644173135898
1,ODE,5,ODE rank 5,48.75,51.812739133219,2.2473030515676524,2.2236783581069197
1,ODE,5,ODE rank 5,49.0,51.812739133219,2.2473265033216228,2.223712038517961
1,ODE,5,ODE rank 5,49.25,51.812739133219,2.2473484393238703,2.223745186495176
1,ODE,5,ODE rank 5,49.5,51.812739133219,2.2473688403391936,2.2237777749651637
1,ODE,5,ODE rank 5,49.75,51.812739133219,2.247387689629372,2.2238097776592967
1,ODE,5,ODE rank 5,50.0,51.812739133219,2.247404972097905,2.2238411691220374
1,ODE,5,ODE rank 5,50.25,51.812739133219,2.2474206722017986,2.2238719247472014
1,ODE,5,ODE rank 5,50.5,51.812739133219,2.2474347764864158,2.2239020207729565
1,ODE,5,ODE rank 5,50.75,51.812739133219,2.247447274278729,2.2239314342731507
1,ODE,5,ODE rank 5,51.0,51.812739133219,2.247458157584617,2.223960143156652
1,ODE,5,ODE rank 5,51.25,51.812739133219,2.2474674185083945,2.2239881262091856
1,ODE,5,ODE rank 5,51.5,51.812739133219,2.247475050244301,2.2240153630889
1,ODE,5,ODE rank 5,51.75,51.812739133219,2.2474810485482486,2.2240418342996584
1,ODE,5,ODE rank 5,51.812739133219,51.812739133219,2.24748229718489,2.2240483550220693
1,ODE,4,ODE rank 4,0.0,51.74154895694621,2.242893664443221,2.221691142219866
1,ODE,4,ODE rank 4,0.25,51.74154895694621,2.2428916116700215,2.221637644116935
1,ODE,4,ODE rank 4,0.5,51.74154895694621,2.2428938056621384,2.221585986477301
1,ODE,4,ODE rank 4,0.75,51.74154895694621,2.242899654948685,2.221536244064597
1,ODE,4,ODE rank 4,1.0,51.74154895694621,2.2429087668607175,2.2214884843193383
1,ODE,4,ODE rank 4,1.25,51.74154895694621,2.242920882562869,2.2214427693012686
1,ODE,4,ODE rank 4,1.5,51.74154895694621,2.242935833074947,2.2213991568921205
1,ODE,4,ODE rank 4,1.75,51.74154895694621,2.242953509491489,2.2213577014411614
1,ODE,4,ODE rank 4,2.0,51.74154895694621,2.242973842421641,2.2213184540180135
1,ODE,4,ODE rank 4,2.25,51.74154895694621,2.2429967883653763,2.2212814623594834
1,ODE,4,ODE rank 4,2.5,51.74154895694621,2.2430223203689246,2.2212467706633787
1,ODE,4,ODE rank 4,2.75,51.74154895694621,2.2430504211522657,2.2212144192741397
1,ODE,4,ODE rank 4,3.0,51.74154895694621,2.2430810792503264,2.221184444370434
1,ODE,4,ODE rank 4,3.25,51.74154895694621,2.243114285357442,2.2211568776495594
1,ODE,4,ODE rank 4,3.5,51.74154895694621,2.243150030626296,2.221131746149286
1,ODE,4,ODE rank 4,3.75,51.74154895694621,2.2431883048335464,2.22110907209236
1,ODE,4,ODE rank 4,4.0,51.74154895694621,2.243229095418349,2.2210888728844287
1,ODE,4,ODE rank 4,4.25,51.74154895694621,2.2432723865521513,2.2210711612540033
1,ODE,4,ODE rank 4,4.5,51.74154895694621,2.2433181586762805,2.221055945335448
1,ODE,4,ODE rank 4,4.75,51.74154895694621,2.243366387788144,2.2210432290467215
1,ODE,4,ODE rank 4,5.0,51.74154895694621,2.2434170453811415,2.221033012333689
1,ODE,4,ODE rank 4,5.25,51.74154895694621,2.2434700980923084,2.221025291484643
1,ODE,4,ODE rank 4,5.5,51.74154895694621,2.243525507494779,2.221020059518392
1,ODE,4,ODE rank 4,5.75,51.74154895694621,2.2435832303647434,2.2210173064617056
1,ODE,4,ODE rank 4,6.0,51.74154895694621,2.243643218447676,2.221017019579577
1,ODE,4,ODE rank 4,6.25,51.74154895694621,2.2437054187825005,2.2210191836196884
1,ODE,4,ODE rank 4,6.5,51.74154895694621,2.243769773948002,2.2210237809804028
1,ODE,4,ODE rank 4,6.75,51.74154895694621,2.2438362221988295,2.221030791693095
1,ODE,4,ODE rank 4,7.0,51.74154895694621,2.2439046979183193,2.221040193516303
1,ODE,4,ODE rank 4,7.25,51.74154895694621,2.2439751318435106,2.22105196193861
1,ODE,4,ODE rank 4,7.5,51.74154895694621,2.244047451490904,2.221066069999524
1,ODE,4,ODE rank 4,7.75,51.74154895694621,2.2441215814355457,2.2210824882819065
1,ODE,4,ODE rank 4,8.0,51.74154895694621,2.2441974434987664,2.2211011848329445
1,ODE,4,ODE rank 4,8.25,51.74154895694621,2.2442749573326846,2.2211221250134985
1,ODE,4,ODE rank 4,8.5,51.74154895694621,2.2443540403773765,2.2211452714804336
1,ODE,4,ODE rank 4,8.75,51.74154895694621,2.2444346079580533,2.2211705841445593
1,ODE,4,ODE rank 4,9.0,51.74154895694621,2.244516574036306,2.2211980201801573
1,ODE,4,ODE rank 4,9.25,51.74154895694621,2.244599850832186,2.221227534097084
1,ODE,4,ODE rank 4,9.5,51.74154895694621,2.2446843487644337,2.221259077793376
1,ODE,4,ODE rank 4,9.75,51.74154895694621,2.2447699774804226,2.2212926007295613
1,ODE,4,ODE rank 4,10.0,51.74154895694621,2.2448566452910352,2.2213280501265498
1,ODE,4,ODE rank 4,10.25,51.74154895694621,2.244944258844438,2.2213653711202674
1,ODE,4,ODE rank 4,10.5,51.74154895694621,2.2450327244662733,2.221404506988927
1,ODE,4,ODE rank 4,10.75,51.74154895694621,2.2451219477431095,2.2214453994148577
1,ODE,4,ODE rank 4,11.0,51.74154895694621,2.245211832798423,2.221487988739388
1,ODE,4,ODE rank 4,11.25,51.74154895694621,2.245302283711049,2.2215322141132727
1,ODE,4,ODE rank 4,11.5,51.74154895694621,2.245393204695789,2.2215780136953622
1,ODE,4,ODE rank 4,11.75,51.74154895694621,2.2454844989188674,2.221625324973143
1,ODE,4,ODE rank 4,12.0,51.74154895694621,2.24557606956544,2.2216740848170096
1,ODE,4,ODE rank 4,12.25,51.74154895694621,2.2456678209214145,2.2217242295064694
1,ODE,4,ODE rank 4,12.5,51.74154895694621,2.245759656830766,2.221775695025169
1,ODE,4,ODE rank 4,12.75,51.74154895694621,2.2458514810910155,2.221828417103596
1,ODE,4,ODE rank 4,13.0,51.74154895694621,2.245943199261908,2.221882331071652
1,ODE,4,ODE rank 4,13.25,51.74154895694621,2.2460347171703665,2.2219373720425843
1,ODE,4,ODE rank 4,13.5,51.74154895694621,2.2461259406042924,2.22199347499524
1,ODE,4,ODE rank 4,13.75,51.74154895694621,2.246216777083894,2.2220505745849772
1,ODE,4,ODE rank 4,14.0,51.74154895694621,2.246307135216351,2.2221086051920063
1,ODE,4,ODE rank 4,14.25,51.74154895694621,2.2463969236582457,2.222167501028027
1,ODE,4,ODE rank 4,14.5,51.74154895694621,2.2464860522556163,2.2222271960493467
1,ODE,4,ODE rank 4,14.75,51.74154895694621,2.2465744326451667,2.2222876239063494
1,ODE,4,ODE rank 4,15.0,51.74154895694621,2.246661976746588,2.2223487180787735
1,ODE,4,ODE rank 4,15.25,51.74154895694621,2.246748597086007,2.222410411905222
1,ODE,4,ODE rank 4,15.5,51.74154895694621,2.2468342082308936,2.2224726385247893
1,ODE,4,ODE rank 4,15.75,51.74154895694621,2.2469187255175287,2.2225353310373155
1,ODE,4,ODE rank 4,16.0,51.74154895694621,2.2470020647414364,2.222598422604994
1,ODE,4,ODE rank 4,16.25,51.74154895694621,2.2470841433660533,2.2226618464686028
1,ODE,4,ODE rank 4,16.5,51.74154895694621,2.2471648803469,2.2227255360532387
1,ODE,4,ODE rank 4,16.75,51.74154895694621,2.247244195405057,2.222789425163354
1,ODE,4,ODE rank 4,17.0,51.74154895694621,2.2473220095124087,2.2228534480536846
1,ODE,4,ODE rank 4,17.25,51.74154895694621,2.247398245606842,2.2229175394554925
1,ODE,4,ODE rank 4,17.5,51.74154895694621,2.247472827954827,2.2229816348022218
1,ODE,4,ODE rank 4,17.75,51.74154895694621,2.2475456822442066,2.2230456703549963
1,ODE,4,ODE rank 4,18.0,51.74154895694621,2.2476167361337405,2.223109583204718
1,ODE,4,ODE rank 4,18.25,51.74154895694621,2.247685919083226,2.223173311368088
1,ODE,4,ODE rank 4,18.5,51.74154895694621,2.2477531625696225,2.223236793984386
1,ODE,4,ODE rank 4,18.75,51.74154895694621,2.247818400248762,2.223299971354418
1,ODE,4,ODE rank 4,19.0,51.74154895694621,2.2478815676942494,2.22336278488981
1,ODE,4,ODE rank 4,19.25,51.74154895694621,2.2479426027862894,2.223425177270058
1,ODE,4,ODE rank 4,19.5,51.74154895694621,2.2480014462429643,2.223487092533395
1,ODE,4,ODE rank 4,19.75,51.74154895694621,2.248058041237633,2.223548476040568
1,ODE,4,ODE rank 4,20.0,51.74154895694621,2.248112332658529,2.223609274471583
1,ODE,4,ODE rank 4,20.25,51.74154895694621,2.248164268641875,2.2236694359284717
1,ODE,4,ODE rank 4,20.5,51.74154895694621,2.2482138008245993,2.223728909963951
1,ODE,4,ODE rank 4,20.75,51.74154895694621,2.2482608828116835,2.2237876475294147
1,ODE,4,ODE rank 4,21.0,51.74154895694621,2.2483054702607044,2.2238456010166354
1,ODE,4,ODE rank 4,21.25,51.74154895694621,2.2483475228921233,2.223902724279573
1,ODE,4,ODE rank 4,21.5,51.74154895694621,2.248387004288199,2.2239589726425892
1,ODE,4,ODE rank 4,21.75,51.74154895694621,2.2484238791467583,2.2240143028920887
1,ODE,4,ODE rank 4,22.0,51.74154895694621,2.248458114911895,2.224068673297804
1,ODE,4,ODE rank 4,22.25,51.74154895694621,2.2484896836776036,2.2241220435900404
1,ODE,4,ODE rank 4,22.5,51.74154895694621,2.2485185613941203,2.2241743749669185
1,ODE,4,ODE rank 4,22.75,51.74154895694621,2.2485447242981724,2.224225630135466
1,ODE,4,ODE rank 4,23.0,51.74154895694621,2.248568152080846,2.2242757732746705
1,ODE,4,ODE rank 4,23.25,51.74154895694621,2.248588829448842,2.2243247699948148
1,ODE,4,ODE rank 4,23.5,51.74154895694621,2.248606744659075,2.224372587350584
1,ODE,4,ODE rank 4,23.75,51.74154895694621,2.2486218856179114,2.2244191939090903
1,ODE,4,ODE rank 4,24.0,51.74154895694621,2.2486342441736142,2.224464559652504
1,ODE,4,ODE rank 4,24.25,51.74154895694621,2.2486438173495458,2.22450865592546
1,ODE,4,ODE rank 4,24.5,51.74154895694621,2.2486506052586184,2.2245514554572923
1,ODE,4,ODE rank 4,24.75,51.74154895694621,2.248654607217835,2.224592932443901
1,ODE,4,ODE rank 4,25.0,51.74154895694621,2.2486558266891206,2.2246330624010024
1,ODE,4,ODE rank 4,25.25,51.74154895694621,2.2486542722741767,2.224671822100371
1,ODE,4,ODE rank 4,25.5,51.74154895694621,2.248649955194239,2.224709189607913
1,ODE,4,ODE rank 4,25.75,51.74154895694621,2.2486428855916154,2.224745144378856
1,ODE,4,ODE rank 4,26.0,51.74154895694621,2.2486330777317822,2.224779667076767
1,ODE,4,ODE rank 4,26.25,51.74154895694621,2.248620550817919,2.22481273950341
1,ODE,4,ODE rank 4,26.5,51.74154895694621,2.248605326254289,2.224844344659515
1,ODE,4,ODE rank 4,26.75,51.74154895694621,2.2485874242880173,2.2248744668501486
1,ODE,4,ODE rank 4,27.0,51.74154895694621,2.248566869130542,2.224903091487696
1,ODE,4,ODE rank 4,27.25,51.74154895694621,2.2485436896037614,2.224930205023333
1,ODE,4,ODE rank 4,27.5,51.74154895694621,2.2485179163441504,2.2249557950306844
1,ODE,4,ODE rank 4,27.75,51.74154895694621,2.2484895790191644,2.2249798503051474
1,ODE,4,ODE rank 4,28.0,51.74154895694621,2.2484587110343623,2.2250023606698397
1,ODE,4,ODE rank 4,28.25,51.74154895694621,2.248425349983446,2.2250233169151112
1,ODE,4,ODE rank 4,28.5,51.74154895694621,2.248389534866677,2.2250427108984443
1,ODE,4,ODE rank 4,28.75,51.74154895694621,2.2483513041816137,2.2250605356108917
1,ODE,4,ODE rank 4,29.0,51.74154895694621,2.248310699887757,2.225076785003761
1,ODE,4,ODE rank 4,29.25,51.74154895694621,2.2482677676188443,2.225091453937834
1,ODE,4,ODE rank 4,29.5,51.74154895694621,2.2482225539721874,2.225104538289748
1,ODE,4,ODE rank 4,29.75,51.74154895694621,2.2481751057124715,2.2251160349625256
1,ODE,4,ODE rank 4,30.0,51.74154895694621,2.2481254727017466,2.225125941747277
1,ODE,4,ODE rank 4,30.25,51.74154895694621,2.2480737078559665,2.2251342572814057
1,ODE,4,ODE rank 4,30.5,51.74154895694621,2.248019864660879,2.225140981149826
1,ODE,4,ODE rank 4,30.75,51.74154895694621,2.2479639974722074,2.2251461138356046
1,ODE,4,ODE rank 4,31.0,51.74154895694621,2.247906163240707,2.2251496566249074
1,ODE,4,ODE rank 4,31.25,51.74154895694621,2.247846421241305,2.2251516115761687
1,ODE,4,ODE rank 4,31.5,51.74154895694621,2.247784831146135,2.2251519816006393
1,ODE,4,ODE rank 4,31.75,51.74154895694621,2.247721453974506,2.225150770374465
1,ODE,4,ODE rank 4,32.0,51.74154895694621,2.2476563527066182,2.225147982286763
1,ODE,4,ODE rank 4,32.25,51.74154895694621,2.2475895918708226,2.225143622426062
1,ODE,4,ODE rank 4,32.5,51.74154895694621,2.2475212365748183,2.2251376966185816
1,ODE,4,ODE rank 4,32.75,51.74154895694621,2.247451353263771,2.2251302113473157
1,ODE,4,ODE rank 4,33.0,51.74154895694621,2.2473800096564123,2.225121173730901
1,ODE,4,ODE rank 4,33.25,51.74154895694621,2.247307274412632,2.2251105915313962
1,ODE,4,ODE rank 4,33.5,51.74154895694621,2.2472332171349496,2.225098473134296
1,ODE,4,ODE rank 4,33.75,51.74154895694621,2.247157908224275,2.2250848275273403
1,ODE,4,ODE rank 4,34.0,51.74154895694621,2.2470814187157093,2.225069664290081
1,ODE,4,ODE rank 4,34.25,51.74154895694621,2.247003820518308,2.2250529935977914
1,ODE,4,ODE rank 4,34.5,51.74154895694621,2.2469251863647353,2.2250348261930126
1,ODE,4,ODE rank 4,34.75,51.74154895694621,2.246845589108495,2.225015173414163
1,ODE,4,ODE rank 4,35.0,51.74154895694621,2.246765101863996,2.2249940471902603
1,ODE,4,ODE rank 4,35.25,51.74154895694621,2.2466837988637947,2.224971460013931
1,ODE,4,ODE rank 4,35.5,51.74154895694621,2.2466017544105767,2.2249474249745598
1,ODE,4,ODE rank 4,35.75,51.74154895694621,2.2465190423911823,2.2249219557928344
1,ODE,4,ODE rank 4,36.0,51.74154895694621,2.246435737230988,2.2248950668005074
1,ODE,4,ODE rank 4,36.25,51.74154895694621,2.2463519141136024,2.2248667729236984
1,ODE,4,ODE rank 4,36.5,51.74154895694621,2.246267647480537,2.224837089776785
1,ODE,4,ODE rank 4,36.75,51.74154895694621,2.2461830112315675,2.2248060336734294
1,ODE,4,ODE rank 4,37.0,51.74154895694621,2.246098080341694,2.2247736215715923
1,ODE,4,ODE rank 4,37.25,51.74154895694621,2.2460129294008695,2.224739871152989
1,ODE,4,ODE rank 4,37.5,51.74154895694621,2.2459276318185877,2.224704800900837
1,ODE,4,ODE rank 4,37.75,51.74154895694621,2.245842261133218,2.2246684300670756
1,ODE,4,ODE rank 4,38.0,51.74154895694621,2.245756891476381,2.224630778655947
1,ODE,4,ODE rank 4,38.25,51.74154895694621,2.2456715956669075,2.2245918675657386
1,ODE,4,ODE rank 4,38.5,51.74154895694621,2.245586445457465,2.2245517186154324
1,ODE,4,ODE rank 4,38.75,51.74154895694621,2.245501513477884,2.224510354464539
1,ODE,4,ODE rank 4,39.0,51.74154895694621,2.245416871592666,2.224467798724672
1,ODE,4,ODE rank 4,39.25,51.74154895694621,2.2453325900616794,2.224424076060481
1,ODE,4,ODE rank 4,39.5,51.74154895694621,2.2452487389895763,2.224379212144244
1,ODE,4,ODE rank 4,39.75,51.74154895694621,2.2451653887599043,2.224333233639385
1,ODE,4,ODE rank 4,40.0,51.74154895694621,2.2450826081543953,2.2242861683600736
1,ODE,4,ODE rank 4,40.25,51.74154895694621,2.2450004646421204,2.224238045304453
1,ODE,4,ODE rank 4,40.5,51.74154895694621,2.244919026239715,2.2241888945518307
1,ODE,4,ODE rank 4,40.75,51.74154895694621,2.2448383599452546,2.224138747381683
1,ODE,4,ODE rank 4,41.0,51.74154895694621,2.2447585310452736,2.2240876363762965
1,ODE,4,ODE rank 4,41.25,51.74154895694621,2.244679604382775,2.2240355953646462
1,ODE,4,ODE rank 4,41.5,51.74154895694621,2.2446016447129438,2.223982659391385
1,ODE,4,ODE rank 4,41.75,51.74154895694621,2.244524715191478,2.223928864860712
1,ODE,4,ODE rank 4,42.0,51.74154895694621,2.2444488775842135,2.2238742495731727
1,ODE,4,ODE rank 4,42.25,51.74154895694621,2.244374193665437,2.2238188526029345
1,ODE,4,ODE rank 4,42.5,51.74154895694621,2.244300724128967,2.223762714383599
1,ODE,4,ODE rank 4,42.75,51.74154895694621,2.244228528118816,2.2237058767945985
1,ODE,4,ODE rank 4,43.0,51.74154895694621,2.244157663940421,2.223648383112497
1,ODE,4,ODE rank 4,43.25,51.74154895694621,2.244088189356337,2.2235902779377703
1,ODE,4,ODE rank 4,43.5,51.74154895694621,2.244020160765193,2.2235316072883693
1,ODE,4,ODE rank 4,43.75,51.74154895694621,2.243953633285404,2.223472418639814
1,ODE,4,ODE rank 4,44.0,51.74154895694621,2.2438886612737408,2.2234127608030856
1,ODE,4,ODE rank 4,44.25,51.74154895694621,2.2438252979077182,2.223352683932071
1,ODE,4,ODE rank 4,44.5,51.74154895694621,2.243763595210142,2.2232922395637296
1,ODE,4,ODE rank 4,44.75,51.74154895694621,2.243703604164672,2.22323148061034
1,ODE,4,ODE rank 4,45.0,51.74154895694621,2.2436453743953595,2.223170461231175
1,ODE,4,ODE rank 4,45.25,51.74154895694621,2.243588954299462,2.223109236849235
1,ODE,4,ODE rank 4,45.5,51.74154895694621,2.243534391442442,2.223047864154868
1,ODE,4,ODE rank 4,45.75,51.74154895694621,2.2434817322227447,2.2229864010384333
1,ODE,4,ODE rank 4,46.0,51.74154895694621,2.2434310209429507,2.2229249065116043
1,ODE,4,ODE rank 4,46.25,51.74154895694621,2.243382301077356,2.2228634406541334
1,ODE,4,ODE rank 4,46.5,51.74154895694621,2.2433356155734745,2.2228020646090796
1,ODE,4,ODE rank 4,46.75,51.74154895694621,2.243291005538974,2.222740840483441
1,ODE,4,ODE rank 4,47.0,51.74154895694621,2.2432485096332897,2.2226798312869676
1,ODE,4,ODE rank 4,47.25,51.74154895694621,2.243208166155153,2.2226191008110026
1,ODE,4,ODE rank 4,47.5,51.74154895694621,2.24317001310121,2.222558713613517
1,ODE,4,ODE rank 4,47.75,51.74154895694621,2.243134085637651,2.222498734921665
1,ODE,4,ODE rank 4,48.0,51.74154895694621,2.243100416467518,2.2224392305475993
1,ODE,4,ODE rank 4,48.25,51.74154895694621,2.2430690383415097,2.2223802667155783
1,ODE,4,ODE rank 4,48.5,51.74154895694621,2.243039983819346,2.2223219100353218
1,ODE,4,ODE rank 4,48.75,51.74154895694621,2.243013281589951,2.222264227429132
1,ODE,4,ODE rank 4,49.0,51.74154895694621,2.2429889580089277,2.2222072859998745
1,ODE,4,ODE rank 4,49.25,51.74154895694621,2.2429670397809307,2.222151152820386
1,ODE,4,ODE rank 4,49.5,51.74154895694621,2.2429475534313825,2.2220958948971474
1,ODE,4,ODE rank 4,49.75,51.74154895694621,2.2429305207023558,2.2220415791331147
1,ODE,4,ODE rank 4,50.0,51.74154895694621,2.242915961133043,2.2219882721412354
1,ODE,4,ODE rank 4,50.25,51.74154895694621,2.242903894780601,2.2219360400072112
1,ODE,4,ODE rank 4,50.5,51.74154895694621,2.2428943414509943,2.2218849482468284
1,ODE,4,ODE rank 4,50.75,51.74154895694621,2.2428873154702105,2.221835061808287
1,ODE,4,ODE rank 4,51.0,51.74154895694621,2.242882829046735,2.2217864448367903
1,ODE,4,ODE rank 4,51.25,51.74154895694621,2.2428808949269534,2.2217391604223797
1,ODE,4,ODE rank 4,51.5,51.74154895694621,2.2428815249447087,2.2216932705808388
1,ODE,4,ODE rank 4,51.74154895694621,51.74154895694621,2.2428845755536604,2.2216503138753487
