step,Re,rank,eig_real,eig_imag
1,520.1,1,0.05133447223205857,0.0
1,520.1,2,-0.001881183530198574,-0.14366116086019942
1,520.1,3,-0.001881183530198574,0.14366116086019942
1,520.1,4,-0.006498673892972234,-0.6631521731128303
1,520.1,5,-0.006498673892972234,0.6631521731128303
1,520.1,6,-0.0189912996634994,0.0
1,520.1,7,-0.020323850311703417,-1.1584497418273212
1,520.1,8,-0.020323850311703417,1.1584497418273212
1,520.1,9,-0.023787391945079207,-0.02323040941015959
1,520.1,10,-0.023787391945079207,0.02323040941015959
1,520.1,11,-0.02412264406288127,-0.35064679131327287
1,520.1,12,-0.02412264406288127,0.35064679131327287
1,520.1,13,-0.02493132530805088,-0.0778183490474156
1,520.1,14,-0.02493132530805088,0.0778183490474156
1,520.1,15,-0.027366565367346857,-0.7411434076893132
1,520.1,16,-0.027366565367346857,0.7411434076893132
1,520.1,17,-0.035023349954309266,-0.6074257362540254
1,520.1,18,-0.035023349954309266,0.6074257362540254
1,520.1,19,-0.03923132705868175,-0.23581336346849005
1,520.1,20,-0.03923132705868175,0.23581336346849005
1,520.1,21,-0.04209969545380172,-1.1183852188855112
1,520.1,22,-0.04209969545380172,1.1183852188855112
1,520.1,23,-0.04672812935024847,-0.6857548262727166
1,520.1,24,-0.04672812935024847,0.6857548262727166
1,520.1,25,-0.048857037768326075,-0.09117570407101219
1,520.1,26,-0.048857037768326075,0.09117570407101219
1,520.1,27,-0.053001893495557825,0.0
1,520.1,28,-0.05633757597075856,-1.523954342135957
1,520.1,29,-0.05633757597075856,1.523954342135957
1,520.1,30,-0.058783881715713054,-1.278348565938918
1,520.1,31,-0.058783881715713054,1.278348565938918
1,520.1,32,-0.05950718556814151,-0.6326754940661795
1,520.1,33,-0.05950718556814151,0.6326754940661795
1,520.1,34,-0.06123745342823418,-0.010774575206439428
1,520.1,35,-0.06123745342823418,0.010774575206439428
1,520.1,36,-0.06337371585990687,-0.1320176674037855
1,520.1,37,-0.06337371585990687,0.1320176674037855
1,520.1,38,-0.06367392488610477,-0.9858412266395731
1,520.1,39,-0.06367392488610477,0.9858412266395731
1,520.1,40,-0.06588015121913073,-0.4142021301013521
1,520.1,41,-0.06588015121913073,0.4142021301013521
1,520.1,42,-0.06751752258668979,-0.9144664802838717
1,520.1,43,-0.06751752258668979,0.9144664802838717
1,520.1,44,-0.06942732823225503,-0.24934318812198386
1,520.1,45,-0.06942732823225503,0.24934318812198386
1,520.1,46,-0.07230586032920343,0.0
1,520.1,47,-0.07333244143755838,-0.743985971255891
1,520.1,48,-0.07333244143755838,0.743985971255891
1,520.1,49,-0.07393618598967036,-0.02816099531077294
1,520.1,50,-0.07393618598967036,0.02816099531077294
1,520.1,51,-0.07488240523455533,-0.3773792518447536
1,520.1,52,-0.07488240523455533,0.3773792518447536
1,520.1,53,-0.07786425799622926,-1.2069957978780685
1,520.1,54,-0.07786425799622926,1.2069957978780685
1,520.1,55,-0.07878545421221139,-0.2886678448997975
1,520.1,56,-0.07878545421221139,0.2886678448997975
1,520.1,57,-0.0803629737889494,-0.5500483551120671
1,520.1,58,-0.0803629737889494,0.5500483551120671
1,520.1,59,-0.08141548314327551,-1.00079846294211
1,520.1,60,-0.08141548314327551,1.00079846294211
1,520.1,61,-0.09071371214682217,-0.3414471099391598
1,520.1,62,-0.09071371214682217,0.3414471099391598
1,520.1,63,-0.09570137099973819,-0.4756960953365592
1,520.1,64,-0.09570137099973819,0.4756960953365592
2,520.2,1,0.05133557834715804,0.0
2,520.2,2,-0.0018370071776615642,-0.14365570854211246
2,520.2,3,-0.0018370071776615642,0.14365570854211246
2,520.2,4,-0.0064475945195317606,-0.6631472918266154
2,520.2,5,-0.0064475945195317606,0.6631472918266154
2,520.2,6,-0.018988798169629357,0.0
2,520.2,7,-0.02028131119746987,-1.1584495158340355
2,520.2,8,-0.02028131119746987,1.1584495158340355
2,520.2,9,-0.02377618805623296,-0.023219844573200504
2,520.2,10,-0.02377618805623296,0.023219844573200504
2,520.2,11,-0.02408004237760753,-0.3506495294299363
2,520.2,12,-0.02408004237760753,0.3506495294299363
2,520.2,13,-0.024932658820324048,-0.07780909233187341
2,520.2,14,-0.024932658820324048,0.07780909233187341
2,520.2,15,-0.027327509820971027,-0.7411474490157818
2,520.2,16,-0.027327509820971027,0.7411474490157818
2,520.2,17,-0.03498552780390886,-0.6074239280209947
2,520.2,18,-0.03498552780390886,0.6074239280209947
2,520.2,19,-0.03918154541261912,-0.23582067538622078
2,520.2,20,-0.03918154541261912,0.23582067538622078
2,520.2,21,-0.04206749525159059,-1.1183927675024552
2,520.2,22,-0.04206749525159059,1.1183927675024552
2,520.2,23,-0.04668851611397438,-0.6857603488088495
2,520.2,24,-0.04668851611397438,0.6857603488088495
2,520.2,25,-0.0488360885286037,-0.09117311463874024
2,520.2,26,-0.0488360885286037,0.09117311463874024
2,520.2,27,-0.052973584654272834,0.0
2,520.2,28,-0.05630427651901246,-1.523957124477752
2,520.2,29,-0.05630427651901246,1.523957124477752
2,520.2,30,-0.058731652480128016,-1.2783363260654905
2,520.2,31,-0.058731652480128016,1.2783363260654905
2,520.2,32,-0.05947614173944042,-0.6326836184265145
2,520.2,33,-0.05947614173944042,0.6326836184265145
2,520.2,34,-0.06122195441698026,-0.010781836723990783
2,520.2,35,-0.06122195441698026,0.010781836723990783
2,520.2,36,-0.06334711175136501,-0.13202565023584775
2,520.2,37,-0.06334711175136501,0.13202565023584775
2,520.2,38,-0.06362549762246145,-0.9858183229576155
2,520.2,39,-0.06362549762246145,0.9858183229576155
2,520.2,40,-0.06585030636131571,-0.4141961318416006
2,520.2,41,-0.06585030636131571,0.4141961318416006
2,520.2,42,-0.06748345334525288,-0.914469926361215
2,520.2,43,-0.06748345334525288,0.914469926361215
2,520.2,44,-0.06942251296482682,-0.24933878814437765
2,520.2,45,-0.06942251296482682,0.24933878814437765
2,520.2,46,-0.07227621244752613,0.0
2,520.2,47,-0.07328339268998287,-0.7439778380943016
2,520.2,48,-0.07328339268998287,0.7439778380943016
2,520.2,49,-0.07390954151354669,-0.028169360764606615
2,520.2,50,-0.07390954151354669,0.028169360764606615
2,520.2,51,-0.07484264529520215,-0.3773677065112284
2,520.2,52,-0.07484264529520215,0.3773677065112284
2,520.2,53,-0.0778324772541963,-1.2069975500567838
2,520.2,54,-0.0778324772541963,1.2069975500567838
2,520.2,55,-0.07873359855813133,-0.2886483467099456
2,520.2,56,-0.07873359855813133,0.2886483467099456
2,520.2,57,-0.08033414059240396,-0.5500363383785911
2,520.2,58,-0.08033414059240396,0.5500363383785911
2,520.2,59,-0.08136213578617796,-1.0007931077349528
2,520.2,60,-0.08136213578617796,1.0007931077349528
2,520.2,61,-0.09068811643202077,-0.34146147376228286
2,520.2,62,-0.09068811643202077,0.34146147376228286
2,520.2,63,-0.0956806907340654,-0.47570003816086
2,520.2,64,-0.0956806907340654,0.47570003816086
3,520.3000000000001,1,0.051336688390864194,0.0
3,520.3000000000001,2,-0.0017928518384270203,-0.14365023661007856
3,520.3000000000001,3,-0.0017928518384270203,0.14365023661007856
3,520.3000000000001,4,-0.006396535971263393,-0.6631423940222919
3,520.3000000000001,5,-0.006396535971263393,0.6631423940222919
3,520.3000000000001,6,-0.018986302480492788,0.0
3,520.3000000000001,7,-0.02023878745940244,-1.1584492797156878
3,520.3000000000001,8,-0.02023878745940244,1.1584492797156878
3,520.3000000000001,9,-0.023764987053450735,-0.02320926614620482
3,520.3000000000001,10,-0.023764987053450735,0.02320926614620482
3,520.3000000000001,11,-0.02403746117653458,-0.35065228371705986
3,520.3000000000001,12,-0.02403746117653458,0.35065228371705986
3,520.3000000000001,13,-0.02493399043851522,-0.07779983107043979
3,520.3000000000001,14,-0.02493399043851522,0.07779983107043979
3,520.3000000000001,15,-0.027288473755168116,-0.7411514947380395
3,520.3000000000001,16,-0.027288473755168116,0.7411514947380395
3,520.3000000000001,17,-0.034947716530807624,-0.6074221095056264
3,520.3000000000001,18,-0.034947716530807624,0.6074221095056264
3,520.3000000000001,19,-0.039131796082636394,-0.23582794982656052
3,520.3000000000001,20,-0.039131796082636394,0.23582794982656052
3,520.3000000000001,21,-0.04203530743763195,-1.1184003163123377
3,520.3000000000001,22,-0.04203530743763195,1.1184003163123377
3,520.3000000000001,23,-0.04664891562679152,-0.6857658684521456
3,520.3000000000001,24,-0.04664891562679152,0.6857658684521456
3,520.3000000000001,25,-0.048815151208861075,-0.0911705337908655
3,520.3000000000001,26,-0.048815151208861075,0.0911705337908655
3,520.3000000000001,27,-0.05294530502304423,0.0
3,520.3000000000001,28,-0.05627099093022493,-1.5239599020571295
3,520.3000000000001,29,-0.05627099093022493,1.5239599020571295
3,520.3000000000001,30,-0.058679438303973874,-1.2783240679571422
3,520.3000000000001,31,-0.058679438303973874,1.2783240679571422
3,520.3000000000001,32,-0.05944511336838769,-0.6326917390832958
3,520.3000000000001,33,-0.05944511336838769,0.6326917390832958
3,520.3000000000001,34,-0.06120646344206164,-0.010789067663259369
3,520.3000000000001,35,-0.06120646344206164,0.010789067663259369
3,520.3000000000001,36,-0.06332051836764449,-0.13203363527443118
3,520.3000000000001,37,-0.06332051836764449,0.13203363527443118
3,520.3000000000001,38,-0.06357708089838529,-0.9857953974353162
3,520.3000000000001,39,-0.06357708089838529,0.9857953974353162
3,520.3000000000001,40,-0.06582047498590562,-0.41419013236908414
3,520.3000000000001,41,-0.06582047498590562,0.41419013236908414
3,520.3000000000001,42,-0.067449396093055,-0.9144733689534141
3,520.3000000000001,43,-0.067449396093055,0.9144733689534141
3,520.3000000000001,44,-0.06941769181990827,-0.2493344115589206
3,520.3000000000001,45,-0.06941769181990827,0.2493344115589206
3,520.3000000000001,46,-0.07224658161130004,0.0
3,520.3000000000001,47,-0.0732343590765093,-0.7439696887427749
3,520.3000000000001,48,-0.0732343590765093,0.7439696887427749
3,520.3000000000001,49,-0.07388289160222673,-0.028177685443329308
3,520.3000000000001,50,-0.07388289160222673,0.028177685443329308
3,520.3000000000001,51,-0.07480289961213929,-0.3773561555883702
3,520.3000000000001,52,-0.07480289961213929,0.3773561555883702
3,520.3000000000001,53,-0.07780070442036188,-1.2069992964547924
3,520.3000000000001,54,-0.07780070442036188,1.2069992964547924
3,520.3000000000001,55,-0.07868175918778117,-0.28862884952321033
3,520.3000000000001,56,-0.07868175918778117,0.28862884952321033
3,520.3000000000001,57,-0.08030531863732278,-0.550024316903623
3,520.3000000000001,58,-0.08030531863732278,0.550024316903623
3,520.3000000000001,59,-0.08130881488322753,-1.000787751671844
3,520.3000000000001,60,-0.08130881488322753,1.000787751671844
3,520.3000000000001,61,-0.09066253027331261,-0.34147583492445555
3,520.3000000000001,62,-0.09066253027331261,0.34147583492445555
3,520.3000000000001,63,-0.0956600182177454,-0.47570396673484205
3,520.3000000000001,64,-0.0956600182177454,0.47570396673484205
4,520.4000000000001,1,0.051337802370525834,0.0
4,520.4000000000001,2,-0.0017487175000831488,-0.14364474501251637
4,520.4000000000001,3,-0.0017487175000831488,0.14364474501251637
4,520.4000000000001,4,-0.006345498237055415,-0.6631374796524514
4,520.4000000000001,5,-0.006345498237055415,0.6631374796524514
4,520.4000000000001,6,-0.01898381261458968,0.0
4,520.4000000000001,7,-0.020196279088869507,-1.1584490334530735
4,520.4000000000001,8,-0.020196279088869507,1.1584490334530735
4,520.4000000000001,9,-0.02375378894068601,-0.023198674094979086
4,520.4000000000001,10,-0.02375378894068601,0.023198674094979086
4,520.4000000000001,11,-0.02399490045443827,-0.3506550542001535
4,520.4000000000001,12,-0.02399490045443827,0.3506550542001535
4,520.4000000000001,13,-0.024935320163984233,-0.07779056524646136
4,520.4000000000001,14,-0.024935320163984233,0.07779056524646136
4,520.4000000000001,15,-0.027249457167548452,-0.7411555448724392
4,520.4000000000001,16,-0.027249457167548452,0.7411555448724392
4,520.4000000000001,17,-0.0349099161233577,-0.6074202806850743
4,520.4000000000001,18,-0.0349099161233577,0.6074202806850743
4,520.4000000000001,19,-0.03908207908237864,-0.23583518690515798
4,520.4000000000001,20,-0.03908207908237864,0.23583518690515798
4,520.4000000000001,21,-0.04200313200681155,-1.1184078653349558
4,520.4000000000001,22,-0.04200313200681155,1.1184078653349558
4,520.4000000000001,23,-0.04660932787610871,-0.6857713852086127
4,520.4000000000001,24,-0.04660932787610871,0.6857713852086127
4,520.4000000000001,25,-0.04879422583058864,-0.09116796154859119
4,520.4000000000001,26,-0.04879422583058864,0.09116796154859119
4,520.4000000000001,27,-0.05291705428642554,0.0
4,520.4000000000001,28,-0.056237719203063086,-1.5239626748784072
4,520.4000000000001,29,-0.056237719203063086,1.5239626748784072
4,520.4000000000001,30,-0.05862723917054144,-1.2783117915608122
4,520.4000000000001,31,-0.05862723917054144,1.2783117915608122
4,520.4000000000001,32,-0.05941410045321958,-0.632699856053401
4,520.4000000000001,33,-0.05941410045321958,0.632699856053401
4,520.4000000000001,34,-0.06119098049541847,-0.010796268329824724
4,520.4000000000001,35,-0.06119098049541847,0.010796268329824724
4,520.4000000000001,36,-0.06329393569938685,-0.13204162250098353
4,520.4000000000001,37,-0.06329393569938685,0.13204162250098353
4,520.4000000000001,38,-0.06352867471322071,-0.9857724500554806
4,520.4000000000001,39,-0.06352867471322071,0.9857724500554806
4,520.4000000000001,40,-0.06579065708804793,-0.4141841316842108
4,520.4000000000001,41,-0.06579065708804793,0.4141841316842108
4,520.4000000000001,42,-0.0674153508231587,-0.9144768080624686
4,520.4000000000001,43,-0.0674153508231587,0.9144768080624686
4,520.4000000000001,44,-0.06941286477376443,-0.2493300582237771
4,520.4000000000001,45,-0.06941286477376443,0.2493300582237771
4,520.4000000000001,46,-0.07221696807961588,0.0
4,520.4000000000001,47,-0.0731853405800207,-0.7439615231677499
4,520.4000000000001,48,-0.0731853405800207,0.7439615231677499
4,520.4000000000001,49,-0.07385623652470069,-0.028185969438631442
4,520.4000000000001,50,-0.07385623652470069,0.028185969438631442
4,520.4000000000001,51,-0.07476316817253803,-0.37734459906243234
4,520.4000000000001,52,-0.07476316817253803,0.37734459906243234
4,520.4000000000001,53,-0.07776893948853059,-1.2070010370700364
4,520.4000000000001,54,-0.07776893948853059,1.2070010370700364
4,520.4000000000001,55,-0.07862993610095376,-0.28860935329436843
4,520.4000000000001,56,-0.07862993610095376,0.28860935329436843
4,520.4000000000001,57,-0.08027650794766887,-0.5500122906647815
4,520.4000000000001,58,-0.08027650794766887,0.5500122906647815
4,520.4000000000001,59,-0.08125552041119916,-1.00078239468519
4,520.4000000000001,60,-0.08125552041119916,1.00078239468519
4,520.4000000000001,61,-0.09063695367686701,-0.34149019344708437
4,520.4000000000001,62,-0.09063695367686701,0.34149019344708437
4,520.4000000000001,63,-0.09563935347478575,-0.47570788104943434
4,520.4000000000001,64,-0.09563935347478575,0.47570788104943434
5,520.5000000000001,1,0.05133892029418502,0.0
5,520.5000000000001,2,-0.0017046041499792566,-0.1436392336925389
5,520.5000000000001,3,-0.0017046041499792566,0.1436392336925389
5,520.5000000000001,4,-0.006294481304781857,-0.6631325486672908
5,520.5000000000001,5,-0.006294481304781857,0.6631325486672908
5,520.5000000000001,6,-0.018981328590655322,0.0
5,520.5000000000001,7,-0.020153786077181893,-1.1584487770272427
5,520.5000000000001,8,-0.020153786077181893,1.1584487770272427
5,520.5000000000001,9,-0.023742593722167,-0.023188068385049564
5,520.5000000000001,10,-0.023742593722167,0.023188068385049564
5,520.5000000000001,11,-0.023952360206012394,-0.35065784090844937
5,520.5000000000001,12,-0.023952360206012394,0.35065784090844937
5,520.5000000000001,13,-0.024936647997864186,-0.07778129484206217
5,520.5000000000001,14,-0.024936647997864186,0.07778129484206217
5,520.5000000000001,15,-0.027210460056184965,-0.7411595994383097
5,520.5000000000001,16,-0.027210460056184965,0.7411595994383097
5,520.5000000000001,17,-0.03487212656888506,-0.607418441535154
5,520.5000000000001,18,-0.03487212656888506,0.607418441535154
5,520.5000000000001,19,-0.03903239442412144,-0.23584238673464827
5,520.5000000000001,20,-0.03903239442412144,0.23584238673464827
5,520.5000000000001,21,-0.04197096895455931,-1.1184154145939205
5,520.5000000000001,22,-0.04197096895455931,1.1184154145939205
5,520.5000000000001,23,-0.04656975284888167,-0.685776899085853
5,520.5000000000001,24,-0.04656975284888167,0.685776899085853
5,520.5000000000001,25,-0.048773312416663925,-0.0911653979371208
5,520.5000000000001,26,-0.048773312416663925,0.0911653979371208
5,520.5000000000001,27,-0.05288883212978006,0.0
5,520.5000000000001,28,-0.05620446133684462,-1.5239654429481595
5,520.5000000000001,29,-0.05620446133684462,1.5239654429481595
5,520.5000000000001,30,-0.058575055062551826,-1.2782994968187542
5,520.5000000000001,31,-0.058575055062551826,1.2782994968187542
5,520.5000000000001,32,-0.059383102993116915,-0.6327079693556331
5,520.5000000000001,33,-0.059383102993116915,0.6327079693556331
5,520.5000000000001,34,-0.06117550556475834,-0.010803439030804112
5,520.5000000000001,35,-0.06117550556475834,0.010803439030804112
5,520.5000000000001,36,-0.06326736373625416,-0.13204961189824857
5,520.5000000000001,37,-0.06326736373625416,0.13204961189824857
5,520.5000000000001,38,-0.06348027906608664,-0.9857494807940831
5,520.5000000000001,39,-0.06348027906608664,0.9857494807940831
5,520.5000000000001,40,-0.06576085266302613,-0.4141781297857863
5,520.5000000000001,41,-0.06576085266302613,0.4141781297857863
5,520.5000000000001,42,-0.0673813175284933,-0.914480243691999
5,520.5000000000001,43,-0.0673813175284933,0.914480243691999
5,520.5000000000001,44,-0.06940803180315841,-0.2493257279982242
5,520.5000000000001,45,-0.06940803180315841,0.2493257279982242
5,520.5000000000001,46,-0.07218737212086711,0.0
5,520.5000000000001,47,-0.07313633718152954,-0.7439533413317948
5,520.5000000000001,48,-0.07313633718152954,0.7439533413317948
5,520.5000000000001,49,-0.07382957654790749,-0.028194212846937492
5,520.5000000000001,50,-0.07382957654790749,0.028194212846937492
5,520.5000000000001,51,-0.07472345096458524,-0.3773330369197716
5,520.5000000000001,52,-0.07472345096458524,0.3773330369197716
5,520.5000000000001,53,-0.07773718245225007,-1.2070027719013858
5,520.5000000000001,54,-0.07773718245225007,1.2070027719013858
5,520.5000000000001,55,-0.07857812929855496,-0.2885898579759789
5,520.5000000000001,56,-0.07857812929855496,0.2885898579759789
5,520.5000000000001,57,-0.08024770854891915,-0.5500002596369264
5,520.5000000000001,58,-0.08024770854891915,0.5500002596369264
5,520.5000000000001,59,-0.08120225234442759,-1.0007770367050763
5,520.5000000000001,60,-0.08120225234442759,1.0007770367050763
5,520.5000000000001,61,-0.09061138664774776,-0.3415045493525024
5,520.5000000000001,62,-0.09061138664774776,0.3415045493525024
5,520.5000000000001,63,-0.09561869652916873,-0.47571178109555967
5,520.5000000000001,64,-0.09561869652916873,0.47571178109555967
6,520.6000000000001,1,0.051340042169908305,0.0
6,520.6000000000001,2,-0.0016605117754731162,-0.1436337025930637
6,520.6000000000001,3,-0.0016605117754731162,0.1436337025930637
6,520.6000000000001,4,-0.00624348516233323,-0.663127601016832
6,520.6000000000001,5,-0.00624348516233323,0.663127601016832
6,520.6000000000001,6,-0.018978850427550455,0.0
6,520.6000000000001,7,-0.02011130841566374,-1.1584485104191964
6,520.6000000000001,8,-0.02011130841566374,1.1584485104191964
6,520.6000000000001,9,-0.02373140140215188,-0.023177448981825374
6,520.6000000000001,10,-0.02373140140215188,0.023177448981825374
6,520.6000000000001,11,-0.02390984042598711,-0.3506606438713293
6,520.6000000000001,12,-0.02390984042598711,0.3506606438713293
6,520.6000000000001,13,-0.024937973941283727,-0.07777201983923884
6,520.6000000000001,14,-0.024937973941283727,0.07777201983923884
6,520.6000000000001,15,-0.027171482419182047,-0.7411636584550744
6,520.6000000000001,16,-0.027171482419182047,0.7411636584550744
6,520.6000000000001,17,-0.03483434785470274,-0.6074165920316194
6,520.6000000000001,18,-0.03483434785470274,0.6074165920316194
6,520.6000000000001,19,-0.03898274211946712,-0.2358495494268676
6,520.6000000000001,20,-0.03898274211946712,0.2358495494268676
6,520.6000000000001,21,-0.04193881827633139,-1.1184229641130021
6,520.6000000000001,22,-0.04193881827633139,1.1184229641130021
6,520.6000000000001,23,-0.046530190532054386,-0.6857824100914761
6,520.6000000000001,24,-0.046530190532054386,0.6857824100914761
6,520.6000000000001,25,-0.048752410990066546,-0.09116284298173878
6,520.6000000000001,26,-0.048752410990066546,0.09116284298173878
6,520.6000000000001,27,-0.052860638241589604,0.0
6,520.6000000000001,28,-0.05617121733092997,-1.5239682062729523
6,520.6000000000001,29,-0.05617121733092997,1.5239682062729523
6,520.6000000000001,30,-0.05852288596270333,-1.278287183672957
6,520.6000000000001,31,-0.05852288596270333,1.278287183672957
6,520.6000000000001,32,-0.059352120987316265,-0.6327160790088147
6,520.6000000000001,33,-0.059352120987316265,0.6327160790088147
6,520.6000000000001,34,-0.0611600386367938,-0.010810580070744796
6,520.6000000000001,35,-0.0611600386367938,0.010810580070744796
6,520.6000000000001,36,-0.0632408024678448,-0.13205760344907178
6,520.6000000000001,37,-0.0632408024678448,0.13205760344907178
6,520.6000000000001,38,-0.0634318939562413,-0.9857264896267663
6,520.6000000000001,39,-0.0634318939562413,0.9857264896267663
6,520.6000000000001,40,-0.06573106170614162,-0.4141721266726177
6,520.6000000000001,41,-0.06573106170614162,0.4141721266726177
6,520.6000000000001,42,-0.06734729620199406,-0.9144836758456633
6,520.6000000000001,43,-0.06734729620199406,0.9144836758456633
6,520.6000000000001,44,-0.0694031928855114,-0.24932142074224398
6,520.6000000000001,45,-0.0694031928855114,0.24932142074224398
6,520.6000000000001,46,-0.07215779400261312,0.0
6,520.6000000000001,47,-0.07308734886203941,-0.743945143197342
6,520.6000000000001,48,-0.07308734886203941,0.743945143197342
6,520.6000000000001,49,-0.07380291193730937,-0.028202415765414986
6,520.6000000000001,50,-0.07380291193730937,0.028202415765414986
6,520.6000000000001,51,-0.07468374797650981,-0.3773214691467124
6,520.6000000000001,52,-0.07468374797650981,0.3773214691467124
6,520.6000000000001,53,-0.07770543330504986,-1.207004500947671
6,520.6000000000001,54,-0.07770543330504986,1.207004500947671
6,520.6000000000001,55,-0.07852633878160986,-0.2885703635204996
6,520.6000000000001,56,-0.07852633878160986,0.2885703635204996
6,520.6000000000001,57,-0.08021892046664829,-0.5499882237948771
6,520.6000000000001,58,-0.08021892046664829,0.5499882237948771
6,520.6000000000001,59,-0.08114901065710942,-1.0007716776616027
6,520.6000000000001,60,-0.08114901065710942,1.0007716776616027
6,520.6000000000001,61,-0.09058582919094145,-0.3415189026629883
6,520.6000000000001,62,-0.09058582919094145,0.3415189026629883
6,520.6000000000001,63,-0.09559804740490643,-0.475715666864093
6,520.6000000000001,64,-0.09559804740490643,0.475715666864093
7,520.7000000000002,1,0.051341168005775664,0.0
7,520.7000000000002,2,-0.001616440363949194,-0.1436281516569292
7,520.7000000000002,3,-0.001616440363949194,0.1436281516569292
7,520.7000000000002,4,-0.006192509797630242,-0.6631226366510158
7,520.7000000000002,5,-0.006192509797630242,0.6631226366510158
7,520.7000000000002,6,-0.018976378144258035,0.0
7,520.7000000000002,7,-0.020068846095654284,-1.158448233609931
7,520.7000000000002,8,-0.020068846095654284,1.158448233609931
7,520.7000000000002,9,-0.023720211984886698,-0.02316681585061152
7,520.7000000000002,10,-0.023720211984886698,0.02316681585061152
7,520.7000000000002,11,-0.02386734110913908,-0.3506634631182324
7,520.7000000000002,12,-0.02386734110913908,0.3506634631182324
7,520.7000000000002,13,-0.024939297995400976,-0.07776274021990431
7,520.7000000000002,14,-0.024939297995400976,0.07776274021990431
7,520.7000000000002,15,-0.027132524254657106,-0.7411677219422197
7,520.7000000000002,16,-0.027132524254657106,0.7411677219422197
7,520.7000000000002,17,-0.03479657996813468,-0.6074147321502071
7,520.7000000000002,18,-0.03479657996813468,0.6074147321502071
7,520.7000000000002,19,-0.03893312217936115,-0.23585667509293703
7,520.7000000000002,20,-0.03893312217936115,0.23585667509293703
7,520.7000000000002,21,-0.041906679967583044,-1.118430513915977
7,520.7000000000002,22,-0.041906679967583044,1.118430513915977
7,520.7000000000002,23,-0.04649064091256756,-0.685787918233086
7,520.7000000000002,24,-0.04649064091256756,0.685787918233086
7,520.7000000000002,25,-0.048731521573870895,-0.09116029670775597
7,520.7000000000002,26,-0.048731521573870895,0.09116029670775597
7,520.7000000000002,27,-0.05283247231347664,0.0
7,520.7000000000002,28,-0.05613798718471362,-1.5239709648594413
7,520.7000000000002,29,-0.05613798718471362,1.5239709648594413
7,520.7000000000002,30,-0.0584707318536886,-1.2782748520653473
7,520.7000000000002,31,-0.0584707318536886,1.2782748520653473
7,520.7000000000002,32,-0.059321154435034065,-0.6327241850317727
7,520.7000000000002,33,-0.059321154435034065,0.6327241850317727
7,520.7000000000002,34,-0.06114457969732508,-0.01081769175155923
7,520.7000000000002,35,-0.06114457969732508,0.01081769175155923
7,520.7000000000002,36,-0.06321425188366794,-0.13206559713633584
7,520.7000000000002,37,-0.06321425188366794,0.13206559713633584
7,520.7000000000002,38,-0.06338351938306358,-0.9857034765289953
7,520.7000000000002,39,-0.06338351938306358,0.9857034765289953
7,520.7000000000002,40,-0.0657012842127132,-0.414166122343475
7,520.7000000000002,41,-0.0657012842127132,0.414166122343475
7,520.7000000000002,42,-0.06731328683660112,-0.9144871045271282
7,520.7000000000002,43,-0.06731328683660112,0.9144871045271282
7,520.7000000000002,44,-0.06939834799891323,-0.2493171363165466
7,520.7000000000002,45,-0.06939834799891323,0.2493171363165466
7,520.7000000000002,46,-0.07212823399127354,0.0
7,520.7000000000002,47,-0.07303837560253607,-0.7439369287267595
7,520.7000000000002,48,-0.07303837560253607,0.7439369287267595
7,520.7000000000002,49,-0.07377624295697072,-0.02821057829192009
7,520.7000000000002,50,-0.07377624295697072,0.02821057829192009
7,520.7000000000002,51,-0.07464405919652363,-0.3773098957295508
7,520.7000000000002,52,-0.07464405919652363,0.3773098957295508
7,520.7000000000002,53,-0.07767369204046437,-1.2070062242077488
7,520.7000000000002,54,-0.07767369204046437,1.2070062242077488
7,520.7000000000002,55,-0.07847456455122986,-0.28855086988032946
7,520.7000000000002,56,-0.07847456455122986,0.28855086988032946
7,520.7000000000002,57,-0.08019014372644884,-0.549976183113413
7,520.7000000000002,58,-0.08019014372644884,0.549976183113413
7,520.7000000000002,59,-0.08109579532333566,-1.0007663174848895
7,520.7000000000002,60,-0.08109579532333566,1.0007663174848895
7,520.7000000000002,61,-0.09056028131141658,-0.3415332534007971
7,520.7000000000002,62,-0.09056028131141658,0.3415332534007971
7,520.7000000000002,63,-0.09557740612603897,-0.4757195383459163
7,520.7000000000002,64,-0.09557740612603897,0.4757195383459163
8,520.8000000000002,1,0.051342297809915755,0.0
8,520.8000000000002,2,-0.00157238990280248,-0.14362258082664928
8,520.8000000000002,3,-0.00157238990280248,0.14362258082664928
8,520.8000000000002,4,-0.006141555198599116,-0.663117655519538
8,520.8000000000002,5,-0.006141555198599116,0.663117655519538
8,520.8000000000002,6,-0.018973911759890796,0.0
8,520.8000000000002,7,-0.020026399108499175,-1.158447946580376
8,520.8000000000002,8,-0.020026399108499175,1.158447946580376
8,520.8000000000002,9,-0.02370902547464021,-0.023156168956579643
8,520.8000000000002,10,-0.02370902547464021,0.023156168956579643
8,520.8000000000002,11,-0.023824862250289146,-0.35066629867882276
8,520.8000000000002,12,-0.023824862250289146,0.35066629867882276
8,520.8000000000002,13,-0.02494062016138251,-0.07775345596580521
8,520.8000000000002,14,-0.02494062016138251,0.07775345596580521
8,520.8000000000002,15,-0.02709358556078359,-0.7411717899193766
8,520.8000000000002,16,-0.02709358556078359,0.7411717899193766
8,520.8000000000002,17,-0.034758822896484104,-0.6074128618665307
8,520.8000000000002,18,-0.034758822896484104,0.6074128618665307
8,520.8000000000002,19,-0.03888353461410857,-0.23586376384312663
8,520.8000000000002,20,-0.03888353461410857,0.23586376384312663
8,520.8000000000002,21,-0.04187455402378895,-1.1184380640268055
8,520.8000000000002,22,-0.04187455402378895,1.1184380640268055
8,520.8000000000002,23,-0.04645110397734846,-0.6857934235182962
8,520.8000000000002,24,-0.04645110397734846,0.6857934235182962
8,520.8000000000002,25,-0.04871064419129213,-0.0911577591406251
8,520.8000000000002,26,-0.04871064419129213,0.0911577591406251
8,520.8000000000002,27,-0.05280433404006718,0.0
8,520.8000000000002,28,-0.05610477089762428,-1.5239737187142879
8,520.8000000000002,29,-0.05610477089762428,1.5239737187142879
8,520.8000000000002,30,-0.058418592718151,-1.2782625019374938
8,520.8000000000002,31,-0.058418592718151,1.2782625019374938
8,520.8000000000002,32,-0.059290203335558074,-0.6327322874434117
8,520.8000000000002,33,-0.059290203335558074,0.6327322874434117
8,520.8000000000002,34,-0.06112912873109953,-0.010824774372743507
8,520.8000000000002,35,-0.06112912873109953,0.010824774372743507
8,520.8000000000002,36,-0.06318771197315418,-0.13207359294301774
8,520.8000000000002,37,-0.06318771197315418,0.13207359294301774
8,520.8000000000002,38,-0.06333515534609603,-0.9856804414758132
8,520.8000000000002,39,-0.06333515534609603,0.9856804414758132
8,520.8000000000002,40,-0.06567152017808804,-0.4141601167971356
8,520.8000000000002,41,-0.06567152017808804,0.4141601167971356
8,520.8000000000002,42,-0.0672792894252619,-0.9144905297400663
8,520.8000000000002,43,-0.0672792894252619,0.9144905297400663
8,520.8000000000002,44,-0.06939349712209433,-0.24931287458256532
8,520.8000000000002,45,-0.06939349712209433,0.24931287458256532
8,520.8000000000002,46,-0.07209869235263831,0.0
8,520.8000000000002,47,-0.07298941738396592,-0.743928697882159
8,520.8000000000002,48,-0.07298941738396592,0.743928697882159
8,520.8000000000002,49,-0.07374956986951903,-0.028218700525087625
8,520.8000000000002,50,-0.07374956986951903,0.028218700525087625
8,520.8000000000002,51,-0.07460438461289802,-0.37729831665454366
8,520.8000000000002,52,-0.07460438461289802,0.37729831665454366
8,520.8000000000002,53,-0.07764195865201068,-1.2070079416804467
8,520.8000000000002,54,-0.07764195865201068,1.2070079416804467
8,520.8000000000002,55,-0.07842280660866549,-0.2885313770076943
8,520.8000000000002,56,-0.07842280660866549,0.2885313770076943
8,520.8000000000002,57,-0.08016137835406018,-0.5499641375672473
8,520.8000000000002,58,-0.08016137835406018,0.5499641375672473
8,520.8000000000002,59,-0.08104260631701762,-1.0007609561049733
8,520.8000000000002,60,-0.08104260631701762,1.0007609561049733
8,520.8000000000002,61,-0.09053474301404996,-0.34154760158814135
8,520.8000000000002,62,-0.09053474301404996,0.34154760158814135
8,520.8000000000002,63,-0.09555677271663424,-0.47572339553185006
8,520.8000000000002,64,-0.09555677271663424,0.47572339553185006
9,520.9000000000002,1,0.05134343159050814,0.0
9,520.9000000000002,2,-0.0015283603794606308,-0.14361699004447614
9,520.9000000000002,3,-0.0015283603794606308,0.14361699004447614
9,520.9000000000002,4,-0.006090621353181919,-0.663112657571864
9,520.9000000000002,5,-0.006090621353181919,0.663112657571864
9,520.9000000000002,6,-0.018971451293694687,0.0
9,520.9000000000002,7,-0.019983967445555917,-1.1584476493113582
9,520.9000000000002,8,-0.019983967445555917,1.1584476493113582
9,520.9000000000002,9,-0.02369784187569271,-0.023145508264777723
9,520.9000000000002,10,-0.02369784187569271,0.023145508264777723
9,520.9000000000002,11,-0.02378240384429378,-0.3506691505829403
9,520.9000000000002,12,-0.02378240384429378,0.3506691505829403
9,520.9000000000002,13,-0.024941940440422743,-0.07774416705857369
9,520.9000000000002,14,-0.024941940440422743,0.07774416705857369
9,520.9000000000002,15,-0.027054666335760647,-0.7411758624063105
9,520.9000000000002,16,-0.027054666335760647,0.7411758624063105
9,520.9000000000002,17,-0.03472107662701859,-0.6074109811560764
9,520.9000000000002,18,-0.03472107662701859,0.6074109811560764
9,520.9000000000002,19,-0.038833979433374646,-0.2358708157869057
9,520.9000000000002,20,-0.038833979433374646,0.2358708157869057
9,520.9000000000002,21,-0.041842440440449095,-1.1184456144695454
9,520.9000000000002,22,-0.041842440440449095,1.1184456144695454
9,520.9000000000002,23,-0.04641157971331429,-0.6857989259547239
9,520.9000000000002,24,-0.04641157971331429,0.6857989259547239
9,520.9000000000002,25,-0.048689778865667194,-0.09115523030596671
9,520.9000000000002,26,-0.048689778865667194,0.09115523030596671
9,520.9000000000002,27,-0.052776223118958604,0.0
9,520.9000000000002,28,-0.0560715684691417,-1.523976467844232
9,520.9000000000002,29,-0.0560715684691417,1.523976467844232
9,520.9000000000002,30,-0.058366468538712635,-1.27825013323067
9,520.9000000000002,31,-0.058366468538712635,1.27825013323067
9,520.9000000000002,32,-0.059259267688222594,-0.6327403862626741
9,520.9000000000002,33,-0.059259267688222594,0.6327403862626741
9,520.9000000000002,34,-0.06111368572188948,-0.010831828231324541
9,520.9000000000002,35,-0.06111368572188948,0.010831828231324541
9,520.9000000000002,36,-0.06316118272564139,-0.13208159085214932
9,520.9000000000002,37,-0.06316118272564139,0.13208159085214932
9,520.9000000000002,38,-0.06328680184500768,-0.9856573844418756
9,520.9000000000002,39,-0.06328680184500768,0.9856573844418756
9,520.9000000000002,40,-0.06564176959763646,-0.41415411003231556
9,520.9000000000002,41,-0.06564176959763646,0.41415411003231556
9,520.9000000000002,42,-0.06724530396093147,-0.9144939514882193
9,520.9000000000002,43,-0.06724530396093147,0.9144939514882193
9,520.9000000000002,44,-0.06938864023441688,-0.24930863540243386
9,520.9000000000002,45,-0.06938864023441688,0.24930863540243386
9,520.9000000000002,46,-0.07206916935177761,0.0
9,520.9000000000002,47,-0.07294047418721822,-0.7439204506254586
9,520.9000000000002,48,-0.07294047418721822,0.7439204506254586
9,520.9000000000002,49,-0.07372289293614068,-0.028226782564309518
9,520.9000000000002,50,-0.07372289293614068,0.028226782564309518
9,520.9000000000002,51,-0.07456472421393229,-0.37728673190791834
9,520.9000000000002,52,-0.07456472421393229,0.37728673190791834
9,520.9000000000002,53,-0.07761023313318655,-1.207009653364614
9,520.9000000000002,54,-0.07761023313318655,1.207009653364614
9,520.9000000000002,55,-0.07837106495530233,-0.2885118848546785
9,520.9000000000002,56,-0.07837106495530233,0.2885118848546785
9,520.9000000000002,57,-0.08013262437534677,-0.5499520871309862
9,520.9000000000002,58,-0.08013262437534677,0.5499520871309862
9,520.9000000000002,59,-0.08098944361190338,-1.0007555934518135
9,520.9000000000002,60,-0.08098944361190338,1.0007555934518135
9,520.9000000000002,61,-0.09050921430365703,-0.3415619472472251
9,520.9000000000002,62,-0.09050921430365703,0.3415619472472251
9,520.9000000000002,63,-0.095536147200797,-0.4757272384126775
9,520.9000000000002,64,-0.095536147200797,0.4757272384126775
10,521.0000000000002,1,0.05134456935568987,0.0
10,521.0000000000002,2,-0.0014843517813528037,-0.1436113792527368
10,521.0000000000002,3,-0.0014843517813528037,0.1436113792527368
10,521.0000000000002,4,-0.006039708249365047,-0.6631076427574922
10,521.0000000000002,5,-0.006039708249365047,0.6631076427574922
10,521.0000000000002,6,-0.018968996765031807,0.0
10,521.0000000000002,7,-0.019941551098206604,-1.1584473417837897
10,521.0000000000002,8,-0.019941551098206604,1.1584473417837897
10,521.0000000000002,9,-0.023686661192323058,-0.023134833740168535
10,521.0000000000002,10,-0.023686661192323058,0.023134833740168535
10,521.0000000000002,11,-0.023739965886060626,-0.3506720188603865
10,521.0000000000002,12,-0.023739965886060626,0.3506720188603865
10,521.0000000000002,13,-0.024943258833688885,-0.07773487347980158
10,521.0000000000002,14,-0.024943258833688885,0.07773487347980158
10,521.0000000000002,15,-0.027015766577792533,-0.7411799394227825
10,521.0000000000002,16,-0.027015766577792533,0.7411799394227825
10,521.0000000000002,17,-0.03468334114705682,-0.6074090899944213
10,521.0000000000002,18,-0.03468334114705682,0.6074090899944213
10,521.0000000000002,19,-0.038784456646190416,-0.23587783103310297
10,521.0000000000002,20,-0.038784456646190416,0.23587783103310297
10,521.0000000000002,21,-0.04181033921305048,-1.1184531652682383
10,521.0000000000002,22,-0.04181033921305048,1.1184531652682383
10,521.0000000000002,23,-0.046372068107389794,-0.6858044255499494
10,521.0000000000002,24,-0.046372068107389794,0.6858044255499494
10,521.0000000000002,25,-0.04866892562038926,-0.0911527102292504
10,521.0000000000002,26,-0.04866892562038926,0.0911527102292504
10,521.0000000000002,27,-0.05274813925079286,0.0
10,521.0000000000002,28,-0.05603837989876799,-1.523979212256001
10,521.0000000000002,29,-0.05603837989876799,1.523979212256001
10,521.0000000000002,30,-0.05831435929799654,-1.2782377458862113
10,521.0000000000002,31,-0.05831435929799654,1.2782377458862113
10,521.0000000000002,32,-0.05922834749232425,-0.6327484815084571
10,521.0000000000002,33,-0.05922834749232425,0.6327484815084571
10,521.0000000000002,34,-0.06109825065268144,-0.010838853621762897
10,521.0000000000002,35,-0.06109825065268144,0.010838853621762897
10,521.0000000000002,36,-0.06313466413043406,-0.13208959084680996
10,521.0000000000002,37,-0.06313466413043406,0.13208959084680996
10,521.0000000000002,38,-0.06323845887960916,-0.9856343054018186
10,521.0000000000002,39,-0.06323845887960916,0.9856343054018186
10,521.0000000000002,40,-0.06561203246673641,-0.4141481020477875
10,521.0000000000002,41,-0.06561203246673641,0.4141481020477875
10,521.0000000000002,42,-0.06721133043656827,-0.9144973697752908
10,521.0000000000002,43,-0.06721133043656827,0.9144973697752908
10,521.0000000000002,44,-0.06938377731587742,-0.24930441863901415
10,521.0000000000002,45,-0.06938377731587742,0.24930441863901415
10,521.0000000000002,46,-0.07203966525240273,0.0
10,521.0000000000002,47,-0.07289154599321503,-0.7439121869185896
10,521.0000000000002,48,-0.07289154599321503,0.7439121869185896
10,521.0000000000002,49,-0.07369621241666474,-0.028234824509485123
10,521.0000000000002,50,-0.07369621241666474,0.028234824509485123
10,521.0000000000002,51,-0.07452507798790561,-0.37727514147588764
10,521.0000000000002,52,-0.07452507798790561,0.37727514147588764
10,521.0000000000002,53,-0.07757851547751296,-1.20701135925909
10,521.0000000000002,54,-0.07757851547751296,1.20701135925909
10,521.0000000000002,55,-0.07831933959258675,-0.28849239337339416
10,521.0000000000002,56,-0.07831933959258675,0.28849239337339416
10,521.0000000000002,57,-0.08010388181612563,-0.549940031779316
10,521.0000000000002,58,-0.08010388181612563,0.549940031779316
10,521.0000000000002,59,-0.08093630718168442,-1.0007502294555242
10,521.0000000000002,60,-0.08093630718168442,1.0007502294555242
10,521.0000000000002,61,-0.09048369518504198,-0.3415762904001512
10,521.0000000000002,62,-0.09048369518504198,0.3415762904001512
10,521.0000000000002,63,-0.0955155296026642,-0.47573106697919776
10,521.0000000000002,64,-0.0955155296026642,0.47573106697919776
11,521.1000000000003,1,0.051345711113720674,0.0
11,521.1000000000003,2,-0.0014403640959415216,-0.14360574839320017
11,521.1000000000003,3,-0.0014403640959415216,0.14360574839320017
11,521.1000000000003,4,-0.005988815875118111,-0.663102611025513
11,521.1000000000003,5,-0.005988815875118111,0.663102611025513
11,521.1000000000003,6,-0.018966548193412536,0.0
11,521.1000000000003,7,-0.019899150057831966,-1.1584470239783968
11,521.1000000000003,8,-0.019899150057831966,1.1584470239783968
11,521.1000000000003,9,-0.023675483428835485,-0.023124145347551632
11,521.1000000000003,10,-0.023675483428835485,0.023124145347551632
11,521.1000000000003,11,-0.02369754837053257,-0.35067490354134634
11,521.1000000000003,12,-0.02369754837053257,0.35067490354134634
11,521.1000000000003,13,-0.024944575342407183,-0.07772557521084472
11,521.1000000000003,14,-0.024944575342407183,0.07772557521084472
11,521.1000000000003,15,-0.026976886285158208,-0.7411840209887951
11,521.1000000000003,16,-0.026976886285158208,0.7411840209887951
11,521.1000000000003,17,-0.03464561644384023,-0.607407188356886
11,521.1000000000003,18,-0.03464561644384023,0.607407188356886
11,521.1000000000003,19,-0.03873496626096924,-0.23588480968958822
11,521.1000000000003,20,-0.03873496626096924,0.23588480968958822
11,521.1000000000003,21,-0.04177825033712643,-1.1184607164472073
11,521.1000000000003,22,-0.04177825033712643,1.1184607164472073
11,521.1000000000003,23,-0.04633256914646594,-0.6858099223116109
11,521.1000000000003,24,-0.04633256914646594,0.6858099223116109
11,521.1000000000003,25,-0.048648084479042446,-0.09115019893632903
11,521.1000000000003,26,-0.048648084479042446,0.09115019893632903
11,521.1000000000003,27,-0.052720082138989974,0.0
11,521.1000000000003,28,-0.056005205186066054,-1.5239819519564408
11,521.1000000000003,29,-0.056005205186066054,1.5239819519564408
11,521.1000000000003,30,-0.05826226497855633,-1.2782253398448955
11,521.1000000000003,31,-0.05826226497855633,1.2782253398448955
11,521.1000000000003,32,-0.05919744274727149,-0.6327565731998184
11,521.1000000000003,33,-0.05919744274727149,0.6327565731998184
11,521.1000000000003,34,-0.06108282350535224,-0.010845850836274928
11,521.1000000000003,35,-0.06108282350535224,0.010845850836274928
11,521.1000000000003,36,-0.06310815617670235,-0.1320975929101896
11,521.1000000000003,37,-0.06310815617670235,0.1320975929101896
11,521.1000000000003,38,-0.06319012644983167,-0.9856112043296001
11,521.1000000000003,39,-0.06319012644983167,0.9856112043296001
11,521.1000000000003,40,-0.06558230878080869,-0.41414209284222264
11,521.1000000000003,41,-0.06558230878080869,0.41414209284222264
11,521.1000000000003,42,-0.06717736884513711,-0.9145007846050537
11,521.1000000000003,43,-0.06717736884513711,0.9145007846050537
11,521.1000000000003,44,-0.06937890834709218,-0.24930022415587902
11,521.1000000000003,45,-0.06937890834709218,0.24930022415587902
11,521.1000000000003,46,-0.07201018031803194,0.0
11,521.1000000000003,47,-0.07284263278278252,-0.7439039067231084
11,521.1000000000003,48,-0.07284263278278252,0.7439039067231084
11,521.1000000000003,49,-0.07366952856945225,-0.028242826461430753
11,521.1000000000003,50,-0.07366952856945225,0.028242826461430753
11,521.1000000000003,51,-0.07448544592317616,-0.37726354534460527
11,521.1000000000003,52,-0.07448544592317616,0.37726354534460527
11,521.1000000000003,53,-0.07754680567846159,-1.2070130593626929
11,521.1000000000003,54,-0.07754680567846159,1.2070130593626929
11,521.1000000000003,55,-0.07826763052214619,-0.28847290251565677
11,521.1000000000003,56,-0.07826763052214619,0.28847290251565677
11,521.1000000000003,57,-0.08007515070246035,-0.5499279714866914
11,521.1000000000003,58,-0.08007515070246035,0.5499279714866914
11,521.1000000000003,59,-0.08088319699980379,-1.0007448640459657
11,521.1000000000003,60,-0.08088319699980379,1.0007448640459657
11,521.1000000000003,61,-0.09045818566289238,-0.3415906310690682
11,521.1000000000003,62,-0.09045818566289238,0.3415906310690682
11,521.1000000000003,63,-0.09549491994638697,-0.4757348812221138
11,521.1000000000003,64,-0.09549491994638697,0.4757348812221138
12,521.2000000000003,1,0.05134685687281978,0.0
12,521.2000000000003,2,-0.001396397310698315,-0.14360009740769897
12,521.2000000000003,3,-0.001396397310698315,0.14360009740769897
12,521.2000000000003,4,-0.0059379442184483155,-0.6630975623250056
12,521.2000000000003,5,-0.0059379442184483155,0.6630975623250056
12,521.2000000000003,6,-0.01896410559846532,0.0
12,521.2000000000003,7,-0.01985676431583118,-1.15844669587595
12,521.2000000000003,8,-0.01985676431583118,1.15844669587595
12,521.2000000000003,9,-0.02365515129270208,-0.35067780465596765
12,521.2000000000003,10,-0.02365515129270208,0.35067780465596765
12,521.2000000000003,11,-0.023664308589530125,-0.02311344305163774
12,521.2000000000003,12,-0.023664308589530125,0.02311344305163774
12,521.2000000000003,13,-0.024945889967798125,-0.07771627223301555
12,521.2000000000003,14,-0.024945889967798125,0.07771627223301555
12,521.2000000000003,15,-0.026938025456131,-0.7411881071243609
12,521.2000000000003,16,-0.026938025456131,0.7411881071243609
12,521.2000000000003,17,-0.03460790250465692,-0.6074052762188332
12,521.2000000000003,18,-0.03460790250465692,0.6074052762188332
12,521.2000000000003,19,-0.038685508285519046,-0.23589175186357916
12,521.2000000000003,20,-0.038685508285519046,0.23589175186357916
12,521.2000000000003,21,-0.041746173808199116,-1.1184682680307159
12,521.2000000000003,22,-0.041746173808199116,1.1184682680307159
12,521.2000000000003,23,-0.04629308281745034,-0.685815416247306
12,521.2000000000003,24,-0.04629308281745034,0.685815416247306
12,521.2000000000003,25,-0.048627255465280295,-0.09114769645292553
12,521.2000000000003,26,-0.048627255465280295,0.09114769645292553
12,521.2000000000003,27,-0.05269205148990791,0.0
12,521.2000000000003,28,-0.05597204433061176,-1.5239846869524063
12,521.2000000000003,29,-0.05597204433061176,1.5239846869524063
12,521.2000000000003,30,-0.05821018556295056,-1.2782129150474923
12,521.2000000000003,31,-0.05821018556295056,1.2782129150474923
12,521.2000000000003,32,-0.05916655345245326,-0.6327646613557646
12,521.2000000000003,33,-0.05916655345245326,0.6327646613557646
12,521.2000000000003,34,-0.06106740426101395,-0.010852820164566753
12,521.2000000000003,35,-0.06106740426101395,0.010852820164566753
12,521.2000000000003,36,-0.06308165885356215,-0.13210559702552455
12,521.2000000000003,37,-0.06308165885356215,0.13210559702552455
12,521.2000000000003,38,-0.06314180455577081,-0.9855880811991194
12,521.2000000000003,39,-0.06314180455577081,0.9855880811991194
12,521.2000000000003,40,-0.0655525985352779,-0.4141360824143339
12,521.2000000000003,41,-0.0655525985352779,0.4141360824143339
12,521.2000000000003,42,-0.06714341917960698,-0.9145041959812604
12,521.2000000000003,43,-0.06714341917960698,0.9145041959812604
12,521.2000000000003,44,-0.06937403330929676,-0.24929605181731737
12,521.2000000000003,45,-0.06937403330929676,0.24929605181731737
12,521.2000000000003,46,-0.07198071481091763,0.0
12,521.2000000000003,47,-0.07279373453676953,-0.7438956100005637
12,521.2000000000003,48,-0.07279373453676953,0.7438956100005637
12,521.2000000000003,49,-0.07364284165149088,-0.02825078852143095
12,521.2000000000003,50,-0.07364284165149088,0.02825078852143095
12,521.2000000000003,51,-0.07444582800809527,-0.37725194350020486
12,521.2000000000003,52,-0.07444582800809527,0.37725194350020486
12,521.2000000000003,53,-0.07751510372952691,-1.2070147536742768
12,521.2000000000003,54,-0.07751510372952691,1.2070147536742768
12,521.2000000000003,55,-0.07821593774566443,-0.28845341223328663
12,521.2000000000003,56,-0.07821593774566443,0.28845341223328663
12,521.2000000000003,57,-0.0800464310603983,-0.5499159062276544
12,521.2000000000003,58,-0.0800464310603983,0.5499159062276544
12,521.2000000000003,59,-0.08083011303963805,-1.0007394971531336
12,521.2000000000003,60,-0.08083011303963805,1.0007394971531336
12,521.2000000000003,61,-0.09043268574187809,-0.3416049692760374
12,521.2000000000003,62,-0.09043268574187809,0.3416049692760374
12,521.2000000000003,63,-0.09547431825616443,-0.4757386811321438
12,521.2000000000003,64,-0.09547431825616443,0.4757386811321438
13,521.3000000000003,1,0.05134800664128091,0.0
13,521.3000000000003,2,-0.0013524514131227467,-0.14359442623769272
13,521.3000000000003,3,-0.0013524514131227467,0.14359442623769272
13,521.3000000000003,4,-0.005887093267383903,-0.6630924966047863
13,521.3000000000003,5,-0.005887093267383903,0.6630924966047863
13,521.3000000000003,6,-0.018961668999949752,0.0
13,521.3000000000003,7,-0.019814393863611002,-1.1584463574571164
13,521.3000000000003,8,-0.019814393863611002,1.1584463574571164
13,521.3000000000003,9,-0.02361277464759546,-0.35068072223463936
13,521.3000000000003,10,-0.02361277464759546,0.35068072223463936
13,521.3000000000003,11,-0.023653136678724956,-0.023102726817013083
13,521.3000000000003,12,-0.023653136678724956,0.023102726817013083
13,521.3000000000003,13,-0.02494720271108279,-0.07770696452749588
13,521.3000000000003,14,-0.02494720271108279,0.07770696452749588
13,521.3000000000003,15,-0.026899184089044015,-0.7411921978496367
13,521.3000000000003,16,-0.026899184089044015,0.7411921978496367
13,521.3000000000003,17,-0.034570199316741004,-0.6074033535554888
13,521.3000000000003,18,-0.034570199316741004,0.6074033535554888
13,521.3000000000003,19,-0.038636082727036024,-0.2358986576614494
13,521.3000000000003,20,-0.038636082727036024,0.2358986576614494
13,521.3000000000003,21,-0.04171410962181782,-1.1184758200432485
13,521.3000000000003,22,-0.04171410962181782,1.1184758200432485
13,521.3000000000003,23,-0.04625360910722204,-0.6858209073646491
13,521.3000000000003,24,-0.04625360910722204,0.6858209073646491
13,521.3000000000003,25,-0.04860643860287758,-0.09114520280498736
13,521.3000000000003,26,-0.04860643860287758,0.09114520280498736
13,521.3000000000003,27,-0.052664047012663695,0.0
13,521.3000000000003,28,-0.05593889733204971,-1.523987417250775
13,521.3000000000003,29,-0.05593889733204971,1.523987417250775
13,521.3000000000003,30,-0.05815812103370272,-1.2782004714344708
13,521.3000000000003,31,-0.05815812103370272,1.2782004714344708
13,521.3000000000003,32,-0.05913567960731203,-0.6327727459953579
13,521.3000000000003,33,-0.05913567960731203,0.6327727459953579
13,521.3000000000003,34,-0.06105199289982123,-0.010859761894087414
13,521.3000000000003,35,-0.06105199289982123,0.010859761894087414
13,521.3000000000003,36,-0.06305517215004652,-0.13211360317611168
13,521.3000000000003,37,-0.06305517215004652,0.13211360317611168
13,521.3000000000003,38,-0.06309349319763471,-0.9855649359837958
13,521.3000000000003,39,-0.06309349319763471,0.9855649359837958
13,521.3000000000003,40,-0.06552290172560113,-0.4141300707627869
13,521.3000000000003,41,-0.06552290172560113,0.4141300707627869
13,521.3000000000003,42,-0.0671094814329525,-0.914507603907722
13,521.3000000000003,43,-0.0671094814329525,0.914507603907722
13,521.3000000000003,44,-0.06936915218431129,-0.249291901488322
13,521.3000000000003,45,-0.06936915218431129,0.249291901488322
13,521.3000000000003,46,-0.07195126899277078,0.0
13,521.3000000000003,47,-0.0727448512359444,-0.7438872967122627
13,521.3000000000003,48,-0.0727448512359444,0.7438872967122627
13,521.3000000000003,49,-0.07361615191837248,-0.028258710791539843
13,521.3000000000003,50,-0.07361615191837248,0.028258710791539843
13,521.3000000000003,51,-0.07440622423104704,-0.377240335928796
13,521.3000000000003,52,-0.07440622423104704,0.377240335928796
13,521.3000000000003,53,-0.07748340962417241,-1.2070164421926441
13,521.3000000000003,54,-0.07748340962417241,1.2070164421926441
13,521.3000000000003,55,-0.07816426126499385,-0.2884339224779304
13,521.3000000000003,56,-0.07816426126499385,0.2884339224779304
13,521.3000000000003,57,-0.0800177229161149,-0.5499038359765869
13,521.3000000000003,58,-0.0800177229161149,0.5499038359765869
13,521.3000000000003,59,-0.08077705527437781,-1.0007341287069198
13,521.3000000000003,60,-0.08077705527437781,1.0007341287069198
13,521.3000000000003,61,-0.09040719542660033,-0.3416193050431115
13,521.3000000000003,62,-0.09040719542660033,0.3416193050431115
13,521.3000000000003,63,-0.09545372455622426,-0.47574246669994374
13,521.3000000000003,64,-0.09545372455622426,0.47574246669994374
14,521.4000000000003,1,0.05134916042741211,0.0
14,521.4000000000003,2,-0.0013085263907294193,-0.14358873482450607
14,521.4000000000003,3,-0.0013085263907294193,0.14358873482450607
14,521.4000000000003,4,-0.005836263009958612,-0.6630874138135235
14,521.4000000000003,5,-0.005836263009958612,0.6630874138135235
14,521.4000000000003,6,-0.01895923841777469,0.0
14,521.4000000000003,7,-0.019772038692602245,-1.1584460087025332
14,521.4000000000003,8,-0.019772038692602245,1.1584460087025332
14,521.4000000000003,9,-0.02357041843029348,-0.35068365630787
14,521.4000000000003,10,-0.02357041843029348,0.35068365630787
14,521.4000000000003,11,-0.02364196770074309,-0.023091996608118236
14,521.4000000000003,12,-0.02364196770074309,0.023091996608118236
14,521.4000000000003,13,-0.024948513573527745,-0.07769765207530906
14,521.4000000000003,14,-0.024948513573527745,0.07769765207530906
14,521.4000000000003,15,-0.02686036218224458,-0.7411962931848876
14,521.4000000000003,16,-0.02686036218224458,0.7411962931848876
14,521.4000000000003,17,-0.034532506867338136,-0.6074014203420296
14,521.4000000000003,18,-0.034532506867338136,0.6074014203420296
14,521.4000000000003,19,-0.03858668959213686,-0.23590552718881536
14,521.4000000000003,20,-0.03858668959213686,0.23590552718881536
14,521.4000000000003,21,-0.0416820577735392,-1.1184833725093135
14,521.4000000000003,22,-0.0416820577735392,1.1184833725093135
14,521.4000000000003,23,-0.04621414800266127,-0.6858263956712667
14,521.4000000000003,24,-0.04621414800266127,0.6858263956712667
14,521.4000000000003,25,-0.04858563391574827,-0.09114271801849567
14,521.4000000000003,26,-0.04858563391574827,0.09114271801849567
14,521.4000000000003,27,-0.05263606841917605,0.0
14,521.4000000000003,28,-0.05590576419003601,-1.5239901428584888
14,521.4000000000003,29,-0.05590576419003601,1.5239901428584888
14,521.4000000000003,30,-0.058106071373308726,-1.2781880089460396
14,521.4000000000003,31,-0.058106071373308726,1.2781880089460396
14,521.4000000000003,32,-0.05910482121132002,-0.6327808271377134
14,521.4000000000003,33,-0.05910482121132002,0.6327808271377134
14,521.4000000000003,34,-0.06103658940107837,-0.010866676309913224
14,521.4000000000003,35,-0.06103658940107837,0.010866676309913224
14,521.4000000000003,36,-0.06302869605511632,-0.13212161134534708
14,521.4000000000003,37,-0.06302869605511632,0.13212161134534708
14,521.4000000000003,38,-0.06304519237578467,-0.9855417686568054
14,521.4000000000003,39,-0.06304519237578467,0.9855417686568054
14,521.4000000000003,40,-0.06549321834726785,-0.41412405788623485
14,521.4000000000003,41,-0.06549321834726785,0.41412405788623485
14,521.4000000000003,42,-0.06707555559815899,-0.9145110083882573
14,521.4000000000003,43,-0.06707555559815899,0.9145110083882573
14,521.4000000000003,44,-0.0693642649545638,-0.24928777303460764
14,521.4000000000003,45,-0.0693642649545638,0.24928777303460764
14,521.4000000000003,46,-0.071921843124374,0.0
14,521.4000000000003,47,-0.07269598286108614,-0.743878966819353
14,521.4000000000003,48,-0.07269598286108614,0.743878966819353
14,521.4000000000003,49,-0.07358945962428709,-0.02826659337438884
14,521.4000000000003,50,-0.07358945962428709,0.02826659337438884
14,521.4000000000003,51,-0.07436663458044554,-0.37722872261643253
14,521.4000000000003,52,-0.07436663458044554,0.37722872261643253
14,521.4000000000003,53,-0.07745172335586514,-1.2070181249166139
14,521.4000000000003,54,-0.07745172335586514,1.2070181249166139
14,521.4000000000003,55,-0.07811260108206715,-0.2884144332011205
14,521.4000000000003,56,-0.07811260108206715,0.2884144332011205
14,521.4000000000003,57,-0.07998902629589842,-0.5498917607078582
14,521.4000000000003,58,-0.07998902629589842,0.5498917607078582
14,521.4000000000003,59,-0.08072402367708854,-1.000728758637195
14,521.4000000000003,60,-0.08072402367708854,1.000728758637195
14,521.4000000000003,61,-0.09038171472159998,-0.3416336383923059
14,521.4000000000003,62,-0.09038171472159998,0.3416336383923059
14,521.4000000000003,63,-0.09543313887081405,-0.475746237916162
14,521.4000000000003,64,-0.09543313887081405,0.475746237916162
15,521.5000000000003,1,0.05135031823956681,0.0
15,521.5000000000003,2,-0.001264622231049858,-0.14358302310917348
15,521.5000000000003,3,-0.001264622231049858,0.14358302310917348
15,521.5000000000003,4,-0.005785453434229232,-0.6630823138996909
15,521.5000000000003,5,-0.005785453434229232,0.6630823138996909
15,521.5000000000003,6,-0.018956813871966766,0.0
15,521.5000000000003,7,-0.01972969879422693,-1.158445649592792
15,521.5000000000003,8,-0.01972969879422693,1.158445649592792
15,521.5000000000003,9,-0.02352808263591045,-0.3506866069063473
15,521.5000000000003,10,-0.02352808263591045,0.3506866069063473
15,521.5000000000003,11,-0.02363080165992016,-0.023081252389297726
15,521.5000000000003,12,-0.02363080165992016,0.023081252389297726
15,521.5000000000003,13,-0.02494982255638064,-0.07768833485737096
15,521.5000000000003,14,-0.02494982255638064,0.07768833485737096
15,521.5000000000003,15,-0.026821559734126532,-0.7412003931505112
15,521.5000000000003,16,-0.026821559734126532,0.7412003931505112
15,521.5000000000003,17,-0.03449482514367075,-0.6073994765535238
15,521.5000000000003,18,-0.03449482514367075,0.6073994765535238
15,521.5000000000003,19,-0.0385373288868425,-0.23591236055049258
15,521.5000000000003,20,-0.0385373288868425,0.23591236055049258
15,521.5000000000003,21,-0.041650018258943544,-1.1184909254535893
15,521.5000000000003,22,-0.041650018258943544,1.1184909254535893
15,521.5000000000003,23,-0.046174699490631715,-0.6858318811747801
15,521.5000000000003,24,-0.046174699490631715,0.6858318811747801
15,521.5000000000003,25,-0.04856484142790985,-0.09114024211957616
15,521.5000000000003,26,-0.04856484142790985,0.09114024211957616
15,521.5000000000003,27,-0.05260811542404309,0.0
15,521.5000000000003,28,-0.05587264490429847,-1.5239928637825764
15,521.5000000000003,29,-0.05587264490429847,1.5239928637825764
15,521.5000000000003,30,-0.058054036564227474,-1.2781755275221627
15,521.5000000000003,31,-0.058054036564227474,1.2781755275221627
15,521.5000000000003,32,-0.059073978263988164,-0.632788904801989
15,521.5000000000003,33,-0.059073978263988164,0.632788904801989
15,521.5000000000003,34,-0.061021193743208406,-0.010873563694903152
15,521.5000000000003,35,-0.061021193743208406,0.010873563694903152
15,521.5000000000003,36,-0.06299690209070641,-0.9855185791909117
15,521.5000000000003,37,-0.06299690209070641,0.9855185791909117
15,521.5000000000003,38,-0.06300223055763128,-0.1321296215166908
15,521.5000000000003,39,-0.06300223055763128,0.1321296215166908
15,521.5000000000003,40,-0.0654635483957581,-0.4141180437833079
15,521.5000000000003,41,-0.0654635483957581,0.4141180437833079
15,521.5000000000003,42,-0.06704164166820656,-0.9145144094266937
15,521.5000000000003,43,-0.06704164166820656,0.9145144094266937
15,521.5000000000003,44,-0.06935937160305872,-0.24928366632259932
15,521.5000000000003,45,-0.06935937160305872,0.24928366632259932
15,521.5000000000003,46,-0.07189243746586496,0.0
15,521.5000000000003,47,-0.07264712939290743,-0.7438706202828164
15,521.5000000000003,48,-0.07264712939290743,0.7438706202828164
15,521.5000000000003,49,-0.07356276502205508,-0.028274436373272444
15,521.5000000000003,50,-0.07356276502205508,0.028274436373272444
15,521.5000000000003,51,-0.0743270590447339,-0.3772171035491537
15,521.5000000000003,52,-0.0743270590447339,0.3772171035491537
15,521.5000000000003,53,-0.07742004491805271,-1.2070198018450196
15,521.5000000000003,54,-0.07742004491805271,1.2070198018450196
15,521.5000000000003,55,-0.07806095719895773,-0.2883949443542586
15,521.5000000000003,56,-0.07806095719895773,0.2883949443542586
15,521.5000000000003,57,-0.079960341226105,-0.5498796803957539
15,521.5000000000003,58,-0.079960341226105,0.5498796803957539
15,521.5000000000003,59,-0.08067101822067806,-1.0007233868737833
15,521.5000000000003,60,-0.08067101822067806,1.0007233868737833
15,521.5000000000003,61,-0.09035624363135673,-0.3416479693455949
15,521.5000000000003,62,-0.09035624363135673,0.3416479693455949
15,521.5000000000003,63,-0.09541256122423124,-0.47574999477138585
15,521.5000000000003,64,-0.09541256122423124,0.47574999477138585
16,521.6000000000004,1,0.05135148008609469,0.0
16,521.6000000000004,2,-0.0012207389216382439,-0.14357729103269706
16,521.6000000000004,3,-0.0012207389216382439,0.14357729103269706
16,521.6000000000004,4,-0.005734664528284,-0.6630771968116473
16,521.6000000000004,5,-0.005734664528284,0.6630771968116473
16,521.6000000000004,6,-0.018954395382694906,0.0
16,521.6000000000004,7,-0.019687374159942067,-1.1584452801084497
16,521.6000000000004,8,-0.019687374159942067,1.1584452801084497
16,521.6000000000004,9,-0.02348576725961233,-0.3506895740608113
16,521.6000000000004,10,-0.02348576725961233,0.3506895740608113
16,521.6000000000004,11,-0.023619638560593268,-0.023070494124773765
16,521.6000000000004,12,-0.023619638560593268,0.023070494124773765
16,521.6000000000004,13,-0.024951129660913333,-0.0776790128545254
16,521.6000000000004,14,-0.024951129660913333,0.0776790128545254
16,521.6000000000004,15,-0.026782776743094282,-0.7412044977669234
16,521.6000000000004,16,-0.026782776743094282,0.7412044977669234
16,521.6000000000004,17,-0.03445715413297837,-0.6073975221650203
16,521.6000000000004,18,-0.03445715413297837,0.6073975221650203
16,521.6000000000004,19,-0.03848800061660322,-0.2359191578505958
16,521.6000000000004,20,-0.03848800061660322,0.2359191578505958
16,521.6000000000004,21,-0.041617991073604615,-1.1184984789007748
16,521.6000000000004,22,-0.041617991073604615,1.1184984789007748
16,521.6000000000004,23,-0.04613526355799927,-0.6858373638827813
16,521.6000000000004,24,-0.04613526355799927,0.6858373638827813
16,521.6000000000004,25,-0.048544061163475476,-0.09113777513433745
16,521.6000000000004,26,-0.048544061163475476,0.09113777513433745
16,521.6000000000004,27,-0.052580187744601256,0.0
16,521.6000000000004,28,-0.0558395394745592,-1.5239955800300165
16,521.6000000000004,29,-0.0558395394745592,1.5239955800300165
16,521.6000000000004,30,-0.05800201658891896,-1.2781630271027338
16,521.6000000000004,31,-0.05800201658891896,1.2781630271027338
16,521.6000000000004,32,-0.05904315076483049,-0.6327969790073358
16,521.6000000000004,33,-0.05904315076483049,0.6327969790073358
16,521.6000000000004,34,-0.06100580590387844,-0.010880424329540193
16,521.6000000000004,35,-0.06100580590387844,0.010880424329540193
16,521.6000000000004,36,-0.06294862234302107,-0.9854953675587405
16,521.6000000000004,37,-0.06294862234302107,0.9854953675587405
16,521.6000000000004,38,-0.06297577564640414,-0.13213763367363285
16,521.6000000000004,39,-0.06297577564640414,0.13213763367363285
16,521.6000000000004,40,-0.06543389186661515,-0.41411202845264217
16,521.6000000000004,41,-0.06543389186661515,0.41411202845264217
16,521.6000000000004,42,-0.06700773963609585,-0.9145178070268839
16,521.6000000000004,43,-0.06700773963609585,0.9145178070268839
16,521.6000000000004,44,-0.0693544721133843,-0.2492795812194295
16,521.6000000000004,45,-0.0693544721133843,0.2492795812194295
16,521.6000000000004,46,-0.07186305227632099,0.0
16,521.6000000000004,47,-0.07259829081213665,-0.7438622570635437
16,521.6000000000004,48,-0.07259829081213665,0.7438622570635437
16,521.6000000000004,49,-0.07353606836312415,-0.028282239891971653
16,521.6000000000004,50,-0.07353606836312415,0.028282239891971653
16,521.6000000000004,51,-0.07428749761235524,-0.3772054787129575
16,521.6000000000004,52,-0.07428749761235524,0.3772054787129575
16,521.6000000000004,53,-0.07738837430418623,-1.207021472976656
16,521.6000000000004,54,-0.07738837430418623,1.207021472976656
16,521.6000000000004,55,-0.07800932961781715,-0.2883754558886823
16,521.6000000000004,56,-0.07800932961781715,0.2883754558886823
16,521.6000000000004,57,-0.07993166773314783,-0.5498675950145557
16,521.6000000000004,58,-0.07993166773314783,0.5498675950145557
16,521.6000000000004,59,-0.0806180388779624,-1.0007180133465707
16,521.6000000000004,60,-0.0806180388779624,1.0007180133465707
16,521.6000000000004,61,-0.0903307821603221,-0.3416622979249298
16,521.6000000000004,62,-0.0903307821603221,0.3416622979249298
16,521.6000000000004,63,-0.09539199164078549,-0.4757537372561747
16,521.6000000000004,64,-0.09539199164078549,0.4757537372561747
17,521.7000000000004,1,0.051352645975427255,0.0
17,521.7000000000004,2,-0.0011768764500649266,-0.1435715385356368
17,521.7000000000004,3,-0.0011768764500649266,0.1435715385356368
17,521.7000000000004,4,-0.005683896280211091,-0.6630720624974725
17,521.7000000000004,5,-0.005683896280211091,0.6630720624974725
17,521.7000000000004,6,-0.018951982970267383,0.0
17,521.7000000000004,7,-0.01964506478120498,-1.1584449002299806
17,521.7000000000004,8,-0.01964506478120498,1.1584449002299806
17,521.7000000000004,9,-0.023443472296600792,-0.35069255780227604
17,521.7000000000004,10,-0.023443472296600792,0.35069255780227604
17,521.7000000000004,11,-0.023608478407117196,-0.023059721778630797
17,521.7000000000004,12,-0.023608478407117196,0.023059721778630797
17,521.7000000000004,13,-0.024952434888417863,-0.07766968604741406
17,521.7000000000004,14,-0.024952434888417863,0.07766968604741406
17,521.7000000000004,15,-0.026744013207611744,-0.7412086070547638
17,521.7000000000004,16,-0.026744013207611744,0.7412086070547638
17,521.7000000000004,17,-0.03441949382245897,-0.6073955571514306
17,521.7000000000004,18,-0.03441949382245897,0.6073955571514306
17,521.7000000000004,19,-0.03843870478629958,-0.23592591919236564
17,521.7000000000004,20,-0.03843870478629958,0.23592591919236564
17,521.7000000000004,21,-0.04158597621314222,-1.1185060328757386
17,521.7000000000004,22,-0.04158597621314222,1.1185060328757386
17,521.7000000000004,23,-0.04609584019161138,-0.6858428438029155
17,521.7000000000004,24,-0.04609584019161138,0.6858428438029155
17,521.7000000000004,25,-0.04852329314671752,-0.09113531708911764
17,521.7000000000004,26,-0.04852329314671752,0.09113531708911764
17,521.7000000000004,27,-0.052552285100761834,0.0
17,521.7000000000004,28,-0.05580644790063093,-1.523998291607921
17,521.7000000000004,29,-0.05580644790063093,1.523998291607921
17,521.7000000000004,30,-0.05795001142978521,-1.2781505076271775
17,521.7000000000004,31,-0.05795001142978521,1.2781505076271775
17,521.7000000000004,32,-0.05901233871343735,-0.6328050497729953
17,521.7000000000004,33,-0.05901233871343735,0.6328050497729953
17,521.7000000000004,34,-0.06099042585980678,-0.010887258492230382
17,521.7000000000004,35,-0.06099042585980678,0.010887258492230382
17,521.7000000000004,36,-0.06290035313348427,-0.9854721337323303
17,521.7000000000004,37,-0.06290035313348427,0.9854721337323303
17,521.7000000000004,38,-0.06294933131012714,-0.1321456477998031
17,521.7000000000004,39,-0.06294933131012714,0.1321456477998031
17,521.7000000000004,40,-0.06540424875537179,-0.4141060118928223
17,521.7000000000004,41,-0.06540424875537179,0.4141060118928223
17,521.7000000000004,42,-0.06697384949482574,-0.9145212011927131
17,521.7000000000004,43,-0.06697384949482574,0.9145212011927131
17,521.7000000000004,44,-0.06934956646969151,-0.24927551759293304
17,521.7000000000004,45,-0.06934956646969151,0.24927551759293304
17,521.7000000000004,46,-0.07183368781444485,0.0
17,521.7000000000004,47,-0.07254946709941221,-0.7438538771221394
17,521.7000000000004,48,-0.07254946709941221,0.7438538771221394
17,521.7000000000004,49,-0.07350936989756693,-0.02829000403500349
17,521.7000000000004,50,-0.07350936989756693,0.02829000403500349
17,521.7000000000004,51,-0.07424795027181197,-0.37719384809381035
17,521.7000000000004,52,-0.07424795027181197,0.37719384809381035
17,521.7000000000004,53,-0.0773567115076979,-1.2070231383103438
17,521.7000000000004,54,-0.0773567115076979,1.2070231383103438
17,521.7000000000004,55,-0.07795771834096611,-0.2883559677555153
17,521.7000000000004,56,-0.07795771834096611,0.2883559677555153
17,521.7000000000004,57,-0.07990300584360091,-0.5498555045383741
17,521.7000000000004,58,-0.07990300584360091,0.5498555045383741
17,521.7000000000004,59,-0.08056508562154209,-1.0007126379853042
17,521.7000000000004,60,-0.08056508562154209,1.0007126379853042
17,521.7000000000004,61,-0.0903053303128559,-0.3416766241522278
17,521.7000000000004,62,-0.0903053303128559,0.3416766241522278
17,521.7000000000004,63,-0.09537143014483565,-0.4757574653610668
17,521.7000000000004,64,-0.09537143014483565,0.4757574653610668
18,521.8000000000004,1,0.05135381591598974,0.0
18,521.8000000000004,2,-0.001133034803919221,-0.1435657655585235
18,521.8000000000004,3,-0.001133034803919221,0.1435657655585235
18,521.8000000000004,4,-0.005633148678128537,-0.6630669109051774
18,521.8000000000004,5,-0.005633148678128537,0.6630669109051774
18,521.8000000000004,6,-0.01894957665512242,0.0
18,521.8000000000004,7,-0.019602770649488788,-1.158444509937842
18,521.8000000000004,8,-0.019602770649488788,1.158444509937842
18,521.8000000000004,9,-0.023401197742124083,-0.3506955581618075
18,521.8000000000004,10,-0.023401197742124083,0.3506955581618075
18,521.8000000000004,11,-0.023597321203849844,-0.023048935314848053
18,521.8000000000004,12,-0.023597321203849844,0.023048935314848053
18,521.8000000000004,13,-0.024953738240177804,-0.07766035441662097
18,521.8000000000004,14,-0.024953738240177804,0.07766035441662097
18,521.8000000000004,15,-0.02670526912615183,-0.7412127210347094
18,521.8000000000004,16,-0.02670526912615183,0.7412127210347094
18,521.8000000000004,17,-0.034381844199318314,-0.6073935814876372
18,521.8000000000004,18,-0.034381844199318314,0.6073935814876372
18,521.8000000000004,19,-0.038389441400261445,-0.23593264467834646
18,521.8000000000004,20,-0.038389441400261445,0.23593264467834646
18,521.8000000000004,21,-0.04155397367315669,-1.118513587403448
18,521.8000000000004,22,-0.04155397367315669,1.118513587403448
18,521.8000000000004,23,-0.04605642937831131,-0.6858483209427861
18,521.8000000000004,24,-0.04605642937831131,0.6858483209427861
18,521.8000000000004,25,-0.048502537401982626,-0.09113286801023934
18,521.8000000000004,26,-0.048502537401982626,0.09113286801023934
18,521.8000000000004,27,-0.052524407215084834,0.0
18,521.8000000000004,28,-0.05577337018233541,-1.5240009985234095
18,521.8000000000004,29,-0.05577337018233541,1.5240009985234095
18,521.8000000000004,30,-0.05789802106922595,-1.2781379690348826
18,521.8000000000004,31,-0.05789802106922595,1.2781379690348826
18,521.8000000000004,32,-0.05898154210938925,-0.6328131171182164
18,521.8000000000004,33,-0.05898154210938925,0.6328131171182164
18,521.8000000000004,34,-0.06097505358700888,-0.010894066459064471
18,521.8000000000004,35,-0.06097505358700888,0.010894066459064471
18,521.8000000000004,36,-0.06285209446299128,-0.985448877683604
18,521.8000000000004,37,-0.06285209446299128,0.985448877683604
18,521.8000000000004,38,-0.06292289753745642,-0.13215366387886518
18,521.8000000000004,39,-0.06292289753745642,0.13215366387886518
18,521.8000000000004,40,-0.06537461905761055,-0.4140999941024477
18,521.8000000000004,41,-0.06537461905761055,0.4140999941024477
18,521.8000000000004,42,-0.06693997123739226,-0.914524591928087
18,521.8000000000004,43,-0.06693997123739226,0.914524591928087
18,521.8000000000004,44,-0.06934465465668821,-0.2492714753116741
18,521.8000000000004,45,-0.06934465465668821,0.2492714753116741
18,521.8000000000004,46,-0.07180434433786857,0.0
18,521.8000000000004,47,-0.07250065823539917,-0.7438454804191275
18,521.8000000000004,48,-0.07250065823539917,0.7438454804191275
18,521.8000000000004,49,-0.0734826698740822,-0.02829772890733393
18,521.8000000000004,50,-0.0734826698740822,0.02829772890733393
18,521.8000000000004,51,-0.07420841701160483,-0.37718221167764066
18,521.8000000000004,52,-0.07420841701160483,0.37718221167764066
18,521.8000000000004,53,-0.07732505652201024,-1.2070247978449007
18,521.8000000000004,54,-0.07732505652201024,1.2070247978449007
18,521.8000000000004,55,-0.07790612337078992,-0.28833647990584327
18,521.8000000000004,56,-0.07790612337078992,0.28833647990584327
18,521.8000000000004,57,-0.07987435558409349,-0.5498434089413983
18,521.8000000000004,58,-0.07987435558409349,0.5498434089413983
18,521.8000000000004,59,-0.0805121584239358,-1.0007072607197827
18,521.8000000000004,60,-0.0805121584239358,1.0007072607197827
18,521.8000000000004,61,-0.09027988809328705,-0.3416909480493621
18,521.8000000000004,62,-0.09027988809328705,0.3416909480493621
18,521.8000000000004,63,-0.09535087676076946,-0.47576117907655224
18,521.8000000000004,64,-0.09535087676076946,0.47576117907655224
19,521.9000000000004,1,0.05135498991625654,0.0
19,521.9000000000004,2,-0.0010892139708090672,-0.14355997204156343
19,521.9000000000004,3,-0.0010892139708090672,0.14355997204156343
19,521.9000000000004,4,-0.005582421710169365,-0.6630617419824941
19,521.9000000000004,5,-0.005582421710169365,0.6630617419824941
19,521.9000000000004,6,-0.018947176457844387,0.0
19,521.9000000000004,7,-0.019560491756279164,-1.158444109212441
19,521.9000000000004,8,-0.019560491756279164,1.158444109212441
19,521.9000000000004,9,-0.02335894359147766,-0.35069857517067476
19,521.9000000000004,10,-0.02335894359147766,0.35069857517067476
19,521.9000000000004,11,-0.023586166955158073,-0.023038134697264293
19,521.9000000000004,12,-0.023586166955158073,0.023038134697264293
19,521.9000000000004,13,-0.024955039717512617,-0.07765101794255536
19,521.9000000000004,14,-0.024955039717512617,0.07765101794255536
19,521.9000000000004,15,-0.02666654449723385,-0.7412168397275694
19,521.9000000000004,16,-0.02666654449723385,0.7412168397275694
19,521.9000000000004,17,-0.034344205250747994,-0.6073915951484073
19,521.9000000000004,18,-0.034344205250747994,0.6073915951484073
19,521.9000000000004,19,-0.03834021046225993,-0.23593933441026407
19,521.9000000000004,20,-0.03834021046225993,0.23593933441026407
19,521.9000000000004,21,-0.04152198344928383,-1.118521142508949
19,521.9000000000004,22,-0.04152198344928383,1.118521142508949
19,521.9000000000004,23,-0.04601703110493428,-0.6858537953100392
19,521.9000000000004,24,-0.04601703110493428,0.6858537953100392
19,521.9000000000004,25,-0.04848179395377774,-0.09113042792418365
19,521.9000000000004,26,-0.04848179395377774,0.09113042792418365
19,521.9000000000004,27,-0.05249655381265636,0.0
19,521.9000000000004,28,-0.055740306319550986,-1.5240037007836518
19,521.9000000000004,29,-0.055740306319550986,1.5240037007836518
19,521.9000000000004,30,-0.057846045489591935,-1.2781254112648688
19,521.9000000000004,31,-0.057846045489591935,1.2781254112648688
19,521.9000000000004,32,-0.05895076095232876,-0.6328211810623096
19,521.9000000000004,33,-0.05895076095232876,0.6328211810623096
19,521.9000000000004,34,-0.060959689060649906,-0.010900848504015941
19,521.9000000000004,35,-0.060959689060649906,0.010900848504015941
19,521.9000000000004,36,-0.06280384633257292,-0.9854255993840367
19,521.9000000000004,37,-0.06280384633257292,0.9854255993840367
19,521.9000000000004,38,-0.06289647431693508,-0.13216168189455835
19,521.9000000000004,39,-0.06289647431693508,0.13216168189455835
19,521.9000000000004,40,-0.06534500276890552,-0.4140939750800755
19,521.9000000000004,41,-0.06534500276890552,0.4140939750800755
19,521.9000000000004,42,-0.06690610485681237,-0.914527979236922
19,521.9000000000004,43,-0.06690610485681237,0.914527979236922
19,521.9000000000004,44,-0.0693397366596421,-0.2492674542448958
19,521.9000000000004,45,-0.0693397366596421,0.2492674542448958
19,521.9000000000004,46,-0.0717750221036318,0.0
19,521.9000000000004,47,-0.0724518642006858,-0.743837066914834
19,521.9000000000004,48,-0.0724518642006858,0.743837066914834
19,521.9000000000004,49,-0.07345596854002655,-0.028305414614554113
19,521.9000000000004,50,-0.07345596854002655,0.028305414614554113
19,521.9000000000004,51,-0.07416889782027689,-0.3771705694503513
19,521.9000000000004,52,-0.07416889782027689,0.3771705694503513
19,521.9000000000004,53,-0.07729340934054514,-1.2070264515791251
19,521.9000000000004,54,-0.07729340934054514,1.2070264515791251
19,521.9000000000004,55,-0.07785454470981126,-0.288316992290559
19,521.9000000000004,56,-0.07785454470981126,0.288316992290559
19,521.9000000000004,57,-0.07984571698134824,-0.5498313081976652
19,521.9000000000004,58,-0.07984571698134824,0.5498313081976652
19,521.9000000000004,59,-0.0804592572575039,-1.0007018814797433
19,521.9000000000004,60,-0.0804592572575039,1.0007018814797433
19,521.9000000000004,61,-0.09025445550587566,-0.3417052696381969
19,521.9000000000004,62,-0.09025445550587566,0.3417052696381969
19,521.9000000000004,63,-0.09533033151299884,-0.4757648783930932
19,521.9000000000004,64,-0.09533033151299884,0.4757648783930932
20,522.0,1,0.05135616798473294,0.0
20,522.0,2,-0.0010454139383646033,-0.14355415792478923
20,522.0,3,-0.0010454139383646033,0.14355415792478923
20,522.0,4,-0.005531715364487332,-0.6630565556770357
20,522.0,5,-0.005531715364487332,0.6630565556770357
20,522.0,6,-0.018944782399154928,0.0
20,522.0,7,-0.01951822809306955,-1.1584436980340893
20,522.0,8,-0.01951822809306955,1.1584436980340893
20,522.0,9,-0.02331670983999317,-0.3507016088602832
20,522.0,10,-0.02331670983999317,0.3507016088602832
20,522.0,11,-0.023575015665414867,-0.023027319889609873
20,522.0,12,-0.023575015665414867,0.023027319889609873
20,522.0,13,-0.024956339321732506,-0.07764167660554926
20,522.0,14,-0.024956339321732506,0.07764167660554926
20,522.0,15,-0.0266278393194036,-0.7412209631542599
20,522.0,16,-0.0266278393194036,0.7412209631542599
20,522.0,17,-0.03430657696392127,-0.6073895981084437
20,522.0,18,-0.03430657696392127,0.6073895981084437
20,522.0,19,-0.038291011975520525,-0.2359459884891006
20,522.0,20,-0.038291011975520525,0.2359459884891006
20,522.0,21,-0.04149000553717108,-1.1185286982174087
20,522.0,22,-0.04149000553717108,1.1185286982174087
20,522.0,23,-0.045977645358296085,-0.6858592669122793
20,522.0,24,-0.045977645358296085,0.6858592669122793
20,522.0,25,-0.048461062826697945,-0.09112799685751574
20,522.0,26,-0.048461062826697945,0.09112799685751574
20,522.0,27,-0.05246872462107961,0.0
20,522.0,28,-0.05570725631217516,-1.5240063983958723
20,522.0,29,-0.05570725631217516,1.5240063983958723
20,522.0,30,-0.05779408467322483,-1.2781128342560029
20,522.0,31,-0.05779408467322483,1.2781128342560029
20,522.0,32,-0.058919995241915955,-0.6328292416245918
20,522.0,33,-0.058919995241915955,0.6328292416245918
20,522.0,34,-0.06094433225510968,-0.010907604898925822
20,522.0,35,-0.06094433225510968,0.010907604898925822
20,522.0,36,-0.062755608743372,-0.9854022988047786
20,522.0,37,-0.062755608743372,0.9854022988047786
20,522.0,38,-0.0628700616370399,-0.1321697018306923
20,522.0,39,-0.0628700616370399,0.1321697018306923
20,522.0,40,-0.06531539988488308,-0.4140879548242327
20,522.0,41,-0.06531539988488308,0.4140879548242327
20,522.0,42,-0.06687225034610153,-0.9145313631231669
20,522.0,43,-0.06687225034610153,0.9145313631231669
20,522.0,44,-0.06933481246436297,-0.24926345426256355
20,522.0,45,-0.06933481246436297,0.24926345426256355
20,522.0,46,-0.07174572136803366,0.0
20,522.0,47,-0.07240308497584616,-0.7438286365694075
20,522.0,48,-0.07240308497584616,0.7438286365694075
20,522.0,49,-0.07342926614141351,-0.028313061262787712
20,522.0,50,-0.07342926614141351,0.028313061262787712
20,522.0,51,-0.07412939268639254,-0.37715892139779694
20,522.0,52,-0.07412939268639254,0.37715892139779694
20,522.0,53,-0.07726176995670225,-1.207028099511795
20,522.0,54,-0.07726176995670225,1.207028099511795
20,522.0,55,-0.07780298236067712,-0.2882975048604668
20,522.0,56,-0.07780298236067712,0.2882975048604668
20,522.0,57,-0.0798170900621777,-0.549819202281139
20,522.0,58,-0.0798170900621777,0.549819202281139
20,522.0,59,-0.08040638209444284,-1.0006965001948915
20,522.0,60,-0.08040638209444284,1.0006965001948915
20,522.0,61,-0.09022903255483569,-0.3417195889405539
20,522.0,62,-0.09022903255483569,0.3417195889405539
20,522.0,63,-0.09530979442597906,-0.4757685633011046
20,522.0,64,-0.09530979442597906,0.4757685633011046
21,522.1,1,0.05135735012996566,0.0
21,522.1,2,-0.0010016346942365445,-0.14354832314792376
21,522.1,3,-0.0010016346942365445,0.14354832314792376
21,522.1,4,-0.005481029629242622,-0.6630513519361396
21,522.1,5,-0.005481029629242622,0.6630513519361396
21,522.1,6,-0.018942394499919465,0.0
21,522.1,7,-0.019475979651372075,-1.1584432763830865
21,522.1,8,-0.019475979651372075,1.1584432763830865
21,522.1,9,-0.023274496483054484,-0.35070465926223504
21,522.1,10,-0.023274496483054484,0.35070465926223504
21,522.1,11,-0.02356386733900677,-0.02301649085546509
21,522.1,12,-0.02356386733900677,0.02301649085546509
21,522.1,13,-0.02495763705418834,-0.07763233038573447
21,522.1,14,-0.02495763705418834,0.07763233038573447
21,522.1,15,-0.026589153591254897,-0.7412250913358533
21,522.1,16,-0.026589153591254897,0.7412250913358533
21,522.1,17,-0.03426895932599586,-0.6073875903423375
21,522.1,18,-0.03426895932599586,0.6073875903423375
21,522.1,19,-0.038241845942749084,-0.23595260701501036
21,522.1,20,-0.038241845942749084,0.23595260701501036
21,522.1,21,-0.04145803993247785,-1.118536254554148
21,522.1,22,-0.04145803993247785,1.118536254554148
21,522.1,23,-0.045938272125215174,-0.6858647357571592
21,522.1,24,-0.045938272125215174,0.6858647357571592
21,522.1,25,-0.04844034404550048,-0.09112557483692603
21,522.1,26,-0.04844034404550048,0.09112557483692603
21,522.1,27,-0.052440919370431285,0.0
21,522.1,28,-0.055674220160182086,-1.5240090913673405
21,522.1,29,-0.055674220160182086,1.5240090913673405
21,522.1,30,-0.05774213860241409,-1.2781002379467725
21,522.1,31,-0.05774213860241409,1.2781002379467725
21,522.1,32,-0.05888924497786766,-0.6328372988244714
21,522.1,33,-0.05888924497786766,0.6328372988244714
21,522.1,34,-0.060928983143989465,-0.010914335913525938
21,522.1,35,-0.060928983143989465,0.010914335913525938
21,522.1,36,-0.06270738169670698,-0.9853789759165934
21,522.1,37,-0.06270738169670698,0.9853789759165934
21,522.1,38,-0.06284365948614504,-0.13217772367119476
21,522.1,39,-0.06284365948614504,0.13217772367119476
21,522.1,40,-0.06528581040119778,-0.41408193333346904
21,522.1,41,-0.06528581040119778,0.41408193333346904
21,522.1,42,-0.06683840769827909,-0.9145347435908052
21,522.1,43,-0.06683840769827909,0.9145347435908052
21,522.1,44,-0.06932988205719293,-0.2492594752353353
21,522.1,45,-0.06932988205719293,0.2492594752353353
21,522.1,46,-0.07171644238672079,0.0
21,522.1,47,-0.07235432054141351,-0.7438201893427762
21,522.1,48,-0.07235432054141351,0.7438201893427762
21,522.1,49,-0.07340256292288022,-0.02832066895870353
21,522.1,50,-0.07340256292288022,0.02832066895870353
21,522.1,51,-0.07408990159855353,-0.37714726750580035
21,522.1,52,-0.07408990159855353,0.37714726750580035
21,522.1,53,-0.07723013836387735,-1.2070297416417426
21,522.1,54,-0.07723013836387735,1.2070297416417426
21,522.1,55,-0.07775143632615203,-0.2882780175661856
21,522.1,56,-0.07775143632615203,0.2882780175661856
21,522.1,57,-0.07978847485355031,-0.5498070911657555
21,522.1,58,-0.07978847485355031,0.5498070911657555
21,522.1,59,-0.0803535329068265,-1.0006911167948593
21,522.1,60,-0.0803535329068265,1.0006911167948593
21,522.1,61,-0.0902036192443037,-0.3417339059782303
21,522.1,62,-0.0902036192443037,0.3417339059782303
21,522.1,63,-0.09528926552419038,-0.47577223379095823
21,522.1,64,-0.09528926552419038,0.47577223379095823
22,522.2,1,0.05135853636052075,0.0
22,522.2,2,-0.0009578762260854037,-0.14354246765064232
22,522.2,3,-0.0009578762260854037,0.14354246765064232
22,522.2,4,-0.00543036449263982,-0.6630461307071033
22,522.2,5,-0.00543036449263982,0.6630461307071033
22,522.2,6,-0.01894001278113869,0.0
22,522.2,7,-0.01943374642271397,-1.1584428442396841
22,522.2,8,-0.01943374642271397,1.1584428442396841
22,522.2,9,-0.023232303516083023,-0.35070772640818954
22,522.2,10,-0.023232303516083023,0.35070772640818954
22,522.2,11,-0.02355272198032265,-0.02300564755832251
22,522.2,12,-0.02355272198032265,0.02300564755832251
22,522.2,13,-0.024958932916201583,-0.07762297926321708
22,522.2,14,-0.024958932916201583,0.07762297926321708
22,522.2,15,-0.026550487311386012,-0.741229224293443
22,522.2,16,-0.026550487311386012,0.741229224293443
22,522.2,17,-0.03423135232414178,-0.6073855718246657
22,522.2,18,-0.03423135232414178,0.6073855718246657
22,522.2,19,-0.03819271236611185,-0.23595919008746458
22,522.2,20,-0.03819271236611185,0.23595919008746458
22,522.2,21,-0.04142608663087177,-1.118543811544492
22,522.2,22,-0.04142608663087177,1.118543811544492
22,522.2,23,-0.045898911392488057,-0.6858702018522875
22,522.2,24,-0.045898911392488057,0.6858702018522875
22,522.2,25,-0.04841963763499486,-0.09112316188912493
22,522.2,26,-0.04841963763499486,0.09112316188912493
22,522.2,27,-0.05241313779327264,0.0
22,522.2,28,-0.055641197863552455,-1.5240117797053576
22,522.2,29,-0.055641197863552455,1.5240117797053576
22,522.2,30,-0.05769020725945895,-1.2780876222756583
22,522.2,31,-0.05769020725945895,1.2780876222756583
22,522.2,32,-0.05885851015989451,-0.6328453526813329
22,522.2,33,-0.05885851015989451,0.6328453526813329
22,522.2,34,-0.06091364170018254,-0.010921041815417424
22,522.2,35,-0.06091364170018254,0.010921041815417424
22,522.2,36,-0.06265916519396163,-0.9853556306900444
22,522.2,37,-0.06265916519396163,0.9853556306900444
22,522.2,38,-0.06281726785258973,-0.13218574740000574
22,522.2,39,-0.06281726785258973,0.13218574740000574
22,522.2,40,-0.06525623431348516,-0.4140759106062801
22,522.2,41,-0.06525623431348516,0.4140759106062801
22,522.2,42,-0.06680457690637176,-0.9145381206437947
22,522.2,43,-0.06680457690637176,0.9145381206437947
22,522.2,44,-0.06932494542499823,-0.2492555170345876
22,522.2,45,-0.06932494542499823,0.2492555170345876
22,522.2,46,-0.07168718541440537,0.0
22,522.2,47,-0.07230557087790498,-0.7438117251948314
22,522.2,48,-0.07230557087790498,0.7438117251948314
22,522.2,49,-0.07337585912778832,-0.02832823780943952
22,522.2,50,-0.07337585912778832,0.02832823780943952
22,522.2,51,-0.07405042454535489,-0.3771356077601534
22,522.2,52,-0.07405042454535489,0.3771356077601534
22,522.2,53,-0.07719851455545629,-1.2070313779677342
22,522.2,54,-0.07719851455545629,1.2070313779677342
22,522.2,55,-0.07769990660908264,-0.28825853035829757
22,522.2,56,-0.07769990660908264,0.28825853035829757
22,522.2,57,-0.07975987138242166,-0.5497949748253916
22,522.2,58,-0.07975987138242166,0.5497949748253916
22,522.2,59,-0.08030070966660122,-1.0006857312093649
22,522.2,60,-0.08030070966660122,1.0006857312093649
22,522.2,61,-0.0901782155784,-0.34174822077298034
22,522.2,62,-0.0901782155784,0.34174822077298034
22,522.2,63,-0.09526874483215847,-0.4757758898530076
22,522.2,64,-0.09526874483215847,0.4757758898530076
23,522.3000000000001,1,0.05135972668498536,0.0
23,522.3000000000001,2,-0.0009141385215967572,-0.14353659137230773
23,522.3000000000001,3,-0.0009141385215967572,0.14353659137230773
23,522.3000000000001,4,-0.005379719942880678,-0.6630408919369513
23,522.3000000000001,5,-0.005379719942880678,0.6630408919369513
23,522.3000000000001,6,-0.01893763726396114,0.0
23,522.3000000000001,7,-0.01939152839862115,-1.1584424015840855
23,522.3000000000001,8,-0.01939152839862115,1.1584424015840855
23,522.3000000000001,9,-0.023190130934546638,-0.35071081033001333
23,522.3000000000001,10,-0.023190130934546638,0.35071081033001333
23,522.3000000000001,11,-0.02354157959375831,-0.02299478996152802
23,522.3000000000001,12,-0.02354157959375831,0.02299478996152802
23,522.3000000000001,13,-0.02496022690913162,-0.07761362321791719
23,522.3000000000001,14,-0.02496022690913162,0.07761362321791719
23,522.3000000000001,15,-0.02651184047844707,-0.7412333620483066
23,522.3000000000001,16,-0.02651184047844707,0.7412333620483066
23,522.3000000000001,17,-0.03419375594551359,-0.6073835425298884
23,522.3000000000001,18,-0.03419375594551359,0.6073835425298884
23,522.3000000000001,19,-0.03814361124727196,-0.23596573780513203
23,522.3000000000001,20,-0.03814361124727196,0.23596573780513203
23,522.3000000000001,21,-0.04139414562804123,-1.1185513692139422
23,522.3000000000001,22,-0.04139414562804123,1.1185513692139422
23,522.3000000000001,23,-0.04585956314691999,-0.6858756652053056
23,522.3000000000001,24,-0.04585956314691999,0.6858756652053056
23,522.3000000000001,25,-0.04839894362016431,-0.09112075804094472
23,522.3000000000001,26,-0.04839894362016431,0.09112075804094472
23,522.3000000000001,27,-0.05238537962452222,0.0
23,522.3000000000001,28,-0.0556081894223219,-1.5240144634172819
23,522.3000000000001,29,-0.0556081894223219,1.5240144634172819
23,522.3000000000001,30,-0.0576382906265939,-1.2780749871807313
23,522.3000000000001,31,-0.0576382906265939,1.2780749871807313
23,522.3000000000001,32,-0.05882779078776066,-0.6328534032146398
23,522.3000000000001,33,-0.05882779078776066,0.6328534032146398
23,522.3000000000001,34,-0.06089830789583925,-0.010927722870164162
23,522.3000000000001,35,-0.06089830789583925,0.010927722870164162
23,522.3000000000001,36,-0.06261095923672769,-0.9853322630952852
23,522.3000000000001,37,-0.06261095923672769,0.9853322630952852
23,522.3000000000001,38,-0.06279088672459453,-0.1321937730011756
23,522.3000000000001,39,-0.06279088672459453,0.1321937730011756
23,522.3000000000001,40,-0.06522667161744816,-0.4140698866411647
23,522.3000000000001,41,-0.06522667161744816,0.4140698866411647
23,522.3000000000001,42,-0.06677075796342005,-0.9145414942861735
23,522.3000000000001,43,-0.06677075796342005,0.9145414942861735
23,522.3000000000001,44,-0.0693200025551706,-0.24925157953238733
23,522.3000000000001,45,-0.0693200025551706,0.24925157953238733
23,522.3000000000001,46,-0.07165795070521495,0.0
23,522.3000000000001,47,-0.0722568359657935,-0.7438032440852023
23,522.3000000000001,48,-0.0722568359657935,0.7438032440852023
23,522.3000000000001,49,-0.07334915499811787,-0.028335767922622726
23,522.3000000000001,50,-0.07334915499811787,0.028335767922622726
23,522.3000000000001,51,-0.0740109615154502,-0.3771239421466158
23,522.3000000000001,52,-0.0740109615154502,0.3771239421466158
23,522.3000000000001,53,-0.07716689852482457,-1.207033008488569
23,522.3000000000001,54,-0.07716689852482457,1.207033008488569
23,522.3000000000001,55,-0.07764839321245481,-0.28823904318720317
23,522.3000000000001,56,-0.07764839321245481,0.28823904318720317
23,522.3000000000001,57,-0.07973127967591664,-0.5497828532338717
23,522.3000000000001,58,-0.07973127967591664,0.5497828532338717
23,522.3000000000001,59,-0.08024791234557478,-1.0006803433680427
23,522.3000000000001,60,-0.08024791234557478,1.0006803433680427
23,522.3000000000001,61,-0.0901528215611632,-0.34176253334653695
23,522.3000000000001,62,-0.0901528215611632,0.34176253334653695
23,522.3000000000001,63,-0.0952482323744332,-0.4757795314775572
23,522.3000000000001,64,-0.0952482323744332,0.4757795314775572
24,522.4000000000001,1,0.05136092111199528,0.0
24,522.4000000000001,2,-0.0008704215684683728,-0.1435306942520937
24,522.4000000000001,3,-0.0008704215684683728,0.1435306942520937
24,522.4000000000001,4,-0.005329095968198678,-0.6630356355725675
24,522.4000000000001,5,-0.005329095968198678,0.6630356355725675
24,522.4000000000001,6,-0.018935267969679308,0.0
24,522.4000000000001,7,-0.01934932557065172,-1.1584419483964519
24,522.4000000000001,8,-0.01934932557065172,1.1584419483964519
24,522.4000000000001,9,-0.02314797873395599,-0.3507139110596983
24,522.4000000000001,10,-0.02314797873395599,0.3507139110596983
24,522.4000000000001,11,-0.023530440183714557,-0.022983918028311102
24,522.4000000000001,12,-0.023530440183714557,0.022983918028311102
24,522.4000000000001,13,-0.02496151903433467,-0.07760426222965654
24,522.4000000000001,14,-0.02496151903433467,0.07760426222965654
24,522.4000000000001,15,-0.026473213091115416,-0.7412375046217976
24,522.4000000000001,16,-0.026473213091115416,0.7412375046217976
24,522.4000000000001,17,-0.03415617017724891,-0.6073815024323992
24,522.4000000000001,18,-0.03415617017724891,0.6073815024323992
24,522.4000000000001,19,-0.038094542587359795,-0.2359722502659229
24,522.4000000000001,20,-0.038094542587359795,0.2359722502659229
24,522.4000000000001,21,-0.04136221691968925,-1.1185589275880885
24,522.4000000000001,22,-0.04136221691968925,1.1185589275880885
24,522.4000000000001,23,-0.045820227375298186,-0.6858811258238311
24,522.4000000000001,24,-0.045820227375298186,0.6858811258238311
24,522.4000000000001,25,-0.04837826202608043,-0.0911183633193018
24,522.4000000000001,26,-0.04837826202608043,0.0911183633193018
24,522.4000000000001,27,-0.05235764460149986,0.0
24,522.4000000000001,28,-0.05557519483656981,-1.5240171425105395
24,522.4000000000001,29,-0.05557519483656981,1.5240171425105395
24,522.4000000000001,30,-0.05758638868605319,-1.2780623325999139
24,522.4000000000001,31,-0.05758638868605319,1.2780623325999139
24,522.4000000000001,32,-0.05879708686125074,-0.6328614504438821
24,522.4000000000001,33,-0.05879708686125074,0.6328614504438821
24,522.4000000000001,34,-0.06088298170235386,-0.010934379341290268
24,522.4000000000001,35,-0.06088298170235386,0.010934379341290268
24,522.4000000000001,36,-0.06256276382666909,-0.9853088731021451
24,522.4000000000001,37,-0.06256276382666909,0.9853088731021451
24,522.4000000000001,38,-0.06276451609031586,-0.1322018004588214
24,522.4000000000001,39,-0.06276451609031586,0.1322018004588214
24,522.4000000000001,40,-0.06519712230879741,-0.41406386143660856
24,522.4000000000001,41,-0.06519712230879741,0.41406386143660856
24,522.4000000000001,42,-0.0667369508624529,-0.9145448645219604
24,522.4000000000001,43,-0.0667369508624529,0.9145448645219604
24,522.4000000000001,44,-0.06931505343561815,-0.2492476626014942
24,522.4000000000001,45,-0.06931505343561815,0.2492476626014942
24,522.4000000000001,46,-0.07162873851256035,0.0
24,522.4000000000001,47,-0.0722081157855319,-0.7437947459733846
24,522.4000000000001,48,-0.0722081157855319,0.7437947459733846
24,522.4000000000001,49,-0.07332245077456162,-0.028343259406384897
24,522.4000000000001,50,-0.07332245077456162,0.028343259406384897
24,522.4000000000001,51,-0.07397151249749609,-0.3771122706509099
24,522.4000000000001,52,-0.07397151249749609,0.3771122706509099
24,522.4000000000001,53,-0.07713529026534272,-1.2070346332030448
24,522.4000000000001,54,-0.07713529026534272,1.2070346332030448
24,522.4000000000001,55,-0.07759689613935737,-0.28821955600319055
24,522.4000000000001,56,-0.07759689613935737,0.28821955600319055
24,522.4000000000001,57,-0.07970269976122574,-0.5497707263649492
24,522.4000000000001,58,-0.07970269976122574,0.5497707263649492
24,522.4000000000001,59,-0.0801951409154093,-1.0006749532005157
24,522.4000000000001,60,-0.0801951409154093,1.0006749532005157
24,522.4000000000001,61,-0.09012743719659165,-0.3417768437205967
24,522.4000000000001,62,-0.09012743719659165,0.3417768437205967
24,522.4000000000001,63,-0.0952277281756049,-0.4757831586548863
24,522.4000000000001,64,-0.0952277281756049,0.4757831586548863
25,522.5000000000001,1,0.05136211965024662,0.0
25,522.5000000000001,2,-0.0008267253544334864,-0.14352477622882506
25,522.5000000000001,3,-0.0008267253544334864,0.14352477622882506
25,522.5000000000001,4,-0.005278492556828027,-0.6630303615605351
25,522.5000000000001,5,-0.005278492556828027,0.6630303615605351
25,522.5000000000001,6,-0.01893290491973491,0.0
25,522.5000000000001,7,-0.01930713793036093,-1.1584414846568438
25,522.5000000000001,8,-0.01930713793036093,1.1584414846568438
25,522.5000000000001,9,-0.023105846909870904,-0.35071702862948323
25,522.5000000000001,10,-0.023105846909870904,0.35071702862948323
25,522.5000000000001,11,-0.0235193037546084,-0.022973031721750366
25,522.5000000000001,12,-0.0235193037546084,0.022973031721750366
25,522.5000000000001,13,-0.02496280929320275,-0.07759489627807035
25,522.5000000000001,14,-0.02496280929320275,0.07759489627807035
25,522.5000000000001,15,-0.026434605148111856,-0.7412416520354266
25,522.5000000000001,16,-0.026434605148111856,0.7412416520354266
25,522.5000000000001,17,-0.034118595006450814,-0.6073794515064638
25,522.5000000000001,18,-0.034118595006450814,0.6073794515064638
25,522.5000000000001,19,-0.03804550638702953,-0.23597872756691435
25,522.5000000000001,20,-0.03804550638702953,0.23597872756691435
25,522.5000000000001,21,-0.04133030050153383,-1.1185664866926783
25,522.5000000000001,22,-0.04133030050153383,1.1185664866926783
25,522.5000000000001,23,-0.045780904064385064,-0.6858865837155309
25,522.5000000000001,24,-0.045780904064385064,0.6858865837155309
25,522.5000000000001,25,-0.04835759287798046,-0.09111597775132169
25,522.5000000000001,26,-0.04835759287798046,0.09111597775132169
25,522.5000000000001,27,-0.05232993246380448,0.0
25,522.5000000000001,28,-0.055542214106422516,-1.5240198169925585
25,522.5000000000001,29,-0.055542214106422516,1.5240198169925585
25,522.5000000000001,30,-0.05753450142001694,-1.2780496584707426
25,522.5000000000001,31,-0.05753450142001694,1.2780496584707426
25,522.5000000000001,32,-0.05876639838022067,-0.6328694943886142
25,522.5000000000001,33,-0.05876639838022067,0.6328694943886142
25,522.5000000000001,34,-0.06086766309037704,-0.010941011490363207
25,522.5000000000001,35,-0.06086766309037704,0.010941011490363207
25,522.5000000000001,36,-0.06251457896560728,-0.9852854606799811
25,522.5000000000001,37,-0.06251457896560728,0.9852854606799811
25,522.5000000000001,38,-0.06273815593781346,-0.13220982975716075
25,522.5000000000001,39,-0.06273815593781346,0.13220982975716075
25,522.5000000000001,40,-0.06516758638326028,-0.4140578349910353
25,522.5000000000001,41,-0.06516758638326028,0.4140578349910353
25,522.5000000000001,42,-0.06670315559652151,-0.9145482313552243
25,522.5000000000001,43,-0.06670315559652151,0.9145482313552243
25,522.5000000000001,44,-0.06931009805474275,-0.24924376611538385
25,522.5000000000001,45,-0.06931009805474275,0.24924376611538385
25,522.5000000000001,46,-0.07159954908928357,0.0
25,522.5000000000001,47,-0.07215941031751072,-0.7437862308186143
25,522.5000000000001,48,-0.07215941031751072,0.7437862308186143
25,522.5000000000001,49,-0.07329574669648115,-0.0283507123694188
25,522.5000000000001,50,-0.07329574669648115,0.0283507123694188
25,522.5000000000001,51,-0.0739320774802085,-0.37710059325870865
25,522.5000000000001,52,-0.0739320774802085,0.37710059325870865
25,522.5000000000001,53,-0.07710368977037198,-1.2070362521099331
25,522.5000000000001,54,-0.07710368977037198,1.2070362521099331
25,522.5000000000001,55,-0.07754541539302093,-0.28820006875634385
25,522.5000000000001,56,-0.07754541539302093,0.28820006875634385
25,522.5000000000001,57,-0.07967413166568159,-0.5497585941922447
25,522.5000000000001,58,-0.07967413166568159,0.5497585941922447
25,522.5000000000001,59,-0.08014239534759403,-1.0006695606362797
25,522.5000000000001,60,-0.08014239534759403,1.0006695606362797
25,522.5000000000001,61,-0.09010206248860024,-0.34179115191684545
25,522.5000000000001,62,-0.09010206248860024,0.34179115191684545
25,522.5000000000001,63,-0.09520723226029024,-0.47578677137520325
25,522.5000000000001,64,-0.09520723226029024,0.47578677137520325
26,522.6000000000001,1,0.05136332230841772,0.0
26,522.6000000000001,2,-0.0007830498672254035,-0.1435188372412686
26,522.6000000000001,3,-0.0007830498672254035,0.1435188372412686
26,522.6000000000001,4,-0.005227909697046142,-0.6630250698474038
26,522.6000000000001,5,-0.005227909697046142,0.6630250698474038
26,522.6000000000001,6,-0.0189305481357078,0.0
26,522.6000000000001,7,-0.019264965469322735,-1.1584410103453264
26,522.6000000000001,8,-0.019264965469322735,1.1584410103453264
26,522.6000000000001,9,-0.023063735457889104,-0.3507201630716469
26,522.6000000000001,10,-0.023063735457889104,0.3507201630716469
26,522.6000000000001,11,-0.023508170310858174,-0.022962131004831493
26,522.6000000000001,12,-0.023508170310858174,0.022962131004831493
26,522.6000000000001,13,-0.024964097687098334,-0.07758552534274817
26,522.6000000000001,14,-0.024964097687098334,0.07758552534274817
26,522.6000000000001,15,-0.026396016648172108,-0.7412458043107826
26,522.6000000000001,16,-0.026396016648172108,0.7412458043107826
26,522.6000000000001,17,-0.03408103042025076,-0.6073773897263223
26,522.6000000000001,18,-0.03408103042025076,0.6073773897263223
26,522.6000000000001,19,-0.03799650264642689,-0.2359851698045218
26,522.6000000000001,20,-0.03799650264642689,0.2359851698045218
26,522.6000000000001,21,-0.04129839636930671,-1.1185740465534844
26,522.6000000000001,22,-0.04129839636930671,1.1185740465534844
26,522.6000000000001,23,-0.04574159320095991,-0.6858920388880242
26,522.6000000000001,24,-0.04574159320095991,0.6858920388880242
26,522.6000000000001,25,-0.04833693620117018,-0.09111360136407523
26,522.6000000000001,26,-0.04833693620117018,0.09111360136407523
26,522.6000000000001,27,-0.052302242953395306,0.0
26,522.6000000000001,28,-0.055509247232032544,-1.52402248687087
26,522.6000000000001,29,-0.055509247232032544,1.52402248687087
26,522.6000000000001,30,-0.05748262881065347,-1.2780369647306657
26,522.6000000000001,31,-0.05748262881065347,1.2780369647306657
26,522.6000000000001,32,-0.05873572534450974,-0.6328775350684042
26,522.6000000000001,33,-0.05873572534450974,0.6328775350684042
26,522.6000000000001,34,-0.060852352029914056,-0.010947619576904663
26,522.6000000000001,35,-0.060852352029914056,0.010947619576904663
26,522.6000000000001,36,-0.06246640465549335,-0.985262025797976
26,522.6000000000001,37,-0.06246640465549335,0.985262025797976
26,522.6000000000001,38,-0.06271180625509543,-0.1322178608804558
26,522.6000000000001,39,-0.06271180625509543,0.1322178608804558
26,522.6000000000001,40,-0.06513806383659759,-0.4140518073029003
26,522.6000000000001,41,-0.06513806383659759,0.4140518073029003
26,522.6000000000001,42,-0.06666937215867569,-0.9145515947900343
26,522.6000000000001,43,-0.06666937215867569,0.9145515947900343
26,522.6000000000001,44,-0.06930513640145014,-0.24923988994821333
26,522.6000000000001,45,-0.06930513640145014,0.24923988994821333
26,522.6000000000001,46,-0.07157038268737707,0.0
26,522.6000000000001,47,-0.07211071954210992,-0.743777698580049
26,522.6000000000001,48,-0.07211071954210992,0.743777698580049
26,522.6000000000001,49,-0.07326904300194062,-0.02835812692074205
26,522.6000000000001,50,-0.07326904300194062,0.02835812692074205
26,522.6000000000001,51,-0.07389265645229337,-0.3770889099556666
26,522.6000000000001,52,-0.07389265645229337,0.3770889099556666
26,522.6000000000001,53,-0.07707209703325443,-1.20703786520801
26,522.6000000000001,54,-0.07707209703325443,1.20703786520801
26,522.6000000000001,55,-0.07749395097675604,-0.28818058139671443
26,522.6000000000001,56,-0.07749395097675604,0.28818058139671443
26,522.6000000000001,57,-0.07964557541665163,-0.5497464566894151
26,522.6000000000001,58,-0.07964557541665163,0.5497464566894151
26,522.6000000000001,59,-0.08008967561353016,-1.000664165604954
26,522.6000000000001,60,-0.08008967561353016,1.000664165604954
26,522.6000000000001,61,-0.0900766974410907,-0.3418054579569217
26,522.6000000000001,62,-0.0900766974410907,0.3418054579569217
26,522.6000000000001,63,-0.09518674465315495,-0.4757903696287112
26,522.6000000000001,64,-0.09518674465315495,0.4757903696287112
27,522.7000000000002,1,0.05136452909525627,0.0
27,522.7000000000002,2,-0.0007393950946058131,-0.14351287722789538
27,522.7000000000002,3,-0.0007393950946058131,0.14351287722789538
27,522.7000000000002,4,-0.005177347377137778,-0.6630197603794364
27,522.7000000000002,5,-0.005177347377137778,0.6630197603794364
27,522.7000000000002,6,-0.018928197639334784,0.0
27,522.7000000000002,7,-0.019222808179127582,-1.1584405254418657
27,522.7000000000002,8,-0.019222808179127582,1.1584405254418657
27,522.7000000000002,9,-0.023021644373659222,-0.35072331441867527
27,522.7000000000002,10,-0.023021644373659222,0.35072331441867527
27,522.7000000000002,11,-0.023497039856883457,-0.022951215840390313
27,522.7000000000002,12,-0.023497039856883457,0.022951215840390313
27,522.7000000000002,13,-0.024965384217434574,-0.07757614940309676
27,522.7000000000002,14,-0.024965384217434574,0.07757614940309676
27,522.7000000000002,15,-0.02635744759008271,-0.7412499614695632
27,522.7000000000002,16,-0.02635744759008271,0.7412499614695632
27,522.7000000000002,17,-0.03404347640575241,-0.6073753170661097
27,522.7000000000002,18,-0.03404347640575241,0.6073753170661097
27,522.7000000000002,19,-0.03794753136520978,-0.23599157707433902
27,522.7000000000002,20,-0.03794753136520978,0.23599157707433902
27,522.7000000000002,21,-0.041266504518744085,-1.1185816071964383
27,522.7000000000002,22,-0.041266504518744085,1.1185816071964383
27,522.7000000000002,23,-0.045702294771768404,-0.6858974913489477
27,522.7000000000002,24,-0.045702294771768404,0.6858974913489477
27,522.7000000000002,25,-0.048316292021115675,-0.09111123418481014
27,522.7000000000002,26,-0.048316292021115675,0.09111123418481014
27,522.7000000000002,27,-0.052274575814457463,0.0
27,522.7000000000002,28,-0.055476294213603505,-1.5240251521529886
27,522.7000000000002,29,-0.055476294213603505,1.5240251521529886
27,522.7000000000002,30,-0.05743077084010276,-1.2780242513168276
27,522.7000000000002,31,-0.05743077084010276,1.2780242513168276
27,522.7000000000002,32,-0.05870506775401771,-0.6328855725028626
27,522.7000000000002,33,-0.05870506775401771,0.6328855725028626
27,522.7000000000002,34,-0.060837048490265014,-0.010954203858493628
27,522.7000000000002,35,-0.060837048490265014,0.010954203858493628
27,522.7000000000002,36,-0.06241824089839657,-0.9852385684248683
27,522.7000000000002,37,-0.06241824089839657,0.9852385684248683
27,522.7000000000002,38,-0.06268546703005928,-0.1322258938130644
27,522.7000000000002,39,-0.06268546703005928,0.1322258938130644
27,522.7000000000002,40,-0.06510855466459255,-0.41404577837061624
27,522.7000000000002,41,-0.06510855466459255,0.41404577837061624
27,522.7000000000002,42,-0.06663560054197015,-0.9145549548304936
27,522.7000000000002,43,-0.06663560054197015,0.9145549548304936
27,522.7000000000002,44,-0.06930016846513429,-0.24923603397483848
27,522.7000000000002,45,-0.06930016846513429,0.24923603397483848
27,522.7000000000002,46,-0.07154123955818358,0.0
27,522.7000000000002,47,-0.07206204343968145,-0.7437691492166496
27,522.7000000000002,48,-0.07206204343968145,0.7437691492166496
27,522.7000000000002,49,-0.07324233992771431,-0.028365503169889922
27,522.7000000000002,50,-0.07324233992771431,0.028365503169889922
27,522.7000000000002,51,-0.07385324940250093,-0.3770772207273875
27,522.7000000000002,52,-0.07385324940250093,0.3770772207273875
27,522.7000000000002,53,-0.07704051204733459,-1.2070394724960538
27,522.7000000000002,54,-0.07704051204733459,1.2070394724960538
27,522.7000000000002,55,-0.07744250289400917,-0.2881610938741617
27,522.7000000000002,56,-0.07744250289400917,0.2881610938741617
27,522.7000000000002,57,-0.07961703104164311,-0.5497343138299998
27,522.7000000000002,58,-0.07961703104164311,0.5497343138299998
27,522.7000000000002,59,-0.08003698168445783,-1.0006587680360435
27,522.7000000000002,60,-0.08003698168445783,1.0006587680360435
27,522.7000000000002,61,-0.09005134205788795,-0.3418197618624402
27,522.7000000000002,62,-0.09005134205788795,0.3418197618624402
27,522.7000000000002,63,-0.09516626537888595,-0.47579395340553415
27,522.7000000000002,64,-0.09516626537888595,0.47579395340553415
28,522.8000000000002,1,0.05136574001952919,0.0
28,522.8000000000002,2,-0.0006957610243504692,-0.14350689612692014
28,522.8000000000002,3,-0.0006957610243504692,0.14350689612692014
28,522.8000000000002,4,-0.005126805585396049,-0.6630144331027289
28,522.8000000000002,5,-0.005126805585396049,0.6630144331027289
28,522.8000000000002,6,-0.018925853452493136,0.0
28,522.8000000000002,7,-0.01918066605136451,-1.158440029926437
28,522.8000000000002,8,-0.01918066605136451,1.158440029926437
28,522.8000000000002,9,-0.02297957365286675,-0.3507264827032294
28,522.8000000000002,10,-0.02297957365286675,0.3507264827032294
28,522.8000000000002,11,-0.023485912397116664,-0.022940286191147973
28,522.8000000000002,12,-0.023485912397116664,0.022940286191147973
28,522.8000000000002,13,-0.02496666888560104,-0.07756676843841372
28,522.8000000000002,14,-0.02496666888560104,0.07756676843841372
28,522.8000000000002,15,-0.026318897972655516,-0.7412541235336259
28,522.8000000000002,16,-0.026318897972655516,0.7412541235336259
28,522.8000000000002,17,-0.03400593295003998,-0.6073732334998793
28,522.8000000000002,18,-0.03400593295003998,0.6073732334998793
28,522.8000000000002,19,-0.037898592542562635,-0.23599794947120917
28,522.8000000000002,20,-0.037898592542562635,0.23599794947120917
28,522.8000000000002,21,-0.04123462494561994,-1.1185891686476221
28,522.8000000000002,22,-0.04123462494561994,1.1185891686476221
28,522.8000000000002,23,-0.045663008763563134,-0.6859029411059612
28,522.8000000000002,24,-0.045663008763563134,0.6859029411059612
28,522.8000000000002,25,-0.04829566036338434,-0.09110887624087655
28,522.8000000000002,26,-0.04829566036338434,0.09110887624087655
28,522.8000000000002,27,-0.05224693079339343,0.0
28,522.8000000000002,28,-0.05544335505139766,-1.524027812846575
28,522.8000000000002,29,-0.05544335505139766,1.524027812846575
28,522.8000000000002,30,-0.057378927490477634,-1.2780115181660767
28,522.8000000000002,31,-0.057378927490477634,1.2780115181660767
28,522.8000000000002,32,-0.058674425608675224,-0.6328936067116704
28,522.8000000000002,33,-0.058674425608675224,0.6328936067116704
28,522.8000000000002,34,-0.06082175244001013,-0.01096076459081329
28,522.8000000000002,35,-0.06082175244001013,0.01096076459081329
28,522.8000000000002,36,-0.06237008769652906,-0.9852150885290579
28,522.8000000000002,37,-0.06237008769652906,0.9852150885290579
28,522.8000000000002,38,-0.06265913825053751,-0.13223392853942412
28,522.8000000000002,39,-0.06265913825053751,0.13223392853942412
28,522.8000000000002,40,-0.06507905886305963,-0.41403974819257855
28,522.8000000000002,41,-0.06507905886305963,0.41403974819257855
28,522.8000000000002,42,-0.06660184073946744,-0.9145583114807422
28,522.8000000000002,43,-0.06660184073946744,0.9145583114807422
28,522.8000000000002,44,-0.06929519423567146,-0.2492321980708125
28,522.8000000000002,45,-0.06929519423567146,0.2492321980708125
28,522.8000000000002,46,-0.071512119952516,0.0
28,522.8000000000002,47,-0.0720133819905176,-0.7437605826871698
28,522.8000000000002,48,-0.0720133819905176,0.7437605826871698
28,522.8000000000002,49,-0.0732156377092676,-0.028372841226841333
28,522.8000000000002,50,-0.0732156377092676,0.028372841226841333
28,522.8000000000002,51,-0.07381385631961017,-0.37706552555945366
28,522.8000000000002,52,-0.07381385631961017,0.37706552555945366
28,522.8000000000002,53,-0.07700893480593743,-1.2070410739728572
28,522.8000000000002,54,-0.07700893480593743,1.2070410739728572
28,522.8000000000002,55,-0.07739107114833345,-0.28814160613841333
28,522.8000000000002,56,-0.07739107114833345,0.28814160613841333
28,522.8000000000002,57,-0.07958849856824998,-0.5497221655874723
28,522.8000000000002,58,-0.07958849856824998,0.5497221655874723
28,522.8000000000002,59,-0.07998431353147903,-1.0006533678590324
28,522.8000000000002,60,-0.07998431353147903,1.0006533678590324
28,522.8000000000002,61,-0.09002599634275445,-0.3418340636549929
28,522.8000000000002,62,-0.09002599634275445,0.3418340636549929
28,522.8000000000002,63,-0.09514579446221924,-0.4757975226958071
28,522.8000000000002,64,-0.09514579446221924,0.4757975226958071
29,522.9000000000002,1,0.05136695509004687,0.0
29,522.9000000000002,2,-0.0006521476442591552,-0.14350089387637235
29,522.9000000000002,3,-0.0006521476442591552,0.14350089387637235
29,522.9000000000002,4,-0.005076284310152779,-0.6630090879631914
29,522.9000000000002,5,-0.005076284310152779,0.6630090879631914
29,522.9000000000002,6,-0.018923515597219265,0.0
29,522.9000000000002,7,-0.01913853907765828,-1.1584395237789031
29,522.9000000000002,8,-0.01913853907765828,1.1584395237789031
29,522.9000000000002,9,-0.022937523291248152,-0.35072966795810107
29,522.9000000000002,10,-0.022937523291248152,0.35072966795810107
29,522.9000000000002,11,-0.023474787935992593,-0.022929342019682553
29,522.9000000000002,12,-0.023474787935992593,0.022929342019682553
29,522.9000000000002,13,-0.024967951693020157,-0.07755738242786318
29,522.9000000000002,14,-0.024967951693020157,0.07755738242786318
29,522.9000000000002,15,-0.026280367794734916,-0.7412582905249135
29,522.9000000000002,16,-0.026280367794734916,0.7412582905249135
29,522.9000000000002,17,-0.03396840004019641,-0.6073711390015966
29,522.9000000000002,18,-0.03396840004019641,0.6073711390015966
29,522.9000000000002,19,-0.03784968617719375,-0.23600428708921767
29,522.9000000000002,20,-0.03784968617719375,0.23600428708921767
29,522.9000000000002,21,-0.041202757645703775,-1.1185967309331493
29,522.9000000000002,22,-0.041202757645703775,1.1185967309331493
29,522.9000000000002,23,-0.04562373516307702,-0.6859083881667073
29,522.9000000000002,24,-0.04562373516307702,0.6859083881667073
29,522.9000000000002,25,-0.04827504125367839,-0.09110652755970496
29,522.9000000000002,26,-0.04827504125367839,0.09110652755970496
29,522.9000000000002,27,-0.05221930763882486,0.0
29,522.9000000000002,28,-0.055410429745687856,-1.524030468959246
29,522.9000000000002,29,-0.055410429745687856,1.524030468959246
29,522.9000000000002,30,-0.05732709874383676,-1.2779987652150864
29,522.9000000000002,31,-0.05732709874383676,1.2779987652150864
29,522.9000000000002,32,-0.05864379890844082,-0.6329016377145122
29,522.9000000000002,33,-0.05864379890844082,0.6329016377145122
29,522.9000000000002,34,-0.06080646384711338,-0.010967302027595494
29,522.9000000000002,35,-0.06080646384711338,0.010967302027595494
29,522.9000000000002,36,-0.06232194505221289,-0.9851915860785776
29,522.9000000000002,37,-0.06232194505221289,0.9851915860785776
29,522.9000000000002,38,-0.0626328199042752,-0.13224196504405103
29,522.9000000000002,39,-0.0626328199042752,0.13224196504405103
29,522.9000000000002,40,-0.06504957642782064,-0.4140337167671638
29,522.9000000000002,41,-0.06504957642782064,0.4140337167671638
29,522.9000000000002,42,-0.06656809274423575,-0.9145616647449243
29,522.9000000000002,43,-0.06656809274423575,0.9145616647449243
29,522.9000000000002,44,-0.06929021370341168,-0.24922838211237516
29,522.9000000000002,45,-0.06929021370341168,0.24922838211237516
29,522.9000000000002,46,-0.07148302412039215,0.0
29,522.9000000000002,47,-0.07196473517489366,-0.7437519989502055
29,522.9000000000002,48,-0.07196473517489366,0.7437519989502055
29,522.9000000000002,49,-0.07318893658079226,-0.028380141201972485
29,522.9000000000002,50,-0.07318893658079226,0.028380141201972485
29,522.9000000000002,51,-0.07377447719242233,-0.3770538244373913
29,522.9000000000002,52,-0.07377447719242233,0.3770538244373913
29,522.9000000000002,53,-0.07697736530237984,-1.2070426696371614
29,522.9000000000002,54,-0.07697736530237984,1.2070426696371614
29,522.9000000000002,55,-0.07733965574339793,-0.2881221181390638
29,522.9000000000002,56,-0.07733965574339793,0.2881221181390638
29,522.9000000000002,57,-0.07955997802415782,-0.5497100119352362
29,522.9000000000002,58,-0.07955997802415782,0.5497100119352362
29,522.9000000000002,59,-0.07993167112555519,-1.0006479650033775
29,522.9000000000002,60,-0.07993167112555519,1.0006479650033775
29,522.9000000000002,61,-0.09000066029941962,-0.34184836335614877
29,522.9000000000002,62,-0.09000066029941962,0.34184836335614877
29,522.9000000000002,63,-0.09512533192791321,-0.4758010774895784
29,522.9000000000002,64,-0.09512533192791321,0.4758010774895784
30,523.0000000000002,1,0.05136817431563501,0.0
30,523.0000000000002,2,-0.0006085549421448073,-0.14349487041409825
30,523.0000000000002,3,-0.0006085549421448073,0.14349487041409825
30,523.0000000000002,4,-0.0050257835397490985,-0.6630037249065706
30,523.0000000000002,5,-0.0050257835397490985,0.6630037249065706
30,523.0000000000002,6,-0.018921184095692614,0.0
30,523.0000000000002,7,-0.01909642724962715,-1.158439006979128
30,523.0000000000002,8,-0.01909642724962715,1.158439006979128
30,523.0000000000002,9,-0.022895493284586108,-0.35073287021620864
30,523.0000000000002,10,-0.022895493284586108,0.35073287021620864
30,523.0000000000002,11,-0.023463666477951315,-0.022918383288467268
30,523.0000000000002,12,-0.023463666477951315,0.022918383288467268
30,523.0000000000002,13,-0.02496923264111122,-0.07754799135049698
30,523.0000000000002,14,-0.02496923264111122,0.07754799135049698
30,523.0000000000002,15,-0.026241857055195272,-0.7412624624654593
30,523.0000000000002,16,-0.026241857055195272,0.7412624624654593
30,523.0000000000002,17,-0.033930877663302286,-0.607369033545173
30,523.0000000000002,18,-0.033930877663302286,0.607369033545173
30,523.0000000000002,19,-0.03780081226734928,-0.2360105900217225
30,523.0000000000002,20,-0.03780081226734928,0.2360105900217225
30,523.0000000000002,21,-0.04117090261477745,-1.1186042940792613
30,523.0000000000002,22,-0.04117090261477745,1.1186042940792613
30,523.0000000000002,23,-0.04558447395703988,-0.6859138325388259
30,523.0000000000002,24,-0.04558447395703988,0.6859138325388259
30,523.0000000000002,25,-0.048254434717810164,-0.09110418816879018
30,523.0000000000002,26,-0.048254434717810164,0.09110418816879018
30,523.0000000000002,27,-0.052191706101534216,0.0
30,523.0000000000002,28,-0.05537751829680723,-1.524033120498685
30,523.0000000000002,29,-0.05537751829680723,1.524033120498685
30,523.0000000000002,30,-0.05727528458224365,-1.2779859924002905
30,523.0000000000002,31,-0.05727528458224365,1.2779859924002905
30,523.0000000000002,32,-0.05861318765329411,-0.6329096655311384
30,523.0000000000002,33,-0.05861318765329411,0.6329096655311384
30,523.0000000000002,34,-0.06079118267889312,-0.010973816420683999
30,523.0000000000002,35,-0.06079118267889312,0.010973816420683999
30,523.0000000000002,36,-0.06227381296791765,-0.9851680610412036
30,523.0000000000002,37,-0.06227381296791765,0.9851680610412036
30,523.0000000000002,38,-0.06260651197894387,-0.13225000331152179
30,523.0000000000002,39,-0.06260651197894387,0.13225000331152179
30,523.0000000000002,40,-0.06502010735473396,-0.414027684092734
30,523.0000000000002,41,-0.06502010735473396,0.414027684092734
30,523.0000000000002,42,-0.06653435654935327,-0.914565014627204
30,523.0000000000002,43,-0.06653435654935327,0.914565014627204
30,523.0000000000002,44,-0.06928522685917421,-0.24922458597646455
30,523.0000000000002,45,-0.06928522685917421,0.24922458597646455
30,523.0000000000002,46,-0.07145395231113656,0.0
30,523.0000000000002,47,-0.07191610297306185,-0.7437433979642069
30,523.0000000000002,48,-0.07191610297306185,0.7437433979642069
30,523.0000000000002,49,-0.07316223677522221,-0.028387403206027385
30,523.0000000000002,50,-0.07316223677522221,0.028387403206027385
30,523.0000000000002,51,-0.07373511200976014,-0.3770421173467
30,523.0000000000002,52,-0.07373511200976014,0.3770421173467
30,523.0000000000002,53,-0.07694580352997424,-1.2070442594877677
30,523.0000000000002,54,-0.07694580352997424,1.2070442594877677
30,523.0000000000002,55,-0.07728825668297218,-0.28810262982560036
30,523.0000000000002,56,-0.07728825668297218,0.28810262982560036
30,523.0000000000002,57,-0.07953146943715061,-0.5496978528466863
30,523.0000000000002,58,-0.07953146943715061,0.5496978528466863
30,523.0000000000002,59,-0.0798790544375318,-1.0006425593985773
30,523.0000000000002,60,-0.0798790544375318,1.0006425593985773
30,523.0000000000002,61,-0.08997533393155821,-0.34186266098742957
30,523.0000000000002,62,-0.08997533393155821,0.34186266098742957
30,523.0000000000002,63,-0.09510487780076986,-0.4758046177768739
30,523.0000000000002,64,-0.09510487780076986,0.4758046177768739
31,523.1000000000003,1,0.051369397705184,0.0
31,523.1000000000003,2,-0.0005649829058440858,-0.14348882567756738
31,523.1000000000003,3,-0.0005649829058440858,0.14348882567756738
31,523.1000000000003,4,-0.004975303262544932,-0.6629983438783382
31,523.1000000000003,5,-0.004975303262544932,0.6629983438783382
31,523.1000000000003,6,-0.018918858970253163,0.0
31,523.1000000000003,7,-0.019054330558909947,-1.1584384795068616
31,523.1000000000003,8,-0.019054330558909947,1.1584384795068616
31,523.1000000000003,9,-0.022853483628699517,-0.3507360895107234
31,523.1000000000003,10,-0.022853483628699517,0.3507360895107234
31,523.1000000000003,11,-0.02345254802744395,-0.022907409959814537
31,523.1000000000003,12,-0.02345254802744395,0.022907409959814537
31,523.1000000000003,13,-0.02497051173130227,-0.07753859518519643
31,523.1000000000003,14,-0.02497051173130227,0.07753859518519643
31,523.1000000000003,15,-0.026203365752959562,-0.7412666393774863
31,523.1000000000003,16,-0.026203365752959562,0.7412666393774863
31,523.1000000000003,17,-0.033893365806398894,-0.6073669171043791
31,523.1000000000003,18,-0.033893365806398894,0.6073669171043791
31,523.1000000000003,19,-0.03775197081081967,-0.2360168583612536
31,523.1000000000003,20,-0.03775197081081967,0.2360168583612536
31,523.1000000000003,21,-0.04113905984865854,-1.1186118581123863
31,523.1000000000003,22,-0.04113905984865854,1.1186118581123863
31,523.1000000000003,23,-0.04554522513216476,-0.6859192742299804
31,523.1000000000003,24,-0.04554522513216476,0.6859192742299804
31,523.1000000000003,25,-0.04823384078174087,-0.09110185809580747
31,523.1000000000003,26,-0.04823384078174087,0.09110185809580747
31,523.1000000000003,27,-0.0521641259344026,0.0
31,523.1000000000003,28,-0.055344620705140235,-1.5240357674726646
31,523.1000000000003,29,-0.055344620705140235,1.5240357674726646
31,523.1000000000003,30,-0.05722348498770727,-1.2779731996577617
31,523.1000000000003,31,-0.05722348498770727,1.2779731996577617
31,523.1000000000003,32,-0.05858259184328335,-0.6329176901813482
31,523.1000000000003,33,-0.05858259184328335,0.6329176901813482
31,523.1000000000003,34,-0.06077590890194842,-0.010980308020121328
31,523.1000000000003,35,-0.06077590890194842,0.010980308020121328
31,523.1000000000003,36,-0.06222569144623497,-0.9851445133841729
31,523.1000000000003,37,-0.06222569144623497,0.9851445133841729
31,523.1000000000003,38,-0.06258021446212471,-0.13225804332653784
31,523.1000000000003,39,-0.06258021446212471,0.13225804332653784
31,523.1000000000003,40,-0.06499065163968298,-0.4140216501676373
31,523.1000000000003,41,-0.06499065163968298,0.4140216501676373
31,523.1000000000003,42,-0.06650063214789365,-0.9145683611317834
31,523.1000000000003,43,-0.06650063214789365,0.9145683611317834
31,523.1000000000003,44,-0.0692802336942405,-0.2492208095406949
31,523.1000000000003,45,-0.0692802336942405,0.2492208095406949
31,523.1000000000003,46,-0.07142490477367446,0.0
31,523.1000000000003,47,-0.07186748536520902,-0.7437347796873702
31,523.1000000000003,48,-0.07186748536520902,0.7437347796873702
31,523.1000000000003,49,-0.07313553852418692,-0.02839462735024155
31,523.1000000000003,50,-0.07313553852418692,0.02839462735024155
31,523.1000000000003,51,-0.07369576076048857,-0.37703040427284035
31,523.1000000000003,52,-0.07369576076048857,0.37703040427284035
31,523.1000000000003,53,-0.07691424948201919,-1.2070458435234035
31,523.1000000000003,54,-0.07691424948201919,1.2070458435234035
31,523.1000000000003,55,-0.07723687397098022,-0.2880831411473004
31,523.1000000000003,56,-0.07723687397098022,0.2880831411473004
31,523.1000000000003,57,-0.07950297283514796,-0.5496856882950492
31,523.1000000000003,58,-0.07950297283514796,0.5496856882950492
31,523.1000000000003,59,-0.07982646343808467,-1.0006371509739695
31,523.1000000000003,60,-0.07982646343808467,1.0006371509739695
31,523.1000000000003,61,-0.08995001724277096,-0.3418769565703453
31,523.1000000000003,62,-0.08995001724277096,0.3418769565703453
31,523.1000000000003,63,-0.09508443210563418,-0.47580814354766837
31,523.1000000000003,64,-0.09508443210563418,0.47580814354766837
32,523.2000000000003,1,0.05137062526758669,0.0
32,523.2000000000003,2,-0.0005214315232070221,-0.14348275960418844
32,523.2000000000003,3,-0.0005214315232070221,0.14348275960418844
32,523.2000000000003,4,-0.004924843466922705,-0.6629929448238704
32,523.2000000000003,5,-0.004924843466922705,0.6629929448238704
32,523.2000000000003,6,-0.018916540243388846,0.0
32,523.2000000000003,7,-0.01901224899715681,-1.1584379413418666
32,523.2000000000003,8,-0.01901224899715681,1.1584379413418666
32,523.2000000000003,9,-0.022811494319463766,-0.350739325874874
32,523.2000000000003,10,-0.022811494319463766,0.350739325874874
32,523.2000000000003,11,-0.023441432588915873,-0.022896421995932923
32,523.2000000000003,12,-0.023441432588915873,0.022896421995932923
32,523.2000000000003,13,-0.02497178896504426,-0.07752919391075634
32,523.2000000000003,14,-0.02497178896504426,0.07752919391075634
32,523.2000000000003,15,-0.026164893886969534,-0.7412708212832679
32,523.2000000000003,16,-0.026164893886969534,0.7412708212832679
32,523.2000000000003,17,-0.03385586445655036,-0.6073647896529751
32,523.2000000000003,18,-0.03385586445655036,0.6073647896529751
32,523.2000000000003,19,-0.03770316180494311,-0.236023092199672
32,523.2000000000003,20,-0.03770316180494311,0.236023092199672
32,523.2000000000003,21,-0.04110722934315589,-1.1186194230589572
32,523.2000000000003,22,-0.04110722934315589,1.1186194230589572
32,523.2000000000003,23,-0.045505988675164616,-0.6859247132478156
32,523.2000000000003,24,-0.045505988675164616,0.6859247132478156
32,523.2000000000003,25,-0.04821325947152627,-0.09109953736843994
32,523.2000000000003,26,-0.04821325947152627,0.09109953736843994
32,523.2000000000003,27,-0.052136566892450276,0.0
32,523.2000000000003,28,-0.05531173697109559,-1.5240384098889888
32,523.2000000000003,29,-0.05531173697109559,1.5240384098889888
32,523.2000000000003,30,-0.05717169994222615,-1.2779603869234606
32,523.2000000000003,31,-0.05717169994222615,1.2779603869234606
32,523.2000000000003,32,-0.05855201147844928,-0.6329257116849529
32,523.2000000000003,33,-0.05855201147844928,0.6329257116849529
32,523.2000000000003,34,-0.060760642482342066,-0.01098677707403333
32,523.2000000000003,35,-0.060760642482342066,0.01098677707403333
32,523.2000000000003,36,-0.062177580489883706,-0.9851209430745618
32,523.2000000000003,37,-0.062177580489883706,0.9851209430745618
32,523.2000000000003,38,-0.06255392734132467,-0.1322660850738481
32,523.2000000000003,39,-0.06255392734132467,0.1322660850738481
32,523.2000000000003,40,-0.06496120927857292,-0.41401561499019834
32,523.2000000000003,41,-0.06496120927857292,0.41401561499019834
32,523.2000000000003,42,-0.06646691953294573,-0.914571704262883
32,523.2000000000003,43,-0.06646691953294573,0.914571704262883
32,523.2000000000003,44,-0.0692752342003364,-0.24921705268337627
32,523.2000000000003,45,-0.0692752342003364,0.24921705268337627
32,523.2000000000003,46,-0.07139588175598932,0.0
32,523.2000000000003,47,-0.07181888233152087,-0.743726144077797
32,523.2000000000003,48,-0.07181888233152087,0.743726144077797
32,523.2000000000003,49,-0.07310884205809443,-0.028401813746134024
32,523.2000000000003,50,-0.07310884205809443,0.028401813746134024
32,523.2000000000003,51,-0.07365642343348387,-0.377018685201233
32,523.2000000000003,52,-0.07365642343348387,0.377018685201233
32,523.2000000000003,53,-0.07688270315180079,-1.2070474217428553
32,523.2000000000003,54,-0.07688270315180079,1.2070474217428553
32,523.2000000000003,55,-0.07718550761140586,-0.2880636520533728
32,523.2000000000003,56,-0.07718550761140586,0.2880636520533728
32,523.2000000000003,57,-0.07947448824610916,-0.5496735182535906
32,523.2000000000003,58,-0.07947448824610916,0.5496735182535906
32,523.2000000000003,59,-0.07977389809779128,-1.0006317396589939
32,523.2000000000003,60,-0.07977389809779128,1.0006317396589939
32,523.2000000000003,61,-0.08992471023663384,-0.3418912501263804
32,523.2000000000003,62,-0.08992471023663384,0.3418912501263804
32,523.2000000000003,63,-0.09506399486738082,-0.47581165479190723
32,523.2000000000003,64,-0.09506399486738082,0.47581165479190723
33,523.3000000000003,1,0.051371857011792185,0.0
33,523.3000000000003,2,-0.0004779007821050854,-0.14347667213104184
33,523.3000000000003,3,-0.0004779007821050854,0.14347667213104184
33,523.3000000000003,4,-0.004874404141283116,-0.6629875276882919
33,523.3000000000003,5,-0.004874404141283116,0.6629875276882919
33,523.3000000000003,6,-0.018914227937744815,0.0
33,523.3000000000003,7,-0.01897018255603422,-1.1584373924638136
33,523.3000000000003,8,-0.01897018255603422,1.1584373924638136
33,523.3000000000003,9,-0.022769525352791198,-0.35074257934210373
33,523.3000000000003,10,-0.022769525352791198,0.35074257934210373
33,523.3000000000003,11,-0.02343032016683125,-0.022885419358898634
33,523.3000000000003,12,-0.02343032016683125,0.022885419358898634
33,523.3000000000003,13,-0.024973064343768524,-0.07751978750583002
33,523.3000000000003,14,-0.024973064343768524,0.07751978750583002
33,523.3000000000003,15,-0.026126441456202756,-0.7412750082052318
33,523.3000000000003,16,-0.026126441456202756,0.7412750082052318
33,523.3000000000003,17,-0.03381837360078317,-0.6073626511645793
33,523.3000000000003,18,-0.03381837360078317,0.6073626511645793
33,523.3000000000003,19,-0.03765438524661515,-0.23602929162803357
33,523.3000000000003,20,-0.03765438524661515,0.23602929162803357
33,523.3000000000003,21,-0.0410754110941105,-1.1186269889456053
33,523.3000000000003,22,-0.0410754110941105,1.1186269889456053
33,523.3000000000003,23,-0.045466764572727594,-0.6859301495999974
33,523.3000000000003,24,-0.045466764572727594,0.6859301495999974
33,523.3000000000003,25,-0.04819269081335552,-0.09109722601455068
33,523.3000000000003,26,-0.04819269081335552,0.09109722601455068
33,523.3000000000003,27,-0.05210902873273192,0.0
33,523.3000000000003,28,-0.055278867095144846,-1.524041047755498
33,523.3000000000003,29,-0.055278867095144846,1.524041047755498
33,523.3000000000003,30,-0.057119929427754804,-1.277947554133022
33,523.3000000000003,31,-0.057119929427754804,1.277947554133022
33,523.3000000000003,32,-0.05852144655889066,-0.6329337300618407
33,523.3000000000003,33,-0.05852144655889066,0.6329337300618407
33,523.3000000000003,34,-0.060745383385456944,-0.010993223828772835
33,523.3000000000003,35,-0.060745383385456944,0.010993223828772835
33,523.3000000000003,36,-0.06212948010169579,-0.9850973500789512
33,523.3000000000003,37,-0.06212948010169579,0.9850973500789512
33,523.3000000000003,38,-0.06252765060396945,-0.1322741285382678
33,523.3000000000003,39,-0.06252765060396945,0.1322741285382678
33,523.3000000000003,40,-0.06493178026733026,-0.4140095785587118
33,523.3000000000003,41,-0.06493178026733026,0.4140095785587118
33,523.3000000000003,42,-0.06643321869759972,-0.9145750440247489
33,523.3000000000003,43,-0.06643321869759972,0.9145750440247489
33,523.3000000000003,44,-0.06927022836964958,-0.24921331528349974
33,523.3000000000003,45,-0.06927022836964958,0.24921331528349974
33,523.3000000000003,46,-0.07136688350563956,0.0
33,523.3000000000003,47,-0.07177029385211514,-0.7437174910933672
33,523.3000000000003,48,-0.07177029385211514,0.7437174910933672
33,523.3000000000003,49,-0.07308214760607976,-0.028408962505665332
33,523.3000000000003,50,-0.07308214760607976,0.028408962505665332
33,523.3000000000003,51,-0.07361710001765846,-0.3770069601172667
33,523.3000000000003,52,-0.07361710001765846,0.3770069601172667
33,523.3000000000003,53,-0.07685116453260224,-1.2070489941448606
33,523.3000000000003,54,-0.07685116453260224,1.2070489941448606
33,523.3000000000003,55,-0.07713415760838006,-0.2880441624928552
33,523.3000000000003,56,-0.07713415760838006,0.2880441624928552
33,523.3000000000003,57,-0.07944601569812734,-0.549661342695422
33,523.3000000000003,58,-0.07944601569812734,0.549661342695422
33,523.3000000000003,59,-0.07972135838705426,-1.0006263253829961
33,523.3000000000003,60,-0.07972135838705426,1.0006263253829961
33,523.3000000000003,61,-0.08989941291664508,-0.3419055416769833
33,523.3000000000003,62,-0.08989941291664508,0.3419055416769833
33,523.3000000000003,63,-0.09504356611091919,-0.47581515149948
33,523.3000000000003,64,-0.09504356611091919,0.47581515149948
34,523.4000000000003,1,0.051373092946782946,0.0
34,523.4000000000003,2,-0.0004343906704297011,-0.14347056319494814
34,523.4000000000003,3,-0.0004343906704297011,0.14347056319494814
34,523.4000000000003,4,-0.004823985274040966,-0.6629820924165237
34,523.4000000000003,5,-0.004823985274040966,0.6629820924165237
34,523.4000000000003,6,-0.018911922076124094,0.0
34,523.4000000000003,7,-0.018928131227215067,-1.1584368328523342
34,523.4000000000003,8,-0.018928131227215067,1.1584368328523342
34,523.4000000000003,9,-0.022727576724639927,-0.35074584994603475
34,523.4000000000003,10,-0.022727576724639927,0.35074584994603475
34,523.4000000000003,11,-0.023419210765649755,-0.02287440201063807
34,523.4000000000003,12,-0.023419210765649755,0.02287440201063807
34,523.4000000000003,13,-0.024974337868947115,-0.07751037594890552
34,523.4000000000003,14,-0.024974337868947115,0.07751037594890552
34,523.4000000000003,15,-0.026088008459680685,-0.7412792001659282
34,523.4000000000003,16,-0.026088008459680685,0.7412792001659282
34,523.4000000000003,17,-0.03378089322612059,-0.607360501612736
34,523.4000000000003,18,-0.03378089322612059,0.607360501612736
34,523.4000000000003,19,-0.03760564113229439,-0.2360354567366399
34,523.4000000000003,20,-0.03760564113229439,0.2360354567366399
34,523.4000000000003,21,-0.04104360509736664,-1.118634555799053
34,523.4000000000003,22,-0.04104360509736664,1.118634555799053
34,523.4000000000003,23,-0.04542755281154068,-0.6859355832941907
34,523.4000000000003,24,-0.04542755281154068,0.6859355832941907
34,523.4000000000003,25,-0.048172134833562474,-0.09109492406208197
34,523.4000000000003,26,-0.048172134833562474,0.09109492406208197
34,523.4000000000003,27,-0.052081511214339814,0.0
34,523.4000000000003,28,-0.05524601107778643,-1.5240436810800948
34,523.4000000000003,29,-0.05524601107778643,1.5240436810800948
34,523.4000000000003,30,-0.057068173426220004,-1.2779347012217985
34,523.4000000000003,31,-0.057068173426220004,1.2779347012217985
34,523.4000000000003,32,-0.05849089708473412,-0.6329417453319341
34,523.4000000000003,33,-0.05849089708473412,0.6329417453319341
34,523.4000000000003,34,-0.06073013157605208,-0.01099964852892393
34,523.4000000000003,35,-0.06073013157605208,0.01099964852892393
34,523.4000000000003,36,-0.06208139028465181,-0.9850737343635653
34,523.4000000000003,37,-0.06208139028465181,0.9850737343635653
34,523.4000000000003,38,-0.06250138423739546,-0.13228217370475048
34,523.4000000000003,39,-0.06250138423739546,0.13228217370475048
34,523.4000000000003,40,-0.06490236460191931,-0.414003540871456
34,523.4000000000003,41,-0.06490236460191931,0.414003540871456
34,523.4000000000003,42,-0.06639952963495421,-0.9145783804216535
34,523.4000000000003,43,-0.06639952963495421,0.9145783804216535
34,523.4000000000003,44,-0.0692652161947962,-0.2492095972207442
34,523.4000000000003,45,-0.0692652161947962,0.2492095972207442
34,523.4000000000003,46,-0.07133791026957721,0.0
34,523.4000000000003,47,-0.07172171990710068,-0.7437088206917515
34,523.4000000000003,48,-0.07172171990710068,0.7437088206917515
34,523.4000000000003,49,-0.07305545539603438,-0.028416073741152424
34,523.4000000000003,50,-0.07305545539603438,0.028416073741152424
34,523.4000000000003,51,-0.07357779050195504,-0.37699522900627763
34,523.4000000000003,52,-0.07357779050195504,0.37699522900627763
34,523.4000000000003,53,-0.07681963361768113,-1.2070505607281936
34,523.4000000000003,54,-0.07681963361768113,1.2070505607281936
34,523.4000000000003,55,-0.07708282396614904,-0.28802467241461543
34,523.4000000000003,56,-0.07708282396614904,0.28802467241461543
34,523.4000000000003,57,-0.07941755521942143,-0.549649161593634
34,523.4000000000003,58,-0.07941755521942143,0.549649161593634
34,523.4000000000003,59,-0.0796688442761525,-1.000620908075298
34,523.4000000000003,60,-0.0796688442761525,1.000620908075298
34,523.4000000000003,61,-0.08987412528626058,-0.3419198312436001
34,523.4000000000003,62,-0.08987412528626058,0.3419198312436001
34,523.4000000000003,63,-0.0950231458612027,-0.4758186336602302
34,523.4000000000003,64,-0.0950231458612027,0.4758186336602302
35,523.5000000000003,1,0.05137433308155791,0.0
35,523.5000000000003,2,-0.000390901176085999,-0.14346443273263482
35,523.5000000000003,3,-0.000390901176085999,0.14346443273263482
35,523.5000000000003,4,-0.0047735868536472326,-0.6629766389533545
35,523.5000000000003,5,-0.0047735868536472326,0.6629766389533545
35,523.5000000000003,6,-0.01888609500239502,-1.1584362624870213
35,523.5000000000003,7,-0.01888609500239502,1.1584362624870213
35,523.5000000000003,8,-0.018909622681483728,0.0
35,523.5000000000003,9,-0.022685648431023414,-0.3507491377203684
35,523.5000000000003,10,-0.022685648431023414,0.3507491377203684
35,523.5000000000003,11,-0.02340810438982891,-0.02286336991296608
35,523.5000000000003,12,-0.02340810438982891,0.02286336991296608
35,523.5000000000003,13,-0.02497560954204313,-0.07750095921839607
35,523.5000000000003,14,-0.02497560954204313,0.07750095921839607
35,523.5000000000003,15,-0.026049594896442485,-0.7412833971879772
35,523.5000000000003,16,-0.026049594896442485,0.7412833971879772
35,523.5000000000003,17,-0.03374342331959061,-0.6073583409709435
35,523.5000000000003,18,-0.03374342331959061,0.6073583409709435
35,523.5000000000003,19,-0.037556929458015795,-0.23604158761509716
35,523.5000000000003,20,-0.037556929458015795,0.23604158761509716
35,523.5000000000003,21,-0.04101181134878702,-1.1186421236460888
35,523.5000000000003,22,-0.04101181134878702,1.1186421236460888
35,523.5000000000003,23,-0.0453883533782851,-0.6859410143380383
35,523.5000000000003,24,-0.0453883533782851,0.6859410143380383
35,523.5000000000003,25,-0.04815159155857232,-0.09109263153900492
35,523.5000000000003,26,-0.04815159155857232,0.09109263153900492
35,523.5000000000003,27,-0.052054014098403975,0.0
35,523.5000000000003,28,-0.05521316891957119,-1.524046309870741
35,523.5000000000003,29,-0.05521316891957119,1.524046309870741
35,523.5000000000003,30,-0.05701643191953504,-1.277921828124973
35,523.5000000000003,31,-0.05701643191953504,1.277921828124973
35,523.5000000000003,32,-0.058460363056127174,-0.6329497575151706
35,523.5000000000003,33,-0.058460363056127174,0.6329497575151706
35,523.5000000000003,34,-0.06071488701837774,-0.011006051417213105
35,523.5000000000003,35,-0.06071488701837774,0.011006051417213105
35,523.5000000000003,36,-0.06203331104183685,-0.9850500958943946
35,523.5000000000003,37,-0.06203331104183685,0.9850500958943946
35,523.5000000000003,38,-0.06247512822886681,-0.1322902205582777
35,523.5000000000003,39,-0.06247512822886681,0.1322902205582777
35,523.5000000000003,40,-0.06487296227832003,-0.41399750192672274
35,523.5000000000003,41,-0.06487296227832003,0.41399750192672274
35,523.5000000000003,42,-0.06636585233810754,-0.9145817134578615
35,523.5000000000003,43,-0.06636585233810754,0.9145817134578615
35,523.5000000000003,44,-0.06926019766883175,-0.24920589837546497
35,523.5000000000003,45,-0.06926019766883175,0.24920589837546497
35,523.5000000000003,46,-0.07130896229389456,0.0
35,523.5000000000003,47,-0.07167316047654435,-0.7437001328305233
35,523.5000000000003,48,-0.07167316047654435,0.7437001328305233
35,523.5000000000003,49,-0.07302876565463916,-0.028423147565171888
35,523.5000000000003,50,-0.07302876565463916,0.028423147565171888
35,523.5000000000003,51,-0.07353849487532538,-0.37698349185357843
35,523.5000000000003,52,-0.07353849487532538,0.37698349185357843
35,523.5000000000003,53,-0.07678811040031153,-1.207052121491594
35,523.5000000000003,54,-0.07678811040031153,1.207052121491594
35,523.5000000000003,55,-0.07703150668904242,-0.2880051817674445
35,523.5000000000003,56,-0.07703150668904242,0.2880051817674445
35,523.5000000000003,57,-0.07938910683824937,-0.5496369749212561
35,523.5000000000003,58,-0.07938910683824937,0.5496369749212561
35,523.5000000000003,59,-0.0796163557352704,-1.0006154876652407
35,523.5000000000003,60,-0.0796163557352704,1.0006154876652407
35,523.5000000000003,61,-0.08984884734889842,-0.34193411884760866
35,523.5000000000003,62,-0.08984884734889842,0.34193411884760866
35,523.5000000000003,63,-0.09500273414321814,-0.4758221012639746
35,523.5000000000003,64,-0.09500273414321814,0.4758221012639746
36,523.6000000000004,1,0.051375577425178856,0.0
36,523.6000000000004,2,-0.0003474322870031833,-0.14345828068039834
36,523.6000000000004,3,-0.0003474322870031833,0.14345828068039834
36,523.6000000000004,4,-0.004723208868548198,-0.6629711672432724
36,523.6000000000004,5,-0.004723208868548198,0.6629711672432724
36,523.6000000000004,6,-0.01884407387327081,-1.1584356813473564
36,523.6000000000004,7,-0.01884407387327081,1.1584356813473564
36,523.6000000000004,8,-0.018907329776944624,0.0
36,523.6000000000004,9,-0.022643740467984785,-0.35075244269907735
36,523.6000000000004,10,-0.022643740467984785,0.35075244269907735
36,523.6000000000004,11,-0.02339700104384846,-0.02285232302755383
36,523.6000000000004,12,-0.02339700104384846,0.02285232302755383
36,523.6000000000004,13,-0.024976879364528116,-0.07749153729252628
36,523.6000000000004,14,-0.024976879364528116,0.07749153729252628
36,523.6000000000004,15,-0.02601120076558583,-0.7412875992942094
36,523.6000000000004,16,-0.02601120076558583,0.7412875992942094
36,523.6000000000004,17,-0.033705963868174565,-0.6073561692125519
36,523.6000000000004,18,-0.033705963868174565,0.6073561692125519
36,523.6000000000004,19,-0.03750825021938603,-0.23604768435219073
36,523.6000000000004,20,-0.03750825021938603,0.23604768435219073
36,523.6000000000004,21,-0.04098002984425696,-1.1186496925137028
36,523.6000000000004,22,-0.04098002984425696,1.1186496925137028
36,523.6000000000004,23,-0.04534916625962474,-0.6859464427392312
36,523.6000000000004,24,-0.04534916625962474,0.6859464427392312
36,523.6000000000004,25,-0.048131061014978084,-0.0910903484735101
36,523.6000000000004,26,-0.048131061014978084,0.0910903484735101
36,523.6000000000004,27,-0.05202653714798631,0.0
36,523.6000000000004,28,-0.055180340621096946,-1.524048934135435
36,523.6000000000004,29,-0.055180340621096946,1.524048934135435
36,523.6000000000004,30,-0.05696470488954364,-1.2779089347773804
36,523.6000000000004,31,-0.05696470488954364,1.2779089347773804
36,523.6000000000004,32,-0.058429844473279494,-0.6329577666315803
36,523.6000000000004,33,-0.058429844473279494,0.6329577666315803
36,523.6000000000004,34,-0.06069964967598833,-0.011012432734723333
36,523.6000000000004,35,-0.06069964967598833,0.011012432734723333
36,523.6000000000004,36,-0.06198524237649029,-0.9850264346368697
36,523.6000000000004,37,-0.06198524237649029,0.9850264346368697
36,523.6000000000004,38,-0.06244888256555234,-0.1322982690839481
36,523.6000000000004,39,-0.06244888256555234,0.1322982690839481
36,523.6000000000004,40,-0.06484357329253816,-0.4139914617227433
36,523.6000000000004,41,-0.06484357329253816,0.4139914617227433
36,523.6000000000004,42,-0.06633218680017662,-0.9145850431377244
36,523.6000000000004,43,-0.06633218680017662,0.9145850431377244
36,523.6000000000004,44,-0.06925517278523205,-0.2492022186286991
36,523.6000000000004,45,-0.06925517278523205,0.2492022186286991
36,523.6000000000004,46,-0.071280039824425,0.0
36,523.6000000000004,47,-0.07162461554045897,-0.7436914274669785
36,523.6000000000004,48,-0.07162461554045897,0.7436914274669785
36,523.6000000000004,49,-0.07300207860730086,-0.02843018409075588
36,523.6000000000004,50,-0.07300207860730086,0.02843018409075588
36,523.6000000000004,51,-0.07349921312678126,-0.37697174864443495
36,523.6000000000004,52,-0.07349921312678126,0.37697174864443495
36,523.6000000000004,53,-0.07675659487373104,-1.2070536764338002
36,523.6000000000004,54,-0.07675659487373104,1.2070536764338002
36,523.6000000000004,55,-0.0769802057815478,-0.2879856904999058
36,523.6000000000004,56,-0.0769802057815478,0.2879856904999058
36,523.6000000000004,57,-0.07936067058303589,-0.549624782651198
36,523.6000000000004,58,-0.07936067058303589,0.549624782651198
36,523.6000000000004,59,-0.07956389273438699,-1.0006100640820512
36,523.6000000000004,60,-0.07956389273438699,1.0006100640820512
36,523.6000000000004,61,-0.08982357910789543,-0.34194840451040653
36,523.6000000000004,62,-0.08982357910789543,0.34194840451040653
36,523.6000000000004,63,-0.09498233098200037,-0.47582555430046236
36,523.6000000000004,64,-0.09498233098200037,0.47582555430046236
37,523.7000000000004,1,0.05137682598671498,0.0
37,523.7000000000004,2,-0.00030398399112355895,-0.14345210697447633
37,523.7000000000004,3,-0.00030398399112355895,0.14345210697447633
37,523.7000000000004,4,-0.004672851307230622,-0.6629656772306842
37,523.7000000000004,5,-0.004672851307230622,0.6629656772306842
37,523.7000000000004,6,-0.0188020678315641,-1.158435089412858
37,523.7000000000004,7,-0.0188020678315641,1.158435089412858
37,523.7000000000004,8,-0.01890504338578087,0.0
37,523.7000000000004,9,-0.02260185283162626,-0.35075576491620625
37,523.7000000000004,10,-0.02260185283162626,0.35075576491620625
37,523.7000000000004,11,-0.023385900732179964,-0.02284126131595564
37,523.7000000000004,12,-0.023385900732179964,0.02284126131595564
37,523.7000000000004,13,-0.024978147337870016,-0.07748211014945046
37,523.7000000000004,14,-0.024978147337870016,0.07748211014945046
37,523.7000000000004,15,-0.025972826066211346,-0.7412918065074847
37,523.7000000000004,16,-0.025972826066211346,0.7412918065074847
37,523.7000000000004,17,-0.03366851485887602,-0.6073539863108851
37,523.7000000000004,18,-0.03366851485887602,0.6073539863108851
37,523.7000000000004,19,-0.037459603411596785,-0.23605374703602816
37,523.7000000000004,20,-0.037459603411596785,0.23605374703602816
37,523.7000000000004,21,-0.040948260579664976,-1.1186572624289275
37,523.7000000000004,22,-0.040948260579664976,1.1186572624289275
37,523.7000000000004,23,-0.04530999144220688,-0.6859518685054258
37,523.7000000000004,24,-0.04530999144220688,0.6859518685054258
37,523.7000000000004,25,-0.04811054322944451,-0.09108807489380465
37,523.7000000000004,26,-0.04811054322944451,0.09108807489380465
37,523.7000000000004,27,-0.051999080128123716,0.0
37,523.7000000000004,28,-0.055147526182999757,-1.52405155388222
37,523.7000000000004,29,-0.055147526182999757,1.52405155388222
37,523.7000000000004,30,-0.05691299231811401,-1.2778960211136923
37,523.7000000000004,31,-0.05691299231811401,1.2778960211136923
37,523.7000000000004,32,-0.05839934133639964,-0.6329657727012057
37,523.7000000000004,33,-0.05839934133639964,0.6329657727012057
37,523.7000000000004,34,-0.06068441951192943,-0.011018792720729595
37,523.7000000000004,35,-0.06068441951192943,0.011018792720729595
37,523.7000000000004,36,-0.06193718429192521,-0.9850027505561975
37,523.7000000000004,37,-0.06193718429192521,0.9850027505561975
37,523.7000000000004,38,-0.06242264723456803,-0.13230631926691716
37,523.7000000000004,39,-0.06242264723456803,0.13230631926691716
37,523.7000000000004,40,-0.06481419764060259,-0.41398542025774776
37,523.7000000000004,41,-0.06481419764060259,0.41398542025774776
37,523.7000000000004,42,-0.06629853301427642,-0.9145883694655611
37,523.7000000000004,43,-0.06629853301427642,0.9145883694655611
37,523.7000000000004,44,-0.06925014153790264,-0.24919855786215508
37,523.7000000000004,45,-0.06925014153790264,0.24919855786215508
37,523.7000000000004,46,-0.07125114310613288,0.0
37,523.7000000000004,47,-0.07157608507884705,-0.7436827045583141
37,523.7000000000004,48,-0.07157608507884705,0.7436827045583141
37,523.7000000000004,49,-0.07297539447825915,-0.02843718343118148
37,523.7000000000004,50,-0.07297539447825915,0.02843718343118148
37,523.7000000000004,51,-0.07345994524532781,-0.37695999936407076
37,523.7000000000004,52,-0.07345994524532781,0.37695999936407076
37,523.7000000000004,53,-0.07672508703117992,-1.2070552255535727
37,523.7000000000004,54,-0.07672508703117992,1.2070552255535727
37,523.7000000000004,55,-0.0769289212482257,-0.28796619856049593
37,523.7000000000004,56,-0.0769289212482257,0.28796619856049593
37,523.7000000000004,57,-0.07933224648226034,-0.5496125847563544
37,523.7000000000004,58,-0.07933224648226034,0.5496125847563544
37,523.7000000000004,59,-0.07951145524339759,-1.000604637255025
37,523.7000000000004,60,-0.07951145524339759,1.000604637255025
37,523.7000000000004,61,-0.08979832056656098,-0.34196268825334386
37,523.7000000000004,62,-0.08979832056656098,0.34196268825334386
37,523.7000000000004,63,-0.09496193640261363,-0.47582899275941043
37,523.7000000000004,64,-0.09496193640261363,0.47582899275941043
38,523.8000000000004,1,0.05137807877529867,0.0
38,523.8000000000004,2,-0.00026055627641230136,-0.14344591155074118
38,523.8000000000004,3,-0.00026055627641230136,0.14344591155074118
38,523.8000000000004,4,-0.004622514158187457,-0.6629601688596896
38,523.8000000000004,5,-0.004622514158187457,0.6629601688596896
38,523.8000000000004,6,-0.018760076868998804,-1.1584344866629137
38,523.8000000000004,7,-0.018760076868998804,1.1584344866629137
38,523.8000000000004,8,-0.018902763531437244,0.0
38,523.8000000000004,9,-0.02255998551808942,-0.35075910440602104
38,523.8000000000004,10,-0.02255998551808942,0.35075910440602104
38,523.8000000000004,11,-0.023374803459295,-0.02283018473957037
38,523.8000000000004,12,-0.023374803459295,0.02283018473957037
38,523.8000000000004,13,-0.0249794134635761,-0.07747267776711472
38,523.8000000000004,14,-0.0249794134635761,0.07747267776711472
38,523.8000000000004,15,-0.025934470797484538,-0.7412960188508476
38,523.8000000000004,16,-0.025934470797484538,0.7412960188508476
38,523.8000000000004,17,-0.03363107627866688,-0.6073517922391347
38,523.8000000000004,18,-0.03363107627866688,0.6073517922391347
38,523.8000000000004,19,-0.03741098902944058,-0.2360597757539176
38,523.8000000000004,20,-0.03741098902944058,0.2360597757539176
38,523.8000000000004,21,-0.04091650355092183,-1.1186648334189582
38,523.8000000000004,22,-0.04091650355092183,1.1186648334189582
38,523.8000000000004,23,-0.045270828912683095,-0.6859572916442991
38,523.8000000000004,24,-0.045270828912683095,0.6859572916442991
38,523.8000000000004,25,-0.04809003822882285,-0.09108581082823353
38,523.8000000000004,26,-0.04809003822882285,0.09108581082823353
38,523.8000000000004,27,-0.05197164280576573,0.0
38,523.8000000000004,28,-0.05511472560595718,-1.5240541691192147
38,523.8000000000004,29,-0.05511472560595718,1.5240541691192147
38,523.8000000000004,30,-0.056861294187023737,-1.2778830870682334
38,523.8000000000004,31,-0.056861294187023737,1.2778830870682334
38,523.8000000000004,32,-0.05836885364575396,-0.6329737757441428
38,523.8000000000004,33,-0.05836885364575396,0.6329737757441428
38,523.8000000000004,34,-0.06066919648865798,-0.011025131612840671
38,523.8000000000004,35,-0.06066919648865798,0.011025131612840671
38,523.8000000000004,36,-0.061889136791642735,-0.9849790436171653
38,523.8000000000004,37,-0.061889136791642735,0.9849790436171653
38,523.8000000000004,38,-0.062396422222916734,-0.1323143710924664
38,523.8000000000004,39,-0.062396422222916734,0.1323143710924664
38,523.8000000000004,40,-0.06478483531857246,-0.4139793775299505
38,523.8000000000004,41,-0.06478483531857246,0.4139793775299505
38,523.8000000000004,42,-0.06626489097351804,-0.9145916924457447
38,523.8000000000004,43,-0.06626489097351804,0.9145916924457447
38,523.8000000000004,44,-0.06924510392115035,-0.24919491595822943
38,523.8000000000004,45,-0.06924510392115035,0.24919491595822943
38,523.8000000000004,46,-0.0712222723835122,0.0
38,523.8000000000004,47,-0.0715275690716699,-0.7436739640614743
38,523.8000000000004,48,-0.0715275690716699,0.7436739640614743
38,523.8000000000004,49,-0.07294871349049446,-0.028444145700061558
38,523.8000000000004,50,-0.07294871349049446,0.028444145700061558
38,523.8000000000004,51,-0.07342069122002523,-0.3769482439976775
38,523.8000000000004,52,-0.07342069122002523,0.3769482439976775
38,523.8000000000004,53,-0.07669358686588557,-1.2070567688496558
38,523.8000000000004,54,-0.07669358686588557,1.2070567688496558
38,523.8000000000004,55,-0.0768776530937692,-0.2879467058974934
38,523.8000000000004,56,-0.0768776530937692,0.2879467058974934
38,523.8000000000004,57,-0.07930383456454317,-0.5496003812095264
38,523.8000000000004,58,-0.07930383456454317,0.5496003812095264
38,523.8000000000004,59,-0.07945904323204783,-1.0005992071133756
38,523.8000000000004,60,-0.07945904323204783,1.0005992071133756
38,523.8000000000004,61,-0.08977307172814006,-0.3419769700977496
38,523.8000000000004,62,-0.08977307172814006,0.3419769700977496
38,523.8000000000004,63,-0.09494155043015833,-0.4758324166304839
38,523.8000000000004,64,-0.09494155043015833,0.4758324166304839
39,523.9000000000004,1,0.051379335800061335,0.0
39,523.9000000000004,2,-0.00021714913084822096,-0.1434396943449725
39,523.9000000000004,3,-0.00021714913084822096,0.1434396943449725
39,523.9000000000004,4,-0.004572197409951073,-0.6629546420743124
39,523.9000000000004,5,-0.004572197409951073,0.6629546420743124
39,523.9000000000004,6,-0.018718100977325118,-1.1584338730769037
39,523.9000000000004,7,-0.018718100977325118,1.1584338730769037
39,523.9000000000004,8,-0.018900490237513248,0.0
39,523.9000000000004,9,-0.02251813852356605,-0.35076246120288007
39,523.9000000000004,10,-0.02251813852356605,0.35076246120288007
39,523.9000000000004,11,-0.02336370922967629,-0.022819093259688776
39,523.9000000000004,12,-0.02336370922967629,0.022819093259688776
39,523.9000000000004,13,-0.02498067774313035,-0.07746324012341159
39,523.9000000000004,14,-0.02498067774313035,0.07746324012341159
39,523.9000000000004,15,-0.02589613495857275,-0.7413002363474038
39,523.9000000000004,16,-0.02589613495857275,0.7413002363474038
39,523.9000000000004,17,-0.03359364811453437,-0.6073495869704627
39,523.9000000000004,18,-0.03359364811453437,0.6073495869704627
39,523.9000000000004,19,-0.0373624070672973,-0.23606577059250022
39,523.9000000000004,20,-0.0373624070672973,0.23606577059250022
39,523.9000000000004,21,-0.04088475875394598,-1.1186724055110528
39,523.9000000000004,22,-0.04088475875394598,1.1186724055110528
39,523.9000000000004,23,-0.045231678657686014,-0.6859627121635132
39,523.9000000000004,24,-0.045231678657686014,0.6859627121635132
39,523.9000000000004,25,-0.048069546040035355,-0.09108355630518768
39,523.9000000000004,26,-0.048069546040035355,0.09108355630518768
39,523.9000000000004,27,-0.05194422494976273,0.0
39,523.9000000000004,28,-0.05508193889069746,-1.5240567798545734
39,523.9000000000004,29,-0.05508193889069746,1.5240567798545734
39,523.9000000000004,30,-0.056809610478085776,-1.2778701325751993
39,523.9000000000004,31,-0.056809610478085776,1.2778701325751993
39,523.9000000000004,32,-0.05833838140161807,-0.6329817757805136
39,523.9000000000004,33,-0.05833838140161807,0.6329817757805136
39,523.9000000000004,34,-0.060653980568105816,-0.011031449646924901
39,523.9000000000004,35,-0.060653980568105816,0.011031449646924901
39,523.9000000000004,36,-0.06184109987920877,-0.984955313784249
39,523.9000000000004,37,-0.06184109987920877,0.984955313784249
39,523.9000000000004,38,-0.06237020751754198,-0.13232242454591153
39,523.9000000000004,39,-0.06237020751754198,0.13232242454591153
39,523.9000000000004,40,-0.06475548632253235,-0.413973333537546
39,523.9000000000004,41,-0.06475548632253235,0.413973333537546
39,523.9000000000004,42,-0.0662312606710343,-0.9145950120826586
39,523.9000000000004,43,-0.0662312606710343,0.9145950120826586
39,523.9000000000004,44,-0.06924005992969674,-0.24919129279998423
39,523.9000000000004,45,-0.06924005992969674,0.24919129279998423
39,523.9000000000004,46,-0.07119342790032442,0.0
39,523.9000000000004,47,-0.07147906749885141,-0.7436652059333159
39,523.9000000000004,48,-0.07147906749885141,0.7436652059333159
39,523.9000000000004,49,-0.07292203586583733,-0.02845107101127704
39,523.9000000000004,50,-0.07292203586583733,0.02845107101127704
39,523.9000000000004,51,-0.07338145103992563,-0.3769364825303966
39,523.9000000000004,52,-0.07338145103992563,0.3769364825303966
39,523.9000000000004,53,-0.07666209437107863,-1.2070583063207663
39,523.9000000000004,54,-0.07666209437107863,1.2070583063207663
39,523.9000000000004,55,-0.07682640132297078,-0.28792721245912156
39,523.9000000000004,56,-0.07682640132297078,0.28792721245912156
39,523.9000000000004,57,-0.07927543485855035,-0.5495881719834541
39,523.9000000000004,58,-0.07927543485855035,0.5495881719834541
39,523.9000000000004,59,-0.07940665666997007,-1.00059377358633
39,523.9000000000004,60,-0.07940665666997007,1.00059377358633
39,523.9000000000004,61,-0.08974783259584593,-0.3419912500649195
39,523.9000000000004,62,-0.08974783259584593,0.3419912500649195
39,523.9000000000004,63,-0.09492117308978752,-0.4758358259033041
39,523.9000000000004,64,-0.09492117308978752,0.4758358259033041
40,524.0000000000005,1,0.05138059707022314,0.0
40,524.0000000000005,2,-0.00017376254243540307,-0.14343345529248264
40,524.0000000000005,3,-0.00017376254243540307,0.14343345529248264
40,524.0000000000005,4,-0.0045219010510427204,-0.6629490968181926
40,524.0000000000005,5,-0.0045219010510427204,0.6629490968181926
40,524.0000000000005,6,-0.01867614014829319,-1.1584332486341233
40,524.0000000000005,7,-0.01867614014829319,1.1584332486341233
40,524.0000000000005,8,-0.018898223527777803,0.0
40,524.0000000000005,9,-0.02247631184429079,-0.3507658353414351
40,524.0000000000005,10,-0.02247631184429079,0.3507658353414351
40,524.0000000000005,11,-0.02335261804780986,-0.02280798683743886
40,524.0000000000005,12,-0.02335261804780986,0.02280798683743886
40,524.0000000000005,13,-0.02498194017803951,-0.07745379719601041
40,524.0000000000005,14,-0.02498194017803951,0.07745379719601041
40,524.0000000000005,15,-0.025857818548715383,-0.7413044590204786
40,524.0000000000005,16,-0.025857818548715383,0.7413044590204786
40,524.0000000000005,17,-0.03355623035340488,-0.6073473704778558
40,524.0000000000005,18,-0.03355623035340488,0.6073473704778558
40,524.0000000000005,19,-0.037313857519157875,-0.23607173163756123
40,524.0000000000005,20,-0.037313857519157875,0.23607173163756123
40,524.0000000000005,21,-0.04085302618468595,-1.118679978732672
40,524.0000000000005,22,-0.04085302618468595,1.118679978732672
40,524.0000000000005,23,-0.045192540663841235,-0.6859681300707726
40,524.0000000000005,24,-0.045192540663841235,0.6859681300707726
40,524.0000000000005,25,-0.048049066690190434,-0.09108131135327516
40,524.0000000000005,26,-0.048049066690190434,0.09108131135327516
40,524.0000000000005,27,-0.05191682633079339,0.0
40,524.0000000000005,28,-0.05504916603800075,-1.524059386096517
40,524.0000000000005,29,-0.05504916603800075,1.524059386096517
40,524.0000000000005,30,-0.056757941173009446,-1.2778571575683086
40,524.0000000000005,31,-0.056757941173009446,1.2778571575683086
40,524.0000000000005,32,-0.05830792460433992,-0.6329897728305383
40,524.0000000000005,33,-0.05830792460433992,0.6329897728305383
40,524.0000000000005,34,-0.06063877171157926,-0.011037747057279446
40,524.0000000000005,35,-0.06063877171157926,0.011037747057279446
40,524.0000000000005,36,-0.06179307355835743,-0.9849315610213768
40,524.0000000000005,37,-0.06179307355835743,0.9849315610213768
40,524.0000000000005,38,-0.06234400310527839,-0.1323304796127102
40,524.0000000000005,39,-0.06234400310527839,0.1323304796127102
40,524.0000000000005,40,-0.06472615064859613,-0.4139672882786953
40,524.0000000000005,41,-0.06472615064859613,0.4139672882786953
40,524.0000000000005,42,-0.06619764209996154,-0.9145983283807189
40,524.0000000000005,43,-0.06619764209996154,0.9145983283807189
40,524.0000000000005,44,-0.06923500955866432,-0.2491876882711544
40,524.0000000000005,45,-0.06923500955866432,0.2491876882711544
40,524.0000000000005,46,-0.07116460990004975,0.0
40,524.0000000000005,47,-0.07143058034024621,-0.7436564301303438
40,524.0000000000005,48,-0.07143058034024621,0.7436564301303438
40,524.0000000000005,49,-0.07289536182486411,-0.028457959479080298
40,524.0000000000005,50,-0.07289536182486411,0.028457959479080298
40,524.0000000000005,51,-0.07334222469416886,-0.376924714947341
40,524.0000000000005,52,-0.07334222469416886,0.376924714947341
40,524.0000000000005,53,-0.07663060953994491,-1.2070598379656572
40,524.0000000000005,54,-0.07663060953994491,1.2070598379656572
40,524.0000000000005,55,-0.07677516594076855,-0.28790771819330985
40,524.0000000000005,56,-0.07677516594076855,0.28790771819330985
40,524.0000000000005,57,-0.07924704739314409,-0.5495759570507827
40,524.0000000000005,58,-0.07924704739314409,0.5495759570507827
40,524.0000000000005,59,-0.07935429552660628,-1.0005883366029922
40,524.0000000000005,60,-0.07935429552660628,1.0005883366029922
40,524.0000000000005,61,-0.08972260317279354,-0.34200552817614405
40,524.0000000000005,62,-0.08972260317279354,0.34200552817614405
40,524.0000000000005,63,-0.09490080440668361,-0.47583922056744277
40,524.0000000000005,64,-0.09490080440668361,0.47583922056744277
41,524.1000000000005,1,0.0513818625950008,0.0
41,524.1000000000005,2,-0.00013039649919178824,-0.14342719432849957
41,524.1000000000005,3,-0.00013039649919178824,0.14342719432849957
41,524.1000000000005,4,-0.004471625070018165,-0.6629435330349129
41,524.1000000000005,5,-0.004471625070018165,0.6629435330349129
41,524.1000000000005,6,-0.018634194373671618,-1.1584326133138256
41,524.1000000000005,7,-0.018634194373671618,1.1584326133138256
41,524.1000000000005,8,-0.01889596342616123,0.0
41,524.1000000000005,9,-0.022434505476544842,-0.3507692268564212
41,524.1000000000005,10,-0.022434505476544842,0.3507692268564212
41,524.1000000000005,11,-0.023341529918180778,-0.022796865433843336
41,524.1000000000005,12,-0.023341529918180778,0.022796865433843336
41,524.1000000000005,13,-0.02498320076981045,-0.07744434896252188
41,524.1000000000005,14,-0.02498320076981045,0.07744434896252188
41,524.1000000000005,15,-0.02581952156716491,-0.7413086868934485
41,524.1000000000005,16,-0.02581952156716491,0.7413086868934485
41,524.1000000000005,17,-0.033518822982225666,-0.6073451427342672
41,524.1000000000005,18,-0.033518822982225666,0.6073451427342672
41,524.1000000000005,19,-0.03726534037861559,-0.23607765897422894
41,524.1000000000005,20,-0.03726534037861559,0.23607765897422894
41,524.1000000000005,21,-0.04082130583909427,-1.1186875531113496
41,524.1000000000005,22,-0.04082130583909427,1.1186875531113496
41,524.1000000000005,23,-0.045153414917748685,-0.6859735453737583
41,524.1000000000005,24,-0.045153414917748685,0.6859735453737583
41,524.1000000000005,25,-0.04802860020647905,-0.09107907600116691
41,524.1000000000005,26,-0.04802860020647905,0.09107907600116691
41,524.1000000000005,27,-0.051889446721390474,0.0
41,524.1000000000005,28,-0.055016407048680147,-1.5240619878533193
41,524.1000000000005,29,-0.055016407048680147,1.5240619878533193
41,524.1000000000005,30,-0.05670628625352456,-1.2778441619811476
41,524.1000000000005,31,-0.05670628625352456,1.2778441619811476
41,524.1000000000005,32,-0.058277483254275744,-0.63299776691444
41,524.1000000000005,33,-0.058277483254275744,0.63299776691444
41,524.1000000000005,34,-0.060623569879894534,-0.011044024076495995
41,524.1000000000005,35,-0.060623569879894534,0.011044024076495995
41,524.1000000000005,36,-0.061745057832913244,-0.9849077852922079
41,524.1000000000005,37,-0.061745057832913244,0.9849077852922079
41,524.1000000000005,38,-0.062317808972892866,-0.13233853627835565
41,524.1000000000005,39,-0.062317808972892866,0.13233853627835565
41,524.1000000000005,40,-0.06469682829289974,-0.41396124175154136
41,524.1000000000005,41,-0.06469682829289974,0.41396124175154136
41,524.1000000000005,42,-0.06616403525343646,-0.9146016413443859
41,524.1000000000005,43,-0.06616403525343646,0.9146016413443859
41,524.1000000000005,44,-0.06922995280356928,-0.24918410225614118
41,524.1000000000005,45,-0.06922995280356928,0.24918410225614118
41,524.1000000000005,46,-0.07113581862540537,0.0
41,524.1000000000005,47,-0.0713821075757124,-0.743647636609012
41,524.1000000000005,48,-0.0713821075757124,0.743647636609012
41,524.1000000000005,49,-0.07286869158700368,-0.02846481121797099
41,524.1000000000005,50,-0.07286869158700368,0.02846481121797099
41,524.1000000000005,51,-0.07330301217187682,-0.376912941233568
41,524.1000000000005,52,-0.07330301217187682,0.376912941233568
41,524.1000000000005,53,-0.07659913236569332,-1.2070613637830505
41,524.1000000000005,54,-0.07659913236569332,1.2070613637830505
41,524.1000000000005,55,-0.07672394695218397,-0.28788822304795336
41,524.1000000000005,56,-0.07672394695218397,0.28788822304795336
41,524.1000000000005,57,-0.07921867219722803,-0.5495637363840726
41,524.1000000000005,58,-0.07921867219722803,0.5495637363840726
41,524.1000000000005,59,-0.07930195977129903,-1.0005828960925292
41,524.1000000000005,60,-0.07930195977129903,1.0005828960925292
41,524.1000000000005,61,-0.08969738346209169,-0.3420198044526959
41,524.1000000000005,62,-0.08969738346209169,0.3420198044526959
41,524.1000000000005,63,-0.09488044440607055,-0.47584260061241357
41,524.1000000000005,64,-0.09488044440607055,0.47584260061241357
42,524.2000000000005,1,0.05138313238364695,0.0
42,524.2000000000005,2,-8.705098914985748e-5,-0.14342091138805535
42,524.2000000000005,3,-8.705098914985748e-5,0.14342091138805535
42,524.2000000000005,4,-0.004421369455474139,-0.6629379506678429
42,524.2000000000005,5,-0.004421369455474139,0.6629379506678429
42,524.2000000000005,6,-0.018592263645248124,-1.1584319670952317
42,524.2000000000005,7,-0.018592263645248124,1.1584319670952317
42,524.2000000000005,8,-0.01889370995676277,0.0
42,524.2000000000005,9,-0.022392719416655313,-0.3507726357826909
42,524.2000000000005,10,-0.022392719416655313,0.3507726357826909
42,524.2000000000005,11,-0.023330444845277708,-0.02278572900977802
42,524.2000000000005,12,-0.023330444845277708,0.02278572900977802
42,524.2000000000005,13,-0.02498445951994633,-0.07743489540040402
42,524.2000000000005,14,-0.02498445951994633,0.07743489540040402
42,524.2000000000005,15,-0.02578124401320092,-0.7413129199898054
42,524.2000000000005,16,-0.02578124401320092,0.7413129199898054
42,524.2000000000005,17,-0.033481425987939406,-0.6073429037125863
42,524.2000000000005,18,-0.033481425987939406,0.6073429037125863
42,524.2000000000005,19,-0.037216855638895305,-0.23608355268691741
42,524.2000000000005,20,-0.037216855638895305,0.23608355268691741
42,524.2000000000005,21,-0.04078959771313834,-1.118695128674692
42,524.2000000000005,22,-0.04078959771313834,1.118695128674692
42,524.2000000000005,23,-0.04511430140602371,-0.6859789580801402
42,524.2000000000005,24,-0.04511430140602371,0.6859789580801402
42,524.2000000000005,25,-0.048008146616224226,-0.0910768502775205
42,524.2000000000005,26,-0.048008146616224226,0.0910768502775205
42,524.2000000000005,27,-0.051862085895927265,0.0
42,524.2000000000005,28,-0.05498366192360271,-1.524064585133279
42,524.2000000000005,29,-0.05498366192360271,1.524064585133279
42,524.2000000000005,30,-0.05665464570131508,-1.2778311457471259
42,524.2000000000005,31,-0.05665464570131508,1.2778311457471259
42,524.2000000000005,32,-0.05824705735180187,-0.6330057580524763
42,524.2000000000005,33,-0.05824705735180187,0.6330057580524763
42,524.2000000000005,34,-0.060608375033387014,-0.01105028093550963
42,524.2000000000005,35,-0.060608375033387014,0.01105028093550963
42,524.2000000000005,36,-0.06169705270684339,-0.9848839865601543
42,524.2000000000005,37,-0.06169705270684339,0.9848839865601543
42,524.2000000000005,38,-0.06229162510709857,-0.13234659452845451
42,524.2000000000005,39,-0.06229162510709857,0.13234659452845451
42,524.2000000000005,40,-0.06466751925159811,-0.41395519395424524
42,524.2000000000005,41,-0.06466751925159811,0.41395519395424524
42,524.2000000000005,42,-0.06613044012459524,-0.9146049509780926
42,524.2000000000005,43,-0.06613044012459524,0.9146049509780926
42,524.2000000000005,44,-0.06922488966030904,-0.24918053464002282
42,524.2000000000005,45,-0.06922488966030904,0.24918053464002282
42,524.2000000000005,46,-0.07110705431841141,0.0
42,524.2000000000005,47,-0.07133364918506249,-0.7436388253255876
42,524.2000000000005,48,-0.07133364918506249,0.7436388253255876
42,524.2000000000005,49,-0.07284202537050188,-0.02847162634262694
42,524.2000000000005,50,-0.07284202537050188,0.02847162634262694
42,524.2000000000005,51,-0.07326381346219746,-0.3769011613741093
42,524.2000000000005,52,-0.07326381346219746,0.3769011613741093
42,524.2000000000005,53,-0.076567662841515,-1.2070628837716861
42,524.2000000000005,54,-0.076567662841515,1.2070628837716861
42,524.2000000000005,55,-0.07667274436235064,-0.2878687269707842
42,524.2000000000005,56,-0.07667274436235064,0.2878687269707842
42,524.2000000000005,57,-0.07919030929979803,-0.5495515099559138
42,524.2000000000005,58,-0.07919030929979803,0.5495515099559138
42,524.2000000000005,59,-0.07924964937329582,-1.0005774519840975
42,524.2000000000005,60,-0.07924964937329582,1.0005774519840975
42,524.2000000000005,61,-0.08967217346679349,-0.34203407891579296
42,524.2000000000005,62,-0.08967217346679349,0.34203407891579296
42,524.2000000000005,63,-0.0948600931132256,-0.4758459660277128
42,524.2000000000005,64,-0.0948600931132256,0.4758459660277128
43,524.3000000000005,1,0.051384406445454174,0.0
43,524.3000000000005,2,-4.372600036723468e-5,-0.14341460640584688
43,524.3000000000005,3,-4.372600036723468e-5,0.14341460640584688
43,524.3000000000005,4,-0.004371134195999937,-0.6629323496601128
43,524.3000000000005,5,-0.004371134195999937,0.6629323496601128
43,524.3000000000005,6,-0.018550347954818643,-1.1584313099574919
43,524.3000000000005,7,-0.018550347954818643,1.1584313099574919
43,524.3000000000005,8,-0.018891463143851255,0.0
43,524.3000000000005,9,-0.022350953661000372,-0.3507760621553316
43,524.3000000000005,10,-0.022350953661000372,0.3507760621553316
43,524.3000000000005,11,-0.023319362833585256,-0.022774577525976992
43,524.3000000000005,12,-0.023319362833585256,0.022774577525976992
43,524.3000000000005,13,-0.024985716429985642,-0.07742543648695711
43,524.3000000000005,14,-0.024985716429985642,0.07742543648695711
43,524.3000000000005,15,-0.025742985886153147,-0.7413171583331923
43,524.3000000000005,16,-0.025742985886153147,0.7413171583331923
43,524.3000000000005,17,-0.03344403935747311,-0.6073406533855981
43,524.3000000000005,18,-0.03344403935747311,0.6073406533855981
43,524.3000000000005,19,-0.03716840329283125,-0.23608941285925927
43,524.3000000000005,20,-0.03716840329283125,0.23608941285925927
43,524.3000000000005,21,-0.040757901802798105,-1.1187027054504846
43,524.3000000000005,22,-0.040757901802798105,1.1187027054504846
43,524.3000000000005,23,-0.045075200115254885,-0.6859843681976132
43,524.3000000000005,24,-0.045075200115254885,0.6859843681976132
43,524.3000000000005,25,-0.04798770594690409,-0.09107463421121378
43,524.3000000000005,26,-0.04798770594690409,0.09107463421121378
43,524.3000000000005,27,-0.05183474363052509,0.0
43,524.3000000000005,28,-0.05495093066366802,-1.5240671779447799
43,524.3000000000005,29,-0.05495093066366802,1.5240671779447799
43,524.3000000000005,30,-0.05660301949803607,-1.2778181087992897
43,524.3000000000005,31,-0.05660301949803607,1.2778181087992897
43,524.3000000000005,32,-0.058216646897343585,-0.63301374626498
43,524.3000000000005,33,-0.058216646897343585,0.63301374626498
43,524.3000000000005,34,-0.06059318713182761,-0.011056517863671324
43,524.3000000000005,35,-0.06059318713182761,0.011056517863671324
43,524.3000000000005,36,-0.0616490581842311,-0.9848601647880724
43,524.3000000000005,37,-0.0616490581842311,0.9848601647880724
43,524.3000000000005,38,-0.062265451494476834,-0.13235465434868907
43,524.3000000000005,39,-0.062265451494476834,0.13235465434868907
43,524.3000000000005,40,-0.06463822352088718,-0.4139491448849147
43,524.3000000000005,41,-0.06463822352088718,0.4139491448849147
43,524.3000000000005,42,-0.0660968567066045,-0.9146082572863466
43,524.3000000000005,43,-0.0660968567066045,0.9146082572863466
43,524.3000000000005,44,-0.06921982012517956,-0.24917698530853635
43,524.3000000000005,45,-0.06921982012517956,0.24917698530853635
43,524.3000000000005,46,-0.07107831722066417,0.0
43,524.3000000000005,47,-0.07128520514807764,-0.7436299962361239
43,524.3000000000005,48,-0.07128520514807764,0.7436299962361239
43,524.3000000000005,49,-0.07281536339242664,-0.028478404968069373
43,524.3000000000005,50,-0.07281536339242664,0.028478404968069373
43,524.3000000000005,51,-0.07322462855432785,-0.37688937535394135
43,524.3000000000005,52,-0.07322462855432785,0.37688937535394135
43,524.3000000000005,53,-0.076536200960583,-1.2070643979302766
43,524.3000000000005,54,-0.076536200960583,1.2070643979302766
43,524.3000000000005,55,-0.07662155817651853,-0.2878492299093527
43,524.3000000000005,56,-0.07662155817651853,0.2878492299093527
43,524.3000000000005,57,-0.07916195872998641,-0.5495392777387177
43,524.3000000000005,58,-0.07916195872998641,0.5495392777387177
43,524.3000000000005,59,-0.07919736430166485,-1.0005720042067587
43,524.3000000000005,60,-0.07919736430166485,1.0005720042067587
43,524.3000000000005,61,-0.08964697318988493,-0.3420483515866511
43,524.3000000000005,62,-0.08964697318988493,0.3420483515866511
43,524.3000000000005,63,-0.0948397505534458,-0.47584931680274867
43,524.3000000000005,64,-0.0948397505534458,0.47584931680274867
44,524.4000000000005,1,0.051385684789784475,0.0
44,524.4000000000005,2,-4.2152091557501326e-7,-0.14340827931628344
44,524.4000000000005,3,-4.2152091557501326e-7,0.14340827931628344
44,524.4000000000005,4,-0.00432091928020821,-0.6629267299546036
44,524.4000000000005,5,-0.00432091928020821,0.6629267299546036
44,524.4000000000005,6,-0.018508447294187547,-1.1584306418796675
44,524.4000000000005,7,-0.018508447294187547,1.1584306418796675
44,524.4000000000005,8,-0.018889223011863365,0.0
44,524.4000000000005,9,-0.022309208205999093,-0.35077950600963553
44,524.4000000000005,10,-0.022309208205999093,0.35077950600963553
44,524.4000000000005,11,-0.0233082838876031,-0.022763410943042416
44,524.4000000000005,12,-0.0233082838876031,0.022763410943042416
44,524.4000000000005,13,-0.02498697150144611,-0.0774159721993374
44,524.4000000000005,14,-0.02498697150144611,0.0774159721993374
44,524.4000000000005,15,-0.02570474718538221,-0.7413214019474088
44,524.4000000000005,16,-0.02570474718538221,0.7413214019474088
44,524.4000000000005,17,-0.03340666307771258,-0.6073383917259461
44,524.4000000000005,18,-0.03340666307771258,0.6073383917259461
44,524.4000000000005,19,-0.037119983332902146,-0.23609523957413345
44,524.4000000000005,20,-0.037119983332902146,0.23609523957413345
44,524.4000000000005,21,-0.04072621810408597,-1.11871028346665
44,524.4000000000005,22,-0.04072621810408597,1.11871028346665
44,524.4000000000005,23,-0.045036111032012646,-0.6859897757338796
44,524.4000000000005,24,-0.045036111032012646,0.6859897757338796
44,524.4000000000005,25,-0.047967278226111035,-0.0910724278312526
44,524.4000000000005,26,-0.047967278226111035,0.0910724278312526
44,524.4000000000005,27,-0.051807419703052596,0.0
44,524.4000000000005,28,-0.054918213269839644,-1.5240697662962386
44,524.4000000000005,29,-0.054918213269839644,1.5240697662962386
44,524.4000000000005,30,-0.05655140762530153,-1.2778050510703352
44,524.4000000000005,31,-0.05655140762530153,1.2778050510703352
44,524.4000000000005,32,-0.05818625189138421,-0.6330217315723518
44,524.4000000000005,33,-0.05818625189138421,0.6330217315723518
44,524.4000000000005,34,-0.060578006134444265,-0.011062735088801541
44,524.4000000000005,35,-0.060578006134444265,0.011062735088801541
44,524.4000000000005,36,-0.06160107426927157,-0.9848363199384282
44,524.4000000000005,37,-0.06160107426927157,0.9848363199384282
44,524.4000000000005,38,-0.06223928812156023,-0.13236271572487004
44,524.4000000000005,39,-0.06223928812156023,0.13236271572487004
44,524.4000000000005,40,-0.06460894109698388,-0.4139430945416327
44,524.4000000000005,41,-0.06460894109698388,0.4139430945416327
44,524.4000000000005,42,-0.06606328499260875,-0.9146115602736604
44,524.4000000000005,43,-0.06606328499260875,0.9146115602736604
44,524.4000000000005,44,-0.06921474419483781,-0.24917345414808975
44,524.4000000000005,45,-0.06921474419483781,0.24917345414808975
44,524.4000000000005,46,-0.07104960757333616,0.0
44,524.4000000000005,47,-0.07123677544446905,-0.7436211492964119
44,524.4000000000005,48,-0.07123677544446905,0.7436211492964119
44,524.4000000000005,49,-0.07278870586867821,-0.028485147209590684
44,524.4000000000005,50,-0.07278870586867821,0.028485147209590684
44,524.4000000000005,51,-0.07318545743749538,-0.3768775831580155
44,524.4000000000005,52,-0.07318545743749538,0.3768775831580155
44,524.4000000000005,53,-0.07650474671606189,-1.2070659062575595
44,524.4000000000005,54,-0.07650474671606189,1.2070659062575595
44,524.4000000000005,55,-0.0765703884000653,-0.28782973181103216
44,524.4000000000005,56,-0.0765703884000653,0.28782973181103216
44,524.4000000000005,57,-0.07913362051705264,-0.5495270397048229
44,524.4000000000005,58,-0.07913362051705264,0.5495270397048229
44,524.4000000000005,59,-0.07914510452532997,-1.0005665526895562
44,524.4000000000005,60,-0.07914510452532997,1.0005665526895562
44,524.4000000000005,61,-0.08962178263429921,-0.342062622486472
44,524.4000000000005,62,-0.08962178263429921,0.342062622486472
44,524.4000000000005,63,-0.09481941675208042,-0.47585265292690704
44,524.4000000000005,64,-0.09481941675208042,0.47585265292690704
45,524.5000000000006,1,0.051386967425996896,0.0
45,524.5000000000006,2,4.286246110903752e-5,-0.1434019300536104
45,524.5000000000006,3,4.286246110903752e-5,0.1434019300536104
45,524.5000000000006,4,-0.004270724696743888,-0.6629210914940631
45,524.5000000000006,5,-0.004270724696743888,0.6629210914940631
45,524.5000000000006,6,-0.018466561655181006,-1.158429962840814
45,524.5000000000006,7,-0.018466561655181006,1.158429962840814
45,524.5000000000006,8,-0.018886989585407143,0.0
45,524.5000000000006,9,-0.022267483048121896,-0.3507829673809937
45,524.5000000000006,10,-0.022267483048121896,0.3507829673809937
45,524.5000000000006,11,-0.023297208011822213,-0.022752229221445708
45,524.5000000000006,12,-0.023297208011822213,0.022752229221445708
45,524.5000000000006,13,-0.024988224735861684,-0.07740650251460054
45,524.5000000000006,14,-0.024988224735861684,0.07740650251460054
45,524.5000000000006,15,-0.02566652791028473,-0.7413256508563355
45,524.5000000000006,16,-0.02566652791028473,0.7413256508563355
45,524.5000000000006,17,-0.03336929713555892,-0.6073361187062271
45,524.5000000000006,18,-0.03336929713555892,0.6073361187062271
45,524.5000000000006,19,-0.03707159575120965,-0.2361010329137354
45,524.5000000000006,20,-0.03707159575120965,0.2361010329137354
45,524.5000000000006,21,-0.04069454661301217,-1.118717862751169
45,524.5000000000006,22,-0.04069454661301217,1.118717862751169
45,524.5000000000006,23,-0.04499703414287004,-0.6859951806966469
45,524.5000000000006,24,-0.04499703414287004,0.6859951806966469
45,524.5000000000006,25,-0.04794686348156829,-0.09107023116669229
45,524.5000000000006,26,-0.04794686348156829,0.09107023116669229
45,524.5000000000006,27,-0.05178011389313134,0.0
45,524.5000000000006,28,-0.05488550974311124,-1.5240723501961517
45,524.5000000000006,29,-0.05488550974311124,1.5240723501961517
45,524.5000000000006,30,-0.05649981006469393,-1.2777919724928213
45,524.5000000000006,31,-0.05649981006469393,1.2777919724928213
45,524.5000000000006,32,-0.05815587233439713,-0.6330297139949815
45,524.5000000000006,33,-0.05815587233439713,0.6330297139949815
45,524.5000000000006,34,-0.060562832000021535,-0.011068932837076327
45,524.5000000000006,35,-0.060562832000021535,0.011068932837076327
45,524.5000000000006,36,-0.061553100966290325,-0.9848124519733971
45,524.5000000000006,37,-0.061553100966290325,0.9848124519733971
45,524.5000000000006,38,-0.062213134974778275,-0.1323707786428356
45,524.5000000000006,39,-0.062213134974778275,0.1323707786428356
45,524.5000000000006,40,-0.06457967197612831,-0.41393704292246875
45,524.5000000000006,41,-0.06457967197612831,0.41393704292246875
45,524.5000000000006,42,-0.06602972497577125,-0.9146148599445878
45,524.5000000000006,43,-0.06602972497577125,0.9146148599445878
45,524.5000000000006,44,-0.06920966186631632,-0.24916994104574217
45,524.5000000000006,45,-0.06920966186631632,0.24916994104574217
45,524.5000000000006,46,-0.07102092561684782,0.0
45,524.5000000000006,47,-0.07118836005394122,-0.7436122844621422
45,524.5000000000006,48,-0.07118836005394122,0.7436122844621422
45,524.5000000000006,49,-0.0727620530140204,-0.028491853182667577
45,524.5000000000006,50,-0.0727620530140204,0.028491853182667577
45,524.5000000000006,51,-0.07314630010093934,-0.37686578477121613
45,524.5000000000006,52,-0.07314630010093934,0.37686578477121613
45,524.5000000000006,53,-0.07647330010110634,-1.2070674087522488
45,524.5000000000006,54,-0.07647330010110634,1.2070674087522488
45,524.5000000000006,55,-0.07651923503847095,-0.28781023262307814
45,524.5000000000006,56,-0.07651923503847095,0.28781023262307814
45,524.5000000000006,57,-0.07909287001312865,-1.0005610973615402
45,524.5000000000006,58,-0.07909287001312865,1.0005610973615402
45,524.5000000000006,59,-0.07910529469032736,-0.5495147958265706
45,524.5000000000006,60,-0.07910529469032736,0.5495147958265706
45,524.5000000000006,61,-0.08959660180293458,-0.3420768916364225
45,524.5000000000006,62,-0.08959660180293458,0.3420768916364225
45,524.5000000000006,63,-0.09479909173452608,-0.47585597438950716
45,524.5000000000006,64,-0.09479909173452608,0.47585597438950716
46,524.6000000000006,1,0.051388254363487436,0.0
46,524.6000000000006,2,8.61259576060737e-5,-0.14339555855186792
46,524.6000000000006,3,8.61259576060737e-5,0.14339555855186792
46,524.6000000000006,4,-0.004220550434263989,-0.6629154342210317
46,524.6000000000006,5,-0.004220550434263989,0.6629154342210317
46,524.6000000000006,6,-0.018424691029634073,-1.1584292728199181
46,524.6000000000006,7,-0.018424691029634073,1.1584292728199181
46,524.6000000000006,8,-0.018884762889261365,0.0
46,524.6000000000006,9,-0.022225778183885603,-0.3507864463049544
46,524.6000000000006,10,-0.022225778183885603,0.3507864463049544
46,524.6000000000006,11,-0.02328613521073675,-0.022741032321519927
46,524.6000000000006,12,-0.02328613521073675,0.022741032321519927
46,524.6000000000006,13,-0.024989476134765938,-0.0773970274096613
46,524.6000000000006,14,-0.024989476134765938,0.0773970274096613
46,524.6000000000006,15,-0.025628328060280564,-0.7413299050839638
46,524.6000000000006,16,-0.025628328060280564,0.7413299050839638
46,524.6000000000006,17,-0.033331941517909025,-0.607333834298991
46,524.6000000000006,18,-0.033331941517909025,0.607333834298991
46,524.6000000000006,19,-0.037023240539508465,-0.23610679295954712
46,524.6000000000006,20,-0.037023240539508465,0.23610679295954712
46,524.6000000000006,21,-0.040662887325602665,-1.1187254433321656
46,524.6000000000006,22,-0.040662887325602665,1.1187254433321656
46,524.6000000000006,23,-0.04495796943439245,-0.6860005830935866
46,524.6000000000006,24,-0.04495796943439245,0.6860005830935866
46,524.6000000000006,25,-0.04792646174111026,-0.09106804424663176
46,524.6000000000006,26,-0.04792646174111026,0.09106804424663176
46,524.6000000000006,27,-0.05175282598211081,0.0
46,524.6000000000006,28,-0.05485282008453541,-1.5240749296530345
46,524.6000000000006,29,-0.05485282008453541,1.5240749296530345
46,524.6000000000006,30,-0.05644822679777825,-1.2777788729990587
46,524.6000000000006,31,-0.05644822679777825,1.2777788729990587
46,524.6000000000006,32,-0.058125508226908776,-0.6330376935533369
46,524.6000000000006,33,-0.058125508226908776,0.6330376935533369
46,524.6000000000006,34,-0.06054766468686076,-0.011075111333127718
46,524.6000000000006,35,-0.06054766468686076,0.011075111333127718
46,524.6000000000006,36,-0.06150513827972415,-0.9847885608547944
46,524.6000000000006,37,-0.06150513827972415,0.9847885608547944
46,524.6000000000006,38,-0.06218699204050768,-0.13237884308855477
46,524.6000000000006,39,-0.06218699204050768,0.13237884308855477
46,524.6000000000006,40,-0.06455041615458999,-0.413930990025521
46,524.6000000000006,41,-0.06455041615458999,0.413930990025521
46,524.6000000000006,42,-0.0659961766492651,-0.9146181563036704
46,524.6000000000006,43,-0.0659961766492651,0.9146181563036704
46,524.6000000000006,44,-0.0692045731370119,-0.24916644588922351
46,524.6000000000006,45,-0.0692045731370119,0.24916644588922351
46,524.6000000000006,46,-0.07099227159105348,0.0
46,524.6000000000006,47,-0.0711399589561651,-0.7436034016888516
46,524.6000000000006,48,-0.0711399589561651,0.7436034016888516
46,524.6000000000006,49,-0.07273540504207135,-0.028498523002970268
46,524.6000000000006,50,-0.07273540504207135,0.028498523002970268
46,524.6000000000006,51,-0.0731071565339286,-0.3768539801784163
46,524.6000000000006,52,-0.0731071565339286,0.3768539801784163
46,524.6000000000006,53,-0.07644186110886592,-1.2070689054130512
46,524.6000000000006,54,-0.07644186110886592,1.2070689054130512
46,524.6000000000006,55,-0.07646809809730676,-0.28779073229261476
46,524.6000000000006,56,-0.07646809809730676,0.28779073229261476
46,524.6000000000006,57,-0.07904066073374895,-1.000555638151739
46,524.6000000000006,58,-0.07904066073374895,1.000555638151739
46,524.6000000000006,59,-0.07907698127923693,-0.5495025460761898
46,524.6000000000006,60,-0.07907698127923693,0.5495025460761898
46,524.6000000000006,61,-0.08957143069864078,-0.34209115905764165
46,524.6000000000006,62,-0.08957143069864078,0.34209115905764165
46,524.6000000000006,63,-0.09477877552621375,-0.47585928117982673
46,524.6000000000006,64,-0.09477877552621375,0.47585928117982673
47,524.7000000000006,1,0.05138954561172633,0.0
47,524.7000000000006,2,0.0001293689804416692,-0.14338916474467564
47,524.7000000000006,3,0.0001293689804416692,0.14338916474467564
47,524.7000000000006,4,-0.004170396481443961,-0.6629097580777447
47,524.7000000000006,5,-0.004170396481443961,0.6629097580777447
47,524.7000000000006,6,-0.018382835409401634,-1.1584285717958958
47,524.7000000000006,7,-0.018382835409401634,1.1584285717958958
47,524.7000000000006,8,-0.01888254294838297,0.0
47,524.7000000000006,9,-0.02218409360984938,-0.3507899428173325
47,524.7000000000006,10,-0.02218409360984938,0.3507899428173325
47,524.7000000000006,11,-0.02327506548884587,-0.022729820203449408
47,524.7000000000006,12,-0.02327506548884587,0.022729820203449408
47,524.7000000000006,13,-0.024990725699704737,-0.07738754686124567
47,524.7000000000006,14,-0.024990725699704737,0.07738754686124567
47,524.7000000000006,15,-0.025590147634845822,-0.7413341646544915
47,524.7000000000006,16,-0.025590147634845822,0.7413341646544915
47,524.7000000000006,17,-0.033294596211616734,-0.6073315384765989
47,524.7000000000006,18,-0.033294596211616734,0.6073315384765989
47,524.7000000000006,19,-0.03697491768919775,-0.23611251979223616
47,524.7000000000006,20,-0.03697491768919775,0.23611251979223616
47,524.7000000000006,21,-0.04063124023791445,-1.118733025237946
47,524.7000000000006,22,-0.04063124023791445,1.118733025237946
47,524.7000000000006,23,-0.04491891689311567,-0.6860059829324259
47,524.7000000000006,24,-0.04491891689311567,0.6860059829324259
47,524.7000000000006,25,-0.04790607303275108,-0.09106586710042976
47,524.7000000000006,26,-0.04790607303275108,0.09106586710042976
47,524.7000000000006,27,-0.05172555575296623,0.0
47,524.7000000000006,28,-0.05482014429520435,-1.5240775046755106
47,524.7000000000006,29,-0.05482014429520435,1.5240775046755106
47,524.7000000000006,30,-0.056396657806070866,-1.2777657525209263
47,524.7000000000006,31,-0.056396657806070866,1.2777657525209263
47,524.7000000000006,32,-0.058095159569496985,-0.6330456702679574
47,524.7000000000006,33,-0.058095159569496985,0.6330456702679574
47,524.7000000000006,34,-0.060532504152713204,-0.011081270800118418
47,524.7000000000006,35,-0.060532504152713204,0.011081270800118418
47,524.7000000000006,36,-0.06145718621416249,-0.9847646465438861
47,524.7000000000006,37,-0.06145718621416249,0.9847646465438861
47,524.7000000000006,38,-0.062160859304998484,-0.13238690904808417
47,524.7000000000006,39,-0.062160859304998484,0.13238690904808417
47,524.7000000000006,40,-0.06452117362866598,-0.41392493584878437
47,524.7000000000006,41,-0.06452117362866598,0.41392493584878437
47,524.7000000000006,42,-0.06596264000626145,-0.9146214493555284
47,524.7000000000006,43,-0.06596264000626145,0.9146214493555284
47,524.7000000000006,44,-0.0691994780046787,-0.24916296856691486
47,524.7000000000006,45,-0.0691994780046787,0.24916296856691486
47,524.7000000000006,46,-0.07096364573551046,0.0
47,524.7000000000006,47,-0.07109157213072644,-0.7435945009317183
47,524.7000000000006,48,-0.07109157213072644,0.7435945009317183
47,524.7000000000006,49,-0.07270876216527825,-0.028505156786484673
47,524.7000000000006,50,-0.07270876216527825,0.028505156786484673
47,524.7000000000006,51,-0.07306802672578912,-0.3768421693644183
47,524.7000000000006,52,-0.07306802672578912,0.3768421693644183
47,524.7000000000006,53,-0.07641042973247283,-1.2070703962386955
47,524.7000000000006,54,-0.07641042973247283,1.2070703962386955
47,524.7000000000006,55,-0.07641697758229753,-0.2877712307665099
47,524.7000000000006,56,-0.07641697758229753,0.2877712307665099
47,524.7000000000006,57,-0.07898847665571854,-1.0005501749890824
47,524.7000000000006,58,-0.07898847665571854,1.0005501749890824
47,524.7000000000006,59,-0.07904868031337602,-0.5494902904257972
47,524.7000000000006,60,-0.07904868031337602,0.5494902904257972
47,524.7000000000006,61,-0.08954626932418686,-0.34210542477126943
47,524.7000000000006,62,-0.08954626932418686,0.34210542477126943
47,524.7000000000006,63,-0.09475846815262405,-0.4758625732870937
47,524.7000000000006,64,-0.09475846815262405,0.4758625732870937
48,524.8000000000006,1,0.0513908411801789,0.0
48,524.8000000000006,2,0.00017259154147124256,-0.14338274856559877
48,524.8000000000006,3,0.00017259154147124256,0.14338274856559877
48,524.8000000000006,4,-0.004120262826995074,-0.6629040630063662
48,524.8000000000006,5,-0.004120262826995074,0.6629040630063662
48,524.8000000000006,6,-0.0183409947863405,-1.1584278597476365
48,524.8000000000006,7,-0.0183409947863405,1.1584278597476365
48,524.8000000000006,8,-0.018880329787897155,0.0
48,524.8000000000006,9,-0.02214242932262557,-0.35079345695400216
48,524.8000000000006,10,-0.02214242932262557,0.35079345695400216
48,524.8000000000006,11,-0.023263998850640562,-0.02271859282730037
48,524.8000000000006,12,-0.023263998850640562,0.02271859282730037
48,524.8000000000006,13,-0.02499197343222393,-0.07737806084601606
48,524.8000000000006,14,-0.02499197343222393,0.07737806084601606
48,524.8000000000006,15,-0.02555198663347305,-0.7413384295921502
48,524.8000000000006,16,-0.02555198663347305,0.7413384295921502
48,524.8000000000006,17,-0.03325726120354966,-0.6073292312114079
48,524.8000000000006,18,-0.03325726120354966,0.6073292312114079
48,524.8000000000006,19,-0.03692662719132004,-0.23611821349185852
48,524.8000000000006,20,-0.03692662719132004,0.23611821349185852
48,524.8000000000006,21,-0.040599605345999934,-1.1187406084968199
48,524.8000000000006,22,-0.040599605345999934,1.1187406084968199
48,524.8000000000006,23,-0.04487987650557746,-0.6860113802208726
48,524.8000000000006,24,-0.04487987650557746,0.6860113802208726
48,524.8000000000006,25,-0.04788569738458294,-0.09106369975742161
48,524.8000000000006,26,-0.04788569738458294,0.09106369975742161
48,524.8000000000006,27,-0.05169830299038274,0.0
48,524.8000000000006,28,-0.054787482376253416,-1.5240800752721742
48,524.8000000000006,29,-0.054787482376253416,1.5240800752721742
48,524.8000000000006,30,-0.056345103071068076,-1.277752610990209
48,524.8000000000006,31,-0.056345103071068076,1.277752610990209
48,524.8000000000006,32,-0.0580648263627325,-0.6330536441593768
48,524.8000000000006,33,-0.0580648263627325,0.6330536441593768
48,524.8000000000006,34,-0.060517350354948665,-0.011087411459602485
48,524.8000000000006,35,-0.060517350354948665,0.011087411459602485
48,524.8000000000006,36,-0.061409244774239785,-0.9847407090017266
48,524.8000000000006,37,-0.061409244774239785,0.9847407090017266
48,524.8000000000006,38,-0.062134736754459456,-0.13239497650754387
48,524.8000000000006,39,-0.062134736754459456,0.13239497650754387
48,524.8000000000006,40,-0.06449194439467665,-0.4139188803902958
48,524.8000000000006,41,-0.06449194439467665,0.4139188803902958
48,524.8000000000006,42,-0.06592911503994348,-0.9146247391047582
48,524.8000000000006,43,-0.06592911503994348,0.9146247391047582
48,524.8000000000006,44,-0.06919437646742926,-0.24915950896785224
48,524.8000000000006,45,-0.06919437646742926,0.24915950896785224
48,524.8000000000006,46,-0.07093504828894132,0.0
48,524.8000000000006,47,-0.07104319955724324,-0.7435855821459342
48,524.8000000000006,48,-0.07104319955724324,0.7435855821459342
48,524.8000000000006,49,-0.0726821245950161,-0.028511754649311712
48,524.8000000000006,50,-0.0726821245950161,0.028511754649311712
48,524.8000000000006,51,-0.07302891066583383,-0.37683035231400047
48,524.8000000000006,52,-0.07302891066583383,0.37683035231400047
48,524.8000000000006,53,-0.07636587349924513,-0.2877517279915924
48,524.8000000000006,54,-0.07636587349924513,0.2877517279915924
48,524.8000000000006,55,-0.07637900596505487,-1.2070718812278802
48,524.8000000000006,56,-0.07637900596505487,1.2070718812278802
48,524.8000000000006,57,-0.07893631774749174,-1.000544707802566
48,524.8000000000006,58,-0.07893631774749174,1.000544707802566
48,524.8000000000006,59,-0.07902039182237211,-0.5494780288475053
48,524.8000000000006,60,-0.07902039182237211,0.5494780288475053
48,524.8000000000006,61,-0.08952111768233749,-0.34211968879841076
48,524.8000000000006,62,-0.08952111768233749,0.34211968879841076
48,524.8000000000006,63,-0.09473816963926704,-0.4758658507004688
48,524.8000000000006,64,-0.09473816963926704,0.4758658507004688
49,524.9000000000007,1,0.05139214107836712,0.0
49,524.9000000000007,2,0.00021579365253152072,-0.14337630994784326
49,524.9000000000007,3,0.00021579365253152072,0.14337630994784326
49,524.9000000000007,4,-0.004070149459630745,-0.6628983489487429
49,524.9000000000007,5,-0.004070149459630745,0.6628983489487429
49,524.9000000000007,6,-0.01829916915232959,-1.1584271366539343
49,524.9000000000007,7,-0.01829916915232959,1.1584271366539343
49,524.9000000000007,8,-0.01887812343311348,0.0
49,524.9000000000007,9,-0.022100785318873814,-0.3507969887510766
49,524.9000000000007,10,-0.022100785318873814,0.3507969887510766
49,524.9000000000007,11,-0.023252935300620635,-0.02270735015298709
49,524.9000000000007,12,-0.023252935300620635,0.02270735015298709
49,524.9000000000007,13,-0.02499321933387516,-0.07736856934044484
49,524.9000000000007,14,-0.02499321933387516,0.07736856934044484
49,524.9000000000007,15,-0.025513845055698377,-0.7413426999213532
49,524.9000000000007,16,-0.025513845055698377,0.7413426999213532
49,524.9000000000007,17,-0.03321993648055943,-0.6073269124756492
49,524.9000000000007,18,-0.03321993648055943,0.6073269124756492
49,524.9000000000007,19,-0.03687836903659962,-0.2361238741376718
49,524.9000000000007,20,-0.03687836903659962,0.2361238741376718
49,524.9000000000007,21,-0.04056798264594075,-1.118748193137322
49,524.9000000000007,22,-0.04056798264594075,1.118748193137322
49,524.9000000000007,23,-0.044840848258306726,-0.6860167749666333
49,524.9000000000007,24,-0.044840848258306726,0.6860167749666333
49,524.9000000000007,25,-0.04786533482485706,-0.09106154224709041
49,524.9000000000007,26,-0.04786533482485706,0.09106154224709041
49,524.9000000000007,27,-0.05167106748065625,0.0
49,524.9000000000007,28,-0.05475483432887218,-1.5240826414517534
49,524.9000000000007,29,-0.05475483432887218,1.5240826414517534
49,524.9000000000007,30,-0.05629356257422205,-1.2777394483383444
49,524.9000000000007,31,-0.05629356257422205,1.2777394483383444
49,524.9000000000007,32,-0.058034508607254065,-0.6330616152482232
49,524.9000000000007,33,-0.058034508607254065,0.6330616152482232
49,524.9000000000007,34,-0.060502203250422645,-0.011093533531698535
49,524.9000000000007,35,-0.060502203250422645,0.011093533531698535
49,524.9000000000007,36,-0.061361313964789166,-0.984716748188905
49,524.9000000000007,37,-0.061361313964789166,0.984716748188905
49,524.9000000000007,38,-0.0621086243749942,-0.13240304545318227
49,524.9000000000007,39,-0.0621086243749942,0.13240304545318227
49,524.9000000000007,40,-0.06446272844898097,-0.4139128236480533
49,524.9000000000007,41,-0.06446272844898097,0.4139128236480533
49,524.9000000000007,42,-0.06589560174349758,-0.9146280255560019
49,524.9000000000007,43,-0.06589560174349758,0.9146280255560019
49,524.9000000000007,44,-0.06918926852371848,-0.2491560669817348
49,524.9000000000007,45,-0.06918926852371848,0.2491560669817348
49,524.9000000000007,46,-0.0709064794897162,0.0
49,524.9000000000007,47,-0.07099484121523962,-0.7435766452863768
49,524.9000000000007,48,-0.07099484121523962,0.7435766452863768
49,524.9000000000007,49,-0.07265549254149958,-0.02851831670777106
49,524.9000000000007,50,-0.07265549254149958,0.02851831670777106
49,524.9000000000007,51,-0.07298980834343635,-0.37681852901188745
49,524.9000000000007,52,-0.07298980834343635,0.37681852901188745
49,524.9000000000007,53,-0.07631478585407804,-0.28773222391445624
49,524.9000000000007,54,-0.07631478585407804,0.28773222391445624
49,524.9000000000007,55,-0.07634758979972528,-1.207073360379317
49,524.9000000000007,56,-0.07634758979972528,1.207073360379317
49,524.9000000000007,57,-0.07888418397735002,-1.0005392365210923
49,524.9000000000007,58,-0.07888418397735002,1.0005392365210923
49,524.9000000000007,59,-0.07899211583602189,-0.5494657613133094
49,524.9000000000007,60,-0.07899211583602189,0.5494657613133094
49,524.9000000000007,61,-0.08949597577577395,-0.3421339511601485
49,524.9000000000007,62,-0.08949597577577395,0.3421339511601485
49,524.9000000000007,63,-0.09471788001170972,-0.47586911340908483
49,524.9000000000007,64,-0.09471788001170972,0.47586911340908483
50,525.0000000000007,1,0.05139344531587783,0.0
50,525.0000000000007,2,0.00025897532544046087,-0.14336984882427567
50,525.0000000000007,3,0.00025897532544046087,0.14336984882427567
50,525.0000000000007,4,-0.004020056368078485,-0.66289261584649
50,525.0000000000007,5,-0.004020056368078485,0.66289261584649
50,525.0000000000007,6,-0.018257358499262785,-1.1584264024935438
50,525.0000000000007,7,-0.018257358499262785,1.1584264024935438
50,525.0000000000007,8,-0.018875923909516232,0.0
50,525.0000000000007,9,-0.022059161595296,-0.3508005382448879
50,525.0000000000007,10,-0.022059161595296,0.3508005382448879
50,525.0000000000007,11,-0.02324187484328813,-0.022696092140274574
50,525.0000000000007,12,-0.02324187484328813,0.022696092140274574
50,525.0000000000007,13,-0.024994463406218012,-0.07735907232084767
50,525.0000000000007,14,-0.024994463406218012,0.07735907232084767
50,525.0000000000007,15,-0.025475722901103916,-0.741346975666697
50,525.0000000000007,16,-0.025475722901103916,0.741346975666697
50,525.0000000000007,17,-0.03318262202945385,-0.6073245822414244
50,525.0000000000007,18,-0.03318262202945385,0.6073245822414244
50,525.0000000000007,19,-0.036830143215410394,-0.23612950180818879
50,525.0000000000007,20,-0.036830143215410394,0.23612950180818879
50,525.0000000000007,21,-0.04053637213383526,-1.118755779188127
50,525.0000000000007,22,-0.04053637213383526,1.118755779188127
50,525.0000000000007,23,-0.04480183213780509,-0.6860221671774415
50,525.0000000000007,24,-0.04480183213780509,0.6860221671774415
50,525.0000000000007,25,-0.04784498538197697,-0.09105939459911598
50,525.0000000000007,26,-0.04784498538197697,0.09105939459911598
50,525.0000000000007,27,-0.0516438490116733,0.0
50,525.0000000000007,28,-0.054722200154309064,-1.52408520322303
50,525.0000000000007,29,-0.054722200154309064,1.52408520322303
50,525.0000000000007,30,-0.056242036296954206,-1.2777262644963785
50,525.0000000000007,31,-0.056242036296954206,1.2777262644963785
50,525.0000000000007,32,-0.05800420630374601,-0.6330695835551808
50,525.0000000000007,33,-0.05800420630374601,0.6330695835551808
50,525.0000000000007,34,-0.0604870627954859,-0.011099637235078565
50,525.0000000000007,35,-0.0604870627954859,0.011099637235078565
50,525.0000000000007,36,-0.0613133937907175,-0.9846927640654786
50,525.0000000000007,37,-0.0613133937907175,0.9846927640654786
50,525.0000000000007,38,-0.06208252215261504,-0.13241111587132717
50,525.0000000000007,39,-0.06208252215261504,0.13241111587132717
50,525.0000000000007,40,-0.06443352578795136,-0.41390676562002177
50,525.0000000000007,41,-0.06443352578795136,0.41390676562002177
50,525.0000000000007,42,-0.0658621001101121,-0.9146313087139641
50,525.0000000000007,43,-0.0658621001101121,0.9146313087139641
50,525.0000000000007,44,-0.06918415417234745,-0.24915264249890048
50,525.0000000000007,45,-0.06918415417234745,0.24915264249890048
50,525.0000000000007,46,-0.07087793957580533,0.0
50,525.0000000000007,47,-0.07094649708419686,-0.74356769030767
50,525.0000000000007,48,-0.07094649708419686,0.74356769030767
50,525.0000000000007,49,-0.07262886621383094,-0.028524843078463744
50,525.0000000000007,50,-0.07262886621383094,0.028524843078463744
50,525.0000000000007,51,-0.07295071974799977,-0.37680669944276546
50,525.0000000000007,52,-0.07295071974799977,0.37680669944276546
50,525.0000000000007,53,-0.0762637146528506,-0.28771271848149604
50,525.0000000000007,54,-0.0762637146528506,0.28771271848149604
50,525.0000000000007,55,-0.07631618122957634,-1.2070748336917112
50,525.0000000000007,56,-0.07631618122957634,1.2070748336917112
50,525.0000000000007,57,-0.07883207531342457,-1.0005337610735137
50,525.0000000000007,58,-0.07883207531342457,1.0005337610735137
50,525.0000000000007,59,-0.07896385238423202,-0.5494534877950962
50,525.0000000000007,60,-0.07896385238423202,0.5494534877950962
50,525.0000000000007,61,-0.08947084360712138,-0.34214821187756783
50,525.0000000000007,62,-0.08947084360712138,0.34214821187756783
50,525.0000000000007,63,-0.0946975992955581,-0.47587236140198397
50,525.0000000000007,64,-0.0946975992955581,0.47587236140198397
51,525.1000000000007,1,0.05139475390227525,0.0
51,525.1000000000007,2,0.000302136572001694,-0.14336336512774206
51,525.1000000000007,3,0.000302136572001694,0.14336336512774206
51,525.1000000000007,4,-0.003969983541119104,-0.6628868636411415
51,525.1000000000007,5,-0.003969983541119104,0.6628868636411415
51,525.1000000000007,6,-0.01821556281904607,-1.1584256572452032
51,525.1000000000007,7,-0.01821556281904607,1.1584256572452032
51,525.1000000000007,8,-0.018873731242766166,0.0
51,525.1000000000007,9,-0.02201755814864774,-0.35080410547180324
51,525.1000000000007,10,-0.02201755814864774,0.35080410547180324
51,525.1000000000007,11,-0.02323081748313233,-0.022684818748816473
51,525.1000000000007,12,-0.02323081748313233,0.022684818748816473
51,525.1000000000007,13,-0.024995705650805437,-0.07734956976346961
51,525.1000000000007,14,-0.024995705650805437,0.07734956976346961
51,525.1000000000007,15,-0.025437620169281947,-0.7413512568527685
51,525.1000000000007,16,-0.025437620169281947,0.7413512568527685
51,525.1000000000007,17,-0.03314531783708363,-0.6073222404808323
51,525.1000000000007,18,-0.03314531783708363,0.6073222404808323
51,525.1000000000007,19,-0.036781949717804324,-0.2361350965813056
51,525.1000000000007,20,-0.036781949717804324,0.2361350965813056
51,525.1000000000007,21,-0.040504773805789554,-1.118763366677909
51,525.1000000000007,22,-0.040504773805789554,1.118763366677909
51,525.1000000000007,23,-0.04476282813058141,-0.6860275568610038
51,525.1000000000007,24,-0.04476282813058141,0.6860275568610038
51,525.1000000000007,25,-0.047824649084423,-0.09105725684309861
51,525.1000000000007,26,-0.047824649084423,0.09105725684309861
51,525.1000000000007,27,-0.051616647372961774,0.0
51,525.1000000000007,28,-0.054689579853824666,-1.5240877605947798
51,525.1000000000007,29,-0.054689579853824666,1.5240877605947798
51,525.1000000000007,30,-0.05619052422065826,-1.2777130593953316
51,525.1000000000007,31,-0.05619052422065826,1.2777130593953316
51,525.1000000000007,32,-0.057973919452872044,-0.633077549100923
51,525.1000000000007,33,-0.057973919452872044,0.633077549100923
51,525.1000000000007,34,-0.06047192894616485,-0.011105722786849664
51,525.1000000000007,35,-0.06047192894616485,0.011105722786849664
51,525.1000000000007,36,-0.06126548425705837,-0.9846687565914043
51,525.1000000000007,37,-0.06126548425705837,0.9846687565914043
51,525.1000000000007,38,-0.06205643007328503,-0.13241918774838804
51,525.1000000000007,39,-0.06205643007328503,0.13241918774838804
51,525.1000000000007,40,-0.06440433640799675,-0.4139007063041819
51,525.1000000000007,41,-0.06440433640799675,0.4139007063041819
51,525.1000000000007,42,-0.06582861013299281,-0.9146345885833111
51,525.1000000000007,43,-0.06582861013299281,0.9146345885833111
51,525.1000000000007,44,-0.06917903341244537,-0.24914923541034825
51,525.1000000000007,45,-0.06917903341244537,0.24914923541034825
51,525.1000000000007,46,-0.07084942878431676,0.0
51,525.1000000000007,47,-0.07089816714361363,-0.7435587171644253
51,525.1000000000007,48,-0.07089816714361363,0.7435587171644253
51,525.1000000000007,49,-0.07260224582004399,-0.028531333877988767
51,525.1000000000007,50,-0.07260224582004399,0.028531333877988767
51,525.1000000000007,51,-0.07291164486892744,-0.37679486359127307
51,525.1000000000007,52,-0.07291164486892744,0.37679486359127307
51,525.1000000000007,53,-0.07621265990168821,-0.287693211639065
51,525.1000000000007,54,-0.07621265990168821,0.287693211639065
51,525.1000000000007,55,-0.07628478024771423,-1.207076301163767
51,525.1000000000007,56,-0.07628478024771423,1.207076301163767
51,525.1000000000007,57,-0.07877999172379421,-1.0005282813887681
51,525.1000000000007,58,-0.07877999172379421,1.0005282813887681
51,525.1000000000007,59,-0.07893560149696588,-0.5494412082647717
51,525.1000000000007,60,-0.07893560149696588,0.5494412082647717
51,525.1000000000007,61,-0.08944572117899521,-0.342162470971697
51,525.1000000000007,62,-0.08944572117899521,0.342162470971697
51,525.1000000000007,63,-0.09467732751646085,-0.4758755946681959
51,525.1000000000007,64,-0.09467732751646085,0.4758755946681959
52,525.2000000000007,1,0.051396066847207184,0.0
52,525.2000000000007,2,0.0003452774039929274,-0.14335685879064758
52,525.2000000000007,3,0.0003452774039929274,0.14335685879064758
52,525.2000000000007,4,-0.00391993096752187,-0.6628810922739087
52,525.2000000000007,5,-0.00391993096752187,0.6628810922739087
52,525.2000000000007,6,-0.018173782103589775,-1.1584249008875243
52,525.2000000000007,7,-0.018173782103589775,1.1584249008875243
52,525.2000000000007,8,-0.01887154545870969,0.0
52,525.2000000000007,9,-0.021975974975726578,-0.35080769046847704
52,525.2000000000007,10,-0.021975974975726578,0.35080769046847704
52,525.2000000000007,11,-0.023219763224654147,-0.022673529938102385
52,525.2000000000007,12,-0.023219763224654147,0.022673529938102385
52,525.2000000000007,13,-0.024996946069207288,-0.07734006164435632
52,525.2000000000007,14,-0.024996946069207288,0.07734006164435632
52,525.2000000000007,15,-0.025399536859880063,-0.7413555435044078
52,525.2000000000007,16,-0.025399536859880063,0.7413555435044078
52,525.2000000000007,17,-0.033108023890247085,-0.607319887165811
52,525.2000000000007,18,-0.033108023890247085,0.607319887165811
52,525.2000000000007,19,-0.03673378853350839,-0.23614065853411997
52,525.2000000000007,20,-0.03673378853350839,0.23614065853411997
52,525.2000000000007,21,-0.04047318765792758,-1.118770955635595
52,525.2000000000007,22,-0.04047318765792758,1.118770955635595
52,525.2000000000007,23,-0.04472383622312165,-0.6860329440250512
52,525.2000000000007,24,-0.04472383622312165,0.6860329440250512
52,525.2000000000007,25,-0.047804325960861746,-0.09105512900890084
52,525.2000000000007,26,-0.047804325960861746,0.09105512900890084
52,525.2000000000007,27,-0.05158946235557418,0.0
52,525.2000000000007,28,-0.054656973428758596,-1.5240903135758777
52,525.2000000000007,29,-0.054656973428758596,1.5240903135758777
52,525.2000000000007,30,-0.05613902632669829,-1.2776998329657567
52,525.2000000000007,31,-0.05613902632669829,1.2776998329657567
52,525.2000000000007,32,-0.05794364805538135,-0.6330855119062236
52,525.2000000000007,33,-0.05794364805538135,0.6330855119062236
52,525.2000000000007,34,-0.06045680165796058,-0.01111179040273975
52,525.2000000000007,35,-0.06045680165796058,0.01111179040273975
52,525.2000000000007,36,-0.06121758536895311,-0.9846447257260024
52,525.2000000000007,37,-0.06121758536895311,0.9846447257260024
52,525.2000000000007,38,-0.062030348122846524,-0.13242726107088437
52,525.2000000000007,39,-0.062030348122846524,0.13242726107088437
52,525.2000000000007,40,-0.06437516030555093,-0.41389464569846385
52,525.2000000000007,41,-0.06437516030555093,0.41389464569846385
52,525.2000000000007,42,-0.06579513180533783,-0.9146378651687814
52,525.2000000000007,43,-0.06579513180533783,0.9146378651687814
52,525.2000000000007,44,-0.06917390624347808,-0.24914584560771466
52,525.2000000000007,45,-0.06917390624347808,0.24914584560771466
52,525.2000000000007,46,-0.07082094735209496,0.0
52,525.2000000000007,47,-0.07084985137288899,-0.7435497258109245
52,525.2000000000007,48,-0.07084985137288899,0.7435497258109245
52,525.2000000000007,49,-0.07257563156704092,-0.028537789223251266
52,525.2000000000007,50,-0.07257563156704092,0.028537789223251266
52,525.2000000000007,51,-0.07287258369568056,-0.37678302144200715
52,525.2000000000007,52,-0.07287258369568056,0.37678302144200715
52,525.2000000000007,53,-0.07616162160686808,-0.28767370333326164
52,525.2000000000007,54,-0.07616162160686808,0.28767370333326164
52,525.2000000000007,55,-0.07625338684721603,-1.2070777627941762
52,525.2000000000007,56,-0.07625338684721603,1.2070777627941762
52,525.2000000000007,57,-0.07872793317633217,-1.0005227973956463
52,525.2000000000007,58,-0.07872793317633217,1.0005227973956463
52,525.2000000000007,59,-0.0789073632043433,-0.5494289226940693
52,525.2000000000007,60,-0.0789073632043433,0.5494289226940693
52,525.2000000000007,61,-0.08942060849392522,-0.34217672846357405
52,525.2000000000007,62,-0.08942060849392522,0.34217672846357405
52,525.2000000000007,63,-0.09465706470011367,-0.47587881319667086
52,525.2000000000007,64,-0.09465706470011367,0.47587881319667086
53,525.3000000000008,1,0.05139738416034917,0.0
53,525.3000000000008,2,0.0003883978331839927,-0.14335032974519762
53,525.3000000000008,3,0.0003883978331839927,0.14335032974519762
53,525.3000000000008,4,-0.0038698986360981014,-0.6628753016858079
53,525.3000000000008,5,-0.0038698986360981014,0.6628753016858079
53,525.3000000000008,6,-0.018132016344835855,-1.158424133399108
53,525.3000000000008,7,-0.018132016344835855,1.158424133399108
53,525.3000000000008,8,-0.018869366583371527,0.0
53,525.3000000000008,9,-0.021934412073384257,-0.35081129327170485
53,525.3000000000008,10,-0.021934412073384257,0.35081129327170485
53,525.3000000000008,11,-0.0232087120723439,-0.022662225667497586
53,525.3000000000008,12,-0.0232087120723439,0.022662225667497586
53,525.3000000000008,13,-0.024998184662984042,-0.07733054793944208
53,525.3000000000008,14,-0.024998184662984042,0.07733054793944208
53,525.3000000000008,15,-0.025361472972577084,-0.7413598356465246
53,525.3000000000008,16,-0.025361472972577084,0.7413598356465246
53,525.3000000000008,17,-0.03307074017573797,-0.607317522268224
53,525.3000000000008,18,-0.03307074017573797,0.607317522268224
53,525.3000000000008,19,-0.03668565965193371,-0.23614618774304147
53,525.3000000000008,20,-0.03668565965193371,0.23614618774304147
53,525.3000000000008,21,-0.04044161368639104,-1.118778546090154
53,525.3000000000008,22,-0.04044161368639104,1.118778546090154
53,525.3000000000008,23,-0.044684856401905525,-0.6860383286773184
53,525.3000000000008,24,-0.044684856401905525,0.6860383286773184
53,525.3000000000008,25,-0.047784016040062216,-0.09105301112643154
53,525.3000000000008,26,-0.047784016040062216,0.09105301112643154
53,525.3000000000008,27,-0.05156229375211955,0.0
53,525.3000000000008,28,-0.05462438088048405,-1.5240928621752758
53,525.3000000000008,29,-0.05462438088048405,1.5240928621752758
53,525.3000000000008,30,-0.05608754259639198,-1.2776865851379857
53,525.3000000000008,31,-0.05608754259639198,1.2776865851379857
53,525.3000000000008,32,-0.057913392112031524,-0.6330934719919022
53,525.3000000000008,33,-0.057913392112031524,0.6330934719919022
53,525.3000000000008,34,-0.06044168088596047,-0.01111784029706176
53,525.3000000000008,35,-0.06044168088596047,0.01111784029706176
53,525.3000000000008,36,-0.061169697131682466,-0.9846206714282874
53,525.3000000000008,37,-0.061169697131682466,0.9846206714282874
53,525.3000000000008,38,-0.062004276287084,-0.13243533582541372
53,525.3000000000008,39,-0.062004276287084,0.13243533582541372
53,525.3000000000008,40,-0.06434599747706886,-0.4138885838008005
53,525.3000000000008,41,-0.06434599747706886,0.4138885838008005
53,525.3000000000008,42,-0.06576166512036033,-0.9146411384751257
53,525.3000000000008,43,-0.06576166512036033,0.9146411384751257
53,525.3000000000008,44,-0.06916877266523452,-0.24914247298329148
53,525.3000000000008,45,-0.06916877266523452,0.24914247298329148
53,525.3000000000008,46,-0.0707924955154227,0.0
53,525.3000000000008,47,-0.07080154975141628,-0.7435407162012828
53,525.3000000000008,48,-0.07080154975141628,0.7435407162012828
53,525.3000000000008,49,-0.07254902366067477,-0.028544209231261813
53,525.3000000000008,50,-0.07254902366067477,0.028544209231261813
53,525.3000000000008,51,-0.07283353621773767,-0.3767711729795259
53,525.3000000000008,52,-0.07283353621773767,0.3767711729795259
53,525.3000000000008,53,-0.07611059977476245,-0.2876541935100391
53,525.3000000000008,54,-0.07611059977476245,0.2876541935100391
53,525.3000000000008,55,-0.07622200102115395,-1.2070792185816386
53,525.3000000000008,56,-0.07622200102115395,1.2070792185816386
53,525.3000000000008,57,-0.07867589963882271,-1.0005173090229755
53,525.3000000000008,58,-0.07867589963882271,1.0005173090229755
53,525.3000000000008,59,-0.07887913753658299,-0.5494166310547076
53,525.3000000000008,60,-0.07887913753658299,0.5494166310547076
53,525.3000000000008,61,-0.08939550555440806,-0.3421909843741999
53,525.3000000000008,62,-0.08939550555440806,0.3421909843741999
53,525.3000000000008,63,-0.09463681087225839,-0.4758820169763119
53,525.3000000000008,64,-0.09463681087225839,0.4758820169763119
54,525.4000000000008,1,0.051398705851412825,0.0
54,525.4000000000008,2,0.0004314978713168974,-0.14334377792330966
54,525.4000000000008,3,0.0004314978713168974,0.14334377792330966
54,525.4000000000008,4,-0.0038198865356594836,-0.6628694918176273
54,525.4000000000008,5,-0.0038198865356594836,0.6628694918176273
54,525.4000000000008,6,-0.018090265534724093,-1.1584233547584966
54,525.4000000000008,7,-0.018090265534724093,1.1584233547584966
54,525.4000000000008,8,-0.018867194642967693,0.0
54,525.4000000000008,9,-0.0218928694385161,-0.35081491391847586
54,525.4000000000008,10,-0.0218928694385161,0.35081491391847586
54,525.4000000000008,11,-0.02319766403070027,-0.022650905896201973
54,525.4000000000008,12,-0.02319766403070027,0.022650905896201973
54,525.4000000000008,13,-0.024999421433714766,-0.07732102862448526
54,525.4000000000008,14,-0.024999421433714766,0.07732102862448526
54,525.4000000000008,15,-0.025323428507090226,-0.7413641333042073
54,525.4000000000008,16,-0.025323428507090226,0.7413641333042073
54,525.4000000000008,17,-0.03303346668033298,-0.6073151457598275
54,525.4000000000008,18,-0.03303346668033298,0.6073151457598275
54,525.4000000000008,19,-0.03663756306218335,-0.23615168428374708
54,525.4000000000008,20,-0.03663756306218335,0.23615168428374708
54,525.4000000000008,21,-0.040410051887339815,-1.118786138070766
54,525.4000000000008,22,-0.040410051887339815,1.118786138070766
54,525.4000000000008,23,-0.04464588865339665,-0.6860437108255416
54,525.4000000000008,24,-0.04464588865339665,0.6860437108255416
54,525.4000000000008,25,-0.047763719350952076,-0.09105090322574139
54,525.4000000000008,26,-0.047763719350952076,0.09105090322574139
54,525.4000000000008,27,-0.05153514135671598,0.0
54,525.4000000000008,28,-0.054591802210433804,-1.52409540640193
54,525.4000000000008,29,-0.054591802210433804,1.52409540640193
54,525.4000000000008,30,-0.05603607301102581,-1.27767331584204
54,525.4000000000008,31,-0.05603607301102581,1.27767331584204
54,525.4000000000008,32,-0.05788315162363466,-0.6331014293788239
54,525.4000000000008,33,-0.05788315162363466,0.6331014293788239
54,525.4000000000008,34,-0.06042656658483385,-0.011123872682678506
54,525.4000000000008,35,-0.06042656658483385,0.011123872682678506
54,525.4000000000008,36,-0.06112181955062103,-0.9845965936568243
54,525.4000000000008,37,-0.06112181955062103,0.9845965936568243
54,525.4000000000008,38,-0.06197821455168172,-0.13244341199869672
54,525.4000000000008,39,-0.06197821455168172,0.13244341199869672
54,525.4000000000008,40,-0.06431684791905885,-0.4138825206090763
54,525.4000000000008,41,-0.06431684791905885,0.4138825206090763
54,525.4000000000008,42,-0.06572821007127563,-0.9146444085071256
54,525.4000000000008,43,-0.06572821007127563,0.9146444085071256
54,525.4000000000008,44,-0.06916363267783195,-0.24913911743000403
54,525.4000000000008,45,-0.06916363267783195,0.24913911743000403
54,525.4000000000008,46,-0.0707532622585296,-0.743531688289404
54,525.4000000000008,47,-0.0707532622585296,0.743531688289404
54,525.4000000000008,48,-0.07076407351010973,0.0
54,525.4000000000008,49,-0.07252242230567668,-0.02855059401921028
54,525.4000000000008,50,-0.07252242230567668,0.02855059401921028
54,525.4000000000008,51,-0.07279450242461347,-0.3767593181883269
54,525.4000000000008,52,-0.07279450242461347,0.3767593181883269
54,525.4000000000008,53,-0.07605959441185559,-0.2876346821151695
54,525.4000000000008,54,-0.07605959441185559,0.2876346821151695
54,525.4000000000008,55,-0.07619062276258,-1.2070806685248632
54,525.4000000000008,56,-0.07619062276258,1.2070806685248632
54,525.4000000000008,57,-0.0786238910789022,-1.0005118161995017
54,525.4000000000008,58,-0.0786238910789022,1.0005118161995017
54,525.4000000000008,59,-0.07885092452403836,-0.5494043333182862
54,525.4000000000008,60,-0.07885092452403836,0.5494043333182862
54,525.4000000000008,61,-0.08937041236288462,-0.3422052387245871
54,525.4000000000008,62,-0.08937041236288462,0.3422052387245871
54,525.4000000000008,63,-0.09461656605867497,-0.4758852059959526
54,525.4000000000008,64,-0.09461656605867497,0.4758852059959526
55,525.5000000000008,1,0.05140003193013789,0.0
55,525.5000000000008,2,0.0004745775301257388,-0.1433372032567252
55,525.5000000000008,3,0.0004745775301257388,0.1433372032567252
55,525.5000000000008,4,-0.0037698946550655255,-0.6628636626099988
55,525.5000000000008,5,-0.0037698946550655255,0.6628636626099988
55,525.5000000000008,6,-0.01804852966521575,-1.1584225649441497
55,525.5000000000008,7,-0.01804852966521575,1.1584225649441497
55,525.5000000000008,8,-0.018865029663890483,0.0
55,525.5000000000008,9,-0.02185134706806961,-0.35081855244590454
55,525.5000000000008,10,-0.02185134706806961,0.35081855244590454
55,525.5000000000008,11,-0.023186619104210743,-0.02263957058331007
55,525.5000000000008,12,-0.023186619104210743,0.02263957058331007
55,525.5000000000008,13,-0.025000656382959646,-0.07731150367516719
55,525.5000000000008,14,-0.025000656382959646,0.07731150367516719
55,525.5000000000008,15,-0.02528540346315991,-0.7413684365026213
55,525.5000000000008,16,-0.02528540346315991,0.7413684365026213
55,525.5000000000008,17,-0.032996203390821086,-0.6073127576123213
55,525.5000000000008,18,-0.032996203390821086,0.6073127576123213
55,525.5000000000008,19,-0.036589498753044195,-0.2361571482312496
55,525.5000000000008,20,-0.036589498753044195,0.2361571482312496
55,525.5000000000008,21,-0.04037850225694145,-1.1187937316066254
55,525.5000000000008,22,-0.04037850225694145,1.1187937316066254
55,525.5000000000008,23,-0.04460693296405185,-0.6860490904774478
55,525.5000000000008,24,-0.04460693296405185,0.6860490904774478
55,525.5000000000008,25,-0.04774343592255931,-0.09104880533693548
55,525.5000000000008,26,-0.04774343592255931,0.09104880533693548
55,525.5000000000008,27,-0.051508004965012906,0.0
55,525.5000000000008,28,-0.05455923742008226,-1.524097946264898
55,525.5000000000008,29,-0.05455923742008226,1.524097946264898
55,525.5000000000008,30,-0.05598461755186711,-1.277660025007771
55,525.5000000000008,31,-0.05598461755186711,1.277660025007771
55,525.5000000000008,32,-0.05785292659100616,-0.6331093840878824
55,525.5000000000008,33,-0.05785292659100616,0.6331093840878824
55,525.5000000000008,34,-0.060411458708874044,-0.011129887771047306
55,525.5000000000008,35,-0.060411458708874044,0.011129887771047306
55,525.5000000000008,36,-0.06107395263126836,-0.9845724923698616
55,525.5000000000008,37,-0.06107395263126836,0.9845724923698616
55,525.5000000000008,38,-0.061952162902257565,-0.1324514895774906
55,525.5000000000008,39,-0.061952162902257565,0.1324514895774906
55,525.5000000000008,40,-0.06428771162802385,-0.413876456121186
55,525.5000000000008,41,-0.06428771162802385,0.413876456121186
55,525.5000000000008,42,-0.06569476665131108,-0.914647675269582
55,525.5000000000008,43,-0.06569476665131108,0.914647675269582
55,525.5000000000008,44,-0.06915848628169524,-0.2491357788414228
55,525.5000000000008,45,-0.06915848628169524,0.2491357788414228
55,525.5000000000008,46,-0.07070498887354368,-0.7435226420290658
55,525.5000000000008,47,-0.07070498887354368,0.7435226420290658
55,525.5000000000008,48,-0.07073568157132076,0.0
55,525.5000000000008,49,-0.0724958277057545,-0.028556943704363985
55,525.5000000000008,50,-0.0724958277057545,0.028556943704363985
55,525.5000000000008,51,-0.07275548230584881,-0.3767474570528726
55,525.5000000000008,52,-0.07275548230584881,0.3767474570528726
55,525.5000000000008,53,-0.07600860552474056,-0.2876151690943035
55,525.5000000000008,54,-0.07600860552474056,0.2876151690943035
55,525.5000000000008,55,-0.07615925206456187,-1.2070821126225044
55,525.5000000000008,56,-0.07615925206456187,1.2070821126225044
55,525.5000000000008,57,-0.07857190746410653,-1.0005063188540266
55,525.5000000000008,58,-0.07857190746410653,1.0005063188540266
55,525.5000000000008,59,-0.07882272419711575,-0.5493920294563872
55,525.5000000000008,60,-0.07882272419711575,0.5493920294563872
55,525.5000000000008,61,-0.08934532892175384,-0.34221949153569686
55,525.5000000000008,62,-0.08934532892175384,0.34221949153569686
55,525.5000000000008,63,-0.09459633028519857,-0.47588838024439684
55,525.5000000000008,64,-0.09459633028519857,0.47588838024439684
56,525.6000000000008,1,0.051401362406331724,0.0
56,525.6000000000008,2,0.0005176368213158575,-0.14333060567681702
56,525.6000000000008,3,0.0005176368213158575,0.14333060567681702
56,525.6000000000008,4,-0.003719922983170809,-0.6628578140032443
56,525.6000000000008,5,-0.003719922983170809,0.6628578140032443
56,525.6000000000008,6,-0.018006808728285084,-1.158421763934496
56,525.6000000000008,7,-0.018006808728285084,1.158421763934496
56,525.6000000000008,8,-0.018862871672727603,0.0
56,525.6000000000008,9,-0.021809844959035624,-0.35082220889135624
56,525.6000000000008,10,-0.021809844959035624,0.35082220889135624
56,525.6000000000008,11,-0.023175577297367994,-0.022628219687738985
56,525.6000000000008,12,-0.023175577297367994,0.022628219687738985
56,525.6000000000008,13,-0.02500188951230739,-0.07730197306694545
56,525.6000000000008,14,-0.02500188951230739,0.07730197306694545
56,525.6000000000008,15,-0.02524739784058408,-0.7413727452671164
56,525.6000000000008,16,-0.02524739784058408,0.7413727452671164
56,525.6000000000008,17,-0.03295895029394552,-0.6073103577972704
56,525.6000000000008,18,-0.03295895029394552,0.6073103577972704
56,525.6000000000008,19,-0.03654146671301112,-0.23616257965979745
56,525.6000000000008,20,-0.03654146671301112,0.23616257965979745
56,525.6000000000008,21,-0.040346964791386525,-1.11880132672716
56,525.6000000000008,22,-0.040346964791386525,1.11880132672716
56,525.6000000000008,23,-0.04456798932030756,-0.6860544676407998
56,525.6000000000008,24,-0.04456798932030756,0.6860544676407998
56,525.6000000000008,25,-0.04772316578409115,-0.09104671749029886
56,525.6000000000008,26,-0.04772316578409115,0.09104671749029886
56,525.6000000000008,27,-0.051480884374097244,0.0
56,525.6000000000008,28,-0.05452668651094433,-1.5241004817732748
56,525.6000000000008,29,-0.05452668651094433,1.5241004817732748
56,525.6000000000008,30,-0.05593317620012808,-1.2776467125645894
56,525.6000000000008,31,-0.05593317620012808,1.2776467125645894
56,525.6000000000008,32,-0.05782271701502767,-0.6331173361400507
56,525.6000000000008,33,-0.05782271701502767,0.6331173361400507
56,525.6000000000008,34,-0.06039635721189357,-0.011135885772297223
56,525.6000000000008,35,-0.06039635721189357,0.011135885772297223
56,525.6000000000008,36,-0.061026096379222024,-0.9845483675251273
56,525.6000000000008,37,-0.061026096379222024,0.9845483675251273
56,525.6000000000008,38,-0.06192612132432081,-0.13245956854873392
56,525.6000000000008,39,-0.06192612132432081,0.13245956854873392
56,525.6000000000008,40,-0.06425858860051464,-0.41387039033498574
56,525.6000000000008,41,-0.06425858860051464,0.41387039033498574
56,525.6000000000008,42,-0.06566133485369396,-0.9146509387673333
56,525.6000000000008,43,-0.06566133485369396,0.9146509387673333
56,525.6000000000008,44,-0.06915333347755587,-0.2491324571117519
56,525.6000000000008,45,-0.06915333347755587,0.2491324571117519
56,525.6000000000008,46,-0.07065672957571215,-0.7435135773737505
56,525.6000000000008,47,-0.07065672957571215,0.7435135773737505
56,525.6000000000008,48,-0.07070731993393485,0.0
56,525.6000000000008,49,-0.0724692400635317,-0.028563258404209577
56,525.6000000000008,50,-0.0724692400635317,0.028563258404209577
56,525.6000000000008,51,-0.07271647585101265,-0.3767355895575845
56,525.6000000000008,52,-0.07271647585101265,0.3767355895575845
56,525.6000000000008,53,-0.07595763312013273,-0.2875956543928691
56,525.6000000000008,54,-0.07595763312013273,0.2875956543928691
56,525.6000000000008,55,-0.07612788892011874,-1.2070835508732853
56,525.6000000000008,56,-0.07612788892011874,1.2070835508732853
56,525.6000000000008,57,-0.07851994876180485,-1.0005008169152232
56,525.6000000000008,58,-0.07851994876180485,1.0005008169152232
56,525.6000000000008,59,-0.0787945365864012,-0.5493797194404224
56,525.6000000000008,60,-0.0787945365864012,0.5493797194404224
56,525.6000000000008,61,-0.08932025523335994,-0.3422337428284898
56,525.6000000000008,62,-0.08932025523335994,0.3422337428284898
56,525.6000000000008,63,-0.0945761035777053,-0.47589153971036663
56,525.6000000000008,64,-0.0945761035777053,0.47589153971036663
57,525.7000000000008,1,0.0514026972898274,0.0
57,525.7000000000008,2,0.0005606757565815371,-0.14332398511469616
57,525.7000000000008,3,0.0005606757565815371,0.14332398511469616
57,525.7000000000008,4,-0.0036699715088619744,-0.6628519459374849
57,525.7000000000008,5,-0.0036699715088619744,0.6628519459374849
57,525.7000000000008,6,-0.017965102715922887,-1.1584209517078716
57,525.7000000000008,7,-0.017965102715922887,1.1584209517078716
57,525.7000000000008,8,-0.018860720696251224,0.0
57,525.7000000000008,9,-0.021768363108462252,-0.35082588329236253
57,525.7000000000008,10,-0.021768363108462252,0.35082588329236253
57,525.7000000000008,11,-0.023164538614664325,-0.022616853168271864
57,525.7000000000008,12,-0.023164538614664325,0.022616853168271864
57,525.7000000000008,13,-0.025003120823337915,-0.07729243677516516
57,525.7000000000008,14,-0.025003120823337915,0.07729243677516516
57,525.7000000000008,15,-0.02520941163918841,-0.7413770596231654
57,525.7000000000008,16,-0.02520941163918841,0.7413770596231654
57,525.7000000000008,17,-0.03292170737644569,-0.6073079462861477
57,525.7000000000008,18,-0.03292170737644569,0.6073079462861477
57,525.7000000000008,19,-0.03649346693028714,-0.23616797864293437
57,525.7000000000008,20,-0.03649346693028714,0.23616797864293437
57,525.7000000000008,21,-0.040315439486886595,-1.1188089234618985
57,525.7000000000008,22,-0.040315439486886595,1.1188089234618985
57,525.7000000000008,23,-0.04452905770859601,-0.6860598423233465
57,525.7000000000008,24,-0.04452905770859601,0.6860598423233465
57,525.7000000000008,25,-0.047702908964864996,-0.09104463971621789
57,525.7000000000008,26,-0.047702908964864996,0.09104463971621789
57,525.7000000000008,27,-0.05145377938252712,0.0
57,525.7000000000008,28,-0.05449414948459963,-1.5241030129362179
57,525.7000000000008,29,-0.05449414948459963,1.5241030129362179
57,525.7000000000008,30,-0.05588174893700151,-1.2776333784416618
57,525.7000000000008,31,-0.05588174893700151,1.2776333784416618
57,525.7000000000008,32,-0.05779252289661011,-0.6331252855563654
57,525.7000000000008,33,-0.05779252289661011,0.6331252855563654
57,525.7000000000008,34,-0.060381262047336265,-0.01114186689517856
57,525.7000000000008,35,-0.060381262047336265,0.01114186689517856
57,525.7000000000008,36,-0.0609782508002312,-0.9845242190799669
57,525.7000000000008,37,-0.0609782508002312,0.9845242190799669
57,525.7000000000008,38,-0.06190008980331625,-0.1324676488994062
57,525.7000000000008,39,-0.06190008980331625,0.1324676488994062
57,525.7000000000008,40,-0.06422947883311564,-0.413864323248315
57,525.7000000000008,41,-0.06422947883311564,0.413864323248315
57,525.7000000000008,42,-0.06562791467165616,-0.9146541990052436
57,525.7000000000008,43,-0.06562791467165616,0.9146541990052436
57,525.7000000000008,44,-0.06914817426646094,-0.24912915213585157
57,525.7000000000008,45,-0.06914817426646094,0.24912915213585157
57,525.7000000000008,46,-0.0706084843442486,-0.7435044942767433
57,525.7000000000008,47,-0.0706084843442486,0.7435044942767433
57,525.7000000000008,48,-0.0706789888323089,0.0
57,525.7000000000008,49,-0.0724426595805788,-0.028569538236317703
57,525.7000000000008,50,-0.0724426595805788,0.028569538236317703
57,525.7000000000008,51,-0.0726774830497179,-0.37672371568682417
57,525.7000000000008,52,-0.0726774830497179,0.37672371568682417
57,525.7000000000008,53,-0.07590667720485875,-0.28757613795611503
57,525.7000000000008,54,-0.07590667720485875,0.28757613795611503
57,525.7000000000008,55,-0.07609653332228539,-1.2070849832758688
57,525.7000000000008,56,-0.07609653332228539,1.2070849832758688
57,525.7000000000008,57,-0.07846801493926006,-1.0004953103117695
57,525.7000000000008,58,-0.07846801493926006,1.0004953103117695
57,525.7000000000008,59,-0.07876636172259105,-0.5493674032417787
57,525.7000000000008,60,-0.07876636172259105,0.5493674032417787
57,525.7000000000008,61,-0.0892951912999898,-0.3422479926239123
57,525.7000000000008,62,-0.0892951912999898,0.3422479926239123
57,525.7000000000008,63,-0.09455588596211445,-0.47589468438252597
57,525.7000000000008,64,-0.09455588596211445,0.47589468438252597
58,525.8000000000009,1,0.051404036590473275,0.0
58,525.8000000000009,2,0.0006036943475988855,-0.1433173415013428
58,525.8000000000009,3,0.0006036943475988855,0.1433173415013428
58,525.8000000000009,4,-0.0036200402210512933,-0.6628460583527029
58,525.8000000000009,5,-0.0036200402210512933,0.6628460583527029
58,525.8000000000009,6,-0.017923411620125784,-1.158420128242599
58,525.8000000000009,7,-0.017923411620125784,1.158420128242599
58,525.8000000000009,8,-0.018858576761421945,0.0
58,525.8000000000009,9,-0.021726901513437244,-0.35082957568656314
58,525.8000000000009,10,-0.021726901513437244,0.35082957568656314
58,525.8000000000009,11,-0.023153503060579526,-0.022605470983568698
58,525.8000000000009,12,-0.023153503060579526,0.022605470983568698
58,525.8000000000009,13,-0.025004350317618718,-0.07728289477506348
58,525.8000000000009,14,-0.025004350317618718,0.07728289477506348
58,525.8000000000009,15,-0.025171444858819142,-0.7413813795963452
58,525.8000000000009,16,-0.025171444858819142,0.7413813795963452
58,525.8000000000009,17,-0.03288447462506591,-0.6073055230503694
58,525.8000000000009,18,-0.03288447462506591,0.6073055230503694
58,525.8000000000009,19,-0.036445499392777636,-0.23617334525356548
58,525.8000000000009,20,-0.036445499392777636,0.23617334525356548
58,525.8000000000009,21,-0.04028392633965687,-1.1188165218404558
58,525.8000000000009,22,-0.04028392633965687,1.1188165218404558
58,525.8000000000009,23,-0.04449013811533757,-0.6860652145328283
58,525.8000000000009,24,-0.04449013811533757,0.6860652145328283
58,525.8000000000009,25,-0.047682665494327925,-0.0910425720451193
58,525.8000000000009,26,-0.047682665494327925,0.0910425720451193
58,525.8000000000009,27,-0.05142668979032248,0.0
58,525.8000000000009,28,-0.05446162634266369,-1.5241055397629537
58,525.8000000000009,29,-0.05446162634266369,1.5241055397629537
58,525.8000000000009,30,-0.05583033574364071,-1.277620022567998
58,525.8000000000009,31,-0.05583033574364071,1.277620022567998
58,525.8000000000009,32,-0.0577623442366758,-0.6331332323578764
58,525.8000000000009,33,-0.0577623442366758,0.6331332323578764
58,525.8000000000009,34,-0.060366173168313234,-0.011147831347034457
58,525.8000000000009,35,-0.060366173168313234,0.011147831347034457
58,525.8000000000009,36,-0.06093041590011568,-0.9845000469914118
58,525.8000000000009,37,-0.06093041590011568,0.9845000469914118
58,525.8000000000009,38,-0.061874068324607144,-0.13247573061658327
58,525.8000000000009,39,-0.061874068324607144,0.13247573061658327
58,525.8000000000009,40,-0.06420038232242342,-0.4138582548590009
58,525.8000000000009,41,-0.06420038232242342,0.4138582548590009
58,525.8000000000009,42,-0.06559450609844211,-0.9146574559881883
58,525.8000000000009,43,-0.06559450609844211,0.9146574559881883
58,525.8000000000009,44,-0.06914300864974607,-0.2491258638091878
58,525.8000000000009,45,-0.06914300864974607,0.2491258638091878
58,525.8000000000009,46,-0.07056025315834202,-0.7434953926912405
58,525.8000000000009,47,-0.07056025315834202,0.7434953926912405
58,525.8000000000009,48,-0.07065068850008654,0.0
58,525.8000000000009,49,-0.07241608645744113,-0.02857578331833133
58,525.8000000000009,50,-0.07241608645744113,0.02857578331833133
58,525.8000000000009,51,-0.07263850389158753,-0.3767118354249256
58,525.8000000000009,52,-0.07263850389158753,0.3767118354249256
58,525.8000000000009,53,-0.07585573778582957,-0.28755661972919905
58,525.8000000000009,54,-0.07585573778582957,0.28755661972919905
58,525.8000000000009,55,-0.07606518526407924,-1.2070864098289367
58,525.8000000000009,56,-0.07606518526407924,1.2070864098289367
58,525.8000000000009,57,-0.07841610596361664,-1.0004897989723651
58,525.8000000000009,58,-0.07841610596361664,1.0004897989723651
58,525.8000000000009,59,-0.07873819963643146,-0.5493550808317815
58,525.8000000000009,60,-0.07873819963643146,0.5493550808317815
58,525.8000000000009,61,-0.08927013712390386,-0.34226224094288227
58,525.8000000000009,62,-0.08927013712390386,0.34226224094288227
58,525.8000000000009,63,-0.09453567746440122,-0.4758978142495084
58,525.8000000000009,64,-0.09453567746440122,0.4758978142495084
59,525.9000000000009,1,0.05140538031818353,0.0
59,525.9000000000009,2,0.0006466926060307437,-0.14331067476735546
59,525.9000000000009,3,0.0006466926060307437,0.14331067476735546
59,525.9000000000009,4,-0.0035701291086653875,-0.662840151188578
59,525.9000000000009,5,-0.0035701291086653875,0.662840151188578
59,525.9000000000009,6,-0.01788173543290983,-1.1584192935169175
59,525.9000000000009,7,-0.01788173543290983,1.1584192935169175
59,525.9000000000009,8,-0.018856439895397346,0.0
59,525.9000000000009,9,-0.02168546017110007,-0.3508332861118461
59,525.9000000000009,10,-0.02168546017110007,0.3508332861118461
59,525.9000000000009,11,-0.023142470639595278,-0.022594073092122004
59,525.9000000000009,12,-0.023142470639595278,0.022594073092122004
59,525.9000000000009,13,-0.025005577996739477,-0.07727334704169389
59,525.9000000000009,14,-0.025005577996739477,0.07727334704169389
59,525.9000000000009,15,-0.02513349749937696,-0.7413857052123892
59,525.9000000000009,16,-0.02513349749937696,0.7413857052123892
59,525.9000000000009,17,-0.03284725202652042,-0.6073030880612221
59,525.9000000000009,18,-0.03284725202652042,0.6073030880612221
59,525.9000000000009,19,-0.0363975640880978,-0.2361786795638361
59,525.9000000000009,20,-0.0363975640880978,0.2361786795638361
59,525.9000000000009,21,-0.04025242534592924,-1.1188241218926118
59,525.9000000000009,22,-0.04025242534592924,1.1188241218926118
59,525.9000000000009,23,-0.04445123052693879,-0.6860705842770111
59,525.9000000000009,24,-0.04445123052693879,0.6860705842770111
59,525.9000000000009,25,-0.047662435402078734,-0.09104051450758978
59,525.9000000000009,26,-0.047662435402078734,0.09104051450758978
59,525.9000000000009,27,-0.05139961539889817,0.0
59,525.9000000000009,28,-0.054429117086805937,-1.5241080622627365
59,525.9000000000009,29,-0.054429117086805937,1.5241080622627365
59,525.9000000000009,30,-0.05577893660116037,-1.2776066448721926
59,525.9000000000009,31,-0.05577893660116037,1.2776066448721926
59,525.9000000000009,32,-0.05773218103619909,-0.6331411765657005
59,525.9000000000009,33,-0.05773218103619909,0.6331411765657005
59,525.9000000000009,34,-0.060351090527491436,-0.011153779333940827
59,525.9000000000009,35,-0.060351090527491436,0.011153779333940827
59,525.9000000000009,36,-0.060882591684832954,-0.9844758512160073
59,525.9000000000009,37,-0.060882591684832954,0.9844758512160073
59,525.9000000000009,38,-0.0618480568734601,-0.1324838136874666
59,525.9000000000009,39,-0.0618480568734601,0.1324838136874666
59,525.9000000000009,40,-0.06417129906507697,-0.4138521851648561
59,525.9000000000009,41,-0.06417129906507697,0.4138521851648561
59,525.9000000000009,42,-0.06556110912729636,-0.9146607097210974
59,525.9000000000009,43,-0.06556110912729636,0.9146607097210974
59,525.9000000000009,44,-0.06913783662905422,-0.2491225920278781
59,525.9000000000009,45,-0.06913783662905422,0.2491225920278781
59,525.9000000000009,46,-0.07051203599713027,-0.7434862725701349
59,525.9000000000009,47,-0.07051203599713027,0.7434862725701349
59,525.9000000000009,48,-0.07062241917065187,0.0
59,525.9000000000009,49,-0.07238952089362155,-0.02858199376804024
59,525.9000000000009,50,-0.07238952089362155,0.02858199376804024
59,525.9000000000009,51,-0.07259953836627965,-0.3766999487561533
59,525.9000000000009,52,-0.07259953836627965,0.3766999487561533
59,525.9000000000009,53,-0.07580481487009755,-0.28753709965703517
59,525.9000000000009,54,-0.07580481487009755,0.28753709965703517
59,525.9000000000009,55,-0.07603384473850475,-1.2070878305311925
59,525.9000000000009,56,-0.07603384473850475,1.2070878305311925
59,525.9000000000009,57,-0.07836422180188225,-1.0004842828256288
59,525.9000000000009,58,-0.07836422180188225,1.0004842828256288
59,525.9000000000009,59,-0.07871005035884504,-0.5493427521816395
59,525.9000000000009,60,-0.07871005035884504,0.5493427521816395
59,525.9000000000009,61,-0.08924509270730355,-0.34227648780630143
59,525.9000000000009,62,-0.08924509270730355,0.34227648780630143
59,525.9000000000009,63,-0.09451547811058172,-0.4759009292998581
59,525.9000000000009,64,-0.09451547811058172,0.4759009292998581
60,526.0,1,0.05140672848290835,0.0
60,526.0,2,0.0006896705435090779,-0.14330398484310022
60,526.0,3,0.0006896705435090779,0.14330398484310022
60,526.0,4,-0.003520238160653076,-0.662834224384588
60,526.0,5,-0.003520238160653076,0.662834224384588
60,526.0,6,-0.01784007414631253,-1.1584184475090114
60,526.0,7,-0.01784007414631253,1.1584184475090114
60,526.0,8,-0.018854310125522966,0.0
60,526.0,9,-0.021644039078643214,-0.3508370146062606
60,526.0,10,-0.021644039078643214,0.3508370146062606
60,526.0,11,-0.02313144135619371,-0.022582659452293277
60,526.0,12,-0.02313144135619371,0.022582659452293277
60,526.0,13,-0.02500680386228369,-0.07726379354997417
60,526.0,14,-0.02500680386228369,0.07726379354997417
60,526.0,15,-0.025095569560796033,-0.741390036497186
60,526.0,16,-0.025095569560796033,0.741390036497186
60,526.0,17,-0.03281003956752168,-0.6073006412899093
60,526.0,18,-0.03281003956752168,0.6073006412899093
60,526.0,19,-0.03634966100359968,-0.23618398164520413
60,526.0,20,-0.03634966100359968,0.23618398164520413
60,526.0,21,-0.04022093650196487,-1.1188317236482763
60,526.0,22,-0.04022093650196487,1.1188317236482763
60,526.0,23,-0.04441233492978976,-0.6860759515636601
60,526.0,24,-0.04441233492978976,0.6860759515636601
60,526.0,25,-0.04764221871784072,-0.09103846713433637
60,526.0,26,-0.04764221871784072,0.09103846713433637
60,526.0,27,-0.051372556011065156,0.0
60,526.0,28,-0.05439662171875215,-1.5241105804449298
60,526.0,29,-0.05439662171875215,1.5241105804449298
60,526.0,30,-0.05572755149064296,-1.2775932452825776
60,526.0,31,-0.05572755149064296,1.2775932452825776
60,526.0,32,-0.05770203329618625,-0.6331491182010135
60,526.0,33,-0.05770203329618625,0.6331491182010135
60,526.0,34,-0.06033601407718822,-0.011159711060617382
60,526.0,35,-0.06033601407718822,0.011159711060617382
60,526.0,36,-0.06083477816044808,-0.984451631709902
60,526.0,37,-0.06083477816044808,0.984451631709902
60,526.0,38,-0.061822055435063666,-0.13249189809933884
60,526.0,39,-0.061822055435063666,0.13249189809933884
60,526.0,40,-0.0641422290577362,-0.4138461141636528
60,526.0,41,-0.0641422290577362,0.4138461141636528
60,526.0,42,-0.06552772375147815,-0.9146639602089025
60,526.0,43,-0.06552772375147815,0.9146639602089025
60,526.0,44,-0.06913265820630457,-0.24911933668866806
60,526.0,45,-0.06913265820630457,0.24911933668866806
60,526.0,46,-0.07046383283971758,-0.7434771338661521
60,526.0,47,-0.07046383283971758,0.7434771338661521
60,526.0,48,-0.07059418107684975,0.0
60,526.0,49,-0.07236296308758985,-0.028588169703317217
60,526.0,50,-0.07236296308758985,0.028588169703317217
60,526.0,51,-0.07256058646349314,-0.3766880556647511
60,526.0,52,-0.07256058646349314,0.3766880556647511
60,526.0,53,-0.07575390846481217,-0.28751757768438907
60,526.0,54,-0.07575390846481217,0.28751757768438907
60,526.0,55,-0.07600251173856018,-1.2070892453812805
60,526.0,56,-0.07600251173856018,1.2070892453812805
60,526.0,57,-0.07831236242093903,-1.000478761800161
60,526.0,58,-0.07831236242093903,1.000478761800161
60,526.0,59,-0.07868191392085452,-0.5493304172625115
60,526.0,60,-0.07868191392085452,0.5493304172625115
60,526.0,61,-0.08922005805233815,-0.3422907332350675
60,526.0,62,-0.08922005805233815,0.3422907332350675
60,526.0,63,-0.09449528792672139,-0.47590402952207345
60,526.0,64,-0.09449528792672139,0.47590402952207345
