nu==0.005, Vsuck==0, rotation==0, theta==0, dPdx==0, dPdz==0, Ubulk==0, Wbulk==0, uwall==1, uupper==1, ulower==-1, wupper==0, wlower==-0, t0==0, dT==1, dt==0.03125, variabledt==1, dtmin==0.001, dtmax==0.2, CFLmin==0.4, CFLmax==0.6, LaminarBase, PressureGradient, SBDF3, SMRK2, Rotational, DealiasXZ, zero_bodyforce, TauCorrection, Silent
f^T: ....10....20....30....40....50....60....f^T: ....10....20....30....40....50....60....f^T: ....10....20....30....40....50....60....174809 unknowns
Computing G(x)
f^T: ....10....20....30....40....50....60....f^T: ....10....20....30....40....50....60....f^T: ....10....20....30....40....50....60....f^T: ....10....20....30....40....50....60....
========================================================
Newton iteration number 0
Current state of Newton iteration:
   fcount_newton   == 1
   fcount_optimiza == 0
   L2Norm(x)       == 0.506137
   L2Norm(dxN)     == 0
   L2Norm(dxOpt)   == 0
   L2Dist(x,x0)    == 0
gx == L2Norm(G(x)) : 
   initial  gx == 0.00377419
   previous gx == 0.00377419
   current  gx == 0.00377419
rx == 1/2 L2Norm2(G(x)) : 
   initial  rx == 7.12224e-06
   previous rx == 7.12224e-06
   current  rx == 7.12224e-06
         delta == 0.01
f^T: Newt,GMRES == 0,0, f^T: ....10....20....30....40....50....60....f^T: ....10....20....30....40....50....60....f^T: ....10....20....30....40....50....60....f^T: ....10....20....30....40....50....60.... res == 0.335864
Newt,GMRES == 0,1, f^T: ....10....20....30....40....50....60....f^T: ....10....20....30....40....50....60....f^T: ....10....20....30....40....50....60....f^T: ....10....20....30....40....50....60.... res == 0.316502
Newt,GMRES == 0,2, f^T: ....10....20....30....40....50....60....f^T: ....10....20....30....40....50....60....f^T: ....10....20....30....40....50....60....f^T: ....10....20....30....40....50....60.... res == 0.302169
Newt,GMRES == 0,3, f^T: ....10....20....30....40....50....60....f^T: ....10....20....30....40....50....60....f^T: ....10....20....30....40....50....60....f^T: ....10....20....30....40....50....60.... res == 0.2337
Newt,GMRES == 0,4, f^T: ....10....20....30....40....50....60....f^T: ....10....20....30....40....50....60....f^T: ....10....20....30....40....50....60....f^T: ....10....20....30....40....50....60.... res == 0.228313
Newt,GMRES == 0,5, f^T: ....10....20....30....40....50....60....f^T: ....10....20....30....40....50....60....f^T: ....10....20....30....40....50....60....f^T: ....10....20....30....40....50....60.... res == 0.214867
Newt,GMRES == 0,6, f^T: ....10....20....30....40....50....60....f^T: ....10....20....30....40....50....60....f^T: ....10....20....30....40....50....60....f^T: ....10....20....30....40....50....60.... res == 0.213744
Newt,GMRES == 0,7, f^T: ....10....20....30....40....50....60....f^T: ....10....20....30....40....50....60....f^T: ....10....20....30....40....50....60....f^T: ....10....20....30....40....50....60.... res == 0.213743
Newt,GMRES == 0,8, f^T: ....10....20....30....40....50....60....f^T: ....10....20....30....40....50....60....f^T: ....10....20....30....40....50....60....f^T: ....10....20....30....40....50....60.... res == 0.203236
Newt,GMRES == 0,9, f^T: ....10....20....30....40....50....60....f^T: ....10....20....30....40....50....60....f^T: ....10....20....30....40....50....60....f^T: ....10....20....30....40....50....60.... res == 0.196706
Newt,GMRES == 0,10, f^T: ....10....20....30....40....50....60....f^T: ....10....20....30....40....50....60....f^T: ....10....20....30....40....50....60....f^T: ....10....20....30....40....50....60.... res == 0.195682
Newt,GMRES == 0,11, f^T: ....10....20....30....40....50....60....f^T: ....10....20....30....40....50....60....f^T: ....10....20....30....40....50....60....f^T: ....10....20....30....40....50....60.... res == 0.195637
Newt,GMRES == 0,12, f^T: ....10....20....30....40....50....60....f^T: ....10....20....30....40....50....60....f^T: ....10....20....30....40....50....60....f^T: ....10....20....30....40....50....60.... res == 0.194944
Newt,GMRES == 0,13, f^T: ....10....20....30....40....50....60....f^T: ....10....20....30....40....50....60....f^T: ....10....20....30....40....50....60....f^T: ....10....20....30....40....50....60.... res == 0.18604
Newt,GMRES == 0,14, f^T: ....10....20....30....40....50....60....f^T: ....10....20....30....40....50....60....f^T: ....10....20....30....40....50....60....f^T: ....10....20....30....40....50....60.... res == 0.176172
Newt,GMRES == 0,15, f^T: ....10....20....30....40....50....60....f^T: ....10....20....30....40....50....60....f^T: ....10....20....30....40....50....60....f^T: ....10....20....30....40....50....60.... res == 0.173554
Newt,GMRES == 0,16, f^T: ....10....20....30....40....50....60....f^T: ....10....20....30....40....50....60....f^T: ....10....20....30....40....50....60....f^T: ....10....20....30....40....50....60.... res == 0.172598
Newt,GMRES == 0,17, f^T: ....10....20....30....40....50....60....f^T: ....10....20....30....40....50....60....f^T: ....10....20....30....40....50....60....f^T: ....10....20....30....40....50....60.... res == 0.14469
Newt,GMRES == 0,18, f^T: ....10....20....30....40....50....60....f^T: ....10....20....30....40....50....60....f^T: ....10....20....30....40....50....60....f^T: ....10....20....30....40....50....60.... res == 0.136485
Newt,GMRES == 0,19, f^T: ....10....20....30....40....50....60....f^T: ....10....20....30....40....50....60....f^T: ....10....20....30....40....50....60....f^T: ....10....20....30....40....50....60.... res == 0.128588
Newt,GMRES == 0,20, f^T: ....10....20....30....40....50....60....f^T: ....10....20....30....40....50....60....f^T: ....10....20....30....40....50....60....f^T: ....10....20....30....40....50....60.... res == 0.127958
Newt,GMRES == 0,21, f^T: ....10....20....30....40....50....60....f^T: ....10....20....30....40....50....60....f^T: ....10....20....30....40....50....60....f^T: ....10....20....30....40....50....60.... res == 0.101481
Newt,GMRES == 0,22, f^T: ....10....20....30....40....50....60....f^T: ....10....20....30....40....50....60....f^T: ....10....20....30....40....50....60....f^T: ....10....20....30....40....50....60.... res == 0.0995379
Newt,GMRES == 0,23, f^T: ....10....20....30....40....50....60....f^T: ....10....20....30....40....50....60....f^T: ....10....20....30....40....50....60....f^T: ....10....20....30....40....50....60.... res == 0.0968896
Newt,GMRES == 0,24, f^T: ....10....20....30....40....50....60....f^T: ....10....20....30....40....50....60....f^T: ....10....20....30....40....50....60....f^T: ....10....20....30....40....50....60.... res == 0.0966007
Newt,GMRES == 0,25, f^T: ....10....20....30....40....50....60....f^T: ....10....20....30....40....50....60....f^T: ....10....20....30....40....50....60....f^T: ....10....20....30....40....50....60.... res == 0.0965668
Newt,GMRES == 0,26, f^T: ....10....20....30....40....50....60....f^T: ....10....20....30....40....50....60....f^T: ....10....20....30....40....50....60....f^T: ....10....20....30....40....50....60.... res == 0.0957505
Newt,GMRES == 0,27, f^T: ....10....20....30....40....50....60....f^T: ....10....20....30....40....50....60....f^T: ....10....20....30....40....50....60....f^T: ....10....20....30....40....50....60.... res == 0.0924064
Newt,GMRES == 0,28, f^T: ....10....20....30....40....50....60....f^T: ....10....20....30....40....50....60....f^T: ....10....20....30....40....50....60....f^T: ....10....20....30....40....50....60.... res == 0.0897743
Newt,GMRES == 0,29, f^T: ....10....20....30....40....50....60....f^T: ....10....20....30....40....50....60....f^T: ....10....20....30....40....50....60....f^T: ....10....20....30....40....50....60.... res == 0.0875173
Newt,GMRES == 0,30, f^T: ....10....20....30....40....50....60....f^T: ....10....20....30....40....50....60....f^T: ....10....20....30....40....50....60....f^T: ....10....20....30....40....50....60.... res == 0.0867117
Newt,GMRES == 0,31, f^T: ....10....20....30....40....50....60....f^T: ....10....20....30....40....50....60....f^T: ....10....20....30....40....50....60....f^T: ....10....20....30....40....50....60.... res == 0.0814323
Newt,GMRES == 0,32, f^T: ....10....20....30....40....50....60....f^T: ....10....20....30....40....50....60....f^T: ....10....20....30....40....50....60....f^T: ....10....20....30....40....50....60.... res == 0.0479488
Newt,GMRES == 0,33, f^T: ....10....20....30....40....50....60....f^T: ....10....20....30....40....50....60....f^T: ....10....20....30....40....50....60....f^T: ....10....20....30....40....50....60.... res == 0.0360932
Newt,GMRES == 0,34, f^T: ....10....20....30....40....50....60....f^T: ....10....20....30....40....50....60....f^T: ....10....20....30....40....50....60....f^T: ....10....20....30....40....50....60.... res == 0.0358498
Newt,GMRES == 0,35, f^T: ....10....20....30....40....50....60....f^T: ....10....20....30....40....50....60....f^T: ....10....20....30....40....50....60....f^T: ....10....20....30....40....50....60.... res == 0.019574
Newt,GMRES == 0,36, f^T: ....10....20....30....40....50....60....f^T: ....10....20....30....40....50....60....f^T: ....10....20....30....40....50....60....f^T: ....10....20....30....40....50....60.... res == 0.00361846
Newt,GMRES == 0,37, f^T: ....10....20....30....40....50....60....f^T: ....10....20....30....40....50....60....f^T: ....10....20....30....40....50....60....f^T: ....10....20....30....40....50....60.... res == 0.00227929
Newt,GMRES == 0,38, f^T: ....10....20....30....40....50....60....f^T: ....10....20....30....40....50....60....f^T: ....10....20....30....40....50....60....f^T: ....10....20....30....40....50....60.... res == 0.00227706
Newt,GMRES == 0,39, f^T: ....10....20....30....40....50....60....f^T: ....10....20....30....40....50....60....f^T: ....10....20....30....40....50....60....f^T: ....10....20....30....40....50....60.... res == 0.00103315
Newt,GMRES == 0,40, f^T: ....10....20....30....40....50....60....f^T: ....10....20....30....40....50....60....f^T: ....10....20....30....40....50....60....f^T: ....10....20....30....40....50....60.... res == 7.07538e-05
GMRES converged. Breaking.
------------------------------------------------
Beginning hookstep calculations.
-------------------------------------------
Hookstep number 0
delta == 0.01
Newton step is within trust region: 
L2Norm(dxN) == 0.00184241 <= 0.01 == delta
Computing residual of hookstep dxH
L2Norm(dxH) == 0.00184241
f^T: ....10....20....30....40....50....60....f^T: ....10....20....30....40....50....60....f^T: ....10....20....30....40....50....60....f^T: ....10....20....30....40....50....60....
r(x), r(x+dxH) == 7.12224e-06, 9.93704e-08
Computing local quadratic model of residual
f^T: ....10....20....30....40....50....60....f^T: ....10....20....30....40....50....60....f^T: ....10....20....30....40....50....60....f^T: ....10....20....30....40....50....60....
Determining what to do with current Newton/hookstep and trust region
rx       ==   7.12224e-06 residual at current position
rH       ==   9.93704e-08 residual of newton/hookstep
Delta_rH ==  -7.02287e-06 actual improvement in residual from newton/hookstep

             -1.42438e-08 lower bound for acceptable improvement
             -7.12222e-07 upper bound for ok improvement.
             -5.34166e-06 upper bound for good improvement.
             -6.40999e-06 upper bound for accurate prediction.
Delta_rH ==  -7.02287e-06 ------> Accurate <------
             -7.83444e-06 lower bound for accurate prediction.
             -1.42438e-05 local linear model of improvement
lambda       == 0.986289 is the reduction/increase factor for delta suggested by quadratic model
lambda*delta == 0.00986289 is the delta suggested by quadratic model
Improvement is Accurate (some form of acceptable).
Stop adjusting trust region and take a step because
Improvement is merely Poor, Ok, or Good : 0
Newton step is within trust region      : 1
Backup step is better                   : 0
Delta has reached local limit           : 0
Take current step and leave delta unchanged, for the following reasons:
improvement            : Accurate
|newtonstep| <= delta  : true
delta >= deltaMax      : false
delta == 0.01

Taking best step and continuing Newton iteration.
L2Norm(G(x)) == 0.000445804
rx           == 9.93704e-08
L2Norm(dxN)  == 0.00184241
L2Norm(dxOpt)== 0.00184241
========================================================
Newton iteration number 1
Current state of Newton iteration:
   fcount_newton   == 42
   fcount_optimiza == 2
   L2Norm(x)       == 0.50595
   L2Norm(dxN)     == 0.00184241
   L2Norm(dxOpt)   == 0.00184241
   L2Dist(x,x0)    == 0.720207
gx == L2Norm(G(x)) : 
   initial  gx == 0.00377419
   previous gx == 0.00377419
   current  gx == 0.000445804
rx == 1/2 L2Norm2(G(x)) : 
   initial  rx == 7.12224e-06
   previous rx == 7.12224e-06
   current  rx == 9.93704e-08
         delta == 0.01
f^T: Newt,GMRES == 1,0, f^T: ....10....20....30....40....50....60....f^T: ....10....20....30....40....50....60....f^T: ....10....20....30....40....50....60....f^T: ....10....20....30....40....50....60.... res == 0.999806
Newt,GMRES == 1,1, f^T: ....10....20....30....40....50....60....f^T: ....10....20....30....40....50....60....f^T: ....10....20....30....40....50....60....f^T: ....10....20....30....40....50....60.... res == 0.967492
Newt,GMRES == 1,2, f^T: ....10....20....30....40....50....60....f^T: ....10....20....30....40....50....60....f^T: ....10....20....30....40....50....60....f^T: ....10....20....30....40....50....60.... res == 0.800261
Newt,GMRES == 1,3, f^T: ....10....20....30....40....50....60....f^T: ....10....20....30....40....50....60....f^T: ....10....20....30....40....50....60....f^T: ....10....20....30....40....50....60.... res == 0.727012
Newt,GMRES == 1,4, f^T: ....10....20....30....40....50....60....f^T: ....10....20....30....40....50....60....f^T: ....10....20....30....40....50....60....f^T: ....10....20....30....40....50....60.... res == 0.685722
Newt,GMRES == 1,5, f^T: ....10....20....30....40....50....60....f^T: ....10....20....30....40....50....60....f^T: ....10....20....30....40....50....60....f^T: ....10....20....30....40....50....60.... res == 0.650889
Newt,GMRES == 1,6, f^T: ....10....20....30....40....50....60....f^T: ....10....20....30....40....50....60....f^T: ....10....20....30....40....50....60....f^T: ....10....20....30....40....50....60.... res == 0.648706
Newt,GMRES == 1,7, f^T: ....10....20....30....40....50....60....f^T: ....10....20....30....40....50....60....f^T: ....10....20....30....40....50....60....f^T: ....10....20....30....40....50....60.... res == 0.642046
Newt,GMRES == 1,8, f^T: ....10....20....30....40....50....60....f^T: ....10....20....30....40....50....60....f^T: ....10....20....30....40....50....60....f^T: ....10....20....30....40....50....60.... res == 0.615977
Newt,GMRES == 1,9, f^T: ....10....20....30....40....50....60....f^T: ....10....20....30....40....50....60....f^T: ....10....20....30....40....50....60....f^T: ....10....20....30....40....50....60.... res == 0.552653
Newt,GMRES == 1,10, f^T: ....10....20....30....40....50....60....f^T: ....10....20....30....40....50....60....f^T: ....10....20....30....40....50....60....f^T: ....10....20....30....40....50....60.... res == 0.551263
Newt,GMRES == 1,11, f^T: ....10....20....30....40....50....60....f^T: ....10....20....30....40....50....60....f^T: ....10....20....30....40....50....60....f^T: ....10....20....30....40....50....60.... res == 0.550502
Newt,GMRES == 1,12, f^T: ....10....20....30....40....50....60....f^T: ....10....20....30....40....50....60....f^T: ....10....20....30....40....50....60....f^T: ....10....20....30....40....50....60.... res == 0.506156
Newt,GMRES == 1,13, f^T: ....10....20....30....40....50....60....f^T: ....10....20....30....40....50....60....f^T: ....10....20....30....40....50....60....f^T: ....10....20....30....40....50....60.... res == 0.470603
Newt,GMRES == 1,14, f^T: ....10....20....30....40....50....60....f^T: ....10....20....30....40....50....60....f^T: ....10....20....30....40....50....60....f^T: ....10....20....30....40....50....60.... res == 0.399121
Newt,GMRES == 1,15, f^T: ....10....20....30....40....50....60....f^T: ....10....20....30....40....50....60....f^T: ....10....20....30....40....50....60....f^T: ....10....20....30....40....50....60.... res == 0.312475
Newt,GMRES == 1,16, f^T: ....10....20....30....40....50....60....f^T: ....10....20....30....40....50....60....f^T: ....10....20....30....40....50....60....f^T: ....10....20....30....40....50....60.... res == 0.241208
Newt,GMRES == 1,17, f^T: ....10....20....30....40....50....60....f^T: ....10....20....30....40....50....60....f^T: ....10....20....30....40....50....60....f^T: ....10....20....30....40....50....60.... res == 0.20285
Newt,GMRES == 1,18, f^T: ....10....20....30....40....50....60....f^T: ....10....20....30....40....50....60....f^T: ....10....20....30....40....50....60....f^T: ....10....20....30....40....50....60.... res == 0.198211
Newt,GMRES == 1,19, f^T: ....10....20....30....40....50....60....f^T: ....10....20....30....40....50....60....f^T: ....10....20....30....40....50....60....f^T: ....10....20....30....40....50....60.... res == 0.196183
Newt,GMRES == 1,20, f^T: ....10....20....30....40....50....60....f^T: ....10....20....30....40....50....60....f^T: ....10....20....30....40....50....60....f^T: ....10....20....30....40....50....60.... res == 0.19496
Newt,GMRES == 1,21, f^T: ....10....20....30....40....50....60....f^T: ....10....20....30....40....50....60....f^T: ....10....20....30....40....50....60....f^T: ....10....20....30....40....50....60.... res == 0.161499
Newt,GMRES == 1,22, f^T: ....10....20....30....40....50....60....f^T: ....10....20....30....40....50....60....f^T: ....10....20....30....40....50....60....f^T: ....10....20....30....40....50....60.... res == 0.161321
Newt,GMRES == 1,23, f^T: ....10....20....30....40....50....60....f^T: ....10....20....30....40....50....60....f^T: ....10....20....30....40....50....60....f^T: ....10....20....30....40....50....60.... res == 0.10425
Newt,GMRES == 1,24, f^T: ....10....20....30....40....50....60....f^T: ....10....20....30....40....50....60....f^T: ....10....20....30....40....50....60....f^T: ....10....20....30....40....50....60.... res == 0.103625
Newt,GMRES == 1,25, f^T: ....10....20....30....40....50....60....f^T: ....10....20....30....40....50....60....f^T: ....10....20....30....40....50....60....f^T: ....10....20....30....40....50....60.... res == 0.0969183
Newt,GMRES == 1,26, f^T: ....10....20....30....40....50....60....f^T: ....10....20....30....40....50....60....f^T: ....10....20....30....40....50....60....f^T: ....10....20....30....40....50....60.... res == 0.0968351
Newt,GMRES == 1,27, f^T: ....10....20....30....40....50....60....f^T: ....10....20....30....40....50....60....f^T: ....10....20....30....40....50....60....f^T: ....10....20....30....40....50....60.... res == 0.096509
Newt,GMRES == 1,28, f^T: ....10....20....30....40....50....60....f^T: ....10....20....30....40....50....60....f^T: ....10....20....30....40....50....60....f^T: ....10....20....30....40....50....60.... res == 0.0959732
Newt,GMRES == 1,29, f^T: ....10....20....30....40....50....60....f^T: ....10....20....30....40....50....60....f^T: ....10....20....30....40....50....60....f^T: ....10....20....30....40....50....60.... res == 0.0897707
Newt,GMRES == 1,30, f^T: ....10....20....30....40....50....60....f^T: ....10....20....30....40....50....60....f^T: ....10....20....30....40....50....60....f^T: ....10....20....30....40....50....60.... res == 0.0893783
Newt,GMRES == 1,31, f^T: ....10....20....30....40....50....60....f^T: ....10....20....30....40....50....60....f^T: ....10....20....30....40....50....60....f^T: ....10....20....30....40....50....60.... res == 0.0890985
Newt,GMRES == 1,32, f^T: ....10....20....30....40....50....60....f^T: ....10....20....30....40....50....60....f^T: ....10....20....30....40....50....60....f^T: ....10....20....30....40....50....60.... res == 0.0849115
Newt,GMRES == 1,33, f^T: ....10....20....30....40....50....60....f^T: ....10....20....30....40....50....60....f^T: ....10....20....30....40....50....60....f^T: ....10....20....30....40....50....60.... res == 0.0713563
Newt,GMRES == 1,34, f^T: ....10....20....30....40....50....60....f^T: ....10....20....30....40....50....60....f^T: ....10....20....30....40....50....60....f^T: ....10....20....30....40....50....60.... res == 0.0641656
Newt,GMRES == 1,35, f^T: ....10....20....30....40....50....60....f^T: ....10....20....30....40....50....60....f^T: ....10....20....30....40....50....60....f^T: ....10....20....30....40....50....60.... res == 0.0628058
Newt,GMRES == 1,36, f^T: ....10....20....30....40....50....60....f^T: ....10....20....30....40....50....60....f^T: ....10....20....30....40....50....60....f^T: ....10....20....30....40....50....60.... res == 0.00951337
Newt,GMRES == 1,37, f^T: ....10....20....30....40....50....60....f^T: ....10....20....30....40....50....60....f^T: ....10....20....30....40....50....60....f^T: ....10....20....30....40....50....60.... res == 0.00720947
Newt,GMRES == 1,38, f^T: ....10....20....30....40....50....60....f^T: ....10....20....30....40....50....60....f^T: ....10....20....30....40....50....60....f^T: ....10....20....30....40....50....60.... res == 0.0071082
Newt,GMRES == 1,39, f^T: ....10....20....30....40....50....60....f^T: ....10....20....30....40....50....60....f^T: ....10....20....30....40....50....60....f^T: ....10....20....30....40....50....60.... res == 0.00585799
Newt,GMRES == 1,40, f^T: ....10....20....30....40....50....60....f^T: ....10....20....30....40....50....60....f^T: ....10....20....30....40....50....60....f^T: ....10....20....30....40....50....60.... res == 0.00028159
Newt,GMRES == 1,41, f^T: ....10....20....30....40....50....60....f^T: ....10....20....30....40....50....60....f^T: ....10....20....30....40....50....60....f^T: ....10....20....30....40....50....60.... res == 0.000272016
Newt,GMRES == 1,42, f^T: ....10....20....30....40....50....60....f^T: ....10....20....30....40....50....60....f^T: ....10....20....30....40....50....60....f^T: ....10....20....30....40....50....60.... res == 0.000255776
Newt,GMRES == 1,43, f^T: ....10....20....30....40....50....60....f^T: ....10....20....30....40....50....60....f^T: ....10....20....30....40....50....60....f^T: ....10....20....30....40....50....60.... res == 0.000210477
Newt,GMRES == 1,44, f^T: ....10....20....30....40....50....60....f^T: ....10....20....30....40....50....60....f^T: ....10....20....30....40....50....60....f^T: ....10....20....30....40....50....60.... res == 5.18893e-06
GMRES converged. Breaking.
------------------------------------------------
Beginning hookstep calculations.
-------------------------------------------
Hookstep number 0
delta == 0.01
Newton step is within trust region: 
L2Norm(dxN) == 0.000385529 <= 0.01 == delta
Computing residual of hookstep dxH
L2Norm(dxH) == 0.000385529
f^T: ....10....20....30....40....50....60....f^T: ....10....20....30....40....50....60....f^T: ....10....20....30....40....50....60....f^T: ....10....20....30....40....50....60....
r(x), r(x+dxH) == 9.93704e-08, 1.68287e-10
Computing local quadratic model of residual
f^T: ....10....20....30....40....50....60....f^T: ....10....20....30....40....50....60....f^T: ....10....20....30....40....50....60....f^T: ....10....20....30....40....50....60....
Determining what to do with current Newton/hookstep and trust region
rx       ==   9.93704e-08 residual at current position
rH       ==   1.68287e-10 residual of newton/hookstep
Delta_rH ==  -9.92021e-08 actual improvement in residual from newton/hookstep

             -2.00803e-10 lower bound for acceptable improvement
             -9.92682e-09 upper bound for ok improvement.
             -7.44512e-08 upper bound for good improvement.
             -8.93414e-08 upper bound for accurate prediction.
Delta_rH ==  -9.92021e-08 ------> Accurate <------
             -1.09195e-07 lower bound for accurate prediction.
             -2.00803e-07 local linear model of improvement
lambda       == 0.988194 is the reduction/increase factor for delta suggested by quadratic model
lambda*delta == 0.00988194 is the delta suggested by quadratic model
Improvement is Accurate (some form of acceptable).
Stop adjusting trust region and take a step because
Improvement is merely Poor, Ok, or Good : 0
Newton step is within trust region      : 1
Backup step is better                   : 0
Delta has reached local limit           : 0
Take current step and leave delta unchanged, for the following reasons:
improvement            : Accurate
|newtonstep| <= delta  : true
delta >= deltaMax      : false
delta == 0.01

Taking best step and continuing Newton iteration.
L2Norm(G(x)) == 1.8346e-05
rx           == 1.68287e-10
L2Norm(dxN)  == 0.000385529
L2Norm(dxOpt)== 0.000385529
========================================================
Newton iteration number 2
Current state of Newton iteration:
   fcount_newton   == 87
   fcount_optimiza == 4
   L2Norm(x)       == 0.50588
   L2Norm(dxN)     == 0.000385529
   L2Norm(dxOpt)   == 0.000385529
   L2Dist(x,x0)    == 0.642729
gx == L2Norm(G(x)) : 
   initial  gx == 0.00377419
   previous gx == 0.000445804
   current  gx == 1.8346e-05
rx == 1/2 L2Norm2(G(x)) : 
   initial  rx == 7.12224e-06
   previous rx == 9.93704e-08
   current  rx == 1.68287e-10
         delta == 0.01
f^T: Newt,GMRES == 2,0, f^T: ....10....20....30....40....50....60....f^T: ....10....20....30....40....50....60....f^T: ....10....20....30....40....50....60....f^T: ....10....20....30....40....50....60.... res == 0.620125
Newt,GMRES == 2,1, f^T: ....10....20....30....40....50....60....f^T: ....10....20....30....40....50....60....f^T: ....10....20....30....40....50....60....f^T: ....10....20....30....40....50....60.... res == 0.602516
Newt,GMRES == 2,2, f^T: ....10....20....30....40....50....60....f^T: ....10....20....30....40....50....60....f^T: ....10....20....30....40....50....60....f^T: ....10....20....30....40....50....60.... res == 0.602465
Newt,GMRES == 2,3, f^T: ....10....20....30....40....50....60....f^T: ....10....20....30....40....50....60....f^T: ....10....20....30....40....50....60....f^T: ....10....20....30....40....50....60.... res == 0.428222
Newt,GMRES == 2,4, f^T: ....10....20....30....40....50....60....f^T: ....10....20....30....40....50....60....f^T: ....10....20....30....40....50....60....f^T: ....10....20....30....40....50....60.... res == 0.401271
Newt,GMRES == 2,5, f^T: ....10....20....30....40....50....60....f^T: ....10....20....30....40....50....60....f^T: ....10....20....30....40....50....60....f^T: ....10....20....30....40....50....60.... res == 0.399666
Newt,GMRES == 2,6, f^T: ....10....20....30....40....50....60....f^T: ....10....20....30....40....50....60....f^T: ....10....20....30....40....50....60....f^T: ....10....20....30....40....50....60.... res == 0.396692
Newt,GMRES == 2,7, f^T: ....10....20....30....40....50....60....f^T: ....10....20....30....40....50....60....f^T: ....10....20....30....40....50....60....f^T: ....10....20....30....40....50....60.... res == 0.388363
Newt,GMRES == 2,8, f^T: ....10....20....30....40....50....60....f^T: ....10....20....30....40....50....60....f^T: ....10....20....30....40....50....60....f^T: ....10....20....30....40....50....60.... res == 0.385407
Newt,GMRES == 2,9, f^T: ....10....20....30....40....50....60....f^T: ....10....20....30....40....50....60....f^T: ....10....20....30....40....50....60....f^T: ....10....20....30....40....50....60.... res == 0.384804
Newt,GMRES == 2,10, f^T: ....10....20....30....40....50....60....f^T: ....10....20....30....40....50....60....f^T: ....10....20....30....40....50....60....f^T: ....10....20....30....40....50....60.... res == 0.375169
Newt,GMRES == 2,11, f^T: ....10....20....30....40....50....60....f^T: ....10....20....30....40....50....60....f^T: ....10....20....30....40....50....60....f^T: ....10....20....30....40....50....60.... res == 0.365129
Newt,GMRES == 2,12, f^T: ....10....20....30....40....50....60....f^T: ....10....20....30....40....50....60....f^T: ....10....20....30....40....50....60....f^T: ....10....20....30....40....50....60.... res == 0.349503
Newt,GMRES == 2,13, f^T: ....10....20....30....40....50....60....f^T: ....10....20....30....40....50....60....f^T: ....10....20....30....40....50....60....f^T: ....10....20....30....40....50....60.... res == 0.335565
Newt,GMRES == 2,14, f^T: ....10....20....30....40....50....60....f^T: ....10....20....30....40....50....60....f^T: ....10....20....30....40....50....60....f^T: ....10....20....30....40....50....60.... res == 0.330017
Newt,GMRES == 2,15, f^T: ....10....20....30....40....50....60....f^T: ....10....20....30....40....50....60....f^T: ....10....20....30....40....50....60....f^T: ....10....20....30....40....50....60.... res == 0.329367
Newt,GMRES == 2,16, f^T: ....10....20....30....40....50....60....f^T: ....10....20....30....40....50....60....f^T: ....10....20....30....40....50....60....f^T: ....10....20....30....40....50....60.... res == 0.329276
Newt,GMRES == 2,17, f^T: ....10....20....30....40....50....60....f^T: ....10....20....30....40....50....60....f^T: ....10....20....30....40....50....60....f^T: ....10....20....30....40....50....60.... res == 0.326609
Newt,GMRES == 2,18, f^T: ....10....20....30....40....50....60....f^T: ....10....20....30....40....50....60....f^T: ....10....20....30....40....50....60....f^T: ....10....20....30....40....50....60.... res == 0.322091
Newt,GMRES == 2,19, f^T: ....10....20....30....40....50....60....f^T: ....10....20....30....40....50....60....f^T: ....10....20....30....40....50....60....f^T: ....10....20....30....40....50....60.... res == 0.320832
Newt,GMRES == 2,20, f^T: ....10....20....30....40....50....60....f^T: ....10....20....30....40....50....60....f^T: ....10....20....30....40....50....60....f^T: ....10....20....30....40....50....60.... res == 0.320703
Newt,GMRES == 2,21, f^T: ....10....20....30....40....50....60....f^T: ....10....20....30....40....50....60....f^T: ....10....20....30....40....50....60....f^T: ....10....20....30....40....50....60.... res == 0.3207
Newt,GMRES == 2,22, f^T: ....10....20....30....40....50....60....f^T: ....10....20....30....40....50....60....f^T: ....10....20....30....40....50....60....f^T: ....10....20....30....40....50....60.... res == 0.316058
Newt,GMRES == 2,23, f^T: ....10....20....30....40....50....60....f^T: ....10....20....30....40....50....60....f^T: ....10....20....30....40....50....60....f^T: ....10....20....30....40....50....60.... res == 0.313771
Newt,GMRES == 2,24, f^T: ....10....20....30....40....50....60....f^T: ....10....20....30....40....50....60....f^T: ....10....20....30....40....50....60....f^T: ....10....20....30....40....50....60.... res == 0.303859
Newt,GMRES == 2,25, f^T: ....10....20....30....40....50....60....f^T: ....10....20....30....40....50....60....f^T: ....10....20....30....40....50....60....f^T: ....10....20....30....40....50....60.... res == 0.292796
Newt,GMRES == 2,26, f^T: ....10....20....30....40....50....60....f^T: ....10....20....30....40....50....60....f^T: ....10....20....30....40....50....60....f^T: ....10....20....30....40....50....60.... res == 0.292537
Newt,GMRES == 2,27, f^T: ....10....20....30....40....50....60....f^T: ....10....20....30....40....50....60....f^T: ....10....20....30....40....50....60....f^T: ....10....20....30....40....50....60.... res == 0.28819
Newt,GMRES == 2,28, f^T: ....10....20....30....40....50....60....f^T: ....10....20....30....40....50....60....f^T: ....10....20....30....40....50....60....f^T: ....10....20....30....40....50....60.... res == 0.228827
Newt,GMRES == 2,29, f^T: ....10....20....30....40....50....60....f^T: ....10....20....30....40....50....60....f^T: ....10....20....30....40....50....60....f^T: ....10....20....30....40....50....60.... res == 0.228522
Newt,GMRES == 2,30, f^T: ....10....20....30....40....50....60....f^T: ....10....20....30....40....50....60....f^T: ....10....20....30....40....50....60....f^T: ....10....20....30....40....50....60.... res == 0.227208
Newt,GMRES == 2,31, f^T: ....10....20....30....40....50....60....f^T: ....10....20....30....40....50....60....f^T: ....10....20....30....40....50....60....f^T: ....10....20....30....40....50....60.... res == 0.226131
Newt,GMRES == 2,32, f^T: ....10....20....30....40....50....60....f^T: ....10....20....30....40....50....60....f^T: ....10....20....30....40....50....60....f^T: ....10....20....30....40....50....60.... res == 0.0478625
Newt,GMRES == 2,33, f^T: ....10....20....30....40....50....60....f^T: ....10....20....30....40....50....60....f^T: ....10....20....30....40....50....60....f^T: ....10....20....30....40....50....60.... res == 0.0457929
Newt,GMRES == 2,34, f^T: ....10....20....30....40....50....60....f^T: ....10....20....30....40....50....60....f^T: ....10....20....30....40....50....60....f^T: ....10....20....30....40....50....60.... res == 0.0387294
Newt,GMRES == 2,35, f^T: ....10....20....30....40....50....60....f^T: ....10....20....30....40....50....60....f^T: ....10....20....30....40....50....60....f^T: ....10....20....30....40....50....60.... res == 0.0386569
Newt,GMRES == 2,36, f^T: ....10....20....30....40....50....60....f^T: ....10....20....30....40....50....60....f^T: ....10....20....30....40....50....60....f^T: ....10....20....30....40....50....60.... res == 0.00179107
Newt,GMRES == 2,37, f^T: ....10....20....30....40....50....60....f^T: ....10....20....30....40....50....60....f^T: ....10....20....30....40....50....60....f^T: ....10....20....30....40....50....60.... res == 0.00172746
Newt,GMRES == 2,38, f^T: ....10....20....30....40....50....60....f^T: ....10....20....30....40....50....60....f^T: ....10....20....30....40....50....60....f^T: ....10....20....30....40....50....60.... res == 0.00165316
Newt,GMRES == 2,39, f^T: ....10....20....30....40....50....60....f^T: ....10....20....30....40....50....60....f^T: ....10....20....30....40....50....60....f^T: ....10....20....30....40....50....60.... res == 0.00149644
Newt,GMRES == 2,40, f^T: ....10....20....30....40....50....60....f^T: ....10....20....30....40....50....60....f^T: ....10....20....30....40....50....60....f^T: ....10....20....30....40....50....60.... res == 7.92107e-05
GMRES converged. Breaking.
------------------------------------------------
Beginning hookstep calculations.
-------------------------------------------
Hookstep number 0
delta == 0.01
Newton step is within trust region: 
L2Norm(dxN) == 4.4959e-05 <= 0.01 == delta
Computing residual of hookstep dxH
L2Norm(dxH) == 4.4959e-05
f^T: ....10....20....30....40....50....60....f^T: ....10....20....30....40....50....60....f^T: ....10....20....30....40....50....60....f^T: ....10....20....30....40....50....60....
r(x), r(x+dxH) == 1.68287e-10, 2.71717e-13
Computing local quadratic model of residual
f^T: ....10....20....30....40....50....60....f^T: ....10....20....30....40....50....60....f^T: ....10....20....30....40....50....60....f^T: ....10....20....30....40....50....60....
Determining what to do with current Newton/hookstep and trust region
rx       ==   1.68287e-10 residual at current position
rH       ==   2.71717e-13 residual of newton/hookstep
Delta_rH ==  -1.68015e-10 actual improvement in residual from newton/hookstep

             -3.44624e-13 lower bound for acceptable improvement
             -1.68066e-11 upper bound for ok improvement.
             -1.26049e-10 upper bound for good improvement.
             -1.51259e-10 upper bound for accurate prediction.
Delta_rH ==  -1.68015e-10 ------> Accurate <------
             -1.84873e-10 lower bound for accurate prediction.
             -3.44624e-10 local linear model of improvement
lambda       == 0.975672 is the reduction/increase factor for delta suggested by quadratic model
lambda*delta == 0.00975672 is the delta suggested by quadratic model
Improvement is Accurate (some form of acceptable).
Stop adjusting trust region and take a step because
Improvement is merely Poor, Ok, or Good : 0
Newton step is within trust region      : 1
Backup step is better                   : 0
Delta has reached local limit           : 0
Take current step and leave delta unchanged, for the following reasons:
improvement            : Accurate
|newtonstep| <= delta  : true
delta >= deltaMax      : false
delta == 0.01

Taking best step and continuing Newton iteration.
L2Norm(G(x)) == 7.3718e-07
rx           == 2.71717e-13
L2Norm(dxN)  == 4.4959e-05
L2Norm(dxOpt)== 4.4959e-05
========================================================
Newton iteration number 3
Current state of Newton iteration:
   fcount_newton   == 128
   fcount_optimiza == 6
   L2Norm(x)       == 0.50589
   L2Norm(dxN)     == 4.4959e-05
   L2Norm(dxOpt)   == 4.4959e-05
   L2Dist(x,x0)    == 0.628951
gx == L2Norm(G(x)) : 
   initial  gx == 0.00377419
   previous gx == 1.8346e-05
   current  gx == 7.3718e-07
rx == 1/2 L2Norm2(G(x)) : 
   initial  rx == 7.12224e-06
   previous rx == 1.68287e-10
   current  rx == 2.71717e-13
         delta == 0.01
f^T: Newt,GMRES == 3,0, f^T: ....10....20....30....40....50....60....f^T: ....10....20....30....40....50....60....f^T: ....10....20....30....40....50....60....f^T: ....10....20....30....40....50....60.... res == 0.734717
Newt,GMRES == 3,1, f^T: ....10....20....30....40....50....60....f^T: ....10....20....30....40....50....60....f^T: ....10....20....30....40....50....60....f^T: ....10....20....30....40....50....60.... res == 0.716508
Newt,GMRES == 3,2, f^T: ....10....20....30....40....50....60....f^T: ....10....20....30....40....50....60....f^T: ....10....20....30....40....50....60....f^T: ....10....20....30....40....50....60.... res == 0.704641
Newt,GMRES == 3,3, f^T: ....10....20....30....40....50....60....f^T: ....10....20....30....40....50....60....f^T: ....10....20....30....40....50....60....f^T: ....10....20....30....40....50....60.... res == 0.693978
Newt,GMRES == 3,4, f^T: ....10....20....30....40....50....60....f^T: ....10....20....30....40....50....60....f^T: ....10....20....30....40....50....60....f^T: ....10....20....30....40....50....60.... res == 0.690975
Newt,GMRES == 3,5, f^T: ....10....20....30....40....50....60....f^T: ....10....20....30....40....50....60....f^T: ....10....20....30....40....50....60....f^T: ....10....20....30....40....50....60.... res == 0.678222
Newt,GMRES == 3,6, f^T: ....10....20....30....40....50....60....f^T: ....10....20....30....40....50....60....f^T: ....10....20....30....40....50....60....f^T: ....10....20....30....40....50....60.... res == 0.670235
Newt,GMRES == 3,7, f^T: ....10....20....30....40....50....60....f^T: ....10....20....30....40....50....60....f^T: ....10....20....30....40....50....60....f^T: ....10....20....30....40....50....60.... res == 0.576623
Newt,GMRES == 3,8, f^T: ....10....20....30....40....50....60....f^T: ....10....20....30....40....50....60....f^T: ....10....20....30....40....50....60....f^T: ....10....20....30....40....50....60.... res == 0.573413
Newt,GMRES == 3,9, f^T: ....10....20....30....40....50....60....f^T: ....10....20....30....40....50....60....f^T: ....10....20....30....40....50....60....f^T: ....10....20....30....40....50....60.... res == 0.558811
Newt,GMRES == 3,10, f^T: ....10....20....30....40....50....60....f^T: ....10....20....30....40....50....60....f^T: ....10....20....30....40....50....60....f^T: ....10....20....30....40....50....60.... res == 0.557362
Newt,GMRES == 3,11, f^T: ....10....20....30....40....50....60....f^T: ....10....20....30....40....50....60....f^T: ....10....20....30....40....50....60....f^T: ....10....20....30....40....50....60.... res == 0.552794
Newt,GMRES == 3,12, f^T: ....10....20....30....40....50....60....f^T: ....10....20....30....40....50....60....f^T: ....10....20....30....40....50....60....f^T: ....10....20....30....40....50....60.... res == 0.551557
Newt,GMRES == 3,13, f^T: ....10....20....30....40....50....60....f^T: ....10....20....30....40....50....60....f^T: ....10....20....30....40....50....60....f^T: ....10....20....30....40....50....60.... res == 0.502987
Newt,GMRES == 3,14, f^T: ....10....20....30....40....50....60....f^T: ....10....20....30....40....50....60....f^T: ....10....20....30....40....50....60....f^T: ....10....20....30....40....50....60.... res == 0.500861
Newt,GMRES == 3,15, f^T: ....10....20....30....40....50....60....f^T: ....10....20....30....40....50....60....f^T: ....10....20....30....40....50....60....f^T: ....10....20....30....40....50....60.... res == 0.481407
Newt,GMRES == 3,16, f^T: ....10....20....30....40....50....60....f^T: ....10....20....30....40....50....60....f^T: ....10....20....30....40....50....60....f^T: ....10....20....30....40....50....60.... res == 0.473684
Newt,GMRES == 3,17, f^T: ....10....20....30....40....50....60....f^T: ....10....20....30....40....50....60....f^T: ....10....20....30....40....50....60....f^T: ....10....20....30....40....50....60.... res == 0.451282
Newt,GMRES == 3,18, f^T: ....10....20....30....40....50....60....f^T: ....10....20....30....40....50....60....f^T: ....10....20....30....40....50....60....f^T: ....10....20....30....40....50....60.... res == 0.437672
Newt,GMRES == 3,19, f^T: ....10....20....30....40....50....60....f^T: ....10....20....30....40....50....60....f^T: ....10....20....30....40....50....60....f^T: ....10....20....30....40....50....60.... res == 0.4301
Newt,GMRES == 3,20, f^T: ....10....20....30....40....50....60....f^T: ....10....20....30....40....50....60....f^T: ....10....20....30....40....50....60....f^T: ....10....20....30....40....50....60.... res == 0.422756
Newt,GMRES == 3,21, f^T: ....10....20....30....40....50....60....f^T: ....10....20....30....40....50....60....f^T: ....10....20....30....40....50....60....f^T: ....10....20....30....40....50....60.... res == 0.396906
Newt,GMRES == 3,22, f^T: ....10....20....30....40....50....60....f^T: ....10....20....30....40....50....60....f^T: ....10....20....30....40....50....60....f^T: ....10....20....30....40....50....60.... res == 0.378958
Newt,GMRES == 3,23, f^T: ....10....20....30....40....50....60....f^T: ....10....20....30....40....50....60....f^T: ....10....20....30....40....50....60....f^T: ....10....20....30....40....50....60.... res == 0.377376
Newt,GMRES == 3,24, f^T: ....10....20....30....40....50....60....f^T: ....10....20....30....40....50....60....f^T: ....10....20....30....40....50....60....f^T: ....10....20....30....40....50....60.... res == 0.37703
Newt,GMRES == 3,25, f^T: ....10....20....30....40....50....60....f^T: ....10....20....30....40....50....60....f^T: ....10....20....30....40....50....60....f^T: ....10....20....30....40....50....60.... res == 0.376153
Newt,GMRES == 3,26, f^T: ....10....20....30....40....50....60....f^T: ....10....20....30....40....50....60....f^T: ....10....20....30....40....50....60....f^T: ....10....20....30....40....50....60.... res == 0.375795
Newt,GMRES == 3,27, f^T: ....10....20....30....40....50....60....f^T: ....10....20....30....40....50....60....f^T: ....10....20....30....40....50....60....f^T: ....10....20....30....40....50....60.... res == 0.352992
Newt,GMRES == 3,28, f^T: ....10....20....30....40....50....60....f^T: ....10....20....30....40....50....60....f^T: ....10....20....30....40....50....60....f^T: ....10....20....30....40....50....60.... res == 0.349146
Newt,GMRES == 3,29, f^T: ....10....20....30....40....50....60....f^T: ....10....20....30....40....50....60....f^T: ....10....20....30....40....50....60....f^T: ....10....20....30....40....50....60.... res == 0.34459
Newt,GMRES == 3,30, f^T: ....10....20....30....40....50....60....f^T: ....10....20....30....40....50....60....f^T: ....10....20....30....40....50....60....f^T: ....10....20....30....40....50....60.... res == 0.299319
Newt,GMRES == 3,31, f^T: ....10....20....30....40....50....60....f^T: ....10....20....30....40....50....60....f^T: ....10....20....30....40....50....60....f^T: ....10....20....30....40....50....60.... res == 0.290839
Newt,GMRES == 3,32, f^T: ....10....20....30....40....50....60....f^T: ....10....20....30....40....50....60....f^T: ....10....20....30....40....50....60....f^T: ....10....20....30....40....50....60.... res == 0.182509
Newt,GMRES == 3,33, f^T: ....10....20....30....40....50....60....f^T: ....10....20....30....40....50....60....f^T: ....10....20....30....40....50....60....f^T: ....10....20....30....40....50....60.... res == 0.128827
Newt,GMRES == 3,34, f^T: ....10....20....30....40....50....60....f^T: ....10....20....30....40....50....60....f^T: ....10....20....30....40....50....60....f^T: ....10....20....30....40....50....60.... res == 0.113485
Newt,GMRES == 3,35, f^T: ....10....20....30....40....50....60....f^T: ....10....20....30....40....50....60....f^T: ....10....20....30....40....50....60....f^T: ....10....20....30....40....50....60.... res == 0.11229
Newt,GMRES == 3,36, f^T: ....10....20....30....40....50....60....f^T: ....10....20....30....40....50....60....f^T: ....10....20....30....40....50....60....f^T: ....10....20....30....40....50....60.... res == 0.00965185
Newt,GMRES == 3,37, f^T: ....10....20....30....40....50....60....f^T: ....10....20....30....40....50....60....f^T: ....10....20....30....40....50....60....f^T: ....10....20....30....40....50....60.... res == 0.00791866
Newt,GMRES == 3,38, f^T: ....10....20....30....40....50....60....f^T: ....10....20....30....40....50....60....f^T: ....10....20....30....40....50....60....f^T: ....10....20....30....40....50....60.... res == 0.00783092
Newt,GMRES == 3,39, f^T: ....10....20....30....40....50....60....f^T: ....10....20....30....40....50....60....f^T: ....10....20....30....40....50....60....f^T: ....10....20....30....40....50....60.... res == 0.00697067
Newt,GMRES == 3,40, f^T: ....10....20....30....40....50....60....f^T: ....10....20....30....40....50....60....f^T: ....10....20....30....40....50....60....f^T: ....10....20....30....40....50....60.... res == 0.000305369
Newt,GMRES == 3,41, f^T: ....10....20....30....40....50....60....f^T: ....10....20....30....40....50....60....f^T: ....10....20....30....40....50....60....f^T: ....10....20....30....40....50....60.... res == 0.000294652
Newt,GMRES == 3,42, f^T: ....10....20....30....40....50....60....f^T: ....10....20....30....40....50....60....f^T: ....10....20....30....40....50....60....f^T: ....10....20....30....40....50....60.... res == 0.000285155
Newt,GMRES == 3,43, f^T: ....10....20....30....40....50....60....f^T: ....10....20....30....40....50....60....f^T: ....10....20....30....40....50....60....f^T: ....10....20....30....40....50....60.... res == 0.000257561
Newt,GMRES == 3,44, f^T: ....10....20....30....40....50....60....f^T: ....10....20....30....40....50....60....f^T: ....10....20....30....40....50....60....f^T: ....10....20....30....40....50....60.... res == 4.99374e-06
GMRES converged. Breaking.
------------------------------------------------
Beginning hookstep calculations.
-------------------------------------------
Hookstep number 0
delta == 0.01
Newton step is within trust region: 
L2Norm(dxN) == 1.75298e-06 <= 0.01 == delta
Computing residual of hookstep dxH
L2Norm(dxH) == 1.75298e-06
f^T: ....10....20....30....40....50....60....f^T: ....10....20....30....40....50....60....f^T: ....10....20....30....40....50....60....f^T: ....10....20....30....40....50....60....
r(x), r(x+dxH) == 2.71717e-13, 1.85305e-15
Computing local quadratic model of residual
f^T: ....10....20....30....40....50....60....f^T: ....10....20....30....40....50....60....f^T: ....10....20....30....40....50....60....f^T: ....10....20....30....40....50....60....
Determining what to do with current Newton/hookstep and trust region
rx       ==   2.71717e-13 residual at current position
rH       ==   1.85305e-15 residual of newton/hookstep
Delta_rH ==  -2.69864e-13 actual improvement in residual from newton/hookstep

             -5.80764e-16 lower bound for acceptable improvement
             -2.69941e-14 upper bound for ok improvement.
             -2.02456e-13 upper bound for good improvement.
             -2.42947e-13 upper bound for accurate prediction.
Delta_rH ==  -2.69864e-13 ------> Accurate <------
             -2.96935e-13 lower bound for accurate prediction.
             -5.80764e-13 local linear model of improvement
lambda       == 0.934005 is the reduction/increase factor for delta suggested by quadratic model
lambda*delta == 0.00934005 is the delta suggested by quadratic model
Improvement is Accurate (some form of acceptable).
Stop adjusting trust region and take a step because
Improvement is merely Poor, Ok, or Good : 0
Newton step is within trust region      : 1
Backup step is better                   : 0
Delta has reached local limit           : 0
Take current step and leave delta unchanged, for the following reasons:
improvement            : Accurate
|newtonstep| <= delta  : true
delta >= deltaMax      : false
delta == 0.01

Taking best step and continuing Newton iteration.
L2Norm(G(x)) == 6.08778e-08
rx           == 1.85305e-15
L2Norm(dxN)  == 1.75298e-06
L2Norm(dxOpt)== 1.75298e-06
========================================================
Newton iteration number 4
Current state of Newton iteration:
   fcount_newton   == 173
   fcount_optimiza == 8
   L2Norm(x)       == 0.505889
   L2Norm(dxN)     == 1.75298e-06
   L2Norm(dxOpt)   == 1.75298e-06
   L2Dist(x,x0)    == 0.629643
gx == L2Norm(G(x)) : 
   initial  gx == 0.00377419
   previous gx == 7.3718e-07
   current  gx == 6.08778e-08
rx == 1/2 L2Norm2(G(x)) : 
   initial  rx == 7.12224e-06
   previous rx == 2.71717e-13
   current  rx == 1.85305e-15
         delta == 0.01
f^T: Newt,GMRES == 4,0, f^T: ....10....20....30....40....50....60....f^T: ....10....20....30....40....50....60....f^T: ....10....20....30....40....50....60....f^T: ....10....20....30....40....50....60.... res == 0.513727
Newt,GMRES == 4,1, f^T: ....10....20....30....40....50....60....f^T: ....10....20....30....40....50....60....f^T: ....10....20....30....40....50....60....f^T: ....10....20....30....40....50....60.... res == 0.499359
Newt,GMRES == 4,2, f^T: ....10....20....30....40....50....60....f^T: ....10....20....30....40....50....60....f^T: ....10....20....30....40....50....60....f^T: ....10....20....30....40....50....60.... res == 0.495306
Newt,GMRES == 4,3, f^T: ....10....20....30....40....50....60....f^T: ....10....20....30....40....50....60....f^T: ....10....20....30....40....50....60....f^T: ....10....20....30....40....50....60.... res == 0.489359
Newt,GMRES == 4,4, f^T: ....10....20....30....40....50....60....f^T: ....10....20....30....40....50....60....f^T: ....10....20....30....40....50....60....f^T: ....10....20....30....40....50....60.... res == 0.489358
Newt,GMRES == 4,5, f^T: ....10....20....30....40....50....60....f^T: ....10....20....30....40....50....60....f^T: ....10....20....30....40....50....60....f^T: ....10....20....30....40....50....60.... res == 0.486921
Newt,GMRES == 4,6, f^T: ....10....20....30....40....50....60....f^T: ....10....20....30....40....50....60....f^T: ....10....20....30....40....50....60....f^T: ....10....20....30....40....50....60.... res == 0.486845
Newt,GMRES == 4,7, f^T: ....10....20....30....40....50....60....f^T: ....10....20....30....40....50....60....f^T: ....10....20....30....40....50....60....f^T: ....10....20....30....40....50....60.... res == 0.484214
Newt,GMRES == 4,8, f^T: ....10....20....30....40....50....60....f^T: ....10....20....30....40....50....60....f^T: ....10....20....30....40....50....60....f^T: ....10....20....30....40....50....60.... res == 0.478319
Newt,GMRES == 4,9, f^T: ....10....20....30....40....50....60....f^T: ....10....20....30....40....50....60....f^T: ....10....20....30....40....50....60....f^T: ....10....20....30....40....50....60.... res == 0.477892
Newt,GMRES == 4,10, f^T: ....10....20....30....40....50....60....f^T: ....10....20....30....40....50....60....f^T: ....10....20....30....40....50....60....f^T: ....10....20....30....40....50....60.... res == 0.464137
Newt,GMRES == 4,11, f^T: ....10....20....30....40....50....60....f^T: ....10....20....30....40....50....60....f^T: ....10....20....30....40....50....60....f^T: ....10....20....30....40....50....60.... res == 0.464117
Newt,GMRES == 4,12, f^T: ....10....20....30....40....50....60....f^T: ....10....20....30....40....50....60....f^T: ....10....20....30....40....50....60....f^T: ....10....20....30....40....50....60.... res == 0.448844
Newt,GMRES == 4,13, f^T: ....10....20....30....40....50....60....f^T: ....10....20....30....40....50....60....f^T: ....10....20....30....40....50....60....f^T: ....10....20....30....40....50....60.... res == 0.444675
Newt,GMRES == 4,14, f^T: ....10....20....30....40....50....60....f^T: ....10....20....30....40....50....60....f^T: ....10....20....30....40....50....60....f^T: ....10....20....30....40....50....60.... res == 0.441756
Newt,GMRES == 4,15, f^T: ....10....20....30....40....50....60....f^T: ....10....20....30....40....50....60....f^T: ....10....20....30....40....50....60....f^T: ....10....20....30....40....50....60.... res == 0.436204
Newt,GMRES == 4,16, f^T: ....10....20....30....40....50....60....f^T: ....10....20....30....40....50....60....f^T: ....10....20....30....40....50....60....f^T: ....10....20....30....40....50....60.... res == 0.436035
Newt,GMRES == 4,17, f^T: ....10....20....30....40....50....60....f^T: ....10....20....30....40....50....60....f^T: ....10....20....30....40....50....60....f^T: ....10....20....30....40....50....60.... res == 0.429506
Newt,GMRES == 4,18, f^T: ....10....20....30....40....50....60....f^T: ....10....20....30....40....50....60....f^T: ....10....20....30....40....50....60....f^T: ....10....20....30....40....50....60.... res == 0.421893
Newt,GMRES == 4,19, f^T: ....10....20....30....40....50....60....f^T: ....10....20....30....40....50....60....f^T: ....10....20....30....40....50....60....f^T: ....10....20....30....40....50....60.... res == 0.416439
Newt,GMRES == 4,20, f^T: ....10....20....30....40....50....60....f^T: ....10....20....30....40....50....60....f^T: ....10....20....30....40....50....60....f^T: ....10....20....30....40....50....60.... res == 0.416036
Newt,GMRES == 4,21, f^T: ....10....20....30....40....50....60....f^T: ....10....20....30....40....50....60....f^T: ....10....20....30....40....50....60....f^T: ....10....20....30....40....50....60.... res == 0.407981
Newt,GMRES == 4,22, f^T: ....10....20....30....40....50....60....f^T: ....10....20....30....40....50....60....f^T: ....10....20....30....40....50....60....f^T: ....10....20....30....40....50....60.... res == 0.407322
Newt,GMRES == 4,23, f^T: ....10....20....30....40....50....60....f^T: ....10....20....30....40....50....60....f^T: ....10....20....30....40....50....60....f^T: ....10....20....30....40....50....60.... res == 0.405678
Newt,GMRES == 4,24, f^T: ....10....20....30....40....50....60....f^T: ....10....20....30....40....50....60....f^T: ....10....20....30....40....50....60....f^T: ....10....20....30....40....50....60.... res == 0.40383
Newt,GMRES == 4,25, f^T: ....10....20....30....40....50....60....f^T: ....10....20....30....40....50....60....f^T: ....10....20....30....40....50....60....f^T: ....10....20....30....40....50....60.... res == 0.397188
Newt,GMRES == 4,26, f^T: ....10....20....30....40....50....60....f^T: ....10....20....30....40....50....60....f^T: ....10....20....30....40....50....60....f^T: ....10....20....30....40....50....60.... res == 0.395707
Newt,GMRES == 4,27, f^T: ....10....20....30....40....50....60....f^T: ....10....20....30....40....50....60....f^T: ....10....20....30....40....50....60....f^T: ....10....20....30....40....50....60.... res == 0.391783
Newt,GMRES == 4,28, f^T: ....10....20....30....40....50....60....f^T: ....10....20....30....40....50....60....f^T: ....10....20....30....40....50....60....f^T: ....10....20....30....40....50....60.... res == 0.322077
Newt,GMRES == 4,29, f^T: ....10....20....30....40....50....60....f^T: ....10....20....30....40....50....60....f^T: ....10....20....30....40....50....60....f^T: ....10....20....30....40....50....60.... res == 0.317014
Newt,GMRES == 4,30, f^T: ....10....20....30....40....50....60....f^T: ....10....20....30....40....50....60....f^T: ....10....20....30....40....50....60....f^T: ....10....20....30....40....50....60.... res == 0.301182
Newt,GMRES == 4,31, f^T: ....10....20....30....40....50....60....f^T: ....10....20....30....40....50....60....f^T: ....10....20....30....40....50....60....f^T: ....10....20....30....40....50....60.... res == 0.300785
Newt,GMRES == 4,32, f^T: ....10....20....30....40....50....60....f^T: ....10....20....30....40....50....60....f^T: ....10....20....30....40....50....60....f^T: ....10....20....30....40....50....60.... res == 0.0866532
Newt,GMRES == 4,33, f^T: ....10....20....30....40....50....60....f^T: ....10....20....30....40....50....60....f^T: ....10....20....30....40....50....60....f^T: ....10....20....30....40....50....60.... res == 0.0735493
Newt,GMRES == 4,34, f^T: ....10....20....30....40....50....60....f^T: ....10....20....30....40....50....60....f^T: ....10....20....30....40....50....60....f^T: ....10....20....30....40....50....60.... res == 0.07337
Newt,GMRES == 4,35, f^T: ....10....20....30....40....50....60....f^T: ....10....20....30....40....50....60....f^T: ....10....20....30....40....50....60....f^T: ....10....20....30....40....50....60.... res == 0.0671968
Newt,GMRES == 4,36, f^T: ....10....20....30....40....50....60....f^T: ....10....20....30....40....50....60....f^T: ....10....20....30....40....50....60....f^T: ....10....20....30....40....50....60.... res == 0.00409345
Newt,GMRES == 4,37, f^T: ....10....20....30....40....50....60....f^T: ....10....20....30....40....50....60....f^T: ....10....20....30....40....50....60....f^T: ....10....20....30....40....50....60.... res == 0.00371769
Newt,GMRES == 4,38, f^T: ....10....20....30....40....50....60....f^T: ....10....20....30....40....50....60....f^T: ....10....20....30....40....50....60....f^T: ....10....20....30....40....50....60.... res == 0.00368179
Newt,GMRES == 4,39, f^T: ....10....20....30....40....50....60....f^T: ....10....20....30....40....50....60....f^T: ....10....20....30....40....50....60....f^T: ....10....20....30....40....50....60.... res == 0.00290702
Newt,GMRES == 4,40, f^T: ....10....20....30....40....50....60....f^T: ....10....20....30....40....50....60....f^T: ....10....20....30....40....50....60....f^T: ....10....20....30....40....50....60.... res == 0.000214091
Newt,GMRES == 4,41, f^T: ....10....20....30....40....50....60....f^T: ....10....20....30....40....50....60....f^T: ....10....20....30....40....50....60....f^T: ....10....20....30....40....50....60.... res == 0.000192715
Newt,GMRES == 4,42, f^T: ....10....20....30....40....50....60....f^T: ....10....20....30....40....50....60....f^T: ....10....20....30....40....50....60....f^T: ....10....20....30....40....50....60.... res == 0.000191521
Newt,GMRES == 4,43, f^T: ....10....20....30....40....50....60....f^T: ....10....20....30....40....50....60....f^T: ....10....20....30....40....50....60....f^T: ....10....20....30....40....50....60.... res == 0.000163017
Newt,GMRES == 4,44, f^T: ....10....20....30....40....50....60....f^T: ....10....20....30....40....50....60....f^T: ....10....20....30....40....50....60....f^T: ....10....20....30....40....50....60.... res == 3.50202e-06
GMRES converged. Breaking.
------------------------------------------------
Beginning hookstep calculations.
-------------------------------------------
Hookstep number 0
delta == 0.01
Newton step is within trust region: 
L2Norm(dxN) == 1.9567e-07 <= 0.01 == delta
Computing residual of hookstep dxH
L2Norm(dxH) == 1.9567e-07
f^T: ....10....20....30....40....50....60....f^T: ....10....20....30....40....50....60....f^T: ....10....20....30....40....50....60....f^T: ....10....20....30....40....50....60....
r(x), r(x+dxH) == 1.85305e-15, 1.47044e-17
Computing local quadratic model of residual
f^T: ....10....20....30....40....50....60....f^T: ....10....20....30....40....50....60....f^T: ....10....20....30....40....50....60....f^T: ....10....20....30....40....50....60....
Determining what to do with current Newton/hookstep and trust region
rx       ==   1.85305e-15 residual at current position
rH       ==   1.47044e-17 residual of newton/hookstep
Delta_rH ==  -1.83835e-15 actual improvement in residual from newton/hookstep

             -4.02118e-18 lower bound for acceptable improvement
             -1.83891e-16 upper bound for ok improvement.
             -1.37918e-15 upper bound for good improvement.
             -1.65502e-15 upper bound for accurate prediction.
Delta_rH ==  -1.83835e-15 ------> Accurate <------
              -2.0228e-15 lower bound for accurate prediction.
             -4.02118e-15 local linear model of improvement
lambda       == 0.921091 is the reduction/increase factor for delta suggested by quadratic model
lambda*delta == 0.00921091 is the delta suggested by quadratic model
Improvement is Accurate (some form of acceptable).
Stop adjusting trust region and take a step because
Improvement is merely Poor, Ok, or Good : 0
Newton step is within trust region      : 1
Backup step is better                   : 0
Delta has reached local limit           : 0
Take current step and leave delta unchanged, for the following reasons:
improvement            : Accurate
|newtonstep| <= delta  : true
delta >= deltaMax      : false
delta == 0.01

Taking best step and continuing Newton iteration.
L2Norm(G(x)) == 5.423e-09
rx           == 1.47044e-17
L2Norm(dxN)  == 1.9567e-07
L2Norm(dxOpt)== 1.9567e-07
========================================================
Newton iteration number 5
Current state of Newton iteration:
   fcount_newton   == 218
   fcount_optimiza == 10
   L2Norm(x)       == 0.505889
   L2Norm(dxN)     == 1.9567e-07
   L2Norm(dxOpt)   == 1.9567e-07
   L2Dist(x,x0)    == 0.629579
gx == L2Norm(G(x)) : 
   initial  gx == 0.00377419
   previous gx == 6.08778e-08
   current  gx == 5.423e-09
rx == 1/2 L2Norm2(G(x)) : 
   initial  rx == 7.12224e-06
   previous rx == 1.85305e-15
   current  rx == 1.47044e-17
         delta == 0.01
f^T: Newt,GMRES == 5,0, f^T: ....10....20....30....40....50....60....f^T: ....10....20....30....40....50....60....f^T: ....10....20....30....40....50....60....f^T: ....10....20....30....40....50....60.... res == 0.534333
Newt,GMRES == 5,1, f^T: ....10....20....30....40....50....60....f^T: ....10....20....30....40....50....60....f^T: ....10....20....30....40....50....60....f^T: ....10....20....30....40....50....60.... res == 0.525012
Newt,GMRES == 5,2, f^T: ....10....20....30....40....50....60....f^T: ....10....20....30....40....50....60....f^T: ....10....20....30....40....50....60....f^T: ....10....20....30....40....50....60.... res == 0.519395
Newt,GMRES == 5,3, f^T: ....10....20....30....40....50....60....f^T: ....10....20....30....40....50....60....f^T: ....10....20....30....40....50....60....f^T: ....10....20....30....40....50....60.... res == 0.519373
Newt,GMRES == 5,4, f^T: ....10....20....30....40....50....60....f^T: ....10....20....30....40....50....60....f^T: ....10....20....30....40....50....60....f^T: ....10....20....30....40....50....60.... res == 0.519372
Newt,GMRES == 5,5, f^T: ....10....20....30....40....50....60....f^T: ....10....20....30....40....50....60....f^T: ....10....20....30....40....50....60....f^T: ....10....20....30....40....50....60.... res == 0.512688
Newt,GMRES == 5,6, f^T: ....10....20....30....40....50....60....f^T: ....10....20....30....40....50....60....f^T: ....10....20....30....40....50....60....f^T: ....10....20....30....40....50....60.... res == 0.512688
Newt,GMRES == 5,7, f^T: ....10....20....30....40....50....60....f^T: ....10....20....30....40....50....60....f^T: ....10....20....30....40....50....60....f^T: ....10....20....30....40....50....60.... res == 0.489409
Newt,GMRES == 5,8, f^T: ....10....20....30....40....50....60....f^T: ....10....20....30....40....50....60....f^T: ....10....20....30....40....50....60....f^T: ....10....20....30....40....50....60.... res == 0.48872
Newt,GMRES == 5,9, f^T: ....10....20....30....40....50....60....f^T: ....10....20....30....40....50....60....f^T: ....10....20....30....40....50....60....f^T: ....10....20....30....40....50....60.... res == 0.482491
Newt,GMRES == 5,10, f^T: ....10....20....30....40....50....60....f^T: ....10....20....30....40....50....60....f^T: ....10....20....30....40....50....60....f^T: ....10....20....30....40....50....60.... res == 0.479921
Newt,GMRES == 5,11, f^T: ....10....20....30....40....50....60....f^T: ....10....20....30....40....50....60....f^T: ....10....20....30....40....50....60....f^T: ....10....20....30....40....50....60.... res == 0.479136
Newt,GMRES == 5,12, f^T: ....10....20....30....40....50....60....f^T: ....10....20....30....40....50....60....f^T: ....10....20....30....40....50....60....f^T: ....10....20....30....40....50....60.... res == 0.449208
Newt,GMRES == 5,13, f^T: ....10....20....30....40....50....60....f^T: ....10....20....30....40....50....60....f^T: ....10....20....30....40....50....60....f^T: ....10....20....30....40....50....60.... res == 0.448434
Newt,GMRES == 5,14, f^T: ....10....20....30....40....50....60....f^T: ....10....20....30....40....50....60....f^T: ....10....20....30....40....50....60....f^T: ....10....20....30....40....50....60.... res == 0.444443
Newt,GMRES == 5,15, f^T: ....10....20....30....40....50....60....f^T: ....10....20....30....40....50....60....f^T: ....10....20....30....40....50....60....f^T: ....10....20....30....40....50....60.... res == 0.444428
Newt,GMRES == 5,16, f^T: ....10....20....30....40....50....60....f^T: ....10....20....30....40....50....60....f^T: ....10....20....30....40....50....60....f^T: ....10....20....30....40....50....60.... res == 0.434981
Newt,GMRES == 5,17, f^T: ....10....20....30....40....50....60....f^T: ....10....20....30....40....50....60....f^T: ....10....20....30....40....50....60....f^T: ....10....20....30....40....50....60.... res == 0.427844
Newt,GMRES == 5,18, f^T: ....10....20....30....40....50....60....f^T: ....10....20....30....40....50....60....f^T: ....10....20....30....40....50....60....f^T: ....10....20....30....40....50....60.... res == 0.417903
Newt,GMRES == 5,19, f^T: ....10....20....30....40....50....60....f^T: ....10....20....30....40....50....60....f^T: ....10....20....30....40....50....60....f^T: ....10....20....30....40....50....60.... res == 0.415578
Newt,GMRES == 5,20, f^T: ....10....20....30....40....50....60....f^T: ....10....20....30....40....50....60....f^T: ....10....20....30....40....50....60....f^T: ....10....20....30....40....50....60.... res == 0.413551
Newt,GMRES == 5,21, f^T: ....10....20....30....40....50....60....f^T: ....10....20....30....40....50....60....f^T: ....10....20....30....40....50....60....f^T: ....10....20....30....40....50....60.... res == 0.404311
Newt,GMRES == 5,22, f^T: ....10....20....30....40....50....60....f^T: ....10....20....30....40....50....60....f^T: ....10....20....30....40....50....60....f^T: ....10....20....30....40....50....60.... res == 0.398216
Newt,GMRES == 5,23, f^T: ....10....20....30....40....50....60....f^T: ....10....20....30....40....50....60....f^T: ....10....20....30....40....50....60....f^T: ....10....20....30....40....50....60.... res == 0.389199
Newt,GMRES == 5,24, f^T: ....10....20....30....40....50....60....f^T: ....10....20....30....40....50....60....f^T: ....10....20....30....40....50....60....f^T: ....10....20....30....40....50....60.... res == 0.389149
Newt,GMRES == 5,25, f^T: ....10....20....30....40....50....60....f^T: ....10....20....30....40....50....60....f^T: ....10....20....30....40....50....60....f^T: ....10....20....30....40....50....60.... res == 0.380116
Newt,GMRES == 5,26, f^T: ....10....20....30....40....50....60....f^T: ....10....20....30....40....50....60....f^T: ....10....20....30....40....50....60....f^T: ....10....20....30....40....50....60.... res == 0.377223
Newt,GMRES == 5,27, f^T: ....10....20....30....40....50....60....f^T: ....10....20....30....40....50....60....f^T: ....10....20....30....40....50....60....f^T: ....10....20....30....40....50....60.... res == 0.366776
Newt,GMRES == 5,28, f^T: ....10....20....30....40....50....60....f^T: ....10....20....30....40....50....60....f^T: ....10....20....30....40....50....60....f^T: ....10....20....30....40....50....60.... res == 0.328157
Newt,GMRES == 5,29, f^T: ....10....20....30....40....50....60....f^T: ....10....20....30....40....50....60....f^T: ....10....20....30....40....50....60....f^T: ....10....20....30....40....50....60.... res == 0.317542
Newt,GMRES == 5,30, f^T: ....10....20....30....40....50....60....f^T: ....10....20....30....40....50....60....f^T: ....10....20....30....40....50....60....f^T: ....10....20....30....40....50....60.... res == 0.296264
Newt,GMRES == 5,31, f^T: ....10....20....30....40....50....60....f^T: ....10....20....30....40....50....60....f^T: ....10....20....30....40....50....60....f^T: ....10....20....30....40....50....60.... res == 0.295158
Newt,GMRES == 5,32, f^T: ....10....20....30....40....50....60....f^T: ....10....20....30....40....50....60....f^T: ....10....20....30....40....50....60....f^T: ....10....20....30....40....50....60.... res == 0.128708
Newt,GMRES == 5,33, f^T: ....10....20....30....40....50....60....f^T: ....10....20....30....40....50....60....f^T: ....10....20....30....40....50....60....f^T: ....10....20....30....40....50....60.... res == 0.098178
Newt,GMRES == 5,34, f^T: ....10....20....30....40....50....60....f^T: ....10....20....30....40....50....60....f^T: ....10....20....30....40....50....60....f^T: ....10....20....30....40....50....60.... res == 0.0980419
Newt,GMRES == 5,35, f^T: ....10....20....30....40....50....60....f^T: ....10....20....30....40....50....60....f^T: ....10....20....30....40....50....60....f^T: ....10....20....30....40....50....60.... res == 0.0826124
Newt,GMRES == 5,36, f^T: ....10....20....30....40....50....60....f^T: ....10....20....30....40....50....60....f^T: ....10....20....30....40....50....60....f^T: ....10....20....30....40....50....60.... res == 0.00458824
Newt,GMRES == 5,37, f^T: ....10....20....30....40....50....60....f^T: ....10....20....30....40....50....60....f^T: ....10....20....30....40....50....60....f^T: ....10....20....30....40....50....60.... res == 0.00458375
Newt,GMRES == 5,38, f^T: ....10....20....30....40....50....60....f^T: ....10....20....30....40....50....60....f^T: ....10....20....30....40....50....60....f^T: ....10....20....30....40....50....60.... res == 0.00450673
Newt,GMRES == 5,39, f^T: ....10....20....30....40....50....60....f^T: ....10....20....30....40....50....60....f^T: ....10....20....30....40....50....60....f^T: ....10....20....30....40....50....60.... res == 0.00448818
Newt,GMRES == 5,40, f^T: ....10....20....30....40....50....60....f^T: ....10....20....30....40....50....60....f^T: ....10....20....30....40....50....60....f^T: ....10....20....30....40....50....60.... res == 0.000189177
Newt,GMRES == 5,41, f^T: ....10....20....30....40....50....60....f^T: ....10....20....30....40....50....60....f^T: ....10....20....30....40....50....60....f^T: ....10....20....30....40....50....60.... res == 0.000188954
Newt,GMRES == 5,42, f^T: ....10....20....30....40....50....60....f^T: ....10....20....30....40....50....60....f^T: ....10....20....30....40....50....60....f^T: ....10....20....30....40....50....60.... res == 0.000175079
Newt,GMRES == 5,43, f^T: ....10....20....30....40....50....60....f^T: ....10....20....30....40....50....60....f^T: ....10....20....30....40....50....60....f^T: ....10....20....30....40....50....60.... res == 0.000173685
Newt,GMRES == 5,44, f^T: ....10....20....30....40....50....60....f^T: ....10....20....30....40....50....60....f^T: ....10....20....30....40....50....60....f^T: ....10....20....30....40....50....60.... res == 3.62825e-06
GMRES converged. Breaking.
------------------------------------------------
Beginning hookstep calculations.
-------------------------------------------
Hookstep number 0
delta == 0.01
Newton step is within trust region: 
L2Norm(dxN) == 1.41421e-08 <= 0.01 == delta
Computing residual of hookstep dxH
L2Norm(dxH) == 1.41421e-08
f^T: ....10....20....30....40....50....60....f^T: ....10....20....30....40....50....60....f^T: ....10....20....30....40....50....60....f^T: ....10....20....30....40....50....60....
r(x), r(x+dxH) == 1.47044e-17, 9.26373e-21
Computing local quadratic model of residual
f^T: ....10....20....30....40....50....60....f^T: ....10....20....30....40....50....60....f^T: ....10....20....30....40....50....60....f^T: ....10....20....30....40....50....60....
Determining what to do with current Newton/hookstep and trust region
rx       ==   1.47044e-17 residual at current position
rH       ==   9.26373e-21 residual of newton/hookstep
Delta_rH ==  -1.46952e-17 actual improvement in residual from newton/hookstep

             -2.86555e-20 lower bound for acceptable improvement
             -1.46946e-18 upper bound for ok improvement.
             -1.10209e-17 upper bound for good improvement.
             -1.32251e-17 upper bound for accurate prediction.
Delta_rH ==  -1.46952e-17 ------> Accurate <------
              -1.6164e-17 lower bound for accurate prediction.
             -2.86555e-17 local linear model of improvement
lambda       == 1.02632 is the reduction/increase factor for delta suggested by quadratic model
lambda*delta == 0.0102632 is the delta suggested by quadratic model
Improvement is Accurate (some form of acceptable).
Stop adjusting trust region and take a step because
Improvement is merely Poor, Ok, or Good : 0
Newton step is within trust region      : 1
Backup step is better                   : 0
Delta has reached local limit           : 0
Take current step and leave delta unchanged, for the following reasons:
improvement            : Accurate
|newtonstep| <= delta  : true
delta >= deltaMax      : false
delta == 0.01

Taking best step and continuing Newton iteration.
L2Norm(G(x)) == 1.36116e-10
rx           == 9.26373e-21
L2Norm(dxN)  == 1.41421e-08
L2Norm(dxOpt)== 1.41421e-08
========================================================
Newton iteration number 6
Current state of Newton iteration:
   fcount_newton   == 263
   fcount_optimiza == 12
   L2Norm(x)       == 0.505889
   L2Norm(dxN)     == 1.41421e-08
   L2Norm(dxOpt)   == 1.41421e-08
   L2Dist(x,x0)    == 0.629584
gx == L2Norm(G(x)) : 
   initial  gx == 0.00377419
   previous gx == 5.423e-09
   current  gx == 1.36116e-10
rx == 1/2 L2Norm2(G(x)) : 
   initial  rx == 7.12224e-06
   previous rx == 1.47044e-17
   current  rx == 9.26373e-21
         delta == 0.01
f^T: Newt,GMRES == 6,0, f^T: ....10....20....30....40....50....60....f^T: ....10....20....30....40....50....60....f^T: ....10....20....30....40....50....60....f^T: ....10....20....30....40....50....60.... res == 0.539317
Newt,GMRES == 6,1, f^T: ....10....20....30....40....50....60....f^T: ....10....20....30....40....50....60....f^T: ....10....20....30....40....50....60....f^T: ....10....20....30....40....50....60.... res == 0.537242
Newt,GMRES == 6,2, f^T: ....10....20....30....40....50....60....f^T: ....10....20....30....40....50....60....f^T: ....10....20....30....40....50....60....f^T: ....10....20....30....40....50....60.... res == 0.535387
Newt,GMRES == 6,3, f^T: ....10....20....30....40....50....60....f^T: ....10....20....30....40....50....60....f^T: ....10....20....30....40....50....60....f^T: ....10....20....30....40....50....60.... res == 0.522875
Newt,GMRES == 6,4, f^T: ....10....20....30....40....50....60....f^T: ....10....20....30....40....50....60....f^T: ....10....20....30....40....50....60....f^T: ....10....20....30....40....50....60.... res == 0.520983
Newt,GMRES == 6,5, f^T: ....10....20....30....40....50....60....f^T: ....10....20....30....40....50....60....f^T: ....10....20....30....40....50....60....f^T: ....10....20....30....40....50....60.... res == 0.513868
Newt,GMRES == 6,6, f^T: ....10....20....30....40....50....60....f^T: ....10....20....30....40....50....60....f^T: ....10....20....30....40....50....60....f^T: ....10....20....30....40....50....60.... res == 0.513781
Newt,GMRES == 6,7, f^T: ....10....20....30....40....50....60....f^T: ....10....20....30....40....50....60....f^T: ....10....20....30....40....50....60....f^T: ....10....20....30....40....50....60.... res == 0.480174
Newt,GMRES == 6,8, f^T: ....10....20....30....40....50....60....f^T: ....10....20....30....40....50....60....f^T: ....10....20....30....40....50....60....f^T: ....10....20....30....40....50....60.... res == 0.480127
Newt,GMRES == 6,9, f^T: ....10....20....30....40....50....60....f^T: ....10....20....30....40....50....60....f^T: ....10....20....30....40....50....60....f^T: ....10....20....30....40....50....60.... res == 0.465629
Newt,GMRES == 6,10, f^T: ....10....20....30....40....50....60....f^T: ....10....20....30....40....50....60....f^T: ....10....20....30....40....50....60....f^T: ....10....20....30....40....50....60.... res == 0.465509
Newt,GMRES == 6,11, f^T: ....10....20....30....40....50....60....f^T: ....10....20....30....40....50....60....f^T: ....10....20....30....40....50....60....f^T: ....10....20....30....40....50....60.... res == 0.462092
Newt,GMRES == 6,12, f^T: ....10....20....30....40....50....60....f^T: ....10....20....30....40....50....60....f^T: ....10....20....30....40....50....60....f^T: ....10....20....30....40....50....60.... res == 0.439239
Newt,GMRES == 6,13, f^T: ....10....20....30....40....50....60....f^T: ....10....20....30....40....50....60....f^T: ....10....20....30....40....50....60....f^T: ....10....20....30....40....50....60.... res == 0.439081
Newt,GMRES == 6,14, f^T: ....10....20....30....40....50....60....f^T: ....10....20....30....40....50....60....f^T: ....10....20....30....40....50....60....f^T: ....10....20....30....40....50....60.... res == 0.432962
Newt,GMRES == 6,15, f^T: ....10....20....30....40....50....60....f^T: ....10....20....30....40....50....60....f^T: ....10....20....30....40....50....60....f^T: ....10....20....30....40....50....60.... res == 0.432641
Newt,GMRES == 6,16, f^T: ....10....20....30....40....50....60....f^T: ....10....20....30....40....50....60....f^T: ....10....20....30....40....50....60....f^T: ....10....20....30....40....50....60.... res == 0.418836
Newt,GMRES == 6,17, f^T: ....10....20....30....40....50....60....f^T: ....10....20....30....40....50....60....f^T: ....10....20....30....40....50....60....f^T: ....10....20....30....40....50....60.... res == 0.406154
Newt,GMRES == 6,18, f^T: ....10....20....30....40....50....60....f^T: ....10....20....30....40....50....60....f^T: ....10....20....30....40....50....60....f^T: ....10....20....30....40....50....60.... res == 0.399227
Newt,GMRES == 6,19, f^T: ....10....20....30....40....50....60....f^T: ....10....20....30....40....50....60....f^T: ....10....20....30....40....50....60....f^T: ....10....20....30....40....50....60.... res == 0.399198
Newt,GMRES == 6,20, f^T: ....10....20....30....40....50....60....f^T: ....10....20....30....40....50....60....f^T: ....10....20....30....40....50....60....f^T: ....10....20....30....40....50....60.... res == 0.386296
Newt,GMRES == 6,21, f^T: ....10....20....30....40....50....60....f^T: ....10....20....30....40....50....60....f^T: ....10....20....30....40....50....60....f^T: ....10....20....30....40....50....60.... res == 0.380453
Newt,GMRES == 6,22, f^T: ....10....20....30....40....50....60....f^T: ....10....20....30....40....50....60....f^T: ....10....20....30....40....50....60....f^T: ....10....20....30....40....50....60.... res == 0.368708
Newt,GMRES == 6,23, f^T: ....10....20....30....40....50....60....f^T: ....10....20....30....40....50....60....f^T: ....10....20....30....40....50....60....f^T: ....10....20....30....40....50....60.... res == 0.357004
Newt,GMRES == 6,24, f^T: ....10....20....30....40....50....60....f^T: ....10....20....30....40....50....60....f^T: ....10....20....30....40....50....60....f^T: ....10....20....30....40....50....60.... res == 0.355333
Newt,GMRES == 6,25, f^T: ....10....20....30....40....50....60....f^T: ....10....20....30....40....50....60....f^T: ....10....20....30....40....50....60....f^T: ....10....20....30....40....50....60.... res == 0.351532
Newt,GMRES == 6,26, f^T: ....10....20....30....40....50....60....f^T: ....10....20....30....40....50....60....f^T: ....10....20....30....40....50....60....f^T: ....10....20....30....40....50....60.... res == 0.345389
Newt,GMRES == 6,27, f^T: ....10....20....30....40....50....60....f^T: ....10....20....30....40....50....60....f^T: ....10....20....30....40....50....60....f^T: ....10....20....30....40....50....60.... res == 0.340618
Newt,GMRES == 6,28, f^T: ....10....20....30....40....50....60....f^T: ....10....20....30....40....50....60....f^T: ....10....20....30....40....50....60....f^T: ....10....20....30....40....50....60.... res == 0.32137
Newt,GMRES == 6,29, f^T: ....10....20....30....40....50....60....f^T: ....10....20....30....40....50....60....f^T: ....10....20....30....40....50....60....f^T: ....10....20....30....40....50....60.... res == 0.302336
Newt,GMRES == 6,30, f^T: ....10....20....30....40....50....60....f^T: ....10....20....30....40....50....60....f^T: ....10....20....30....40....50....60....f^T: ....10....20....30....40....50....60.... res == 0.282351
Newt,GMRES == 6,31, f^T: ....10....20....30....40....50....60....f^T: ....10....20....30....40....50....60....f^T: ....10....20....30....40....50....60....f^T: ....10....20....30....40....50....60.... res == 0.280283
Newt,GMRES == 6,32, f^T: ....10....20....30....40....50....60....f^T: ....10....20....30....40....50....60....f^T: ....10....20....30....40....50....60....f^T: ....10....20....30....40....50....60.... res == 0.140314
Newt,GMRES == 6,33, f^T: ....10....20....30....40....50....60....f^T: ....10....20....30....40....50....60....f^T: ....10....20....30....40....50....60....f^T: ....10....20....30....40....50....60.... res == 0.106542
Newt,GMRES == 6,34, f^T: ....10....20....30....40....50....60....f^T: ....10....20....30....40....50....60....f^T: ....10....20....30....40....50....60....f^T: ....10....20....30....40....50....60.... res == 0.106336
Newt,GMRES == 6,35, f^T: ....10....20....30....40....50....60....f^T: ....10....20....30....40....50....60....f^T: ....10....20....30....40....50....60....f^T: ....10....20....30....40....50....60.... res == 0.0841796
Newt,GMRES == 6,36, f^T: ....10....20....30....40....50....60....f^T: ....10....20....30....40....50....60....f^T: ....10....20....30....40....50....60....f^T: ....10....20....30....40....50....60.... res == 0.00543941
Newt,GMRES == 6,37, f^T: ....10....20....30....40....50....60....f^T: ....10....20....30....40....50....60....f^T: ....10....20....30....40....50....60....f^T: ....10....20....30....40....50....60.... res == 0.00537952
Newt,GMRES == 6,38, f^T: ....10....20....30....40....50....60....f^T: ....10....20....30....40....50....60....f^T: ....10....20....30....40....50....60....f^T: ....10....20....30....40....50....60.... res == 0.00533062
Newt,GMRES == 6,39, f^T: ....10....20....30....40....50....60....f^T: ....10....20....30....40....50....60....f^T: ....10....20....30....40....50....60....f^T: ....10....20....30....40....50....60.... res == 0.00519409
Newt,GMRES == 6,40, f^T: ....10....20....30....40....50....60....f^T: ....10....20....30....40....50....60....f^T: ....10....20....30....40....50....60....f^T: ....10....20....30....40....50....60.... res == 0.000180054
Newt,GMRES == 6,41, f^T: ....10....20....30....40....50....60....f^T: ....10....20....30....40....50....60....f^T: ....10....20....30....40....50....60....f^T: ....10....20....30....40....50....60.... res == 0.000178692
Newt,GMRES == 6,42, f^T: ....10....20....30....40....50....60....f^T: ....10....20....30....40....50....60....f^T: ....10....20....30....40....50....60....f^T: ....10....20....30....40....50....60.... res == 0.000146679
Newt,GMRES == 6,43, f^T: ....10....20....30....40....50....60....f^T: ....10....20....30....40....50....60....f^T: ....10....20....30....40....50....60....f^T: ....10....20....30....40....50....60.... res == 0.000132386
Newt,GMRES == 6,44, f^T: ....10....20....30....40....50....60....f^T: ....10....20....30....40....50....60....f^T: ....10....20....30....40....50....60....f^T: ....10....20....30....40....50....60.... res == 3.78461e-06
GMRES converged. Breaking.
------------------------------------------------
Beginning hookstep calculations.
-------------------------------------------
Hookstep number 0
delta == 0.01
Newton step is within trust region: 
L2Norm(dxN) == 3.48368e-10 <= 0.01 == delta
Computing residual of hookstep dxH
L2Norm(dxH) == 3.48368e-10
f^T: ....10....20....30....40....50....60....f^T: ....10....20....30....40....50....60....f^T: ....10....20....30....40....50....60....f^T: ....10....20....30....40....50....60....
r(x), r(x+dxH) == 9.26373e-21, 1.56092e-25
Computing local quadratic model of residual
f^T: ....10....20....30....40....50....60....f^T: ....10....20....30....40....50....60....f^T: ....10....20....30....40....50....60....f^T: ....10....20....30....40....50....60....
Determining what to do with current Newton/hookstep and trust region
rx       ==   9.26373e-21 residual at current position
rH       ==   1.56092e-25 residual of newton/hookstep
Delta_rH ==  -9.26358e-21 actual improvement in residual from newton/hookstep

             -1.85316e-23 lower bound for acceptable improvement
             -9.26358e-22 upper bound for ok improvement.
             -6.94768e-21 upper bound for good improvement.
             -8.33722e-21 upper bound for accurate prediction.
Delta_rH ==  -9.26358e-21 ------> Accurate <------
             -1.01899e-20 lower bound for accurate prediction.
             -1.85316e-20 local linear model of improvement
lambda       == 0.999759 is the reduction/increase factor for delta suggested by quadratic model
lambda*delta == 0.00999759 is the delta suggested by quadratic model
Improvement is Accurate (some form of acceptable).
Stop adjusting trust region and take a step because
Improvement is merely Poor, Ok, or Good : 0
Newton step is within trust region      : 1
Backup step is better                   : 0
Delta has reached local limit           : 0
Take current step and leave delta unchanged, for the following reasons:
improvement            : Accurate
|newtonstep| <= delta  : true
delta >= deltaMax      : false
delta == 0.01

Taking best step and continuing Newton iteration.
L2Norm(G(x)) == 5.58733e-13
rx           == 1.56092e-25
L2Norm(dxN)  == 3.48368e-10
L2Norm(dxOpt)== 3.48368e-10
========================================================
Newton iteration number 7
Current state of Newton iteration:
   fcount_newton   == 308
   fcount_optimiza == 14
   L2Norm(x)       == 0.505889
   L2Norm(dxN)     == 3.48368e-10
   L2Norm(dxOpt)   == 3.48368e-10
   L2Dist(x,x0)    == 0.629584
gx == L2Norm(G(x)) : 
   initial  gx == 0.00377419
   previous gx == 1.36116e-10
   current  gx == 5.58733e-13
rx == 1/2 L2Norm2(G(x)) : 
   initial  rx == 7.12224e-06
   previous rx == 9.26373e-21
   current  rx == 1.56092e-25
         delta == 0.01
f^T: Newt,GMRES == 7,0, f^T: ....10....20....30....40....50....60....f^T: ....10....20....30....40....50....60....f^T: ....10....20....30....40....50....60....f^T: ....10....20....30....40....50....60.... res == 0.995517
Newt,GMRES == 7,1, f^T: ....10....20....30....40....50....60....f^T: ....10....20....30....40....50....60....f^T: ....10....20....30....40....50....60....f^T: ....10....20....30....40....50....60.... res == 0.969032
Newt,GMRES == 7,2, f^T: ....10....20....30....40....50....60....f^T: ....10....20....30....40....50....60....f^T: ....10....20....30....40....50....60....f^T: ....10....20....30....40....50....60.... res == 0.964976
Newt,GMRES == 7,3, f^T: ....10....20....30....40....50....60....f^T: ....10....20....30....40....50....60....f^T: ....10....20....30....40....50....60....f^T: ....10....20....30....40....50....60.... res == 0.780718
Newt,GMRES == 7,4, f^T: ....10....20....30....40....50....60....f^T: ....10....20....30....40....50....60....f^T: ....10....20....30....40....50....60....f^T: ....10....20....30....40....50....60.... res == 0.774036
Newt,GMRES == 7,5, f^T: ....10....20....30....40....50....60....f^T: ....10....20....30....40....50....60....f^T: ....10....20....30....40....50....60....f^T: ....10....20....30....40....50....60.... res == 0.742293
Newt,GMRES == 7,6, f^T: ....10....20....30....40....50....60....f^T: ....10....20....30....40....50....60....f^T: ....10....20....30....40....50....60....f^T: ....10....20....30....40....50....60.... res == 0.742286
Newt,GMRES == 7,7, f^T: ....10....20....30....40....50....60....f^T: ....10....20....30....40....50....60....f^T: ....10....20....30....40....50....60....f^T: ....10....20....30....40....50....60.... res == 0.735276
Newt,GMRES == 7,8, f^T: ....10....20....30....40....50....60....f^T: ....10....20....30....40....50....60....f^T: ....10....20....30....40....50....60....f^T: ....10....20....30....40....50....60.... res == 0.732672
Newt,GMRES == 7,9, f^T: ....10....20....30....40....50....60....f^T: ....10....20....30....40....50....60....f^T: ....10....20....30....40....50....60....f^T: ....10....20....30....40....50....60.... res == 0.726706
Newt,GMRES == 7,10, f^T: ....10....20....30....40....50....60....f^T: ....10....20....30....40....50....60....f^T: ....10....20....30....40....50....60....f^T: ....10....20....30....40....50....60.... res == 0.640532
Newt,GMRES == 7,11, f^T: ....10....20....30....40....50....60....f^T: ....10....20....30....40....50....60....f^T: ....10....20....30....40....50....60....f^T: ....10....20....30....40....50....60.... res == 0.629387
Newt,GMRES == 7,12, f^T: ....10....20....30....40....50....60....f^T: ....10....20....30....40....50....60....f^T: ....10....20....30....40....50....60....f^T: ....10....20....30....40....50....60.... res == 0.624578
Newt,GMRES == 7,13, f^T: ....10....20....30....40....50....60....f^T: ....10....20....30....40....50....60....f^T: ....10....20....30....40....50....60....f^T: ....10....20....30....40....50....60.... res == 0.550265
Newt,GMRES == 7,14, f^T: ....10....20....30....40....50....60....f^T: ....10....20....30....40....50....60....f^T: ....10....20....30....40....50....60....f^T: ....10....20....30....40....50....60.... res == 0.486995
Newt,GMRES == 7,15, f^T: ....10....20....30....40....50....60....f^T: ....10....20....30....40....50....60....f^T: ....10....20....30....40....50....60....f^T: ....10....20....30....40....50....60.... res == 0.467041
Newt,GMRES == 7,16, f^T: ....10....20....30....40....50....60....f^T: ....10....20....30....40....50....60....f^T: ....10....20....30....40....50....60....f^T: ....10....20....30....40....50....60.... res == 0.467002
Newt,GMRES == 7,17, f^T: ....10....20....30....40....50....60....f^T: ....10....20....30....40....50....60....f^T: ....10....20....30....40....50....60....f^T: ....10....20....30....40....50....60.... res == 0.341675
Newt,GMRES == 7,18, f^T: ....10....20....30....40....50....60....f^T: ....10....20....30....40....50....60....f^T: ....10....20....30....40....50....60....f^T: ....10....20....30....40....50....60.... res == 0.329212
Newt,GMRES == 7,19, f^T: ....10....20....30....40....50....60....f^T: ....10....20....30....40....50....60....f^T: ....10....20....30....40....50....60....f^T: ....10....20....30....40....50....60.... res == 0.32814
Newt,GMRES == 7,20, f^T: ....10....20....30....40....50....60....f^T: ....10....20....30....40....50....60....f^T: ....10....20....30....40....50....60....f^T: ....10....20....30....40....50....60.... res == 0.327484
Newt,GMRES == 7,21, f^T: ....10....20....30....40....50....60....f^T: ....10....20....30....40....50....60....f^T: ....10....20....30....40....50....60....f^T: ....10....20....30....40....50....60.... res == 0.323072
Newt,GMRES == 7,22, f^T: ....10....20....30....40....50....60....f^T: ....10....20....30....40....50....60....f^T: ....10....20....30....40....50....60....f^T: ....10....20....30....40....50....60.... res == 0.320005
Newt,GMRES == 7,23, f^T: ....10....20....30....40....50....60....f^T: ....10....20....30....40....50....60....f^T: ....10....20....30....40....50....60....f^T: ....10....20....30....40....50....60.... res == 0.314154
Newt,GMRES == 7,24, f^T: ....10....20....30....40....50....60....f^T: ....10....20....30....40....50....60....f^T: ....10....20....30....40....50....60....f^T: ....10....20....30....40....50....60.... res == 0.31411
Newt,GMRES == 7,25, f^T: ....10....20....30....40....50....60....f^T: ....10....20....30....40....50....60....f^T: ....10....20....30....40....50....60....f^T: ....10....20....30....40....50....60.... res == 0.278195
Newt,GMRES == 7,26, f^T: ....10....20....30....40....50....60....f^T: ....10....20....30....40....50....60....f^T: ....10....20....30....40....50....60....f^T: ....10....20....30....40....50....60.... res == 0.278187
Newt,GMRES == 7,27, f^T: ....10....20....30....40....50....60....f^T: ....10....20....30....40....50....60....f^T: ....10....20....30....40....50....60....f^T: ....10....20....30....40....50....60.... res == 0.260009
Newt,GMRES == 7,28, f^T: ....10....20....30....40....50....60....f^T: ....10....20....30....40....50....60....f^T: ....10....20....30....40....50....60....f^T: ....10....20....30....40....50....60.... res == 0.260004
Newt,GMRES == 7,29, f^T: ....10....20....30....40....50....60....f^T: ....10....20....30....40....50....60....f^T: ....10....20....30....40....50....60....f^T: ....10....20....30....40....50....60.... res == 0.259474
Newt,GMRES == 7,30, f^T: ....10....20....30....40....50....60....f^T: ....10....20....30....40....50....60....f^T: ....10....20....30....40....50....60....f^T: ....10....20....30....40....50....60.... res == 0.256944
Newt,GMRES == 7,31, f^T: ....10....20....30....40....50....60....f^T: ....10....20....30....40....50....60....f^T: ....10....20....30....40....50....60....f^T: ....10....20....30....40....50....60.... res == 0.253267
Newt,GMRES == 7,32, f^T: ....10....20....30....40....50....60....f^T: ....10....20....30....40....50....60....f^T: ....10....20....30....40....50....60....f^T: ....10....20....30....40....50....60.... res == 0.151669
Newt,GMRES == 7,33, f^T: ....10....20....30....40....50....60....f^T: ....10....20....30....40....50....60....f^T: ....10....20....30....40....50....60....f^T: ....10....20....30....40....50....60.... res == 0.123942
Newt,GMRES == 7,34, f^T: ....10....20....30....40....50....60....f^T: ....10....20....30....40....50....60....f^T: ....10....20....30....40....50....60....f^T: ....10....20....30....40....50....60.... res == 0.112716
Newt,GMRES == 7,35, f^T: ....10....20....30....40....50....60....f^T: ....10....20....30....40....50....60....f^T: ....10....20....30....40....50....60....f^T: ....10....20....30....40....50....60.... res == 0.111401
Newt,GMRES == 7,36, f^T: ....10....20....30....40....50....60....f^T: ....10....20....30....40....50....60....f^T: ....10....20....30....40....50....60....f^T: ....10....20....30....40....50....60.... res == 0.0144519
Newt,GMRES == 7,37, f^T: ....10....20....30....40....50....60....f^T: ....10....20....30....40....50....60....f^T: ....10....20....30....40....50....60....f^T: ....10....20....30....40....50....60.... res == 0.00828631
Newt,GMRES == 7,38, f^T: ....10....20....30....40....50....60....f^T: ....10....20....30....40....50....60....f^T: ....10....20....30....40....50....60....f^T: ....10....20....30....40....50....60.... res == 0.00827842
Newt,GMRES == 7,39, f^T: ....10....20....30....40....50....60....f^T: ....10....20....30....40....50....60....f^T: ....10....20....30....40....50....60....f^T: ....10....20....30....40....50....60.... res == 0.00247005
Newt,GMRES == 7,40, f^T: ....10....20....30....40....50....60....f^T: ....10....20....30....40....50....60....f^T: ....10....20....30....40....50....60....f^T: ....10....20....30....40....50....60.... res == 0.000450137
Newt,GMRES == 7,41, f^T: ....10....20....30....40....50....60....f^T: ....10....20....30....40....50....60....f^T: ....10....20....30....40....50....60....f^T: ....10....20....30....40....50....60.... res == 0.000436911
Newt,GMRES == 7,42, f^T: ....10....20....30....40....50....60....f^T: ....10....20....30....40....50....60....f^T: ....10....20....30....40....50....60....f^T: ....10....20....30....40....50....60.... res == 0.000361732
Newt,GMRES == 7,43, f^T: ....10....20....30....40....50....60....f^T: ....10....20....30....40....50....60....f^T: ....10....20....30....40....50....60....f^T: ....10....20....30....40....50....60.... res == 0.000117417
Newt,GMRES == 7,44, f^T: ....10....20....30....40....50....60....f^T: ....10....20....30....40....50....60....f^T: ....10....20....30....40....50....60....f^T: ....10....20....30....40....50....60.... res == 6.30689e-06
GMRES converged. Breaking.
------------------------------------------------
Beginning hookstep calculations.
-------------------------------------------
Hookstep number 0
delta == 0.01
Newton step is within trust region: 
L2Norm(dxN) == 1.31193e-12 <= 0.01 == delta
Computing residual of hookstep dxH
L2Norm(dxH) == 1.31193e-12
f^T: ....10....20....30....40....50....60....f^T: ....10....20....30....40....50....60....f^T: ....10....20....30....40....50....60....f^T: ....10....20....30....40....50....60....
r(x), r(x+dxH) == 1.56092e-25, 1.00118e-26
Computing local quadratic model of residual
f^T: ....10....20....30....40....50....60....f^T: ....10....20....30....40....50....60....f^T: ....10....20....30....40....50....60....f^T: ....10....20....30....40....50....60....
Determining what to do with current Newton/hookstep and trust region
rx       ==   1.56092e-25 residual at current position
rH       ==   1.00118e-26 residual of newton/hookstep
Delta_rH ==   -1.4608e-25 actual improvement in residual from newton/hookstep

              -3.2078e-28 lower bound for acceptable improvement
              -1.4608e-26 upper bound for ok improvement.
              -1.0956e-25 upper bound for good improvement.
             -1.31472e-25 upper bound for accurate prediction.
Delta_rH ==   -1.4608e-25 ------> Accurate <------
             -1.60688e-25 lower bound for accurate prediction.
              -3.2078e-25 local linear model of improvement
lambda       == 0.918087 is the reduction/increase factor for delta suggested by quadratic model
lambda*delta == 0.00918087 is the delta suggested by quadratic model
Improvement is Accurate (some form of acceptable).
Stop adjusting trust region and take a step because
Improvement is merely Poor, Ok, or Good : 0
Newton step is within trust region      : 1
Backup step is better                   : 0
Delta has reached local limit           : 0
Take current step and leave delta unchanged, for the following reasons:
improvement            : Accurate
|newtonstep| <= delta  : true
delta >= deltaMax      : false
delta == 0.01

Taking best step and continuing Newton iteration.
L2Norm(G(x)) == 1.41504e-13
rx           == 1.00118e-26
L2Norm(dxN)  == 1.31193e-12
L2Norm(dxOpt)== 1.31193e-12
========================================================
Newton iteration number 8
Current state of Newton iteration:
   fcount_newton   == 353
   fcount_optimiza == 16
   L2Norm(x)       == 0.505889
   L2Norm(dxN)     == 1.31193e-12
   L2Norm(dxOpt)   == 1.31193e-12
   L2Dist(x,x0)    == 0.629584
gx == L2Norm(G(x)) : 
   initial  gx == 0.00377419
   previous gx == 5.58733e-13
   current  gx == 1.41504e-13
rx == 1/2 L2Norm2(G(x)) : 
   initial  rx == 7.12224e-06
   previous rx == 1.56092e-25
   current  rx == 1.00118e-26
         delta == 0.01
f^T: Newt,GMRES == 8,0, f^T: ....10....20....30....40....50....60....f^T: ....10....20....30....40....50....60....f^T: ....10....20....30....40....50....60....f^T: ....10....20....30....40....50....60.... res == 0.69237
Newt,GMRES == 8,1, f^T: ....10....20....30....40....50....60....f^T: ....10....20....30....40....50....60....f^T: ....10....20....30....40....50....60....f^T: ....10....20....30....40....50....60.... res == 0.421085
Newt,GMRES == 8,2, f^T: ....10....20....30....40....50....60....f^T: ....10....20....30....40....50....60....f^T: ....10....20....30....40....50....60....f^T: ....10....20....30....40....50....60.... res == 0.419644
Newt,GMRES == 8,3, f^T: ....10....20....30....40....50....60....f^T: ....10....20....30....40....50....60....f^T: ....10....20....30....40....50....60....f^T: ....10....20....30....40....50....60.... res == 0.285996
Newt,GMRES == 8,4, f^T: ....10....20....30....40....50....60....f^T: ....10....20....30....40....50....60....f^T: ....10....20....30....40....50....60....f^T: ....10....20....30....40....50....60.... res == 0.278502
Newt,GMRES == 8,5, f^T: ....10....20....30....40....50....60....f^T: ....10....20....30....40....50....60....f^T: ....10....20....30....40....50....60....f^T: ....10....20....30....40....50....60.... res == 0.278457
Newt,GMRES == 8,6, f^T: ....10....20....30....40....50....60....f^T: ....10....20....30....40....50....60....f^T: ....10....20....30....40....50....60....f^T: ....10....20....30....40....50....60.... res == 0.277046
Newt,GMRES == 8,7, f^T: ....10....20....30....40....50....60....f^T: ....10....20....30....40....50....60....f^T: ....10....20....30....40....50....60....f^T: ....10....20....30....40....50....60.... res == 0.260163
Newt,GMRES == 8,8, f^T: ....10....20....30....40....50....60....f^T: ....10....20....30....40....50....60....f^T: ....10....20....30....40....50....60....f^T: ....10....20....30....40....50....60.... res == 0.259044
Newt,GMRES == 8,9, f^T: ....10....20....30....40....50....60....f^T: ....10....20....30....40....50....60....f^T: ....10....20....30....40....50....60....f^T: ....10....20....30....40....50....60.... res == 0.253874
Newt,GMRES == 8,10, f^T: ....10....20....30....40....50....60....f^T: ....10....20....30....40....50....60....f^T: ....10....20....30....40....50....60....f^T: ....10....20....30....40....50....60.... res == 0.250224
Newt,GMRES == 8,11, f^T: ....10....20....30....40....50....60....f^T: ....10....20....30....40....50....60....f^T: ....10....20....30....40....50....60....f^T: ....10....20....30....40....50....60.... res == 0.246477
Newt,GMRES == 8,12, f^T: ....10....20....30....40....50....60....f^T: ....10....20....30....40....50....60....f^T: ....10....20....30....40....50....60....f^T: ....10....20....30....40....50....60.... res == 0.234795
Newt,GMRES == 8,13, f^T: ....10....20....30....40....50....60....f^T: ....10....20....30....40....50....60....f^T: ....10....20....30....40....50....60....f^T: ....10....20....30....40....50....60.... res == 0.219007
Newt,GMRES == 8,14, f^T: ....10....20....30....40....50....60....f^T: ....10....20....30....40....50....60....f^T: ....10....20....30....40....50....60....f^T: ....10....20....30....40....50....60.... res == 0.207118
Newt,GMRES == 8,15, f^T: ....10....20....30....40....50....60....f^T: ....10....20....30....40....50....60....f^T: ....10....20....30....40....50....60....f^T: ....10....20....30....40....50....60.... res == 0.203902
Newt,GMRES == 8,16, f^T: ....10....20....30....40....50....60....f^T: ....10....20....30....40....50....60....f^T: ....10....20....30....40....50....60....f^T: ....10....20....30....40....50....60.... res == 0.200676
Newt,GMRES == 8,17, f^T: ....10....20....30....40....50....60....f^T: ....10....20....30....40....50....60....f^T: ....10....20....30....40....50....60....f^T: ....10....20....30....40....50....60.... res == 0.174017
Newt,GMRES == 8,18, f^T: ....10....20....30....40....50....60....f^T: ....10....20....30....40....50....60....f^T: ....10....20....30....40....50....60....f^T: ....10....20....30....40....50....60.... res == 0.172907
Newt,GMRES == 8,19, f^T: ....10....20....30....40....50....60....f^T: ....10....20....30....40....50....60....f^T: ....10....20....30....40....50....60....f^T: ....10....20....30....40....50....60.... res == 0.156468
Newt,GMRES == 8,20, f^T: ....10....20....30....40....50....60....f^T: ....10....20....30....40....50....60....f^T: ....10....20....30....40....50....60....f^T: ....10....20....30....40....50....60.... res == 0.155891
Newt,GMRES == 8,21, f^T: ....10....20....30....40....50....60....f^T: ....10....20....30....40....50....60....f^T: ....10....20....30....40....50....60....f^T: ....10....20....30....40....50....60.... res == 0.155718
Newt,GMRES == 8,22, f^T: ....10....20....30....40....50....60....f^T: ....10....20....30....40....50....60....f^T: ....10....20....30....40....50....60....f^T: ....10....20....30....40....50....60.... res == 0.154567
Newt,GMRES == 8,23, f^T: ....10....20....30....40....50....60....f^T: ....10....20....30....40....50....60....f^T: ....10....20....30....40....50....60....f^T: ....10....20....30....40....50....60.... res == 0.154552
Newt,GMRES == 8,24, f^T: ....10....20....30....40....50....60....f^T: ....10....20....30....40....50....60....f^T: ....10....20....30....40....50....60....f^T: ....10....20....30....40....50....60.... res == 0.148121
Newt,GMRES == 8,25, f^T: ....10....20....30....40....50....60....f^T: ....10....20....30....40....50....60....f^T: ....10....20....30....40....50....60....f^T: ....10....20....30....40....50....60.... res == 0.146688
Newt,GMRES == 8,26, f^T: ....10....20....30....40....50....60....f^T: ....10....20....30....40....50....60....f^T: ....10....20....30....40....50....60....f^T: ....10....20....30....40....50....60.... res == 0.133507
Newt,GMRES == 8,27, f^T: ....10....20....30....40....50....60....f^T: ....10....20....30....40....50....60....f^T: ....10....20....30....40....50....60....f^T: ....10....20....30....40....50....60.... res == 0.133506
Newt,GMRES == 8,28, f^T: ....10....20....30....40....50....60....f^T: ....10....20....30....40....50....60....f^T: ....10....20....30....40....50....60....f^T: ....10....20....30....40....50....60.... res == 0.13332
Newt,GMRES == 8,29, f^T: ....10....20....30....40....50....60....f^T: ....10....20....30....40....50....60....f^T: ....10....20....30....40....50....60....f^T: ....10....20....30....40....50....60.... res == 0.131259
Newt,GMRES == 8,30, f^T: ....10....20....30....40....50....60....f^T: ....10....20....30....40....50....60....f^T: ....10....20....30....40....50....60....f^T: ....10....20....30....40....50....60.... res == 0.123961
Newt,GMRES == 8,31, f^T: ....10....20....30....40....50....60....f^T: ....10....20....30....40....50....60....f^T: ....10....20....30....40....50....60....f^T: ....10....20....30....40....50....60.... res == 0.122649
Newt,GMRES == 8,32, f^T: ....10....20....30....40....50....60....f^T: ....10....20....30....40....50....60....f^T: ....10....20....30....40....50....60....f^T: ....10....20....30....40....50....60.... res == 0.0757036
Newt,GMRES == 8,33, f^T: ....10....20....30....40....50....60....f^T: ....10....20....30....40....50....60....f^T: ....10....20....30....40....50....60....f^T: ....10....20....30....40....50....60.... res == 0.0617214
Newt,GMRES == 8,34, f^T: ....10....20....30....40....50....60....f^T: ....10....20....30....40....50....60....f^T: ....10....20....30....40....50....60....f^T: ....10....20....30....40....50....60.... res == 0.0604009
Newt,GMRES == 8,35, f^T: ....10....20....30....40....50....60....f^T: ....10....20....30....40....50....60....f^T: ....10....20....30....40....50....60....f^T: ....10....20....30....40....50....60.... res == 0.0579713
Newt,GMRES == 8,36, f^T: ....10....20....30....40....50....60....f^T: ....10....20....30....40....50....60....f^T: ....10....20....30....40....50....60....f^T: ....10....20....30....40....50....60.... res == 0.00395768
Newt,GMRES == 8,37, f^T: ....10....20....30....40....50....60....f^T: ....10....20....30....40....50....60....f^T: ....10....20....30....40....50....60....f^T: ....10....20....30....40....50....60.... res == 0.00361068
Newt,GMRES == 8,38, f^T: ....10....20....30....40....50....60....f^T: ....10....20....30....40....50....60....f^T: ....10....20....30....40....50....60....f^T: ....10....20....30....40....50....60.... res == 0.00343555
Newt,GMRES == 8,39, f^T: ....10....20....30....40....50....60....f^T: ....10....20....30....40....50....60....f^T: ....10....20....30....40....50....60....f^T: ....10....20....30....40....50....60.... res == 0.00338842
Newt,GMRES == 8,40, f^T: ....10....20....30....40....50....60....f^T: ....10....20....30....40....50....60....f^T: ....10....20....30....40....50....60....f^T: ....10....20....30....40....50....60.... res == 0.000132116
Newt,GMRES == 8,41, f^T: ....10....20....30....40....50....60....f^T: ....10....20....30....40....50....60....f^T: ....10....20....30....40....50....60....f^T: ....10....20....30....40....50....60.... res == 0.000130202
Newt,GMRES == 8,42, f^T: ....10....20....30....40....50....60....f^T: ....10....20....30....40....50....60....f^T: ....10....20....30....40....50....60....f^T: ....10....20....30....40....50....60.... res == 0.000122858
Newt,GMRES == 8,43, f^T: ....10....20....30....40....50....60....f^T: ....10....20....30....40....50....60....f^T: ....10....20....30....40....50....60....f^T: ....10....20....30....40....50....60.... res == 0.000113821
Newt,GMRES == 8,44, f^T: ....10....20....30....40....50....60....f^T: ....10....20....30....40....50....60....f^T: ....10....20....30....40....50....60....f^T: ....10....20....30....40....50....60.... res == 3.29007e-06
GMRES converged. Breaking.
------------------------------------------------
Beginning hookstep calculations.
-------------------------------------------
Hookstep number 0
delta == 0.01
Newton step is within trust region: 
L2Norm(dxN) == 1.54729e-13 <= 0.01 == delta
Computing residual of hookstep dxH
L2Norm(dxH) == 1.54729e-13
f^T: ....10....20....30....40....50....60....f^T: ....10....20....30....40....50....60....f^T: ....10....20....30....40....50....60....f^T: ....10....20....30....40....50....60....
r(x), r(x+dxH) == 1.00118e-26, 1.35801e-26
Computing local quadratic model of residual
f^T: ....10....20....30....40....50....60....f^T: ....10....20....30....40....50....60....f^T: ....10....20....30....40....50....60....f^T: ....10....20....30....40....50....60....
Determining what to do with current Newton/hookstep and trust region
rx       ==   1.00118e-26 residual at current position
rH       ==   1.35801e-26 residual of newton/hookstep
Delta_rH ==   3.56831e-27 actual improvement in residual from newton/hookstep

Delta_rH ==   3.56831e-27 ------> Unacceptable <------ 
             -4.22414e-29 lower bound for acceptable improvement
              3.56831e-28 upper bound for ok improvement.
              2.67623e-27 upper bound for good improvement.
              3.92514e-27 upper bound for accurate prediction.
              3.21148e-27 lower bound for accurate prediction.
             -4.22414e-26 local linear model of improvement
lambda       == 0.461053 is the reduction/increase factor for delta suggested by quadratic model
lambda*delta == 0.00461053 is the delta suggested by quadratic model
Improvement is unacceptable.
No backup step is available.
Reduce trust region by minimizing local quadratic model and recompute hookstep.
  old delta == 0.01
  new delta == 0.00461053
delta new == 0.00461053
That delta is still bigger than the Newton step.
Reducing delta to half the length of the Newton step.
  old delta == 0.00461053
  new delta == 7.73644e-14
But that is less than deltaMin == 1e-12
I am afraid we have to stop now. Returning best solution.
