Lx,Lz,alpha,gamma,id,norm,shear,dissipation,residual
13.75,9.333333333333334,0.4569589314312426,0.6731984257692414,1,0.2596296706943729,1.4240806441701812,1.5362574493289007,2.159260171889248e-9
12.5,8.333333333333334,0.5026548245743669,0.7539822368615503,1,0.25491190894553906,1.4400297007580716,1.5864946251845793,6.9263684696826926e-15
11.25,7.333333333333333,0.5585053606381855,0.85679799643358,1,0.2521413721889325,1.4570067976973597,1.649867367180569,7.737297051886037e-12
10.0,6.333333333333333,0.6283185307179586,0.9920818906073031,1,0.2502191290340612,1.473690377386062,1.727591315710838,5.86150930463062e-13
7.5,4.333333333333333,0.8377580409572781,1.4499658401183662,1,0.16721691519181608,1.221073525328474,1.4331380622209902,4.095623924314009e-14
7.5,4.333333333333333,0.8377580409572781,1.4499658401183662,2,0.4378756221674929,3.3193386161464185,3.2775972551090216,5.530426979343357e-9
8.75,5.333333333333333,0.7180783208205241,1.1780972450961724,1,0.24216251696219354,1.4654179531657103,1.781406895434985,3.510787156405043e-14
6.25,3.3333333333333335,1.0053096491487339,1.8849555921538759,1,0.10488780454927434,1.1269705624429938,1.2194901794943236,1.8978411544553868e-9
6.25,3.3333333333333335,1.0053096491487339,1.8849555921538759,2,0.38636213217094917,3.216832256197116,3.1172552264805495,7.230346776845465e-9
13.75,9.666666666666666,0.4569589314312426,0.6499846869496124,1,0.2712562962968112,1.4543478242596746,1.5636486601011037,8.939085403435302e-11
12.5,8.666666666666666,0.5026548245743669,0.7249829200591831,1,0.2665106385923644,1.4750196178066286,1.6170485678438715,3.5103167631861206e-9
12.5,8.666666666666666,0.5026548245743669,0.7249829200591831,2,0.8449046250130421,3.7051976843020675,3.7401288012434573,1.0232079614800716e-9
11.25,7.666666666666667,0.5585053606381855,0.8195459096321199,1,0.26434442489749843,1.5001474725593007,1.6870296727501257,2.9700779935539822e-8
10.0,6.666666666666667,0.6283185307179586,0.9424777960769379,1,0.2649983100810245,1.5348903411945494,1.7840895194529138,3.291676056924062e-9
10.0,6.666666666666667,0.6283185307179586,0.9424777960769379,2,0.7032719631145156,3.9146276803842373,3.8583937915649824,1.123778797534727e-10
8.75,5.666666666666667,0.7180783208205241,1.1087974071493387,1,0.2667363892634027,1.581108412550194,1.9091938697005384,7.86364307347566e-9
7.5,4.666666666666667,0.8377580409572781,1.3463968515384828,1,0.25615762052756247,1.5797675902050883,1.9670239062180694,1.3899909265826866e-11
6.25,3.6666666666666665,1.0053096491487339,1.71359599286716,1,0.14551059131946364,1.1998833277968184,1.385141998596605,2.0529046942322214e-8
6.25,3.6666666666666665,1.0053096491487339,1.71359599286716,2,0.385508995245432,3.117116136746054,3.0839396748416372,8.72034136315635e-13
13.75,10.0,0.4569589314312426,0.6283185307179586,1,0.28239259797550126,1.4818956766301075,1.5880157589216752,1.994010950528873e-12
12.5,9.0,0.5026548245743669,0.6981317007977318,1,0.277287527831727,1.5057476426750829,1.6426702269895141,5.244872454746458e-9
5.0,2.3333333333333335,1.2566370614359172,2.6927937030769655,1,0.10753952918183218,1.2925868270066219,1.3375342500423244,2.027982284508106e-11
5.0,2.3333333333333335,1.2566370614359172,2.6927937030769655,2,0.2986908637248711,2.8897397027014886,2.6405947855283145,1.3528400318545023e-9
11.25,8.0,0.5585053606381855,0.7853981633974483,1,0.27503375252172746,1.5358757930531637,1.7150047138974158,3.4514578390513116e-13
10.0,7.0,0.6283185307179586,0.8975979010256552,1,0.2764869155552237,1.5806678866852575,1.8196346821586717,1.409584763522243e-10
8.75,6.0,0.7180783208205241,1.0471975511965976,1,0.28225865205637424,1.6565074849362256,1.9770348853270625,9.10176494411209e-12
8.75,6.0,0.7180783208205241,1.0471975511965976,2,0.6327915996971828,3.8565140370575657,3.830241979320974,2.914363384833937e-14
7.5,5.0,0.8377580409572781,1.2566370614359172,1,0.28496904162534065,1.7420821928219552,2.139226873639079,9.89685350404939e-11
7.5,5.0,0.8377580409572781,1.2566370614359172,2,0.5558164120603302,3.8250569557465393,3.7530472387135023,5.2885055895145287e-11
12.5,9.333333333333334,0.5026548245743669,0.6731984257692414,1,0.2875653104633072,1.5334167480427054,1.6650124178641623,3.4819304225946617e-13
6.25,4.0,1.0053096491487339,1.5707963267948966,1,0.26334212550869424,1.7079835268744774,2.126520617747911,6.806484100540306e-15
6.25,4.0,1.0053096491487339,1.5707963267948966,2,0.40482123047720253,3.163137545996913,3.1613240082850327,5.585628550365751e-12
11.25,8.333333333333334,0.5585053606381855,0.7539822368615503,1,0.2848552290846245,1.5666628433743288,1.737388174082274,8.672602952229358e-11
10.0,7.333333333333333,0.6283185307179586,0.85679799643358,1,0.28623335156930035,1.6170966347765081,1.8435578813312048,3.4122459367640057e-10
5.0,2.6666666666666665,1.2566370614359172,2.356194490192345,1,0.10752576889540184,1.2082683378043182,1.3006680721469863,3.858592937677063e-9
5.0,2.6666666666666665,1.2566370614359172,2.356194490192345,2,0.37616378169075904,3.5097144680971697,3.1739559013123837,4.251226857481376e-11
8.75,6.333333333333333,0.7180783208205241,0.9920818906073031,1,0.2937594233353107,1.7110269569225804,2.016318924679762,9.074267027760107e-9
12.5,9.666666666666666,0.5026548245743669,0.6499846869496124,1,0.29754822250221974,1.5588585242073185,1.6851505298470382,2.3555588414805137e-8
7.5,5.333333333333333,0.8377580409572781,1.1780972450961724,1,0.3025858214468689,1.8505243322918066,2.232250127631734,1.5879786086658167e-10
11.25,8.666666666666666,0.5585053606381855,0.7249829200591831,1,0.2941780198339852,1.5940611467834047,1.7563012198038255,5.370725764580388e-15
6.25,4.333333333333333,1.0053096491487339,1.4499658401183662,1,0.2967086475784341,1.9242170869069737,2.337461707377191,3.7727414569755054e-10
6.25,4.333333333333333,1.0053096491487339,1.4499658401183662,2,0.4369855673412183,3.283744618038881,3.3043801684999954,1.6409215783006019e-9
10.0,7.666666666666667,0.6283185307179586,0.8195459096321199,1,0.29501204340584886,1.6475466502794962,1.8607512722348682,2.580106356740308e-11
12.5,10.0,0.5026548245743669,0.6283185307179586,1,0.30737243064118863,1.5826702527498386,1.7038145342434068,1.1263292766818247e-10
8.75,6.666666666666667,0.7180783208205241,0.9424777960769379,1,0.30306539842570585,1.7525388498543713,2.0390412706001184,7.876753385803322e-9
5.0,3.0,1.2566370614359172,2.0943951023931953,1,0.14219064781915466,1.2633642053480554,1.4527239491564305,4.548788879222696e-14
5.0,3.0,1.2566370614359172,2.0943951023931953,2,0.3923737591110979,3.474591207856884,3.2389789272908014,3.4033145829517175e-11
11.25,9.0,0.5585053606381855,0.6981317007977318,1,0.30322825863296626,1.6191008148046426,1.7730698079130334,5.024973630644957e-9
7.5,5.666666666666667,0.8377580409572781,1.1087974071493387,1,0.3155092603528753,1.9330019994735026,2.290062071205922,2.9439058049395765e-11
10.0,8.0,0.6283185307179586,0.7853981633974483,1,0.3032615303816602,1.674083216251282,1.8740768042942206,3.8795041827527026e-10
6.25,4.666666666666667,1.0053096491487339,1.3463968515384828,1,0.3164088221591758,2.068906392418058,2.450167338902215,3.419485405084032e-14
6.25,4.666666666666667,1.0053096491487339,1.3463968515384828,2,0.4421118797074331,3.2516868317230405,3.293170918375288,5.226906345989824e-12
8.75,7.0,0.7180783208205241,0.8975979010256552,1,0.3110742962612057,1.785168995639737,2.051448459133671,1.0070433038003463e-10
11.25,9.333333333333334,0.5585053606381855,0.6731984257692414,1,0.31215249334616574,1.6424990064215055,1.7885622696278505,6.746359425165176e-11
10.0,8.333333333333334,0.6283185307179586,0.7539822368615503,1,0.31124870666122817,1.6980571935934696,1.8853110447915171,2.697841924565959e-13
10.0,8.333333333333334,0.6283185307179586,0.7539822368615503,2,0.6129153266112783,3.1897912792240297,3.3663775925891253,8.19404182741154e-14
7.5,6.0,0.8377580409572781,1.0471975511965976,1,0.32595798644874185,1.9989340715575914,2.3278549033744738,2.912089264396243e-14
5.0,3.3333333333333335,1.2566370614359172,1.8849555921538759,1,0.2608841795460067,1.8535074016963253,2.229182747650081,4.699500511459209e-13
5.0,3.3333333333333335,1.2566370614359172,1.8849555921538759,2,0.357054637311137,2.976986243124986,2.894106360845763,3.212448628464001e-11
6.25,5.0,1.0053096491487339,1.2566370614359172,1,0.33072498585389565,2.18205821948644,2.5236150109189284,5.927808007746599e-12
6.25,5.0,1.0053096491487339,1.2566370614359172,2,0.4268408695616048,3.1572631654125916,3.167182812800326,1.1868305026062926e-12
8.75,7.333333333333333,0.7180783208205241,0.85679799643358,1,0.31831606134654983,1.8116003083265384,2.0575218558565256,4.712592903692751e-11
11.25,9.666666666666666,0.5585053606381855,0.6499846869496124,1,0.3210511069876296,1.6647782032556908,1.8033725806598109,2.4654880932958833e-9
10.0,8.666666666666666,0.6283185307179586,0.7249829200591831,1,0.3191441274998195,1.7203954259730445,1.8955955572645968,2.3594706168456974e-10
14.166666666666666,3.0,0.4435189628597355,2.0943951023931953,1,0.2189256222164147,1.5710751389337723,1.634433214063959,1.112258610042095e-8
14.166666666666666,3.0,0.4435189628597355,2.0943951023931953,2,0.16085732374245593,1.3337200232815163,1.3783123334476184,1.6961362664701492e-10
7.5,6.333333333333333,0.8377580409572781,0.9920818906073031,1,0.3349829648802515,2.0528861413574466,2.3529498827860515,3.147308212313792e-10
7.5,6.333333333333333,0.8377580409572781,0.9920818906073031,2,0.484838433372769,3.202314316375694,3.2663256715186995,1.3195908674993747e-12
5.0,3.6666666666666665,1.2566370614359172,1.71359599286716,1,0.301556171743061,2.1383571833182318,2.489649694098344,1.758841195414402e-11
5.0,3.6666666666666665,1.2566370614359172,1.71359599286716,2,0.3604138439716044,2.871293379890777,2.8707979555002714,1.4899247572840775e-13
6.25,5.333333333333333,1.0053096491487339,1.1780972450961724,1,0.3422011461867098,2.273862566268573,2.575390979914128,1.0447878339896296e-13
6.25,5.333333333333333,1.0053096491487339,1.1780972450961724,2,0.4271290034782837,3.16237459176597,3.1311321170387254,2.496247773859024e-9
11.25,10.0,0.5585053606381855,0.6283185307179586,1,0.3299978169257845,1.6863387330153747,1.817928450645776,1.221907879155859e-11
8.75,7.666666666666667,0.7180783208205241,0.8195459096321199,1,0.3251455335330773,1.8338758103947865,2.060117438360622,5.3647705238313706e-12
8.75,7.666666666666667,0.7180783208205241,0.8195459096321199,2,0.5345752645482871,3.0975977946803908,3.2332078726732534,5.842517356456786e-9
10.0,9.0,0.6283185307179586,0.6981317007977318,1,0.3270622188070581,1.7417629707418727,1.9056863777115902,1.240445954431085e-9
14.166666666666666,3.3333333333333335,0.4435189628597355,1.8849555921538759,1,0.12384565470020953,1.178269969335879,1.2160265464128577,1.8630788294519318e-10
14.166666666666666,3.3333333333333335,0.4435189628597355,1.8849555921538759,2,0.29050945205852435,1.8589332493847066,1.9473109195561742,4.188637546952942e-9
7.5,6.666666666666667,0.8377580409572781,0.9424777960769379,1,0.3431763090652089,2.0977968507152682,2.369634748474104,7.166553399478308e-10
8.75,8.0,0.7180783208205241,0.7853981633974483,1,0.3318191708898415,1.8536607224427288,2.0613669959738665,1.6879115485065703e-10
6.25,5.666666666666667,1.0053096491487339,1.1087974071493387,1,0.3519188119194269,2.3478054304585774,2.61276219286711,3.3762444857140346e-12
6.25,5.666666666666667,1.0053096491487339,1.1087974071493387,2,0.4303830511124702,3.1741618293877862,3.1135104723631946,3.2327696958429555e-11
10.0,9.333333333333334,0.6283185307179586,0.6731984257692414,1,0.335085520827434,1.7626640867004986,1.9161078346149258,1.6926147085786273e-11
5.0,4.0,1.2566370614359172,1.5707963267948966,1,0.3251045791320259,2.3257798021342078,2.6288092074340765,3.009132674563863e-11
5.0,4.0,1.2566370614359172,1.5707963267948966,2,0.36721946232838065,2.861611553635011,2.900567268071777,2.7363640580964388e-11
7.5,7.0,0.8377580409572781,0.8975979010256552,1,0.3509187195941818,2.1359706502448423,2.380858293402122,1.5862051735431693e-9
14.166666666666666,3.6666666666666665,0.4435189628597355,1.71359599286716,1,0.1119651632222494,1.1265128332204553,1.1626031086122754,4.589249451923097e-8
14.166666666666666,3.6666666666666665,0.4435189628597355,1.71359599286716,2,0.3283882698159491,2.0045498829511823,2.109446797950926,7.331684532453626e-14
8.75,8.333333333333334,0.7180783208205241,0.7539822368615503,1,0.33852942500388294,1.872315611412604,2.0628452029243247,2.558653727514864e-9
8.75,8.333333333333334,0.7180783208205241,0.7539822368615503,2,0.5198049656788496,2.9383776499730923,3.0612405820982733,3.5190520311737883e-11
10.0,9.666666666666666,0.6283185307179586,0.6499846869496124,1,0.3432811603694993,1.7835119131954194,1.927255806687988,1.3962411641968921e-8
6.25,6.0,1.0053096491487339,1.0471975511965976,1,0.4336004417585071,3.1732020346116205,3.0955718662250473,3.984566937300672e-10
6.25,6.0,1.0053096491487339,1.0471975511965976,2,0.36043447257576267,2.406071600905025,2.6394665017834296,8.396876048137939e-9
12.916666666666666,3.0,0.48644015281390346,2.0943951023931953,1,0.13419703273647096,1.2519437770756712,1.2921386631364926,1.8857055870919103e-12
12.916666666666666,3.0,0.48644015281390346,2.0943951023931953,2,0.2481906377586649,1.7528682417936055,1.8245195534704939,2.3984897402600023e-11
5.0,4.333333333333333,1.2566370614359172,1.4499658401183662,1,0.374865244736548,2.9335952980844633,2.9314580634965632,2.094118179785275e-9
5.0,4.333333333333333,1.2566370614359172,1.4499658401183662,2,0.34223594844060157,2.4780770465460886,2.7234886286308773,1.8634666902510736e-9
7.5,7.333333333333333,0.8377580409572781,0.85679799643358,1,0.35849036531102496,2.16946697620504,2.3889793167813913,1.4351087355922019e-8
7.5,7.333333333333333,0.8377580409572781,0.85679799643358,2,0.47230116633973995,3.0369305213197535,3.06364099499643,5.937742173910561e-10
8.75,8.666666666666666,0.7180783208205241,0.7249829200591831,1,0.34542664484536145,1.890946522644675,2.065702838982723,2.3968411092214038e-12
14.166666666666666,4.0,0.4435189628597355,1.5707963267948966,1,0.10626867739608428,1.0999409841158068,1.1350336746492597,2.9564232673083695e-11
14.166666666666666,4.0,0.4435189628597355,1.5707963267948966,2,0.35272348106485424,2.1231621937199643,2.232067352784071,1.1222925839767326e-12
10.0,10.0,0.6283185307179586,0.6283185307179586,1,0.35171393956347335,1.8046834759416723,1.939474429846947,2.046435973646238e-9
6.25,6.333333333333333,1.0053096491487339,0.9920818906073031,1,0.36810319920317836,2.451063314066399,2.657957163062151,3.6739601216644356e-9
6.25,6.333333333333333,1.0053096491487339,0.9920818906073031,2,0.43611369764474295,3.157501502731499,3.0731133730475495,5.630768877695357e-10
12.916666666666666,3.3333333333333335,0.48644015281390346,1.8849555921538759,1,0.11318592566291484,1.1550838093084534,1.1936087735859693,2.416562640067053e-12
12.916666666666666,3.3333333333333335,0.48644015281390346,1.8849555921538759,2,0.3034465320265281,1.9929452323316226,2.081855627393595,3.489635045752035e-9
7.5,7.666666666666667,0.8377580409572781,0.8195459096321199,1,0.470991212993282,2.990318624752681,3.0130962568922874,1.0184102049354943e-11
7.5,7.666666666666667,0.8377580409572781,0.8195459096321199,2,0.36613532546319066,2.200330723382695,2.3961726470716895,1.2211625578633345e-11
5.0,4.666666666666667,1.2566370614359172,1.3463968515384828,1,0.38584596549406147,3.0387721199327298,2.979996916104863,4.738928474955874e-13
8.75,9.0,0.7180783208205241,0.6981317007977318,1,0.3526420329678138,1.9105002898370942,2.0708337031247632,2.4719630323018798e-14
14.166666666666666,4.333333333333333,0.4435189628597355,1.4499658401183662,1,0.10360353521766182,1.0847286093323567,1.1193171683948555,1.4881211974914076e-8
6.25,6.666666666666667,1.0053096491487339,0.9424777960769379,1,0.43786132309191766,3.129339259785624,3.0458974108198396,2.903433080576069e-13
7.5,8.0,0.8377580409572781,0.7853981633974483,1,0.3741127122235125,2.230798949089359,2.4047030476265414,6.95718460569931e-9
7.5,8.0,0.8377580409572781,0.7853981633974483,2,0.4697330738045562,2.941890490645185,2.963819918225177,3.9513082426798607e-10
12.916666666666666,3.6666666666666665,0.48644015281390346,1.71359599286716,1,0.10487332687752575,1.1141818999866722,1.1520715821996874,2.5537841499075372e-8
12.916666666666666,3.6666666666666665,0.48644015281390346,1.71359599286716,2,0.33651686912762463,2.13768451726963,2.2391057796702185,6.296009743466044e-10
8.75,9.333333333333334,0.7180783208205241,0.6731984257692414,1,0.3603191987754447,1.9319307115890865,2.0790947655303107,4.985646632221718e-12
8.75,9.333333333333334,0.7180783208205241,0.6731984257692414,2,0.5050369383610019,2.7511789467380807,2.8513688158984003,3.02948881719073e-11
5.0,5.0,1.2566370614359172,1.2566370614359172,1,0.3962764071264236,3.1268146793119316,3.0227053314600436,2.4834673916439357e-14
5.0,5.0,1.2566370614359172,1.2566370614359172,2,0.3677248561251107,2.7128377364083534,2.8495678969446985,1.063296292032949e-9
14.166666666666666,4.666666666666667,0.4435189628597355,1.3463968515384828,1,0.10283110849076384,1.0757738474299863,1.1103665824003803,8.024908826863338e-11
14.166666666666666,4.666666666666667,0.4435189628597355,1.3463968515384828,2,0.3974145982413948,2.441169359751571,2.506818651663302,3.6481607505188193e-10
6.25,7.0,1.0053096491487339,0.8975979010256552,1,0.4389378253671001,3.0916189386181236,3.0146947568300915,2.44392354764171e-10
11.666666666666666,3.0,0.5385587406153931,2.0943951023931953,1,0.11822678073545755,1.2068896057145508,1.2462541583795115,2.2332243522769416e-12
11.666666666666666,3.0,0.5385587406153931,2.0943951023931953,2,0.26948385372668066,1.9291436707392953,1.9980054958458962,2.951410980606138e-9
7.5,8.333333333333334,0.8377580409572781,0.7539822368615503,1,0.38274753612466583,2.263515131985085,2.417139021425303,2.09995885594788e-11
7.5,8.333333333333334,0.8377580409572781,0.7539822368615503,2,0.46821473625225757,2.8905088251616093,2.9141092140510265,1.84940736102696e-11
8.75,9.666666666666666,0.7180783208205241,0.6499846869496124,1,0.368670008069977,1.9565033032155132,2.091649644579239,3.2579605194463395e-12
12.916666666666666,4.0,0.48644015281390346,1.5707963267948966,1,0.10112332196260441,1.0925288778056912,1.1301241635509385,2.3646197643242763e-13
12.916666666666666,4.0,0.48644015281390346,1.5707963267948966,2,0.3577343702817348,2.2701932774544407,2.3666698862174504,1.009287389988056e-9
14.166666666666666,5.0,0.4435189628597355,1.2566370614359172,1,0.10344528057533288,1.0707785264944036,1.1059106394264826,3.393412435734703e-12
14.166666666666666,5.0,0.4435189628597355,1.2566370614359172,2,0.4322774849197813,2.63971288057805,2.682374644033784,2.891968489444105e-14
5.0,5.333333333333333,1.2566370614359172,1.1780972450961724,1,0.40477785840593605,3.182131927419434,3.0501803837590247,5.293227771636027e-14
5.0,5.333333333333333,1.2566370614359172,1.1780972450961724,2,0.3774815534033656,2.7914338597278023,2.8894515127210045,3.6460446704168815e-11
6.25,7.333333333333333,1.0053096491487339,0.85679799643358,1,0.4394407448496177,3.0466411133698728,2.980260309599979,8.707989794499384e-11
8.75,10.0,0.7180783208205241,0.6283185307179586,1,0.37811528362607655,1.9865573897373812,2.1107615058568836,2.6881303117212315e-11
8.75,10.0,0.7180783208205241,0.6283185307179586,2,0.4894239143777642,2.6014267952930212,2.69461451485921,1.3705567376065997e-11
7.5,8.666666666666666,0.8377580409572781,0.7249829200591831,1,0.46611554979628333,2.8346018666892,2.862195652435867,2.8767986506745492e-11
7.5,8.666666666666666,0.8377580409572781,0.7249829200591831,2,0.3924890770507721,2.3017775424211853,2.4365419575367664,8.834401686451577e-15
11.666666666666666,3.3333333333333335,0.5385587406153931,1.8849555921538759,1,0.10470499848496723,1.136714785080316,1.17669523387817,9.000753297561792e-13
11.666666666666666,3.3333333333333335,0.5385587406153931,1.8849555921538759,2,0.31722009537965395,2.156595493405187,2.2367398070633597,9.218095405498074e-9
12.916666666666666,4.333333333333333,0.48644015281390346,1.4499658401183662,1,0.09988212546726326,1.080272499992984,1.1180790750060516,5.068279757481274e-8
12.916666666666666,4.333333333333333,0.48644015281390346,1.4499658401183662,2,0.3775769369896717,2.4361220456889345,2.5048344587552744,4.259680556587256e-10
14.166666666666666,5.333333333333333,0.4435189628597355,1.1780972450961724,1,0.10521753252924608,1.0686383293016397,1.1048875963371076,4.4537938809786636e-13
10.416666666666666,2.6666666666666665,0.6031857894892403,2.356194490192345,1,0.21399111610301053,1.7205023700911284,1.7693265192261587,1.020293818162422e-12
10.416666666666666,2.6666666666666665,0.6031857894892403,2.356194490192345,2,0.1364288664365527,1.3326252421063156,1.369128727201794,7.549668948755005e-9
5.0,5.666666666666667,1.2566370614359172,1.1087974071493387,1,0.4110364646170836,3.2033083412510774,3.060880424409757,1.4108517003751187e-11
5.0,5.666666666666667,1.2566370614359172,1.1087974071493387,2,0.38552313317009207,2.8431905364056664,2.915481428665922,1.7053861428658363e-13
7.5,9.0,0.8377580409572781,0.6981317007977318,1,0.4629109555407155,2.7709048932284017,2.8051490093145475,1.3638983531857565e-8
7.5,9.0,0.8377580409572781,0.6981317007977318,2,0.40402193876965115,2.350191264723449,2.466908502362634,1.3166322962639607e-12
6.25,7.666666666666667,1.0053096491487339,0.8195459096321199,1,0.4394064775792248,2.995633346085635,2.942920385127998,7.949834079865989e-14
6.25,7.666666666666667,1.0053096491487339,0.8195459096321199,2,0.3955345333695517,2.556747668009067,2.6878156009129937,1.754006880400225e-13
11.666666666666666,3.6666666666666665,0.5385587406153931,1.71359599286716,1,0.09923465051235743,1.104163420574808,1.1445037469248356,9.074402712585196e-11
11.666666666666666,3.6666666666666665,0.5385587406153931,1.71359599286716,2,0.34613591680883066,2.3050754108750917,2.392198199506082,9.18473963680866e-12
12.916666666666666,4.666666666666667,0.48644015281390346,1.3463968515384828,1,0.1003689284011378,1.0735020602977698,1.1121592809683718,4.587622312015934e-12
12.916666666666666,4.666666666666667,0.48644015281390346,1.3463968515384828,2,0.4052122231583362,2.6353025727323156,2.6691436927172063,1.923788115853736e-8
14.166666666666666,5.666666666666667,0.4435189628597355,1.1087974071493387,1,0.1080791105262533,1.068872776868659,1.1068934824407104,1.9542902135746496e-13
7.5,9.333333333333334,0.8377580409572781,0.6731984257692414,1,0.41886667058684574,2.418951195488855,2.516468277286603,2.8154222971495986e-9
7.5,9.333333333333334,0.8377580409572781,0.6731984257692414,2,0.45716298261005206,2.6895503256243494,2.7348644216456806,2.656952375239353e-10
5.0,6.0,1.2566370614359172,1.0471975511965976,1,0.41524462001914614,3.195159339918688,3.056875457313859,2.0884648591478655e-11
6.25,8.0,1.0053096491487339,0.7853981633974483,1,0.40280130048635626,2.57992452745065,2.6934236350734198,5.5128215455991415e-11
6.25,8.0,1.0053096491487339,0.7853981633974483,2,0.43875564147033524,2.9383146137128833,2.902245902667957,6.616095007070582e-12
10.416666666666666,3.0,0.6031857894892403,2.0943951023931953,1,0.10674745173024423,1.175310716312272,1.2154217049087426,6.060655636717225e-9
10.416666666666666,3.0,0.6031857894892403,2.0943951023931953,2,0.29053910023039387,2.140028330811628,2.1912171178823687,2.6941181246713257e-11
11.666666666666666,4.0,0.5385587406153931,1.5707963267948966,1,0.09732726423533539,1.086840730743827,1.1278179640411734,1.5649494616614108e-10
11.666666666666666,4.0,0.5385587406153931,1.5707963267948966,2,0.3646864373042391,2.4527915114924532,2.5246193465032833,1.040465109058065e-10
12.916666666666666,5.0,0.48644015281390346,1.2566370614359172,1,0.1022717831958842,1.0704728678450666,1.1107474935146953,5.474019912926345e-10
14.166666666666666,6.0,0.4435189628597355,1.0471975511965976,1,0.11208562761595377,1.0714190337053244,1.1119983826536095,1.005396198719132e-8
6.25,8.333333333333334,1.0053096491487339,0.7539822368615503,1,0.41096667276321525,2.6104490479382214,2.7035617787275275,3.231139036240965e-12
5.0,6.333333333333333,1.2566370614359172,0.9920818906073031,1,0.3976891000009225,2.8855927055249317,2.934404398075686,1.4742447908858808e-9
5.0,6.333333333333333,1.2566370614359172,0.9920818906073031,2,0.4177720722923166,3.1641412556965434,3.0413871992104355,3.2771684609415023e-9
10.416666666666666,3.3333333333333335,0.6031857894892403,1.8849555921538759,1,0.09812527810001713,1.1221657400821148,1.164473073350266,1.2700102673243942e-10
10.416666666666666,3.3333333333333335,0.6031857894892403,1.8849555921538759,2,0.33347652815478795,2.3658362110249076,2.42199590363618,2.0168371548023007e-10
14.166666666666666,6.333333333333333,0.4435189628597355,0.9920818906073031,1,0.11742653625784776,1.076608937792518,1.120757607360908,1.9621692907349975e-11
11.666666666666666,4.333333333333333,0.5385587406153931,1.4499658401183662,1,0.09765261079097191,1.0775260344782656,1.1198259292049335,3.801274541391256e-8
12.916666666666666,5.333333333333333,0.48644015281390346,1.1780972450961724,1,0.10552894240472084,1.0704751497265774,1.113313157983383,6.650321626460675e-13
6.25,8.666666666666666,1.0053096491487339,0.7249829200591831,1,0.4221161060471918,2.670109414753827,2.731195061576596,1.8946833894131307e-12
5.0,6.666666666666667,1.2566370614359172,0.9424777960769379,1,0.4027370276521467,2.8913931271544886,2.9335436429198944,2.2793004633092177e-9
5.0,6.666666666666667,1.2566370614359172,0.9424777960769379,2,0.4189368916531337,3.1153401875854327,3.017229071381392,4.5760239597039946e-10
10.416666666666666,3.6666666666666665,0.6031857894892403,1.71359599286716,1,0.09516858332181696,1.0965186650645513,1.1404055951158294,3.966810059046677e-10
10.416666666666666,3.6666666666666665,0.6031857894892403,1.71359599286716,2,0.3578458154362111,2.5146478992415204,2.572922507824944,2.381853818329145e-9
14.166666666666666,6.666666666666667,0.4435189628597355,0.9424777960769379,1,0.12447836160296158,1.0853100867838843,1.1344107811930018,7.802557173519239e-13
9.166666666666666,2.6666666666666665,0.6854383971468639,2.356194490192345,1,0.11441292519504367,1.2525226829849685,1.287584912756549,2.534187719348586e-13
9.166666666666666,2.6666666666666665,0.6854383971468639,2.356194490192345,2,0.24936422419247323,2.0105384590611504,2.037246150609713,1.289581582756598e-11
12.916666666666666,5.666666666666667,0.48644015281390346,1.1087974071493387,1,0.11028344848043792,1.0734813244442292,1.1201310722781777,1.8139976204447092e-11
11.666666666666666,4.666666666666667,0.5385587406153931,1.3463968515384828,1,0.09975352501914225,1.073305122580905,1.1179245051628015,2.9975961323494353e-9
5.0,7.0,1.2566370614359172,0.8975979010256552,1,0.4187335255273515,3.048877278567683,2.9853032114585534,4.058161981279055e-13
5.0,7.0,1.2566370614359172,0.8975979010256552,2,0.40798313955886695,2.900269816456781,2.931209918495248,4.315325917889968e-9
14.166666666666666,7.0,0.4435189628597355,0.8975979010256552,1,0.13391353272492523,1.099312662572695,1.1553544457042184,1.6629893841091074e-10
10.416666666666666,4.0,0.6031857894892403,1.5707963267948966,1,0.09524838827960733,1.0833638794909377,1.1293537752337142,3.0713321309429015e-8
10.416666666666666,4.0,0.6031857894892403,1.5707963267948966,2,0.3738289603458671,2.669695931686779,2.7037356008785185,2.152769293245574e-11
12.916666666666666,6.0,0.48644015281390346,1.0471975511965976,1,0.11693944472667903,1.0801866432219163,1.1324446659389182,3.3465802067307494e-8
11.666666666666666,5.0,0.5385587406153931,1.2566370614359172,1,0.10359069797788799,1.0730868303906453,1.1214098374462305,7.360754193300392e-11
9.166666666666666,3.0,0.6854383971468639,2.0943951023931953,1,0.09841167059241322,1.152072753471976,1.1944889079528642,4.044210422621711e-13
9.166666666666666,3.0,0.6854383971468639,2.0943951023931953,2,0.31494436279169297,2.414744297709782,2.4241021693669955,1.7028077480109653e-10
14.166666666666666,7.333333333333333,0.4435189628597355,0.85679799643358,1,0.1468166834028536,1.1220421037801307,1.187864850402579,3.904039632854106e-8
10.416666666666666,4.333333333333333,0.6031857894892403,1.4499658401183662,1,0.09762722010995828,1.0774824067904512,1.1268296654974037,2.1003382286819744e-10
10.416666666666666,4.333333333333333,0.6031857894892403,1.4499658401183662,2,0.3968958815916534,2.867749537768586,2.858144891787066,4.012878130785451e-12
12.916666666666666,6.333333333333333,0.48644015281390346,0.9920818906073031,1,0.12636249333722133,1.0925329839890296,1.1532531066655007,5.631436601458131e-13
11.666666666666666,5.333333333333333,0.5385587406153931,1.1780972450961724,1,0.1094893058090003,1.0769616973408398,1.1310438950600226,3.9705965003985464e-13
9.166666666666666,3.3333333333333335,0.6854383971468639,1.8849555921538759,1,0.09359822199391958,1.1114252364860828,1.1576620651736058,2.3821524355388427e-9
9.166666666666666,3.3333333333333335,0.6854383971468639,1.8849555921538759,2,0.35316480602729067,2.633599540383253,2.6444888654507617,3.254347236316772e-11
14.166666666666666,7.666666666666667,0.4435189628597355,0.8195459096321199,1,0.16421924365483045,1.1584072100826641,1.2371375203961659,1.885810144719293e-8
12.916666666666666,6.666666666666667,0.48644015281390346,0.9424777960769379,1,0.14035591438106618,1.1153545557999593,1.1894985597583245,3.4967068866558506e-8
10.416666666666666,4.666666666666667,0.6031857894892403,1.3463968515384828,1,0.1023214657794603,1.0771222004768657,1.131905746151359,7.282877455545354e-12
10.416666666666666,4.666666666666667,0.6031857894892403,1.3463968515384828,2,0.43705417532416957,3.1085193908571616,3.0658858326285414,1.3268054809981851e-9
11.666666666666666,5.666666666666667,0.5385587406153931,1.1087974071493387,1,0.11835976183796794,1.0865171227628192,1.149810601180201,1.032719096778232e-8
14.166666666666666,8.0,0.4435189628597355,0.7853981633974483,1,0.18469545897503167,1.2083211612919018,1.3001908316518043,3.253894318597638e-13
9.166666666666666,3.6666666666666665,0.6854383971468639,1.71359599286716,1,0.09326139305129379,1.0920903909456356,1.141867050128597,1.5578382256977058e-12
9.166666666666666,3.6666666666666665,0.6854383971468639,1.71359599286716,2,0.37065584900864196,2.7594655604389793,2.774548803104785,8.367573835135423e-11
7.916666666666667,2.6666666666666665,0.7936655124858425,2.356194490192345,1,0.1019355209948276,1.2079856993495648,1.245842564085737,6.427625300488432e-13
7.916666666666667,2.6666666666666665,0.7936655124858425,2.356194490192345,2,0.28471997833737717,2.377379757015385,2.3407541859604812,1.5959914984231994e-9
12.916666666666666,7.0,0.48644015281390346,0.8975979010256552,1,0.16182484832914446,1.1592904442218934,1.2547203359615924,3.46714203406648e-11
10.416666666666666,5.0,0.6031857894892403,1.2566370614359172,1,0.11007083623465738,1.082765065288165,1.1466130813282773,1.171745368640725e-13
11.666666666666666,6.0,0.5385587406153931,1.0471975511965976,1,0.13253959159791212,1.107028001733843,1.1864237020770596,2.6507412850513557e-10
14.166666666666666,8.333333333333334,0.4435189628597355,0.7539822368615503,1,0.20425654007564595,1.261190948504988,1.3619047634597399,2.0858417641293542e-8
9.166666666666666,4.0,0.6854383971468639,1.5707963267948966,1,0.09603834178546101,1.0838013021539528,1.1386022988460205,6.054631149624465e-10
9.166666666666666,4.0,0.6854383971468639,1.5707963267948966,2,0.384285943793384,2.898964977035509,2.887842170657815,5.448613478728106e-9
7.916666666666667,3.0,0.7936655124858425,2.0943951023931953,1,0.093235306407454,1.1362866397728126,1.183799996803779,8.116933312009455e-8
7.916666666666667,3.0,0.7936655124858425,2.0943951023931953,2,0.3446408173536335,2.7753101726545473,2.7084549947579752,2.5834705629724756e-12
12.916666666666666,7.333333333333333,0.48644015281390346,0.85679799643358,1,0.18857646686967594,1.227712725275469,1.3468772054172247,1.6187668240211884e-12
10.416666666666666,5.333333333333333,0.6031857894892403,1.1780972450961724,1,0.12323869436493438,1.0987575030614605,1.1793936813535972,1.6688557397021327e-10
11.666666666666666,6.333333333333333,0.5385587406153931,0.9920818906073031,1,0.15811986519751692,1.1564602341726955,1.2677564187313508,4.853349393348725e-8
14.166666666666666,8.666666666666666,0.4435189628597355,0.7249829200591831,1,0.2212195831711416,1.3089650189614268,1.4137250095846865,4.666549534877883e-10
9.166666666666666,4.333333333333333,0.6854383971468639,1.4499658401183662,1,0.10208931984768564,1.0836197959555636,1.1467549555807086,4.658209552995395e-11
9.166666666666666,4.333333333333333,0.6854383971468639,1.4499658401183662,2,0.4122442877523345,3.093795145235426,3.048283485804623,9.000673268218697e-12
12.916666666666666,7.666666666666667,0.48644015281390346,0.8195459096321199,1,0.2113733404212435,1.2954892817829649,1.4281310865687857,2.575966296050157e-11
7.916666666666667,3.3333333333333335,0.7936655124858425,1.8849555921538759,1,0.09214292228626317,1.1061211096976842,1.1601854831806835,1.5162629993405872e-12
7.916666666666667,3.3333333333333335,0.7936655124858425,1.8849555921538759,2,0.3741863702749297,2.945106887654334,2.892474086314345,7.487451441291347e-9
11.666666666666666,6.666666666666667,0.5385587406153931,0.9424777960769379,1,0.19436843388567504,1.2521814094001071,1.406559058622806,1.5048241113574798e-9
10.416666666666666,5.666666666666667,0.6031857894892403,1.1087974071493387,1,0.15073343449145335,1.1469992484912332,1.2679840158350189,6.15153209005158e-8
14.166666666666666,9.0,0.4435189628597355,0.6981317007977318,1,0.23601344191013715,1.350459465281268,1.4560993576719043,7.331792693209487e-13
6.666666666666667,2.3333333333333335,0.9424777960769379,2.6927937030769655,1,0.11600211181365046,1.3398819893457081,1.3586946933809667,2.1317239475142236e-9
6.666666666666667,2.3333333333333335,0.9424777960769379,2.6927937030769655,2,0.22391142939325442,2.039496113039158,2.0031575794396557,4.770375542023778e-11
12.916666666666666,8.0,0.48644015281390346,0.7853981633974483,1,0.22904939135224867,1.351019762123219,1.488036531027201,2.174755539919379e-13
9.166666666666666,4.666666666666667,0.6854383971468639,1.3463968515384828,1,0.11328382629677497,1.093519720997773,1.1723522182953658,8.575117885085589e-8
14.166666666666666,9.333333333333334,0.4435189628597355,0.6731984257692414,1,0.24932652707753114,1.3867034346346714,1.4914091218831527,3.858909195677634e-9
7.916666666666667,3.6666666666666665,0.7936655124858425,1.71359599286716,1,0.0955841592529621,1.0942245239498316,1.1563767091937152,4.792406188258482e-10
7.916666666666667,3.6666666666666665,0.7936655124858425,1.71359599286716,2,0.38065266417017035,2.989087423158586,2.9593956997298436,2.60120913327107e-9
11.666666666666666,7.0,0.5385587406153931,0.8975979010256552,1,0.22077097371772036,1.3386317648681887,1.5129810017863536,5.526720206253727e-10
10.416666666666666,6.0,0.6031857894892403,1.0471975511965976,1,0.2014389827506465,1.2828806747116457,1.4817779467040342,6.831080975434162e-12
6.666666666666667,2.6666666666666665,0.9424777960769379,2.356194490192345,1,0.32700399403290015,2.8708096529851126,2.7139069206973656,4.4479894574376304e-13
6.666666666666667,2.6666666666666665,0.9424777960769379,2.356194490192345,2,0.09574259695672636,1.183143982813572,1.2293110850386038,8.39607462438652e-15
12.916666666666666,8.333333333333334,0.48644015281390346,0.7539822368615503,1,0.24357529065153258,1.3964069863955806,1.5330346052328052,4.249152567692547e-15
14.166666666666666,9.666666666666666,0.4435189628597355,0.6499846869496124,1,0.2616638827003115,1.4188865446683747,1.5216639055463097,3.097114452834053e-8
9.166666666666666,5.0,0.6854383971468639,1.2566370614359172,1,0.13846884060662712,1.131966384986163,1.2515654306131165,5.1912183663994556e-14
11.666666666666666,7.333333333333333,0.5385587406153931,0.85679799643358,1,0.23884956430013432,1.4022037223989279,1.5806320659413586,1.5543940776450018e-11
7.916666666666667,4.0,0.7936655124858425,1.5707963267948966,1,0.10418161114528955,1.0955762766550696,1.1718818626453162,3.945328829246983e-8
7.916666666666667,4.0,0.7936655124858425,1.5707963267948966,2,0.39472350295066005,3.0858066693369994,3.04492547632887,2.0150298978573354e-11
10.416666666666666,6.333333333333333,0.6031857894892403,0.9920818906073031,1,0.23240903200289695,1.3951409070990919,1.623854655430422,8.605889366994631e-13
12.916666666666666,8.666666666666666,0.48644015281390346,0.7249829200591831,1,0.256255833961732,1.434631891315259,1.5685200969976307,8.234759835990945e-9
14.166666666666666,10.0,0.4435189628597355,0.6283185307179586,1,0.27336113245216187,1.4479695842720797,1.5482988088901308,7.866194461655432e-9
6.666666666666667,3.0,0.9424777960769379,2.0943951023931953,1,0.09314441035925784,1.131543433717979,1.191654694799388,7.309815038116673e-10
6.666666666666667,3.0,0.9424777960769379,2.0943951023931953,2,0.3762411967994113,3.190118680701452,3.021521019095235,4.9765306530908524e-12
9.166666666666666,5.333333333333333,0.6854383971468639,1.1780972450961724,1,0.208873190354994,1.321908585830767,1.5743808413359606,1.5897111237201718e-10
11.666666666666666,7.666666666666667,0.5385587406153931,0.8195459096321199,1,0.2528751640576272,1.451204291070213,1.6270109823846433,5.138832326640031e-10
10.416666666666666,6.666666666666667,0.6031857894892403,0.9424777960769379,1,0.25095545575171285,1.4686311334714088,1.7007023570652524,3.024975429027754e-10
7.916666666666667,4.333333333333333,0.7936655124858425,1.4499658401183662,1,0.12449704587704984,1.1208025715799863,1.2324242229382558,3.508282929590777e-12
12.916666666666666,9.0,0.48644015281390346,0.6981317007977318,1,0.2678222623856048,1.467800638184999,1.5978118989384673,3.3070437109522573e-10
11.666666666666666,8.0,0.5385587406153931,0.7853981633974483,1,0.26475830978932513,1.4910209886195058,1.6612794164895393,2.6057066295337772e-11
9.166666666666666,5.666666666666667,0.6854383971468639,1.1087974071493387,1,0.24667261185504175,1.4756976943479903,1.7737389744179488,4.349631821120214e-9
6.666666666666667,3.3333333333333335,0.9424777960769379,1.8849555921538759,1,0.09809794291535016,1.1143820308018062,1.1895645895548426,6.711139183086258e-12
6.666666666666667,3.3333333333333335,0.9424777960769379,1.8849555921538759,2,0.386367574268584,3.186352398448382,3.088006266337114,5.9105669411547576e-9
10.416666666666666,7.0,0.6031857894892403,0.8975979010256552,1,0.2644807173752969,1.521827362738458,1.7480371682464872,4.589327768973949e-12
12.916666666666666,9.333333333333334,0.48644015281390346,0.6731984257692414,1,0.278701421005102,1.497330855667149,1.6229596151753571,1.5294665953794318e-9
7.916666666666667,4.666666666666667,0.7936655124858425,1.3463968515384828,1,0.49384228042827805,3.571506790598132,3.50181963581325,1.3459549570998928e-8
7.916666666666667,4.666666666666667,0.7936655124858425,1.3463968515384828,2,0.2143904964397759,1.3689948015099764,1.676711079634798,4.238655206821829e-9
11.666666666666666,8.333333333333334,0.5385587406153931,0.7539822368615503,1,0.2754250227856883,1.524771298121205,1.688224708163168,9.834741496481686e-13
12.916666666666666,9.666666666666666,0.48644015281390346,0.6499846869496124,1,0.2891574212244902,1.5241977909061113,1.6452810110088358,7.529345018617976e-11
9.166666666666666,6.0,0.6854383971468639,1.0471975511965976,1,0.2664317929378387,1.565503442832466,1.8665179282521134,2.1379578226926354e-11
10.416666666666666,7.333333333333333,0.6031857894892403,0.85679799643358,1,0.27552087760045674,1.5632312307152074,1.7798455200578807,1.234835918087546e-9
6.666666666666667,3.6666666666666665,0.9424777960769379,1.71359599286716,1,0.11370324634202619,1.1253743350410064,1.2319926313838188,4.177938226254918e-12
6.666666666666667,3.6666666666666665,0.9424777960769379,1.71359599286716,2,0.3847090011766083,3.108397996412725,3.066179141943692,5.487244211919175e-12
7.916666666666667,5.0,0.7936655124858425,1.2566370614359172,1,0.2629384909834606,1.5954894795710197,1.969944018857216,5.757564171361344e-10
11.666666666666666,8.666666666666666,0.5385587406153931,0.7249829200591831,1,0.2853791539228084,1.554366222567139,1.7105728316720255,2.1598068864864845e-12
12.916666666666666,10.0,0.48644015281390346,0.6283185307179586,1,0.29936269210936134,1.549094851877736,1.6656597602996581,2.32673448246683e-13
10.416666666666666,7.666666666666667,0.6031857894892403,0.8195459096321199,1,0.285206492721698,1.5972466949029265,1.8027809593847604,1.9237929402894276e-11
9.166666666666666,6.333333333333333,0.6854383971468639,0.9920818906073031,1,0.27996336924415766,1.626884672349589,1.9183082414198367,2.6523862640466602e-11
6.666666666666667,4.0,0.9424777960769379,1.5707963267948966,1,0.21200119774167714,1.4094478917955462,1.7493990118238587,1.5784176961933872e-10
6.666666666666667,4.0,0.9424777960769379,1.5707963267948966,2,0.40374034472722337,3.1685422032110537,3.147744255832166,8.229252622241016e-11
5.416666666666667,2.3333333333333335,1.1599726720946928,2.6927937030769655,1,0.2804809750538984,2.667110750879002,2.4808185098575524,3.2254016545575068e-12
5.416666666666667,2.3333333333333335,1.1599726720946928,2.6927937030769655,2,0.10620926724305807,1.290471093353436,1.3251746909602478,5.954823672007283e-14
11.666666666666666,9.0,0.5385587406153931,0.6981317007977318,1,0.2949189438442469,1.5810470972501012,1.729986190832621,4.965794110583862e-10
7.916666666666667,5.333333333333333,0.7936655124858425,1.1780972450961724,1,0.28557450964520914,1.7192185549323784,2.0948969545200433,3.5219964055179346e-9
10.416666666666666,8.0,0.6031857894892403,0.7853981633974483,1,0.29413267664638626,1.6264333912596598,1.8204887895789787,9.298671065041105e-15
9.166666666666666,6.666666666666667,0.6854383971468639,0.9424777960769379,1,0.2904716787163934,1.672364325476029,1.948973363529993,5.871546858328097e-14
9.166666666666666,6.666666666666667,0.6854383971468639,0.9424777960769379,2,0.6209390488702102,3.6197093133096,3.6884057830865973,2.6376220095304194e-9
11.666666666666666,9.333333333333334,0.5385587406153931,0.6731984257692414,1,0.3042324153728383,1.6056609613769055,1.747533319981466,5.377181299025829e-10
6.666666666666667,4.333333333333333,0.9424777960769379,1.4499658401183662,1,0.27516679197171656,1.7434723321986976,2.1641602021849327,9.908633630141053e-13
6.666666666666667,4.333333333333333,0.9424777960769379,1.4499658401183662,2,0.44446738576293804,3.3434491349000295,3.337003720373503,1.5197339788899376e-10
7.916666666666667,5.666666666666667,0.7936655124858425,1.1087974071493387,1,0.30068579892753916,1.8059598712811966,2.166430802322752,9.809880630677095e-11
5.416666666666667,2.6666666666666665,1.1599726720946928,2.356194490192345,1,0.09987732005590286,1.1876219430033186,1.2587920192997604,4.917445384839447e-8
5.416666666666667,2.6666666666666665,1.1599726720946928,2.356194490192345,2,0.3684885714004748,3.396860708710604,3.093144788828891,5.1767613858594006e-12
14.583333333333334,3.0,0.43084699249231445,2.0943951023931953,1,0.19567527305934923,1.4622147380905433,1.51700834314427,4.937315505592056e-8
14.583333333333334,3.0,0.43084699249231445,2.0943951023931953,2,0.18367646876650714,1.4142364037645399,1.4650243381466779,6.121612735957858e-11
10.416666666666666,8.333333333333334,0.6031857894892403,0.7539822368615503,1,0.3026449058326315,1.6523992610849507,1.8351402544672564,2.564010046547125e-10
9.166666666666666,7.0,0.6854383971468639,0.8975979010256552,1,0.29930968932307617,1.7078681459698768,1.9674022087860117,3.313630113310411e-11
9.166666666666666,7.0,0.6854383971468639,0.8975979010256552,2,0.601470947470102,3.475904774734911,3.582083391857112,2.129976084490324e-10
11.666666666666666,9.666666666666666,0.5385587406153931,0.6499846869496124,1,0.3134447589033296,1.6288120157455406,1.7639325690639365,8.946703276685067e-10
6.666666666666667,4.666666666666667,0.9424777960769379,1.3463968515384828,1,0.3008696563571961,1.9113541625842656,2.3195464183876005,9.931471365626006e-10
10.416666666666666,8.666666666666666,0.6031857894892403,0.7249829200591831,1,0.310956728370169,1.676212734763404,1.8480965834173804,3.8401220150398004e-14
7.916666666666667,6.0,0.7936655124858425,1.0471975511965976,1,0.31222485428094915,1.8725159817555546,2.2107750609507386,2.8433635831064907e-9
14.583333333333334,3.3333333333333335,0.43084699249231445,1.8849555921538759,1,0.1279925946588103,1.1874156914724316,1.2250801850678366,1.2356410995619521e-12
14.583333333333334,3.3333333333333335,0.43084699249231445,1.8849555921538759,2,0.286085664808125,1.8184375785614075,1.9052952225019841,2.537874080367409e-13
11.666666666666666,10.0,0.5385587406153931,0.6283185307179586,1,0.3226443012678799,1.6509506817787227,1.7796891576718843,6.129271680125977e-9
5.416666666666667,3.0,1.1599726720946928,2.0943951023931953,1,0.1105959625256169,1.1684220204660198,1.2780888706592504,6.1051252279189456e-9
5.416666666666667,3.0,1.1599726720946928,2.0943951023931953,2,0.39192105642865993,3.4452777681824247,3.2216057911749734,2.06385582063146e-11
9.166666666666666,7.333333333333333,0.6854383971468639,0.85679799643358,1,0.30719568056313995,1.7368114778683215,1.9785864559187791,4.4038083775391666e-14
9.166666666666666,7.333333333333333,0.6854383971468639,0.85679799643358,2,0.5838270891533468,3.3357940452176624,3.4689546128503705,1.6013444367681657e-14
10.416666666666666,9.0,0.6031857894892403,0.6981317007977318,1,0.3192069591416901,1.6986182127876004,1.8602441546291417,5.787221410850987e-11
10.416666666666666,9.0,0.6031857894892403,0.6981317007977318,2,0.6235400792998568,3.0653864863822045,3.266627131223649,3.6098174866109407e-13
7.916666666666667,6.333333333333333,0.7936655124858425,0.9920818906073031,1,0.32176265412409294,1.925533262328479,2.2385482122871068,7.396728735617821e-9
7.916666666666667,6.333333333333333,0.7936655124858425,0.9920818906073031,2,0.5233882246592215,3.3407009903146854,3.4327963224145694,3.679100736407735e-11
14.583333333333334,3.6666666666666665,0.43084699249231445,1.71359599286716,1,0.11466375109450123,1.1311878412909504,1.166791752319105,8.069826246999974e-9
14.583333333333334,3.6666666666666665,0.43084699249231445,1.71359599286716,2,0.3258365978505679,1.9659785835655796,2.070331769344225,4.132281916381284e-11
6.666666666666667,5.0,0.9424777960769379,1.2566370614359172,1,0.4850824041794274,3.4229578437968105,3.469239222200706,5.969870366495326e-11
6.666666666666667,5.0,0.9424777960769379,1.2566370614359172,2,0.3175782542814197,2.0315304418776714,2.409621287587007,1.5188648327921747e-14
9.166666666666666,7.666666666666667,0.6854383971468639,0.8195459096321199,1,0.31456430690246845,1.7614465349711579,1.9857058636195313,1.0035608022262099e-12
5.416666666666667,3.3333333333333335,1.1599726720946928,1.8849555921538759,1,0.19772208338125102,1.4374776662926116,1.759609680013555,5.206089220760904e-13
5.416666666666667,3.3333333333333335,1.1599726720946928,1.8849555921538759,2,0.40301302442921444,3.470456107432951,3.2267115196486573,5.339072595552994e-11
5.416666666666667,3.3333333333333335,1.1599726720946928,1.8849555921538759,3,0.3721600757696285,3.169142729972708,3.003571696069204,9.837914145740488e-12
5.416666666666667,3.3333333333333335,1.1599726720946928,1.8849555921538759,4,0.3875041246694466,3.2453468413303623,3.1514890699081715,1.5369991547421736e-9
10.416666666666666,9.333333333333334,0.6031857894892403,0.6731984257692414,1,0.3274911402532158,1.7201603074413798,1.8721837715036127,1.941803551452907e-10
7.916666666666667,6.666666666666667,0.7936655124858425,0.9424777960769379,1,0.33009877653849595,1.9685218202445147,2.2553823388567977,8.249333331519025e-10
14.583333333333334,4.0,0.43084699249231445,1.5707963267948966,1,0.10826319737359758,1.1027774991584756,1.1371728855865033,5.803714949168875e-8
14.583333333333334,4.0,0.43084699249231445,1.5707963267948966,2,0.3513463213216276,2.0810460804014443,2.191846968027016,2.2248303422375156e-9
9.166666666666666,8.0,0.6854383971468639,0.7853981633974483,1,0.3216981951956195,1.7833754131271733,1.9908966267021353,4.594660610730783e-11
9.166666666666666,8.0,0.6854383971468639,0.7853981633974483,2,0.5555764709304575,3.0890823168489305,3.245683877525404,1.105087261437584e-14
6.666666666666667,5.333333333333333,0.9424777960769379,1.1780972450961724,1,0.45242978449529225,3.2266061514458433,3.260861347243074,9.056419982572058e-11
6.666666666666667,5.333333333333333,0.9424777960769379,1.1780972450961724,2,0.33023076302781124,2.126373608932269,2.469158073968008,2.3957208696869924e-9
13.333333333333334,3.0,0.47123889803846897,2.0943951023931953,1,0.1411795733723129,1.2724055532887526,1.3134250921709802,2.6158715196438107e-11
13.333333333333334,3.0,0.47123889803846897,2.0943951023931953,2,0.24009263843008244,1.6962248061569771,1.7663903176061277,2.0672719548005817e-12
10.416666666666666,9.666666666666666,0.6031857894892403,0.6499846869496124,1,0.3358807869186392,1.7412619673360756,1.8843471272050731,1.4690276843064465e-9
5.416666666666667,3.6666666666666665,1.1599726720946928,1.71359599286716,1,0.27842735510343075,1.9033415328386676,2.3033376430310524,1.2240455768346707e-12
5.416666666666667,3.6666666666666665,1.1599726720946928,1.71359599286716,2,0.3944140848285494,3.1610467616194984,3.141295909862852,1.8384426836481922e-8
5.416666666666667,3.6666666666666665,1.1599726720946928,1.71359599286716,3,0.3680737211293928,2.9639824965022434,2.917509874037226,2.094252853254987e-10
7.916666666666667,7.0,0.7936655124858425,0.8975979010256552,1,0.33770147343017454,2.0038331580714397,2.2648457625968357,4.057571332464531e-14
7.916666666666667,7.0,0.7936655124858425,0.8975979010256552,2,0.4954237141940267,3.1194914585054363,3.2005646188426997,8.700008705868069e-13
9.166666666666666,8.333333333333334,0.6854383971468639,0.7539822368615503,1,0.3287883125833431,1.8037752192246033,1.9956082870281726,3.817038748015806e-9
14.583333333333334,4.333333333333333,0.43084699249231445,1.4499658401183662,1,0.10512509422592982,1.0865301517271846,1.1202323166370836,2.931839380904076e-8
14.583333333333334,4.333333333333333,0.43084699249231445,1.4499658401183662,2,0.37164599224681805,2.2162980485234955,2.3145348533294237,6.1481401529864905e-12
6.666666666666667,5.666666666666667,0.9424777960769379,1.1087974071493387,1,0.34064187472188695,2.2031630568698155,2.510705897552344,1.1584156184115865e-13
6.666666666666667,5.666666666666667,0.9424777960769379,1.1087974071493387,2,0.445507555163567,3.183040997680927,3.1814471134987508,1.3194469951211308e-11
13.333333333333334,3.3333333333333335,0.47123889803846897,1.8849555921538759,1,0.11647217652325594,1.1621975396362036,1.200389983646941,1.9269329577001915e-10
13.333333333333334,3.3333333333333335,0.47123889803846897,1.8849555921538759,2,0.2991252067809455,1.9457050627275876,2.0352366247313696,2.469779848878216e-13
10.416666666666666,10.0,0.6031857894892403,0.6283185307179586,1,0.34443660467041787,1.7622784277163908,1.8970744517692324,2.019121709031221e-11
7.916666666666667,7.333333333333333,0.7936655124858425,0.85679799643358,1,0.3448813808417939,2.0333836671219596,2.269583043771622,4.492333014401295e-11
9.166666666666666,8.666666666666666,0.6854383971468639,0.7249829200591831,1,0.3359684591147988,1.8235285225830666,2.0008255731612676,4.400923092737445e-9
5.416666666666667,4.0,1.1599726720946928,1.5707963267948966,1,0.30882837998893686,2.1215623179333694,2.4918100014599203,4.339808924691696e-12
5.416666666666667,4.0,1.1599726720946928,1.5707963267948966,2,0.3803108952251482,2.9604516143239024,2.9772195073075274,6.700494797608686e-12
14.583333333333334,4.666666666666667,0.43084699249231445,1.3463968515384828,1,0.10396822162550683,1.07686573773882,1.1103643137764567,3.2886186253911113e-10
6.666666666666667,6.0,0.9424777960769379,1.0471975511965976,1,0.3496765519954394,2.2653938184071745,2.540192899231854,3.4812067909533986e-9
13.333333333333334,3.6666666666666665,0.47123889803846897,1.71359599286716,1,0.10707456018447233,1.1180252559214165,1.1552540757957916,3.2969292512578947e-9
13.333333333333334,3.6666666666666665,0.47123889803846897,1.71359599286716,2,0.3336899135013392,2.09001738211421,2.193592101282367,8.875987313081421e-10
9.166666666666666,9.0,0.6854383971468639,0.6981317007977318,1,0.3433398219845019,1.8433261492286623,2.0072399667851903,6.612208085446642e-10
7.916666666666667,7.666666666666667,0.7936655124858425,0.8195459096321199,1,0.351884817335381,2.0590405383243486,2.271898740092934,3.564912174592513e-12
7.916666666666667,7.666666666666667,0.7936655124858425,0.8195459096321199,2,0.48681683572616136,2.9997598635918568,3.0616867661491254,5.054423549935294e-11
14.583333333333334,5.0,0.43084699249231445,1.2566370614359172,1,0.10422217589271802,1.071291426031241,1.1050801566492234,2.7988897994414438e-9
14.583333333333334,5.0,0.43084699249231445,1.2566370614359172,2,0.42896281192770525,2.5740201711557917,2.6265372624001664,8.703643202446346e-13
5.416666666666667,4.333333333333333,1.1599726720946928,1.4499658401183662,1,0.32834632329580227,2.2803005987001246,2.6034508612492964,7.502854957926797e-11
5.416666666666667,4.333333333333333,1.1599726720946928,1.4499658401183662,2,0.38383640112944123,2.9720491693191775,2.984647064736146,2.539480101771811e-11
6.666666666666667,6.333333333333333,0.9424777960769379,0.9920818906073031,1,0.4461075635053993,3.146611834561831,3.104451336020224,1.4830275574518987e-12
6.666666666666667,6.333333333333333,0.9424777960769379,0.9920818906073031,2,0.35782890512429966,2.315657939386538,2.5610572088620946,1.165166656587844e-8
12.083333333333334,3.0,0.5199877495596898,2.0943951023931953,1,0.122925705920397,1.2199476954835275,1.2593818959902379,2.0937049409175828e-11
12.083333333333334,3.0,0.5199877495596898,2.0943951023931953,2,0.26262975928525306,1.867994313823081,1.9391166739170531,3.747414069429709e-11
13.333333333333334,4.0,0.47123889803846897,1.5707963267948966,1,0.10269663146788993,1.0948166111639153,1.1315002452491023,7.158668534731567e-13
13.333333333333334,4.0,0.47123889803846897,1.5707963267948966,2,0.355883680240779,2.217467013677348,2.3193221371569175,1.013703171866503e-10
9.166666666666666,9.333333333333334,0.6854383971468639,0.6731984257692414,1,0.3509919533957657,1.863764641633081,2.015396336440244,2.0858614784197914e-12
7.916666666666667,8.0,0.7936655124858425,0.7853981633974483,1,0.3589632771552556,2.082936177530959,2.2741506493698362,5.676797609033423e-12
7.916666666666667,8.0,0.7936655124858425,0.7853981633974483,2,0.4844020503991203,2.9477420185105974,3.003879688254015,3.685026325693745e-12
14.583333333333334,5.333333333333333,0.43084699249231445,1.1780972450961724,1,0.10561562438961458,1.0685911447414298,1.103182929107956,9.075200658500509e-8
5.416666666666667,4.666666666666667,1.1599726720946928,1.3463968515384828,1,0.343131111814644,2.410761375906765,2.681654144824185,3.3669749736851285e-14
5.416666666666667,4.666666666666667,1.1599726720946928,1.3463968515384828,2,0.39190361431200277,3.04519055020545,3.0066559862895716,3.4643559600201977e-11
6.666666666666667,6.666666666666667,0.9424777960769379,0.9424777960769379,1,0.36543256236982263,2.3564199186623833,2.5757045148885407,2.5018808903160005e-9
6.666666666666667,6.666666666666667,0.9424777960769379,0.9424777960769379,2,0.44710800547973006,3.1188042338115025,3.0703046407018726,5.364674087030003e-9
13.333333333333334,4.333333333333333,0.47123889803846897,1.4499658401183662,1,0.1009747294936905,1.0815912985384994,1.1182169340390007,9.340465466779858e-11
12.083333333333334,3.3333333333333335,0.5199877495596898,1.8849555921538759,1,0.1073147339699642,1.1423842395788917,1.1817990680859487,1.2228784457007349e-10
12.083333333333334,3.3333333333333335,0.5199877495596898,1.8849555921538759,2,0.31243094744064603,2.0978009132588533,2.1822285169211577,1.099044628423494e-10
9.166666666666666,9.666666666666666,0.6854383971468639,0.6499846869496124,1,0.35902509618603484,1.8854533308681698,2.025834695943096,4.467144265684424e-10
7.916666666666667,8.333333333333334,0.7936655124858425,0.7539822368615503,1,0.36644642849612225,2.1078296836122448,2.2791321460927363,1.9104918467934733e-10
7.916666666666667,8.333333333333334,0.7936655124858425,0.7539822368615503,2,0.4821854616375128,2.895712792638875,2.9484409939041596,4.767098980763073e-13
14.583333333333334,5.666666666666667,0.43084699249231445,1.1087974071493387,1,0.10803841011017669,1.0681907758733598,1.1041420714202825,4.4324452556009624e-11
9.166666666666666,10.0,0.6854383971468639,0.6283185307179586,1,0.3675825043502293,1.9091668504699926,2.0392689413377343,3.774963744766134e-11
6.666666666666667,7.0,0.9424777960769379,0.8975979010256552,1,0.37274634455584676,2.390135120056106,2.586086097310679,1.9415521563890033e-9
6.666666666666667,7.0,0.9424777960769379,0.8975979010256552,2,0.4478137828154569,3.0833008351746956,3.034703435620673,1.6695819748070971e-13
10.833333333333334,2.6666666666666665,0.5799863360473464,2.356194490192345,1,0.19750538761519043,1.6151736351051353,1.6641913053859798,1.0738574827168505e-9
10.833333333333334,2.6666666666666665,0.5799863360473464,2.356194490192345,2,0.14985318500498296,1.3850161313595097,1.4239747407703942,3.1583608685331434e-9
13.333333333333334,4.666666666666667,0.47123889803846897,1.3463968515384828,1,0.1010174141600989,1.0740738496095337,1.1112214813649985,1.9600398636879608e-11
13.333333333333334,4.666666666666667,0.47123889803846897,1.3463968515384828,2,0.40214221478845175,2.5669615509826325,2.6123978012035503,9.608384277003487e-15
5.416666666666667,5.0,1.1599726720946928,1.2566370614359172,1,0.40120987656345775,3.1219525891082642,3.037233748134757,3.2770468009617565e-9
5.416666666666667,5.0,1.1599726720946928,1.2566370614359172,2,0.3552319707589611,2.518749123175156,2.740024532077852,4.675129161365573e-9
12.083333333333334,3.6666666666666665,0.5199877495596898,1.71359599286716,1,0.10095124038497356,1.1072525751922162,1.146685339292342,1.253700753345341e-10
12.083333333333334,3.6666666666666665,0.5199877495596898,1.71359599286716,2,0.3427092008650491,2.244853382123445,2.3382037810926306,3.5087143030978003e-10
7.916666666666667,8.666666666666666,0.7936655124858425,0.7249829200591831,1,0.37485343622466505,2.1377000268547235,2.2906645510680166,3.135451914207697e-10
14.583333333333334,6.0,0.43084699249231445,1.0471975511965976,1,0.11149406869094046,1.0699128238484499,1.107863210094561,8.697466074301809e-13
14.583333333333334,6.0,0.43084699249231445,1.0471975511965976,2,0.5957933042124637,3.2336206915666206,3.2318869495684748,3.3770101781858726e-13
6.666666666666667,7.333333333333333,0.9424777960769379,0.85679799643358,1,0.379991360980818,2.419202695844115,2.593944652711542,4.847580577727439e-11
6.666666666666667,7.333333333333333,0.9424777960769379,0.85679799643358,2,0.4481422546524534,3.0414657310058906,2.9972630010023735,6.044112156790582e-13
13.333333333333334,5.0,0.47123889803846897,1.2566370614359172,1,0.10244550159656234,1.0703357486249714,1.1086709311964205,4.543330792108625e-8
13.333333333333334,5.0,0.47123889803846897,1.2566370614359172,2,0.4408424419913415,2.782819832699035,2.8034544431277855,1.5410626914034438e-10
7.916666666666667,9.0,0.7936655124858425,0.6981317007977318,1,0.38512021156064113,2.1789755575001966,2.314804740075947,1.7559976419539781e-13
7.916666666666667,9.0,0.7936655124858425,0.6981317007977318,2,0.4764996588989559,2.7825441976846097,2.834965466578664,4.142745634879232e-11
5.416666666666667,5.333333333333333,1.1599726720946928,1.1780972450961724,1,0.36543230870530274,2.604034978337072,2.783475526906376,1.3225131165203758e-12
5.416666666666667,5.333333333333333,1.1599726720946928,1.1780972450961724,2,0.4092873307277256,3.1750534339096914,3.058605753991886,6.172230187019642e-14
12.083333333333334,4.0,0.5199877495596898,1.5707963267948966,1,0.09842859050890203,1.0885283065086662,1.1282488011011023,2.7784365295541423e-12
12.083333333333334,4.0,0.5199877495596898,1.5707963267948966,2,0.3621185674337418,2.3877891232103816,2.4693172334254028,1.0454016937328579e-11
10.833333333333334,3.0,0.5799863360473464,2.0943951023931953,1,0.11019191791208571,1.184773237548907,1.2244820871024713,1.440972889027966e-8
10.833333333333334,3.0,0.5799863360473464,2.0943951023931953,2,0.2833028523647186,2.064087531436303,2.1233038422889328,3.409380878564295e-9
14.583333333333334,6.333333333333333,0.43084699249231445,0.9920818906073031,1,0.1160912118916118,1.0739054045726244,1.1146341481127626,6.666926995187603e-13
6.666666666666667,7.666666666666667,0.9424777960769379,0.8195459096321199,1,0.3873733668039739,2.4459691285207814,2.6009571234115265,3.830045270154284e-13
6.666666666666667,7.666666666666667,0.9424777960769379,0.8195459096321199,2,0.4480588402070973,2.994353218437621,2.9578589547314014,4.398390727802675e-12
7.916666666666667,9.333333333333334,0.7936655124858425,0.6731984257692414,1,0.3989997757011574,2.2423386709159363,2.3615500577222908,5.755569690159507e-13
13.333333333333334,5.333333333333333,0.47123889803846897,1.1780972450961724,1,0.10513128003265464,1.0695182083772319,1.1098232816719311,8.422235013721026e-12
5.416666666666667,5.666666666666667,1.1599726720946928,1.1087974071493387,1,0.37407765933925835,2.6665511394626176,2.814150264526817,1.1212755831349509e-11
5.416666666666667,5.666666666666667,1.1599726720946928,1.1087974071493387,2,0.415508399071561,3.1992274867928017,3.0664341887273494,1.7330720436761644e-9
12.083333333333334,4.333333333333333,0.5199877495596898,1.4499658401183662,1,0.09820106175136765,1.078212745000711,1.118820388287292,8.546715252319535e-10
12.083333333333334,4.333333333333333,0.5199877495596898,1.4499658401183662,2,0.3824683978649585,2.5682884615943964,2.614610492430954,1.1145390985240876e-10
14.583333333333334,6.666666666666667,0.43084699249231445,0.9424777960769379,1,0.1220672748103132,1.0806906758013644,1.125203841883253,2.1299717010519785e-9
10.833333333333334,3.3333333333333335,0.5799863360473464,1.8849555921538759,1,0.10010870400474586,1.1266135491517764,1.168020161807783,5.776835564010889e-13
10.833333333333334,3.3333333333333335,0.5799863360473464,1.8849555921538759,2,0.32769331986616224,2.29002352128743,2.356291583432718,4.952992029669799e-10
7.916666666666667,9.666666666666666,0.7936655124858425,0.6499846869496124,1,0.4631036618691093,2.6214508402574004,2.685777481534119,2.410572396372299e-10
7.916666666666667,9.666666666666666,0.7936655124858425,0.6499846869496124,2,0.41958986308428736,2.344527087952133,2.445768477227656,1.778882549978901e-10
6.666666666666667,8.0,0.9424777960769379,0.7853981633974483,1,0.4474906780899827,2.942193737178905,2.9161045124765383,1.6791688634904246e-11
6.666666666666667,8.0,0.9424777960769379,0.7853981633974483,2,0.39511114230114225,2.4729021926187165,2.6089022971369578,6.729673776796955e-11
13.333333333333334,5.666666666666667,0.47123889803846897,1.1087974071493387,1,0.10912416917244518,1.071397026839622,1.1146476927501696,8.878176563333719e-9
14.583333333333334,7.0,0.43084699249231445,0.8975979010256552,1,0.12984484925634618,1.0913519983999889,1.1410125418985475,4.1508998845879465e-12
12.083333333333334,4.666666666666667,0.5199877495596898,1.3463968515384828,1,0.09970070691014256,1.0730666986442592,1.115398168090616,1.0970152359662816e-8
12.083333333333334,4.666666666666667,0.5199877495596898,1.3463968515384828,2,0.41301563229056504,2.7824234451289156,2.7908115735189756,4.187659237415665e-9
5.416666666666667,6.0,1.1599726720946928,1.0471975511965976,1,0.4199268694882943,3.1973798175877426,3.0614577885786898,1.4692170034389993e-12
5.416666666666667,6.0,1.1599726720946928,1.0471975511965976,2,0.38142690067115037,2.708507741865665,2.8337791285359604,1.1813056456000072e-8
10.833333333333334,3.6666666666666665,0.5799863360473464,1.71359599286716,1,0.09632788153457154,1.0987753975591867,1.1413082645505326,8.117345363858667e-12
6.666666666666667,8.333333333333334,0.9424777960769379,0.7539822368615503,1,0.40350222764992066,2.5031642327542594,2.6200427482485558,1.5552865563593646e-11
6.666666666666667,8.333333333333334,0.9424777960769379,0.7539822368615503,2,0.44624653903428935,2.8838222690801576,2.870870313790699,7.68634061304248e-9
13.333333333333334,6.0,0.47123889803846897,1.0471975511965976,1,0.11465983549951915,1.0762994775291246,1.1238069118250325,4.842123379983302e-9
14.583333333333334,7.333333333333333,0.43084699249231445,0.85679799643358,1,0.14011367080642637,1.1079132929494777,1.1646007758011454,1.456277446838606e-13
9.583333333333334,2.6666666666666665,0.6556367277056959,2.356194490192345,1,0.12024363249367213,1.273285068118536,1.3082693428748864,4.737036399431145e-10
9.583333333333334,2.6666666666666665,0.6556367277056959,2.356194490192345,2,0.2382500065996014,1.9097293303406322,1.9475294996680983,2.749970908509513e-13
12.083333333333334,5.0,0.5199877495596898,1.2566370614359172,1,0.1027770325835823,1.071748689129744,1.116905240873055,6.764768187662189e-10
12.083333333333334,5.0,0.5199877495596898,1.2566370614359172,2,0.45974263723283937,3.0276541329945554,3.0108115291653617,4.316938287506191e-15
5.416666666666667,6.333333333333333,1.1599726720946928,0.9920818906073031,1,0.4228438581398115,3.174997575750449,3.046162848298564,2.3127209131484226e-11
10.833333333333334,4.0,0.5799863360473464,1.5707963267948966,1,0.0957062937372546,1.0842140658839305,1.1282681886023762,7.572623957185578e-8
10.833333333333334,4.0,0.5799863360473464,1.5707963267948966,2,0.37056696560916763,2.594312242822139,2.642282400507206,3.932731012559778e-9
6.666666666666667,8.666666666666666,0.9424777960769379,0.7249829200591831,1,0.4131596208911307,2.542749219323974,2.6385264315077386,4.4656510694099796e-14
6.666666666666667,8.666666666666666,0.9424777960769379,0.7249829200591831,2,0.44378104857469725,2.8146530810832777,2.8188682885931797,4.4737205281399155e-9
13.333333333333334,6.333333333333333,0.47123889803846897,0.9920818906073031,1,0.12225172186457853,1.0853128782006742,1.138991839094312,3.268402008417467e-11
14.583333333333334,7.666666666666667,0.43084699249231445,0.8195459096321199,1,0.15378953211963445,1.1337067492792698,1.1997895334398425,1.5069314853907165e-12
12.083333333333334,5.333333333333333,0.5199877495596898,1.1780972450961724,1,0.10757394806850895,1.0739821296523084,1.1234869042314168,2.3432228892636933e-13
9.583333333333334,3.0,0.6556367277056959,2.0943951023931953,1,0.10086474207581862,1.1590115068800988,1.20044445701189,1.97210120230615e-11
9.583333333333334,3.0,0.6556367277056959,2.0943951023931953,2,0.30626288966415705,2.314327566237207,2.3410328361456756,6.538249845348406e-11
5.416666666666667,6.666666666666667,1.1599726720946928,0.9424777960769379,1,0.4245931634138608,3.1374408175942197,3.0231867541338207,4.2250144758161613e-10
5.416666666666667,6.666666666666667,1.1599726720946928,0.9424777960769379,2,0.39346895489003936,2.7490960596934433,2.848531933302098,8.894625123523742e-11
10.833333333333334,4.333333333333333,0.5799863360473464,1.4499658401183662,1,0.09730782972776564,1.077076310254614,1.1236426394079557,7.88346896286204e-9
10.833333333333334,4.333333333333333,0.5799863360473464,1.4499658401183662,2,0.39267963574221476,2.7901689434955967,2.795121715652237,4.1261134155092974e-10
6.666666666666667,9.0,0.9424777960769379,0.6981317007977318,1,0.427512072842079,2.6228252747492493,2.6852925737502016,7.217538869864321e-9
6.666666666666667,9.0,0.9424777960769379,0.6981317007977318,2,0.43669924188763953,2.7044659358297327,2.7397541638780414,1.9374961669506205e-11
13.333333333333334,6.666666666666667,0.47123889803846897,0.9424777960769379,1,0.13291838578187692,1.1010006488948103,1.1638850961852567,7.539504520149701e-13
14.583333333333334,8.0,0.43084699249231445,0.7853981633974483,1,0.17117290179113176,1.1718141393112627,1.2490600285801898,1.0372889738289894e-8
12.083333333333334,5.666666666666667,0.5199877495596898,1.1087974071493387,1,0.11460142847548142,1.0805036938387704,1.1366770541816755,5.3190922501622644e-8
5.416666666666667,7.0,1.1599726720946928,0.8975979010256552,1,0.39886378728616284,2.758535963979907,2.8485231615191875,5.701872917080856e-9
9.583333333333334,3.3333333333333335,0.6556367277056959,1.8849555921538759,1,0.09484438926124453,1.1145333046963806,1.1591948832423458,5.1599438047475576e-12
9.583333333333334,3.3333333333333335,0.6556367277056959,1.8849555921538759,2,0.3462438416971984,2.5376699815344037,2.5662082998843037,1.0621544172618295e-9
10.833333333333334,4.666666666666667,0.5799863360473464,1.3463968515384828,1,0.10094865869554957,1.0751562799180088,1.1257974660709962,2.1968403607829658e-11
14.583333333333334,8.333333333333334,0.43084699249231445,0.7539822368615503,1,0.19026303822314136,1.2191430941761872,1.306377659709957,1.278538581027169e-11
13.333333333333334,7.0,0.47123889803846897,0.8975979010256552,1,0.148532935756301,1.1290978785281136,1.206113370112874,5.886689370224844e-14
12.083333333333334,6.0,0.5199877495596898,1.0471975511965976,1,0.1250805214657828,1.0938696781729234,1.1607384623052992,7.623015456464269e-10
5.416666666666667,7.333333333333333,1.1599726720946928,0.85679799643358,1,0.40436179714820675,2.768232171345355,2.847038744403892,5.2471571790104e-14
5.416666666666667,7.333333333333333,1.1599726720946928,0.85679799643358,2,0.4254395836028721,3.0299696826996048,2.9611355907622903,2.6878280143699495e-9
14.583333333333334,8.666666666666666,0.43084699249231445,0.7249829200591831,1,0.20822820563414313,1.2670251748548738,1.3605268590201596,8.991767390258128e-15
13.333333333333334,7.333333333333333,0.47123889803846897,0.85679799643358,1,0.17067812098435967,1.1782157150016161,1.2749003505757066,6.207956475917149e-9
10.833333333333334,5.0,0.5799863360473464,1.2566370614359172,1,0.10697528547872054,1.078157191454579,1.135355745758765,1.4044527295064737e-8
9.583333333333334,3.6666666666666665,0.6556367277056959,1.71359599286716,1,0.09358316906119256,1.093095170720132,1.1405010535288038,1.4342756438843404e-10
9.583333333333334,3.6666666666666665,0.6556367277056959,1.71359599286716,2,0.36644250546092183,2.675752981509997,2.706428512497456,2.952094328613681e-10
8.333333333333334,2.6666666666666665,0.7539822368615503,2.356194490192345,1,0.10538497922488525,1.2204557555264302,1.2569343294713113,9.178175408558724e-12
8.333333333333334,2.6666666666666665,0.7539822368615503,2.356194490192345,2,0.2722958662579174,2.241992851293766,2.2322571586671995,5.914374233203387e-11
12.083333333333334,6.333333333333333,0.5199877495596898,0.9920818906073031,1,0.14199231164991713,1.1217397875923751,1.207423842729166,2.0414711816161122e-11
14.583333333333334,9.0,0.43084699249231445,0.6981317007977318,1,0.22419187842548657,1.3104979606855065,1.4067741055963943,9.723197738388826e-12
13.333333333333334,7.666666666666667,0.47123889803846897,0.8195459096321199,1,0.19478125682613656,1.2423467537466504,1.3565559691220104,2.2286404334967678e-11
5.416666666666667,7.666666666666667,1.1599726720946928,0.8195459096321199,1,0.41062143588886985,2.7869551321342243,2.8480400718588044,1.5449520945204015e-11
5.416666666666667,7.666666666666667,1.1599726720946928,0.8195459096321199,2,0.42432440092697704,2.9577492689787794,2.921559940896561,2.7684821114128378e-9
10.833333333333334,5.333333333333333,0.5799863360473464,1.1780972450961724,1,0.1165673077096419,1.0879078382451897,1.15617030751884,5.034271664773138e-13
9.583333333333334,4.0,0.6556367277056959,1.5707963267948966,1,0.0953130336630441,1.0829999340740026,1.134170933314001,1.0015615767839401e-7
9.583333333333334,4.0,0.6556367277056959,1.5707963267948966,2,0.38074986700529867,2.823911377381412,2.827730627195339,4.1981841795026495e-9
12.083333333333334,6.666666666666667,0.5199877495596898,0.9424777960769379,1,0.1704868123909871,1.183822619311258,1.3027647470421253,3.532145409149058e-9
8.333333333333334,3.0,0.7539822368615503,2.0943951023931953,1,0.09455300571680894,1.1406379954317873,1.185978842818344,1.6729925239435552e-8
8.333333333333334,3.0,0.7539822368615503,2.0943951023931953,2,0.3341797260389674,2.6454434777894127,2.60807875960489,3.5239895232818237e-10
14.583333333333334,9.333333333333334,0.43084699249231445,0.6731984257692414,1,0.2384899805716821,1.3489208486591995,1.4456673094808434,8.245838050596941e-14
13.333333333333334,8.0,0.47123889803846897,0.7853981633974483,1,0.2149650816410685,1.3019470114345835,1.4250734984577205,2.02378970685699e-12
10.833333333333334,5.666666666666667,0.5799863360473464,1.1087974071493387,1,0.1332864619798905,1.1121016349615687,1.2018041458503195,9.881955627839857e-13
9.583333333333334,4.333333333333333,0.6556367277056959,1.4499658401183662,1,0.09979557090853962,1.0803930268469555,1.1375998377448373,1.0259382038380951e-8
9.583333333333334,4.333333333333333,0.6556367277056959,1.4499658401183662,2,0.4066519191992135,3.0211135717049826,2.9853089631734484,4.722820887158041e-9
12.083333333333334,7.0,0.5199877495596898,0.8975979010256552,1,0.2017185915101843,1.2722373508117317,1.4218834161972178,4.25715799795196e-8
14.583333333333334,9.666666666666666,0.43084699249231445,0.6499846869496124,1,0.2516106184574882,1.3830362096638562,1.478891923888355,1.5933724744606504e-8
13.333333333333334,8.333333333333334,0.47123889803846897,0.7539822368615503,1,0.2313512842294114,1.3517144753221897,1.4774668853100517,2.297611204562879e-9
8.333333333333334,3.3333333333333335,0.7539822368615503,1.8849555921538759,1,0.09214975615566481,1.1070479813197909,1.1577807723367362,8.100219042529267e-12
8.333333333333334,3.3333333333333335,0.7539822368615503,1.8849555921538759,2,0.3674284786590445,2.8402334384841277,2.809589591497022,5.260752300953433e-11
10.833333333333334,6.0,0.5799863360473464,1.0471975511965976,1,0.16859902514457586,1.1853080224336052,1.326240027695877,3.3162113308275105e-12
9.583333333333334,4.666666666666667,0.6556367277056959,1.3463968515384828,1,0.10786057599582337,1.0851773114120304,1.1528184693709687,9.238287486510755e-11
9.583333333333334,4.666666666666667,0.6556367277056959,1.3463968515384828,2,0.4542570236498285,3.2776530019149357,3.2160743542427994,1.554716136553913e-10
14.583333333333334,10.0,0.43084699249231445,0.6283185307179586,1,0.26393149730212945,1.4137327695199853,1.5079298876982494,1.220993168812272e-8
12.083333333333334,7.333333333333333,0.5199877495596898,0.85679799643358,1,0.2239685569872139,1.3451686100011022,1.5067834083968739,5.7514972126495747e-11
13.333333333333334,8.666666666666666,0.47123889803846897,0.7249829200591831,1,0.2453275718725624,1.3934498940845463,1.5184462224184032,1.0577989735199408e-11
7.083333333333333,2.3333333333333335,0.887037925719471,2.6927937030769655,1,0.12401363362571169,1.3770422559868758,1.3930980638346908,8.6144544822042e-10
7.083333333333333,2.3333333333333335,0.887037925719471,2.6927937030769655,2,0.20565673690018885,1.8740233849109444,1.8635552800816524,3.581268903836641e-10
8.333333333333334,3.6666666666666665,0.7539822368615503,1.71359599286716,1,0.09405963729716174,1.0923074838876983,1.1490423348649337,6.614604471358355e-9
8.333333333333334,3.6666666666666665,0.7539822368615503,1.71359599286716,2,0.3779580795345951,2.920050892184483,2.9038000600971836,5.466951062223462e-9
10.833333333333334,6.333333333333333,0.5799863360473464,0.9920818906073031,1,0.21068207960420515,1.3108400240019564,1.5066625847460355,3.285291969020141e-13
9.583333333333334,5.0,0.6556367277056959,1.2566370614359172,1,0.1227719606453304,1.1030304148376702,1.1917122627372962,1.7705489715024546e-12
12.083333333333334,7.666666666666667,0.5199877495596898,0.8195459096321199,1,0.2403996743165293,1.400979800186191,1.5642817477991544,2.534667513262319e-11
13.333333333333334,9.0,0.47123889803846897,0.6981317007977318,1,0.2578275093532412,1.4293236151993982,1.5518290698079327,1.457132459696464e-11
10.833333333333334,6.666666666666667,0.5799863360473464,0.9424777960769379,1,0.23514821812987047,1.4003092413424998,1.6119721569245589,1.315396384332862e-13
8.333333333333334,4.0,0.7539822368615503,1.5707963267948966,1,0.09994935208688836,1.0891486964751507,1.1554190611152457,6.6621983962447215e-9
8.333333333333334,4.0,0.7539822368615503,1.5707963267948966,2,0.3912864561783379,3.0324932057579543,2.9975210911945402,5.659626268808744e-14
7.083333333333333,2.6666666666666665,0.887037925719471,2.356194490192345,1,0.09704721532481965,1.189222574955227,1.2316912323343667,1.198414081843478e-8
7.083333333333333,2.6666666666666665,0.887037925719471,2.356194490192345,2,0.3121788851670036,2.693069757134386,2.582596771879901,1.2649855169554838e-8
13.333333333333334,9.333333333333334,0.47123889803846897,0.6731984257692414,1,0.26940747638078605,1.4609381026479369,1.5800901303474153,3.08663689802956e-9
12.083333333333334,8.0,0.5199877495596898,0.7853981633974483,1,0.25378951385017184,1.4455456120184142,1.6059323386923996,4.3150186138245266e-11
9.583333333333334,5.333333333333333,0.6556367277056959,1.1780972450961724,1,0.16140136832104804,1.17651895697585,1.3304756776801874,1.7182843790476913e-8
10.833333333333334,7.0,0.5799863360473464,0.8975979010256552,1,0.2515348563504812,1.4628884374149442,1.6745179369157546,7.5211246043737e-9
8.333333333333334,4.333333333333333,0.7539822368615503,1.4499658401183662,1,0.11210781021862959,1.0990243454420676,1.1841764561018284,2.6994042217321887e-12
8.333333333333334,4.333333333333333,0.7539822368615503,1.4499658401183662,2,0.4248157980096126,3.22332342935755,3.169928493115776,4.533402735958835e-12
13.333333333333334,9.666666666666666,0.47123889803846897,0.6499846869496124,1,0.28040830306579567,1.4894181072437847,1.6048276676742796,6.37840090826478e-10
7.083333333333333,3.0,0.887037925719471,2.0943951023931953,1,0.09231756914691361,1.1312838245079326,1.1857012862869372,1.4753588001213194e-10
7.083333333333333,3.0,0.887037925719471,2.0943951023931953,2,0.3661700775845257,3.0533628257515653,2.9187952553142704,6.963561040319698e-11
12.083333333333334,8.333333333333334,0.5199877495596898,0.7539822368615503,1,0.265484779882979,1.4827093860991816,1.6380883838257896,1.070943126005455e-13
9.583333333333334,5.666666666666667,0.6556367277056959,1.1087974071493387,1,0.221426068175737,1.363035610943042,1.6178688259924567,4.766657496105248e-13
10.833333333333334,7.333333333333333,0.5799863360473464,0.85679799643358,1,0.2642528134412218,1.5103277288334596,1.7157970608701212,1.873557427324057e-14
13.333333333333334,10.0,0.47123889803846897,0.6283185307179586,1,0.29104873451732655,1.5155630918656633,1.627105903882026,9.148948299594905e-12
8.333333333333334,4.666666666666667,0.7539822368615503,1.3463968515384828,1,0.1460701792907393,1.1555923943846733,1.3031276390566755,7.310453004242969e-10
12.083333333333334,8.666666666666666,0.5199877495596898,0.7249829200591831,1,0.2761868479111795,1.5148239988174756,1.6642871266374943,6.166370486102197e-13
7.083333333333333,3.3333333333333335,0.887037925719471,1.8849555921538759,1,0.09461182515070216,1.1087559561032765,1.1739049933526393,1.8744862393357457e-10
7.083333333333333,3.3333333333333335,0.887037925719471,1.8849555921538759,2,0.3842965473631927,3.1272276569254087,3.0380694109386606,2.4875345974297995e-9
9.583333333333334,6.0,0.6556367277056959,1.0471975511965976,1,0.24899195071007338,1.4768644205356423,1.7532549191614972,4.5809785288718645e-9
10.833333333333334,7.666666666666667,0.5799863360473464,0.8195459096321199,1,0.27505117689687203,1.5485237715612858,1.7452789496558554,2.106477049031891e-12
12.083333333333334,9.0,0.5199877495596898,0.6981317007977318,1,0.286295729277567,1.5433935959163014,1.686633223572593,2.195392929850917e-9
8.333333333333334,5.0,0.7539822368615503,1.2566370614359172,1,0.23327552551255495,1.4367295713887749,1.7611534379417604,1.1374743451570708e-8
9.583333333333334,6.333333333333333,0.6556367277056959,0.9920818906073031,1,0.26571681378391443,1.549590530714739,1.8239053135703114,6.805990762401135e-13
7.083333333333333,3.6666666666666665,0.887037925719471,1.71359599286716,1,0.1035225576836689,1.1066793468108058,1.1893151315022699,3.0439901366084658e-9
7.083333333333333,3.6666666666666665,0.887037925719471,1.71359599286716,2,0.3838517620322534,3.085057444014042,3.0408060552959704,1.8765957998845686e-14
10.833333333333334,8.0,0.5799863360473464,0.7853981633974483,1,0.284775443508958,1.5807411376551748,1.7678063107544446,2.5727714100457585e-10
12.083333333333334,9.333333333333334,0.5199877495596898,0.6731984257692414,1,0.29605637731423734,1.5694270871507308,1.706452966794303,4.699576517421896e-10
8.333333333333334,5.333333333333333,0.7539822368615503,1.1780972450961724,1,0.265927970443746,1.593028590484458,1.9465208044754987,1.2720162342046746e-8
9.583333333333334,6.666666666666667,0.6556367277056959,0.9424777960769379,1,0.27797782150023437,1.6016357593635138,1.8655948899176258,4.6950520439080925e-12
15.0,3.3333333333333335,0.41887902047863906,1.8849555921538759,1,0.2814906043902701,1.7792594916149151,1.8640961914881364,5.3620026251208975e-11
15.0,3.3333333333333335,0.41887902047863906,1.8849555921538759,2,0.13250243212391236,1.1974766897254563,1.2351467012429502,1.0317922634693115e-8
10.833333333333334,8.333333333333334,0.5799863360473464,0.7539822368615503,1,0.29389021204339927,1.6089549500528504,1.7861347127127916,1.8853403555445117e-13
10.833333333333334,8.333333333333334,0.5799863360473464,0.7539822368615503,2,0.6878361775390852,3.408979498170059,3.5540196303896727,2.6631387253295275e-11
7.083333333333333,4.0,0.887037925719471,1.5707963267948966,1,0.12948508787253282,1.1424386437332417,1.276136401006959,7.659211975177619e-11
12.083333333333334,9.666666666666666,0.5199877495596898,0.6499846869496124,1,0.3056276475212711,1.5936311742002514,1.7246228166408744,2.0440922127933897e-8
5.833333333333333,2.3333333333333335,1.0771174812307862,2.6927937030769655,1,0.10743906375590705,1.2986228336611259,1.3262847934263158,1.2300113374117812e-11
5.833333333333333,2.3333333333333335,1.0771174812307862,2.6927937030769655,2,0.2609575579430284,2.4366160617536328,2.3118621334773843,2.3127055350018078e-11
8.333333333333334,5.666666666666667,0.7539822368615503,1.1087974071493387,1,0.2843887427784931,1.688754140400746,2.0381991366811283,2.8562850157306356e-12
9.583333333333334,7.0,0.6556367277056959,0.8975979010256552,1,0.2879574133406709,1.6415781765685842,1.8917102894240005,8.31573569484081e-10
10.833333333333334,8.666666666666666,0.5799863360473464,0.7249829200591831,1,0.30267238830082094,1.6344399717852065,1.8019430525065037,4.188057275335271e-10
15.0,3.6666666666666665,0.41887902047863906,1.71359599286716,1,0.11754049058901825,1.136177800648693,1.1713477469630826,2.9120974842767525e-12
15.0,3.6666666666666665,0.41887902047863906,1.71359599286716,2,0.3233013801790226,1.929701543394423,2.032878420716426,1.278949676711802e-9
12.083333333333334,10.0,0.5199877495596898,0.6283185307179586,1,0.3151185359634261,1.6165229544208977,1.7417488856022976,1.4782524206329927e-9
7.083333333333333,4.333333333333333,0.887037925719471,1.4499658401183662,1,0.24249404388809903,1.5308630956892166,1.91559345401134,1.1683332394182443e-12
7.083333333333333,4.333333333333333,0.887037925719471,1.4499658401183662,2,0.4429158234838216,3.345393303767821,3.3180089051975776,2.0501352987174736e-8
10.833333333333334,9.0,0.5799863360473464,0.6981317007977318,1,0.3112969137160826,1.6580622279491914,1.8163044248125826,5.04368708434669e-10
9.583333333333334,7.333333333333333,0.6556367277056959,0.85679799643358,1,0.29667525603500916,1.6738923561371986,1.9088586494621271,2.688941993843846e-14
8.333333333333334,6.0,0.7539822368615503,1.0471975511965976,1,0.2974517744225922,1.7571514282020613,2.091410000460406,3.856797793534089e-9
15.0,4.0,0.41887902047863906,1.5707963267948966,1,0.11039675846274702,1.1058021571177414,1.1395570357118316,1.0461675792731742e-8
15.0,4.0,0.41887902047863906,1.5707963267948966,2,0.3500580313193716,2.041898137742647,2.1536626947408424,2.024133224150275e-9
5.833333333333333,2.6666666666666665,1.0771174812307862,2.356194490192345,1,0.09653704167077556,1.1805025743758395,1.2395910329352766,2.329412061955549e-11
5.833333333333333,2.6666666666666665,1.0771174812307862,2.356194490192345,2,0.356321109049899,3.2365804089192474,2.9781436304348254,5.598745614530075e-10
7.083333333333333,4.666666666666667,0.887037925719471,1.3463968515384828,1,0.28180829459253187,1.751964616594572,2.1645544554360887,2.0640712928624466e-11
13.75,3.0,0.4569589314312426,2.0943951023931953,1,0.14964507712031813,1.2980483492414194,1.3403885227632715,2.78379202465187e-13
13.75,3.0,0.4569589314312426,2.0943951023931953,2,0.23076955918570483,1.637368514271011,1.7048772124512723,2.2229661509030954e-12
10.833333333333334,9.333333333333334,0.5799863360473464,0.6731984257692414,1,0.3198803247440721,1.6804383064582593,1.829933625621627,3.204806345481981e-12
9.583333333333334,7.666666666666667,0.6556367277056959,0.8195459096321199,1,0.30469405397654803,1.7012561157277235,1.920848039587307,1.4953964289057723e-15
15.0,4.333333333333333,0.41887902047863906,1.4499658401183662,1,0.10677849720127966,1.0884809209876352,1.1213700781589528,6.067398070184193e-13
15.0,4.333333333333333,0.41887902047863906,1.4499658401183662,2,0.37077803678229454,2.1701403960920276,2.2727898768287833,4.994326103302149e-12
8.333333333333334,6.333333333333333,0.7539822368615503,0.9920818906073031,1,0.307712881648186,1.8092508883329592,2.123177321048209,2.47976153250226e-11
5.833333333333333,3.0,1.0771174812307862,2.0943951023931953,1,0.10023693746030389,1.14443809107219,1.227124004087477,9.056370433308281e-12
10.833333333333334,9.666666666666666,0.5799863360473464,0.6499846869496124,1,0.3285053885832867,1.7020297987614148,1.843329677978374,1.4849684096471179e-10
13.75,3.3333333333333335,0.4569589314312426,1.8849555921538759,1,0.1200168044535223,1.16989920651146,1.2078342149933328,5.187780768659001e-9
13.75,3.3333333333333335,0.4569589314312426,1.8849555921538759,2,0.29483396879654344,1.9011997843842456,1.9905068417287939,3.8268404683480773e-13
7.083333333333333,5.0,0.887037925719471,1.2566370614359172,1,0.3027200140733472,1.8863405232014716,2.283915870744401,1.047892336992877e-14
9.583333333333334,8.0,0.6556367277056959,0.7853981633974483,1,0.312354156976194,1.7254155792648114,1.930054671076597,9.975778063000413e-11
9.583333333333334,8.0,0.6556367277056959,0.7853981633974483,2,0.5902136681405828,3.197488540510662,3.361811430663423,1.9297553920449508e-15
15.0,4.666666666666667,0.41887902047863906,1.3463968515384828,1,0.10524589516495654,1.0781030413904735,1.1106063048675725,9.558314678324093e-11
8.333333333333334,6.666666666666667,0.7539822368615503,0.9424777960769379,1,0.316318069154878,1.850014066767296,2.1412939068872037,6.744772228259898e-11
10.833333333333334,10.0,0.5799863360473464,0.6283185307179586,1,0.33723648622004043,1.7232037798540225,1.856864362631508,3.0113857246564633e-12
9.583333333333334,8.333333333333334,0.6556367277056959,0.7539822368615503,1,0.3198724415703554,1.7475701229824963,1.9380142958961781,1.7810290224387352e-12
5.833333333333333,3.3333333333333335,1.0771174812307862,1.8849555921538759,1,0.12054407890058993,1.1612278447219404,1.2925937248678634,2.0172894756637223e-9
5.833333333333333,3.3333333333333335,1.0771174812307862,1.8849555921538759,2,0.3856481611206447,3.2267257031506498,3.1317560820534025,1.6545265817297864e-8
13.75,3.6666666666666665,0.4569589314312426,1.71359599286716,1,0.10943726400644162,1.1221312183193497,1.1587618878055266,1.1203488425094668e-13
13.75,3.6666666666666665,0.4569589314312426,1.71359599286716,2,0.330993298010927,2.045770310505812,2.1504537650149294,1.317300014446454e-11
7.083333333333333,5.333333333333333,0.887037925719471,1.1780972450961724,1,0.31727363967635985,1.986237959111078,2.356382001330312,1.3479145007694484e-10
15.0,5.0,0.41887902047863906,1.2566370614359172,1,0.1051609159419935,1.0719686906777084,1.1045489587996238,8.615795734782735e-9
8.333333333333334,7.0,0.7539822368615503,0.8975979010256552,1,0.3238869819716463,1.8822953655257466,2.150294526153595,2.7461928719978218e-11
9.583333333333334,8.666666666666666,0.6556367277056959,0.7249829200591831,1,0.32739272280810605,1.7685749624166536,1.945737388451585,9.184179770852714e-11
13.75,4.0,0.4569589314312426,1.5707963267948966,1,0.10441272767448889,1.0972877791007505,1.1331406382072617,3.843580746587358e-12
13.75,4.0,0.4569589314312426,1.5707963267948966,2,0.3542243573864059,2.168541565737612,2.274503074044664,1.1865625850808587e-11
5.833333333333333,3.6666666666666665,1.0771174812307862,1.71359599286716,1,0.24220323799309082,1.6251544800506499,2.023169815399485,3.0232238432163194e-11
5.833333333333333,3.6666666666666665,1.0771174812307862,1.71359599286716,2,0.38171178430755986,3.11269459270704,3.0084128289402985,2.0243240566948154e-8
7.083333333333333,5.666666666666667,0.887037925719471,1.1087974071493387,1,0.328689355000089,2.0656176591175033,2.404341440979029,6.387185900495596e-11
7.083333333333333,5.666666666666667,0.887037925719471,1.1087974071493387,2,0.4783931399480169,3.284321621585902,3.3420068766609288,3.16688889687235e-9
15.0,5.333333333333333,0.41887902047863906,1.1780972450961724,1,0.10621129436889318,1.0687518263538298,1.1018724778957876,7.454064298915185e-9
15.0,5.333333333333333,0.41887902047863906,1.1780972450961724,2,0.4696346945622885,2.7124587685440176,2.761669385262529,3.6397117205094736e-10
8.333333333333334,7.333333333333333,0.7539822368615503,0.85679799643358,1,0.3308087809392994,1.9081899971453742,2.153351098321571,5.28555636524574e-10
8.333333333333334,7.333333333333333,0.7539822368615503,0.85679799643358,2,0.514490646066024,3.1074547424681596,3.218026995289587,1.7834677591945588e-10
12.5,3.0,0.5026548245743669,2.0943951023931953,1,0.12819828931610328,1.2347780238002568,1.2744731273726218,2.243057862625218e-14
12.5,3.0,0.5026548245743669,2.0943951023931953,2,0.2556015305119933,1.8096292991035758,1.8816277713489642,5.950229214810152e-14
9.583333333333334,9.0,0.6556367277056959,0.6981317007977318,1,0.33501587145842987,1.78906683448853,1.9539069104898603,1.6691773177907576e-9
13.75,4.333333333333333,0.4569589314312426,1.4499658401183662,1,0.10221806958856863,1.0830801295182688,1.118638811456549,3.4128480182860604e-9
13.75,4.333333333333333,0.4569589314312426,1.4499658401183662,2,0.37404828344186813,2.318882046088765,2.4048504759253477,3.5731553404530377e-9
8.333333333333334,7.666666666666667,0.7539822368615503,0.8195459096321199,1,0.3373687650035995,1.9295742900316484,2.1530219093443446,1.5018195824251472e-10
8.333333333333334,7.666666666666667,0.7539822368615503,0.8195459096321199,2,0.507390966069834,3.0305457759671053,3.1330622144454847,6.94121008638472e-10
15.0,5.666666666666667,0.41887902047863906,1.1087974071493387,1,0.10825243752576706,1.0677960428460143,1.10194133910843,1.490609485036279e-8
7.083333333333333,6.0,0.887037925719471,1.0471975511965976,1,0.33833131329821775,2.130202859828158,2.4372591508732055,8.902411991598339e-11
7.083333333333333,6.0,0.887037925719471,1.0471975511965976,2,0.46479220971340474,3.194447770790934,3.2266748355796087,8.108478147411335e-12
5.833333333333333,4.0,1.0771174812307862,1.5707963267948966,1,0.2896159460927327,1.9230433881901017,2.334388601488497,3.855248259981733e-10
5.833333333333333,4.0,1.0771174812307862,1.5707963267948966,2,0.4025703408857246,3.130930632702219,3.149941080783501,3.0938929923012887e-9
9.583333333333334,9.333333333333334,0.6556367277056959,0.6731984257692414,1,0.34282043668846984,1.8095535949204002,1.9630161738775418,1.7768710893309403e-10
12.5,3.3333333333333335,0.5026548245743669,1.8849555921538759,1,0.11013832956800011,1.1484953671536868,1.1874270260396003,1.7268912056458603e-9
12.5,3.3333333333333335,0.5026548245743669,1.8849555921538759,2,0.3078607480853362,2.043453120940867,2.1307279623716004,5.0659471171673116e-9
13.75,4.666666666666667,0.4569589314312426,1.3463968515384828,1,0.10184355141891678,1.0748381709138108,1.110640295519176,4.221445466643256e-8
13.75,4.666666666666667,0.4569589314312426,1.3463968515384828,2,0.3995584920136397,2.5022504408069164,2.5583156385976267,8.878172020460129e-12
15.0,6.0,0.41887902047863906,1.0471975511965976,1,0.11124768531161869,1.0688354866965577,1.1045382795100356,6.886478927949184e-10
8.333333333333334,8.0,0.7539822368615503,0.7853981633974483,1,0.3438097040953982,1.948305062902071,2.151545388067582,1.032400376965806e-9
8.333333333333334,8.0,0.7539822368615503,0.7853981633974483,2,0.5026651666043035,2.9668392387437654,3.060959906199574,4.337512879380015e-12
7.083333333333333,6.333333333333333,0.887037925719471,0.9920818906073031,1,0.3469149786696156,2.1833315780123534,2.4601555679634233,1.6334094003746525e-9
7.083333333333333,6.333333333333333,0.887037925719471,0.9920818906073031,2,0.4607574681463112,3.1508563084521253,3.161073814541957,2.4233542879430128e-14
9.583333333333334,9.666666666666666,0.6556367277056959,0.6499846869496124,1,0.3508791546883799,1.8304873088821907,1.9734743990393053,5.338721172987939e-10
5.833333333333333,4.333333333333333,1.0771174812307862,1.4499658401183662,1,0.3136001485483521,2.0986538508290478,2.477871853487456,1.3664050484154157e-9
12.5,3.6666666666666665,0.5026548245743669,1.71359599286716,1,0.10283200307383022,1.1105924497369948,1.1492132710625251,9.501872409915317e-12
12.5,3.6666666666666665,0.5026548245743669,1.71359599286716,2,0.3395118916783051,2.1891691023592195,2.2872351613034905,4.554155495441031e-10
8.333333333333334,8.333333333333334,0.7539822368615503,0.7539822368615503,1,0.3503605952250151,1.9662430944933,2.1509258674298675,1.4437900835576203e-12
8.333333333333334,8.333333333333334,0.7539822368615503,0.7539822368615503,2,0.49902877131996537,2.9090393385228723,2.995869272407412,9.195813137951912e-14
15.0,6.333333333333333,0.41887902047863906,0.9920818906073031,1,0.11524984270617449,1.0718916190473682,1.1097717164087237,7.222589859683178e-14
13.75,5.0,0.4569589314312426,1.2566370614359172,1,0.10284604463409491,1.0704505659183448,1.1070867906543813,1.713498043179574e-9
7.083333333333333,6.666666666666667,0.887037925719471,0.9424777960769379,1,0.3548784398953133,2.2275657261970956,2.476213726900607,1.9603275032875285e-9
7.083333333333333,6.666666666666667,0.887037925719471,0.9424777960769379,2,0.4595240422193347,3.1149573851888563,3.111340612532865,1.2881609271745834e-11
9.583333333333334,10.0,0.6556367277056959,0.6283185307179586,1,0.35927558044727753,1.8523366204221265,1.985701526575531,1.6185736956899967e-11
5.833333333333333,4.666666666666667,1.0771174812307862,1.3463968515384828,1,0.33014361493601274,2.2330770638340995,2.5683189080760993,3.542206406225906e-14
12.5,4.0,0.5026548245743669,1.5707963267948966,1,0.09969795035080382,1.090429577996898,1.129031043637203,8.46537393114857e-12
12.5,4.0,0.5026548245743669,1.5707963267948966,2,0.3598052956146159,2.3269253646652004,2.4166528923222588,1.3204242976820927e-10
8.333333333333334,8.666666666666666,0.7539822368615503,0.7249829200591831,1,0.357256792335898,1.9852603978484287,2.153005347523072,3.983485114765404e-9
8.333333333333334,8.666666666666666,0.7539822368615503,0.7249829200591831,2,0.49568414773384006,2.8528372905335244,2.933929605207865,2.824465685818019e-12
15.0,6.666666666666667,0.41887902047863906,0.9424777960769379,1,0.12040740803866476,1.077270363341141,1.1180880917927172,2.0263283665768092e-11
11.25,3.0,0.5585053606381855,2.0943951023931953,1,0.11400388169143937,1.1952448676979395,1.2347048877232807,1.3492367611401054e-8
11.25,3.0,0.5585053606381855,2.0943951023931953,2,0.2763276422079163,1.9941539691420336,2.059143883310454,1.5322946542767462e-13
13.75,5.333333333333333,0.4569589314312426,1.1780972450961724,1,0.10504414635345788,1.0689303054393728,1.1070653762433351,2.0956519364386353e-8
7.083333333333333,7.0,0.887037925719471,0.8975979010256552,1,0.36252790347622504,2.2651694337868893,2.4877870297518383,1.466201133673939e-9
7.083333333333333,7.0,0.887037925719471,0.8975979010256552,2,0.4590989455719068,3.0773375889515266,3.0667140763674325,6.2033797760462426e-12
8.333333333333334,9.0,0.7539822368615503,0.6981317007977318,1,0.3647849304503802,2.007456641786706,2.159743243376763,2.279952798681182e-10
15.0,7.0,0.41887902047863906,0.8975979010256552,1,0.12699277704139642,1.0856486912386945,1.1303803387554026,2.586436540859368e-9
12.5,4.333333333333333,0.5026548245743669,1.4499658401183662,1,0.0989519569643814,1.0791388548678276,1.118262546733888,2.123266946133897e-10
5.833333333333333,5.0,1.0771174812307862,1.2566370614359172,1,0.3430604635946759,2.3429786277736526,2.6322681757684787,1.4426569902093218e-12
13.75,5.666666666666667,0.4569589314312426,1.1087974071493387,1,0.1084199328056105,1.0699092384567293,1.1103309265179873,4.255166481688452e-9
13.75,5.666666666666667,0.4569589314312426,1.1087974071493387,2,0.5491242708718197,3.184017178007248,3.17723448468282,1.0358036730686493e-8
11.25,3.3333333333333335,0.5585053606381855,1.8849555921538759,1,0.10230337435919673,1.1314624932899506,1.1721014815856234,1.005042852582906e-8
11.25,3.3333333333333335,0.5585053606381855,1.8849555921538759,2,0.3222891149181706,2.2204635929196166,2.294641349345313,2.255061429536988e-12
7.083333333333333,7.333333333333333,0.887037925719471,0.85679799643358,1,0.3701043565754273,2.298258615258691,2.496848731918832,1.1720324959692346e-9
7.083333333333333,7.333333333333333,0.887037925719471,0.85679799643358,2,0.45881134951538116,3.0360313436772874,3.023490467732965,6.060290242941535e-13
8.333333333333334,9.333333333333334,0.7539822368615503,0.6731984257692414,1,0.3734251736879592,2.036029139067681,2.1741216807939736,1.4345472640103108e-14
15.0,7.333333333333333,0.41887902047863906,0.85679799643358,1,0.13545014159982907,1.09827124216853,1.1482036569957492,6.2406231798957105e-15
12.5,4.666666666666667,0.5026548245743669,1.3463968515384828,1,0.09991996112514155,1.0731523973766477,1.1135204989443792,1.9900487429363125e-13
13.75,6.0,0.4569589314312426,1.0471975511965976,1,0.11310191017956187,1.073482478702065,1.117189097596,4.65867920619909e-14
5.833333333333333,5.333333333333333,1.0771174812307862,1.1780972450961724,1,0.35378553869982465,2.4321596948979844,2.679236663612342,2.0215650605937737e-11
5.833333333333333,5.333333333333333,1.0771174812307862,1.1780972450961724,2,0.4159450094164936,3.1638046123492662,3.0810257098324794,7.10439177625504e-14
11.25,3.6666666666666665,0.5585053606381855,1.71359599286716,1,0.0976894940142853,1.101332484812861,1.1426966036182087,1.4957692260208636e-9
11.25,3.6666666666666665,0.5585053606381855,1.71359599286716,2,0.34980720528828957,2.3700863007141955,2.449338220119746,2.407353567871942e-14
7.083333333333333,7.666666666666667,0.887037925719471,0.8195459096321199,1,0.4583840241044666,2.990860254765333,2.980143627169716,1.1173227147327476e-12
7.083333333333333,7.666666666666667,0.887037925719471,0.8195459096321199,2,0.37782164356679704,2.328887421760249,2.505228651851863,5.780476100263087e-10
8.333333333333334,9.666666666666666,0.7539822368615503,0.6499846869496124,1,0.3844465203254559,2.0789791866481147,2.2037672411149094,3.413567919318489e-10
8.333333333333334,9.666666666666666,0.7539822368615503,0.6499846869496124,2,0.48067040363018615,2.6576287783517176,2.7333842444589895,4.56225692900459e-10
15.0,7.666666666666667,0.41887902047863906,0.8195459096321199,1,0.14642278034525555,1.117227416296537,1.174008450859974,2.061684866533082e-13
13.75,6.333333333333333,0.4569589314312426,0.9920818906073031,1,0.11940293288363887,1.0802658507304985,1.1286175984509739,1.8642599301647864e-12
12.5,5.0,0.5026548245743669,1.2566370614359172,1,0.10236409410321806,1.0709173027229997,1.1134357233207548,7.727840512753214e-8
7.083333333333333,8.0,0.887037925719471,0.7853981633974483,1,0.3858983467642944,2.359177402593488,2.5147809979929168,1.454729214817508e-9
7.083333333333333,8.0,0.887037925719471,0.7853981633974483,2,0.4576461947507743,2.9417567314222755,2.935732247319935,5.071981001828293e-11
5.833333333333333,5.666666666666667,1.0771174812307862,1.1087974071493387,1,0.4215360787912734,3.1865019721937955,3.0816765668065327,8.777094339890929e-9
11.25,4.0,0.5585053606381855,1.5707963267948966,1,0.09641144881060741,1.0853908136522916,1.12779666847385,1.1191596213144535e-13
11.25,4.0,0.5585053606381855,1.5707963267948966,2,0.3675081194728351,2.521767646876592,2.58238874708509,3.543514316934277e-9
8.333333333333334,10.0,0.7539822368615503,0.6283185307179586,1,0.4059407341378414,2.185861280721981,2.296087522679348,7.301223794378384e-11
15.0,8.0,0.41887902047863906,0.7853981633974483,1,0.1605350863774346,1.1452914531999463,1.210637595060827,4.1601188415164293e-14
10.0,2.6666666666666665,0.6283185307179586,2.356194490192345,1,0.12733901760205052,1.298907818238804,1.3343060297675047,5.27995169715741e-9
10.0,2.6666666666666665,0.6283185307179586,2.356194490192345,2,0.22675166466679852,1.814683200447325,1.8597180187218245,6.0081014284759895e-9
13.75,6.666666666666667,0.4569589314312426,0.9424777960769379,1,0.12793040012296203,1.0917188270600855,1.146705886327868,1.2785775839604686e-13
12.5,5.333333333333333,0.5026548245743669,1.1780972450961724,1,0.1063081583414998,1.0719083855490497,1.1177558684181212,4.743362501946898e-9
7.083333333333333,8.333333333333334,0.887037925719471,0.7539822368615503,1,0.39460061956206516,2.3915840689148267,2.5275896144682264,3.555993988678922e-9
7.083333333333333,8.333333333333334,0.887037925719471,0.7539822368615503,2,0.45640863050314323,2.888048249973184,2.8891856859573415,4.2806934646316174e-13
5.833333333333333,6.0,1.0771174812307862,1.0471975511965976,1,0.37094058550013653,2.553574378391242,2.737055768858418,8.134372803268702e-9
5.833333333333333,6.0,1.0771174812307862,1.0471975511965976,2,0.4257550169739164,3.187307601035971,3.072909911805495,6.311295901715936e-12
15.0,8.333333333333334,0.41887902047863906,0.7539822368615503,1,0.177464092403813,1.1835298344282565,1.2580368197518141,4.598868224228253e-12
11.25,4.333333333333333,0.5585053606381855,1.4499658401183662,1,0.09733920273344183,1.0771246785727224,1.1213829868953986,1.2759579633621108e-8
11.25,4.333333333333333,0.5585053606381855,1.4499658401183662,2,0.3888772087361122,2.713776387369647,2.73322398413506,1.545885208175567e-8
13.75,7.0,0.4569589314312426,0.8975979010256552,1,0.13979274956480575,1.1109532097987511,1.1756305367346878,1.678477877254699e-10
10.0,3.0,0.6283185307179586,2.0943951023931953,1,0.1036430288484897,1.166746501221321,1.2074242424521513,9.79269757163918e-13
10.0,3.0,0.6283185307179586,2.0943951023931953,2,0.29815657951980606,2.2230804642412894,2.2635805542646685,3.9227733286683787e-10
12.5,5.666666666666667,0.5026548245743669,1.1087974071493387,1,0.1120357364716265,1.076389854554257,1.127227589686771,1.5496775084741562e-9
7.083333333333333,8.666666666666666,0.887037925719471,0.7249829200591831,1,0.4043370445224245,2.4296141244340337,2.546465516061544,1.2950982078641126e-14
15.0,8.666666666666666,0.41887902047863906,0.7249829200591831,1,0.19523883191081473,1.227644341500171,1.3095922248171545,2.5281816168145967e-12
5.833333333333333,6.333333333333333,1.0771174812307862,0.9920818906073031,1,0.3780182254107734,2.5904225229088866,2.7522876496020148,7.233581967691749e-9
5.833333333333333,6.333333333333333,1.0771174812307862,0.9920818906073031,2,0.4286983493386441,3.1696395730408518,3.0555752688682207,7.211067485693653e-9
11.25,4.666666666666667,0.5585053606381855,1.3463968515384828,1,0.10013936719023235,1.0739564382856204,1.1212930521835873,1.0133000172719126e-11
13.75,7.333333333333333,0.4569589314312426,0.85679799643358,1,0.1566073755412313,1.1438376867578448,1.2224974437100757,5.412309134758155e-8
12.5,6.0,0.5026548245743669,1.0471975511965976,1,0.12023647144207271,1.0856931592595513,1.1441176885486832,2.3217152855107795e-10
10.0,3.3333333333333335,0.6283185307179586,1.8849555921538759,1,0.09636397924744386,1.1181299121951351,1.161505676572416,1.1458913794212546e-8
10.0,3.3333333333333335,0.6283185307179586,1.8849555921538759,2,0.33966262758893295,2.448327765249764,2.491958425623268,4.840969204966298e-14
7.083333333333333,9.0,0.887037925719471,0.6981317007977318,1,0.4160358925697391,2.480824564698949,2.5771169157921765,6.24856570203873e-9
15.0,9.0,0.41887902047863906,0.6981317007977318,1,0.21197495342619965,1.2712262628134439,1.3576452061850426,1.6492168871711512e-12
5.833333333333333,6.666666666666667,1.0771174812307862,0.9424777960769379,1,0.3844716825254575,2.6161097694118163,2.761053174685293,1.3130386973642725e-10
5.833333333333333,6.666666666666667,1.0771174812307862,0.9424777960769379,2,0.4306020720075122,3.137896196600503,3.0314937956108716,3.936610237863873e-9
11.25,5.0,0.5585053606381855,1.2566370614359172,1,0.10492583493244646,1.0751191001876814,1.1273432656438764,5.610236451187032e-9
13.75,7.666666666666667,0.4569589314312426,0.8195459096321199,1,0.17826107496729093,1.1947414125431715,1.290012333509997,4.456639969958591e-10
12.5,6.333333333333333,0.5026548245743669,0.9920818906073031,1,0.1324526475335523,1.1034862536135488,1.1740815790700303,1.9936269745227628e-8
15.0,9.333333333333334,0.41887902047863906,0.6731984257692414,1,0.22718729325679343,1.3111332703918936,1.3994741201617678,2.880527918707274e-11
10.0,3.6666666666666665,0.6283185307179586,1.71359599286716,1,0.09423974069521694,1.0946039614361938,1.1400875917850661,6.542217014884818e-11
10.0,3.6666666666666665,0.6283185307179586,1.71359599286716,2,0.3621216602867937,2.5935728620469707,2.638784992035677,3.366868650287927e-12
13.75,8.0,0.4569589314312426,0.7853981633974483,1,0.19986851199690023,1.2532005836567448,1.3609799726107612,1.8486035567758037e-10
5.833333333333333,7.0,1.0771174812307862,0.8975979010256552,1,0.43169083811435055,3.0958293143756475,3.002364656941936,7.515609927500853e-11
5.833333333333333,7.0,1.0771174812307862,0.8975979010256552,2,0.3905816850575801,2.6346458059656075,2.765355755263654,1.0891946838530012e-8
11.25,5.333333333333333,0.5585053606381855,1.1780972450961724,1,0.11232395732181828,1.0813078589952154,1.1413517430714006,3.0594162994350595e-9
8.75,2.6666666666666665,0.7180783208205241,2.356194490192345,1,0.10951642888423231,1.235165790973038,1.2707277829475787,2.132431950016448e-8
8.75,2.6666666666666665,0.7180783208205241,2.356194490192345,2,0.260595518678043,2.1204089029860422,2.1315260416269677,1.0285097464235222e-9
12.5,6.666666666666667,0.5026548245743669,0.9424777960769379,1,0.15200855877441619,1.1396835261626193,1.2311411420607576,7.909071297767709e-10
15.0,9.666666666666666,0.41887902047863906,0.6499846869496124,1,0.24111441932475597,1.3469621428270262,1.4355249882679857,3.3751965010489894e-11
10.0,4.0,0.6283185307179586,1.5707963267948966,1,0.09509073064421379,1.0829187155298492,1.131231003394716,1.8883497667786276e-10
10.0,4.0,0.6283185307179586,1.5707963267948966,2,0.377243720559114,2.746774117168399,2.765919731664531,7.156122953039245e-13
13.75,8.333333333333334,0.4569589314312426,0.7539822368615503,1,0.21818512397054565,1.3062475563146454,1.4199965847323728,7.39732695000267e-13
5.833333333333333,7.333333333333333,1.0771174812307862,0.85679799643358,1,0.3966283749414811,2.649949966906378,2.7671893612105016,1.2919320307940757e-10
11.25,5.666666666666667,0.5585053606381855,1.1087974071493387,1,0.12403974414179546,1.0958623445599422,1.1693312834655143,3.249607667365955e-11
12.5,7.0,0.5026548245743669,0.8975979010256552,1,0.18067425263111644,1.20830829928389,1.3296163792494016,1.8616144220545107e-8
15.0,10.0,0.41887902047863906,0.6283185307179586,1,0.25410237057954765,1.379236057676402,1.4669875646442305,1.4598396341426075e-10
8.75,3.0,0.7180783208205241,2.0943951023931953,1,0.09629728671508578,1.145933367519014,1.1896215957814442,4.3184683976699263e-10
8.75,3.0,0.7180783208205241,2.0943951023931953,2,0.3242516906339371,2.5250442315549404,2.51311816254486,5.440788726418286e-14
13.75,8.666666666666666,0.4569589314312426,0.7249829200591831,1,0.23364993135683693,1.3514483125249277,1.4667442609963228,3.591755899900931e-8
10.0,4.333333333333333,0.6283185307179586,1.4499658401183662,1,0.09840162082353411,1.078501253653623,1.1312928030451044,1.0118485896668345e-7
5.833333333333333,7.666666666666667,1.0771174812307862,0.8195459096321199,1,0.43187474053912894,2.9886387207891585,2.9325631076385017,1.6129805718262197e-10
5.833333333333333,7.666666666666667,1.0771174812307862,0.8195459096321199,2,0.4029182268872983,2.6661080841304017,2.7687025073558216,4.076454346462039e-10
11.25,6.0,0.5585053606381855,1.0471975511965976,1,0.14512109777139726,1.1313446994436298,1.2317912466835708,8.306843128301758e-10
12.5,7.333333333333333,0.5026548245743669,0.85679799643358,1,0.20711740929436834,1.2860197599154128,1.4278188219349461,8.812704335014782e-10
13.75,9.0,0.4569589314312426,0.6981317007977318,1,0.2472374652883842,1.3901924893887885,1.5045805100858545,3.8495982511880356e-9
8.75,3.3333333333333335,0.7180783208205241,1.8849555921538759,1,0.0926746763742332,1.1088867449326825,1.157094037482985,5.788178350741353e-10
8.75,3.3333333333333335,0.7180783208205241,1.8849555921538759,2,0.3603008809317194,2.7351466382299288,2.72608962538212,2.1078822091912537e-10
10.0,4.666666666666667,0.6283185307179586,1.3463968515384828,1,0.10448798342098545,1.080227405894281,1.1404150202955294,1.562929423421234e-10
10.0,4.666666666666667,0.6283185307179586,1.3463968515384828,2,0.44520865250506636,3.1932562518667216,3.140298669749406,1.2571793454050035e-8
5.833333333333333,8.0,1.0771174812307862,0.7853981633974483,1,0.4099270283709953,2.6890948949817015,2.7730522413572034,2.810033630636684e-11
5.833333333333333,8.0,1.0771174812307862,0.7853981633974483,2,0.4307307164916049,2.921412266587464,2.8907107542502546,2.378693372748983e-10
11.25,6.333333333333333,0.5585053606381855,0.9920818906073031,1,0.18376136055385453,1.2233476990248047,1.3761254707244865,1.4517550767108917e-13
12.5,7.666666666666667,0.5026548245743669,0.8195459096321199,1,0.2266416852414635,1.3490152473119066,1.498046596982374,5.707880645488874e-12
8.75,3.6666666666666665,0.7180783208205241,1.71359599286716,1,0.09336990716112809,1.091743722139396,1.144528671134711,4.486569362669255e-8
8.75,3.6666666666666665,0.7180783208205241,1.71359599286716,2,0.3745659946437585,2.842090610593192,2.8412033117385773,6.106212960973847e-9
10.0,5.0,0.6283185307179586,1.2566370614359172,1,0.11484942171864541,1.090096312722754,1.1634718730012836,4.663576837518391e-12
10.0,5.0,0.6283185307179586,1.2566370614359172,2,0.5096871885803783,3.4953513663529847,3.4096568109428054,6.880238865294342e-13
5.833333333333333,8.333333333333334,1.0771174812307862,0.7539822368615503,1,0.4266966917506803,2.821581979238931,2.832298561386418,2.8636731783181574e-11
5.833333333333333,8.333333333333334,1.0771174812307862,0.7539822368615503,2,0.41977082427895773,2.7436349314152073,2.792892245368165,1.9930807776907243e-12
11.25,6.666666666666667,0.5585053606381855,0.9424777960769379,1,0.2166079991096925,1.3279975464918294,1.514354293246361,1.1563407454083353e-10
12.5,8.0,0.5026548245743669,0.7853981633974483,1,0.24194893276953022,1.3989665777524003,1.548339798830428,2.3151613927626414e-12
7.5,2.3333333333333335,0.8377580409572781,2.6927937030769655,1,0.18378060851103215,1.7068540129983516,1.7129701034748241,1.0827668455786435e-9
7.5,2.3333333333333335,0.8377580409572781,2.6927937030769655,2,0.13768278388813351,1.4420759674283707,1.4561995032887523,4.0434149773315753e-10
8.75,4.0,0.7180783208205241,1.5707963267948966,1,0.09746668666277605,1.0856493659001973,1.1452451949626647,7.331537323461625e-8
8.75,4.0,0.7180783208205241,1.5707963267948966,2,0.3878052969968371,2.969388650635602,2.944855128206844,3.9009052872185166e-13
10.0,5.333333333333333,0.6283185307179586,1.1780972450961724,1,0.13499618297862515,1.1196695245697939,1.222066886717913,1.2281949332305664e-9
11.25,7.0,0.5585053606381855,0.8975979010256552,1,0.23717076069161774,1.4022237170172425,1.5968782119083889,6.808123394754666e-10
7.5,2.6666666666666665,0.8377580409572781,2.356194490192345,1,0.09914528998031474,1.197573603679283,1.2373694337140884,1.096751373774093e-12
7.5,2.6666666666666665,0.8377580409572781,2.356194490192345,2,0.29801495329313477,2.5278006344369137,2.457645967464022,7.548710793287151e-12
10.0,5.666666666666667,0.6283185307179586,1.1087974071493387,1,0.18579572007573203,1.2374500128543913,1.4249460086887389,3.5959715100949705e-11
8.75,4.333333333333333,0.7180783208205241,1.4499658401183662,1,0.10580712491167757,1.0890997297434049,1.1607319012855137,2.347090492409504e-11
8.75,4.333333333333333,0.7180783208205241,1.4499658401183662,2,0.4183227940053307,3.1617106462839235,3.1100726361911875,4.733632203246089e-13
7.5,3.0,0.8377580409572781,2.0943951023931953,1,0.09243791258125188,1.1330610155940355,1.1834825452060331,1.1966132010852079e-13
7.5,3.0,0.8377580409572781,2.0943951023931953,2,0.3554292450257196,2.9126522987260177,2.8129000986608834,1.0779062459756242e-10
10.0,6.0,0.6283185307179586,1.0471975511965976,1,0.22827678420931316,1.3842766678108995,1.6285083199879913,1.9308417689125583e-9
8.75,4.666666666666667,0.7180783208205241,1.3463968515384828,1,0.1229381408857406,1.109651180308814,1.2080270866989087,6.815159638748759e-9
7.5,3.3333333333333335,0.8377580409572781,1.8849555921538759,1,0.09284956797875114,1.106467805254156,1.1650871039880006,5.787299860247547e-8
8.75,5.0,0.7180783208205241,1.2566370614359172,1,0.18296605011801478,1.2428921924151117,1.4587713156665234,4.382927292358043e-8
7.5,3.6666666666666665,0.8377580409572781,1.71359599286716,1,0.09840854898997603,1.0983557844455079,1.1683951023442956,1.7500273915195527e-8
7.5,3.6666666666666665,0.8377580409572781,1.71359599286716,2,0.382583294669815,3.045052636453944,3.005450978116235,6.250088373706573e-14
7.5,4.0,0.8377580409572781,1.5707963267948966,1,0.11185848636517341,1.1083350933559233,1.2018537371496545,1.5145039474631385e-9
7.5,4.0,0.8377580409572781,1.5707963267948966,2,0.3980817180664523,3.1273405238047856,3.0864408704468174,3.1068141859845667e-11
6.25,2.3333333333333335,1.0053096491487339,2.6927937030769655,1,0.1106990030378441,1.3149500486628276,1.337525373362936,8.209046917177547e-8
6.25,2.3333333333333335,1.0053096491487339,2.6927937030769655,2,0.2420098452604601,2.224983028370642,2.151012228169474,1.1570063954755685e-8
6.25,2.6666666666666665,1.0053096491487339,2.356194490192345,1,0.0954382768750488,1.1798623459358553,1.2312583812388729,2.82807352602615e-13
6.25,2.6666666666666665,1.0053096491487339,2.356194490192345,2,0.34200710876717344,3.055424020893625,2.8479423739653535,3.422467364211209e-11
6.25,3.0,1.0053096491487339,2.0943951023931953,1,0.09542323133329807,1.1350139135387491,1.2036836639772612,1.1940440289588328e-11
6.25,3.0,1.0053096491487339,2.0943951023931953,2,0.38467275378617455,3.3110501381318933,3.113419170607435,3.1138941914589035e-12
