Re,shear
346.61664746917927,2.0643468662719524
345.20243394845465,2.057719512026971
343.7882204151272,2.051866675468907
342.3740068748643,2.0465174610760837
340.95979333032494,2.0415256583249466
339.5455797829445,2.036802367681483
338.1313662335746,2.0322891232484244
336.7171526827566,2.0279452702947207
335.3029391308534,2.023741340292008
333.8887255781189,2.019655279324704
332.4745120247369,2.0156701629751357
331.0602984708446,2.0117727418573588
329.64608491654724,2.00795247807438
328.2318713619274,2.004200885456703
326.81765780705143,2.000511065149682
325.4034442519739,1.9968773710107026
323.9892306967405,1.9932951637577319
322.5750171413906,1.9897606273473523
321.1608035859589,1.9862706299947668
319.7465900304765,1.982822617910685
318.33237647497236,1.9794145335196207
316.918162919474,1.9760447523937898
315.50394936400835,1.9727120348340983
314.08973580860254,1.969415489232865
312.67552225328456,1.9661545452386595
311.26130869808424,1.9629289354302966
309.847095143034,1.9597386847824558
308.4328815881701,1.9565841077385406
307.01866803353397,1.9534658132671692
305.6044544791739,1.9503847189499919
304.1902409251476,1.947342076047292
302.7760273715252,1.9443395088036706
301.36181381839407,1.9413790733183705
299.94760026586573,1.9384633447246533
298.5333867140859,1.9355955473990227
297.11917316325076,1.9327797539484264
295.70495961363355,1.9300212003495432
294.2907460656305,1.927326810205804
292.87653251984483,1.9247061261636893
291.4623189772498,1.9221731181151989
290.0481054395958,1.9197501580789469
288.72286558846287,1.917615679132337
287.7916965066349,1.9162326367863978
287.1374180724843,1.915352362138083
286.6776946187326,1.914807504517619
286.35467365288133,1.9144850416170838
286.1277055877022,1.9143085212036661
285.9682283185922,1.9142262655361733
285.8561729131158,1.9142034590330848
285.77743809775563,1.9142167932176068
285.7221157263993,1.9142508161403131
285.6832439200861,1.9142954308543034
285.6559309707077,1.9143441760214959
285.6367397590102,1.914393042883182
285.6232552208695,1.9144396619747612
285.61378043095885,1.9144827455200129
285.6071230583907,1.9145217068574438
285.6024453214975,1.9145564024116357
285.5991585597714,1.9145869583623982
285.5968491556921,1.914613655707082
285.5952264843031,1.914636855468279
285.59408634048066,1.9146569514450986
285.5932852407956,1.9146742821964309
285.59273685695194,1.9146889337265816
285.5923614710966,1.9147012307390487
285.5921045121501,1.9147115264660335
285.5919286231358,1.9147201302509582
285.59180823110455,1.914727309779558
285.59172582994063,1.9147332945762379
285.59166943573297,1.9147382804974002
285.5916308449117,1.9147424356369136
285.59160444204133,1.9147458995753157
285.591586381927,1.9147487453331964
285.5915740201979,1.9147509919835093
285.5915658182876,1.9147532083783756
285.59156035034744,1.9147546859749465
285.5915565852151,1.9147557034232827
285.59155379998924,1.914757150863077
285.5915521062657,1.9147601733418154
285.59155090245633,1.9147604250128647
285.5915500999168,1.9147605927935614
285.59154956489044,1.9147607046473536
285.5915492082062,1.9147607792165524
285.5915466142067,1.9147613215238235
285.5915463077994,1.9147623623030352
285.59154657426365,1.9147629864663753
285.5915469953948,1.9147632170763833
285.5915563212428,1.9147683238789281
285.59160951837407,1.9147794632054453
285.59168445559817,1.9147882935232357
285.59210603528663,1.9148153243351296
285.59709320871724,1.9149381090675042
285.6560794640508,1.9154632894055843
285.8261671219846,1.9163500501930235
286.07139166168827,1.9173648575322497
286.7784983045364,1.9198882843382998
287.9903632068531,1.923870625989475
289.4045766671314,1.9284509247325214
290.8187901464593,1.9331259815286561
292.2330036351115,1.9379717810090609
293.64721712869687,1.9430377567610582
295.06143062472205,1.9483654504621803
296.4756441215082,1.9539952938389336
297.8898576177473,1.9599700939447453
299.30407111228095,1.9663374448103168
300.7182846039674,1.9731518382757738
302.13249809158395,1.980476798409896
303.5467115737422,1.9883871658394594
304.9609250488052,1.996971483688525
306.3751385148073,2.0063341385258466
307.7893519693915,2.016596274963567
309.20356540981476,2.027893133554475
310.6177788331467,2.040362669952395
312.03199223694173,2.054115357686121
313.4462056208967,2.069169171764987
314.86041898994876,2.085337401245816
316.2746323575225,2.102099756798917
317.68884574363,2.1185850821456578
319.10305916430605,2.1338155313401175
320.5172726222255,2.147101256782805
321.93148610920883,2.158228741419129
323.34569961150055,2.167334781450175
324.3232644572145,2.1725872085025486
325.7374779746416,2.1788780047335647
327.1516914923238,2.183807715616692
328.5659050067924,2.1875165419986407
329.98011851511654,2.1900808907912404
331.3943320145028,2.19152813916745
332.8085455021336,2.1918531967463486
334.22275897520734,2.1910360842433616
335.63697243114,2.189060010699577
337.0511858678422,2.1859278711515007
338.46539928393014,2.181673572477737
339.87961267872754,2.176364687937151
341.2938260519827,2.170094721163464
342.7080394032734,2.162964893326685
344.12225273099256,2.155054458335364
345.5364660282631,2.146372037983303
346.858873107322,2.1374158761357243
347.8163051010545,2.130173339801026
348.48903692925063,2.1244292722587934
348.961726483709,2.1198210715320664
349.29385794895063,2.116084284779124
349.52722740718013,2.1130257717097622
349.69120253812844,2.110501907671809
349.80641830468267,2.1084033775281967
349.88737369653745,2.1066448835000307
349.9442563066369,2.1051580432753685
349.96548933827944,2.104514690648795
349.99357256132254,2.1035441860675768
350.013304980628,2.102734799538105
350.02716977534266,2.1020590510091512
350.0369117312056,2.1014943701309132
350.04375680778827,2.101022138825156
350.0485664156422,2.100626946424324
350.05194581788885,2.100296001651
350.0543202977189,2.100018662762645
350.05598867686535,2.0997860583122963
350.05716091992,2.099590778413621
350.0579845566921,2.0994266214207604
350.0585632476494,2.0992883843541024
350.05896982858695,2.0991716877563222
350.0592554777984,2.099073135695951
350.05945098708895,2.0989912889747027
350.059584791183,2.098923557557173
350.0596763545443,2.0988674934764484
350.0597390016708,2.0988210742336557
350.05978185391024,2.09878262636511
350.0598111551683,2.098750753399468
350.0598311790147,2.098724315068406
350.0598448531335,2.0987026586702964
350.0598542073375,2.098685547273197
350.0598603582074,2.09866912523772
350.05986445878733,2.098658177214123
350.0598673159728,2.098650548894688
350.05986908016826,2.0986412664417435
350.05987025629855,2.0986350781398624
350.05987118285094,2.0986302030118127
350.0598724259318,2.098609942729634
350.05987284384855,2.0986117092533094
350.0598731224597,2.0986128869356566
350.05987376900936,2.0986156198847232
350.0598742859393,2.0986066327498105
350.0598738324708,2.0986009495585014
350.0598726225061,2.098580768510688
350.0598681232995,2.0985569989756367
350.0598548215909,2.0985190317627582
350.0596993233579,2.0983508663006147
350.05880087147796,2.097980834383404
350.0562094209794,2.097456141851899
350.0487363698935,2.096608691745477
349.96034823678394,2.0926903553797622
348.5461349996095,2.075930175052105
347.1319215268176,2.0670529420981794
345.71770801349396,2.0600235731613
344.30349448383424,2.0539303849750303
342.8892809456907,2.0484190224795356
341.47506740249867,2.043309502264638
340.06085385603217,2.0384963892573427
338.6466403073119,2.0339120757612
337.232426756972,2.0295104040533545
335.81821320543014,2.0252583764815113
334.40399965297416,2.021131561668356
332.9897860998101,2.0171113689039
331.5755725460901,2.0131833420889653
330.1613589919297,2.0093360448609534
328.74714543741896,2.005560305822069
327.33293188262945,2.0018486922805576
325.9187183276197,1.998195134119642
324.5045047724382,1.994594649293104
323.0902912171266,1.9910431399487851
321.6760776617209,1.9875372388097294
320.26186410625354,1.9840741921062799
318.8476505507541,1.9806517696520607
317.43343699525053,1.977268195506355
316.01922343976986,1.97392209460522
314.60500988433904,1.9706124521021147
313.1907963289857,1.9673385831439791
311.7765827737389,1.9641001115566878
310.36236921862996,1.960896956521066
308.9481556636937,1.9577293268614209
307.53394210896937,1.9545977231106346
306.1197285545026,1.9515029481359787
304.7055150003473,1.9484461279082825
303.2913014465686,1.945428745132494
301.877087893247,1.942452690196197
300.46287434048423,1.9395203367195846
299.04866078841206,1.9366346538373445
297.6344472372059,1.9337993761060632
296.2202336871068,1.931019268721667
294.80602013845913,1.9283005601529903
293.3918065917772,1.9256516909103647
291.9775930478727,1.923084716379659
290.5633795081073,1.9206182382428272
289.14916597549274,1.9182845901608625
288.09124223556347,1.9166638595698593
287.34790066322677,1.9156246439692652
286.82559771373616,1.9149739190717388
286.45860576989713,1.914581463573331
286.2007418516368,1.9143592197086108
286.0195558605031,1.9142476324265165
285.89224699654335,1.9142065179355523
285.8027944615638,1.9142089024368953
285.73994137092035,1.9142368319550078
285.69577816540055,1.914278505716438
285.6647472570095,1.9143263075086807
285.64294365136,1.9143754513499818
285.62762353563676,1.9144230499443036
285.6168589918934,1.91446747522685
285.6092953841368,1.9145079210924374
285.60398088831937,1.9145441061067445
285.6002467129657,1.9145760730219556
285.59762293716415,1.914604055078549
285.5957793748146,1.9146283882320843
285.59448402337574,1.9146494548503963
285.593573868292,1.9146676489203225
285.59293436835463,1.914683302547772
285.5924966086725,1.9146965106161742
285.5921969513169,1.9147075797576874
285.5919918328267,1.9147168370020873
285.5918514315632,1.914724566606298
285.5917553329435,1.914731013248514
285.59168956206,1.9147363864632192
285.5916445524006,1.9147408646164257
285.591613755144,1.9147445893370694
285.5915926851916,1.914747656729603
285.59157826901316,1.9147502838432566
285.59156844266533,1.914752980082682
285.5915618702423,1.9147542105337116
285.5915573509872,1.9147550566025076
285.5915537991239,1.9147564828042654
285.59155192553357,1.9147601586218914
285.5915505335516,1.914760666375951
285.5915496055636,1.9147610048786516
285.59154898690497,1.9147612305471147
285.59154637445874,1.9147621834905784
285.5915465467477,1.9147629607312155
285.59154696781025,1.9147631919671806
285.5915562929825,1.914768313094667
285.5916094899394,1.9147794591371257
285.5916844271436,1.9147882908595972
285.59210600682565,1.9148153229469815
285.59709318025494,1.9149381085846733
285.65607943558825,1.9154632892192698
285.82616709352203,1.9163500500643464
286.0713916332257,1.917364857421945
286.77849827607383,1.9198882842418588
287.99036322053735,1.9238706260337466
289.40457668081564,1.9284509247771418
290.8187901601436,1.933125981574627
292.2330036487958,1.9379717810569423
293.6472171423811,1.9430377568112793
295.0614306384063,1.9483654505151256
296.47564413519245,1.953995293895007
297.88985763143154,1.959970094004371
299.3040711259652,1.966337444873996
300.71828461765165,1.973151838344073
302.1324981052682,1.980476798483472
303.54671158742644,1.9883871659191117
304.9609250624895,1.9969714837751753
306.37513852849156,2.006334138620586
307.78935198307573,2.0165962750676503
309.203565423499,2.027893133669247
310.61777884683096,2.040362670079123
312.031992250626,2.054115357825574
313.44620563458096,2.0691691719165712
314.860419003633,2.0853374014062975
316.27463237120674,2.1020997569613917
317.68884575731425,2.1185850823005716
319.1030591779903,2.1338155314788105
320.51727263590976,2.1471012569009025
321.9314861228931,2.1582287415166372
323.3456996251848,2.167334781529342
324.3232644708988,2.1725872085706284
325.73747798832585,2.1788780047875713
327.15169150600804,2.1838077156583147
328.56590502047663,2.1875165420289093
329.9801185288008,2.1900808908106404
331.3943320281871,2.1915281391760493
332.80854551581785,2.1918531967439963
334.2227589888916,2.1910360842298617
335.63697244482427,2.189060010674843
337.05118588152646,2.1859278711156764
338.4653992976144,2.1816735724313356
339.8796126924118,2.1763646878809673
341.29382606566696,2.1700947210984856
342.70803941695766,2.1629648932538297
344.1222527446768,2.1550544582552718
345.53646604194773,2.1463720378906483
345.819655888374,2.1445314029907534
347.08320156494335,2.1357902581606893
347.9710217020877,2.128913420589136
348.59484132135566,2.123450160297369
349.03316310739626,2.119061549899768
349.34114633815415,2.1155011076543353
349.55754823518146,2.1125885343650395
349.70960124737866,2.1101894812082906
349.81644003505926,2.10820166034883
349.89150941264535,2.106545538699084
349.9442562665797,2.1051580434544244
349.97235570347203,2.1042919887312093
349.99839707675494,2.1033585448091463
350.0166948068652,2.1025798712855526
350.02955152884516,2.1019296320391
350.03858517057654,2.1013861743926343
350.0449325559811,2.1009316229817783
350.0493924651651,2.100551172435474
350.05252615447233,2.10023252743635
350.05472798608423,2.099965454271397
350.05627505533334,2.099741418170177
350.0573620609265,2.099553287569756
350.0581258062145,2.0993950910556145
350.058662414794,2.09926181589355
350.0590394267135,2.099149239198531
350.05930429926775,2.099054091032155
350.0594855853585,2.098974963309259
350.0596096522973,2.098909358949875
350.05969454918187,2.0988549061517063
350.05975263147593,2.0988096382552683
350.05979235695764,2.0987719213750715
350.05981951511393,2.0987403933034745
350.0598380686273,2.098713907989143
350.05985072907527,2.098691490096225
350.05985935129604,2.0986723495903217
350.059865208807,2.0986558941712006
350.0598691845775,2.098640992665343
350.05987184335385,2.09862502432799
350.0598738694843,2.098600949527989
350.0598733161193,2.0985844990521496
350.0598665428421,2.0985502539205605
350.0598568853461,2.0985236288473805
350.05982932355454,2.0984745566614764
350.05919051008016,2.0981059857934747
350.0573474337891,2.097649952035269
350.04671722735617,2.0964363226947027
349.9854113771424,2.0934811992248963
349.80863485400465,2.0892613031250487
348.39442154273416,2.074827085074089
346.98020806305414,2.0662353368247235
345.56599454731816,2.059333709552685
344.151781016492,2.0533153806079536
342.7375674776842,2.0478539458037313
341.32335393407396,2.042780402592129
339.9091403873257,2.0379945960296224
338.4949268384061,2.0334318018548156
337.0807132879201,2.0290475825121566
335.6664997362681,2.0248100359295704
334.25228618372745,2.020695464753648
332.8380726304972,2.016685790426415
331.42385907672497,2.0127669263494683
330.0096455225231,2.008927710385387
328.59543196797927,2.005159179685301
327.18121841316355,2.0014540636176403
325.76700485813313,1.9978064204745503
324.3527913029358,1.9942113717966694
322.93857774761244,1.9906649047198723
321.5243641921987,1.9871637228421193
320.1101506367265,1.9837051324579025
318.6959370812253,1.9802869551161857
317.28172352572284,1.9769074601890053
315.8675099702462,1.9735653130021507
314.4532964148224,1.9702595353893417
313.03908285947904,1.9669894764855589
311.62486930424546,1.9637547923038263
310.2106557491534,1.9605554332366442
308.79644219423784,1.9573916391609036
307.3822286395389,1.9542639423716415
305.96801508510276,1.9511731792036517
304.5538015309845,1.9481205120257816
303.1395879772507,1.9451074644773718
301.72537442398374,1.942135974642874
300.31116087128817,1.9392084738487037
298.89694731929956,1.9363280039176847
297.4827337681992,1.9334983950856546
296.06852021823704,1.9307245448571804
294.6543066697717,1.9280128754249342
293.2400931233418,1.925372131233806
291.825879579803,1.9228148883069567
290.411666040599,1.920360753229198
288.99745250905426,1.918044376656233
287.984628791013,1.916508696416702
287.27297638530456,1.9155263709921437
286.77293957316675,1.9149135658147212
286.4215927511657,1.9145462104918516
286.1747217515955,1.9143403946594062
286.00125984613317,1.9142393768108834
285.87937824868897,1.9142048899827755
285.7937391387701,1.9142112691714113
285.7335655205057,1.9142414541239956
285.69128502466003,1.9142842531329032
285.66157698705666,1.9143324633547325
285.6407028859201,1.9143815775902713
285.6260358790751,1.9144288949228487
285.6157302370551,1.9144729104700695
285.60848907294366,1.914512898365272
285.6034011396225,1.9145486285254414
285.5998261566772,1.9145801759358227
285.5973142362761,1.9146077937714103
285.59554926842077,1.9146318304531813
285.59430914112795,1.9146526768862686
285.593437788858,1.9146706722440685
285.5928413131505,1.9146858977601098
285.592433005694,1.9146986843122606
285.5921535100453,1.9147093949309735
285.5919621933752,1.914718348530239
285.5918312402266,1.9147258216974423
285.5917416093578,1.9147320521019509
285.59168026599065,1.9147372433046672
285.59163828722944,1.914741568938732
285.5916095648716,1.914745161568228
285.5915899140472,1.9147480880317511
285.59157646251253,1.9147506086291057
285.59156730313845,1.9147534245792979
285.59156116788773,1.9147544328294903
285.59155694987015,1.9147551260068711
285.59155343751183,1.9147564411034264
285.5915517084612,1.9147603706587453
285.59155040759146,1.914760808484107
285.59154954034494,1.9147611003676808
285.5915489621806,1.9147612949567359
285.5915463225005,1.9147621833768835
285.59154656696927,1.914762979658188
285.59154698808237,1.9147632104336463
285.5915563137518,1.914768321022044
285.5916095108369,1.9147794621271834
285.59168444805573,1.9147882928171758
285.5921060277425,1.9148153239671455
285.59709320117275,1.9149381089395214
285.65607945650623,1.9154632893562016
285.82616711444,1.9163500501589184
286.07139165414367,1.9173648575030129
286.7784982969918,1.9198882843127325
287.9903631993085,1.923870625965069
289.4045766595868,1.9284509247079227
290.8187901389147,1.9331259815033055
292.2330036275669,1.9379717809826595
293.64721712115227,1.9430377567333705
295.06143061717745,1.9483654504329855
296.4756441139636,1.9539952938080214
297.8898576102027,1.959970093911863
299.30407110473635,1.9663374447752069
300.7182845964228,1.9731518382381181
302.13249808403936,1.9804767983693279
303.5467115661976,1.988387165795544
304.9609250412606,1.9969714836407517
306.3751385072627,2.0063341384736155
307.7893519618469,2.0165962749061888
309.20356540227016,2.027893133491202
310.6177788256021,2.040362669882522
312.03199222939713,2.054115357609229
313.4462056133521,2.0691691716814047
314.86041898240416,2.0853374011573447
316.2746323499779,2.1020997567093422
317.6888457360854,2.118585082060262
319.10305915676145,2.1338155312636555
320.5172726146809,2.1471012567176913
321.93148610166423,2.158228741365373
323.34569960395595,2.167334781406521
324.3232644496699,2.172587208465011
325.737477967097,2.1788780047037957
327.1516914847792,2.183807715593743
328.5659049992478,2.1875165419819504
329.98011850757194,2.190080890780549
331.3943320069582,2.1915281391627053
332.808545494589,2.191853196747632
334.22275896766274,2.191036084250804
335.6369724235954,2.189060010713222
337.0511858602976,2.1859278711712467
338.46539927638554,2.1816735725033203
339.87961267118294,2.1763646879681433
341.2938260444381,2.170094721199295
342.7080393957288,2.162964893366857
344.12225272344796,2.1550544583793814
345.5364660207178,2.14637203809818
345.97369932107983,2.1435140740877734
347.19005469518413,2.1350023379463385
348.0447169473014,2.1283019883578818
348.6452384464139,2.122974444884334
349.06718999658676,2.1186922858547534
349.3636708135569,2.1152175966592393
349.571990632816,2.1123761692775656
349.7183648389062,2.110038042151485
349.8212134601427,2.1081042229930915
349.89347918064226,2.10649781681797
349.9442560696344,2.105158044336906
349.97562445051994,2.104183012273102
350.0006932392123,2.1032677070380537
350.0183075906404,2.1025040757977664
350.03068414213135,2.1018663391675734
350.0393803959666,2.1013332919727423
350.0454907185081,2.1008874216950755
350.04978405740087,2.1005142192143325
350.05280070745073,2.1002016324406023
350.05492030238406,2.099939628254985
350.0564095887035,2.0997198379456097
350.05745599359426,2.0995352678663974
350.0581912111311,2.0993800615044735
350.058707774919,2.0992493021611427
350.0590707025274,2.0991388475361434
350.05932567885174,2.0990454901226627
350.0595001904074,2.098967848370476
350.05961961978227,2.0989034726894893
350.0597013419731,2.0988500360172964
350.0597572509806,2.0988056086484885
350.0597954886813,2.0987685872036184
350.0598216283025,2.0987376346322275
350.0598394844714,2.098711625810245
350.05985166741016,2.0986896038948486
350.0598599626404,2.098670792589349
350.0598655960616,2.098654590304968
350.05986941617175,2.098639857192857
350.0598719615053,2.0986241252627034
350.0598738690972,2.0986009495282563
350.05987318296684,2.098583400718945
350.059866663846,2.0985503091731026
350.059857350839,2.0985247358076253
350.0598043314356,2.0984433217080416
350.0597295001796,2.0983735392784073
350.0588650733941,2.0979996548958106
350.0563717121533,2.0974817224223585
350.05277657161963,2.0970091653159324
349.88268922813154,2.0907401521676032
349.6374647513249,2.0865338894239436
348.9303581212444,2.0789940788141097
347.5161446714783,2.069214922298822
346.10193116538846,2.061818519873003
344.6877176390725,2.0555179084192052
343.2735041027857,2.049870888969842
341.8592905607438,2.044664821463311
340.44507701504347,2.0397790581645046
339.03086346686064,2.035137855758008
337.61664991691237,2.030690275000121
336.2024363656642,2.0264003069687315
334.7882228134334,2.0222415205280724
333.3740092604447,2.018193939628932
331.959795706863,2.014242114634539
330.54558215281247,2.0103738755633667
329.13136859838914,2.0065794955618497
327.7171550436691,2.0028511119986065
326.302941488714,1.9991823153105517
324.88872793357484,1.9955678505318657
323.47451437829477,1.992003396600474
322.0603008229113,1.9884854006677317
320.64608726745763,1.985010952179163
319.23187371196406,1.9815776863240875
317.8176601564589,1.9781837096305313
316.40344660096935,1.9748275426290918
314.9892330455223,1.9715080760016952
313.57501949014517,1.9682245377015477
312.16080593486646,1.9649764693326783
310.74659237971684,1.961763710714584
309.33237882473,1.9585863921097233
307.91816526994387,1.955444934126528
306.5039517154022,1.9523400559008235
305.08973816115633,1.9492727928960165
303.6755246072681,1.9462445266860182
302.26131105381324,1.9432570306231935
300.8470975008871,1.9403125377577886
299.43288394861213,1.9374138415399074
298.01867039715006,1.9345644472557815
296.60445684672135,1.9317688061344545
295.1902432976372,1.9290326921740983
293.77602975035654,1.9263638428172247
292.3618162055922,1.923773130852737
290.94760266452056,1.9212769326170975
289.5333891295104,1.9189026483340654
288.3612095167924,1.9170642768037047
287.5375869769704,1.9158794346713974
286.958875253162,1.9151315555748054
286.5522481389827,1.9146746868498372
286.26653488792476,1.9144101793069808
286.0657807876833,1.91427130135998
285.9247225496506,1.914212983953405
285.82560912784186,1.914204919154547
285.7559678929585,1.914226876511645
285.70703505261235,1.914265503663038
285.67265279875727,1.91431213112884
285.648494397228,1.914361262576459
285.63151970315533,1.9144095361344986
285.61959258326516,1.9144550108480454
285.6112121007431,1.9144966781126944
285.6053236344496,1.9145341288906597
285.6011861633611,1.9145673287126839
285.5982790150564,1.9145964671084075
285.59623634329625,1.9146218582816075
285.59480108923015,1.9146438769561596
285.5937926326887,1.9146629183056887
285.5930840620204,1.9146793181575208
285.59259901952277,1.9146931681105381
285.59226699440933,1.914704783272119
285.5920397183599,1.914714502637844
285.5918841489949,1.9147226218635847
285.5917776669545,1.914729396031045
285.59170478802804,1.9147350434070942
285.59165491242294,1.9147397499609546
285.5916207840843,1.914743674898447
285.5915974361728,1.9147469503697079
285.591581467613,1.914749651961691
285.59157054021125,1.9147518219011967
285.5915632933879,1.914753920205473
285.59155846217226,1.9147553190749962
285.59155513162074,1.9147562834300165
285.59155258213303,1.9147577211327749
285.59155114505154,1.9147608151586053
285.59155008449846,1.9147611216142977
285.5915493774631,1.9147613259180891
285.59154890610614,1.9147614621206197
285.59154640939204,1.914762183567059
285.59154657943867,1.9147629912919872
285.5915470005827,1.914763221784772
285.5915563265572,1.9147683259052375
285.59160952372116,1.9147794639704496
285.591684460949,1.9147882940240528
285.59210604063867,1.9148153245961508
285.5970932140695,1.9149381091582987
285.65607946940304,1.915463289440619
285.8261671273369,1.9163500502172184
286.07139166704053,1.9173648575529922
286.7784983098887,1.919888284356438
287.99036321220535,1.9238706260067926
289.40457667248364,1.9284509247499753
290.8187901518116,1.9331259815466328
292.2330036404638,1.937971781027791
293.64721713404913,1.9430377567807042
295.0614306300743,1.9483654504828927
296.47564412686046,1.953995293860864
297.88985762309954,1.9599700939680644
299.3040711176332,1.9663374448352258
300.71828460931965,1.9731518383024873
302.1324980969362,1.9804767984386729
303.54671157909445,1.988387165870615
304.9609250541575,1.9969714837224135
306.37513852015957,2.006334138562901
307.78935197474374,2.0165962750042805
309.203565415167,2.0278931335993633
310.61777883849896,2.040362670001965
312.031992242294,2.054115357740667
313.44620562624897,2.069169171824275
314.860418995301,2.085337401308588
316.27463236287474,2.102099756862464
317.68884574898226,2.118585082206257
319.1030591696583,2.133815531394375
320.51727262757777,2.147101256828991
321.9314861145611,2.1582287414572674
323.3456996168528,2.167334781480964
324.32326429397943,2.1725872076904027
325.7374778114065,2.1788780040893863
327.1516913290887,2.1838077151201682
328.5659048435573,2.187516541637538
329.98011835188146,2.19008089055987
331.39433185126774,2.191528139064857
332.8085453388985,2.191853196774324
334.22275881197226,2.191036084404375
335.6369722679049,2.1890600109947087
337.0511857046071,2.1859278715787704
338.46539912069505,2.1816735730312558
339.87961251549245,2.1763646886073538
341.2938258887476,2.170094721938666
342.7080392400383,2.162964894195779
344.12225256775747,2.155054459293073
345.5364658650316,2.1463720398296777
346.1750235755148,2.1421663606939063
347.3446623697562,2.1338453865145746
348.16649959295125,2.127274081480746
348.7439568488112,2.1220234179617643
349.14970249238615,2.117774723307707
349.43479635675885,2.1142954064545316
349.635115221225,2.111413144438851
349.7758676145492,2.1089964972524715
349.8747661048889,2.1069409861121944
349.9442562748981,2.1051580434168518
349.9445481666853,2.1051496087979116
349.9788558237866,2.1040732558205395
350.0029617912852,2.103176262360745
350.01989962420794,2.1024278316846647
350.03180082546425,2.1018027445467085
350.0401630783253,2.1012802469183556
350.04603871780995,2.1008431929040663
350.050167158581,2.100477373539356
350.05306794433557,2.1001709840509624
350.05510612820433,2.099914196303303
350.056538211757,2.0996988124956997
350.0575444236665,2.0995179824570904
350.0582514000414,2.099365971188337
350.058748120563,2.0992379662366014
350.05909710569665,2.0991299165699218
350.0593422857497,2.0990386795102767
350.05951009172554,2.0989629290582577
350.0596249314802,2.0989002684541553
350.05970351288465,2.0988484343837577
350.05975727341945,2.098805557713802
350.0597940426939,2.098770095205232
350.05981918053664,2.0987407733482493
350.0598363560969,2.0987165434371695
350.0598480812986,2.0986965465274086
350.0598560761338,2.0986800623056645
350.05986151592776,2.098666390550169
350.05986510509047,2.0986553658350227
350.0598674978656,2.098648016024959
350.05986936539966,2.0986422795808504
350.0598706111157,2.098627982150859
350.05987137852026,2.098628723612907
350.0598721150059,2.0986294352012367
350.0598723837059,2.0986265999701823
350.05987418489445,2.0986075944441
350.05987382415987,2.098600949565385
350.05987264009525,2.0985809019596324
350.05986814210934,2.0985570748296745
350.0598548406629,2.0985190733746313
350.0596993425088,2.0983508800357455
350.0588008906405,2.097980839914774
350.056209440144,2.0974561448383207
350.0487363890585,2.0966086934523274
349.960348255949,2.0926903559430023
348.5461350187745,2.0759301751947516
347.13192154598266,2.0670529422026633
345.717708032659,2.0600235732490955
344.3034945029993,2.0539303850531327
342.88928096485574,2.048419022551202
341.4750674216637,2.043309502331677
340.0608538751972,2.038496389320894
338.6466403264769,2.033912075821992
337.23242677613706,2.0295104041119223
335.8182132245952,2.025258376538236
334.4039996721392,2.021131561723524
332.98978611897513,2.017111368957726
331.57557256525513,2.013183342141632
330.16135901109476,2.0093360449125894
328.747145456584,2.0055603058727844
327.3329319017945,2.0018486923304453
325.9187183467847,1.9981951341687738
324.50450479160327,1.99459464934155
323.09029123629165,1.9910431399965989
321.67607768088595,1.9875372388569446
320.2618641254186,1.9840741921529346
318.84765056991915,1.9806517696981703
317.4334370144156,1.9772681955519509
316.0192234589349,1.9739220946503149
314.6050099035041,1.9706124521467263
313.19079634815074,1.9673385831881092
311.7765827929039,1.9641001116003354
310.362369237795,1.9608969565642367
308.9481556828587,1.9577293269041105
307.5339421281344,1.954597723152828
306.11972857366766,1.9515029481776653
304.70551501951235,1.948446127949449
303.2913014657336,1.94542874517311
301.87708791241204,1.942452690236237
300.4628743596493,1.9395203367590161
299.0486608075771,1.936634653876125
297.63444725637095,1.9337993761441261
296.22023370627187,1.9310192687589385
294.8060201576242,1.928300560189385
293.39180661094224,1.9256516909457444
291.97759306703773,1.9230847164138205
290.56337952727233,1.9206182382754478
289.1491659946578,1.9182845901913497
288.0912422547285,1.9166638595979093
287.3479006823918,1.915624643994587
286.8255977329012,1.9149739190939168
286.4586057890622,1.9145814635918303
286.20074187080183,1.9143592197227695
286.01955587966813,1.9142476324355113
285.8922470157084,1.9142065179383911
285.80279448072883,1.9142089024323838
285.7399413900854,1.9142368319417062
285.6957781845656,1.9142785056926424
285.6647472761745,1.9143263074723211
285.642943670525,1.9143754512986253
285.62762355480174,1.9144230498749855
285.61685901105835,1.9144674751360795
285.60929540330164,1.9145079209759817
285.6039809074842,1.9145441059594952
285.6002467321305,1.9145760728377919
285.5976229563288,1.914604054849956
285.59577939397906,1.914628387949945
285.59448404254005,1.914649454503283
285.59357388745605,1.9146676484938996
285.59293438751826,1.9146833020271974
285.5924966278355,1.9146965099780464
285.592196970479,1.9147075789773824
285.5919918519874,1.9147168360497302
285.5918514507219,1.9147245654436615
285.591755352099,1.9147310118278502
285.591689581211,1.9147363847605714
285.5916445715503,1.9147408626815134
285.59161377430087,1.914744586700123
285.5915927042222,1.91474765021516
285.59157828728155,1.9147502758752943
285.5915684612686,1.9147529971712611
285.59156188800023,1.914754205148657
285.59155736815194,1.9147550357665868
285.5915538001331,1.9147564560913661
285.59155192658847,1.9147601729661023
285.5915505341099,1.914760673923214
285.5915496057909,1.9147610078946122
285.5915489869115,1.9147612305422115
285.5915463382816,1.914762183411412
285.59154655082926,1.9147629645579172
285.59154697190206,1.9147631957007196
285.5915562971749,1.9147683146959005
285.59160949415775,1.914779459740744
285.5916844313649,1.9147882912547636
285.5921060110479,1.9148153231528853
285.5970931844774,1.9149381086563029
285.65607943981075,1.91546328924691
285.82616709774453,1.9163500500834303
286.0713916374482,1.9173648574383144
286.77849828029633,1.919888284256166
287.99036322475985,1.9238706260474072
289.40457668503814,1.9284509247909074
290.8187901643661,1.9331259815888089
292.2330036530183,1.9379717810717192
293.6472171466036,1.9430377568267785
295.0614306426288,1.9483654505314658
296.47564413941495,1.9539952939123049
297.88985763565404,1.959970094022776
299.3040711301877,1.9663374448936481
300.71828462187415,1.9731518383651465
302.1324981094907,1.9804767985061775
303.54671159164894,1.9883871659436858
304.960925066712,1.9969714838019066
306.37513853271406,2.0063341386498093
307.78935198729823,2.016596275099767
309.2035654277215,2.0278931337046675
310.61777885105346,2.0403626701182294
312.0319922548485,2.0541153578686115
313.44620563880346,2.06916917196335
314.8604190078555,2.085337401455803
316.27463237542923,2.1020997570115236
317.68884576153675,2.1185850823483663
319.1030591822128,2.1338155315216145
320.51727264013226,2.1471012569373444
321.9314861271156,2.158228741546716
323.3456996294073,2.1673347815536874
324.3232643908276,2.1725872081722555
325.7374779082547,2.1788780044715814
327.15169142593686,2.183807715414761
328.56590494040546,2.187516541851779
329.9801184487296,2.190080890697141
331.3943319481159,2.191528139125724
332.8085454357467,2.191853196757722
334.2227589088204,2.1910360843088426
335.6369723647531,2.1890600108196088
337.0511858014553,2.185927871325262
338.4653992175432,2.181673572702854
339.8796126123406,2.176364688209728
341.2938259855958,2.1700947214787387
342.7080393368865,2.162964893680143
344.12225266460564,2.155054458725173
345.5364659618787,2.146372038790946
346.6136263982036,2.1391527026300112
347.64716130966855,2.1315173501041023
348.3733662385277,2.125472017188791
348.8836282351942,2.1206291413119756
349.2421596731165,2.116704690983174
349.49407885823865,2.113491419928576
349.6710878039046,2.1108354759729906
349.7954616735272,2.108619716520951
349.8828519302125,2.1067522215782457
349.94425594130115,2.105158044947774
349.9579851105853,2.1047493301046636
349.98830057872095,2.1037396961266293
350.00960146696036,2.1028978953462003
350.0245683336579,2.1021952301078737
350.0350846514591,2.1016081552193686
350.04247382717045,2.101117264738031
350.04766574185606,2.100706506472369
350.0513137688906,2.1003625636903243
350.05387699574595,2.1000743622508127
350.0556779964614,2.099832673568178
350.0569434249966,2.099629791914129
350.05783253781317,2.099459270014779
350.05845723502097,2.099315700596584
350.0588961419426,2.0991945341119638
350.0592045048308,2.0990922409350463
350.0594155630712,2.099007334181443
350.0595600115216,2.098937123113606
350.05965886187414,2.098879069277212
350.05972649783706,2.0988310775407992
350.05977276591585,2.09879141796106
350.0598044065822,2.0987586530027897
350.05982603358734,2.0987315977004775
350.0598408064167,2.0987095010789982
350.059850909376,2.098692284239273
350.0598575822241,2.0986766271827375
350.0598621633111,2.0986658781985748
350.0598651566795,2.098655863600574
350.05986726340547,2.0986488153490814
350.0598686603225,2.0986393582723144
350.0598696252636,2.0986384064589174
350.0598705029598,2.0986375407035
350.0598715958049,2.0986235103712083
350.05987186413967,2.098625258328842
350.05987228996474,2.0986280321933313
350.0598743249723,2.098608821117313
350.05987390452856,2.0986009494986533
350.0598735296194,2.0985901665066593
350.0598665499444,2.0985479655591814
350.05953487076187,2.0982523264935367
350.0585772507408,2.097919313591832
350.05581515608503,2.0973962642816115
348.64160204272116,2.076652012870935
347.22738857481124,2.0675773304360554
345.8131750631234,2.0604629562417185
344.3989615342396,2.0543207228885283
342.9847479965331,2.048776929292746
341.57053445361424,2.0436441679076554
340.15632090733084,2.0388134826666198
338.7421073587396,2.0342153606944633
337.327893808494,2.029802515198937
335.9136802570231,2.0255412330210856
334.4994667046216,2.021406605297316
333.08525315150007,2.0173797092305423
331.6710395978136,2.013445849774397
330.2568260436799,2.0095934136379734
328.84261248919034,2.0058130951384676
327.4283989344177,2.00209735741966
326.0141853794212,1.9984400479640623
324.59997182424996,1.9948361183540149
323.1857582689459,1.9912814163614665
321.7715447135455,1.987772529427034
320.3573311580813,1.984306665459639
318.94311760258313,1.9808815613125497
317.528904047079,1.9774954122194188
316.1146904915959,1.974146817462804
314.7004769361609,1.9708347389379834
313.2862633808015,1.9675584702799558
311.8720498255465,1.9643176149827228
310.45783627042726,1.9611120725537188
309.04362271547814,1.9579420322895582
307.6294091607382,1.954807974799163
306.21519560625245,1.9517106820121797
304.8009820520742,1.9486512571930874
303.3867684982677,1.945631157587213
301.97255494491236,1.942652244010769
300.55834139210816,1.9397168544279522
299.14412783998444,1.936827913224323
297.7299142887131,1.933989096290666
296.31570073852987,1.9312050880692029
294.9014871897704,1.9284819994291487
293.48727364293455,1.9258280876072065
292.07306009880784,1.9232550967705198
290.6588465587029,1.9207810352314223
289.2446330254534,1.9184368945959986
288.1583203124315,1.9167623746463798
287.3950314571215,1.915687174211954
286.8587127101288,1.9150124542395235
286.4818726792113,1.9146041045177493
286.2170890819857,1.9143714469644295
286.03104103422845,1.9142531499701705
285.90031588538807,1.9142078199137824
285.80846292538297,1.9142076571703397
285.7439231954485,1.9142341439533972
285.6985748864278,1.9142750953359517
285.6667112746146,1.914322634483224
285.6443225766168,1.9143717997989902
285.62859135046983,1.9144195868093852
285.6175379432995,1.9144642903301392
285.6097713679827,1.914505054470848
285.6043142586438,1.9145415665427392
285.6004798770477,1.9145738504964964
285.5977856921367,1.9146021290432995
285.5958926573935,1.9146267330217026
285.5945625445762,1.914648043153698
285.5936279646911,1.9146664539503118
285.5929713028655,1.9146822985970253
285.5925217949065,1.9146956713365184
285.5922140951983,1.9147068810380508
285.5920034712729,1.9147162578822434
285.59185930124187,1.9147240891299875
285.5917606227086,1.9147306222268756
285.5916930857581,1.9147360691440687
285.5916468671586,1.9147406104312124
285.5916152423719,1.9147443911053563
285.5915936063671,1.914747513238465
285.59157920097545,1.914750104684549
285.5915693336697,1.9147518797553968
285.5915627821496,1.9147535736733252
285.5915581167875,1.914754779918649
285.591554975338,1.9147576998689138
285.5915529160741,1.9147575260226213
285.5915513541054,1.914757394158772
285.5915504910115,1.9147582262679623
285.5915499156156,1.914758781007434
285.5915463864095,1.9147621835167539
285.59154654506733,1.9147629591555717
285.5915469661257,1.914763190429908
285.5915562912565,1.9147683124356767
285.5916094882028,1.9147794588886502
285.59168442540573,1.914788290696873
285.59210600508743,1.91481532286222
285.5970931785166,1.9149381085551764
285.6560794338499,1.9154632892078896
285.8261670917837,1.9163500500564867
286.07139163148736,1.9173648574152122
286.7784982743355,1.9198882842359672
287.990363218799,1.9238706260281244
289.4045766790773,1.9284509247714734
290.81879015840525,1.9331259815687893
292.23300364705744,1.9379717810508614
293.6472171406428,1.9430377568049007
295.061430636668,1.9483654505084
296.4756441334541,1.9539952938878844
297.8898576296932,1.9599700939967915
299.3040711242269,1.9663374448659074
300.7182846159133,1.9731518383353932
302.1324981035299,1.9804767984741303
303.5467115856881,1.9883871659089885
304.96092506075115,1.996971483764161
306.37513852675323,2.006334138608551
307.7893519813374,2.016596275054432
309.2035654217607,2.0278931336546675
310.61777884509263,2.0403626700630277
312.03199224888766,2.0541153578078593
313.44620563284263,2.0691691718973164
314.8604190018947,2.0853374013859094
316.2746323694684,2.1020997569407527
317.6888457555759,2.118585082280887
319.103059176252,2.1338155314611944
320.51727263417143,2.1471012568858936
321.93148612115476,2.1582287415042494
323.3456996234465,2.167334781519282
324.32326446916045,2.172587208561983
325.7374779865875,2.1788780047807044
327.1516915042697,2.1838077156530233
328.5659050187383,2.1875165420250657
329.9801185270625,2.1900808908081704
331.39433202644875,2.191528139174954
332.8085455140795,2.191853196744298
334.22275898715327,2.191036084231582
335.63697244308594,2.1890600106779807
337.05118587978814,2.1859278711202235
338.46539929587607,2.181673572437232
339.87961269067347,2.1763646878881104
341.29382606392863,2.1700947211067314
342.70803941521933,2.1629648932630894
344.1222527429385,2.1550544582654387
345.5364660402093,2.146372037900715
346.7255692812658,2.1383648808616984
347.7243669515286,2.1309079572500793
348.426164038334,2.1249994421806635
348.9192760619484,2.120263032358103
349.2657572099828,2.1164236204297824
349.5092093565434,2.1132804064029482
349.68026900642013,2.1106842167043016
349.8004626521068,2.1085214986740084
349.8849157092452,2.106703394121788
349.9442559229898,2.10515804502138
349.96141346608084,2.104643203173771
349.9907100240494,2.1036512408701142
350.01129498330994,2.1028240702157657
350.02575880830983,2.1021335445799227
350.035921667938,2.1015565593914713
350.0430624891268,2.1010740643225887
350.0480798995152,2.1006702962501116
350.05160531250965,2.100332174677322
350.0540823855858,2.1000488192486158
350.0558228510176,2.099811160700135
350.05704574488124,2.099611624358144
350.0579049709872,2.099443870564345
350.05850866843775,2.0993025799337457
350.05893281989216,2.0991832737988823
350.05923081476936,2.0990824818360623
350.05943477516365,2.0989987216020953
350.0595743642362,2.098929345111414
350.05966988733417,2.0988718439059815
350.0597352445195,2.09882414201003
350.05977995104695,2.0987845203651654
350.05981052048696,2.098751550679827
350.05983141129275,2.098724027449966
350.0598456740042,2.098700956074402
350.05985539887246,2.098681838199891
350.0598620514682,2.0986667020542336
350.05986638573523,2.0986519581556746
350.05986942808505,2.0986416089786433
350.0598712384084,2.098629564772122
350.0598725812546,2.0986206307234214
350.05987387043945,2.0986009495272464
350.05987326091656,2.098584066072084
350.0598664829782,2.098550050270177
350.0598568246423,2.098523489068743
350.05982926263,2.0984744714646455
350.05919044904914,2.0981059637045028
350.0573473727495,2.0976499405754874
350.0467171663144,2.0964363176975427
349.98541131610017,2.093481197145895
349.8086347929624,2.0892613020054758
348.3944214816919,2.074827084640264
346.98020800201186,2.066235336499491
345.5659944862759,2.059333709277122
344.15178095544974,2.053315380361787
342.7375674166419,2.047853945577262
341.3233538730317,2.0427804023799223
339.9091403262834,2.0379945958282475
338.49492677736384,2.0334318016619832
337.08071322687783,2.0290475823262804
335.66649967522585,2.024810035749463
334.2522861226852,2.0206954645784263
332.83807256945494,2.0166857902553925
331.4238590156827,2.0127669261821115
330.00964546148083,2.0089277102212515
328.595431906937,2.005159179524054
327.1812183521213,2.0014540634589926
325.76700479709086,1.997806420318272
324.35279124189356,1.9942113716425716
322.93857768657017,1.990664904567789
321.5243641311564,1.9871637226919279
320.1101505756842,1.9837051323095058
318.695937020183,1.9802869549694884
317.28172346468057,1.9769074600439485
315.86750990920393,1.9735653128586836
314.4532963537801,1.970259535247428
313.03908279843677,1.966989476345181
311.6248692432032,1.9637547921649687
310.2106556881111,1.960555433099314
308.79644213319557,1.9573916390251143
307.3822285784966,1.9542639422374304
305.9680150240605,1.9511731790710587
304.55380146994224,1.9481205118948646
303.1395879162084,1.9451074643482043
301.72537436294147,1.9421359745155424
300.3111608102459,1.9392084737233288
298.8969472582573,1.9363280037944293
297.4827337071569,1.9334983949646813
296.06852015719477,1.9307245447387376
294.6543066087294,1.9280128753093473
293.24009306229954,1.9253721311215188
291.8258795187607,1.922814888198622
290.41166597955674,1.9203607531259086
288.997452448012,1.918044376560045
287.9846287299707,1.9165086963283742
287.2729763242623,1.9155263709126638
286.7729395121245,1.9149135657454421
286.4215926901234,1.9145462104345141
286.1747216905532,1.91434039461619
286.0012597850909,1.9142393767844734
285.8793781876467,1.9142048899764053
285.7937390777278,1.914211269188982
285.7335654594634,1.9142414541701922
285.69128496361776,1.9142842532133126
285.66157692601445,1.9143324634760557
285.64070282487796,1.9143815777605226
285.626035818033,1.9144288951516306
285.6157301760131,1.9144729107689167
285.6084890119017,1.9145128987480702
285.60340107858076,1.9145486290089595
285.59982609563565,1.9145801765404735
285.5973141752349,1.9146077945222069
285.5955492073801,1.914631831381155
285.59430908008795,1.9146526780304955
285.593437727819,1.914670673645136
285.5928412521129,1.9146858994816385
285.5924329446586,1.914698686421445
285.5921534490131,1.9147093975087834
285.59196213234765,1.9147183516751838
285.59183117920594,1.914725825535395
285.59174154834784,1.9147320567912678
285.5916802049963,1.9147372489263268
285.59163822623975,1.9147415753056998
285.591609503853,1.9147451701612406
285.591589853464,1.9147481102454411
285.5915764047961,1.9147506377257626
285.59156724534586,1.9147533806558392
285.5915611121768,1.9147544494784068
285.5915568953481,1.9147551843418436
285.591553434602,1.9147565201877659
285.5915517060472,1.9147603356290404
285.5915504063264,1.9147607900538741
285.5915495398459,1.914761093003754
285.59154896219223,1.9147612949703408
285.59154642060673,1.9147621835916155
285.5915465656933,1.91476297846526
285.5915469868032,1.9147632092697253
285.59155631244136,1.914768320521893
285.5916095095183,1.9147794619384868
285.5916844467362,1.9147882926936146
285.5921060264227,1.914815323902816
285.5970931998529,1.9149381089171396
285.6560794551864,1.9154632893475625
285.82616711312016,1.9163500501529485
286.0713916528238,1.9173648574978976
286.77849829567197,1.9198882843082625
287.99036319798864,1.9238706259607992
289.40457665826693,1.928450924703626
290.8187901375949,1.9331259814988746
292.23300362624707,1.9379717809780395
293.6472171198324,1.943037756728525
295.0614306158576,1.948365450427877
296.47564411264375,1.9539952938026097
297.88985760888283,1.9599700939061138
299.3040711034165,1.9663374447690618
300.71828459510294,1.9731518382315345
302.1324980827195,1.9804767983622336
303.54671156487774,1.9883871657878704
304.9609250399408,1.9969714836323962
306.37513850594286,2.006334138464474
307.78935196052703,2.01659627489615
309.2035654009503,2.0278931334801307
310.61777882428225,2.0403626698702997
312.0319922280773,2.054115357595777
313.44620561203226,2.069169171666794
314.8604189810843,2.085337401141863
316.27463234865803,2.102099756693677
317.68884573476555,2.118585082045316
319.1030591554416,2.133815531250279
320.51727261336106,2.147101256706295
321.9314861003444,2.158228741355969
323.3456996026361,2.167334781398755
324.32326432190956,2.1725872078293653
325.73747783933663,2.1788780041996114
327.1516913570188,2.1838077152051296
328.5659048714874,2.1875165416993236
329.9801183798116,2.1900808905994547
331.39433187919786,2.1915281390824113
332.80854536682864,2.191853196769533
334.2227588399024,2.1910360843768277
335.63697229583505,2.189060010944213
337.05118573253725,2.1859278715056565
338.4653991486252,2.181673572936548
339.8796125434226,2.1763646884926824
341.29382591667775,2.1700947218060334
342.70803926796845,2.162964894047071
344.1222525956876,2.1550544591292926
345.53646589296136,2.146372039499071
346.44000196229547,2.140359097533553
347.5274147641796,2.1324498110772403
348.2914765577281,2.1261944268781914
348.8283383745817,2.1211884284407194
349.205559961097,2.1171339995732863
349.4706116277414,2.1138138749567856
349.65684800479755,2.111066915272128
349.78770545353086,2.1087703590204727
349.8796513431692,2.106827416449956
349.9442563296238,2.1051580431557206
349.9526755555434,2.104910359519322
349.9845713659382,2.1038738052989476
350.0069826688652,2.1030097088454647
350.0227297594402,2.1022885288248605
350.0337942952157,2.101686045608626
350.0415686718296,2.1011823086913584
350.04703124479056,2.100760822623575
350.05086944764895,2.10040790749605
350.0535662999829,2.100112189966306
350.05546119153087,2.0998641937642915
350.05679259166527,2.0996560071835226
350.05772805884834,2.099481010815194
350.05838532651836,2.0993336526619695
350.05884711872847,2.0992092604413237
350.05917156167686,2.0991042116413516
350.0593936274495,2.099016969699427
350.05954561093387,2.0989447722362007
350.0596496190899,2.0988850083365778
350.05972078534296,2.0988355201125373
350.0597694693317,2.0987945238120997
350.0598027627627,2.0987605451324054
350.0598255202571,2.098732363791731
350.05984106485494,2.098708959468134
350.05985167039955,2.0986894952544657
350.0598588952816,2.0986735150575333
350.0598638366677,2.0986610243008768
350.0598670455846,2.0986490927449246
350.05986926264336,2.098640849165789
350.05987065485573,2.098632971138845
350.0598717375183,2.0986268447426273
350.05987256318303,2.0986132969731983
350.05987305139644,2.0986137984162814
350.05987384013275,2.098614608525895
350.0598743220513,2.0986040397954895
350.05987407797375,2.0986009493557907
350.0598739974013,2.0985999571297986
350.0598720026214,2.098575391985239
350.05986540263183,2.098546193816534
350.0598560713912,2.098521799124386
350.0598030150134,2.0984418613241833
350.05972817911237,2.0983724410277604
350.05951753470225,2.098243514090978
350.05830190154757,2.097850489475894
350.05129003797106,2.0968510508913303
350.0098228274315,2.094396317821927
349.7645985027661,2.088486799012618
349.4110452390004,2.0836902968291446
347.9968318387718,2.072146610963289
346.58261834487894,2.0641747752089645
345.16840482373675,2.0575710629497097
343.75419129019417,2.051732799722689
342.33997774980406,2.046393589957091
340.9257642051827,2.041409133615768
339.51155065774606,2.036691493986962
338.09733710833586,2.032182747976525
336.68312355748805,2.027842572264078
335.26891000556225,2.0236417131692583
333.8546964528102,2.019558262757989
332.4404828994144,2.0155753996446477
331.02626934551125,2.0116799494964823
329.61205579120525,2.0078614305791342
328.19784223657854,2.004111399745349
326.78362868169717,2.0004229917898932
325.36941512661537,1.9967905873910898
323.9552015713787,1.9932095690236915
322.5409880160265,1.9896761385897368
321.1267744605932,1.9861871793479464
319.71256090510997,1.982740150324446
318.29834734960565,1.9793330050411266
316.88413379410775,1.9759641288440624
315.4699202386432,1.9726322907975828
314.0557066832392,1.9693366073030907
312.6414931279237,1.9660765154812778
311.22727957272656,1.962851755039901
309.81306601768034,1.959662357922523
308.3988524628214,1.9565086455665706
306.98463890819136,1.9533912341618702
305.57042535383863,1.9503110489754845
304.1562117998211,1.9472693497151958
302.7419982462094,1.944267770233113
301.32778469309136,1.9413083779568718
299.91357114057917,1.938393761900179
298.4993575888195,1.935527164165354
297.0851440380101,1.9327126810495854
295.6709304884265,1.9299555818647307
294.25671694046866,1.9272628400440515
292.84250339474636,1.9246440784565382
291.4282898522449,1.9221134091872334
290.014076314749,1.9196934924600824
288.6989551531698,1.9175787405554972
287.7748958869435,1.9162089039238102
287.1256131073822,1.9153374552868048
286.66939981003725,1.9147984697120695
286.34884522727657,1.9144798814337194
286.1236101462862,1.9143058845018146
285.96535054454176,1.9142252402562145
285.8541507232213,1.9142034325000163
285.77601707717,1.91421735719266
285.7211171125821,1.9142517018897331
285.6825421069799,1.914296464567267
285.6554377022292,1.914345248140651
285.63639302273435,1.9143940870068044
285.62301144426596,1.9144406403704748
285.6136089981408,1.9144836392152573
285.6070024573526,1.914522508899451
285.6023604370028,1.9145571133206376
285.599098771222,1.9145875830994168
285.59680700061176,1.9146142016856262
285.59519671924545,1.9146373312846916
285.5940652811841,1.9146573661057724
285.5932702985464,1.9146746446402485
285.59272610219205,1.9146892539430325
285.5923535829446,1.9147015182397338
285.5920985864045,1.9147117902772177
285.5919240408434,1.914720379032757
285.5918045685922,1.9147275520188052
285.59172279723344,1.9147335388410227
285.59166683440657,1.9147385355048856
285.5916285392117,1.9147427097600414
285.59160233905214,1.914746204067557
285.59158441905447,1.914749118034794
285.5915721618488,1.9147514947961044
285.59156401728524,1.9147535953820847
285.59155842707133,1.9147550371689803
285.59155475144,1.9147565968707059
285.59155230101914,1.914757636671861
285.5915501734329,1.914758539482746
285.59154942309294,1.9147604498514479
285.5915487401335,1.9147621886691204
285.5915485424508,1.9147625632209961
285.5915482784569,1.9147630634137691
285.5915474901581,1.9147645570138343
285.5915463556787,1.914762687024922
285.59154647839057,1.9147621837182012
285.5915468720562,1.9147607122572454
285.5915478098532,1.9147602322903803
285.5915503106452,1.9147589523787403
285.5915572029495,1.9147554248800305
285.5915763500327,1.9147506380914763
285.59168436383254,1.9147367193752014
285.5919882854806,1.9147170249697112
285.60636899713035,1.9145267868119804
285.6478363951671,1.9143628759118148
286.1382854904529,1.9143154399235238
286.845392199064,1.9149969013290453
288.2596056948868,1.9169123711368248
289.67381921884976,1.9191317700637698
291.08803275408786,1.921519928809824
292.5022462953339,1.9240264876441215
293.9164598402778,1.9266255732411626
295.3306733877077,1.9293015238797757
296.7448869369114,1.9320438559139579
298.1591004874359,1.9348450673567357
299.5733140389753,1.9376995384965219
300.9875275913133,1.9406029258841144
302.4017411442913,1.9435518036895063
303.815954697789,1.9465434398624264
305.23016825171294,1.9495756508579947
306.64438180598853,1.9526467048350264
308.058595360555,1.9557552563304852
309.47280891536167,1.958900302403233
310.88702247036537,1.9620811541848786
312.3012360255286,1.965297420120604
313.715449580818,1.9685489986559412
315.1296631362031,1.9718360791124443
316.54387669165544,1.975159150212733
317.95809024714777,1.9785190162965534
319.3723038026532,1.9819168218031629
320.78651735814447,1.9853540851525904
322.20073091359313,1.9888327438085711
323.6149444689687,1.9923552131287046
325.02915802423763,1.9959244627124346
326.44337157936206,1.9995441155021596
327.85758513429823,2.003218577122855
329.2717986889944,2.006953206255009
330.68601224338795,2.0107545418779216
332.1002257974015,2.014630611116252
333.51443935093727,2.0185913541619196
334.9286529038687,2.022649223992378
336.3428664560278,2.0268200554281623
337.75708000718566,2.031124364769821
339.1712935570195,2.0355893685596103
340.5855071050575,2.040252268806278
341.9997206505787,2.045165920535954
343.4139341924221,2.0504093754662307
344.82814772861076,2.056109597985187
346.2423612548327,2.0624932352099505
347.3775446008466,2.06841877378075
348.17517200446105,2.0733152583963435
348.73561844646485,2.0773864435151275
349.1294115976044,2.080786421889761
349.4061071569867,2.083634435439818
349.60052503700854,2.086024750988133
349.7371311683887,2.0880332755028634
349.8331163401255,2.0897220425088445
349.90055952155654,2.0911423172673977
349.94794790315365,2.092336805349185
349.981244940927,2.0933412740973214
350.0046408092113,2.0941857826668273
350.02107970026344,2.0948956438995197
350.0326303270724,2.0954921960046837
350.0407462541707,2.095993434061885
350.04644881697885,2.096414534248206
350.0504556486073,2.096768293224941
350.0532709881753,2.0970654986662267
350.05524913522066,2.0973152428671575
350.05663903542444,2.097525188744347
350.05761560840466,2.097701795801994
350.05830175992764,2.0978505124243654
350.0587838485947,2.097975940057043
350.05912255319254,2.0980819742672265
350.05936051000737,2.0981716411831477
350.05952337137285,2.098246220587307
350.05963482616886,2.0983080368119813
350.0597110900294,2.0983593026553145
350.0597632633891,2.0984018534634736
350.05979894499455,2.098437213373478
350.0598233363786,2.0984666493448527
350.0598399980364,2.0984911959660524
350.0598513685756,2.0985116665603436
350.05985911983544,2.0985290036905644
350.0598643642497,2.098544907237285
350.0598677761442,2.0985587728018524
350.0598700507405,2.0985680165115834
350.0598715671381,2.0985741789847516
350.0598731464478,2.098580597125949
350.05987384020466,2.098600949552046
350.0598725289398,2.098623021995909
350.05986923870154,2.098642798942354
350.05983009372574,2.098726132091143
350.0593755717525,2.099024481908655
350.056752523128,2.099662865749383
350.0491881290531,2.1005701959539786
350.0055630732908,2.1030692069308428
349.94425715799514,2.105158039366371
349.77910529595704,2.1089350822129767
348.3648924527268,2.125547351342739
346.9506792817386,2.1367550818267933
345.53646602801024,2.1463720382774127
344.55890129290174,2.1524588837089276
343.14468797371063,2.160603409642752
341.7304746296314,2.167980633629442
340.3162612631377,2.17452657241829
338.90204787494594,2.180142988347286
337.48783446531763,2.1847315646509724
336.0736210347872,2.1882154040555877
334.6594075845352,2.1905500180013275
333.2451941164586,2.1917237986618576
331.83098063300616,2.1917490570169322
330.41676713690896,2.1906467019710814
329.0025536309496,2.1884283405648666
327.58834011786564,2.1850784364600613
326.1741266004355,2.1805374189244384
324.75991308178703,2.1746861298200972
323.34569956915595,2.1673347818917734
323.1492692539723,2.1661812531968048
321.735055749044,2.156809433283434
320.320842263883,2.1453848645896993
318.9066288105193,2.1318056781808714
317.4924153965817,2.116349516285541
316.0782020161303,2.0997654437871667
314.66398865062143,2.083040240701985
313.249775280663,2.0670043499115356
311.8355618945458,2.0521261911629294
310.42134848840317,2.038555872493977
309.0071350629459,2.026256937520909
307.59292162072245,2.0151121919478965
306.17870816465893,2.004982823689049
304.7644946974623,1.995735146465704
303.3502812214483,1.9872503028934128
301.9360677385459,1.979426205940118
300.5218542503626,1.9721763557373888
299.107640758266,1.9654276257288616
297.69342726346656,1.9591178792066763
296.2792137671035,1.953193707488336
294.86500027034407,1.947608309910072
293.45078677452,1.942319366630392
292.03657328135273,1.9372865404885746
290.6223597933817,1.9324677252053324
289.2081463152921,1.9278114111590459
288.1019239053067,1.9242313851056323
287.3246456671751,1.9217051228750817
286.7784973999088,1.919888282029414
286.49819132316236,1.9189242594704563
286.22855483879573,1.917957989003508
286.03909695146393,1.9172388844348198
285.9059759084177,1.916698144014889
285.8124394944239,1.916287534102212
285.7467169005998,1.9159728270373082
285.7005374630519,1.9157294767278141
285.6680898665292,1.9155397111503436
285.64529083726524,1.915390546603259
285.62927129590287,1.915272414471645
285.6180153069928,1.9151782018401158
285.61010638977217,1.9151025754036302
285.60454926548096,1.9150415013388606
285.6006446095538,1.914991901878716
285.5979010472608,1.9149514079277687
285.595973318159,1.9149181795549959
285.59461882784956,1.9148907746855648
285.5936671194998,1.9148680521229742
285.5929984226485,1.914849153508556
285.5925406761579,1.9148336700458373
285.59222733679877,1.9148210000627262
285.592012852271,1.9148106120938149
285.59186603946324,1.9148020806589159
285.5917655517863,1.9147950634481
285.59169677630626,1.9147892839019203
285.5916497096568,1.9147845174457374
285.5916175040453,1.9147805797270752
285.5915954720735,1.9147773219474495
285.59158040404134,1.914774655674587
285.59157009280034,1.9147725386452186
285.59156325436703,1.9147705197924165
285.5915586954115,1.914769173890547
285.59155555402054,1.9147682464842757
285.59155351822164,1.9147671061008618
285.5915521610224,1.9147663458452429
285.5915512562229,1.914765839008167
285.5915506530232,1.9147655011167752
285.591546454554,1.914763149280926
285.5915465183341,1.914762183805427
285.59154663782726,1.9147619075882891
285.5915471973245,1.9147606142699303
285.59155070896077,1.9147588059559322
285.5915555609949,1.9147563074052605
285.5916108704564,1.9147449720209195
285.5917666836948,1.9147300514258259
285.5922048901274,1.9147072818855366
285.6129383982393,1.9144871828063441
285.64283128300144,1.9143757514611244
286.3499378911089,1.9144808468754195
287.7641513636237,1.9161937532985114
289.17836488093536,1.9183310811135978
290.592578413092,1.9206679681686292
292.00679195258544,1.9231367800498318
293.4210054964094,1.9257056032512956
294.83521904306787,1.9283560204345152
296.2494325917118,1.931076072652576
297.66364614181435,1.9338573760798903
299.07785969302654,1.93669373855895
300.4920732451053,1.939580419793128
301.90628679787443,1.9425137032927942
303.3205003512019,1.9454906336896671
304.7347139049858,1.9485088483219255
306.14892745914574,1.951566465882142
307.56314101361653,1.9546620114763524
308.97735456834425,1.9577943660944377
310.39156812328343,1.9609627332827406
311.80578167839474,1.9641666186071316
313.2199952336435,1.9674058192167796
314.63420878899836,1.9706804219451373
316.0484223444303,1.9739908091783576
317.46263589991173,1.9773376723386176
318.87684945541565,1.9807220333713427
320.291063010915,1.9841452751669477
321.70527656638194,1.9876091824566744
323.1194901217867,1.9911159954743027
324.53370367709704,1.994668479666657
325.9479172322767,1.9982700161037665
327.3621307872843,2.0019247191944696
328.776344342071,2.005637591186219
330.1905578965785,2.0094147272655754
331.60477145073514,2.0132635918015325
333.018985004451,2.0171933970092804
334.4331985576108,2.02121563300148
335.8474121100629,2.025344828423182
337.26162566160264,2.02959967473437
338.67583921194483,2.0340047480467796
340.0900527606784,2.0385932626590417
341.5042663071854,2.0434117176812805
342.91847985048946,2.0485282957344935
344.3326933889597,2.054049491169468
345.74690691946444,2.060157513439802
347.0294192811894,2.066498500270277
347.9305662298482,2.0717246748125913
348.56374984566366,2.076061656519011
349.00865118571534,2.079678721176001
349.32125750218245,2.0827058355795947
349.54090778635145,2.085245017280452
349.69524326327434,2.0873779254001885
349.80368581690436,2.0891709820070705
349.87988207745747,2.090678888890955
349.9334207396813,2.091947103802785
349.971039222685,2.0930136380756776
349.99747151973577,2.0939104051049027
350.01604393308065,2.0946642643039377
350.0290936622143,2.095297851789888
350.03826292154946,2.095830255984861
350.0447055998261,2.0962775760283616
350.04923246767737,2.096653388498926
350.05241320655375,2.096969140329203
350.05464809852106,2.0972344810549144
350.0562183985148,2.0974575445196826
350.05732172799196,2.0976451881587943
350.05809694398533,2.0978031966425377
350.05864161312786,2.097936455770359
350.05902428944444,2.098049101874857
350.0592931426916,2.098144349171403
350.0594771544968,2.0982235528624438
350.05960308807744,2.098289181911203
350.05968926364307,2.0983435853221266
350.05974822234884,2.098388710571121
350.05978854923325,2.098426172691388
350.05981612110475,2.098457312133857
350.0598349607517,2.0984832418421457
350.0598478217745,2.098504877153015
350.05985658967626,2.0985229662805804
350.05986255525755,2.0985382854879413
350.05986658092814,2.098551854956918
350.0598692109377,2.0985629113839424
350.05987096427737,2.0985702823352623
350.05987245387905,2.098576544545341
350.0598738246677,2.098600949564875
350.0598725303724,2.098623012375505
350.05986924019464,2.098642793248966
350.0598300952349,2.09872612994717
350.05937557326416,2.0990244812643937
350.05675252464,2.099662865491511
350.04918813056514,2.1005701958140475
350.00556307480286,2.103069206867958
349.9442571595072,2.1051580393245954
349.7791052682361,2.1089350827401896
348.3648924250058,2.1255473515889753
346.95067925401753,2.1367550820272316
345.5364660002892,2.146372038455644
344.5589015180617,2.152458882351538
343.1446881988706,2.1606034084062546
341.73047485479134,2.167980632518695
340.31626148829764,2.1745265714473447
338.9020481001059,2.1801429875325002
337.4878346904776,2.1847315640067153
336.0736212599472,2.1882154035916916
334.65940780969515,2.190550017722119
333.24519434161857,2.191723798566943
331.83098085816613,2.1917490571031943
330.4167673620689,2.190646702235462
329.00255385610956,2.1884283410072305
327.5883403430256,2.1850784370859255
326.17412682559547,2.1805374197476626
324.759913306947,2.17468613086489
323.34569979432604,2.1673347812925843
322.23462545838277,2.1603424395308397
320.8204119649105,2.149667280715726
319.4061984989997,2.1368415479258074
317.99198507097907,2.121985708728582
316.5777716803633,2.1056911106361933
315.16355831201906,2.088905481187259
313.74934494543885,2.0725529473280484
312.33513156581444,2.057234941097005
310.920918166829,2.0431999168779735
309.50670474795555,2.0304627739617302
308.092491311321,2.0189258657330313
306.67827785981956,2.0084536741932415
305.26406439627004,1.9989089726034859
303.8498509231316,1.9901671776099144
302.435637442464,1.982120314518323
301.0214239559793,1.974676603698037
299.60721046512043,1.9677584680130584
298.1929969711438,1.9613001556117537
296.7787834752036,1.9552454225332774
295.36456997844414,1.949545371459271
293.9503564821194,1.944156354714694
292.53614298777836,1.9390376698442815
291.12192949760146,1.9341484138831162
289.7077160151612,1.9294417603414673
288.37403887129733,1.9251106039562011
287.4369414015559,1.9220728235825075
286.7784974453726,1.9198882821583598
286.68460946140067,1.9195687171429259
286.359531952876,1.9184336349064717
286.13111887722505,1.9175937926364166
285.9706262854228,1.916965665063518
285.8578574735637,1.9164911268537175
285.7786213905837,1.9161291853252604
285.7229468089441,1.9158506019009178
285.6838275260668,1.9156343118455066
285.6563406902446,1.9154649981333929
285.63702729945356,1.9153314241455413
285.6234569138423,1.9152252748312972
285.6139218044741,1.9151403436649013
285.6072220494097,1.9150719575383763
285.60251453320524,1.915016566921253
285.5992068476306,1.9149714517000485
285.5968827418695,1.9149345085063554
285.59524974071036,1.914904095737985
285.5941023389706,1.91487891956076
285.5932961397485,1.9148580089298173
285.5927442651416,1.9148408976426419
285.59236648979135,1.9148269092239554
285.59210789521006,1.9148154492059593
285.5919308866046,1.9148060429060125
285.591809728229,1.9147983092116478
285.5917268025374,1.9147919401359796
285.5916700494186,1.914786685726304
285.59163121303857,1.9147823526401795
285.59160463981715,1.9147788090440745
285.59158645637683,1.9147758002278874
285.59157405009347,1.9147727486210475
285.5915657581225,1.9147713426314366
285.5915600623989,1.914770376862473
285.5915563144873,1.9147690406166331
285.5915529375023,1.9147678366175191
285.5915514065354,1.9147638198610117
285.5915502338328,1.914763428730162
285.591549452031,1.9147631679762616
285.59154893082984,1.914762994140327
285.5915465011422,1.9147621837679707
285.59154659156843,1.9147609097445115
285.591547250171,1.9147605723371783
285.59155076271816,1.91475877283141
285.5915556153427,1.9147562867933723
285.5916109250903,1.914744964581458
285.5917667383725,1.9147300475566675
285.59220494480957,1.914707279661213
285.61293845292386,1.914487182514191
285.6428313376861,1.914375751314283
286.3499379457936,1.9144808469237518
287.7641514183084,1.9161937533755717
289.1783649356201,1.918331081200742
290.5925784677767,1.9206679682618177
292.0067920072702,1.9231367801473764
293.42100555109414,1.9257056033522968
294.8352190977526,1.9283560205384098
296.24943264639654,1.9310760727589829
297.6636461964991,1.9338573761885374
299.0778597477113,1.9366937386696252
300.49207329979004,1.9395804199056723
301.90628685255916,1.9425137034070818
303.3205004058866,1.945490633805596
304.73471395967056,1.9485088484394055
306.1489275138305,1.9515664660011167
307.56314106830126,1.9546620115967746
308.977354623029,1.957794366216263
310.39156817796817,1.9609627334059458
311.80578173307947,1.9641666187317082
313.2199952883282,1.9674058193427102
314.6342088436831,1.9706804220724508
316.04842239911505,1.9739908093070646
317.46263595459646,1.977337672468751
318.8768495101004,1.9807220335029472
320.29106306559976,1.9841452753000963
321.7052766210667,1.987609182591427
323.11949017647146,1.9911159956107678
324.53370373178177,1.9946684798049574
325.94791728696146,1.9982700162440352
327.362130841969,2.0019247193368797
328.77634439675575,2.0056375913309883
330.19055795126326,2.0094147274129597
331.6047715054199,2.013263591951864
333.01898505913573,2.017193397162946
334.43319861229554,2.0212156331589766
335.84741216474765,2.0253448285851405
337.26162571628737,2.029599674901614
338.67583926662957,2.0340047482204233
340.09005281536315,2.0385932628405614
341.5042663618701,2.043411717872834
342.9184799051742,2.0485282959392994
344.3326934436444,2.054049491392759
345.74690697414917,2.0601575136910197
347.02941933587414,2.0664985005637835
347.9305662845329,2.0717246751581966
348.5637499003484,2.076061656928351
349.0086512404,2.0796787216628587
349.3212575568671,2.082705836160246
349.54090784103613,2.0852450179742466
349.695243317959,2.0873779262299945
349.80368587158904,2.089170983000159
349.87988213214214,2.090678890079629
349.933420794366,2.0919471052255725
349.97103927736964,2.0930136397784453
349.99747157442033,2.0939104071422854
350.0160439877651,2.094664266741035
350.0290937168986,2.095297854704836
350.0382629762336,2.095830259470638
350.04470565451,2.0962775801960896
350.04923252236085,2.096653393482418
350.0524132612367,2.0969691462886946
350.0546481532033,2.0972344881836418
350.0562184531959,2.097457553051251
350.0573217826716,2.0976451983777205
350.0580969986627,2.0978032088977043
350.05864166780196,2.097936470495047
350.0590243441137,2.0980491196172304
350.0592931973543,2.0981443704997393
350.05947720914924,2.0982235786750527
350.0596031427149,2.09828921315815
350.05968931825845,2.0983436231733856
350.05974827693143,2.0983887564931227
350.0597886037665,2.098426228385166
350.0598161755716,2.098457378993994
350.0598350151607,2.0984833224088586
350.05984787599823,2.0985049890289003
350.059856642327,2.0985231398603723
350.05986260540965,2.0985383234438206
350.05986665881903,2.098551130213365
350.0598692713237,2.098562820659951
350.0598710129935,2.0985706142910816
350.0598724868795,2.098577209642345
350.05987378125633,2.098600949600568
350.05987253447955,2.0986229847507794
350.0598692444761,2.0986427769533647
350.0598300995623,2.0987261237900396
350.0593755775988,2.0990244794209545
350.0567525289756,2.0996628647521525
350.04918813490093,2.100570195412604
350.0055630791387,2.10306920668706
349.94425716384313,2.1051580391983196
349.77910528718854,2.1089350823797375
348.3648924439583,2.1255473514206265
346.95067927297004,2.1367550818901964
345.5364660192417,2.1463720383339986
344.55890094695843,2.1524588857944567
343.1446876277673,2.160603411542557
341.730474283688,2.1679806353360207
340.3162609171943,2.1745265739100814
338.9020475290026,2.1801429895991573
337.48783411937427,2.184731565640827
336.0736206888438,2.188215404768348
334.65940723859177,2.190550018430317
333.2451937705152,2.1917237988076894
331.83098028706274,2.191749056884379
330.41676679096554,2.190646701564866
329.0025532850061,2.1884283398852125
327.58833977192216,2.1850784354984523
326.174126254492,2.180537417659611
324.75991273584356,2.174686128214237
323.3456992232255,2.1673347829927216
322.3724420412002,2.1612732287597316
320.95822854570207,2.150800776156177
319.5440150765651,2.1381859979365485
318.1298016446275,2.1235098929354077
316.7155882508326,2.10731705912984
315.3013748812385,2.090535143610804
313.887161515279,2.074107729177478
312.4729481373271,2.058673032409126
311.0587347403173,2.044509625602929
309.64452132331246,2.031649210788816
308.2303078882848,2.0200010610006256
306.8160944381036,2.0094312766563984
305.4018809756135,1.9998019238318148
303.9876675033127,1.9909869053789908
302.5734540232985,1.982876604437843
301.15924053731356,1.9753777379283404
299.74502704682334,1.9684114479849881
298.33081355309884,1.9619109347319987
296.9166000573003,1.955819125006103
295.50238656056837,1.950086497411678
294.08817306413977,1.9446689875409855
292.67395956952333,1.939525723058095
291.25974607881574,1.9346160077678998
289.84553259536824,1.9298939972518294
288.468572157261,1.925416007900452
287.47595363572293,1.9222002578829662
286.7784982620738,1.9198882842455682
286.7493707810606,1.9197894506915758
286.4050331125869,1.9185959082537403
286.163087040938,1.9177144376550062
285.9930855986885,1.91705629640294
285.87363546979003,1.9165598786654807
285.7897048133085,1.916181824485974
285.73073162748534,1.915891260482177
285.68929460700264,1.9156659789689225
285.6601792315616,1.9154898555484077
285.6397215605556,1.9153510780912701
285.62534715569143,1.915240917891123
285.61524710868923,1.9151528687337676
285.6081504047606,1.91508203868299
285.6031639756449,1.915024717150083
285.5996603141686,1.9149780645078178
285.59719850752595,1.9149398879385566
285.5954687519579,1.9149084782778552
285.594253366518,1.914882490147627
285.59339939910217,1.9148609145234088
285.5928148244784,1.9148432656946452
285.5924146641294,1.9148288420918842
285.5921407457636,1.9148170281710533
285.59195324717706,1.9148073328153687
285.59182490783604,1.9147993621412454
285.5917370663775,1.9147927980949708
285.59167694815847,1.9147873795685926
285.59163580870717,1.9147828975839603
285.59160766047376,1.91477925742182
285.5915883873062,1.9147764928082587
285.59157558270823,1.9147736488606883
285.59156681217235,1.9147717008929197
285.59156099147356,1.914769960358473
285.5915571110077,1.9147688000021796
285.59155452403047,1.914768026431315
285.59155189489906,1.9147672402552973
285.5915508110312,1.9147637518004679
285.5915499991733,1.914763582572367
285.5915494579347,1.9147634697536333
285.591549097109,1.9147633945411482
285.5915464135372,1.9147628351627828
285.59154625533466,1.9147621159743886
285.59154664201634,1.9147611028967793
285.591549137071,1.9147597923810311
285.5915560264802,1.9147561737512315
285.591595350448,1.9147472010563966
285.5918169988342,1.914726747207158
285.59212864081405,1.9147104920037616
285.59572371274015,1.9146292104651512
285.60609048174354,1.9145286986915746
285.66587624320107,1.9143241834320666
286.0194295112654,1.9142475718013063
287.43364295548355,1.91573879473319
288.84785646688636,1.9178098149075693
290.2620699965444,1.920108383438368
291.6762835346809,1.922549975620678
293.09049707766184,1.9250974081213053
294.5047106237504,1.927730001634083
295.9189241719786,1.930434632949328
297.18644313667886,1.9329124432204559
298.077055113588,1.934681052909237
298.70283643543956,1.935936511071018
299.1312190490792,1.9368017678127178
299.42447111213124,1.937396741468321
299.62521869091125,1.9378052576250795
299.762641732254,1.9380854764654818
299.85671555574044,1.9382775654509874
299.92111439438315,1.9384091839677993
299.96519903200914,1.9384993415922853
299.99537745316644,1.9385610865639042
299.98585786447836,1.9385416070282537
300.0,1.9385705459725593
300.0,1.9385705459725593
300.0141421355217,1.9385994897040568
300.0046225468336,1.93858000629299
300.0348009679914,1.9386417792698352
300.07888560561923,1.938732056500847
300.1432844442673,1.9388640164682962
300.23735826776715,1.9390569600601912
300.37478130914144,1.9393391867301277
300.575528887993,1.9397522571430645
300.8687809512042,1.9403573464372146
301.29716356519367,1.9412447846517908
301.92294488781073,1.9425485198319126
302.8135568663484,1.9444186549422797
304.0810758345403,1.947108852938904
305.4952893885361,1.9501484652979793
306.90950294287256,1.9532266405493486
308.3237164974892,1.956342100252356
309.73793005233705,1.9594939021189313
311.1521436073742,1.9626814139856603
312.5663571625642,1.9659042989615614
313.9805707178742,1.9691625097214558
315.39478427327424,1.9724562908379653
316.8089978287362,1.9757861887288923
318.22321138423297,1.9791530693631167
319.6374249397376,1.9825581444007807
321.05163849522273,1.9860030070131245
322.46585205065946,1.98948967930292
323.88006560601684,1.9930206741129552
325.29427916126053,1.9965990751832199
326.70849271635166,2.0002286412686714
328.12270627124497,2.0039139422258447
329.53691982588674,2.0076605386507955
330.9511333802117,2.011475222123277
332.36534693413864,2.0153663417287904
333.7795604875645,2.0193442565140485
335.1937740403548,2.023421977015013
336.6079875923301,2.0276161000095425
338.0222011432431,2.031948215615671
339.4364146927412,2.0364471105208475
340.8506282403004,2.0411523891433463
342.26484178510015,2.0461208001961735
343.67905532576594,2.051438204672954
345.09326885977293,2.0572448050414325
346.5074823818107,2.0637974250714564
347.9216958779077,2.0716686714099444
349.33590928835577,2.0828621987507
350.04301567788946,2.0961522023241597
350.0575996030711,2.0976986196324514
350.05883253735885,2.0979898223555398
350.05970960520557,2.0983583655184237
350.05986137259265,2.0985347849878693
350.05987417250736,2.098595451845418
350.0598743254076,2.098600780779365
350.0598737208442,2.0986064105706848
350.05987302882005,2.098613331779073
350.0598723982435,2.0986196384256335
350.0598714523787,2.0986290983956826
350.0598697008745,2.098638062456674
350.0598672460569,2.098650626020698
350.05986331457024,2.098661821898352
350.0598576487391,2.0986779567493614
350.0598490196989,2.098694974880043
350.05983640114107,2.0987164496209214
350.05981791348285,2.0987424103804746
350.0597908529014,2.098773484871226
350.0597512717941,2.098810797830717
350.0596934017575,2.098855709598701
350.05960881582354,2.0989098397741737
350.0594852037124,2.0989751409512563
350.0593045824354,2.0990539729246045
350.0590406813276,2.099148826119328
350.0586650521281,2.0992610947818697
350.05813041156085,2.099394042049701
350.0573694672305,2.099551879086283
350.0562864480176,2.0997396064133556
350.05474505222514,2.0999631820712428
350.05255129510545,2.1002297224829816
350.04942909743625,2.100547744878277
350.0449855431669,2.10092746232563
350.0386614340887,2.101381145540021
350.0296609192345,2.1019235702770405
350.0168513434342,2.10257257591249
349.9986207117743,2.10334977097026
349.9726748330132,2.104281436824498
349.94425606732915,2.105158044339382
349.89170263701016,2.106540869159012
349.8169085402634,2.1081921366288285
349.71046153243634,2.1101746921528566
349.55896610144475,2.1125678065706195
349.34335775407754,2.115473442550692
349.0365039032639,2.1190255171882972
348.5997894508142,2.1234037308171616
347.9782573887579,2.128853724037458
347.0936929030779,2.135713300448099
345.8347806697213,2.1444320317205046
345.5364661769508,2.1463720363820187
344.1222528796747,2.155054457465602
342.70803955195555,2.1629648925350735
341.29382620066485,2.1700947204573655
339.8796128274097,2.176364687326707
338.4653994326123,2.1816735719735805
337.05118601652435,2.1859278707623124
335.63697257982216,2.189060010430757
334.2227591238895,2.191036084096704
332.80854565081574,2.1918531967208668
331.39433216318497,2.191528139260909
329.9801186637987,2.1900808910019847
328.5659051554745,2.1875165423275478
327.1516916410059,2.1838077160689426
325.73747812332374,2.178878005320319
324.32326460589667,2.1725872092422804
323.34569959159535,2.1673347813351715
321.93148608930363,2.1582287412772985
320.5172726023203,2.1471012566110126
319.10305914440085,2.1338155311383797
317.6888457237248,2.1185850819203322
316.2746323376173,2.1020997565625814
314.86041897004355,2.0853374010124
313.4462056009915,2.069169171544485
312.03199221703653,2.054115357483256
310.6177788132415,2.0403626697680455
309.20356538990956,2.02789313338753
307.7893519494863,2.01659627481218
306.3751384949021,2.0063341383880395
304.9609250289,1.9969714835624894
303.546711553837,1.9883871657235979
302.13249807167875,1.9804767983028642
300.7182845840622,1.9731518381764275
299.30407109237575,1.966337444717688
297.8898575978421,1.9599700938580038
296.475644101603,1.9539952937573686
295.06143060481685,1.948365450385161
293.64721710879166,1.9430377566880068
292.2330036152063,1.9379717809394084
290.8187901265541,1.9331259814617847
289.4045766472262,1.9284509246676222
287.9903631869479,1.9238706259250795
286.77849828463127,1.9198882842708453
286.0713916417831,1.9173648574551116
285.82616710207947,1.916350050103028
285.6560794441457,1.9154632892752845
285.5970931888123,1.9149381087298343
285.5921060153826,1.9148153233643548
285.59168443569865,1.9147882916604066
285.5916094984885,1.9147794603604202
285.5915563014791,1.9147683163385039
285.59154697610313,1.9147631995293732
285.5915465550198,1.9147629684820853
285.5915463012968,1.9147622290492716
285.5915463362904,1.914762009529757
285.59154893673815,1.9147613666672798
285.59154935819026,1.914761262479167
285.59154999036843,1.9147611061970002
285.5915509386357,1.9147608717737536
285.5915522296694,1.91475789234824
285.5915545491362,1.9147565777046087
285.59155743259174,1.9147549433995072
285.5915619397038,1.914754086833291
285.5915684357457,1.914752852275558
285.5915781535054,1.9147503177251077
285.5915924003856,1.9147477202611953
285.5916132267511,1.914744661773684
285.59164366902496,1.9147409617040023
285.59168815998055,1.9147365137922816
285.5917531730452,1.9147311744867035
285.59184816460373,1.9147247667723608
285.5919869486472,1.914717082439993
285.5921897046848,1.914707878061733
285.59248591095763,1.9146968707158902
285.5929186292901,1.9146837347775465
285.5935507648186,1.9146681646069585
285.59445043887285,1.914650065109078
285.5957308737088,1.9146291046760415
285.5975532067484,1.9146048896041807
285.6001467689958,1.9145770368805108
285.6038379444196,1.9145452084205234
285.6090912427378,1.9145091665407654
285.616567754215,1.9144688605070441
285.62720834253525,1.9144245584415214
285.6423520449026,1.9143770452017423
285.66390457906687,1.914327915895206
285.69457816252356,1.9142800076955044
285.7382328232009,1.9142380314167131
285.8003621528295,1.9142094916669141
285.8887846311385,1.9142060246656758
286.0146275184516,1.9142453428352186
286.1937271316298,1.9143540661468839
286.44862171679324,1.9145718600709412
286.8113877057794,1.9149575186742882
287.32767627633564,1.9155979776402094
288.0624581845867,1.916621793572616
289.10819981060445,1.9182195027134141
290.5224133429377,1.920548561290957
291.93662688255415,1.9230117425042994
293.35084042636146,1.925576110237694
294.76505397297626,1.9282227991875533
296.1792675215753,1.9309396166160484
297.59348107163777,1.9337180415105042
299.0076946228157,1.936551793934763
300.42190817486545,1.9394360734555907
301.8361217276102,1.942367119981489
303.2503352809171,1.9453419449433333
304.6645488346838,1.948358159266704
306.07876238882915,1.9514138597708284
307.4929759432877,1.9545075527557172
308.90718949800527,1.9576381024607037
310.321403052936,1.9608046970054072
311.7356166080404,1.9640068272927937
313.14983016328364,1.9672442761163316
314.5640437186343,1.9705171158611907
315.97825727406325,1.9738257139955548
317.39247082954284,1.9771707461712542
318.80668438504614,1.9805532172966567
320.2208979405461,1.9839744914842146
321.6351114960148,1.9874363323796342
323.0493250514227,1.9909409561222555
324.4635386067376,1.9944911001628103
325.87775216192335,1.998090112510055
327.29196571693876,2.001742067896598
328.7061792717354,2.0054519201713976
330.12039282625517,2.009225704473552
331.53460638042685,2.0130708093187666
332.94881993416107,2.0169963492111562
334.36303348734316,2.0210136856360634
335.7772470398222,2.025137173697578
337.1914605913941,2.029385263953187
338.60567414177393,2.033782186625204
340.0198876905487,2.038360638602926
341.4341012370924,2.0431663043351116
342.8483147803993,2.0482659958768084
344.26252831872574,2.0537636854388954
345.6767418487082,2.0598362958269396
347.090955362705,2.0668303122124687
348.5051688374554,2.0756272316123825
349.9193821000017,2.0915916334679743
350.007770316348,2.0943116587671904
350.0384232037044,2.0958404925095317
350.05968357969175,2.098339802330588
350.05979314435575,2.0984306722272956
350.05987059924496,2.098568499004387
350.05987377316796,2.0985898607741196
350.05987379232715,2.0986009495913147
350.05987379232715,2.098612256881649
350.05987123389383,2.098629211616889
350.0598694866213,2.0986407907901254
350.0598665715803,2.0986511896981273
350.0598624060382,2.0986660495539917
350.0598559819956,2.0986806010108343
350.0598466070745,2.0986992521110306
350.0598328569585,2.09872188620821
350.0598127146925,2.0987489003151985
350.0597832387484,2.098781262545504
350.0597401296743,2.0988201596537235
350.05967710609417,2.0988669941107516
350.0595849919548,2.098923453179438
350.0594503827087,2.0989915747888714
350.0592536968596,2.0990738216320834
350.0589663286507,2.099172793466972
350.0585573010805,2.099289945133244
350.05797512795226,2.099428683633641
350.0571465352725,2.099593405697911
350.05596723891284,2.099789333129796
350.05428882146214,2.1000226888533646
350.05190005508825,2.100300907383877
350.0485003202107,2.1006328891356523
350.04366177493984,2.1010293103169517
350.0367755146119,2.101503003592869
350.0269749460313,2.1020694297443265
350.0130267336864,2.1027472680295363
349.99317559439925,2.103559164162488
349.96492340906764,2.10453269199547
349.9442562064724,2.1051580437162065
349.8870313642052,2.106653055970375
349.80558890689343,2.1084199040280303
349.68967994851187,2.1105274414492046
349.52471826676344,2.113061456036289
349.28994474929385,2.1161318504313993
348.9558150268335,2.119883020448281
348.480281552615,2.1245091718352844
347.8035022577442,2.130276242571059
346.8403099093728,2.1375487603882006
345.53646595606074,2.146372038854594
344.1222526587964,2.1550544587566964
342.70803933107726,2.1629648937110684
341.29382597978656,2.1700947215063238
339.8796126065314,2.176364688233574
338.465399211734,2.181673572722543
337.05118579564606,2.1859278713404824
335.63697235894386,2.189060010830114
334.2227589030112,2.1910360843145718
332.80854542993745,2.1918531967587134
331.3943319423067,2.1915281391220804
329.9801184429204,2.190080890688912
328.56590493459623,2.1875165418389297
327.15169142012763,2.18380771539709
325.73747790244545,2.178878004448653
324.3232643850184,2.1725872081433546
323.3456996235981,2.1673347815200845
321.93148612130636,2.158228741505328
320.51727263432304,2.147101256887206
319.1030591764036,2.133815531462729
317.6888457557275,2.1185850822826064
316.27463236962,2.102099756942555
314.8604190020463,2.085337401387686
313.44620563299424,2.0691691718989933
312.03199224903926,2.0541153578094122
310.61777884524423,2.0403626700644315
309.2035654219123,2.0278931336559394
307.789351981489,2.0165962750555844
306.37513852690483,2.0063341386095974
304.96092506090275,1.9969714837651251
303.5467115858397,1.9883871659098755
302.1324981036815,1.9804767984749372
300.7182846160649,1.9731518383361526
299.3040711243785,1.9663374448666175
297.8898576298448,1.9599700939974616
296.4756441336057,1.9539952938885006
295.0614306368196,1.9483654505089896
293.6472171407944,1.9430377568054589
292.23300364720905,1.937971781051388
290.81879015855685,1.9331259815692947
289.4045766792289,1.9284509247719672
287.9903632189506,1.923870626028613
286.7784982744871,1.919888284236479
286.07139163163896,1.9173648574158002
285.8261670919353,1.9163500500571684
285.6560794340015,1.9154632892088774
285.5970931786682,1.9149381085577655
285.59210600523903,1.9148153228695928
285.59168442555733,1.914788290711119
285.59160948835427,1.9147794589102283
285.5915562914071,1.9147683124931711
285.5915469662727,1.9147631905635523
285.59154654521393,1.9147629592925426
285.59154638544055,1.9147621835146416
285.5915489868725,1.914761230548709
285.5915496054622,1.9147610039447054
285.5915505333467,1.9147606640387047
285.5915519251735,1.9147601541796955
285.5915537987875,1.914756490959592
285.5915573457394,1.9147550629959023
285.59156186480834,1.9147542121875838
285.59156843696894,1.9147529748422452
285.5915782634285,1.9147502862223496
285.5915926793806,1.9147476586942087
285.59161374929505,1.9147445901429045
285.5916445465537,1.9147408652083207
285.59168955621266,1.9147363869831837
285.59175532709475,1.9147310136822142
285.5918514257135,1.914724566961282
285.59199182697637,1.9147168372928853
285.5921969454662,1.9147075799959221
285.5924966028215,1.9146965108110128
285.59293436250346,1.914683302706759
285.59357386244073,1.9146676490505041
285.59448401752434,1.9146494549563797
285.5957793689631,1.9146283883182247
285.5976229313127,1.9146040551483248
285.6002467071142,1.9145760730781982
285.6039808824678,1.914544106151706
285.6092953782852,1.9145079211280085
285.61685898604185,1.914467475254571
285.6276235297852,1.9144230499654666
285.6429436455084,1.914375451365666
285.6647472511579,1.9143263075197745
285.695778159549,1.9142785057237086
285.7399413650688,1.9142368319590664
285.8027944557122,1.9142089024382734
285.8922469906918,1.9142065179346877
286.0195558546515,1.9142476324237663
286.2007418457852,1.9143592197042878
286.45860576404556,1.9145814635676823
286.8255977078846,1.9149739190649675
287.3479006573752,1.9156246439615345
288.0912422297119,1.9166638595612961
289.14916596964116,1.918284590151555
290.5633795022557,1.9206182382328665
291.9775930420211,1.9230847163692342
293.3918065859256,1.9256516908995653
294.80602013260756,1.9283005601418792
296.22023368125525,1.931019268710283
297.63444723135433,1.9337993760944454
299.0486607825605,1.9366346538255068
300.46287433463266,1.9395203367075466
301.8770878873954,1.9424526901839707
303.291301440717,1.9454287451200964
304.70551499449573,1.948446127895721
306.11972854865104,1.9515029481232582
307.5339421031178,1.954597723097756
308.9481556578421,1.9577293268483906
310.3623692127784,1.960896956507884
311.7765827678873,1.964100111543364
313.1907963231341,1.9673385831305126
314.60500987848746,1.9706124520885004
316.0192234339183,1.9739220945914535
317.43343698939896,1.9772681954924343
318.84765054490254,1.980651769637983
320.26186410040197,1.9840741920920328
321.67607765586934,1.9875372387953143
323.09029121127503,1.9910431399341881
324.50450476658665,1.9945946492783078
325.9187183217681,1.998195134104628
327.3329318767779,2.0018486922653222
328.7471454315674,2.0055603058065836
330.16135898607814,2.009336044845189
331.5755725402385,2.013183342072889
332.9897860939585,2.017111368887472
334.4039996471226,2.0211315616515106
335.81821319957857,2.0252583764641954
337.23242675112044,2.029510404035472
338.6466403014603,2.0339120757426326
340.0608538501806,2.0384963892379355
341.4750673966471,2.0433095022441563
342.8892809398391,2.0484190224576535
344.30349447798267,2.0539303849511876
345.7177080076424,2.060023573134498
347.13192152096605,2.0670529420662738
348.5461349937579,2.0759301750085517
349.96034823093237,2.0926903552077967
350.048736364042,2.096608691224279
350.056209415128,2.09745614094034
350.0588008656272,2.097980832694243
350.0596993175107,2.0983508621058
350.0598548157677,2.098519019065841
350.05986811755633,2.098556975828159
350.0598726171338,2.098580727857777
350.0598738350372,2.0986009495564124
350.05987426388504,2.0986069251049537
350.05987402533174,2.098611999076425
350.0598739231509,2.0986141724379834
350.0598731318212,2.098612718684994
350.0598726954502,2.0986119170272697
350.0598718485598,2.098627177135133
350.05987078474453,2.0986322757494964
350.0598695001689,2.0986384324161316
350.0598675733054,2.0986476674161043
350.0598645642775,2.098657629059428
350.0598601938217,2.0986720978260918
350.0598534752144,2.098686072946296
350.05984367812647,2.0987044611744103
350.05982931705944,2.098727031426516
350.05980828623007,2.098754183174683
350.0597775146836,2.098786883552302
350.0597325145827,2.0988263254683
350.05966672967224,2.0988739291423895
350.0595705825172,2.0989314089887072
350.05943008234107,2.099000839553149
350.05922479136,2.099084730906079
350.0589248530137,2.0991857380253744
350.0584979357526,2.099305337916914
350.057890302115,2.0994470116933464
350.05702547409896,2.099615249222536
350.05579460764517,2.0998153848642938
350.0540427956556,2.1000537773522576
350.05154957418006,2.1003380251200294
350.04800117879734,2.100677226716413
350.04295105988206,2.1010822984250224
350.0357636879216,2.101566364783965
350.02553457723565,2.102145243000064
350.010976463728,2.102838050087386
349.99025731305846,2.1036679733581094
349.96076977386946,2.1046632629934487
349.9442563163814,2.1051580432290606
349.88452927115605,2.1067125575757837
349.79952567486083,2.1085399670738765
349.67854850155294,2.110712686931514
349.5063737349592,2.113320144450352
349.2613345541353,2.1164765631365814
348.91259473882155,2.1203319922874426
348.41626817984275,2.125088439287781
347.70989616622944,2.1310226860414865
346.70458746005954,2.138513164234041
345.5364659690136,2.1463720386413234
344.12225267174085,2.1550544586832605
342.7080393440217,2.162964893642153
341.293825992731,2.170094721444845
339.87961261947584,2.176364688180432
338.46539922467844,2.1816735726786582
337.0511858085905,2.1859278713065935
335.6369723718883,2.1890600108067146
334.22275891595564,2.191036084301807
332.8085454428819,2.1918531967565
331.3943319552511,2.1915281391302077
329.98011845586484,2.1900808907072555
328.5659049475407,2.187516541867569
327.1516914330721,2.183807715436463
325.7374779153899,2.178878004499739
324.3232643979628,2.1725872082077515
323.3456995943957,2.167334781351159
321.93148609210397,2.1582287412972563
320.51727260512064,2.1471012566351737
319.1030591472012,2.133815531166758
317.68884572652513,2.118585081952026
316.2746323404176,2.1020997565958357
314.8604189728439,2.0853374010452295
313.44620560379184,2.0691691715755063
312.03199221983687,2.054115357511799
310.61777881604183,2.0403626697939803
309.2035653927099,2.027893133411015
307.7893519522866,2.0165962748334776
306.37513849770244,2.0063341384074267
304.96092503170036,1.9969714835802184
303.5467115566373,1.9883871657399004
302.1324980744791,1.980476798317922
300.7182845868625,1.9731518381904054
299.3040710951761,1.966337444730717
297.8898576006424,1.9599700938702047
296.47564410440333,1.9539952937688456
295.0614306076172,1.9483654503959968
293.647217111592,1.9430377566982844
292.23300361800665,1.9379717809492067
290.81879012935445,1.933125981471194
289.4045766500265,1.928450924676758
287.9903631897482,1.9238706259341445
286.7784982874316,1.9198882842803373
286.07139164458346,1.9173648574659619
285.8261671048798,1.9163500501156916
285.656079446946,1.915463289293618
285.5970931916126,1.9149381087773554
285.5921060181828,1.9148153235009182
285.5916844384982,1.9147882919224564
285.59160950128603,1.9147794607607551
285.5915563042595,1.9147683174000765
285.59154697881695,1.9147632020013234
285.59154655772693,1.9147629710156622
285.59154629421386,1.914762320715894
285.5915464032086,1.9147617753098918
285.5915490030456,1.9147611907109785
285.5915493870194,1.914761104370692
285.59154996298014,1.9147609748602687
285.5915508269212,1.9147607805946345
285.59155201279776,1.914758071320378
285.59155410262724,1.9147568466115348
285.5915567214101,1.9147553119186176
285.5915608198881,1.9147544540108736
285.59156672744405,1.9147532174206179
285.59157558877797,1.9147513625352286
285.59158888077883,1.914748580207145
285.59160885477417,1.9147452557569864
285.59163806708506,1.9147415722101762
285.5916807592773,1.914737194116908
285.5917431443949,1.9147319339423887
285.591834297418,1.9147256280954466
285.5919674743847,1.9147180744778831
285.5921620397587,1.9147090326851495
285.5924462812142,1.9146982234645056
285.59286152141414,1.9146853254587048
285.5934681245199,1.9146699732737138
285.5943542709261,1.9146518347391377
285.5956154532512,1.914630829013761
285.59741038664185,1.9146066168956821
285.59996495400105,1.9145788080390176
285.603600632102,1.9145470567203042
285.608774946771,1.9145111157481385
285.6161390488175,1.9144709211186757
285.62661965610585,1.9144267214099084
285.6415356735187,1.9143792721629083
285.66276416649225,1.9143301244304065
285.6929765745537,1.914282049483775
285.7359748904299,1.9142396601681715
285.7971701101549,1.9142103163201145
285.88426316326445,1.9142054412550245
286.00821401264795,1.9142424353211385
286.18462087745894,1.9143474617545562
286.4356831431608,1.9145595173259056
286.7929949751051,1.9149364147475745
287.30152118937656,1.9155636432172836
288.02525571218183,1.9165676141338164
289.05527469925346,1.9181356586689464
290.46948823121517,1.9204587076406932
291.8837017706363,1.9229175903976456
293.29791531431636,1.9254785675408983
294.7121288608434,1.9281224248386195
296.12634240937894,1.9308367886029014
297.5405559593937,1.9336130321175566
298.95476951053473,1.9364448080390386
300.3689830625554,1.939327269878263
301.7831966152768,1.942256624227344
303.19741016856466,1.9452298571991493
304.6116237223157,1.9482445596143672
306.02583727644816,1.9512988116706793
307.44005083089604,1.9543911053999363
308.8542643856047,1.9575202923518715
310.2684779405282,1.9606855489758814
311.6826914956268,1.963886355097312
313.0969050508654,1.967122482677639
314.5111186062126,1.9703939932127952
315.9253321616391,1.9737012429397407
317.33954571711735,1.9770448956491014
318.75375927262024,1.9804259434469063
320.1679728281208,1.9838457363469537
321.58218638359125,1.987306022176186
322.996399939002,1.9908089990112083
324.41061349432096,1.9943573833301147
325.8248270495123,1.9979544983918898
327.2390406045349,2.001604389248261
328.65325415934075,2.005311973568448
330.0674677138721,2.0090832416377657
331.48168126805825,2.012925525357551
332.8958948218107,2.0168478663686225
334.31010837501594,2.020861530334476
335.7243219275246,2.0249807432263243
337.138535479135,2.0292237765844066
338.55274902956586,2.0336146040084047
339.9669625784103,2.0381855392656423
341.3811761250525,2.0429816650783605
342.7953896685056,2.0480687844465257
344.2096032070645,2.053549020784724
345.62381673745534,2.059595448948894
347.0380302522976,2.0665447468030047
348.45224372946745,2.075241524674996
349.8664570179626,2.090392417799617
350.04323344455,2.0961679796011126
350.05817963804867,2.0978219506862867
350.0594431433438,2.0982079619014025
350.0596621109063,2.098325442860614
350.0598177306303,2.0984593048722866
350.0598726700041,2.0985822634821565
350.05987370055414,2.0985956814305604
350.0598741051494,2.0986009493336715
350.0598743346623,2.0986039108645533
350.05987384739853,2.0986141602530797
350.0598730835032,2.0986133299772396
350.05987259714306,2.0986128013536733
350.059871764964,2.098626865792262
350.0598706671205,2.0986329221774933
350.0598692737798,2.098640608708557
350.059867072298,2.098648964768131
350.05986387971546,2.0986610827016703
350.05985894956723,2.098673414448898
350.05985174943214,2.0986893302777245
350.0598411804725,2.098708764484919
350.0598256890935,2.0987321321585717
350.0598030093039,2.098760266633608
350.05976982938415,2.0987941882815537
350.0597213112103,2.098835115581552
350.0596503871768,2.098884520250179
350.0595467328532,2.0989441829834554
350.0593952662461,2.099016257987609
350.05917395552717,2.0991033517120057
350.0588506155609,2.0992082217883707
350.0583903931152,2.0993324021332738
350.0577353595342,2.0994795090062697
350.05680307190727,2.0996542066220423
350.055476196918,2.0998620373510395
350.0535877455577,2.100109609071516
350.0509000589003,2.1004048196309144
350.0470749006344,2.100757128584248
350.04163089273965,2.1011778890419324
350.03388293793034,2.101680756318779
350.02285600567006,2.102282195811455
350.00716243242147,2.1030021210673198
349.98482729535766,2.1038647058985704
349.9530398842243,2.1048994342694445
349.9442569446531,2.105158040408017
349.87987152029973,2.1068222639084966
349.7882381118684,2.108760077761457
349.6578253865412,2.1110511491800454
349.4722219399432,2.11379192955708
349.20807106000444,2.117104793246
348.8321314731878,2.1211503786869033
348.29709419835257,2.1261452633245623
347.5356290930444,2.1323863204615217
346.45191189790415,2.1402769245145263
345.53646572188825,2.146372041427715
344.12225242461295,2.155054460132362
342.7080390968938,2.1629648949579066
341.2938257456031,2.1700947226184697
339.87961237234794,2.176364689195081
338.46539897755054,2.181673573516642
337.0511855614626,2.185927871953453
335.6369721247604,2.189060011253524
334.22275866882774,2.1910360845455674
332.808545195754,2.191853196798847
331.3943317081232,2.191528138974889
329.98011820873694,2.1900808903569833
328.5659047004128,2.187516541320874
327.1516911859442,2.1838077146847636
325.737477668262,2.1788780035244892
324.3232641508349,2.172587206978217
323.3456996001488,2.167334781384196
321.9314860978571,2.1582287413382493
320.51727261087376,2.1471012566848255
319.1030591529543,2.1338155312250637
317.68884573227825,2.118585082017158
316.27463234617073,2.1020997566641375
314.860418978597,2.0853374011126977
313.44620560954496,2.069169171639234
312.03199222559,2.0541153575704287
310.61777882179496,2.040362669847269
309.203565398463,2.0278931334592736
307.78935195803973,2.0165962748772355
306.37513850345556,2.006334138447256
304.9609250374535,1.9969714836166457
303.54671156239044,1.9883871657733954
302.1324980802322,1.9804767983488578
300.71828459261565,1.9731518382191215
299.3040711009292,1.966337444757496
297.88985760639554,1.9599700938952762
296.47564411015645,1.953995293792416
295.0614306133703,1.9483654504182568
293.6472171173451,1.9430377567193982
292.23300362375977,1.937971780969336
290.8187901351076,1.9331259814905186
289.40457665577964,1.9284509246955144
287.99036319550135,1.9238706259527496
286.77849829318467,1.9198882842998306
286.0713916503365,1.9173648574882565
285.82616711063287,1.916350050141702
285.6560794526991,1.9154632893312726
285.59709319736567,1.9149381088749333
285.59210602393557,1.9148153237814851
285.59168444424967,1.9147882924608903
285.59160950703347,1.9147794615829818
285.59155630997174,1.91476831957981
285.5915469843926,1.914763207077068
285.5915465632887,1.9147629762179532
285.5915462794788,1.9147625108722375
285.5915463567425,1.9147619428631415
285.59154887113664,1.9147615895545518
285.5915491051791,1.914761556668212
285.59154945624283,1.9147615073387036
285.5915499828384,1.9147614333444376
285.59155077273175,1.9147613223530324
285.59155185248414,1.9147574806623644
285.59155436054044,1.9147565446976582
285.5915567947184,1.9147556363031286
285.59156044598524,1.9147542737113408
285.59156598610014,1.9147530698616093
285.5915740600794,1.9147513154110378
285.5915861710483,1.91474868373518
285.59160438754714,1.9147458738130485
285.5916310080359,1.9147424177522847
285.59166991583294,1.914738234992171
285.5917267735432,1.9147332184522248
285.59180985195866,1.914727202421248
285.5919312333831,1.9147199886204591
285.59210856774826,1.9147113462101548
285.59236763809594,1.9147010064976626
285.59274610830835,1.9146886590729584
285.5932989977957,1.9146739496186551
285.59410667933565,1.9146565527805153
285.5952561904594,1.9146363827703183
285.5968921933957,1.9146131009077494
285.5992205709356,1.914586313526517
285.6025343356921,1.9145556606536636
285.6072505032986,1.9145208637662607
285.6139625704578,1.9144818013409963
285.62351520170967,1.914438624905257
285.6371105236461,1.9143919339915503
285.65645940283997,1.9143430365219636
285.6839967445972,1.914294332789812
285.72318790614133,1.9142498779889254
285.7789647838592,1.9142162026134824
285.85834645266925,1.914203505788999
285.9713224599709,1.9142273896427717
286.1321099295933,1.91431138273847
286.36094267213537,1.914490622980479
286.68661744680236,1.914817260873285
287.15011780125235,1.9153684445931316
287.8097715204674,1.9162582266488206
288.7485907079888,1.917655493506328
290.08471818953325,1.9198112214257934
291.498931727355,1.9222374306353356
292.91314527004965,1.9247729410454402
294.3273588159029,1.92739568466255
295.7415723639542,1.9300918421973687
297.1557859136073,1.9328519562063748
298.56999946446996,1.9356691561195132
299.9842130162714,1.9385382414969836
301.39842656881694,1.9414551650217375
302.81264012196203,1.944416721262618
304.2268536755959,1.947420349937824
305.64106722963174,1.9504640070810133
307.05528078399965,1.9535460787469248
308.4694943386423,1.9566653227390112
309.8837078935115,1.9598208297285054
311.29792144856606,1.9630119985072614
312.71213500376984,1.966238522153706
314.12634855909045,1.9695003831930475
315.5405621144982,1.972797856723476
316.954775669965,1.976131521147706
318.36898922546385,1.9795022767078274
319.78320278096777,1.9829113725553043
321.19741633644924,1.986360443665049
322.61162989187926,1.9898515595930062
324.0258434472266,1.9933872879694856
325.44005700245646,1.9969707768332303
326.8542705575294,2.000605861624887
328.26848411239945,2.004297205152933
329.68269766701184,2.008050482574883
331.0969112212998,2.011872629163843
332.51112477518035,2.015772177674908
333.9253383285475,2.019759726852901
335.3395518812631,2.0238486074488646
336.7537654331418,2.0280558556585335
338.16797898392747,2.0324036839076127
339.5821925332537,2.036921794256735
340.9964060805731,2.0416512021441933
342.41061962502323,2.0466509652674327
343.82483316514777,2.052011035347599
345.2390466982404,2.0578797178226425
346.65326021850706,2.064532869705254
348.0674737102056,2.0726035422814357
349.48168709955513,2.08451420521662
349.8352403408826,2.0897631858984163
349.95785250160054,2.0926174766708927
350.04289606383935,2.0961435222902294
350.0576423605406,2.097707127987298
350.0588890322142,2.0980065556053877
350.0597758183882,2.098413602816527
350.0598525037806,2.0985132078591553
350.0598659847859,2.09854675612287
350.0598707385624,2.098568325217279
350.05987381528973,2.098596220783869
350.05987433680167,2.0986009491424107
350.0598744595107,2.0986018305143297
