Re,shear
478.397619596124,2.3002097818208838
476.9834060446278,2.2961432142895832
475.5691924924127,2.2922486798329222
474.1549789396003,2.28850279334244
472.740765386284,2.284886840951194
471.32655183253706,2.2813855767676734
469.91233827841796,2.277986391401747
468.4981247239742,2.2746787208566737
467.0839111692447,2.271453615968575
465.669697614262,2.268303422123832
464.2554840590534,2.265221536589113
462.841270503642,2.2622022216411466
461.4270569480478,2.2592404585774974
460.0128433922877,2.256331832185404
458.5986298363767,2.2534724382473335
457.18441628032764,2.250658808708775
455.77020272415206,2.2478878401108995
454.3559891678599,2.2451567860099537
452.9417756114602,2.2424631493127674
451.5275620549608,2.2398046924080233
450.11334849836896,2.237179396048804
448.69913494169106,2.234585434363659
447.28492138493283,2.2320211535502628
445.8707078280995,2.229485053610091
444.4564942711958,2.2269757726109
443.04228071422614,2.2244920730627973
441.6280671571943,2.2220328300718855
440.213853600104,2.219597020996625
438.7996400429585,2.217183716381305
437.3854264857609,2.2147920719794096
435.97121292851386,2.212421321711992
434.55699937122006,2.210070771431027
433.14278581388186,2.2077397933790004
431.7285722565015,2.2054278212525515
430.31435869908097,2.2031343457926904
428.90014514162226,2.20085891083509
427.4859315841271,2.1986011097637657
426.0717180265972,2.1963605823216388
424.657504469034,2.1941370143306234
423.2432909114393,2.191930126008775
422.12895070482494,2.1902027804974162
420.71473714717644,2.1880251479838915
419.30052358949973,2.1858636240873084
417.886310031796,2.1837180681928583
416.4720964740662,2.1815883711047768
415.0578829163114,2.1794744535553603
413.6436693585327,2.1773762648446287
412.2294558007308,2.175293781599766
410.8152422429067,2.1732270091374923
409.4010286850615,2.171175971389504
408.6230630652067,2.1700544090285367
407.20884950732943,2.1680278748029305
405.7946359494327,2.1660172582729436
404.3804223915174,2.1640226656246573
403.5428675764855,2.162848991104465
402.1286540185413,2.1608801937542763
400.7144404605799,2.1589278057175827
399.30022690260193,2.1569920114728927
397.886013344608,2.1550730149624826
396.4717997865986,2.1531710391521326
395.0575862285742,2.1512863256352057
393.6433726705355,2.14941913427853
392.2291591124829,2.147569742908071
390.81494555441685,2.145738447032185
389.4007319963379,2.1439255596012288
387.9865184382466,2.1421314108015634
386.5723048801433,2.1403563478832575
385.1580913220285,2.1386007350201703
383.7438777639027,2.1368649532017807
382.3296642057663,2.1351494001559947
380.9154506476198,2.133454490302678
379.5012370894637,2.1317806547374216
378.0870235312984,2.130128341245551
376.67280997312446,2.12849801434639
375.25859641494225,2.126890155367885
373.8443828567523,2.125305262552101
372.4301692985551,2.1237438511918754
371.01595574035116,2.1222064537994623
369.60174218214104,2.1206936203078524
368.18752862392523,2.119205918305866
366.7733150657043,2.117743933307972
365.35910150747884,2.116308269060437
363.94488794924945,2.1148995478850106
362.5306743910167,2.1135184110620857
361.1164608327813,2.112165519255126
359.7022472745439,2.1108415529785094
358.2880337163052,2.1095472131112616
356.87382015806605,2.1082832214591476
355.4596065998271,2.1070503213682072
354.04539304158925,2.105849278392851
352.6311794833534,2.1046808810220954
351.2169659251204,2.103545941467823
349.8027523668913,2.1024452965194564
348.3885388086671,2.1013798084697073
346.9743252504489,2.100350366116552
345.56011169223785,2.0993578858474455
344.14589813403524,2.0984033128108726
342.7316845758424,2.0974876221892993
341.31747101766064,2.0966118295718457
339.9032574594915,2.0957769567099387
338.4890439013366,2.094984086270173
337.07483034319756,2.094234328424424
335.6606167850763,2.0935288314433813
334.2464032269746,2.092868783729479
332.83218966889467,2.0922554160197366
331.41797611083865,2.091690003773821
330.0037625528089,2.0911738697652567
328.5895489948079,2.0907083868950895
327.1753354368384,2.090294981250024
325.7611218789033,2.089935135429384
324.3469083210057,2.089630392168607
322.93269476314896,2.089382358289942
321.5184812053366,2.089192709015326
320.10426764757256,2.089063192680775
318.69005408986095,2.0889956358967057
317.27584053220625,2.0889919492048477
315.8616269746132,2.0890541332892303
314.4474134170871,2.089184285806696
313.0331998596335,2.089384608912198
311.61898630225846,2.0896574175648297
310.2047727449686,2.0900051487137357
308.790559187771,2.090430371478268
307.3763456306734,2.090935798455088
305.96213207368424,2.0915242983061564
304.5479185168126,2.0921989098075224
303.1337049600685,2.0929628575696
301.71949140346277,2.093819569676679
300.30527784700735,2.0947726975384997
298.8910642907153,2.0958261383011587
297.476850734601,2.0969840602316663
296.0626371786802,2.0982509315726148
294.6484236229703,2.099631553465077
293.23421006749066,2.1011310976645277
291.81999651226266,2.102755149933599
290.4057829573102,2.1045097601957483
288.99156940265976,2.106401500789439
287.57735584834126,2.1084375344899025
286.1631422943882,2.1106256943895754
284.7489287408385,2.1129745782825653
283.3347151877351,2.1154936609299795
281.9205016351272,2.1181934285600708
280.5062880830709,2.1210855412756877
279.0920745316311,2.1241830308479104
277.6778609808831,2.127500543879469
276.26364743091494,2.131054643854034
274.8494338818305,2.134864190649565
273.43522033375336,2.138950823490065
272.0210067868319,2.1433395843394383
270.6067932412467,2.1480597355801536
269.19257969722014,2.1531458522063227
267.7783661550304,2.1586393113609414
266.3641526150315,2.1645903731976297
264.9499390776833,2.1710611706530942
263.5357255435982,2.1781301505734456
262.1215120136155,2.1858989407108282
260.7072984889279,2.194503504303639
259.29308497130637,2.2041334218196162
257.8788714635264,2.2150680374923573
256.46465797021455,2.227752189976861
255.0504445016351,2.242982829639642
254.02478906517902,2.2565324473168102
253.30412057695796,2.268147527254547
252.79774870796086,2.2780460719658944
252.44195063007322,2.2864484404365237
252.19195201217678,2.293562793311481
252.01629253174957,2.29957825198405
251.89286684705294,2.3046626039828677
251.80614281819217,2.3089625677011965
251.74520691261276,2.312605426602289
251.70239082922166,2.3157013679503433
251.68136507590853,2.3174924259005087
251.66022657941602,2.319589076090287
251.64537381660983,2.32134827003095
251.63493767391992,2.322824208519327
251.62760483378435,2.3240625102283747
251.62245250422896,2.325101539157692
251.6188322929421,2.3259735425003925
251.61628861233353,2.3267056203575103
251.61450134751232,2.3273205490895448
251.61324557241167,2.3278374790442182
251.61236324466063,2.32827252572545
251.61174331723183,2.3286392718839646
251.6113077642616,2.328949196508601
251.61100176061302,2.329211207727127
251.6107923204269,2.3294290970920555
251.61064898281757,2.3296096923130802
251.61055089641926,2.32975948495805
251.61048378740173,2.3298838552489607
251.61043788466165,2.3299872764675817
251.61040649978682,2.3300735258087943
251.61038505576093,2.330145706214851
251.61037041661206,2.3302052991149536
251.6103603962637,2.3302521840643857
251.6103538288734,2.3302987033408122
251.6103492813532,2.33033091512361
251.6103464215086,2.3303658620265066
251.61034430830773,2.3303916850472817
251.6103432931656,2.3304216692028765
251.610342286568,2.330451400980123
251.61034194241665,2.3304738587852656
251.61034344856526,2.330524322668432
251.61038333611083,2.330775088556923
251.6104399982459,2.330945507802034
251.61059970100257,2.3312456449423498
251.61244349531938,2.332699244316896
251.61503501728407,2.333804341409264
251.62998119132874,2.3372991783038515
251.71836928468554,2.3464982456019388
253.13258228824262,2.3902852410329327
254.54679565657364,2.4129107149064657
255.96100909865888,2.4300251494895075
257.3752225740683,2.4441592843979505
258.7894360685557,2.456336249077002
260.2036495754221,2.467094001813426
261.6178630909749,2.4767578358704028
263.0320766129585,2.485542594788705
264.44629013989254,2.493599115543142
265.8605036707517,2.501038166613891
267.2747172047964,2.5079439508936496
268.68893074147525,2.5143822584415148
270.10314428031927,2.5204056563728874
270.3812299832468,2.5215450894655485
271.79544352435755,2.5271275737731513
273.2096570670424,2.5323795946517995
274.62387061109695,2.537329873744591
276.03808415635336,2.542002843764907
277.45229770267196,2.5464195069444795
278.86651124993546,2.5505980863029993
280.28072479804445,2.5545545275551085
281.6949383469012,2.5583028910673518
282.18767794910286,2.55956235322946
283.6018914988843,2.5630496598410937
285.0161050492699,2.566356148132275
286.430318600207,2.5694914984513053
287.8445321516493,2.5724644779904686
289.25874570355586,2.5752830663812354
290.67295925589053,2.5779545599272593
292.08717280862095,2.580485658687259
293.5013863617182,2.58288253968019
294.91559991515624,2.5851509187780444
296.32981346891177,2.5872961033156794
297.7440270229635,2.5893230370347364
299.15824057729225,2.5912363386606505
300.5724541318804,2.593040335163151
301.98666768671205,2.594739090554392
303.4008812417725,2.596336430924594
304.81509479704823,2.597835966290509
306.22930835252697,2.5992411097334194
307.6435219081972,2.600555094222423
309.0577354640484,2.6017809874539815
310.4719490200707,2.6029217049849986
311.8861625762552,2.603980021893305
313.3003761325932,2.604958583163027
314.71458968907706,2.605859912962514
316.12880324569926,2.6066864229576665
317.543016802453,2.6074404197824945
318.95723035933185,2.608124111771425
320.3714439163298,2.6087396150433997
321.7856574734411,2.6092889590147266
323.1998710306605,2.609774091407971
324.614084587983,2.6101968828146136
326.02829814540377,2.610559130861801
327.44251170291847,2.6108625640270042
328.8567252605228,2.6111088451388165
330.2709388182128,2.6112995814112745
331.6851523759847,2.6114362999102054
333.099365933835,2.6115204919337125
334.51357949176014,2.6115535875281592
335.927793049757,2.611536964920737
337.34200660782244,2.6114719527107946
338.7562201659536,2.611359831910878
340.1704337241477,2.6112018378512776
341.584647282402,2.6109991619601547
342.99886084071403,2.6107529534301235
344.4130743990813,2.6104643207807037
345.8272879575016,2.6101343333253855
347.2415015159726,2.60976402255063
348.65571507449215,2.609354383413845
350.0699286330582,2.6089063755661344
351.48414219166887,2.60842092450539
352.8983557503222,2.607898922664498
354.31256930901634,2.6073412304389523
355.7267828677496,2.6067486771577926
357.1409964265202,2.6061220620012824
358.5552099853265,2.605462154868433
359.96942354416694,2.604769697197279
361.38363710304,2.6040454027401405
362.7978506619441,2.603289958296365
364.21206422087783,2.6025040244042756
365.62627777983977,2.6016882359943354
367.04049133882853,2.600843203004958
368.45470489784276,2.599969510962245
369.86891845688115,2.59906772152519
371.28313201594244,2.5981383729970386
372.69734557502534,2.5971819808039793
374.11155913412864,2.5961990379417674
375.5257726932511,2.595190015391144
376.9399862523915,2.5941553625022293
378.3541998115487,2.593095507348668
379.76841337072153,2.592010857051492
381.18262692990885,2.5909017980730487
382.59684048910947,2.5897686964809745
384.0110540483223,2.588611898182064
385.42526760754623,2.5874317291259974
386.83948116678016,2.586228495478748
388.2536947260229,2.5850024837631747
389.6679082852734,2.5837539590318643
391.08212184453026,2.5824831720677066
392.3861910639198,2.5812918291443414
393.8004046231866,2.579978873639049
395.2146181824567,2.5786442667298273
396.6288317417291,2.5772881797659064
398.04304530100256,2.5759107645223223
399.457258860276,2.5745121530628508
400.8714724195482,2.573092457560797
402.285685978818,2.5716517700751584
403.6998995380842,2.570190162279699
405.1141130973456,2.5687076851418347
406.52832665660094,2.5672043685481247
407.94254021584896,2.565680220872405
409.35675377508835,2.564135228482673
410.7709673343178,2.562569355181619
412.1851808935359,2.560982541575824
413.5993944527413,2.559374704367252
415.0136080119325,2.5577457355607356
416.42782157110804,2.5560955015794304
417.84203513026637,2.5544238422798777
419.2562486894059,2.5527305698569656
420.6704622485249,2.551015467627697
422.0846758076218,2.549278288681397
423.4988893666947,2.5475187543822644
424.9131029257417,2.545736552708381
426.32731648476096,2.5439313364058322
427.74153004375034,2.5421027184740113
429.1557436027073,2.5402502787075414
429.70017627566637,2.539530696808563
431.11438983457566,2.5376444842882675
432.5286033934474,2.53573326194972
433.942816952279,2.5337964512952627
435.35703051106765,2.5318334208270956
436.77124406981056,2.5298434819489257
438.18545762850465,2.527825884368321
439.5996711871466,2.52577981092684
441.0138847457329,2.5237043717725784
442.42809830425983,2.521598597774235
443.8423118627233,2.519461433055895
445.25652542111897,2.5172917265096375
446.6707389794421,2.515088222113204
448.0849525376875,2.5128495478477673
449.4991660958497,2.5105742029420175
450.9133796539226,2.5082605343628903
452.3275932118995,2.5059067541799434
453.741806769773,2.5035108692923433
455.15602032753503,2.501070691068798
456.57023388517655,2.498583799934785
457.98444744268744,2.4960475129675457
459.39866100005645,2.493458845267934
460.8128745572708,2.490814463589722
462.227088114316,2.488110630247114
463.64130167117565,2.485343134694413
465.05551522783077,2.4825072093029745
466.4697287842593,2.479597424640862
467.8839423404357,2.4766075578166227
469.2981558963296,2.4735304249138506
470.71236945190503,2.4703576647807637
472.1265830071185,2.4670794557303886
473.540796561917,2.463684137826598
474.95501011623475,2.4601576992184375
476.36922366998897,2.4564830614946356
477.7834372230731,2.4526390587352838
479.197650775347,2.44859893275835
480.6118643266207,2.444328030984058
482.02607787662885,2.4397801205338716
483.44029142498385,2.4348911423624733
484.8545049710909,2.4295678264782827
486.2687185139785,2.4236648085973154
487.6829320517598,2.416931762061254
488.8669795631313,2.4103036194321232
489.6989409882856,2.404752865063327
490.2835119649998,2.400102801529535
490.6942560386462,2.3962063273759684
490.9828620409918,2.392940737620834
491.1856487127379,2.3902035247366347
491.3281351240788,2.3879089590799087
491.42825204384076,2.3859852841682296
491.49859838210284,2.3843724029407456
491.54802666140347,2.383019960395223
491.58275703529426,2.381885749156742
491.60716004449034,2.380934380076896
491.624306614165,2.380136171544226
491.63635450511146,2.379466220004497
491.6448198505331,2.3789036209737295
491.6507679491772,2.3784308151151174
491.6549473245885,2.3780330380739607
491.6578839207583,2.377697855840529
491.6599472878869,2.377414769669497
491.66139708766195,2.3771756227003595
491.662389548325,2.376976985918517
491.66306893474746,2.3768126112894645
491.66353400418666,2.3766765807904564
491.6638523615533,2.376563996922819
491.6640702862194,2.3764708071314518
491.664219459024,2.3763936571106092
491.6643215672755,2.376329756060096
491.6643914570347,2.3762767694282054
491.66443929119356,2.3762329956711845
491.66447203010273,2.3761979981194434
491.6644944478431,2.3761681040493894
491.66450976424426,2.3761317398938577
491.664519994813,2.376122966795971
491.6645270458011,2.37611692030824
491.66453225740855,2.376096554363519
491.6645355217112,2.3760414133126746
491.6645377656259,2.376038368580438
491.664539261569,2.376036338758962
491.66454025886446,2.3760349855446288
491.6645409237281,2.376034083401704
491.6645413669705,2.3760334819730895
491.6645471874106,2.3760255843100753
491.66454701345424,2.376018304046499
491.66454571451095,2.3760127873540298
491.66454225066224,2.3759980761742225
491.66453268514823,2.3759574508446986
491.6640893920418,2.3755890249007177
491.6589753857949,2.374496266131654
491.6442288510097,2.3731038552238743
491.6017069703139,2.3708861135691355
491.47909472289007,2.3671937873862983
491.12554139766513,2.360960093868427
489.7113279242436,2.347295919982903
488.2971144055158,2.33824276342137
486.88290087290505,2.330933017619345
485.46868733347475,2.324617193807254
484.05447378998923,2.3189637316802774
482.64026024381684,2.3137912493741233
481.2260466957344,2.308987724155415
479.8118331462253,2.304478239673302
478.3976195956106,2.300209781819372
476.9834060441144,2.296143214288138
475.5691924918993,2.2922486798315354
474.1549789390869,2.2885027933410997
472.7407653857706,2.2848868409498935
471.32655183202365,2.2813855767664295
469.91233827790455,2.2779863914005296
468.49812472346076,2.2746787208554924
467.0839111687313,2.2714536159674164
465.6696976137486,2.268303422122708
464.25548405854,2.2652215365880233
462.8412705031286,2.2622022216400572
461.42705694753437,2.259240458576436
460.0128433917743,2.2563318321843604
458.5986298358633,2.2534724382463107
457.18441627981423,2.2506588087077635
455.77020272363865,2.247887840109902
454.3559891673465,2.2451567860089665
452.94177561094676,2.2424631493117904
451.5275620544474,2.23980469240706
450.11334849785555,2.2371793960478534
448.69913494117765,2.2345854343627316
447.2849213844194,2.232021153549332
445.8707078275861,2.2294850536091753
444.4564942706824,2.226975772610001
443.0422807137127,2.2244920730619064
441.6280671566809,2.222032830070987
440.2138535995906,2.219597020995746
438.7996400424451,2.217183716380436
437.3854264852475,2.2147920719785517
435.97121292800045,2.2124213217111337
434.55699937070665,2.210070771430182
433.14278581336845,2.2077397933781584
431.72857225598807,2.205427821251712
430.31435869856756,2.2031343457918617
428.90014514110885,2.2008589108342624
427.4859315836137,2.1986011097629468
426.0717180260838,2.19636058232083
424.6575044685206,2.194137014329814
423.2432909109259,2.191930126007973
422.12895070431153,2.190202780496624
420.714737146663,2.1880251479830988
419.3005235889863,2.1858636240865335
417.88631003128256,2.183718068192087
416.47209647355277,2.181588371104005
415.057882915798,2.179474453554592
413.6436693580193,2.17737626484387
412.2294558002174,2.1752937815990134
410.8152422423933,2.1732270091367427
409.40102868454807,2.171175971388762
408.62306306469327,2.170054409027798
407.208849506816,2.1680278748021955
405.7946359489193,2.1660172582722255
404.380422391004,2.1640226656239436
403.5428675759721,2.1628489911037403
402.1286540180279,2.1608801937535635
400.7144404600665,2.1589278057168824
399.3002269020885,2.1569920114721928
397.8860133440946,2.1550730149617836
396.47179978608517,2.153171039151454
395.0575862280608,2.15128632563453
393.6433726700221,2.1494191342778577
392.22915911196947,2.1475697429073897
390.81494555390344,2.145738447031523
389.4007319958245,2.143925559600576
387.9865184377332,2.1421314108009124
386.5723048796299,2.140356347882615
385.1580913215151,2.138600735019539
383.74387776338926,2.136864953201151
382.32966420525287,2.135149400155375
380.9154506471064,2.1334544903020722
379.5012370889503,2.1317806547368203
378.087023530785,2.130128341244961
376.67280997261105,2.128498014345803
375.25859641442884,2.1268901553673025
373.8443828562389,2.125305262551528
372.4301692980417,2.1237438511913083
371.01595573983775,2.1222064537989076
369.6017421816276,2.120693620307314
368.1875286234118,2.1192059183053242
366.7733150651909,2.1177439333074455
365.35910150696543,2.116308269059922
363.94488794873604,2.114899547884506
362.5306743905033,2.1135184110615954
361.1164608322679,2.1121655192546394
359.70224727403047,2.110841552978041
358.2880337157918,2.1095472131108006
356.87382015755264,2.1082832214586915
355.4596065993137,2.1070503213677725
354.04539304107584,2.105849278392422
352.63117948283997,2.104680881021677
351.216965924607,2.1035459414674165
349.8027523663779,2.102445296519063
348.38853880815367,2.1013798084693214
346.9743252499355,2.1003503661161878
345.56011169172444,2.0993578858470907
344.1458981335218,2.0984033128105324
342.731684575329,2.0974876221889716
341.3174710171472,2.0966118295715335
339.9032574589781,2.0957769567096434
338.48904390082316,2.0949840862698914
337.07483034268415,2.0942343284241662
335.6606167845629,2.093528831443126
334.2464032264612,2.09286878372925
332.83218966838126,2.0922554160195217
331.41797611032524,2.0916900037736204
330.0037625522955,2.0911738697650755
328.5895489942945,2.0907083868949368
327.175335436325,2.090294981249883
325.7611218783899,2.089935135429265
324.3469083204923,2.0896303921685027
322.93269476263555,2.0893823582898605
321.5184812048232,2.0891927090152698
320.10426764705915,2.0890631926807406
318.69005408934754,2.088995635896692
317.27584053169284,2.0889919492048636
315.8616269740998,2.089054133289266
314.4474134165737,2.089184285806755
313.0331998591201,2.0893846089122823
311.61898630174505,2.0896574175649443
310.20477274445517,2.0900051487138738
308.7905591872576,2.0904303714784325
307.37634563016,2.0909357984552868
305.96213207317084,2.0915242983063855
304.5479185162992,2.092198909807783
303.1337049595551,2.0929628575698893
301.71949140294936,2.093819569677011
300.30527784649394,2.09477269753887
298.8910642902019,2.095826138301564
297.4768507340876,2.0969840602321055
296.06263717816677,2.098250931573101
294.6484236224569,2.0996315534655943
293.23421006697725,2.1011310976650917
291.81999651174925,2.1027551499342128
290.40578295679677,2.104509760196413
288.99156940214635,2.1064015007901524
287.57735584782785,2.108437534490672
286.1631422938748,2.1106256943904125
284.7489287403251,2.1129745782834437
283.3347151872217,2.1154936609309294
281.9205016346138,2.1181934285610806
280.5062880825575,2.1210855412767784
279.0920745311177,2.1241830308490735
277.6778609803697,2.1275005438807213
276.26364743040153,2.1310546438553697
274.8494338813171,2.134864190651003
273.43522033323995,2.138950823491597
272.0210067863185,2.1433395843410894
270.6067932407333,2.1480597355819278
269.19257969670673,2.153145852208234
267.778366154517,2.158639311363019
266.3641526145181,2.1645903731998692
264.9499390771699,2.171061170655552
263.53572554308477,2.1781301505761252
262.12151201310206,2.1858989407137988
260.7072984884145,2.1945035043069323
259.29308497079296,2.2041334218233297
257.878871463013,2.2150680374966125
256.46465796970114,2.2277521899818633
255.0504445011217,2.2429828296457908
254.0247890646656,2.2565324473243527
253.30412057644455,2.2681475272636935
252.79774870744745,2.2780460719769735
252.4419506295598,2.286448440449881
252.19195201166337,2.2935627933275904
252.01629253123616,2.2995782520034087
251.89286684653953,2.3046626040061846
251.80614281767876,2.3089625677292727
251.74520691209935,2.3126054266362193
251.7023908287082,2.315701367991333
251.68136508432718,2.3174924251334588
251.66022658783467,2.319589075174325
251.64537382502846,2.3213482689371583
251.63493768233852,2.3228242072129412
251.6276048422029,2.3240625086686415
251.62245251264747,2.3251015372951547
251.61883230136053,2.3259735402754425
251.61628862075185,2.3267056176982996
251.61450135593049,2.327320545909366
251.6132455808296,2.3278374752374096
251.61236325307823,2.328272521163189
251.61174332564894,2.3286392664038966
251.611307772678,2.3289491899057975
251.61100176902846,2.3292111997912874
251.61079232884083,2.3294290874852748
251.61064899122928,2.3296096806792694
251.6105509048277,2.3297594708587215
251.61048379580535,2.329883838143938
251.6104378930581,2.3299872556713774
251.61040650817262,2.3300735004584503
251.61038506413044,2.3301456751761913
251.61037042495607,2.3302052607636656
251.61036040455537,2.3302521347011265
251.61035383710896,2.3302986463885533
251.61034928965475,2.3303308521739097
251.61034642959692,2.330365782352568
251.6103443185289,2.3303915650422145
251.61034330061307,2.3304214589704975
251.61034228821862,2.330451190748123
251.61034194044524,2.330473782856261
251.6103434462966,2.3305242878930894
251.6103833337536,2.33077507956466
251.6104399958815,2.330945501999385
251.61059969863612,2.3312456413459635
251.61244349295177,2.33269924305915
251.61503501491634,2.333804340566227
251.62998118896095,2.33729917789151
251.71836928231775,2.346498245426219
253.1325822858748,2.390285240987142
254.54679565420582,2.4129107148743025
255.96100909629106,2.4300251494637415
257.3752225717005,2.44415928437612
258.7894360661879,2.4563362490579106
260.2036495730543,2.467094001796408
261.61786308860707,2.476757835854998
263.0320766105907,2.485542594774654
264.4462901375247,2.4935991155301966
265.8605036683839,2.501038166601913
267.2747172024286,2.5079439508824946
268.68893073910743,2.514382258431098
270.10314427795146,2.5204056563630988
270.3812300230258,2.5215450896275184
271.7954435641366,2.527127573925389
273.2096571068214,2.532379594795159
274.623870650876,2.5373298738798225
276.0380841961324,2.5420028438926625
277.452297742451,2.5464195070652957
278.8665112897145,2.550598086417329
280.28072483782347,2.554554527663406
281.69493838668023,2.558302891169985
282.18767794673505,2.559562353223458
283.6018914965165,2.563049659835402
285.0161050469021,2.566356148126874
286.4303185978392,2.5694914984461956
287.84453214928146,2.5724644779856174
289.25874570118805,2.575283066376639
290.6729592535227,2.577954559922905
292.08717280625314,2.580485658683146
293.50138635935036,2.5828825396762842
294.9155999127884,2.5851509187743495
296.32981346654395,2.587296103312196
297.7440270205957,2.5893230370314333
299.15824057492443,2.5912363386575397
300.5724541295126,2.593040335160211
301.98666768434424,2.5947390905516388
303.40088123940467,2.5963364309219976
304.8150947946804,2.5978359662880735
306.22930835015916,2.5992411097311408
307.6435219058294,2.6005550942203
309.0577354616806,2.6017809874520066
310.4719490177029,2.602921704983164
311.88616257388736,2.603980021891599
313.3003761302254,2.6049585831614492
314.71458968670925,2.605859912961072
316.12880324333145,2.6066864229563547
317.5430168000852,2.607440419781288
318.95723035696403,2.6081241117703398
320.37144391396197,2.608739615042426
321.7856574710733,2.6092889590138597
323.1998710282927,2.609774091407214
324.61408458561516,2.6101968828139563
326.02829814303595,2.6105591308612484
327.44251170055065,2.610862564026553
328.856725258155,2.611108845138462
330.270938815845,2.611299581410992
331.6851523736169,2.6114362999100096
333.09936593146716,2.611520491933624
334.5135794893923,2.6115535875281513
335.9277930473892,2.6115369649207967
337.3420066054546,2.6114719527109402
338.7562201635858,2.6113598319111127
340.1704337217799,2.611201837851575
341.5846472800342,2.6109991619605424
342.9988608383462,2.6107529534305685
344.4130743967135,2.6104643207812286
345.8272879551338,2.61013433332597
347.24150151360476,2.609764022551293
348.65571507212434,2.609354383414564
350.0699286306904,2.6089063755669173
351.48414218930105,2.6084209245062238
352.8983557479544,2.607898922665405
354.3125693066485,2.607341230439923
355.7267828653818,2.6067486771588197
357.1409964241524,2.606122062002366
358.5552099829587,2.605462154869569
359.96942354179913,2.6047696971984653
361.38363710067216,2.6040454027413893
362.7978506595763,2.603289958297644
364.21206421851,2.6025040244056106
365.62627777747196,2.601688235995736
367.0404913364607,2.6008432030063786
368.45470489547495,2.5999695109637377
369.86891845451333,2.5990677215267355
371.28313201357463,2.5981383729986245
372.6973455726575,2.597181980805593
374.1115591317608,2.59619903794344
375.5257726908833,2.5951900153928573
376.9399862500237,2.594155362503989
378.3541998091809,2.5930955073504665
379.7684133683537,2.5920108570533253
381.18262692754104,2.5909017980749294
382.59684048674166,2.589768696482885
384.0110540459545,2.5886118981840247
385.4252676051784,2.587431729127997
386.83948116441235,2.5862284954807895
388.2536947236551,2.5850024837652423
389.6679082829056,2.5837539590339835
391.08212184216245,2.582483172069842
392.386191061552,2.5812918291465117
393.80040462081877,2.579978873641265
395.2146181800889,2.578644266732081
396.62883173936126,2.577288179768198
398.04304529863475,2.5759107645246555
399.4572588579082,2.574512153065214
400.87147241718037,2.5730924575631904
402.28568597645017,2.571651770077587
403.6998995357164,2.5701901622821572
405.11411309497777,2.568707685144342
406.5283266542331,2.5672043685506596
407.94254021348115,2.565680220874983
409.35675377272054,2.564135228485283
410.77096733195,2.5625693551842614
412.1851808911681,2.560982541578488
413.5993944503735,2.559374704369957
415.0136080095647,2.557745735563478
416.4278215687402,2.5560955015822024
417.84203512789855,2.554423842282697
419.25624868703807,2.5527305698598157
420.6704622461571,2.551015467630579
422.084675805254,2.5492782886843273
423.4988893643269,2.5475187543852265
424.9131029233739,2.5457365527113884
426.32731648239314,2.543931336408877
427.74153004138253,2.5421027184770955
429.15574360033946,2.540250278710668
429.70017627329855,2.5395306968116964
431.11438983220785,2.537644484291445
432.52860339107957,2.5357332619529336
433.94281694991116,2.5337964512985405
435.35703050869984,2.5318334208304156
436.77124406744275,2.5298434819522866
438.18545762613684,2.527825884371726
439.5996711847788,2.525779810930278
441.0138847433651,2.523704371776091
442.428098301892,2.5215985977777846
443.8423118603555,2.5194614330594858
445.25652541875115,2.5172917265132977
446.6707389770743,2.515088222116926
448.0849525353197,2.512849547851541
449.4991660934819,2.5105742029458593
450.9133796515548,2.508260534366808
452.3275932095317,2.5059067541839113
453.7418067674052,2.5035108692964
455.1560203251672,2.5010706910729206
456.57023388280874,2.4985837999390035
457.9844474403196,2.496047512971832
459.39866099768864,2.493458845272312
460.812874554903,2.4908144635941953
462.2270881119482,2.488110630251703
463.64130166880784,2.4853431346990873
465.05551522546295,2.4825072093077862
466.4697287818915,2.4795974246458066
467.88394233806787,2.4766075578216933
469.2981558939618,2.473530424919092
470.7123694495372,2.470357664786161
472.12658300475067,2.4670794557359734
473.54079655954916,2.463684137832386
474.95501011386693,2.4601576992244523
476.36922366762116,2.4564830615009354
477.7834372207053,2.452639058741874
479.19765077297916,2.4485989327652917
480.6118643242529,2.4443280309914357
482.02607787426103,2.4397801205417355
483.44029142261604,2.43489114237098
484.85450496872306,2.429567826487612
486.2687185116107,2.423664808607804
487.682932049392,2.416931762073471
488.86697956076347,2.410303619446653
489.6989409859178,2.404752865080669
490.28351196263196,2.4001028015501795
490.6942560362784,2.396206327400602
490.982862038624,2.392940737650182
491.18564871037006,2.3902035247716995
491.328135121711,2.3879089591217326
491.42825204147294,2.3859852842180564
491.49859837973503,2.384372403000265
491.54802665903566,2.3830199604662736
491.58275703292645,2.3818857492416243
491.60716004212253,2.3809343801782314
491.6243066117972,2.380136171665094
491.63635450274364,2.3794662201489087
491.6448198481653,2.378903621146385
491.65076794680937,2.378430815321832
491.65494732222066,2.3780330383212314
491.6578839183905,2.3776978561377002
491.6599472855191,2.377414770026804
491.6613970852942,2.3771756231304266
491.6623895459573,2.376976986438426
491.6630689323798,2.3768126119186803
491.663534001819,2.3766765815498956
491.6638523591858,2.3765639978410804
491.66407028385197,2.3764708082480737
491.66421945665684,2.376393658482251
491.6643215649086,2.376329757624292
491.66439145466705,2.3762767707457413
491.66443928882234,2.3762329981400225
491.6644720277579,2.37619801688879
491.664494445701,2.3761681326922135
491.6645097621889,2.3761316933621646
491.66451999282594,2.376122974190566
491.6645270439241,2.376116964815495
491.6645322574539,2.376096608850575
491.6645355219282,2.3760413874197566
491.66453776586286,2.376038352627492
491.6645392618193,2.3760363294326434
491.6645402591236,2.3760349806360495
491.6645409239931,2.376034081438352
491.66454136723945,2.3760334819732414
491.6645472067957,2.376025584310415
491.66454701305383,2.376018301579124
491.66454571410975,2.3760127850114836
491.66454225025893,2.3759980741645044
491.6645326847437,2.3759574497733214
491.66408939163694,2.3755890247088223
491.6589753853901,2.3744962660761124
491.6442288506048,2.3731038551948225
491.601706969909,2.3708861135524955
491.4790947224852,2.367193787376671
491.12554139726024,2.3609600938627318
489.7113279238387,2.3472959199799157
488.2971144051109,2.3382427634190828
486.88290087250016,2.33093301761741
485.46868733306985,2.3246171938055493
484.05447378958434,2.318963731678733
482.64026024341194,2.313791249372705
481.2260466953295,2.308987724154088
479.8118331458204,2.30447823967205
478.3976195952057,2.3002097818181824
476.9834060437095,2.296143214287
475.5691924914944,2.2922486798304478
474.154978938682,2.2885027933400535
472.7407653853657,2.284886840948879
471.32655183161876,2.281385576765428
469.91233827749966,2.277986391399571
468.49812472305587,2.2746787208545594
467.0839111683264,2.271453615966504
465.6696976133437,2.2683034221218117
464.2554840581351,2.2652215365871298
462.8412705027237,2.262202221639205
461.4270569471295,2.2592404585755945
460.0128433913694,2.2563318321835357
458.5986298354584,2.2534724382454945
457.18441627940933,2.250658808706952
455.77020272323375,2.2478878401091054
454.3559891669416,2.245156786008198
452.94177561054187,2.2424631493110287
451.5275620540425,2.2398046924063078
450.11334849745066,2.237179396047112
448.69913494077275,2.234585434361989
447.2849213840145,2.2320211535486103
445.8707078271812,2.229485053608451
444.4564942702775,2.226975772609282
443.04228071330783,2.224492073061195
441.628067156276,2.222032830070288
440.2138535991857,2.2195970209950486
438.7996400420402,2.2171837163797443
437.3854264848426,2.214792071977865
435.97121292759556,2.212421321710452
434.55699937030175,2.2100707714295167
433.14278581296355,2.2077397933774936
431.7285722555832,2.2054278212510505
430.31435869816266,2.2031343457912116
428.90014514070396,2.2008589108336287
427.4859315832088,2.198601109762304
426.0717180256789,2.196360582320196
424.6575044681157,2.1941370143291845
423.243290910521,2.1919301260073443
422.12895070390664,2.1902027804960014
420.71473714625813,2.1880251479824784
419.3005235885814,2.1858636240859104
417.88631003087767,2.1837180681914665
416.4720964731479,2.181588371103403
415.0578829153931,2.1794744535539925
413.6436693576144,2.1773762648432666
412.2294557998125,2.1752937815984152
410.8152422419884,2.173227009136161
409.40102868414317,2.171175971388175
408.6230630642884,2.170054409027215
407.2088495064111,2.1680278748016217
405.7946359485144,2.166017258271648
404.3804223905991,2.1640226656233654
403.5428675755672,2.1628489911031803
402.128654017623,2.160880193753001
400.7144404596616,2.1589278057163224
399.30022690168363,2.156992011471637
397.8860133436897,2.1550730149612423
396.4717997856803,2.153171039150911
395.0575862276559,2.1512863256339876
393.6433726696172,2.1494191342773297
392.22915911156457,2.14756974290687
390.81494555349855,2.145738447031005
389.4007319954196,2.1439255596000613
387.9865184373283,2.142131410800409
386.572304879225,2.1403563478821113
385.1580913211102,2.138600735019045
383.74387776298437,2.136864953200658
382.329664204848,2.1351494001548867
380.9154506467015,2.1334544903015837
379.5012370885454,2.131780654736343
378.0870235303801,2.130128341244486
376.67280997220615,2.1284980143453405
375.25859641402394,2.1268901553668496
373.844382855834,2.1253052625510716
372.4301692976368,2.123743851190866
371.01595573943285,2.122206453798472
369.60174218122273,2.120693620306888
368.1875286230069,2.119205918304906
366.773315064786,2.1177439333070276
365.35910150656053,2.1163082690595116
363.94488794833114,2.1148995478841126
362.5306743900984,2.1135184110612046
361.116460831863,2.112165519254252
359.7022472736256,2.1108415529776616
358.2880337153869,2.1095472131104334
356.87382015714775,2.108283221458336
355.4596065989088,2.1070503213674217
354.04539304067094,2.1058492783920824
352.6311794824351,2.104680881021344
351.2169659242021,2.1035459414670896
349.802752365973,2.102445296518756
348.3885388077488,2.101379808469026
346.9743252495306,2.1003503661158973
345.56011169131955,2.0993578858468114
344.14589813311693,2.0984033128102646
342.7316845749241,2.097487622188714
341.31747101674233,2.096611829571292
339.9032574585732,2.095776956709414
338.48904390041827,2.094984086269667
337.07483034227926,2.094234328423961
335.660616784158,2.0935288314429346
334.2464032260563,2.0928687837290694
332.83218966797637,2.092255416019354
331.41797610992035,2.091690003773467
330.0037625518906,2.091173869764937
328.5895489938896,2.0907083868948053
327.1753354359201,2.0902949812497695
325.761121877985,2.0899351354291675
324.3469083200874,2.08963039216843
322.93269476223065,2.0893823582897912
321.5184812044183,2.089192709015225
320.10426764665425,2.08906319268072
318.69005408894265,2.0889956358966812
317.27584053128794,2.0889919492048734
315.8616269736949,2.0890541332892942
314.4474134161688,2.0891842858068004
313.0331998587152,2.0893846089123524
311.61898630134016,2.0896574175650353
310.2047727440503,2.0900051487139857
308.7905591868527,2.0904303714785692
307.3763456297551,2.090935798455447
305.96213207276594,2.0915242983065694
304.5479185158943,2.0921989098079914
303.1337049591502,2.092962857570118
301.71949140254446,2.0938195696772706
300.30527784608904,2.094772697539165
298.891064289797,2.0958261383018835
297.4768507336827,2.096984060232452
296.06263717776187,2.098250931573477
294.648423622052,2.0996315534660117
293.23421006657236,2.101131097665535
291.81999651134436,2.1027551499346977
290.4057829563919,2.1045097601969323
288.99156940174146,2.106401500790712
287.57735584742295,2.108437534491273
286.1631422934699,2.110625694391055
284.7489287399202,2.112974578284135
283.3347151868168,2.115493660931671
281.9205016342089,2.1181934285618835
280.5062880821526,2.1210855412776386
279.0920745307128,2.1241830308499905
277.6778609799648,2.127500543881693
276.26364742999664,2.131054643856417
274.8494338809122,2.1348641906521326
273.43522033283506,2.138950823492807
272.0210067859136,2.1433395843423977
270.6067932403284,2.1480597355833275
269.19257969630183,2.153145852209751
267.7783661541121,2.1586393113646603
266.3641526141132,2.164590373201647
264.949939076765,2.171061170657487
263.53572554267987,2.178130150578248
262.12151201269717,2.185898940716122
260.7072984880096,2.1945035043095324
259.29308497038807,2.2041334218262567
257.8788714626081,2.2150680374999645
256.46465796929624,2.227752189985802
255.0504445007168,2.242982829650655
254.02478906426072,2.2565324473302804
253.30412057603965,2.268147527270939
252.79774870704256,2.2780460719857327
252.44195062915492,2.286448440460445
252.19195201125848,2.2935627933403033
252.01629253083127,2.299578252018658
251.89286684613464,2.304662604024525
251.80614281727387,2.308962567751344
251.74520691169445,2.3126054266628824
251.70239082830335,2.315701368023965
251.68136506223004,2.3174924271467945
251.66022656573756,2.319589077578863
251.6453738029314,2.3213482718082976
251.63493766024155,2.3228242106414445
251.62760482010603,2.3240625127621826
251.62245249055073,2.3251015421838686
251.618832279264,2.325973546115946
251.61628859865564,2.3267056246781572
251.6145013338347,2.327320554256233
251.61324555873443,2.327837485228353
251.61236323098393,2.328272533139517
251.6117433035559,2.328639280787942
251.61130775058683,2.328949207235129
251.61100174693985,2.329211220620584
251.6107923067562,2.3294291126954487
251.61064896915047,2.3296097112123775
251.6105508827575,2.3297595078666316
251.61048377374783,2.3298838830480717
251.61043787101931,2.3299873102513455
251.6104064861618,2.3300735670014703
251.61038504216228,2.3301457566447663
251.61037040305501,2.3302053615422
251.61036038279698,2.330252264815796
251.61035381549394,2.330298795890979
251.61034926786064,2.3303310170730036
251.6103464083645,2.330365991282987
251.61034429160352,2.330391881173991
251.6103432810475,2.3304220133843465
251.610342283921,2.330451745161022
251.6103419456609,2.3304739833294845
251.61034345229615,2.3305243798389883
251.61038333998738,2.330775103338741
251.61044000213425,2.330945517342613
251.61059970489427,2.331245650851407
251.61244349921296,2.332699246385001
251.61503502117785,2.333804342795383
251.6299811952226,2.337299178981705
251.7183692885794,2.3464982458908556
253.13258229213648,2.3902852411082076
254.54679566046752,2.4129107149593265
255.96100910255277,2.430025149531878
257.3752225779622,2.4441592844338595
258.7894360724496,2.4563362491083884
260.203649579316,2.4670940018414265
261.61786309486877,2.4767578358957207
263.0320766168524,2.4855425948118373
264.4462901437864,2.493599115564431
265.8605036746456,2.5010381666336103
267.2747172086903,2.5079439509120034
268.68893074536913,2.5143822584586513
270.10314428421316,2.520405656388938
270.38122998714067,2.5215450894813944
271.79544352825144,2.5271275737880625
273.20965707093626,2.5323795946658323
274.62387061499084,2.5373298737578334
276.03808416024725,2.542002843777411
277.45229770656584,2.546419506956308
278.86651125382934,2.5505980863141904
280.28072480193833,2.554554527565712
281.6949383507951,2.5583028910773953
282.18767795299675,2.559562353239323
283.6018915027782,2.5630496598504364
285.0161050531638,2.5663561481411348
286.4303186041009,2.569491498459714
287.84453215554316,2.5724644779984414
289.25874570744975,2.575283066388798
290.6729592597844,2.5779545599344242
292.08717281251484,2.580485658694056
293.50138636561206,2.5828825396866018
294.9155999190501,2.585150918784127
296.32981347280565,2.587296103321426
297.7440270268574,2.589323037040156
299.15824058118613,2.5912363386657726
300.5724541357743,2.5930403351679674
301.98666769060594,2.5947390905589303
303.40088124566637,2.596336430928856
304.8150948009421,2.5978359662945048
306.22930835642086,2.5992411097371573
307.6435219120911,2.6005550942259195
309.0577354679423,2.6017809874572437
310.4719490239646,2.602921704988031
311.88616258014906,2.603980021896114
313.3003761364871,2.6049585831656126
314.71458969297095,2.6058599129648874
316.12880324959315,2.6066864229598523
317.5430168063469,2.6074404197844565
318.95723036322573,2.60812411177322
320.37144392022367,2.6087396150450024
321.785657477335,2.609288959016143
323.1998710345544,2.6097740914092213
324.61408459187686,2.610196882815692
326.02829814929765,2.6105591308627174
327.44251170681235,2.610862564027773
328.8567252644167,2.611108845139418
330.2709388221067,2.611299581411724
331.6851523798786,2.611436299910499
333.09936593772886,2.6115204919338764
334.513579495654,2.611553587528181
335.9277930536509,2.6115369649206306
337.34200661171633,2.611471952710546
338.7562201698475,2.6113598319105082
340.1704337280416,2.6112018378507824
341.5846472862959,2.6109991619595467
342.9988608446079,2.6107529534293894
344.4130744029752,2.6104643207798626
345.8272879613955,2.610134333324428
347.24150151986646,2.6097640225495566
348.65571507838604,2.609354383412664
350.0699286369521,2.6089063755648456
351.48414219556275,2.608420924503999
352.8983557542161,2.6078989226630114
354.3125693129102,2.6073412304373726
355.7267828716435,2.606748677156122
357.1409964304141,2.6061220619995162
358.5552099892204,2.6054621548665695
359.96942354806083,2.6047696971953256
361.38363710693386,2.6040454027381115
362.797850665838,2.6032899582942406
364.2120642247717,2.602504024402073
365.62627778373366,2.601688235992051
367.0404913427224,2.600843203002586
368.45470490173665,2.5999695109597942
369.86891846077503,2.5990677215226805
371.28313201983633,2.598138372994444
372.6973455789192,2.5971819808013015
374.1115591380225,2.5961990379390363
375.525772697145,2.5951900153883356
376.9399862562854,2.5941553624993525
378.3541998154426,2.593095507345714
379.7684133746154,2.5920108570484675
381.18262693380274,2.5909017980699662
382.59684049300336,2.5897686964778224
384.0110540522162,2.5886118981788355
385.4252676114401,2.5874317291227196
386.83948117067405,2.5862284954754107
388.2536947299168,2.5850024837597703
389.6679082891673,2.583753959028397
391.08212184842415,2.5824831720641623
392.3861910678137,2.5812918291407536
393.80040462708047,2.579978873635413
395.2146181863506,2.5786442667261267
396.62883174562296,2.5772881797621476
398.04304530489645,2.5759107645184978
399.4572588641699,2.574512153058976
400.87147242344207,2.5730924575568586
402.28568598271187,2.571651770071158
403.6998995419781,2.570190162275644
405.11411310123947,2.5687076851377286
406.5283266604948,2.5672043685439587
407.94254021974285,2.5656802208681864
409.35675377898224,2.5641352284783925
410.7709673382117,2.562569355177298
412.1851808974298,2.5609825415714234
413.5993944566352,2.5593747043627966
415.0136080158264,2.55774573555622
416.42782157500193,2.5560955015748537
417.84203513416026,2.5544238422752388
419.25624869329977,2.5527305698522644
420.6704622524188,2.5510154676229373
422.0846758115157,2.5492782886765806
423.4988893705886,2.54751875437739
424.9131029296356,2.5457365527034397
426.32731648865484,2.543931336400829
427.74153004764423,2.5421027184689526
429.15574360660116,2.5402502787024157
429.70017627956025,2.5395306968034053
431.11438983846955,2.5376444842830423
432.52860339734127,2.5357332619444146
433.94281695617286,2.533796451289903
435.35703051496154,2.531833420821659
436.77124407370445,2.529843481943411
438.18545763239854,2.527825884362734
439.5996711910405,2.525779810921165
441.0138847496268,2.52370437176683
442.4280983081537,2.521598597768398
443.8423118666172,2.5194614330499636
445.25652542501285,2.517291726503621
446.670738983336,2.5150882221070856
448.0849525415814,2.512849547841545
449.4991660997436,2.510574202935701
450.9133796578165,2.508260534356472
452.3275932157934,2.5059067541733984
453.7418067736669,2.5035108692856967
455.1560203314289,2.5010706910620133
456.57023388907044,2.4985837999278715
457.9844474465813,2.4960475129604953
459.39866100395034,2.493458845260732
460.8128745611647,2.4908144635823595
462.2270881182099,2.4881106302395857
463.64130167506954,2.485343134686695
465.05551523172466,2.4825072092950693
466.4697287881532,2.4795974246327503
467.88394234432957,2.476607557808279
469.2981559002235,2.4735304249052494
470.7123694557989,2.470357664771891
472.12658301101237,2.467079455721202
473.54079656581087,2.4636841378170704
474.95501012012863,2.460157699208523
476.36922367388286,2.4564830614843105
477.783437226967,2.4526390587244418
479.19765077924086,2.4485989327469326
480.6118643305146,2.44432803097195
482.02607788052273,2.439780120520912
483.44029142887774,2.434891142348467
484.85450497498476,2.4295678264628964
486.2687185178724,2.42366480858005
487.6829320556537,2.416931762041229
488.86697956702517,2.410303619408225
489.6989409921795,2.4047528650348617
490.28351196889366,2.400102801495563
490.6942560425401,2.3962063273354746
490.9828620448857,2.392940737572488
491.18564871663176,2.3902035246790234
491.3281351279727,2.38790895901119
491.42825204773465,2.3859852840861056
491.49859838599673,2.3843724028428577
491.54802666529736,2.383019960278336
491.58275703918815,2.3818857490174183
491.60716004838423,2.3809343799103777
491.6243066180589,2.3801361713451303
491.6363545090053,2.379466219767162
491.6448198544269,2.3789036206896803
491.65076795307095,2.378430814775062
491.65494732848225,2.3780330376667496
491.6578839246521,2.377697855351559
491.6599472917806,2.3774147690805982
491.66139709155567,2.3771756219936284
491.6623895522187,2.376976985063944
491.6630689386411,2.3768126102574128
491.6635340080802,2.3766765795425258
491.66385236544676,2.3765639954154434
491.66407029011265,2.3764708052979593
491.664219462917,2.3763936548614937
491.66432157116805,2.376329753470665
491.66439146092813,2.3762767671107703
491.664439295092,2.376232991643623
491.66447203396376,2.3761979709866807
491.66449445141797,2.3761680628029174
491.6645097676974,2.3761318051433507
491.664519998168,2.3761229550460596
491.66452704899666,2.3761168555690952
491.6645322578623,2.376096475683821
491.66453552193013,2.376041449677322
491.66453776581676,2.3760383909844562
491.6645392617412,2.3760363518558485
491.66454025902414,2.3760349924367823
491.66454092387943,2.376034086157408
491.66454136711627,2.3760334819711875
491.66454716091744,2.3760255843094225
491.6645470141465,2.3760183082794764
491.66454571520455,2.376012791371939
491.6645422513594,2.375998079618511
491.6645326858476,2.3759574526717966
491.6640893927416,2.375589025234819
491.6589753864948,2.3744962662277853
491.64422885170956,2.373103855274179
491.60170697101375,2.3708861135977646
491.4790947235899,2.367193787402952
491.125541398365,2.3609600938782327
489.7113279249435,2.347295919988068
488.29711440621566,2.338242763425335
486.8829008736049,2.3309330176226815
485.4686873341746,2.324617193810198
484.0544737906891,2.318963731682944
482.6402602445167,2.3137912493765773
481.22604669643425,2.308987724157708
479.81183314692515,2.304478239675465
478.39761959631045,2.30020978182143
476.9834060448143,2.296143214290095
475.56919249259914,2.292248679833423
474.15497893978676,2.288502793342924
472.74076538647046,2.284886840951654
471.3265518327235,2.281385576768138
469.9123382786044,2.277986391402197
468.4981247241606,2.274678720857103
467.08391116943113,2.2714536159689973
465.66969761444847,2.2683034221242484
464.25548405923985,2.265221536589518
462.84127050382847,2.2622022216415387
461.4270569482342,2.2592404585778842
460.01284339247417,2.25633183218578
458.59862983656313,2.253472438247718
457.1844162805141,2.2506588087091393
455.7702027243385,2.247887840111266
454.35598916804634,2.2451567860103143
452.9417756116466,2.2424631493131146
451.52756205514726,2.239804692408369
450.1133484985554,2.237179396049143
448.6991349418775,2.234585434364007
447.2849213851193,2.2320211535505994
445.87070782828596,2.22948505361042
444.45649427138227,2.2269757726112367
443.0422807144126,2.2244920730631295
441.62806715738077,2.2220328300722043
440.21385360029046,2.2195970209969365
438.79964004314496,2.2171837163816166
437.38542648594733,2.214792071979726
435.9712129287003,2.212421321712302
434.5569993714065,2.2100707714313472
433.1427858140683,2.2077397933792993
431.7285722566879,2.205427821252851
430.3143586992674,2.2031343457929973
428.9001451418087,2.2008589108353864
427.48593158431356,2.1986011097640636
426.0717180267836,2.1963605823219328
424.65750446922044,2.1941370143309213
423.24329091162576,2.1919301260090585
422.1289507050114,2.190202780497699
420.7147371473629,2.1880251479841792
419.3005235896862,2.185863624087589
417.8863100319824,2.18371806819314
416.4720964742526,2.1815883711050583
415.0578829164979,2.1794744535556334
413.64366935871914,2.1773762648449027
412.22945580091726,2.1752937816000424
410.81524224309317,2.173227009137766
409.4010286852479,2.1711759713897694
408.6230630653931,2.170054409028809
407.2088495075159,2.1680278748032005
405.79463594961913,2.1660172582732127
404.38042239170386,2.1640226656249184
403.54286757667194,2.1628489911047235
402.12865401872773,2.160880193754528
400.71444046076635,2.1589278057178385
399.3002269027884,2.156992011473146
397.88601334479443,2.155073014962732
396.471799786785,2.153171039152391
395.05758622876067,2.1512863256354553
393.64337267072193,2.149419134278781
392.2291591126693,2.147569742908299
390.8149455546033,2.14573844703243
389.40073199652437,2.143925559601465
387.98651843843305,2.1421314108018077
386.57230488032974,2.1403563478834924
385.15809132221494,2.138600735020411
383.7438777640891,2.1368649532020045
382.3296642059527,2.1351494001562132
380.91545064780627,2.1334544903028987
379.50123708965015,2.1317806547376414
378.0870235314849,2.13012834124577
376.6728099733109,2.128498014346602
375.2585964151287,2.1268901553680974
373.84438285693875,2.125305262552308
372.43016929874153,2.1237438511920788
371.0159557405376,2.122206453799658
369.6017421823275,2.1206936203080566
368.1875286241117,2.1192059183060588
366.77331506589076,2.1177439333081605
365.3591015076653,2.1163082690606227
363.9448879494359,2.1148995478851953
362.53067439120315,2.113518411062273
361.11646083296773,2.1121655192553037
359.7022472747303,2.1108415529786893
358.28803371649167,2.109547213111434
356.8738201582525,2.1082832214593163
355.45960660001356,2.107050321368372
354.0453930417757,2.1058492783930105
352.6311794835398,2.104680881022249
351.21696592530685,2.1035459414679663
349.80275236707774,2.102445296519595
348.3885388088535,2.1013798084698365
346.97432525063533,2.1003503661166887
345.5601116924243,2.0993578858475654
344.1458981342217,2.098403312810997
342.73168457602884,2.0974876221894085
341.3174710178471,2.096611829571957
339.90325745967795,2.095776956710049
338.489043901523,2.0949840862702738
337.074830343384,2.094234328424525
335.66061678526273,2.0935288314434652
334.24640322716107,2.0928687837295605
332.8321896690811,2.092255416019813
331.4179761110251,2.091690003773887
330.00376255299534,2.0911738697653197
328.58954899499435,2.090708386895151
327.17533543702484,2.090294981250075
325.7611218790897,2.089935135429427
324.34690832119213,2.0896303921686434
322.9326947633354,2.0893823582899675
321.5184812055231,2.089192709015345
320.104267647759,2.0890631926807908
318.6900540900474,2.08899563589671
317.2758405323927,2.0889919492048517
315.86162697479966,2.0890541332892196
314.44741341727354,2.089184285806673
313.03319985981994,2.089384608912164
311.6189863024449,2.089657417564795
310.204772745155,2.0900051487136855
308.79055918795746,2.0904303714782033
307.3763456308599,2.0909357984550203
305.9621320738707,2.0915242983060756
304.54791851699906,2.0921989098074256
303.13370496025493,2.092962857569497
301.7194914036492,2.0938195696765636
300.3052778471938,2.0947726975383683
298.89106429090174,2.095826138301014
297.47685073478743,2.0969840602315095
296.0626371788666,2.098250931572446
294.64842362315676,2.0996315534648877
293.2342100676771,2.101131097664319
291.8199965124491,2.1027551499333716
290.4057829574966,2.1045097601955076
288.9915694028462,2.106401500789185
287.5773558485277,2.1084375344896245
286.16314229457464,2.110625694389289
284.74892874102494,2.1129745782822384
283.3347151879216,2.115493660929638
281.92050163531366,2.1181934285597075
280.50628808325735,2.1210855412752974
279.09207453181756,2.1241830308474876
277.67786098106956,2.127500543879018
276.2636474311014,2.131054643853547
274.84943388201697,2.1348641906490506
273.4352203339398,2.138950823489502
272.02100678701834,2.143339584338836
270.60679324143314,2.1480597355795057
269.1925796974066,2.153145852205621
267.7783661552169,2.1586393113601834
266.36415261521796,2.164590373196806
264.9499390778698,2.171061170652205
263.5357255437846,2.1781301505724686
262.1215120138019,2.18589894070975
260.70729848911435,2.1945035043024355
259.2930849714928,2.204133421818267
257.87887146371287,2.2150680374908163
256.464657970401,2.2277521899750448
255.05044450182154,2.242982829637403
254.02478906536547,2.2565324473140813
253.3041205771444,2.268147527251215
252.7977487081473,2.27804607196189
252.44195063025967,2.286448440431668
252.19195201236323,2.293562793305663
252.01629253193602,2.299578251976989
251.8928668472394,2.3046626039743945
251.80614281837862,2.3089625676910255
251.7452069127992,2.3126054265900686
251.7023908294081,2.315701367935349
251.68136508375107,2.317492425186031
251.66022658725856,2.319589075237035
251.64537382445235,2.3213482690121072
251.6349376817624,2.3228242073024727
251.6276048416268,2.324062508775449
251.62245251207136,2.3251015374224204
251.61883230078445,2.3259735404278388
251.6162886201758,2.326705617880186
251.61450135535443,2.327320546126887
251.6132455802536,2.327837475497961
251.61236325250223,2.3282725214750175
251.61174332507298,2.328639266778421
251.6113077721021,2.3289491903580752
251.6110017684526,2.3292112003349983
251.6107923282651,2.3294290881427733
251.6106489906537,2.3296096814762617
251.61055090425234,2.3297594718237713
251.61048379523032,2.3298838393117673
251.61043789248356,2.3299872570943876
251.6104065075988,2.3300735021947365
251.61038506355783,2.3301456773076135
251.6103704243851,2.330205263340262
251.6103604039855,2.330252137844952
251.61035383654504,2.3302986503339413
251.6103492890908,2.330330856703577
251.61034642904417,2.3303657877609716
251.61034431782758,2.33039157301465
251.61034330009923,2.330421473058263
251.61034228809828,2.330451204835838
251.61034194057154,2.3304737877533137
251.61034344644222,2.330524290114573
251.61038333390485,2.330775080142352
251.61043999603322,2.3309455023704384
251.61059969878795,2.331245641577621
251.61244349310368,2.3326992431398135
251.6150350150683,2.333804340620328
251.6299811891129,2.3372991779181653
251.7183692824697,2.3464982454374796
253.13258228602675,2.3902852409900692
254.54679565435777,2.412910714876361
255.961009096443,2.430025149465394
257.3752225718524,2.4441592843775193
258.7894360663398,2.4563362490591216
260.20364957320623,2.4670940017974905
261.617863088759,2.476757835855989
263.03207661074265,2.485542594775557
264.44629013767667,2.4935991155310235
265.86050366853584,2.5010381666026724
267.2747172025805,2.5079439508832237
268.6889307392594,2.5143822584317794
270.1031442781034,2.5204056563637325
270.38123002317775,2.521545089628135
271.7954435642885,2.5271275739259718
273.20965710697334,2.5323795947957075
274.6238706510279,2.5373298738803447
276.03808419628433,2.5420028438931395
277.4522977426029,2.5464195070657487
278.8665112898664,2.5505980864177733
280.2807248379754,2.55455452766382
281.6949383868322,2.558302891170382
282.187677946887,2.5595623532238414
283.60189149666843,2.5630496598357633
285.01610504705405,2.5663561481272272
286.4303185979911,2.5694914984465234
287.8445321494334,2.572464477985928
289.25874570134,2.5752830663769357
290.67295925367466,2.577954559923179
292.0871728064051,2.5804856586834086
293.5013863595023,2.582882539676529
294.91559991294037,2.5851509187745787
296.3298134666959,2.5872961033124247
297.74402702074764,2.5893230370316505
299.1582405750764,2.591236338657741
300.57245412966455,2.5930403351604117
301.9866676844962,2.59473909055181
303.4008812395566,2.5963364309221717
304.81509479483236,2.597835966288229
306.2293083503111,2.5992411097312837
307.64352190598134,2.6005550942204367
309.0577354618325,2.601780987452136
310.47194901785485,2.6029217049832822
311.8861625740393,2.603980021891714
313.30037613037734,2.604958583161557
314.7145896868612,2.6058599129611633
316.1288032434834,2.606686422956436
317.5430168002371,2.607440419781361
318.957230357116,2.608124111770409
320.3714439141139,2.6087396150424933
321.78565747122525,2.6092889590139126
323.19987102844465,2.609774091407246
324.6140845857671,2.6101968828139936
326.0282981431879,2.6105591308612723
327.4425117007026,2.610862564026588
328.85672525830694,2.6111088451384745
330.27093881599694,2.6112995814110294
331.68515237376886,2.6114362999100202
333.0993659316191,2.6115204919336295
334.51357948954427,2.6115535875281553
335.9277930475411,2.611536964920803
337.34200660560657,2.6114719527109287
338.75622016373774,2.6113598319110904
340.17043372193183,2.611201837851563
341.5846472801861,2.610999161960516
342.99886083849816,2.6107529534305485
344.41307439686545,2.6104643207811935
345.8272879552857,2.6101343333259424
347.2415015137567,2.6097640225512433
348.6557150722763,2.60935438341452
350.06992863084236,2.6089063755668604
351.484142189453,2.608420924506175
352.8983557481063,2.607898922665342
354.31256930680047,2.607341230439866
355.7267828655337,2.6067486771587545
357.1409964243043,2.6061220620022887
358.5552099831106,2.6054621548694983
359.9694235419511,2.6047696971983894
361.3836371008241,2.6040454027413196
362.7978506597282,2.6032899582975757
364.21206421866196,2.602504024405527
365.6262777776239,2.6016882359956472
367.04049133661266,2.6008432030063053
368.4547048956269,2.5999695109636365
369.8689184546653,2.599067721526634
371.2831320137266,2.5981383729985206
372.69734557280947,2.5971819808054923
374.11155913191277,2.596199037943329
375.52577269103523,2.595190015392746
376.93998625017565,2.5941553625038654
378.35419980933284,2.5930955073503528
379.76841336850566,2.5920108570532068
381.182626927693,2.590901798074813
382.5968404868936,2.5897686964827624
384.01105404610644,2.5886118981838835
385.42526760533036,2.587431729127867
386.8394811645643,2.5862284954806536
388.25369472380703,2.585002483765108
389.66790828305756,2.583753959033845
391.0821218423144,2.5824831720696926
392.3861910617039,2.5812918291463873
393.8004046209707,2.5799788736411178
395.21461818024085,2.5786442667319474
396.6288317395132,2.5772881797680527
398.0430452987867,2.575910764524499
399.45725885806013,2.5745121530650557
400.8714724173323,2.573092457563029
402.2856859766021,2.571651770077432
403.6998995358683,2.5701901622819965
405.1141130951297,2.5687076851441724
406.52832665438507,2.5672043685504953
407.9425402136331,2.5656802208748095
409.3567537728725,2.5641352284851084
410.7709673321019,2.5625693551841
412.18518089132004,2.560982541578319
413.59939445052544,2.559374704369775
415.0136080097166,2.557745735563306
416.42782156889217,2.5560955015820293
417.8420351280505,2.554423842282518
419.25624868719,2.552730569859633
420.67046224630906,2.5510154676304007
422.08467580540594,2.5492782886841363
423.4988893644788,2.5475187543850373
424.91310292352586,2.5457365527111984
426.3273164825451,2.5439313364086904
427.7415300415345,2.542102718476894
429.1557436004914,2.54025027871047
429.7001762734505,2.539530696811508
431.1143898323598,2.537644484291249
432.5286033912315,2.5357332619527266
433.9428169500631,2.533796451298326
435.3570305088518,2.5318334208301962
436.7712440675947,2.52984348195207
438.1854576262888,2.527825884371504
439.59967118493074,2.525779810930067
441.01388474351705,2.5237043717758643
442.42809830204396,2.5215985977775595
443.84231186050744,2.519461433059268
445.2565254189031,2.5172917265130548
446.6707389772262,2.515088222116683
448.08495253547164,2.5128495478513044
449.49916609363385,2.5105742029456057
450.91337965170675,2.5082605343665496
452.32759320968364,2.5059067541836555
453.74180676755714,2.5035108692961385
455.15602032531916,2.5010706910726523
456.5702338829607,2.4985837999387317
457.98444744047157,2.4960475129715567
459.3986609978406,2.493458845272042
460.8128745550549,2.4908144635939173
462.22708811210015,2.4881106302514038
463.6413016689598,2.4853431346988035
465.0555152256149,2.482507209307479
466.46972878204343,2.4795974246454917
467.8839423382198,2.476607557821378
469.29815589411373,2.473530424918744
470.71236944968916,2.4703576647858134
472.1265830049026,2.467079455735609
473.5407965597011,2.4636841378320113
474.9550101140189,2.4601576992240672
476.3692236677731,2.456483061500536
477.78343722085725,2.452639058741453
479.1976507731311,2.4485989327648525
480.61186432440485,2.444328030990953
482.026077874413,2.4397801205412284
483.440291422768,2.434891142370439
484.854504968875,2.4295678264870153
486.26871851176264,2.423664808607129
487.6829320495439,2.4169317620726734
488.8669795609154,2.4103036194457093
489.6989409860697,2.4047528650795567
490.2835119627839,2.4001028015488584
490.6942560364303,2.396206327399052
490.9828620387759,2.392940737648334
491.185648710522,2.390203524769416
491.32813512186294,2.387908959119077
491.4282520416249,2.3859852842148452
491.49859837988697,2.3843724029964406
491.5480266591876,2.3830199604616684
491.5827570330784,2.3818857492361785
491.6071600422745,2.38093438017159
491.6243066119491,2.3801361716571585
491.6363545028956,2.379466220139723
491.64481984831724,2.3789036211354713
491.6507679469613,2.378430815308101
491.6549473223726,2.3780330383057313
491.65788391854244,2.3776978561187034
491.659947285671,2.377414770003803
491.66139708544614,2.3771756231030574
491.66238954610924,2.376976986404851
491.66306893253176,2.376812611878427
491.66353400197096,2.376676581501158
491.6638523593377,2.376563997782463
491.66407028400386,2.3764708081758856
491.66421945680867,2.37639365839228
491.66432156506045,2.376329757525506
491.66439145481894,2.376276770677873
491.66443928897456,2.3762329979755377
491.6644720279078,2.3761980153014477
491.6644944458331,2.3761681302598365
491.6645097623134,2.3761316975425375
491.66451999294446,2.3761229736607863
491.66452704403304,2.376116961044112
491.66453225739576,2.3760966041995157
491.66453552185396,2.3760413897542456
491.6645377657868,2.376038354065685
491.66453926174205,2.376036330273303
491.66454025904557,2.37603498107835
491.66454092391456,2.3760340816150527
491.66454136716055,2.3760334819728577
491.6645472049873,2.3760255843104683
491.66454701308567,2.376018301783432
491.66454571414164,2.376012785206167
491.664542250291,2.375998074333563
491.66453268477585,2.375957449870209
491.6640893916691,2.375589024724947
491.65897538542225,2.3744962660804605
491.644228850637,2.373103855197152
491.6017069699412,2.3708861135537846
491.47909472251735,2.367193787377432
491.1255413972924,2.360960093863214
489.7113279238709,2.3472959199801497
488.2971144051431,2.3382427634192826
486.88290087253233,2.3309330176175678
485.468687333102,2.324617193805686
484.0544737896165,2.318963731678866
482.6402602434441,2.313791249372807
481.2260466953617,2.3089877241541847
479.8118331458526,2.304478239672143
478.39761959523787,2.3002097818182747
476.9834060437417,2.2961432142870986
475.56919249152656,2.2922486798305277
474.1549789387142,2.2885027933401307
472.7407653853979,2.2848868409489604
471.32655183165093,2.2813855767655133
469.91233827753183,2.2779863913996463
468.49812472308804,2.274678720854637
467.08391116835855,2.271453615966583
465.6696976133759,2.2683034221218787
464.25548405816727,2.265221536587199
462.8412705027559,2.2622022216392716
461.42705694716165,2.2592404585756656
460.0128433914016,2.2563318321835917
458.59862983549056,2.2534724382455646
457.1844162794415,2.25065880870702
455.7702027232659,2.247887840109179
454.35598916697376,2.2451567860082564
452.94177561057404,2.242463149311087
451.5275620540747,2.2398046924063673
450.11334849748283,2.2371793960471775
448.6991349408049,2.2345854343620477
447.2849213840467,2.2320211535486667
445.8707078272134,2.229485053608509
444.4564942703097,2.2269757726093347
443.04228071334,2.224492073061259
441.6280671563082,2.2220328300703365
440.2138535992179,2.2195970209951077
438.7996400420724,2.2171837163797923
437.38542648487476,2.214792071977927
435.97121292762773,2.212421321710516
434.5569993703339,2.210070771429575
433.1427858129957,2.2077397933775442
431.72857225561535,2.205427821251113
430.31435869819484,2.2031343457912627
428.90014514073613,2.2008589108336745
427.485931583241,2.198601109762358
426.07171802571105,2.1963605823202452
424.65750446814786,2.1941370143292387
423.2432909105532,2.1919301260073936
422.1289507039388,2.1902027804960484
420.7147371462903,2.188025147982527
419.3005235886136,2.185863624085961
417.88631003090984,2.1837180681915207
416.47209647318004,2.181588371103447
415.0578829154253,2.179474453554043
413.64366935764656,2.177376264843314
412.2294557998447,2.175293781598456
410.8152422420206,2.173227009136208
409.40102868417534,2.1711759713882213
408.62306306432055,2.170054409027265
407.2088495064433,2.1680278748016706
405.79463594854656,2.166017258271693
404.3804223906313,2.164022665623415
403.54286757559936,2.162848991103226
402.12865401765515,2.160880193753044
400.7144404596938,2.1589278057163694
399.3002269017158,2.156992011471684
397.88601334372186,2.1550730149612836
396.47179978571245,2.1531710391509478
395.0575862276881,2.151286325634033
393.64337266964935,2.1494191342773705
392.22915911159674,2.1475697429069047
390.8149455535307,2.14573844703105
389.4007319954518,2.1439255596001
387.9865184373605,2.142131410800444
386.57230487925716,2.140356347882154
385.15809132114236,2.138600735019083
383.74387776301654,2.1368649532006967
382.32966420488015,2.1351494001549236
380.9154506467337,2.1334544903016237
379.50123708857757,2.1317806547363776
378.0870235304123,2.1301283412445255
376.6728099722383,2.1284980143453724
375.2585964140561,2.126890155366884
373.8443828558662,2.1253052625511097
372.43016929766895,2.1237438511909064
371.015955739465,2.122206453798503
369.6017421812549,2.1206936203069198
368.1875286230391,2.1192059183049374
366.7733150648182,2.1177439333070636
365.3591015065927,2.1163082690595463
363.9448879483633,2.11489954788414
362.53067439013057,2.113518411061232
361.11646083189515,2.112165519254286
359.70224727365775,2.110841552977699
358.2880337154191,2.1095472131104636
356.8738201571799,2.108283221458368
355.459606598941,2.1070503213674527
354.0453930407031,2.1058492783921103
352.63117948246725,2.1046808810213715
351.2169659242343,2.1035459414671207
349.80275236600517,2.1024452965187823
348.38853880778095,2.101379808469048
346.97432524956275,2.100350366115924
345.5601116913517,2.099357885846832
344.1458981331491,2.0984033128102917
342.73168457495626,2.097487622188739
341.3174710167745,2.0966118295713096
339.90325745860537,2.0957769567094306
338.48904390045044,2.0949840862696876
337.07483034231143,2.0942343284239704
335.66061678419015,2.093528831442951
334.2464032260885,2.0928687837290845
332.83218966800854,2.0922554160193707
331.4179761099525,2.0916900037734782
330.00376255192276,2.091173869764946
328.58954899392177,2.090708386894815
327.17533543595226,2.0902949812497873
325.76112187801715,2.089935135429174
324.34690832011955,2.0896303921684356
322.9326947622628,2.0893823582898055
321.5184812044505,2.089192709015224
320.1042676466864,2.0890631926807117
318.6900540889748,2.0889956358966777
317.2758405313201,2.0889919492048783
315.8616269737271,2.089054133289291
314.44741341620096,2.089184285806798
313.03319985874737,2.0893846089123462
311.61898630137233,2.0896574175650313
310.20477274408245,2.090005148713973
308.7905591868849,2.0904303714785613
307.3763456297873,2.090935798455426
305.9621320727981,2.0915242983065494
304.5479185159265,2.092198909807972
303.13370495918235,2.0929628575701087
301.71949140257664,2.0938195696772466
300.3052778461212,2.0947726975391334
298.89106428982916,2.0958261383018533
297.47685073371485,2.0969840602324266
296.06263717779404,2.098250931573445
294.6484236220842,2.0996315534659757
293.23421006660453,2.1011310976655073
291.81999651137653,2.1027551499346555
290.40578295642405,2.1045097601968887
288.99156940177363,2.106401500790674
287.5773558474551,2.108437534491226
286.16314229350206,2.1106256943909973
284.74892873995236,2.112974578284086
283.334715186849,2.115493660931617
281.9205016342411,2.1181934285618187
280.50628808218477,2.121085541277572
279.092074530745,2.124183030849916
277.677860979997,2.12750054388162
276.2636474300288,2.1310546438563396
274.8494338809444,2.1348641906520323
273.43522033286723,2.138950823492713
272.02100678594576,2.143339584342291
270.60679324036056,2.1480597355832227
269.192579696334,2.153145852209629
267.7783661541443,2.1586393113645177
266.3641526141454,2.1645903732015057
264.9499390767972,2.1710611706573326
263.53572554271204,2.178130150578071
262.12151201272934,2.1858989407159357
260.7072984880418,2.194503504309324
259.29308497042024,2.2041334218260307
257.8788714626403,2.2150680374997016
256.4646579693284,2.2277521899854893
255.050444500749,2.2429828296502645
254.02478906429292,2.256532447329805
253.30412057607185,2.26814752727036
252.79774870707476,2.2780460719850346
252.44195062918712,2.2864484404595733
252.19195201129068,2.2935627933393032
252.01629253086347,2.299578252017423
251.89286684616684,2.304662604023119
251.80614281730607,2.30896256774965
251.74520691172665,2.3126054266607614
251.70239082833555,2.315701368020493
251.68136513627127,2.317492420400418
251.66022663977867,2.319589069522103
251.64537387697234,2.3213482621881543
251.63493773428223,2.32282419915433
251.62760489414637,2.3240624990459198
251.6224525645906,2.3251015258025767
251.61883235330316,2.325973526547144
251.6162886726938,2.326705601291155
251.61450140787144,2.3273205262886294
251.61324563276915,2.3278374517505798
251.61236330501572,2.328272493010129
251.61174337758345,2.3286392325899405
251.6113078246081,2.3289491491733774
251.6110018209525,2.3292111508301105
251.61079238075553,2.329429028226026
251.61064904313022,2.329609608913031
251.61055095670844,2.3297593838775246
251.61048384765633,2.329883732603869
251.61043794486514,2.3299871273884234
251.61040655991363,2.3300733439702705
251.610385115769,2.3301454835822892
251.6103704764409,2.3302050257015563
251.61036045577936,2.3302518362291815
251.61035388793218,2.330298293664577
251.61034934078162,2.330330457773651
251.61034647947312,2.330365289681391
251.61034438077922,2.330390837961796
251.6103433464589,2.330420187455278
251.61034229866624,2.330449919235
251.61034192861936,2.3304733259069392
251.61034343267903,2.330524078919076
251.61038331960333,2.330775025603446
251.6104399816882,2.3309454671642693
251.6105996844305,2.331245619771941
251.61244347873924,2.332699235508106
251.61503500070313,2.3338043355067044
251.62998117474743,2.3372991754172228
251.71836926810417,2.3464982443714537
253.13258227166122,2.3902852407123425
254.54679563999224,2.4129107146813045
255.96100908207748,2.430025149309097
257.3752225574869,2.44415928424506
258.7894360519743,2.456336248943333
260.2036495588407,2.4670940016942127
261.6178630743935,2.4767578357625917
263.0320765963771,2.4855425946902345
264.44629012331114,2.4935991154524855
265.8605036541703,2.501038166529946
267.274717188215,2.5079439508155414
268.68893072489385,2.514382258368554
270.1031442637379,2.5204056563044928
270.3812300088122,2.521545089569651
271.795443549923,2.5271275738709944
273.2096570926078,2.5323795947439383
274.6238706366624,2.537329873831509
276.0380841819188,2.542002843847012
277.4522977282374,2.5464195070221214
278.8665112755009,2.550598086376487
280.2807248236099,2.554554527624707
281.69493837246665,2.5583028910714662
283.09961409028966,2.56183233211543
284.51382764046707,2.5652018804407897
285.9280411912139,2.568396964502435
287.34225474248166,2.5714266601735605
288.7564682942277,2.5742992138584624
290.1706818464142,2.577022153772823
291.5848953990075,2.579602382700059
292.9991089519776,2.5820462557992063
294.4133225052974,2.584359646258426
295.82753605894237,2.586548000997535
297.1629137528594,2.588504163593231
298.07705510973955,2.5897836580295994
298.7028364329706,2.5906323531286137
299.13121904747965,2.5912008186744333
299.4244711110949,2.5915841724167867
299.62521869024636,2.591843907484299
299.7626417318371,2.5920204563165066
299.85671555549044,2.592140728354568
299.9211143942461,2.5922227876529993
299.9651990319488,2.5922788338445466
299.99537745315837,2.5923171402682677
299.9858578644539,2.592305062305935
300.0,2.5923230040163054
300.0,2.5923230040163054
300.0141421355461,2.5923409350418645
300.0046225468416,2.592328865754114
300.0348009680513,2.5923671094921383
300.07888560575464,2.592422887962563
300.14328444451206,2.5925041829845252
300.2373582681699,2.592622542197267
300.37478130977115,2.592794597331042
300.5755288889465,2.5930441413022427
300.86878095261466,2.5934048677876778
301.29716356723975,2.5939237580444674
301.92294489072304,2.5946647569258543
302.8370862481484,2.5957115530624923
304.17246394324167,2.597166466109641
305.5866774986297,2.5986140908380753
307.0008910542145,2.5999691088600985
308.41510460998495,2.6012346612488155
309.8293181659309,2.6024137311657
311.2435317220429,2.603509156163668
312.65774527831235,2.6045236391294764
314.07195883473105,2.6054597580457717
315.4861723912914,2.606319974726462
316.90038594798636,2.6071066426562455
318.3145995048093,2.6078220140465485
319.7288130617539,2.6084682462037794
321.1430266188145,2.6090474072929144
322.5572401759855,2.6095614815677015
323.9714537332618,2.6100123741294374
325.38566729063854,2.610401915267801
326.7998808481112,2.6107318644304964
328.2140944056753,2.611003913862196
329.62830796332696,2.611219691948423
331.04252152106216,2.611380766295287
332.4567350788773,2.6114886535122066
333.87094863676884,2.6115447938327367
335.2851621947336,2.6115505959515115
336.6993757527683,2.611507410762044
338.11358931087,2.6114165406553793
339.52780286903584,2.6112792414921753
340.9420164272631,2.611096724436763
342.35622998554925,2.6108701576740776
343.77044354389176,2.6106006680183516
345.18465710228827,2.610289342422468
346.5988706607365,2.6099372293960728
348.01308421923426,2.6095453403396816
349.4272977777795,2.609114650800778
350.84151133637016,2.6086461016580285
352.25572489500433,2.6081406002383645
353.6699384536802,2.607599021371605
355.08415201239586,2.6070222083867343
356.4983655711497,2.6064109740533166
357.91257912994,2.6057661014715636
359.3267926887652,2.6050883449135958
360.7410062476236,2.604378430619029
362.1552198065138,2.6036370575466394
363.56943336543424,2.6028648980846825
364.98364692438355,2.6020625987215134
366.3978604833603,2.6012307806781
367.8120740423632,2.6003700405040764
369.22628760139077,2.5994809506384344
370.64050116044183,2.598564059936142
372.05471471951506,2.5976198941616646
373.4689282786092,2.596648956449947
374.8831418377231,2.595651727736022
376.2973553968555,2.5946286671534176
377.71156895600524,2.593580212402048
379.1257825151711,2.5925067800857
380.539996074352,2.5914087660197156
381.9542096335467,2.5902865455084205
383.36842319275416,2.589140473592794
384.7826367519732,2.587970885267872
386.1968503112027,2.5867780956698763
387.61106387044157,2.58556240023243
389.0252774296887,2.5843240748115703
390.43949098894296,2.583063375778754
391.08212189918413,2.582483171835462
392.4963354584465,2.5811903509552474
393.91054901771355,2.579875704518832
395.3247625769839,2.578539418754821
396.73897613625644,2.5771816654606257
398.15318969552993,2.57580259488247
399.5674032548033,2.574402337541699
400.9816168140754,2.572981004053621
402.39583037334495,2.571538684899909
403.8100439326108,2.570075450153793
405.2242574918718,2.5685913491549828
406.6384710511266,2.567086410130762
408.052684610374,2.5655606397595845
409.46689816961265,2.564014022672888
410.88111172884123,2.5624465208903433
412.2953252880584,2.5608580731831747
413.7095388472627,2.5592485943593886
415.12375240645275,2.5576179744643603
416.537965965627,2.5559660778887645
417.9521795247839,2.554292742375517
419.3663930839219,2.5525977779155573
420.7806066430393,2.5508809655218307
422.19482020213434,2.5491420558684776
423.6090337612053,2.547380767781133
425.0232473202502,2.5455967865621205
426.4374608792672,2.5437897621318744
427.8516744382541,2.5419593069653073
429.155743657361,2.5402502787615515
430.5699572162836,2.5383735513923216
431.9841707751701,2.536472025333428
433.39838433401746,2.534545137214929
434.81259789282296,2.5325922789120057
436.22681145158384,2.5306127843263524
437.641025010297,2.5286059274946577
439.0552385689594,2.526570917650925
440.4694521275675,2.5245068936629274
441.88366568611764,2.522412917751105
443.29787924460595,2.520287968377563
444.71209280302816,2.5181309321707337
446.1263063613797,2.515940594725402
447.5405199196556,2.513715630084854
448.9547334778505,2.511454588671119
450.3689470359584,2.5091558833783294
451.783160593973,2.5068177734808375
453.19737415188706,2.504438337114882
454.6115877096929,2.502015483745993
456.0258012673818,2.4995468782167567
457.44001482494406,2.4970299431894953
458.8542283823689,2.494461815045711
460.2684419396441,2.4918393007022215
461.682655496756,2.4891588255310455
463.09686905368886,2.486416370042514
464.5110826104247,2.4836073922255295
465.92529616694276,2.4807267313709094
467.33950972321884,2.4777684876870065
468.7537232792246,2.4747258698266372
470.16793683492625,2.471590999221252
471.5821503902834,2.468354655268816
472.99636394524686,2.4650059379552056
474.4105774997561,2.4615318126716605
475.82479105373505,2.4579164827113047
477.23900460708694,2.454140502346462
478.653218159685,2.4501794860396586
480.0674317113595,2.446002163443641
481.4816452618751,2.441567322804099
482.8958588108921,2.43681875141809
484.310072357894,2.4316762897110955
485.7242859020389,2.426018578476749
487.13849944181305,2.4196455285172345
488.5527129740547,2.4121805120458615
489.96692649015574,2.402721527734359
491.3811399418654,2.386932865372918
491.5579165837559,2.3827165985520393
491.61922268529554,2.3803881041708537
491.66174449758626,2.377109534246836
491.663542071417,2.3766751196020026
491.66418159746763,2.3764145911814056
491.6644090998097,2.3762615192798657
491.6644900099335,2.3761759382729286
491.66451952257114,2.3761239232642524
491.66454099670557,2.376057570209777
491.66454491286015,2.376045469660711
491.6645463814181,2.3760409319548303
491.66454688027676,2.376027892987176
491.6645469686049,2.3760255843047187
491.6645410065508,2.3760109588414995
491.66454018821884,2.3760089513985276
491.66453896072096,2.376005940234145
491.6645371194741,2.376001423487474
491.6645343576038,2.3759946483674295
491.6645303474476,2.3759479526496587
491.6645240196748,2.3759286297697866
491.6645151228602,2.3759188897734913
491.66450216278514,2.3759047014275168
491.664482748197,2.3758676674273156
491.6644543457473,2.3758332119024486
491.6644128522337,2.375792873124115
491.66435222747134,2.375743422647984
491.66426365332944,2.3756836853277106
491.66413425092435,2.375611654392676
491.6639452067633,2.3755247185083
491.66366903797996,2.3754197378542483
491.6632655975801,2.375292931601115
491.66267623882635,2.375139732809519
491.66181529055757,2.374954623004731
491.66055760433625,2.3747309335542175
491.6587203630532,2.3744616228826656
491.6561055891595,2.374142820342632
491.6523842308696,2.373765329544179
491.64708798199615,2.3733173112043744
491.6395503490264,2.372784739079192
491.6288227783361,2.372150951374372
491.61355528836805,2.3713961221758
491.59182658534337,2.370496634100671
491.560902283937,2.369424330412374
491.51689080694115,2.368145620706125
491.45425366166415,2.3666204085612463
491.3651084653006,2.3648008017971875
491.2382370106366,2.362629555246451
491.0576735451619,2.3600381806506245
490.8006956099008,2.3569446355545547
490.43496460123714,2.3532504677818853
489.91445621850283,2.3488372348159854
489.1736686769861,2.3435619205285487
488.11937983668537,2.337250901596009
486.7051663025308,2.330093738311293
485.29095276222296,2.3238749888862267
483.87673921823995,2.318290037309804
482.46252567174486,2.313169103980551
481.04831212343527,2.3084060913302666
479.63409857375717,2.303929466219447
478.21988502301167,2.2996883054097577
476.80567147141113,2.2956448436144776
475.3914579191108,2.291770164992053
473.97724436622747,2.288041555180799
472.56303081285125,2.2844407929282484
471.14881725905303,2.280953003420149
469.73460370488954,2.2775658628742463
468.3203901504069,2.2742690312280534
466.9061765956432,2.2710537377491278
465.49196304063014,2.267912472027276
464.0777494853944,2.2648387493434914
462.66353592995864,2.261826929646025
461.24932237434234,2.2588720758881786
459.8351088185623,2.2559698417502623
458.420895262633,2.253116381625953
457.0066817065673,2.250308277705977
455.59246815037636,2.2475424803520268
454.1782545940701,2.244816258916682
452.76404103765736,2.242127150887276
451.3498274811459,2.2394729684613734
449.9356139245428,2.236851706928163
448.52140036785437,2.234261563138516
447.10718681108636,2.231700903576188
445.6929732542439,2.229168246416676
444.2787596973317,2.2266622460800365
442.8645461403539,2.224181679847579
441.45033258331455,2.2217254362185734
440.03611902621714,2.219292504738797
438.6219054690649,2.2168819670805213
437.20769191186093,2.214492989191519
435.7934783546079,2.21212481436131
434.3792647973084,2.209776757077629
432.9650512399648,2.2074481975667046
431.55083768257924,2.2051385769271805
430.13662412515384,2.202847392781514
428.7224105676904,2.2005741953799935
427.3081970101908,2.1983185841018535
425.8939834526565,2.1960802043060834
424.47976989508925,2.193858744490921
423.2432910300553,2.1919301248246854
421.8290774724302,2.1897396787296923
420.4148639147756,2.1875654727894043
419.00065035709304,2.185407345459976
417.58643679938365,2.1832651604063953
416.1722232416485,2.1811388148977313
414.7580096838886,2.179028235833684
413.34379612610485,2.1769333784088314
411.9295825682982,2.1748542248948644
410.51536901046944,2.1727907835278515
409.40102867723687,2.1711759717334913
407.986815119371,2.1691407201963417
406.5726015614849,2.16712133144755
405.15838800357955,2.165117907196166
404.3804224679865,2.164022665679533
402.966208910053,2.162044228012787
401.5519953521017,2.1600820982097293
400.1377817941335,2.158136453063512
398.72356823614894,2.156207482544846
397.3093546781486,2.154295398403021
395.8951411201331,2.152400431244966
394.4809275621028,2.1505228301557096
393.0667140040583,2.1486628623608786
391.6525004460002,2.1468208129279525
390.2382868879289,2.144996984504502
388.82407332984485,2.143191697091966
387.4098597717486,2.1414052878535585
385.99564621364055,2.1396381109552944
384.5814326555212,2.137890537439067
383.16721909739107,2.1361629551271877
381.7530055392505,2.1344557685577907
380.3387919811001,2.1327693989506704
378.92457842294016,2.1311042842034613
377.51036486477125,2.129460878917879
376.09615130659387,2.1278396544563773
374.6819377484085,2.126241099029353
373.2677241902155,2.1246657178131825
371.8535106320155,2.1231140330999376
370.439297073809,2.1215865844791586
369.02508351559646,2.1200839290528783
367.6108699573785,2.118606641684674
366.19665639915564,2.1171553152841875
364.7824428409285,2.115730561128368
363.3682292826977,2.1143330092209878
361.95401572446383,2.112963308692465
360.53980216622756,2.1116221282416703
359.1255886079896,2.1103101566221927
357.71137504975064,2.1090281031754747
356.2971614915115,2.1077766984134856
354.88294793327293,2.1065566946541208
353.4687343750358,2.105368866712543
352.054520816801,2.104214012652225
350.6403072585695,2.1030929545997514
349.2260937003423,2.102006539627851
347.81188014212046,2.100955640711592
346.3976665839051,2.0999411577631832
344.98345302569743,2.0989640187512864
343.5692394674987,2.098025180911564
342.1550259093102,2.097125632055517
340.74081235113346,2.09626639198588
339.32659879297,2.0954485140271286
337.9123852348214,2.0946730957233184
336.4981716766894,2.0939412447796393
335.08395811857594,2.09325413431619
333.6697445604829,2.0926129697216225
332.2555310024125,2.0920189996695786
330.84131744436695,2.091473518587386
329.4271038863487,2.09097786933546
328.01289032836024,2.09053344611788
326.5986767704045,2.0901416976470184
325.1844632124844,2.089804130587946
323.7702496546031,2.0895223133113694
322.3560360967641,2.089297879987571
320.9418225389711,2.089132535057989
319.527608981228,2.089028058125729
318.11339542353915,2.0889863093119208
316.6991818659091,2.0890092351311704
315.28496830834285,2.089098874946738
313.8707547508457,2.08925736807475
312.45654119342356,2.089486961616703
311.0423276360826,2.0897900191115086
309.62811407882964,2.090169030112106
308.21390052167203,2.0906266208079103
306.7996869646178,2.091165565834303
305.38547340767565,2.0917888014329162
303.971259850855,2.0924994401546098
302.5570462941662,2.0933007873300777
301.14283273762055,2.0941963595731354
299.72861918123044,2.0951899056303978
298.31440562500944,2.0962854299505524
296.90019206897244,2.0974872194185767
295.4859785131359,2.0987998737905214
294.0717649575179,2.1002283404751036
292.6575514021388,2.101777954447421
291.2433378470207,2.103454484254539
289.82912429218874,2.1052641852937612
288.41491073767065,2.1072138618268363
287.00069718349783,2.1093109395566545
285.58648362970547,2.111563551065602
284.1722700763335,2.113980637034429
282.75805652342734,2.1165720669826706
281.34384297103884,2.1193487843737584
279.92962941922764,2.1223229824253496
278.51541586806263,2.1255083190247825
277.1012023176242,2.12892018202652
275.6869887680066,2.132576020289448
274.2727752193213,2.1364957617074816
272.8585616717017,2.1407023481677383
271.4443481253087,2.145222430439211
270.0301345803392,2.150087286150181
268.61592103703737,2.1553340559692713
267.20170749571093,2.1610074453858923
265.78749395675527,2.1671621281548044
264.37328042069,2.1738662442875736
262.9590668882167,2.181206676844057
261.54485336031513,2.18929736609537
260.130639838412,2.1982931364094216
258.7164263247007,2.208414333501249
257.30221282281,2.219994933574665
255.88799933940422,2.233589354880161
254.47378588888708,2.250261046191902
253.0595725132674,2.2726939957702186
251.70239080279103,2.3157013710023024
251.61400314659838,2.327514741437665
251.61213494393965,2.328399986987738
251.61083941591957,2.3293761152205574
251.61037883647305,2.3301692910383114
251.61035899189497,2.3302658565984533
251.61034514911367,2.330375095422335
251.610342870051,2.3304237942480466
251.6103425912867,2.330463673662476
251.61034773138786,2.3305787993328173
251.61035184556155,2.330616542277302
251.6103576567872,2.3306537441996844
251.61036616384487,2.3307007000310334
251.61037865751263,2.33075690034887
251.61039697060622,2.3308236683739647
251.61042377997666,2.330903455613583
251.6104629987785,2.3309991748419714
251.6105203441269,2.331114265025584
251.61060416790068,2.3312528591254615
251.61072667076922,2.331419939989517
251.6109056756498,2.3316215185535607
251.61116721947963,2.331863918355287
251.6115394972974,2.332150659624004
251.6120693715918,2.332489999110299
251.61282353578488,2.33289258033087
251.61389690857706,2.3333710044468114
251.6154245785073,2.3339402324652547
251.61759880375152,2.334618057424241
251.62069320626162,2.335425662412197
251.6250972048802,2.3363882821472437
251.63136502056108,2.3375359880450493
251.6402854206063,2.3389046193112693
251.65298097866952,2.3405368851885977
251.67104934159642,2.3424836655694516
251.69676428039443,2.3448055377698145
251.73336182597467,2.3475745547250773
251.78544749754116,2.3508762913499726
251.85957587003534,2.3548121564681717
251.96507541452402,2.3595019295917297
252.11522241104,2.3650864120547
252.3289116613378,2.3717299607225355
252.63303424728838,2.379622470591368
253.06586155662816,2.388980050840666
253.68186142840736,2.4000431510669236
254.55855249119566,2.413070195980654
255.80625925722168,2.4283238207845157
257.2204727315162,2.4427207879620467
258.6346862251109,2.455080287235763
260.04889973119333,2.465974830208999
261.46311324610906,2.4757464193987073
262.8773267675785,2.484619123505981
264.2915402940936,2.4927493528920293
265.7057538246071,2.5002514721175135
267.1199673583629,2.5072121236626446
268.53418089479743,2.5136988192239254
269.9483944334797,2.5197653817955583
270.103144213953,2.5204056576236047
271.5173577546885,2.5260569468859027
272.9315712970901,2.531371527435172
274.34578484089656,2.5363790887041993
275.75999838593395,2.5411048311639783
277.174211932058,2.5455703745976903
278.58842547914765,2.5497944448241903
280.0026390271005,2.553793401379834
281.4168525758291,2.5575816487831293
281.69493857553766,2.5583028910521177
283.10915212508365,2.561855663841116
284.5233656752668,2.5652240030480313
285.9375792260187,2.568417942265264
287.3517927772911,2.5714465513504954
288.7660063290413,2.5743180715146856
290.1802198812316,2.577040026463262
291.5944334338284,2.5796193150407034
293.00864698680164,2.582062288947834
294.42286054012436,2.5843748183214323
295.83707409377234,2.586562347375994
297.25128764772364,2.588629941856604
298.66550120195836,2.590582329703656
300.07971475645843,2.592423936059749
301.4939283112073,2.594158913535975
302.9081418661899,2.5957911684874175
304.3223554213924,2.5973243839134086
305.736568976802,2.5987620394911533
307.150782532407,2.600107429164995
308.5649960881965,2.6013636766430794
309.9792096441605,2.6025337490964278
311.39342320028965,2.603620469308366
312.8076367565753,2.604626526483791
314.2218503130093,2.6055544858954827
315.6360638695843,2.606406797518745
317.0502774262931,2.607185803782877
318.4644909831292,2.607893746549869
319.8787045400864,2.6085327734148933
321.2929180971589,2.6091049434101494
322.7071316543413,2.6096122321823505
324.1213452116285,2.6100565367047452
325.53555876901567,2.6104396795765257
326.9497723264982,2.6107634129556416
328.36398588407184,2.6110294221647985
329.7781994417325,2.611239329006011
331.19241299947635,2.6113946948139155
332.60662655729976,2.611497030187534
334.02084011519923,2.611547769701033
335.4350536731715,2.6115483165519553
336.84926723121345,2.6115000163964748
338.2634807893221,2.611404166603032
339.6776943474946,2.611262018210161
341.09190790572825,2.611074777747472
342.5061214640205,2.6108436089406566
343.9203350223689,2.61056963430919
345.33454858077096,2.610253936665713
346.74876213922454,2.6098975605249475
348.16297569772746,2.609501513429116
349.5771892562776,2.6090667671963192
350.99140281487297,2.6085942590972997
352.4056163735117,2.6080848929657003
353.81982993219185,2.607539540246396
355.2340434909117,2.6069590409857404
356.6482570496695,2.606344204767338
358.06247060846357,2.6056958115968913
359.4766841672923,2.6050146127384894
360.89089772615415,2.604301331505385
362.3051112850476,2.6035566640072143
363.71932484397115,2.602781279856055
365.1335384029234,2.6019758228328307
366.547751961903,2.601140911516043
367.9619655209085,2.600277139873866
369.37617907993865,2.5993850778212755
370.7903926389921,2.598465271743109
372.2046061980676,2.59751824498401
373.6188197571639,2.5965444983062165
375.03303331627984,2.595544510315687
376.4472468754141,2.5945187378572827
377.86146043456563,2.5934676163795363
379.27567399373316,2.5923915602688297
380.68988755291554,2.5912909631538885
382.10410111211166,2.590166198180153
383.5183146713204,2.589017618254206
384.93252823054064,2.5878455562578893
386.3467417897712,2.5866503252323283
387.760955349011,2.5854322185307406
389.1751689082589,2.5841915099401866
390.5893824675139,2.5829284537710544
391.0821219045727,2.5824831714698178
392.49633546383507,2.5811903509590017
393.91054902310213,2.579875704513859
395.3247625823725,2.5785394187496853
396.738976141645,2.57718166545543
398.1531897009185,2.5758025948771808
399.5674032601919,2.574402337536317
400.98161681946397,2.5729810040481667
402.39583037873354,2.5715386848943744
403.8100439379994,2.5700754501481864
405.2242574972604,2.5685913491492824
406.6384710565152,2.5670864101249897
408.0526846157626,2.5655606397537283
409.46689817500123,2.5640140226669565
410.8811117342298,2.5624465208843348
412.295325293447,2.5608580731770854
413.7095388526513,2.55924859435321
415.12375241184134,2.557617974458105
416.5379659710156,2.5559660778824287
417.9521795301725,2.5542927423690944
419.36639308931046,2.552597777909066
420.78060664842786,2.5508809655152604
422.1948202075229,2.5491420558618145
423.6090337665939,2.547380767774377
425.0232473256388,2.5455967865552784
426.43746088465576,2.5437897621249395
427.8516744436427,2.541959306958281
429.15574366274956,2.5402502787544434
430.5699572216722,2.538373551385124
431.9841707805587,2.536472025326132
433.39838433940605,2.5345451372075423
434.81259789821155,2.5325922789045165
436.2268114569724,2.5306127843187642
437.6410250156856,2.528605927486953
439.055238574348,2.526570917643108
440.46945213295606,2.5245068936549986
441.8836656915062,2.5224129177430696
443.29787924999454,2.5202879683694097
444.71209280841674,2.5181309321624465
446.1263063667683,2.5159405947170015
447.5405199250442,2.5137156300763337
448.95473348323907,2.5114545886624238
450.368947041347,2.5091558833694947
451.78316059936157,2.5068177734718518
453.19737415727565,2.5044383371057335
454.6115877150815,2.502015483736678
456.02580127277037,2.4995468782072603
457.44001483033264,2.4970299431798186
458.8542283877575,2.4944618150358258
460.2684419450327,2.491839300692112
461.6826555021446,2.4891588255207275
463.09686905907745,2.4864163700319466
464.5110826158133,2.483607392214699
465.92529617233134,2.4807267313597947
467.3395097286074,2.4777684876755597
468.75372328461316,2.474725869814881
470.16793684031484,2.471590999209119
471.582150395672,2.4683546552562907
472.99636395063544,2.4650059379422222
474.41057750514466,2.4615318126581527
475.82479105912364,2.457916482697226
477.2390046124755,2.454140502331742
478.6532181650736,2.4501794860241684
480.0674317167481,2.446002163427252
481.4816452672637,2.441567322786641
482.8958588162807,2.4368187513993105
484.3100723632826,2.431676289690639
485.7242859074275,2.4260185784539923
487.13849944720164,2.4196455284912144
488.5527129794433,2.4121805120145012
489.9669264955443,2.402721527691935
491.381139947254,2.3869328652692294
491.5579165891445,2.3827165983829053
491.6192226906841,2.380388103911633
491.6617445029748,2.377109533201719
491.66354207680547,2.376675117876281
491.66418160285565,2.376414588280096
491.66440910519646,2.3762615144923283
491.66449001531754,2.376175931106233
491.66451952794847,2.3761239123751876
491.66454100204083,2.376057545244449
491.6645449181837,2.3760454421407546
491.6645463867373,2.3760409034768593
491.66454688330066,2.3760273651775456
491.66454694862017,2.3760255843046862
491.6645410063308,2.376010958841314
491.66454018802295,2.376008944780573
491.6645389605612,2.3760059236894167
491.6645371193685,2.3760013920526153
491.66453435757944,2.375994594597314
491.6645303473878,2.3759480296596784
491.6645240218244,2.3759287055721177
491.6645151252616,2.3759189028289627
491.6645021653355,2.3759046228390996
491.6644827507387,2.3758676949252306
491.6644543484698,2.375833231344462
491.664412854982,2.375792875806333
491.664352230216,2.3757434239167647
491.66426365607333,2.3756836869263585
491.66413425366846,2.375611655810565
491.66394520950763,2.375524719658429
491.6636690407244,2.375419738799335
491.6632656003246,2.37529293238293
491.6626762415709,2.3751397334573165
491.6618152933022,2.374954623539737
491.6605576070809,2.3747309339969
491.6587203657978,2.37446162325104
491.6561055919041,2.374142820649033
491.6523842336142,2.3737653297990686
491.6470879847408,2.3733173114173836
491.63955035177105,2.3727847392572468
491.6288227810807,2.372150951523337
491.61355529111273,2.3713961223004816
491.59182658808805,2.3704966342049656
491.5609022866817,2.369424330499802
491.51689080968583,2.368145620779431
491.45425366440884,2.366620408622631
491.36510846804526,2.3648008018487694
491.2382370133813,2.3626295552896677
491.0576735479066,2.3600381806868262
490.8006956126455,2.3569446355849353
490.4349646039818,2.3532504678073836
489.9144562212475,2.348837234837386
489.1736686797308,2.343561920546537
488.11937983943005,2.3372509016111374
486.7051663052755,2.330093738324119
485.29095276496764,2.3238749888976384
483.87673922098463,2.3182900373201503
482.46252567448954,2.3131691039901146
481.04831212617995,2.3084060913392253
479.63409857650186,2.3039294662278964
478.21988502575635,2.299688305417788
476.8056714741558,2.2956448436221444
475.3914579218555,2.2917701649994218
473.97724436897215,2.2880415551879096
472.56303081559594,2.2844407929351194
471.1488172617977,2.2809530034268097
469.7346037076342,2.2775658628807305
468.3203901531516,2.274269031234363
466.9061765983879,2.2710537377552917
465.4919630433748,2.2679124720333044
464.0777494881391,2.2648387493493987
462.6635359327033,2.2618269296518174
461.249322377087,2.2588720758938656
459.83510882130696,2.255969841755853
458.4208952653777,2.2531163816314512
457.006681709312,2.2503082777113805
455.59246815312105,2.2475424803573585
454.1782545968148,2.2448162589219294
452.76404104040205,2.2421271508924594
451.3498274838906,2.2394729684664867
449.9356139272875,2.236851706933224
448.52140037059905,2.23426156314352
447.10718681383105,2.2317009035811255
445.6929732569886,2.2291682464215614
444.27875970007636,2.226662246084869
442.8645461430986,2.224181679852377
441.45033258605923,2.22172543622332
440.0361190289618,2.2192925047434957
438.6219054718096,2.2168819670851745
437.2076919146056,2.21449298919614
435.79347835735257,2.2121248143658834
434.3792648000531,2.2097767570821656
432.9650512427095,2.207448197571207
431.5508376853239,2.2051385769316374
430.13662412789853,2.2028473927859453
428.7224105704351,2.2005741953843856
427.30819701293547,2.19831858410622
425.8939834554012,2.196080204310407
424.47976989783393,2.1938587444952184
423.2432909906531,2.1919301247634313
421.82907743302803,2.189739678668908
420.41486387537344,2.18756547272905
419.0006503176909,2.1854073454000726
417.5864367599815,2.1832651603469255
416.17222320224636,2.1811388148387083
414.75800964448644,2.1790282357750996
413.3437960867027,2.1769333783506886
411.92958252889605,2.174854224837153
410.5153689710673,2.1727907834705853
409.40102867998155,2.1711759717374557
407.9868151221157,2.1691407202003288
406.57260156422956,2.167121331451453
405.15838800632423,2.165117907200042
404.38042247073116,2.1640226656833907
402.9662089127977,2.1620442280166046
401.5519953548464,2.1600820982135236
400.1377817968782,2.1581364530672773
398.7235682388936,2.1562074825485724
397.3093546808933,2.1542953984067132
395.89514112287776,2.1524004312486307
394.4809275648475,2.150522830159337
393.066714006803,2.1486628623644717
391.6525004487449,2.146820812931513
390.2382868906736,2.1449969845080186
388.82407333258953,2.1431916970954465
387.40985977449327,2.1414052878570056
385.99564621638524,2.1396381109587077
384.5814326582659,2.1378905374424386
383.16721910013575,2.1361629551305157
381.7530055419952,2.1344557685610814
380.33879198384477,2.1327693989539354
378.92457842568484,2.131104284206672
377.51036486751593,2.129460878921038
376.09615130933855,2.1278396544594984
374.68193775115316,2.126241099032426
373.2677241929602,2.1246657178162165
371.8535106347602,2.123114033102919
370.43929707655366,2.1215865844821016
369.02508351834115,2.1200839290557676
367.6108699601232,2.118606641687512
366.1966564019003,2.117155315286987
364.7824428436732,2.1157305611311
363.3682292854424,2.114333009223669
361.9540157272085,2.1129633086950994
360.53980216897224,2.111622128244248
359.12558861073427,2.110310156624708
357.7113750524953,2.1090281031779305
356.29716149425616,2.107776698415882
354.8829479360176,2.1065566946564593
353.4687343777805,2.1053688667148145
352.0545208195457,2.1042140126544324
350.6403072613142,2.1030929546018884
349.226093703087,2.1020065396299223
347.81188014486514,2.1009556407135936
346.3976665866498,2.0999411577651133
344.9834530284421,2.098964018753146
343.56923947024336,2.0980251809133437
342.1550259120549,2.0971256320572254
340.74081235387814,2.0962663919875073
339.3265987957147,2.0954485140286696
337.91238523756607,2.094673095724787
336.4981716794341,2.093941244781015
335.0839581213206,2.0932541343174753
333.6697445632276,2.0926129697228206
332.2555310051572,2.092018999670687
330.84131744711163,2.091473518588397
329.42710388909336,2.090977869336376
328.0128903311049,2.0905334461186893
326.5986767731492,2.090141697647726
325.1844632152291,2.089804130588553
323.7702496573478,2.08952231331186
322.3560360995088,2.089297879987954
320.9418225417158,2.0891325350582544
319.5276089839727,2.0890280581258676
318.11339542628383,2.0889863093119345
316.6991818686538,2.089009235131056
315.28496831108754,2.0890988749464956
313.8707547535904,2.0892573680743736
312.45654119616825,2.0894869616161778
311.04232763882726,2.0897900191108545
309.6281140815743,2.0901690301112907
308.2139005244167,2.090626620806944
306.7996869673625,2.091165565833171
305.38547341042033,2.09178880143162
303.9712598535997,2.0924994401531425
302.55704629691087,2.0933007873284355
301.14283274036524,2.0941963595712965
299.7286191839751,2.095189905628373
298.3144056277541,2.096285429948323
296.90019207171713,2.097487219416136
295.48597851588056,2.098799873787864
294.0717649602626,2.100228340472216
292.65755140488346,2.1017779544442967
291.2433378497654,2.1034544842511567
289.8291242949334,2.1052641852901166
288.41491074041534,2.107213861822908
287.0006971862425,2.109310939552434
285.58648363245015,2.11156355106107
284.1722700790782,2.1139806370295715
282.758056526172,2.1165720669774664
281.3438429737835,2.1193487843681815
279.9296294219723,2.1223229824193757
278.5154158708073,2.1255083190183908
277.1012023203689,2.1289201820196624
275.68698877075127,2.1325760202821
274.272775222066,2.136495761699607
272.8585616744464,2.140702348159275
271.4443481280534,2.1452224304301155
270.0301345830839,2.1500872861403852
268.61592103978205,2.1553340559586953
267.2017074984556,2.1610074453744352
265.78749395949995,2.167162128142349
264.37328042343466,2.1738662442739836
262.95906689096137,2.1812066768291247
261.5448533630598,2.1892973660788453
260.13063984115666,2.198293136390947
258.7164263274454,2.208414333480319
257.3022128255547,2.2199949335504776
255.8879993421489,2.2335893548512873
254.47378589163176,2.250261046155355
253.05957251601208,2.2726939957169496
251.70239080553574,2.3157013707827985
251.614003149343,2.3275147403327656
251.61213494668422,2.328399985407892
251.61083941866335,2.329376112236018
251.61037883921006,2.330169280109788
251.61035899462115,2.3302658402737055
251.61034515175567,2.3303750648267996
251.61034287245596,2.330423738815532
251.6103425907939,2.330463673663507
251.61034388638703,2.3305231219920937
251.61034594895273,2.330555624057325
251.61034877045645,2.3305857920125925
251.6103529459715,2.330621087964655
251.61035912170524,2.330662400802012
251.6103682121079,2.3307109313025505
251.61038155378716,2.3307684538749376
251.61040110227512,2.3308370644691028
251.61042971548002,2.3309192280021556
251.61047156889984,2.3310178917252284
251.61053276256493,2.3311365978308443
251.61062220772345,2.3312796114792933
251.61075292214977,2.3314520748252985
251.61094392236342,2.331660192649801
251.61122298889623,2.3319104960738786
251.61162020498045,2.3322066146065175
251.6121855713805,2.3325570768748527
251.6129902479153,2.3329728748877514
251.61413550985637,2.333467023440205
251.6157654924127,2.3340549753522826
251.61808532897942,2.33475510902563
251.62138696551935,2.3355893046380145
251.62608589960684,2.3365836271968297
251.63277346744624,2.3377691369065507
251.6422912587639,2.339182849920327
251.65583702408753,2.3408688750744937
251.67511540198998,2.3428797540782784
251.70255243410466,2.3452780328061813
251.74160086289766,2.348138087949442
251.79717463145815,2.3515482232155596
251.8762672636011,2.3556130271995377
251.9888319424303,2.360455942238003
252.1490340381498,2.3662219160669284
252.37703370564634,2.3730798744899158
252.70152287736923,2.3812245325681927
253.16333591159895,2.3908767131493756
253.8205882670655,2.402280818143593
254.75598986466915,2.4156973566438515
256.08725346388655,2.431387414211775
257.5014669429224,2.4453157266014856
258.91568043938815,2.4573483931830067
260.3298939474607,2.46799737810402
261.7441074638294,2.4775751843356053
263.1583209864035,2.486289521892206
264.57253451378534,2.49428688617692
265.98674804499603,2.501675228747305
267.400961579324,2.508536833184639
268.81517511623605,2.51493613037006
270.10314422107956,2.5204056573684666
271.5173577618152,2.5260569469134957
272.93157130421685,2.5313715274611566
274.3457848480233,2.536379088728693
275.7599983930607,2.5411048311871194
277.1742119391847,2.5455703746195715
278.5884254862744,2.549794444844885
280.00263903422723,2.5537934013994397
281.41685258295587,2.557581648801729
281.6949385826644,2.5583028910705057
283.1091521322104,2.5618556638585472
284.52336568239355,2.5652240030645617
285.93757923314547,2.568417942280932
287.35179278441785,2.571446551365347
288.76600633616806,2.5743180715287717
290.18021988835835,2.5770400264766096
291.59443344095513,2.5796193150533457
293.0086469939284,2.5820622889598126
294.4228605472511,2.5843748183327717
295.8370741008991,2.5865623473867165
297.2512876548504,2.588629941866736
298.6655012090851,2.5905823297132127
300.0797147635852,2.5924239360687498
301.49392831833404,2.594158913544461
302.90814187331665,2.5957911684953947
304.32235542851913,2.5973243839208897
305.73656898392875,2.598762039498162
307.15078253953374,2.6001074291715494
308.56499609532324,2.6013636766491977
309.97920965128725,2.602533749102118
311.3934232074164,2.603620469313644
312.807636763702,2.6046265264886617
314.22185032013607,2.6055544858999626
315.63606387671103,2.606406797522854
317.05027743341986,2.6071858037866305
318.46449099025597,2.6078937465532737
319.87870454721315,2.6085327734179384
321.29291810428566,2.609104943412876
322.70713166146805,2.609612232184753
324.12134521875527,2.6100565367068276
325.5355587761424,2.610439679578322
326.94977233362494,2.6107634129571315
328.3639858911986,2.611029422166003
329.77819944885925,2.6112393290069256
331.1924130066031,2.611394694814566
332.6066265644265,2.6114970301879237
334.020840122326,2.6115477697011684
335.43505368029827,2.611548316551829
336.8492672383402,2.6115000163961084
338.26348079644885,2.611404166602431
339.67769435462134,2.6112620182093256
341.091907912855,2.6110747777464245
342.50612147114725,2.610843608939387
343.9203350294956,2.610569634307706
345.3345485878977,2.610253936664029
346.7487621463513,2.609897560523052
348.1629757048542,2.6095015134270305
349.57718926340436,2.6090667671940357
350.9914028219997,2.6085942590948212
352.40561638063843,2.608084892963046
353.8198299393186,2.607539540243567
355.23404349803843,2.606959040982721
356.64825705679624,2.606344204764149
358.0624706155903,2.6056958115935283
359.47668417441906,2.6050146127349803
360.8908977332809,2.6043013315016976
362.30511129217433,2.6035566640033885
363.7193248510979,2.6027812798520547
365.13353841005016,2.6019758228287087
366.5477519690297,2.601140911511775
367.96196552803525,2.60027713986943
369.3761790870654,2.599385077816704
370.79039264611885,2.5984652717384025
372.20460620519435,2.5975182449791827
373.61881976429066,2.5965444983012453
375.0330333234066,2.5955445103105745
376.44724688254087,2.5945187378520664
377.8614604416924,2.593467616374178
379.2756740008599,2.5923915602633443
380.6898875600423,2.5912909631482726
382.1041011192384,2.590166198174437
383.51831467844715,2.589017618248336
384.9325282376674,2.5878455562519287
386.34674179689796,2.586650325226252
387.76095535613774,2.5854322185245495
389.17516891538565,2.584191509933874
390.5893824746406,2.5829284537646227
391.08212191169946,2.5824831714633634
392.4963354709618,2.5811903509524248
393.9105490302289,2.5798757045071854
395.32476258949924,2.578539418742901
396.73897614877177,2.5771816654485216
398.15318970804526,2.575802594870173
399.56740326731864,2.5744023375292038
400.9816168265907,2.5729810040409493
402.3958303858603,2.5715386848870434
403.81004394512615,2.570075450140748
405.22425750438714,2.568591349141755
406.63847106364193,2.567086410117356
408.05268462288933,2.56556063974599
409.466898182128,2.564014022659104
410.88111174135656,2.562446520876383
412.2953253005737,2.560858073169026
413.70953885977804,2.559248594345057
415.1237524189681,2.557617974449835
416.5379659781423,2.555966077874059
417.95217953729923,2.554292742360602
419.3663930964372,2.55259777790047
420.7806066555546,2.550880965506547
422.19482021464967,2.5491420558529927
423.6090337737206,2.54738076776545
425.02324733276555,2.545596786546241
426.4374608917825,2.5437897621157743
427.85167445076945,2.5419593069490016
429.1557436698763,2.5402502787450527
430.56995722879896,2.538373551375605
431.98417078768546,2.536472025316492
433.3983843465328,2.5345451371977656
434.8125979053383,2.5325922788945947
436.22681146409917,2.5306127843087185
437.64102502281236,2.5286059274767703
439.0552385814747,2.526570917632787
440.4694521400828,2.524506893644518
441.88366569863297,2.5224129177324333
443.2978792571213,2.520287968358626
444.7120928155435,2.5181309321514935
446.12630637389503,2.5159405947058695
447.5405199321709,2.5137156300650223
448.9547334903658,2.5114545886509383
450.36894704847373,2.509155883357818
451.7831606064883,2.506817773459968
453.1973741644024,2.504438337093639
454.61158772220824,2.5020154837243433
456.0258012798971,2.4995468781947086
457.4400148374594,2.4970299431669924
458.8542283948842,2.4944618150227464
460.26844195215944,2.4918393006787696
461.68265550927134,2.489158825507065
463.0968690662042,2.4864163700179684
464.51108262294,2.48360739220037
465.9252961794581,2.4807267313450954
467.3395097357342,2.4777684876604473
468.75372329173996,2.4747258697993004
470.16793684744164,2.4715909991930785
471.5821504027988,2.468354655239702
472.99636395776224,2.4650059379250333
474.41057751227146,2.4615318126403105
475.82479106625044,2.4579164826786206
477.2390046196023,2.454140502312267
478.6532181722004,2.4501794860036936
480.0674317238749,2.4460021634056064
481.4816452743905,2.441567322763555
482.8958588234075,2.4368187513744712
484.3100723704094,2.431676289663539
485.7242859145543,2.4260185784238937
487.13849945432844,2.419645528456764
488.5527129865701,2.4121805119730415
489.96692650267113,2.402721527635853
491.3811399543808,2.386932865132108
491.5579165962713,2.3827165981593863
491.6192226978109,2.3803881035686785
491.6617445101015,2.3771095318218043
491.6635420839321,2.3766751155937405
491.6641816099816,2.376414584442233
491.66440911232064,2.3762615081648075
491.6644900224381,2.376175921627146
491.6645195350601,2.3761238979864823
491.66454100909687,2.3760575122236536
491.6645449252243,2.3760454057385836
491.66454639377207,2.376040865806682
491.6645468873031,2.376026668156846
491.66454692497945,2.3760255843039504
491.66454100655767,2.376010958839674
491.6645401882792,2.376008936729195
491.6645389608615,2.3760059035634176
491.6645371197349,2.3760013538147695
491.66453435804505,2.3759945291917184
491.664530347799,2.375948125132818
491.6645240249438,2.3759287996401217
491.6645151286908,2.375918919815999
491.66450216894907,2.375904527243107
491.6644827543383,2.375867728729016
491.6644543522877,2.375833255412113
491.6644128588312,2.3757928795276633
491.6643522340609,2.3757434258374444
491.66426365991725,2.3756836891806046
491.6641342575128,2.3756116577900332
491.6639452133522,2.375524721270023
491.6636690445691,2.375419740124444
491.6632656041694,2.375292933478702
491.66267624541575,2.375139734363473
491.66181529714703,2.374954624289653
491.66055761092576,2.3747309346172756
491.65872036964277,2.3744616237676137
491.65610559574907,2.3741428210781397
491.65238423745916,2.373765330156538
491.6470879885858,2.373317311715469
491.63955035561605,2.3727847395065425
491.6288227849257,2.3721509517321673
491.61355529495773,2.3713961224751166
491.59182659193306,2.370496634351366
491.5609022905267,2.3694243306223335
491.51689081353084,2.3681456208820846
491.45425366825384,2.36662040870869
491.36510847189027,2.3648008019208966
491.2382370172263,2.3626295553501864
491.0576735517516,2.36003818073753
490.8006956164905,2.356944635627477
490.4349646078268,2.3532504678431114
489.9144562250925,2.348837234867398
489.1736686835758,2.3435619205717204
488.11937984327506,2.3372509016323146
486.7051663091205,2.330093738342115
485.29095276881264,2.323874988913585
483.87673922482963,2.318290037334643
482.46252567833454,2.3131691040035043
481.04831213002495,2.308406091351741
479.63409858034686,2.3039294662397185
478.21988502960136,2.2996883054290285
476.8056714780008,2.295644843632895
475.3914579257005,2.2917701650097406
473.97724437281715,2.2880415551978697
472.56303081944094,2.2844407929447472
471.1488172656427,2.280953003436154
469.7346037114792,2.2775658628898214
468.3203901569966,2.2742690312432137
466.9061766022329,2.271053737763933
465.4919630472198,2.2679124720417585
464.0777494919841,2.2648387493576565
462.6635359365483,2.2618269296599216
461.249322380932,2.258872075901822
459.83510882515196,2.255969841763677
458.4208952692227,2.25311638163915
457.006681713157,2.250308277718956
455.59246815696605,2.2475424803648227
454.1782546006598,2.2448162589292933
452.76404104424705,2.24212715089972
451.3498274877356,2.2394729684736614
449.9356139311325,2.2368517069403095
448.52140037444406,2.2342615631505236
447.10718681767605,2.231700903588049
445.6929732608336,2.2291682464284084
444.27875970392137,2.2266622460916516
442.8645461469436,2.224181679859079
441.45033258990424,2.2217254362299648
440.0361190328068,2.2192925047500767
438.6219054756546,2.2168819670917
437.2076919184506,2.2144929892026024
435.7934783611976,2.212124814372296
434.3792648038981,2.209776757088517
432.9650512465545,2.207448197577511
431.55083768916893,2.205138576937891
430.13662413174353,2.2028473927921475
428.7224105742801,2.200574195390537
427.30819701678047,2.1983185841123314
425.8939834592462,2.1960802043164644
424.47976990167894,2.1938587445012403
423.2432909944981,2.1919301247694083
421.82907743687304,2.189739678674839
420.41486387921844,2.18756547273495
419.0006503215359,2.185407345405914
417.5864367638265,2.183265160352734
416.17222320609136,2.1811388148444677
414.75800964833144,2.1790282357808173
413.3437960905477,2.1769333783563614
411.92958253274105,2.174854224842781
410.5153689749123,2.1727907834761684
409.40102868382655,2.1711759717430166
407.9868151259607,2.1691407202058413
406.57260156807456,2.167121331456917
405.15838801016923,2.165117907205464
404.38042247457616,2.1640226656887913
402.9662089166427,2.162044228021963
401.5519953586914,2.160082098218841
400.1377818007232,2.1581364530725393
398.7235682427386,2.156207482553792
397.3093546847383,2.1542953984118904
395.89514112672276,2.1524004312537564
394.4809275686925,2.1505228301644204
393.066714010648,2.1486628623694974
391.6525004525899,2.146820812936493
390.2382868945186,2.144996984512959
388.82407333643454,2.143191697100325
387.4098597783383,2.1414052878618413
385.99564622023024,2.1396381109634888
384.5814326621109,2.1378905374471584
383.16721910398076,2.1361629551351853
381.7530055458402,2.1344557685656946
380.3387919876898,2.1327693989584864
378.92457842952984,2.1311042842111805
377.51036487136093,2.1294608789254763
376.09615131318355,2.1278396544638767
374.68193775499816,2.1262410990367457
373.2677241968052,2.124665717820471
371.8535106386052,2.1231140331071074
370.43929708039866,2.121586584486222
369.02508352218615,2.1200839290598257
367.6108699639682,2.118606641691495
366.19665640574533,2.117155315290889
364.7824428475182,2.1157305611349395
363.3682292892874,2.1143330092274386
361.9540157310535,2.112963308698782
360.53980217281725,2.1116221282478547
359.12558861457927,2.110310156628241
357.71137505634033,2.109028103181371
356.29716149810116,2.1077766984192428
354.8829479398626,2.1065566946597274
353.4687343816255,2.1053688667180017
352.0545208233907,2.1042140126575295
350.6403072651592,2.103092954604889
349.226093706932,2.1020065396328276
347.81188014871015,2.100955640716407
346.3976665904948,2.0999411577678253
344.9834530322871,2.0989640187557494
343.56923947408836,2.098025180915839
342.1550259158999,2.0971256320596168
340.74081235772314,2.0962663919897873
339.3265987995597,2.0954485140308368
337.9123852414111,2.0946730957268342
336.4981716832791,2.093941244782945
335.0839581251656,2.093254134319282
333.6697445670726,2.092612969724501
332.2555310090022,2.092018999672241
330.84131745095664,2.0914735185898117
329.42710389293836,2.090977869337648
328.01289033494993,2.090533446119821
326.5986767769942,2.090141697648722
325.1844632190741,2.0898041305893966
323.7702496611928,2.0895223133125533
322.3560361033538,2.0892978799884827
320.9418225455608,2.0891325350586207
319.5276089878177,2.0890280581260714
318.11339543012883,2.088986309311969
316.6991818724988,2.08900923513091
315.28496831493254,2.0890988749461625
313.8707547574354,2.0892573680738455
312.45654120001325,2.0894869616154583
311.04232764267226,2.08979001910993
309.6281140854193,2.0901690301101565
308.2139005282617,2.0906266208055886
306.7996869712075,2.0911655658315924
305.38547341426533,2.09178880142981
303.9712598574447,2.0924994401510935
302.55704630075587,2.093300787326129
301.14283274421024,2.0941963595687287
299.72861918782013,2.0951899056255314
298.31440563159913,2.0962854299452056
296.90019207556213,2.097487219412723
295.48597851972556,2.098799873784137
294.0717649641076,2.1002283404681643
292.65755140872847,2.1017779544399113
291.2433378536104,2.103454484246419
289.8291242987784,2.10526418528501
288.41491074426034,2.107213861817413
287.0006971900875,2.109310939546529
285.58648363629516,2.1115635510547257
284.1722700829232,2.1139806370227694
282.75805653001703,2.1165720669701686
281.3438429776285,2.1193487843603744
279.9296294258173,2.122322982411017
278.5154158746523,2.1255083190094286
277.1012023242139,2.128920182010061
275.6869887745963,2.1325760202718174
274.272775225911,2.136495761688567
272.8585616782914,2.1407023481474265
271.4443481318984,2.145222430417371
270.0301345869289,2.1500872861266584
268.61592104362705,2.15533405594387
267.2017075023006,2.1610074453583836
265.78749396334496,2.1671621281248994
264.37328042727967,2.173866244254925
262.95906689480637,2.1812066768082117
261.5448533669048,2.1892973660556967
260.13063984500167,2.1982931363650793
258.7164263312904,2.2084143334510076
257.3022128293997,2.21999493351658
255.8879993459939,2.2335893548108015
254.47378589547677,2.2502610461041312
253.05957251985708,2.2726939956423564
251.70239080938066,2.315701370475315
251.6140031531878,2.3275147387844806
251.6121349505289,2.3283999831950855
251.61083942250693,2.3293761080554996
251.6103788430442,2.330169264805586
251.61035899844015,2.3302658174088826
251.61034515545674,2.330375021974186
251.61034287582507,2.3304236611682594
251.61034259007607,2.330463673664097
251.61034388679715,2.3305231342380566
251.61034594919587,2.330555626883105
251.61034877067982,2.330585793669563
251.61035294619253,2.3306210895676465
251.61035912192844,2.3306624021519733
251.61036821233247,2.330710932375489
251.61038155401246,2.3307684547411425
251.61040110250084,2.3308370651831285
251.61042971570606,2.3309192285902753
251.61047156912608,2.331017892209365
251.6105327627913,2.3311365982253776
251.61062220794992,2.3312796118060417
251.6107529223763,2.3314520750957586
251.61094392259,2.331660192873805
251.61122298912284,2.3319104962602646
251.6116202052071,2.3322066147609464
251.61218557160717,2.3325570770039206
251.61299024814195,2.332972874994809
251.61413551008306,2.3334670235301256
251.61576549263938,2.334054975427536
251.6180853292061,2.3347551090883023
251.62138696574604,2.3355893046907785
251.62608589983353,2.336583627240783
251.63277346767293,2.3377691369433142
251.64229125899058,2.339182849951377
251.65583702431422,2.3408688751003863
251.67511540221668,2.3428797540999335
251.70255243433135,2.345278032824433
251.74160086312435,2.3481380879646956
251.79717463168484,2.3515482232283134
251.8762672638278,2.3556130272102958
251.988831942657,2.3604559422470026
252.1490340383765,2.3662219160744518
252.37703370587303,2.3730798744962023
252.70152287759592,2.381224532573438
253.16333591182564,2.390876713153706
253.82058826729218,2.402280818147185
254.75598986489584,2.4156973566468016
256.08725346411325,2.431387414214208
257.50146694314907,2.445315726603556
258.91568043961485,2.4573483931848212
260.32989394768737,2.4679973781056375
261.74410746405607,2.477575184337076
263.1583209866302,2.4862895218935455
264.57253451401203,2.4942868861781538
265.9867480452227,2.501675228748443
267.4009615795507,2.5085368331857008
268.81517511646274,2.514936130371049
270.10314422130625,2.5204056573694062
271.5173577620419,2.526056946914372
272.93157130444354,2.531371527461982
274.34578484825,2.5363790887294733
275.7599983932874,2.5411048311878526
277.1742119394114,2.5455703746202647
278.5884254865011,2.54979444484554
280.0026390344539,2.5537934014000676
281.41685258318256,2.5575816488023095
281.6949385828911,2.558302891071089
283.1091521324371,2.5618556638591006
284.52336568262024,2.5652240030650884
285.93757923337216,2.56841794228143
287.35179278464454,2.5714465513658213
288.76600633639475,2.574318071529229
290.18021988858504,2.5770400264770315
291.5944334411818,2.5796193150537374
293.0086469941551,2.582062288960189
294.4228605474778,2.584374818333126
295.8370741011258,2.5865623473870576
297.2512876550771,2.588629941867051
298.6655012093118,2.5905823297135178
300.07971476381186,2.592423936069035
301.49392831856073,2.5941589135447263
302.90814187354334,2.595791168495646
304.3223554287458,2.597324383921123
305.73656898415544,2.59876203949839
307.1507825397604,2.6001074291717585
308.56499609554993,2.6013636766493917
309.97920965151394,2.6025337491022884
311.3934232076431,2.6036204693138103
312.8076367639287,2.6046265264888167
314.22185032036276,2.6055544859001074
315.6360638769377,2.606406797522983
317.05027743364656,2.607185803786746
318.46449099048266,2.6078937465533687
319.87870454743984,2.6085327734180432
321.29291810451235,2.609104943412955
322.70713166169475,2.6096122321848334
324.12134521898196,2.6100565367068937
325.5355587763691,2.61043967957837
326.9497723338516,2.610763412957171
328.3639858914253,2.6110294221660393
329.77819944908595,2.6112393290069518
331.1924130068298,2.6113946948145896
332.6066265646532,2.6114970301879286
334.02084012255267,2.611547769701164
335.43505368052496,2.61154831655183
336.8492672385669,2.611500016396091
338.26348079667554,2.6114041666024113
339.67769435484803,2.611262018209297
341.0919079130817,2.611074777746388
342.50612147137394,2.610843608939338
343.9203350297223,2.6105696343076517
345.3345485881244,2.6102539366639697
346.748762146578,2.6098975605229837
348.1629757050809,2.609501513426962
349.57718926363106,2.609066767193957
350.9914028222264,2.608594259094743
352.4056163808651,2.6080848929629603
353.8198299395453,2.6075395402434864
355.2340434982651,2.6069590409826073
356.64825705702293,2.6063442047640417
358.062470615817,2.605695811593424
359.47668417464575,2.605014612734869
360.8908977335076,2.6043013315015804
362.305111292401,2.603556664003263
363.7193248513246,2.602781279851933
365.13353841027686,2.601975822828573
366.5477519692564,2.6011409115116426
367.96196552826194,2.600277139869296
369.3761790872921,2.599385077816566
370.79039264634554,2.59846527173826
372.20460620542104,2.597518244979023
373.61881976451735,2.59654449830109
375.0330333236333,2.5955445103104173
376.44724688276756,2.5945187378519043
377.86146044191906,2.5934676163740162
379.2756740010866,2.5923915602631564
380.68988756026897,2.5912909631480914
382.1041011194651,2.590166198174254
383.51831467867385,2.5890176182481675
384.9325282378941,2.5878455562517404
386.34674179712465,2.586650325226044
387.76095535636443,2.585432218524346
389.17516891561235,2.584191509933677
390.5893824748673,2.582928453764428
391.08212191192615,2.5824831714631538
392.4963354711885,2.5811903509522214
393.91054903045557,2.579875704506968
395.32476258972594,2.578539418742677
396.73897614899846,2.5771816654483075
398.15318970827195,2.5758025948699546
399.56740326754533,2.574402337528986
400.9816168268174,2.572981004040723
402.39583038608697,2.5715386848868196
403.81004394535285,2.5700754501405205
405.22425750461383,2.5685913491415224
406.6384710638686,2.567086410117109
408.052684623116,2.5655606397457413
409.46689818235467,2.5640140226588546
410.88111174158325,2.5624465208761347
412.2953253008004,2.560858073168765
413.7095388600047,2.5592485943447976
415.1237524191948,2.557617974449568
416.537965978369,2.5559660778737885
417.9521795375259,2.55429274236033
419.3663930966639,2.552597777900193
420.7806066557813,2.550880965506278
422.19482021487636,2.5491420558527187
423.6090337739473,2.5473807677651603
425.02324733299224,2.5455967865459375
426.4374608920092,2.543789762115485
427.85167445099614,2.541959306948711
429.155743670103,2.540250278744749
430.56995722902565,2.5383735513752876
431.98417078791215,2.536472025316181
433.3983843467595,2.534545137197449
434.812597905565,2.5325922788942874
436.22681146432586,2.530612784308406
437.64102502303905,2.5286059274764474
439.0552385817014,2.5265709176324593
440.4694521403095,2.524506893644185
441.88366569885966,2.5224129177321024
443.297879257348,2.5202879683582795
444.7120928157702,2.518130932151142
446.1263063741217,2.5159405947055156
447.5405199323976,2.5137156300646595
448.9547334905925,2.5114545886505755
450.3689470487004,2.509155883357444
451.783160606715,2.506817773459594
453.1973741646291,2.504438337093244
454.61158772243493,2.5020154837239454
456.0258012801238,2.4995468781943053
457.4400148376861,2.4970299431665897
458.8542283951109,2.4944618150223397
460.2684419523861,2.4918393006783344
461.68265550949803,2.4891588255066237
463.0968690664309,2.4864163700175186
464.5110826231667,2.483607392199906
465.9252961796848,2.480726731344623
467.3395097359609,2.4777684876599704
468.75372329196665,2.474725869798818
470.16793684766833,2.4715909991925518
471.5821504030255,2.4683546552391724
472.99636395798893,2.4650059379244826
474.41057751249815,2.4615318126397447
475.82479106647713,2.4579164826780273
477.239004619829,2.4541405023116516
478.6532181724271,2.4501794860030417
480.0674317241016,2.446002163404926
481.48164527461716,2.4415673227628223
482.89585882363417,2.4368187513736896
484.3100723706361,2.4316762896626747
485.724285914781,2.4260185784229247
487.13849945455513,2.4196455284556895
488.5527129867968,2.4121805119717328
489.9669265028978,2.4027215276341107
491.3811399546075,2.3869328651277217
491.557916596498,2.3827165981522818
491.6192226980376,2.3803881035575785
491.6617445103282,2.377109531777373
491.66354208415873,2.376675115521536
491.66418161020823,2.3764145843189284
491.6644091125472,2.3762615079613845
491.66449002266455,2.376175921325299
491.6645195352863,2.3761238975240633
491.6645410093212,2.3760575111665942
491.6645449254481,2.3760454045735835
491.6645463939957,2.376040864601184
491.6645468874279,2.376026645457568
491.66454692425197,2.37602558430393
491.6645410065405,2.37601095883949
491.6645401882629,2.3760089364884447
491.66453896084647,2.3760059029619183
491.66453711972184,2.376001352672191
491.6645343580349,2.375994527237692
491.6645303477877,2.375948127836735
491.66452402500994,2.3759288023491
491.66451512876625,2.375918920274441
491.6645021690299,2.375904524414059
491.66448275441866,2.375867729669962
491.6644543523744,2.3758332560801945
491.6644128589188,2.375792879615301
491.66435223414834,2.375743425874794
491.6642636600046,2.3756836892331226
491.66413425760015,2.375611657833817
491.66394521343955,2.3755247213071744
491.66366904465644,2.3754197401542827
491.66326560425676,2.3752929335032835
491.6626762455031,2.375139734384325
491.6618152972344,2.3749546243067448
491.66055761101313,2.374730934631912
491.65872036973013,2.374461623779215
491.65610559583644,2.374142821087962
491.6523842375465,2.37376533016465
491.64708798867315,2.3733173117224498
491.6395503557034,2.3727847395121913
491.6288227850131,2.3721509517367703
491.6135552950451,2.37139612247897
491.5918265920204,2.3704966343545806
491.5609022906141,2.369424330625145
491.5168908136182,2.3681456208843956
491.4542536683412,2.3666204087106717
491.36510847197763,2.3648008019225233
491.2382370173137,2.362629555351527
491.05767355183895,2.3600381807386874
490.80069561657785,2.3569446356284716
490.4349646079142,2.353250467843916
489.9144562251799,2.348837234868051
489.17366868366315,2.3435619205723137
488.1193798433624,2.337250901632788
486.70516630920787,2.330093738342528
485.2909527689,2.323874988913933
483.876739224917,2.3182900373349717
482.4625256784219,2.313169104003816
481.0483121301123,2.308406091352032
479.6340985804342,2.3039294662399983
478.2198850296887,2.299688305429288
476.8056714780882,2.295644843633146
475.39145792578785,2.291770165009985
473.9772443729045,2.288041555198096
472.5630308195283,2.284440792944972
471.1488172657301,2.280953003436363
469.7346037115666,2.277565862890022
468.320390157084,2.2742690312434153
466.9061766023203,2.2710537377641264
465.4919630473072,2.267912472041946
464.07774949207146,2.264838749357857
462.6635359366357,2.2618269296601072
461.2493223810194,2.258872075902004
459.83510882523933,2.2559698417638536
458.42089526931005,2.2531163816393187
457.00668171324435,2.250308277719131
455.5924681570534,2.2475424803649915
454.17825460074715,2.2448162589294576
452.7640410443344,2.242127150899882
451.34982748782295,2.239472968473821
449.93561393121985,2.236851706940465
448.5214003745314,2.2342615631506852
447.1071868177634,2.231700903588207
445.69297326092095,2.229168246428567
444.27875970400873,2.2266622460918017
442.864546147031,2.2241816798592295
441.4503325899916,2.221725436230119
440.0361190328942,2.2192925047502294
438.621905475742,2.2168819670918456
437.207691918538,2.214492989202748
435.79347836128494,2.21212481437244
434.37926480398545,2.2097767570886653
432.96505124664185,2.2074481975776505
431.5508376892563,2.2051385769380367
430.1366241318309,2.2028473927922865
428.7224105743675,2.2005741953906885
427.30819701686784,2.198318584112466
425.8939834593336,2.1960802043166057
424.4797699017663,2.1938587445013704
423.2432909945855,2.191930124769538
421.8290774369604,2.1897396786749788
420.4148638793058,2.187565472735076
419.00065032162325,2.185407345406049
417.58643676391387,2.1832651603528674
416.1722232061787,2.1811388148445974
414.7580096484188,2.179028235780952
413.34379609063507,2.176933378356482
411.9295825328284,2.1748542248429077
410.51536897499966,2.1727907834763043
409.4010286839139,2.1711759717431445
407.98681512604804,2.169140720205961
406.57260156816193,2.1671213314570466
405.1583880102566,2.16511790720559
404.38042247466353,2.1640226656889183
402.96620891673007,2.162044228022082
401.55199535877875,2.1600820982189606
400.13778180081056,2.1581364530726614
398.723568242826,2.156207482553911
397.3093546848257,2.1542953984120086
395.89514112681013,2.1524004312538683
394.48092756877986,2.1505228301645274
393.0667140107354,2.1486628623696205
391.65250045267726,2.146820812936606
390.23828689460595,2.1449969845130648
388.8240733365219,2.1431916971004354
387.40985977842564,2.1414052878619554
385.9956462203176,2.1396381109635936
384.58143266219827,2.1378905374472654
383.1672191040681,2.136162955135299
381.7530055459276,2.1344557685658
380.33879198777714,2.1327693989585903
378.9245784296172,2.131104284211283
377.5103648714483,2.1294608789255824
376.0961513132709,2.127839654463978
374.6819377550855,2.126241099036835
373.2677241968926,2.124665717820565
371.85351063869257,2.1231140331072034
370.439297080486,2.1215865844863178
369.0250835222735,2.1200839290599087
367.61086996405555,2.1186066416915827
366.1966564058327,2.117155315290984
364.7824428476056,2.1157305611350283
363.36822928937477,2.114333009227524
361.9540157311409,2.1129633086988617
360.5398021729046,2.111622128247932
359.12558861466664,2.11031015662832
357.7113750564277,2.109028103181448
356.29716149818853,2.107776698419319
354.88294793995,2.1065566946598056
353.46873438171286,2.1053688667180706
352.0545208234781,2.1042140126575988
350.6403072652466,2.1030929546049624
349.22609370701934,2.1020065396328995
347.8118801487975,2.1009556407164673
346.39766659058216,2.0999411577678853
344.9834530323745,2.09896401875581
343.56923947417573,2.0980251809159016
342.15502591598727,2.09712563205967
340.7408123578105,2.096266391989834
339.32659879964706,2.095448514030891
337.91238524149844,2.094673095726879
336.4981716833665,2.093941244782987
335.083958125253,2.09325413431932
333.66974456715997,2.092612969724539
332.25553100908957,2.092018999672269
330.841317451044,2.0914735185898463
329.42710389302573,2.0909778693376766
328.0128903350373,2.090533446119857
326.59867677708155,2.090141697648744
325.18446321916144,2.089804130589414
323.77024966128016,2.08952231331257
322.35603610344117,2.0892978799884863
320.94182254564817,2.0891325350586296
319.52760898790507,2.0890280581260767
318.1133954302162,2.0889863093119674
316.69918187258617,2.0890092351309
315.2849683150199,2.08909887494616
313.8707547575228,2.0892573680738358
312.4565412001006,2.0894869616154432
311.04232764275963,2.089790019109909
309.6281140855067,2.0901690301101294
308.2139005283491,2.0906266208055575
306.7996869712949,2.091165565831555
305.3854734143527,2.091788801429768
303.97125985753206,2.0924994401510455
302.55704630084324,2.0933007873260756
301.1428327442976,2.0941963595686777
299.7286191879075,2.095189905625471
298.3144056316865,2.096285429945134
296.9001920756495,2.0974872194126464
295.48597851981293,2.0987998737840554
294.071764964195,2.100228340468077
292.65755140881583,2.1017779544398056
291.24333785369777,2.1034544842463063
289.8291242988658,2.1052641852848923
288.4149107443477,2.10721386181729
287.0006971901749,2.1093109395463863
285.5864836363825,2.1115635510545836
284.1722700830106,2.1139806370226157
282.7580565301044,2.1165720669699972
281.3438429777159,2.119348784360188
279.9296294259047,2.122322982410819
278.5154158747397,2.125508319009227
277.10120232430125,2.1289201820098422
275.68698877468364,2.1325760202715776
274.2727752259984,2.1364957616883107
272.85856167837875,2.1407023481471574
271.44434813198575,2.1452224304170877
270.0301345870163,2.15008728612635
268.6159210437144,2.1553340559435323
267.201707502388,2.1610074453580213
265.7874939634323,2.167162128124507
264.37328042736704,2.1738662442544943
262.95906689489374,2.1812066768077285
261.5448533669922,2.189297366055172
260.13063984508904,2.198293136364497
258.71642633137776,2.2084143334503343
257.3022128294871,2.2199949335158093
255.88799934608127,2.2335893548098724
254.47378589556413,2.2502610461029544
253.05957251994445,2.2726939956406462
251.70239080946803,2.3157013704683167
251.61400315327518,2.3275147387493345
251.61213495061628,2.3283999831447417
251.61083942259427,2.3293761079597286
251.61037884313131,2.33016926445467
251.61035899852692,2.3302658168895407
251.6103451555409,2.3303750210121863
251.61034287590167,2.330423659408136
251.61034259006547,2.330463673663341
251.61034776727675,2.3305793143656057
251.61035188386973,2.3306168561018286
251.61035769511454,2.3306539687265353
251.610366202288,2.3307008900019963
251.61037869609964,2.330757056066404
251.61039700928447,2.3308237951668045
251.61042381871246,2.33090355952229
251.61046303755288,2.3309992603227467
251.6105203829274,2.3311143354659043
251.61060420671888,2.331252917236533
251.61072670959948,2.331419987966668
251.61090571448824,2.3316215581926816
251.61116725832335,2.331863951336095
251.61153953614502,2.3321506870034567
251.61206941044202,2.3324900219080837
251.61282357463693,2.3328925993519527
251.61389694743036,2.3333710203399267
251.61542461736144,2.333940245758251
251.6175988426063,2.334618068549791
251.62069324511683,2.335425671728469
251.6250972437357,2.336388289950582
251.63136505941677,2.3375359945829106
251.64028545946212,2.338904624789696
251.65298101752543,2.340536889779652
251.67104938045242,2.3424836694169615
251.6967643192505,2.3448055409939603
251.73336186483078,2.347574557426589
251.7854475363973,2.3508762936131182
251.85957590889151,2.354812158363419
251.96507545338022,2.359501931178076
252.11522244989624,2.3650864133814746
252.32891170019406,2.3717299618309156
252.63303428614464,2.3796224715157805
253.06586159548445,2.388980051609839
253.68186146726364,2.4000431517047502
254.55855253005194,2.413070196507121
255.80625929607797,2.428323821216203
257.2204727703725,2.442720788326211
258.6346862639672,2.4550802875532787
260.0488997700496,2.4659748304916693
261.46311328496535,2.4757464196539942
262.8773268064348,2.4846191237389617
264.29154033294986,2.4927493531063294
265.70575386346337,2.5002514723158553
267.11996739721917,2.5072121238471166
268.5341809336537,2.5136988193961485
269.94839447233596,2.51976538195689
270.10314421066244,2.5204056576100724
271.5173577513979,2.5260569468731524
272.93157129379955,2.53137152742317
274.345784837606,2.5363790886928737
275.7599983826434,2.5411048311532918
277.1742119287674,2.5455703745875855
278.5884254758571,2.5497944448146184
280.00263902380993,2.5537934013707764
281.4168525725386,2.5575816487745513
281.6949385722471,2.5583028910436303
283.1091521217931,2.5618556638330716
284.52336567197625,2.565224003040412
285.9375792227282,2.568417942258029
287.35179277400056,2.571446551343623
288.76600632575077,2.5743180715081815
290.18021987794106,2.577040026457097
291.59443343053783,2.5796193150348543
293.0086469835111,2.582062288942302
294.4228605368338,2.5843748183162
295.8370740904818,2.5865623473710517
297.2512876444331,2.5886299418519294
298.6655011986678,2.5905823296992425
300.0797147531679,2.5924239360555843
301.49392830791675,2.59415891353206
302.90814186289936,2.595791168483749
304.32235541810184,2.597324383909939
305.73656897351145,2.5987620394879096
307.15078252911644,2.6001074291619704
308.56499608490594,2.6013636766402577
309.97920964086995,2.6025337490938014
311.3934231969991,2.603620469305934
312.8076367532847,2.6046265264815442
314.2218503097188,2.605554485893414
315.63606386629374,2.606406797516855
317.05027742300257,2.6071858037811486
318.4644909798387,2.6078937465483056
319.87870453679585,2.6085327734134784
321.29291809386837,2.609104943408898
322.70713165105076,2.6096122321812474
324.12134520833797,2.610056536703784
325.5355587657251,2.6104396795757108
326.94977232320764,2.6107634129549586
328.3639858807813,2.611029422164256
329.77819943844196,2.61123932900558
331.1924129961858,2.611394694813624
332.6066265540092,2.6114970301873552
334.0208401119087,2.6115477697009775
335.435053669881,2.6115483165520077
336.8492672279229,2.6115000163966426
338.26348078603155,2.6114041666033083
339.67769434420404,2.61126201821054
341.0919079024377,2.611074777747953
342.50612146072996,2.610843608941246
343.9203350190783,2.610569634309872
345.3345485774804,2.610253936666497
346.748762135934,2.6098975605258166
348.1629756944369,2.6095015134300823
349.57718925298707,2.609066767197383
350.9914028115824,2.608594259098437
352.40561637022114,2.608084892966933
353.8198299289013,2.6075395402477213
355.23404348762114,2.6069590409871206
356.64825704637894,2.606344204768809
358.062470605173,2.6056958115984346
359.47668416400177,2.6050146127401215
360.8908977228636,2.6043013315070804
362.30511128175704,2.6035566640089782
363.7193248406806,2.6027812798578838
365.13353839963287,2.6019758228347496
366.5477519586124,2.6011409115180255
367.96196551761795,2.6002771398758995
369.3761790766481,2.599385077823384
370.79039263570155,2.5984652717452787
372.20460619477706,2.5975182449862406
373.61881975387337,2.596544498308521
375.0330333129893,2.5955445103180477
376.44724687212357,2.594518737859719
377.8614604312751,2.5934676163820205
379.2756739904426,2.5923915602713556
380.689887549625,2.591290963156477
382.1041011088211,2.590166198182804
383.51831466802986,2.5890176182568942
384.9325282272501,2.587845556260648
386.34674178648066,2.586650325235138
387.76095534572045,2.5854322185336067
389.17516890496836,2.584191509943096
390.5893824642233,2.582928453774013
391.08212194342906,2.5824831714346064
392.4963355026914,2.5811903509230905
393.9105490619585,2.5798757044774505
395.32476262122884,2.5785394187126736
396.73897618050137,2.5771816654178172
398.15318973977486,2.5758025948389958
399.56740329904824,2.574402337497558
400.9816168583203,2.5729810040088243
402.3958304175899,2.5715386848544517
403.81004397685575,2.5700754501076846
405.22425753611674,2.568591349108231
406.63847109537153,2.567086410083354
408.05268465461893,2.5655606397115194
409.4668982138576,2.5640140226241703
410.88111177308616,2.5624465208409886
412.2953253323033,2.560858073133153
413.70953889150763,2.559248594308708
415.1237524506977,2.5576179744130205
416.5379660098719,2.555966077836755
417.95217956902883,2.5542927423228203
419.3663931281668,2.552597777862183
420.7806066872842,2.5508809654677798
422.19482024637927,2.5491420558137285
423.6090338054502,2.547380767725666
425.02324736449515,2.5455967865059455
426.4374609235121,2.5437897620749714
427.85167448249905,2.5419593069076596
429.15574365945906,2.5402502787587924
430.5699572183817,2.5383735513892924
431.9841707772682,2.536472025330591
433.39838433611556,2.5345451372120467
434.81259789492105,2.5325922789090782
436.22681145368193,2.5306127843234085
437.6410250123951,2.528605927491655
439.0552385710575,2.52657091764789
440.46945212966557,2.5245068936598427
441.88366568821573,2.5224129177479755
443.29787924670404,2.520287968374393
444.71209280512625,2.5181309321675123
446.1263063634778,2.5159405947221245
447.5405199217537,2.5137156300815446
448.9547334799486,2.5114545886677275
450.3689470380565,2.5091558833748837
451.78316059607107,2.5068177734773474
453.19737415398515,2.5044383371113175
454.611587711791,2.502015483742359
456.02580126947987,2.499546878213061
457.44001482704215,2.4970299431857246
458.854228384467,2.494461815041861
460.2684419417422,2.4918393006982846
461.6826554988541,2.489158825527012
463.09686905578695,2.4864163700383957
464.5110826125228,2.483607392221311
465.92529616904085,2.480726731366591
467.339509725317,2.4777684876825417
468.7537232813227,2.474725869822054
470.1679368370244,2.4715909992165193
471.58215039238155,2.4683546552639473
472.996363947345,2.4650059379501448
474.4105775018542,2.461531812666409
475.8247910558332,2.457916482705814
477.2390046091851,2.4541405023407323
478.6532181617832,2.450179486033627
480.06743171345767,2.446002163437291
481.48164526397323,2.441567322797307
482.89585881299024,2.43681875141079
484.31007235999215,2.4316762897031317
485.72428590413705,2.4260185784678865
487.1384994439112,2.419645528507102
488.55271297615286,2.4121805120336726
489.9669264922539,2.4027215277178264
491.38113994396355,2.3869328653324957
491.55791658585406,2.3827165984862155
491.6192226873937,2.380388104069899
491.66174449968435,2.377109533839657
491.66354207351503,2.376675118930179
491.6641815995655,2.3764145900534643
491.66440910190704,2.37626151741774
491.6644900120298,2.376175935484987
491.6645195246648,2.376123919025086
491.66454099878285,2.3760575604922627
491.6645449149329,2.3760454589489584
491.66454638348915,2.376040920870238
491.6645468814539,2.3760276874065305
491.66454696059196,2.3760255843046396
491.66454100648207,2.376010958840731
491.6645401881598,2.3760089487429483
491.66453896067634,2.3760059335962853
491.6645371194512,2.3760014108763077
491.6645343576135,2.3759946267962606
491.66453034744296,2.3759479836913693
491.66452402056046,2.3759286602908696
491.66451512384697,2.3759188950592383
491.6645021638317,2.375904669856749
491.66448274924045,2.3758676785653035
491.66445434686375,2.375833219771173
491.66441285336055,2.375792874219541
491.6643522285967,2.3757434231736916
491.6642636544545,2.3756836859858677
491.6641342520495,2.3756116549746746
491.66394520788856,2.3755247189800133
491.6636690391053,2.3754197382413627
491.6632655987055,2.3752929319206295
491.6626762399518,2.3751397330751463
491.661815291683,2.3749546232236973
491.6605576054617,2.374730933735624
491.65872036417863,2.374461623033665
491.65610559028494,2.3741428204681827
491.65238423199503,2.373765329648575
491.6470879831216,2.3733173112913746
491.63955035015186,2.3727847391522214
491.62882277946153,2.3721509514356134
491.6135552894935,2.3713961222269706
491.5918265864688,2.370496634143451
491.56090228506247,2.3694243304481724
491.5168908080666,2.3681456207361467
491.4542536627896,2.366620408586422
491.365108466426,2.364800801818367
491.23823701176207,2.362629555264191
491.05767354628733,2.360038180665504
490.80069561102624,2.35694463556698
490.4349646023626,2.353250467792363
489.9144562196283,2.3488372348247566
489.17366867811154,2.3435619205359357
488.1193798378108,2.337250901602201
486.70516630365626,2.3300937383165374
485.2909527633484,2.3238749888909123
483.8767392193654,2.318290037314044
482.4625256728703,2.3131691039844675
481.0483121245607,2.308406091333934
479.6340985748826,2.303929466222909
478.2198850241371,2.2996883054130497
476.8056714725366,2.295644843617616
475.39145792023623,2.291770164995068
473.9772443673529,2.2880415551837245
472.5630308139767,2.2844407929310626
471.1488172601785,2.2809530034228818
469.734603706015,2.277565862876911
468.32039015153237,2.2742690312306433
466.90617659676866,2.2710537377516546
465.4919630417556,2.267912472029752
464.07774948651985,2.264838749345913
462.6635359310841,2.2618269296483993
461.2493223754678,2.2588720758905128
459.8351088196877,2.2559698417525595
458.42089526375844,2.2531163816282094
457.00668170769274,2.250308277708192
455.5924681515018,2.2475424803542143
454.17825459519554,2.2448162589188376
452.7640410387828,2.2421271508894014
451.34982748227134,2.239472968463469
449.93561392566824,2.236851706930236
448.5214003689798,2.2342615631405764
447.1071868122118,2.2317009035782123
445.69297325536934,2.2291682464186744
444.2787596984571,2.2266622460820082
442.86454614147937,2.224181679849546
441.45033258444,2.221725436220515
440.0361190273426,2.2192925047407224
438.62190547019037,2.2168819670824247
437.2076919129864,2.2144929891934093
435.7934783557333,2.2121248143631815
434.37926479843384,2.2097767570794895
432.96505124109024,2.207448197568549
431.5508376837047,2.2051385769290093
430.1366241262793,2.202847392783331
428.72241056881586,2.200574195381792
427.3081970113162,2.1983185841036494
425.89398345378197,2.196080204307854
424.4797698962147,2.193858744492684
423.2432909890339,2.1919301247609146
421.8290774314088,2.1897396786664105
420.4148638737542,2.187565472726574
419.00065031607164,2.1854073453976106
417.58643675836225,2.183265160344483
416.1722232006271,2.181138814836289
414.7580096428672,2.1790282357726944
413.34379608508345,2.1769333783482985
411.9295825272768,2.174854224834781
410.51536896944805,2.1727907834682285
409.4010286783623,2.171175971735119
407.98681512049643,2.1691407201980106
406.5726015626103,2.1671213314491453
405.158388004705,2.165117907197755
