Re,shear
491.6645471962099,2.3760171722935706
491.66454710521873,2.3760199862516096
491.66454692420206,2.3760255843040285
491.6645468874423,2.3760266437373785
491.6645463940176,2.3760408644946915
491.66454492547,2.3760454044702577
491.6645410093431,2.376057511071834
491.6645195353083,2.3761238974765835
491.66449002268655,2.3761759212922726
491.6644091125693,2.37626150794077
491.6641816102303,2.376414584307687
491.6635420841808,2.376675115515275
491.6617445103503,2.3771095317731783
491.6192226980597,2.3803881035565846
491.55791659652004,2.382716598151462
491.38113995462953,2.386932865127326
489.9669265029199,2.4027215276339122
488.55271298681885,2.4121805119715924
487.1384994545772,2.41964552845558
485.72428591480303,2.426018578422839
484.31007237065813,2.431676289662597
482.8958588236562,2.436818751373603
481.4816452746392,2.4415673227627535
480.06743172412365,2.446002163404861
478.65321817244916,2.450179486002985
477.2390046198511,2.4541405023115805
475.8247910664992,2.4579164826779687
474.4105775125202,2.4615318126396986
472.996363958011,2.4650059379244316
471.58215040304754,2.468354655239126
470.1679368476904,2.4715909991925202
468.7537232919887,2.4747258697987617
467.339509735983,2.4777684876599215
465.92529617970683,2.4807267313445696
464.51108262318877,2.483607392199869
463.09686906645294,2.4864163700174675
461.6826555095201,2.4891588255065784
460.2684419524082,2.4918393006782997
458.85422839513296,2.4944618150222926
457.44001483770813,2.4970299431665444
456.02580128014586,2.4995468781942516
454.611587722457,2.502015483723915
453.19737416465114,2.504438337093217
451.78316060673706,2.506817773459553
450.3689470487225,2.5091558833573897
448.95473349061456,2.51145458865054
447.54051993241967,2.5137156300646355
446.1263063741438,2.515940594705481
444.71209281579223,2.5181309321511116
443.29787925737,2.5202879683582493
441.8836656988817,2.5224129177320713
440.46945214033155,2.5245068936441544
439.0552385817235,2.526570917632428
437.6410250230611,2.5286059274764097
436.2268114643479,2.5306127843083637
434.81259790558704,2.5325922788942568
433.39838434678154,2.5345451371974193
431.9841707879342,2.536472025316155
430.5699572290477,2.5383735513752645
429.15574367012505,2.5402502787447205
427.8516744510182,2.5419593069486828
426.43746089203125,2.5437897621154564
425.0232473330143,2.5455967865459206
423.6090337739694,2.5473807677651408
422.1948202148984,2.5491420558526907
420.78060665580335,2.5508809655062468
419.36639309668595,2.552597777900155
417.952179537548,2.5542927423603112
416.53796597839107,2.5559660778737596
415.1237524192168,2.5576179744495504
413.7095388600268,2.559248594344771
412.29532530082247,2.56085807316875
410.8811117416053,2.5624465208761045
409.4668981823767,2.564014022658835
408.0526846231381,2.5655606397457076
406.6384710638907,2.567086410117083
405.2242575046359,2.5685913491415056
403.8100439453749,2.5700754501404903
402.395830386109,2.5715386848867965
400.98161682683946,2.5729810040406975
399.5674032675674,2.5744023375289604
398.153189708294,2.5758025948699275
396.7389761490205,2.5771816654482835
395.324762589748,2.578539418742663
393.9105490304776,2.5798757045069496
392.49633547121056,2.5811903509521947
391.0821219119482,2.582483171463136
390.58938247488936,2.5829284537644024
389.1751689156344,2.5841915099336585
387.7609553563865,2.5854322185243355
386.3467417971467,2.586650325226037
384.93252823791613,2.587845556251726
383.5183146786959,2.5890176182481492
382.10410111948715,2.5901661981742325
380.689887560291,2.591290963148082
379.27567400110865,2.5923915602631507
377.8614604419411,2.5934676163739896
376.4472468827896,2.594518737851877
375.03303332365533,2.5955445103103925
373.6188197645394,2.5965444983010686
372.2046062054431,2.597518244978997
370.7903926463676,2.598465271738238
369.37617908731414,2.599385077816553
367.961965528284,2.6002771398692897
366.54775196927847,2.601140911511617
365.1335384102989,2.601975822828546
363.71932485134664,2.602781279851919
362.3051112924231,2.603556664003243
360.89089773352964,2.604301331501582
359.4766841746678,2.605014612734847
358.06247061583906,2.605695811593404
356.648257057045,2.6063442047640377
355.2340434982872,2.6069590409826153
353.81982993956734,2.6075395402434767
352.4056163808872,2.6080848929629514
350.99140282224846,2.6085942590947346
349.5771892636531,2.6090667671939656
348.16297570510295,2.609501513426948
346.74876214660003,2.6098975605229793
345.33454858814645,2.610253936663964
343.92033502974436,2.6105696343076534
342.506121471396,2.6108436089393336
341.09190791310374,2.6110747777463765
339.6776943548701,2.611262018209297
338.2634807966976,2.6114041666024175
336.84926723858894,2.611500016396095
335.435053680547,2.611548316551829
334.0208401225747,2.611547769701157
332.60662656467525,2.6114970301879437
331.19241300685184,2.6113946948145816
329.778199449108,2.6112393290069624
328.3639858914473,2.6110294221660455
326.9497723338737,2.61076341295718
325.53555877639116,2.610439679578378
324.121345219004,2.610056536706899
322.7071316617168,2.60961223218483
321.2929181045344,2.6091049434129707
319.8787045474619,2.6085327734180543
318.4644909905047,2.6078937465533802
317.0502774336686,2.60718580378675
315.6360638769598,2.606406797523015
314.2218503203848,2.6055544859001185
312.80763676395077,2.6046265264888238
311.39342320766514,2.6036204693138303
309.979209651536,2.6025337491022964
308.564996095572,2.6013636766493957
307.1507825397825,2.600107429171781
305.7365689841775,2.5987620394984035
304.3223554287679,2.5973243839211446
302.9081418735654,2.5957911684956705
301.4939283185828,2.5941589135447516
300.0797147638339,2.5924239360690686
298.66550120933385,2.5905823297135475
297.25128765509913,2.5886299418670897
295.83707410114783,2.586562347387095
294.42286054749985,2.5843748183331643
293.0086469941771,2.5820622889602296
291.5944334412039,2.5796193150537805
290.1802198886071,2.577040026477074
288.7660063364168,2.5743180715292646
287.3517927846666,2.5714465513658666
285.9375792333942,2.568417942281476
284.5233656826423,2.565224003065143
283.10915213245914,2.561855663859152
281.69493858291315,2.5583028910711585
281.4168525832046,2.5575816488023664
280.002639034476,2.5537934014001284
278.58842548652314,2.5497944448456105
277.17421193943346,2.5455703746203358
275.75999839330944,2.5411048311879325
274.34578484827205,2.5363790887295425
272.9315713044656,2.5313715274620607
271.51735776206397,2.5260569469144567
270.1031442213283,2.520405657369489
268.8151751164848,2.5149361303711526
267.40096157957277,2.5085368331858007
265.9867480452448,2.501675228748557
264.5725345140341,2.494286886178269
263.15832098665226,2.4862895218936663
261.7441074640781,2.477575184337221
260.3298939477094,2.4679973781058
258.9156804396369,2.4573483931850038
257.5014669431711,2.4453157266037575
256.0872534641353,2.431387414214439
254.7559898649179,2.4156973566470965
253.82058826731424,2.4022808181475295
253.1633359118477,2.3908767131541238
252.70152287761798,2.381224532573915
252.3770337058951,2.3730798744968062
252.14903403839855,2.3662219160751867
251.98883194267904,2.3604559422478726
251.87626726384985,2.355613027211292
251.7971746317069,2.351548223229586
251.7416008631464,2.3481380879661042
251.7025524343534,2.3452780328261724
251.67511540223873,2.342879754102051
251.65583702433628,2.3408688751029763
251.64229125901264,2.3391828499544562
251.632773467695,2.337769136947027
251.62608589985558,2.33658362724547
251.6213869657681,2.3355893046958798
251.61808532922817,2.334755109094537
251.61576549266144,2.3340549754351168
251.61413551010511,2.333467023539059
251.612990248164,2.3329728750059178
251.61218557162923,2.3325570770160713
251.61162020522914,2.3322066147766405
251.6112229891449,2.331910496278345
251.61094392261205,2.33166019289642
251.61075292239835,2.3314520751230376
251.61062220797197,2.331279611836737
251.61053276281336,2.3311365982657444
251.6104715691481,2.3310178922568703
251.61042971572806,2.33091922864521
251.61040110252281,2.330837065249813
251.61038155403438,2.330768454826713
251.61036821235427,2.3307109324870465
251.61035912195013,2.3306624022884774
251.61035294621394,2.3306210897318484
251.6103487707014,2.3305857938129533
251.61034594922137,2.3305556270439682
251.61034388683382,2.330523135309394
251.61034259001303,2.330463673663492
251.6103428761036,2.330423654733666
251.61034515576284,2.3303750184310843
251.610358998756,2.3302658155194975
251.6103788433613,2.3301692635405606
251.61083942282482,2.329376107709227
251.6121349508469,2.328399983012135
251.6140031535058,2.3275147386565487
251.70239080969864,2.3157013704498883
253.05957252017507,2.2726939956361583
254.47378589579475,2.2502610460999084
255.8879993463119,2.233589354807453
257.3022128297177,2.219994933513776
258.7164263316084,2.2084143334485855
260.13063984531965,2.1982931363629383
261.5448533672228,2.189297366053779
262.95906689512435,2.181206676806481
264.37328042759765,2.17386624425335
265.78749396366294,2.167162128123458
267.2017075026186,2.161007445357056
268.61592104394504,2.155334055942644
270.0301345872469,2.1500872861255234
271.44434813221636,2.145222430416325
272.85856167860936,2.1407023481464478
274.272775226229,2.1364957616876543
275.68698877491425,2.1325760202709674
277.10120232453187,2.1289201820092645
278.5154158749703,2.125508319008691
279.9296294261353,2.122322982410315
281.3438429779465,2.1193487843597216
282.758056530335,2.1165720669695682
284.1722700832412,2.113980637022202
285.58648363661314,2.1115635510542017
287.0006971904055,2.109310939546039
288.4149107445783,2.1072138618169496
289.8291242990964,2.1052641852845806
291.2433378539284,2.1034544842460243
292.65755140904645,2.101777954439549
294.0717649644256,2.100228340467832
295.48597852004355,2.098799873783831
296.9001920758801,2.0974872194124385
298.3144056319171,2.0962854299449436
299.7286191881381,2.0951899056253014
301.1428327445282,2.094196359568519
302.55704630107385,2.093300787325937
303.9712598577627,2.0924994401509163
305.3854734145833,2.091788801429657
306.7996869715255,2.0911655658314663
308.2139005285797,2.090626620805476
309.6281140857373,2.0901690301100646
311.04232764299024,2.089790019109847
312.45654120033123,2.0894869616153966
313.8707547577534,2.0892573680738034
315.2849683152505,2.0890988749461377
316.6991818728168,2.0890092351308973
318.1133954304468,2.0889863093119656
319.5276089881357,2.08902805812608
320.9418225458788,2.089132535058648
322.3560361036718,2.0892978799885307
323.7702496615108,2.089522313312612
325.18446321939206,2.089804130589466
326.59867677731216,2.090141697648799
328.0128903352679,2.090533446119922
329.42710389325634,2.0909778693377614
330.8413174512746,2.0914735185899325
332.2555310093202,2.0920189996723675
333.6697445673906,2.092612969724641
335.0839581254836,2.093254134319433
336.4981716835971,2.0939412447831005
337.91238524172905,2.0946730957270003
339.3265987998777,2.0954485140310193
340.7408123580411,2.096266391989973
342.1550259162179,2.097125632059813
343.56923947440634,2.0980251809160446
344.9834530326051,2.0989640187559635
346.3976665908128,2.099941157768048
347.8118801490281,2.1009556407166348
349.22609370724996,2.102006539633069
350.6403072654772,2.103092954605143
352.0545208237087,2.104214012657782
353.4687343819435,2.105368866718267
354.8829479401806,2.106556694660002
356.29716149841914,2.1077766984195225
357.7113750566583,2.1090281031816636
359.12558861489725,2.110310156628527
360.53980217313523,2.1116221282481473
361.9540157313715,2.1129633086990838
363.3682292896054,2.1143330092277504
364.7824428478362,2.115730561135257
366.1966564060633,2.1171553152912175
367.61086996428617,2.1186066416918257
369.02508352250413,2.1200839290601516
370.43929708071664,2.121586584486563
371.8535106389232,2.1231140331074605
373.2677241971232,2.124665717820819
374.68193775531614,2.1262410990370983
376.09615131350154,2.1278396544642364
377.5103648716789,2.1294608789258467
378.9245784298478,2.131104284211548
380.33879198800776,2.1327693989588594
381.7530055461582,2.134455768566073
383.16721910429874,2.1361629551355765
384.5814326624289,2.137890537447553
385.9956462205482,2.139638110963877
387.40985977865626,2.1414052878622334
388.8240733367525,2.1431916971007334
390.23828689483656,2.144996984513363
391.6525004529079,2.146820812936897
393.066714010966,2.148662862369918
394.4809275690105,2.1505228301648325
395.89514112704074,2.1524004312541756
397.3093546850563,2.154295398412314
398.7235682430566,2.1562074825542217
400.13778180104117,2.1581364530729754
401.55199535900937,2.160082098219276
402.9662089169607,2.162044228022407
404.38042247489415,2.164022665689238
405.1583880104872,2.1651179072059215
406.57260156839254,2.1671213314573694
407.98681512627866,2.169140720206294
409.40102868414453,2.1711759717434718
410.5153689752303,2.1727907834766342
411.92958253305903,2.174854224843249
413.3437960908657,2.1769333783568294
414.7580096486494,2.1790282357812876
416.17222320640934,2.1811388148449513
417.5864367641445,2.183265160353214
419.00065032185387,2.1854073454064062
420.4148638795364,2.187565472735436
421.829077437191,2.1897396786753314
423.2432909948161,2.1919301247699035
424.4797699019969,2.193858744501732
425.8939834595642,2.1960802043169694
427.30819701709845,2.1983185841128297
428.7224105745981,2.2005741953910536
430.1366241320615,2.202847392792661
431.5508376894869,2.205138576938414
432.96505124687246,2.2074481975780342
434.37926480421606,2.209776757089049
435.79347836151555,2.212124814372823
437.2076919187686,2.2144929892031406
438.6219054759726,2.2168819670922404
440.0361190331248,2.2192925047506264
441.4503325902222,2.2217254362305163
442.8645461472616,2.224181679859626
444.27875970423935,2.2266622460922125
445.69297326115156,2.229168246428979
447.10718681799403,2.231700903588621
448.52140037476204,2.2342615631511116
449.93561393145046,2.2368517069408878
451.34982748805356,2.239472968474259
452.76404104456503,2.2421271509003255
454.17825460097777,2.244816258929901
455.59246815728403,2.2475424803654427
457.00668171347496,2.2503082777195873
458.42089526954067,2.2531163816397797
459.83510882546994,2.255969841764323
461.24932238125,2.2588720759024876
462.6635359368663,2.2618269296605873
464.0777494923021,2.2648387493583515
465.4919630475378,2.267912472042459
466.9061766025509,2.2710537377646434
468.3203901573146,2.274269031243941
469.7346037117972,2.2775658628905653
471.1488172659607,2.2809530034369265
472.5630308197589,2.2844407929455532
473.97724437313514,2.2880415551986903
475.39145792601846,2.291770165010596
476.8056714783188,2.2956448436337906
478.21988502991934,2.299688305429974
479.63409858066484,2.303929466240702
481.04831213034294,2.3084060913527846
482.4625256786525,2.313169104004616
483.8767392251476,2.3182900373358466
485.2909527691306,2.3238749889148935
486.7051663094385,2.33009373834361
488.11937984359304,2.3372509016340652
489.17366868389377,2.3435619205738205
489.9144562254105,2.3488372348698787
490.4349646081448,2.3532504678460837
490.80069561680847,2.356944635631004
491.05767355206956,2.360038180741787
491.2382370175443,2.3626295553551473
491.36510847220825,2.364800801926882
491.4542536685718,2.366620408715775
491.5168908138488,2.368145620890595
491.5609022908447,2.3694243306324427
491.59182659225104,2.370496634363324
491.6135552952757,2.3713961224895446
491.6288227852437,2.372150951749316
491.63955035593403,2.3727847395271784
491.64708798890376,2.3733173117401645
491.65238423777714,2.373765330186223
491.65610559606705,2.3741428211134337
491.65872036996075,2.3744616238104124
491.66055761124375,2.374730934669534
491.661815297465,2.374954624351764
491.66267624573373,2.3751397344388403
491.6632656044874,2.375292933568877
491.66366904488706,2.3754197402325428
491.66394521367016,2.3755247214024955
491.66413425783077,2.37561165795575
491.66426366023524,2.375683689362466
491.66435223437907,2.3757434259373773
491.66441285915005,2.3757928798529857
491.6644543526019,2.3758332586945206
491.6644827546204,2.375867733367137
491.6645021692339,2.3759045125842335
491.6645151289482,2.37591892183924
491.6645240251553,2.375928813084789
491.6645303476084,2.3759481387982317
491.66453435785843,2.3759945188776515
491.6645371195326,2.3760013477847926
491.66453896064877,2.3760059003896177
491.6645401880595,2.376008935459452
491.66454100633337,2.3760109588394007
491.6645469210084,2.376025584303864
491.66454688802713,2.3760265421235367
491.6645463950445,2.3760408589803355
491.6645449264978,2.3760453991419075
491.66454101037317,2.376057506239486
491.6645195363465,2.37612389537723
491.6644900237261,2.3761759199112498
491.66440911360934,2.376261507019334
491.6641816112706,2.3764145837476947
491.6635420852212,2.376675115181457
491.6617445113907,2.377109531571805
491.6192226991001,2.380388103506542
491.55791659756045,2.3827165981190044
491.38113995566994,2.3869328651072976
489.9669265039603,2.4027215276257174
488.55271298785925,2.4121805119655466
487.1384994556176,2.419645528450551
485.72428591584344,2.426018578418443
484.31007237169854,2.431676289658633
482.89585882469663,2.436818751369981
481.4816452756796,2.4415673227593793
480.06743172516406,2.446002163401685
478.65321817348956,2.4501794859999886
477.2390046208915,2.4541405023087366
475.8247910675396,2.4579164826752553
474.4105775135606,2.4615318126370815
472.9963639590514,2.4650059379219242
471.58215040408794,2.4683546552366966
470.1679368487308,2.471590999190175
468.7537232930291,2.4747258697965027
467.3395097370234,2.4777684876577153
465.92529618074724,2.4807267313424317
464.5110826242292,2.483607392197765
463.09686906749334,2.4864163700154274
461.6826555105605,2.489158825504581
460.2684419534486,2.491839300676344
458.85422839617337,2.4944618150203874
457.44001483874854,2.4970299431646783
456.02580128118626,2.4995468781924255
454.6115877234974,2.5020154837221185
453.19737416569154,2.504438337091445
451.78316060777746,2.506817773457825
450.3689470497629,2.5091558833556977
448.95473349165496,2.511454588648869
447.5405199334601,2.5137156300629817
446.1263063751842,2.515940594703861
444.71209281683264,2.518130932149522
443.29787925841043,2.520287968356668
441.8836656999221,2.5224129177305152
440.46945214137196,2.5245068936426307
439.0552385827639,2.5265709176309166
437.6410250241015,2.52860592747493
436.2268114653883,2.5306127843069115
434.81259790662745,2.5325922788928104
433.39838434782195,2.534545137196
431.9841707889746,2.53647202531475
430.5699572300881,2.5383735513738857
429.15574367116545,2.5402502787433545
427.8516744520586,2.541959306947313
426.43746089307166,2.5437897621141277
425.0232473340547,2.5455967865446
423.6090337750098,2.5473807677638343
422.1948202159388,2.5491420558514064
420.78060665684376,2.5508809655049736
419.36639309772636,2.5525977778989084
417.9521795385884,2.5542927423590758
416.5379659794315,2.5559660778725437
415.12375242025723,2.557617974448335
413.7095388610672,2.5592485943435794
412.2953253018629,2.5608580731675668
410.8811117426457,2.5624465208749436
409.46689818341713,2.56401402265769
408.0526846241785,2.5655606397445805
406.6384710649311,2.5670864101159667
405.2242575056763,2.568591349140403
403.8100439464153,2.5700754501394116
402.39583038714943,2.571538684885729
400.98161682787986,2.572981004039649
399.5674032686078,2.5744023375279226
398.1531897093344,2.57580259486891
396.7389761500609,2.5771816654472817
395.3247625907884,2.5785394187416726
393.91054903151803,2.5798757045059695
392.49633547225096,2.5811903509512395
391.0821219129886,2.5824831714621883
390.58938247592977,2.5829284537634654
389.1751689166748,2.584191509932735
387.7609553574269,2.5854322185234313
386.3467417981871,2.586650325225147
384.93252823895654,2.587845556250852
383.5183146797363,2.5890176182472917
382.10410112052756,2.5901661981733923
380.68988756133143,2.5912909631472676
379.27567400214906,2.5923915602623424
377.8614604429815,2.5934676163732107
376.44724688383,2.5945187378511223
375.03303332469574,2.5955445103096593
373.6188197655798,2.5965444983003483
372.2046062064835,2.597518244978297
370.790392647408,2.5984652717375454
369.37617908835455,2.5993850778158816
367.9619655293244,2.600277139868638
366.54775197031887,2.601140911510988
365.1335384113393,2.601975822827956
363.71932485238705,2.6027812798513326
362.3051112934635,2.603556664002686
360.89089773457005,2.604301331501037
359.4766841757082,2.605014612734337
358.06247061687947,2.6056958115929305
356.6482570580854,2.606344204763574
355.2340434993276,2.6069590409821677
353.81982994060775,2.607539540243062
352.4056163819276,2.6080848929625593
350.99140282328887,2.608594259094376
349.5771892646935,2.6090667671936165
348.16297570614336,2.6095015134266513
346.74876214764043,2.6098975605227066
345.33454858918685,2.6102539366637068
343.92033503078477,2.6105696343074287
342.5061214724364,2.6108436089391596
341.09190791414414,2.611074777746228
339.6776943559105,2.6112620182091755
338.263480797738,2.6114041666023238
336.84926723962934,2.611500016396039
335.4350536815874,2.611548316551818
334.02084012361513,2.611547769701178
332.60662656571566,2.611497030187981
331.19241300789224,2.611394694814695
329.7781994501484,2.611239329007088
328.36398589248773,2.6110294221662094
326.9497723349141,2.6107634129573976
325.53555877743156,2.6104396795786418
324.1213452200444,2.6100565367071975
322.7071316627572,2.6096122321851856
321.2929181055748,2.6091049434133615
319.8787045485023,2.6085327734184975
318.4644909915451,2.60789374655388
317.050277434709,2.6071858037873055
315.6360638780002,2.606406797523593
314.2218503214252,2.6055544859007855
312.8076367649912,2.6046265264895427
311.39342320870554,2.603620469314591
309.9792096525764,2.602533749103126
308.5649960966124,2.601363676650296
307.1507825408229,2.6001074291727386
305.7365689852179,2.598762039499433
304.3223554298083,2.597324383922236
302.9081418746058,2.5957911684968353
301.4939283196232,2.594158913545995
300.0797147648743,2.5924239360703876
298.66550121037426,2.590582329714943
297.25128765613954,2.588629941868558
295.83707410218824,2.5865623473886554
294.42286054854026,2.5843748183348128
293.00864699521753,2.5820622889619775
291.5944334422443,2.579619315055635
290.1802198896475,2.5770400264790316
288.7660063374572,2.574318071531321
287.351792785707,2.5714465513680382
285.9375792344346,2.5684179422837694
284.5233656836827,2.5652240030675566
283.10915213349955,2.561855663861697
281.69493858395356,2.558302891073832
281.416852584245,2.5575816488050807
280.0026390355164,2.5537934014029875
278.58842548756354,2.549794444848634
277.17421194047387,2.5455703746235274
275.75999839434985,2.5411048311913067
274.34578484931245,2.536379088733123
272.931571305506,2.531371527465865
271.51735776310437,2.5260569469184952
270.1031442223687,2.5204056573737867
268.8151751175252,2.5149361303756947
267.40096158061317,2.508536833190682
265.9867480462852,2.5016752287537827
264.5725345150745,2.4942868861839314
263.15832098769266,2.486289521899802
261.74410746511853,2.4775751843439258
260.3298939487498,2.4679973781132047
258.9156804406773,2.4573483931932976
257.50146694421153,2.445315726613234
256.0872534651757,2.4313874142255703
254.75598986595833,2.4156973566607123
253.82058826835467,2.4022808181640256
253.16333591288813,2.3908767131740145
252.7015228786584,2.381224532597848
252.37703370693552,2.373079874525505
252.149034039439,2.3662219161095477
251.98883194371948,2.360455942288967
251.8762672648903,2.35561302726044
251.79717463274733,2.3515482232882556
251.74160086418684,2.3481380880361646
251.70255243539384,2.3452780329098175
251.67511540327916,2.3428797542017428
251.6558370253767,2.3408688752219864
251.64229126005307,2.33918285009631
251.63277346873542,2.33776913711641
251.62608590089602,2.336583627447693
251.62138696680853,2.3355893049375247
251.6180853302686,2.3347551093830416
251.61576549370184,2.3340549757795976
251.6141355111455,2.333467023950893
251.61299024920436,2.3329728754992427
251.61218557266955,2.332557077607439
251.6116202062694,2.3322066154863554
251.61122299018507,2.3319104971337685
251.6109439236521,2.331660193923984
251.61075292343818,2.331452076365256
251.6106222090115,2.331279613343678
251.61053276385243,2.331136600088863
251.61047157018652,2.331017894468822
251.6104297167655,2.3309192313346756
251.61040110355881,2.330837068523638
251.6103815550683,2.330768458819482
251.6103682133849,2.330710937421389
251.6103591229746,2.3306624084656415
251.61035294722834,2.330621097104351
251.61034877172636,2.3305858014755527
251.6103459503283,2.3305556400525456
251.61034388869564,2.3305231898144774
251.6103425868527,2.3304636736618893
251.6103428904989,2.3304233238654586
251.61034517156963,2.330374835595298
251.61035901506543,2.3302657179067348
251.61037885973542,2.3301691981862866
251.6108394392393,2.3293760898549944
251.6121349672661,2.3283999735614334
251.61400316992544,2.3275147320454233
251.70239082611877,2.315701369135538
253.05957249444847,2.2726939961354162
254.47378587006816,2.250261046442602
255.8879993205853,2.233589355078241
257.3022128039911,2.2199949337405815
258.7164263058818,2.2084143336447175
260.13063981959306,2.1982931365360243
261.5448533414962,2.189297366208658
262.95906686939776,2.181206676946436
264.37328040187106,2.1738662443807972
265.78749393793635,2.1671621282401876
267.201707476892,2.161007445464449
268.61592101821844,2.1553340560418173
270.0301345615203,2.150087286217367
271.44434810648977,2.145222430501575
272.85856165288277,2.1407023482257364
274.2727752005024,2.1364957617614952
275.68698874918766,2.1325760203397994
277.1012022988053,2.128920182073493
278.5154158492437,2.125508319068647
279.9296294004087,2.1223229824663026
281.3438429522199,2.119348784411991
282.7580565046084,2.116572067018356
284.1722700575146,2.1139806370677388
285.58648361088655,2.111563551096649
287.0006971646789,2.109310939585571
288.41491071885173,2.10721386185374
289.8291242733698,2.105264185318758
291.2433378282018,2.103454484277718
292.65755138331986,2.1017779544688713
294.071764938699,2.100228340494903
295.48597849431695,2.098799873808753
296.9001920501535,2.097487219435294
298.3144056061905,2.0962854299658256
299.7286191624115,2.095189905644286
301.1428327188016,2.094196359585693
302.55704627534726,2.0933007873413643
303.9712598320361,2.0924994401646644
305.3854733888567,2.0917888014417816
306.7996869457989,2.0911655658420267
308.2139005028531,2.0906266208145374
309.6281140600107,2.09016903011766
311.04232761726365,2.089790019116045
312.45654117460464,2.0894869616202407
313.8707547320268,2.0892573680773268
315.28496828952393,2.0890988749483856
316.6991818470902,2.0890092351319094
318.1133954047202,2.0889863093117906
319.5276089624091,2.089028058124753
320.9418225201522,2.089132535056188
322.3560360779452,2.08929787998498
323.7702496357842,2.089522313307995
325.18446319366547,2.0898041305838193
326.5986767515856,2.0901416976421654
328.0128903095413,2.0905334461123104
329.42710386752975,2.090977869329202
330.841317425548,2.0914735185804574
332.2555309835936,2.092018999661998
333.669744541664,2.092612969713403
335.083958099757,2.0932541343073474
336.4981716578705,2.0939412447701913
337.91238521600246,2.0946730957132917
339.3265987741511,2.0954485140165158
340.74081233231453,2.096266391974716
342.1550258904913,2.0971256320438143
343.56923944867975,2.098025180899328
344.9834530068785,2.098964018738539
346.3976665650862,2.099941157749929
347.81188012330153,2.1009556406978436
349.22609368152337,2.102006539613633
350.6403072397506,2.1030929545850605
352.0545207979821,2.1042140126370796
353.4687343562169,2.1053688666969532
354.882947914454,2.1065566946380962
356.29716147269255,2.1077766983970374
357.7113750309317,2.109028103158607
359.12558858917066,2.1103101566049345
360.53980214740864,2.1116221282240115
361.9540157056449,2.112963308674424
363.3682292638788,2.114333009202576
364.7824428221096,2.115730561109587
366.1966563803367,2.1171553152650553
367.6108699385596,2.118606641665183
369.02508349677754,2.120083929033048
370.43929705499005,2.121586584458999
371.8535106131966,2.123114033079445
373.2677241713966,2.124665717792378
374.68193772958955,2.1262410990082232
376.09615128777494,2.1278396544349523
377.5103648459523,2.129460878896145
378.92457840412123,2.131104284181446
380.33879196228116,2.132769398928378
381.7530055204316,2.134455768535201
383.16721907857215,2.136162955104335
384.5814326367023,2.137890537415946
385.99564619482163,2.1396381109319083
387.40985975292966,2.141405287829915
388.8240733110259,2.1431916970680662
390.23828686910997,2.1449969844803505
391.6525004271813,2.1468208129035578
393.0667139852394,2.1486628623362485
394.4809275432839,2.150522830130842
395.89514110131415,2.152400431219871
397.3093546593297,2.1542953983776876
398.72356821733,2.156207482519285
400.1377817753146,2.158136453037733
401.5519953332828,2.160082098183732
402.9662088912341,2.1620442279866836
404.38042244916755,2.164022665653097
405.1583879847606,2.1651179071696216
406.57260154266595,2.167121331420783
407.98681510055206,2.1691407201693633
409.40102865841794,2.171175971706311
410.5153689916505,2.1727907835005045
411.9295825494793,2.1748542248672997
413.3437961072859,2.1769333783810576
414.75800966506966,2.179028235805705
416.1722232228296,2.1811388148695454
417.5864367805647,2.1832651603779896
419.0006503382741,2.1854073454313663
420.41486389595667,2.187565472760583
421.82907745361126,2.1897396787006516
423.24329101123635,2.191930124795433
424.4797698762703,2.193858744461468
425.8939834338376,2.1960802042763987
427.30819699137186,2.198318584071961
428.7224105488715,2.200574195349864
430.1366241063349,2.2028473927511425
431.5508376637603,2.205138576896572
432.96505122114587,2.2074481975358484
434.37926477848947,2.2097767570465106
435.79347833578896,2.2121248143299255
437.207691893042,2.2144929891598633
438.621905450246,2.2168819670485878
440.0361190073982,2.2192925047065706
441.4503325644956,2.2217254361860506
442.864546121535,2.2241816798147376
444.27875967851276,2.226662246046856
445.692973235425,2.2291682463831473
447.10718679226744,2.2317009035422997
448.52140034903545,2.2342615631042513
449.93561390572387,2.2368517068934928
451.34982746232697,2.239472968426273
452.76404101883844,2.2421271508517293
454.1782545752512,2.2448162588806495
455.59246813155744,2.2475424803154933
457.00668168774837,2.250308277668897
458.4208952438141,2.25311638158829
459.83510879974335,2.255969841711983
461.2493223555234,2.258872075849222
462.6635359111397,2.2618269296063374
464.0777494665755,2.264838749302994
465.4919630218112,2.267912471985939
466.9061765768243,2.2710537377068536
468.320390131588,2.2742690311847267
469.7346036860706,2.277565862829804
471.1488172402341,2.2809530033744245
472.56303079403233,2.284440792881109
473.97724434740854,2.2880415551320716
475.39145790029187,2.291770164941498
476.8056714525922,2.2956448435618455
478.21988500419275,2.299688305354713
479.63409855493825,2.3039294661615433
481.04831210461634,2.3084060912689264
482.46252565292593,2.313169103914965
483.876739199421,2.3182900372388575
485.29095274340403,2.323874988808183
486.7051662837119,2.3300937382231752
488.11937981786645,2.3372509014922835
489.1736686581672,2.3435619204052327
489.9144561996839,2.348837234669211
490.4349645824182,2.353250467607072
490.8006955910819,2.356944635346218
491.05767352634297,2.36003818040232
491.2382369918177,2.362629554950445
491.3651084464817,2.3648008014441446
491.4542536428453,2.3666204081400943
491.5168907881223,2.3681456202035855
491.56090226511816,2.369424329812782
491.5918265665245,2.370496633384975
491.6135552695492,2.3713961213211014
491.6288227595172,2.3721509503535168
491.63955033020756,2.3727847378589146
491.6470879631773,2.373317309743868
491.6523842120507,2.373765327794225
491.6561055703407,2.3741428182424493
491.6587203442345,2.3744616203539
491.6605575855176,2.374730930518123
491.6618152717391,2.3749546193334714
491.6626762200081,2.3751397283724547
491.66326557876215,2.3752929262392897
491.6636690191624,2.375419731375193
491.66394518794635,2.3755247106173303
491.6641342321086,2.3756116446866375
491.6642636345155,2.375683674336651
491.66435220865213,2.3757434137076565
491.6644128333907,2.375792854926284
491.66445432707303,2.3758330831776053
491.66448273071666,2.3758674832992743
491.6645021453217,2.3759051922639323
491.664515106311,2.375918804724892
491.6645240046944,2.3759281503769705
491.6645303464715,2.3759474638855274
491.66453435642273,2.375994976874001
491.6645371187834,2.37600161553965
491.6645389603572,2.3760060413167556
491.6645401880731,2.376008991834831
491.66454100655034,2.3760109588468845
491.66454709223075,2.3760255843075
491.6645468663176,2.376030339455127
491.66454635683067,2.376041063421269
491.6645448882525,2.3760455967065113
491.66454097204405,2.376057685467209
491.66451949771573,2.376123973566866
491.664489985047,2.3761759713997668
491.66440907491045,2.3762615414045865
491.66418157256237,2.376414604598396
491.6635420465095,2.3766751275781584
491.6617444726784,2.3771095390722508
491.61922266038744,2.3803881053695575
491.5579165588478,2.3827165993332944
491.3811399169573,2.3869328658521174
489.96692646524764,2.402721527930286
488.5527129491466,2.412180512190813
487.13849941690495,2.419645528637583
485.7242858771308,2.426018578581945
484.3100723329859,2.4316762898057784
482.895858785984,2.4368187515049176
481.481645236967,2.441567322884782
480.0674316864514,2.446002163519357
478.6532181347769,2.4501794861112316
477.23900458217884,2.4541405024145098
475.82479102882695,2.4579164827763096
474.41057747484797,2.4615318127340418
472.99636392033875,2.465005938015242
471.5821503653753,2.468354655326781
470.16793681001815,2.4715909992773315
468.75372325431647,2.4747258698810084
467.33950969831074,2.4777684877398145
465.9252961420346,2.4807267314223207
464.51108258551653,2.4836073922756277
463.0968690287807,2.486416370091394
461.68265547184785,2.4891588255787918
460.26844191473594,2.4918393007489072
458.8542283574607,2.494461815091415
457.4400148000359,2.4970299432342546
456.0258012424736,2.499546878260651
454.61158768478475,2.5020154837890494
453.1973741269789,2.504438337157168
451.7831605690648,2.5068177735223798
450.36894701105024,2.509155883419158
448.9547334529423,2.511454588711261
447.54051989474743,2.513715630124362
446.12630633647154,2.5159405947642846
444.71209277812,2.5181309322090133
443.2978792196978,2.520287968415275
441.8836656612095,2.522412917788257
440.4694521026593,2.5245068936995323
439.05523854405124,2.5265709176870326
437.64102498538887,2.5286059275302475
436.2268114266757,2.5306127843614616
434.8125978679148,2.5325922789466224
433.3983843091093,2.534545137249085
431.98417075026197,2.5364720253671464
430.56995719137547,2.538373551425372
429.1557436324528,2.540250278794393
427.8516744554928,2.5419593069428466
426.43746089650585,2.543789762109701
425.0232473374889,2.5455967865402385
423.609033778444,2.547380767759528
422.194820219373,2.54914205584715
420.78060666027795,2.5508809655007787
419.36639310116055,2.552597777894758
417.9521795420226,2.554292742354982
416.53796598286567,2.5559660778685007
415.1237524236914,2.557617974444356
413.7095388645014,2.559248594339648
412.29532530529707,2.56085807316368
410.8811117460799,2.562446520871115
409.4668981868513,2.564014022653908
408.0526846276127,2.5655606397408546
406.6384710683653,2.567086410112294
405.2242575091105,2.568591349136768
403.8100439498495,2.5700754501358327
402.3958303905836,2.571538684882195
400.98161683131406,2.572981004036164
399.567403272042,2.574402337524499
398.1531897127686,2.5758025948655403
396.7389761534951,2.5771816654439474
395.3247625942226,2.5785394187384023
393.9105490349522,2.5798757045027507
392.49633547568516,2.5811903509480727
391.0821219164228,2.5824831714590704
390.58938247936396,2.582928453760381
389.175168920109,2.584191509929686
387.7609553608611,2.5854322185204417
386.3467418016213,2.586650325222211
384.93252824239073,2.5878455562479687
383.5183146831705,2.589017618244472
382.10410112396175,2.590166198170634
380.6898875647656,2.591290963144569
379.27567400558326,2.592391560259699
377.8614604464157,2.593467616370633
376.4472468872642,2.594518737848597
375.03303332812993,2.595544510307191
373.618819769014,2.5965444982979564
372.2046062099177,2.597518244975964
370.7903926508422,2.598465271735288
369.37617909178874,2.599385077813687
367.9619655327586,2.6002771398665026
366.54775197375307,2.601140911508926
365.1335384147735,2.601975822825973
363.71932485582124,2.6027812798494256
362.3051112968977,2.6035566640008385
360.89089773800424,2.6043013314992702
359.4766841791424,2.605014612732652
358.06247062031366,2.6056958115913194
356.6482570615196,2.606344204762032
355.2340435027618,2.606959040980729
353.81982994404194,2.6075395402416985
352.4056163853618,2.6080848929612896
350.9914028267231,2.608594259093192
349.57718926812777,2.609066767192522
348.1629757095776,2.6095015134256365
346.7487621510747,2.6098975605217976
345.3345485926211,2.6102539366628976
343.920335034219,2.610569634306711
342.50612147587066,2.6108436089385396
341.0919079175784,2.61107477774572
339.67769435934474,2.6112620182087753
338.26348080117225,2.6114041666020222
336.8492672430636,2.6115000163958606
335.43505368502167,2.6115483165517523
334.0208401270494,2.6115477697012377
332.6066265691499,2.611497030188178
331.1924130113265,2.6113946948149938
329.77819945358266,2.611239329007534
328.363985895922,2.611029422166796
326.94977233834834,2.6107634129581188
325.5355587808658,2.610439679579485
324.12134522347867,2.6100565367082016
322.70713166619146,2.609612232186339
321.29291810900907,2.609104943414677
319.87870455193655,2.6085327734199693
318.46449099497937,2.6078937465555114
317.05027743814327,2.6071858037891094
315.63606388143444,2.6064067975255716
314.2218503248595,2.60555448590294
312.8076367684254,2.604626526491888
311.3934232121398,2.6036204693171343
309.97920965601065,2.6025337491058695
308.56499610004664,2.601363676653243
307.15078254425714,2.600107429175896
305.73656898865215,2.598762039502807
304.32235543324254,2.597324383925848
302.90814187804006,2.595791168500678
301.49392832305745,2.5941589135500798
300.0797147683086,2.592423936074728
298.6655012138085,2.59058232971954
297.2512876595738,2.5886299418734398
295.8370741056225,2.586562347393827
294.4228605519745,2.5843748183402764
293.0086469986518,2.582062288967747
291.59443344567853,2.579619315061734
290.18021989308176,2.577040026485454
288.76600634089147,2.5743180715381158
287.35179278914126,2.5714465513752027
285.9375792378689,2.5684179422913216
284.52336568711695,2.565224003075516
283.1091521369338,2.561855663870095
281.6949385873878,2.558302891082707
281.4168526298261,2.557581648923919
280.0026390810974,2.5537934015284183
278.5884255331446,2.549794444981071
277.1742119860549,2.545570374763474
275.7599984399309,2.5411048313393163
274.3457848948935,2.5363790888898583
272.93157135108703,2.5313715276320563
271.5173578086854,2.52605694709504
270.10314426794963,2.520405657318531
269.8451801445926,2.5193358354264053
268.43096660606204,2.513240195085091
267.01675306980707,2.5067208705216997
265.60253953626693,2.4997231786750884
264.18832600601684,2.4921784241953713
262.7741124798302,2.483998281905044
261.359898958781,2.4750658967587897
259.9456854444207,2.465220978206161
258.5314719391038,2.454232989555086
257.1172584466223,2.4417480951648467
255.70304497420275,2.427168959660106
254.4860245507874,2.4120807634096875
253.63089499909773,2.399200919224315
253.03004514916208,2.388266422494432
252.60786288046006,2.3790197706803378
252.31121994644337,2.371222087090416
252.1027862132412,2.364659087081309
251.95633196341865,2.35914271764445
251.85342709760766,2.35451035509866
251.78112185515906,2.3506227633063888
251.73031719121764,2.3473615402521393
251.69461973531963,2.3446264690012155
251.66953723728804,2.342332994006524
251.65191325378152,2.3404099269161867
251.63952993535884,2.338797419049234
251.63082892801503,2.3374452012460365
251.6247152668988,2.3363110734444215
251.62041958381712,2.335359618345425
251.61740128845364,2.334561111272746
251.6152805394374,2.333890599027823
251.61379044437072,2.3333271226074626
251.61274347357525,2.33285306114191
251.61200786099883,2.3324535767332097
251.61149102270775,2.332116141916239
251.61112790446396,2.3318310292829754
251.61087936588183,2.3315941315715056
251.61070926287545,2.331398002532992
251.61059285354528,2.331235584281832
251.61051320070462,2.3311010359494135
251.6104587099446,2.33098952401471
251.61042144429885,2.3308970468475385
251.61039597059974,2.3308202766415063
251.61037857006474,2.330756447482713
251.61036669695164,2.3307035394210867
251.610358597051,2.330660584932996
251.61035325304832,2.33062409991813
251.61034954836552,2.3305988070029278
251.61034722495552,2.3305704532869638
251.61034546707143,2.3305490009621423
251.61034455414796,2.330518990445189
251.61034381304933,2.330511437414695
251.61034331898358,2.3305064020611352
251.61034223756036,2.3304953805560022
251.61034162648247,2.330455180361568
251.61034271656126,2.3304332539162202
251.61034577494877,2.330371735825848
251.61035042290663,2.3303181445346377
251.61037677770386,2.33017824039171
251.6104141775727,2.330051046915706
251.61218806039494,2.328369361766809
251.61468148796456,2.327253221447273
251.6218717000296,2.3252316226058922
251.64260518293946,2.3217154295339677
251.70239075832643,2.3157013676688134
251.9869168134273,2.3007072708434126
253.40112999807081,2.2664433459178706
254.81534339940995,2.245857824482758
256.2295568600123,2.23007782132534
257.6437703487734,2.2170398500688733
259.0579838539724,2.2058514355540235
260.4721973699237,2.1960271856154248
261.8864108934399,2.1872671467313474
263.30062442255553,2.1793699855070665
264.71483795597345,2.1721924678404125
266.12905149279294,2.1656281870379406
267.5432650323633,2.159595404316766
268.95747857419923,2.154029632609661
270.3716921179293,2.1488788759976423
271.78590566326295,2.144100444516007
273.2001192099687,2.1396587486429706
274.6143327578593,2.135523727409059
276.02854630678104,2.1316697001364004
277.4427598566064,2.1280745095846787
278.8569734072284,2.1247188705572535
280.27118695855637,2.1215858665334597
281.685400510513,2.118660555003017
283.09961406303165,2.1159296539915413
284.5138276160548,2.113381290158649
285.9280411695322,2.1110047942342103
287.3422547234199,2.1087905333039676
288.7564682776792,2.106729772104896
290.17068183227576,2.104814557395953
291.5848953871793,2.103037620857889
292.9991089423626,2.1013922970022727
294.4133224978014,2.0998724533362445
295.8275360534736,2.0984724306103053
297.16291374922287,2.097255712666253
298.07705510731233,2.0964795861489973
298.7028364313506,2.0959741324261936
299.1312190464025,2.0956400015584524
299.4244711103849,2.095416765102775
299.62521868978564,2.0952664993531145
299.76264173154607,2.0951648227391226
299.8567155553151,2.095095774137396
299.9211143941497,2.09504876571833
299.96519903190637,2.0950167070554273
299.9953774531528,2.0949948196831425
299.98585786443664,2.0950017176742577
300.0,2.094991469013023
300.0,2.094991469013023
300.01414213556336,2.0949812305443194
300.00462254684726,2.0949881231887435
300.0348009680938,2.094966292307828
300.07888560585087,2.0949344871579987
300.1432844446867,2.094888202455152
300.2373582684587,2.0948209651662717
300.3747813102261,2.094723543781182
300.5755288896428,2.0945829283546793
300.86878095366046,2.0943811186949266
301.29716356878976,2.0940939340039195
301.9229448929961,2.0936904700195216
302.83708625144925,2.0931347349976526
304.172463947984,2.0923928799535054
305.5866775048226,2.0916948733257827
307.0008910617815,2.0910838156305527
308.41510461885116,2.0905566203621904
309.829318176023,2.0901103751302523
311.24353173328905,2.0897423271888513
312.65774529064214,2.0894498704795352
314.0719588480755,2.0892305340001767
315.4861724055829,2.089081971339332
316.90038596315867,2.0890019512382407
318.3145995207975,2.0889883490614105
319.72881307849445,2.0890391390730056
321.143026636245,2.0891523874295492
322.5572401940449,2.0893262458112494
323.9714537518902,2.0895589456239185
325.38566730977726,2.0898487927119813
326.7998808677027,2.090194162530267
328.21409442566335,2.090593495728631
329.6283079836562,2.0910452941085564
331.0425215416786,2.091548116916091
332.4567350997279,2.092100577438889
333.8709486578017,2.0927013398792287
335.2851622158978,2.0933491164776648
336.6993757740141,2.094042664864812
338.11358933214854,2.094780785621059
339.52780289029937,2.095562320026234
340.94201644846487,2.096386147982952
342.3562300066434,2.097251177305711
343.77044356483344,2.0981563774077205
345.1846571230336,2.099100724037549
346.59887068124254,2.100083233814327
348.0130842394589,2.101102953744789
349.4272977976816,2.1021589599237194
350.8415113559095,2.1032503563377105
352.2557249141416,2.104376273758238
353.66993847237677,2.105535868718416
355.0841520306142,2.1067283225674993
356.4983655888529,2.1079528405978882
357.9125791470921,2.1092086512396264
359.326792705331,2.1104950053181506
360.7410062635688,2.111811175370998
362.1552198218048,2.1131564550202877
363.5694333800383,2.1145301583971117
364.98364693826863,2.1159316196153117
366.39786049649524,2.117360192291687
367.8120740547174,2.1188152491102503
369.22628761293464,2.120296181428296
370.64050117114635,2.1218023989224113
372.054714729352,2.1233333292725414
373.468928287551,2.1248884178826497
374.88314184574295,2.1264671276364986
376.29735540392727,2.12806893868751
377.7115689621035,2.1296933482814904
379.1257825202712,2.131339870611585
380.53999607842974,2.1330080367045445
381.9542096365788,2.1346973943379526
383.36842319471793,2.1364075079879266
384.7826367528466,2.138137958807094
386.19685031096435,2.1398883446327592
387.61106386907073,2.141658280025368
389.0252774271653,2.143447396337473
390.4394909852476,2.145255341813667
391.85370454331706,2.1470817817219245
393.2679181013733,2.1489263985173106
394.6821316594158,2.150788892038833
396.096345217444,2.152668979740631
397.51055877545747,2.154566396958903
398.9247723334556,2.1564808972160887
400.3389858914379,2.158412252564177
401.7531994494038,2.1603602539693574
403.1674130073526,2.1623247117402196
404.3804224001602,2.1640226656507537
405.7946359580755,2.1660172582856783
407.20884951597225,2.1680278748152646
408.6230630738495,2.170054409040975
409.4010286937043,2.171175971401988
410.81524225154953,2.173227009150075
412.22945580937363,2.1752937816124405
413.6436693671755,2.1773762648574007
415.05788292495424,2.17947445356823
416.472096482709,2.1815883711177477
417.8863100404388,2.183718068205919
419.30052359814255,2.1858636241004734
420.71473715581925,2.1880251479971418
422.12895071346776,2.190202780510777
423.24329092008213,2.191930126022209
424.6575044776768,2.19413701434416
426.07171803524,2.1963605823352856
427.48593159276993,2.1986011097775124
428.9001451502651,2.200858910848938
430.3143587077238,2.203134345806653
431.7285722651443,2.205427821266615
433.1427858225247,2.207739793393183
434.5569993798629,2.2100707714453405
435.9712129371567,2.212421321726409
437.3854264944037,2.2147920719939673
438.79964005160133,2.2171837163959847
440.21385360874683,2.2195970210114373
441.62806716583714,2.2220328300868295
443.04228072286895,2.224492073077905
444.45649427983864,2.2269757726261554
445.8707078367423,2.2294850536255106
447.28492139357564,2.2320211535658414
448.69913495033387,2.2345854343794236
450.1133485070118,2.2371793960647506
451.5275620636036,2.2398046924241637
452.941775620103,2.2424631493291094
454.3559891765027,2.2451567860265293
455.77020273279487,2.247887840127702
457.18441628897045,2.2506588087258317
458.5986298450195,2.253472438264674
460.01284340093054,2.256331832203025
461.4270569566906,2.2592404585954373
462.84127051228484,2.2622022216594235
464.2554840676962,2.2652215366077595
465.66969762290483,2.2683034221428766
467.0839111778875,2.271453615988052
468.498124732617,2.274678720876635
469.9123382870608,2.277986391422242
471.3265518411799,2.2813855767887476
472.7407653949268,2.2848868409729173
474.1549789482431,2.2885027933649105
475.5691925010555,2.2922486798562436
476.98340605327064,2.2961432143138847
478.3976196047668,2.3002097818463154
479.8118331553815,2.304478239701668
481.2260467048906,2.308987724185511
482.64026025297306,2.3137912494063197
484.05447379914546,2.3189637317151846
485.468687342631,2.3246171938457607
486.8829008820613,2.330933017662963
488.297114414672,2.3382427634731293
489.71132793339984,2.3472959200505645
491.12554140682136,2.360960093996609
491.4790947320463,2.3671937876045535
491.6017069794701,2.3708861139436346
491.64422886016587,2.373103855882485
491.6589753949511,2.374496267389495
491.6640894011975,2.375589029271003
491.6645326942975,2.375957474762518
491.6645422597834,2.3759981212348733
491.664545723585,2.3760128399138156
491.6645470225106,2.3760183594184126
491.6645471652124,2.3760255843095752
491.6645414015329,2.3760325120989907
491.66454101260996,2.3760329795740103
491.66454042922555,2.3760336807864997
491.664539554149,2.376034732605225
491.66453824153405,2.376036310333352
491.6645362726117,2.3760386769254973
491.6645334147834,2.3760959382917224
491.6645286340567,2.376113879766746
491.6645224420885,2.3761172005489017
491.664513475145,2.3761348795870654
491.6645003960962,2.3761606659659287
491.6644807383915,2.376185935930361
491.66445203234,2.3762228375377314
491.6644089426996,2.3762621266871307
491.6643459940642,2.3763122744511445
491.66425402520713,2.376373324633108
491.66411966346914,2.3764468484679515
491.66392337463924,2.376535513093413
491.6636366228158,2.376642544812079
491.66321772268975,2.3767717991650334
491.66260578035445,2.3769279282649847
491.6617118419828,2.377116553105841
491.66040596381725,2.3773444647875213
491.658498323744,2.377618830682982
491.6557833582976,2.3779435884071454
491.65191940739766,2.3783280942113647
491.6464202207321,2.3787843918000195
491.6385937667098,2.379326744160827
491.6274551459135,2.3799720869068968
491.611602649454,2.38074056143118
491.5890413652141,2.381656146285768
491.55693213424996,2.382747407847127
491.5112342655407,2.384048394961223
491.4461970476166,2.385599707149546
491.3536360679083,2.3874497723174946
491.2219032704435,2.389656378168497
491.0344211419595,2.3922885123985376
490.76759656557965,2.395428581264234
490.3878518173638,2.399175095844907
489.84739908059936,2.403645942512718
489.0782267345394,2.4089823919594897
487.98354064053404,2.4153540536948865
486.5693271042678,2.422314667318231
485.1551135622483,2.428367926945776
483.74090001672675,2.433799867053846
482.32668646879046,2.4387720614767447
480.912472919096,2.44338634171071
479.49825936806576,2.4477117706770226
478.08404581598654,2.4517977270928606
476.66983226306155,2.4556809535333755
475.2556187094399,2.4593896581949206
473.84140515523427,2.462946048784879
472.42719160053196,2.4663679740864453
471.0129780454019,2.4696700295621383
469.5987644898995,2.47286432647536
468.18455093407005,2.4759610417947506
466.770337377951,2.478968820711371
465.35612382157376,2.4818950773396864
463.94191026496486,2.4847462234032336
462.527696708147,2.4875278449168445
461.11348315113975,2.4902448406197797
459.6992695939601,2.492901531811344
458.28505603662285,2.49550175048837
456.8708424791411,2.498048910798637
455.4566289215265,2.500546067510652
454.0424153637893,2.50299596426697
452.6282018059388,2.505401073717324
451.2139882479832,2.5077636311378537
449.79977468993013,2.5100856709893895
448.38556113178635,2.5123690174307636
446.9713475735581,2.5146153562789806
445.55713401525105,2.5168262174925644
444.1429204568704,2.5190029993278373
442.72870689842097,2.5211469814846077
441.3144933399072,2.5232593365172784
439.9002797813332,2.525341139796594
438.4860662227028,2.527393378235531
437.0718526640195,2.5294169579588104
435.6576391052867,2.531412711065082
434.2434255465075,2.533381401606456
432.82921198768486,2.5353237308905223
431.41499842882143,2.537240342193224
430.00078486991987,2.539131824957738
429.1557435939066,2.5402502783233016
427.7415300349497,2.542102718478004
426.3273164759603,2.5439313364172462
424.91310291694106,2.5457365527195517
423.49888935789403,2.5475187543932876
422.08467579882114,2.5492782886922716
420.67046223972426,2.5510154676384404
419.2562486806052,2.5527305698675704
417.8420351214657,2.5544238422903462
416.4278215623074,2.5560955015897653
415.0136080031318,2.5577457355709337
413.59939444394064,2.559374704377324
412.18518088473525,2.5609825415857586
410.7709673255171,2.562569355191443
409.3567537662877,2.5641352284923578
407.9425402070483,2.5656802208819656
406.52832664780027,2.5672043685575385
405.1141130885449,2.5687076851511286
403.6998995292835,2.5701901622888483
402.2856859700173,2.571651770084185
400.8714724107475,2.573092457569696
399.45725885147533,2.5745121530716153
398.0430452922019,2.575910764530964
396.6288317329284,2.57728817977441
395.21461817365605,2.578644266738202
393.8004046143859,2.57997887364729
392.3861910551191,2.581291829152441
391.08212187787643,2.5824831720374664
389.6679083186196,2.5837539590020846
388.25369475936907,2.585002483734007
386.83948120012633,2.5862284954501193
385.4252676408924,2.5874317290979034
384.0110540816685,2.588611898154508
382.59684052245564,2.5897686964539703
381.182626963255,2.59090179804661
379.7684134040677,2.5920108570256177
378.3541998448949,2.593095507323385
376.9399862857377,2.5941553624775473
375.52577272659727,2.5951900153670575
374.1115591674748,2.5961990379182964
372.6973456083715,2.597181980781114
371.2831320492886,2.5981383729748067
369.8689184902273,2.599067721503606
368.4547049311889,2.5999695109413135
367.0404913721747,2.600843202984686
365.62627781318594,2.601688235974751
364.212064254224,2.602504024385383
362.79785069529026,2.6032899582781974
361.38363713638614,2.604045402722697
359.9694235775131,2.604769697180569
358.55521001867265,2.605462154852493
357.14099645986636,2.6061220619861105
355.72678290109576,2.6067486771434147
354.3125693423625,2.6073412304253853
352.89835578366836,2.6078989226517644
351.48414222501503,2.6084209244935077
350.0699286664044,2.6089063755551276
348.6557151078383,2.609354383403733
347.24150154931874,2.609764022541442
345.82728799084776,2.6101343333171205
344.4130744324275,2.6104643207734073
342.9988608740602,2.6107529534238094
341.58464731574816,2.61099916195486
340.17043375749387,2.611201837847031
338.7562201992998,2.611359831907694
337.3420066411686,2.611471952708705
335.92779308310315,2.611536964919768
334.5135795251063,2.611553587528346
333.09936596718114,2.611520491935095
331.6851524093309,2.6114362999128007
330.270938851559,2.611299581415136
328.856725293869,2.61110884514397
327.44251173626463,2.61086256403349
326.02829817874994,2.610559130869648
324.61408462132914,2.6101968828238737
323.1998710640067,2.6097740914186627
321.7856575067873,2.6092889590269177
320.37144394967595,2.608739615057125
318.957230392678,2.6081241117867284
317.54301683579916,2.607440419799425
316.1288032790454,2.6066864229763067
314.7145897224232,2.605859912982888
313.3003761659394,2.60495858318518
311.88616260960134,2.6039800219173053
310.4719490534169,2.6029217050109086
309.05773549739456,2.6017809874818787
307.6435219415434,2.6005550942523596
306.22930838587314,2.5992411097654617
304.8150948303944,2.597835966324735
303.40088127511865,2.596336430961097
301.9866677200582,2.5947390905932357
300.5724541652266,2.5930403352044262
299.1582406106384,2.5912363387044532
297.7440270563097,2.5893230370811615
296.32981350225793,2.5872961033648645
294.9155999485024,2.585150918830057
293.50138639506434,2.582882539735168
292.0871728419671,2.5804856587453404
290.6729592892367,2.5779545599885756
289.25874573690203,2.5752830664459334
287.84453218499544,2.572464478058711
286.43031863355316,2.569491498523294
285.0161050826161,2.56635614820819
283.60189153223047,2.563049659921149
282.18767798244903,2.5595623533138996
281.6949383802474,2.5583028911533825
280.2807248313906,2.554554527645895
278.8665112832816,2.550598086398839
277.4522977360181,2.5464195070457603
276.03808418969953,2.5420028438720013
274.6238706444431,2.5373298738579537
273.20965710038854,2.532379594771984
271.7954435577037,2.527127573900772
270.38123001659295,2.521545089601328
270.1031442715186,2.520405656336581
268.6889307326746,2.514382258402791
267.2747171959957,2.5079439508521997
265.86050366195104,2.501038166569348
264.44629013109187,2.493599115495027
263.03207660415785,2.4855425947364447
261.6178630821742,2.4767578358131814
260.20364956662144,2.467094001750152
258.789436059755,2.456336249006052
257.3752225652676,2.4441592843167856
255.9610090898582,2.430025149393749
254.54679564777297,2.412910714786968
253.13258227944195,2.3902852408627675
251.7183692758849,2.3464982449488
251.62998118252813,2.3372991767717872
251.61503500848366,2.3338043382764386
251.6124434865194,2.332699239641709
251.61059969220688,2.3312456315814396
251.61043998945783,2.3309454862353087
251.6103833273494,2.3307750551413777
251.6103434401333,2.3305241933784
251.61034193509053,2.3304735764125346
251.61034229281552,2.3304506180378666
251.6103433210928,2.3304208862593616
251.61034434648116,2.33039123801215
251.61034645185768,2.3303655628484625
251.61034931248489,2.3303306773679466
251.61035385978357,2.3302984892089884
251.61036042739758,2.3302520002013623
251.61037044792806,2.330205155572169
251.61038508717164,2.33014558970752
251.61040653125914,2.3300734306450046
251.61043791617405,2.3299871984265765
251.61048381894093,2.3298837910498373
251.61055092797656,2.3297594320486774
251.61064901438715,2.329609648659012
251.61079235200484,2.329429061042106
251.61100179219665,2.3292111779457265
251.6113077958489,2.328949171730598
251.6117433488218,2.328639251315688
251.6123632762524,2.3282725086012936
251.6132456040047,2.327837464757912
251.6145013791062,2.327320537154419
251.61628864392802,2.32670561037767
251.61883232453698,2.3259735341499024
251.62245253582412,2.32510153216712
251.62760486537974,2.3240625043751297
251.63493770551545,2.3228242036174125
251.64537384820545,2.32134826592577
251.66022661101172,2.31958907265246
251.68136510750426,2.3174924230215748
251.7023908289169,2.3157013679743166
251.74520691230813,2.312605426622386
251.80614281788755,2.308962567717867
251.89286684674832,2.30466260399672
252.01629253144495,2.2995782519955457
252.19195201187216,2.2935627933210285
252.4419506297686,2.2864484404444623
252.79774870765624,2.2780460719724838
253.30412057665333,2.268147527259978
254.0247890648744,2.2565324473212884
255.05044450133047,2.2429828296433034
256.4646579699099,2.2277521899798183
257.8788714632218,2.2150680374948752
259.29308497100175,2.2041334218218234
260.7072984886233,2.194503504305596
262.12151201331085,2.185898940712577
263.53572554329355,2.1781301505750372
264.9499390773787,2.171061170654559
266.3641526147269,2.1645903731989566
267.7783661547258,2.1586393113621747
269.1925796969155,2.153145852207453
270.60679324094207,2.14805973558121
272.02100678652727,2.143339584340424
273.43522033344874,2.1389508234909798
274.8494338815259,2.134864190650419
276.2636474306103,2.1310546438548306
277.6778609805785,2.1275005438802115
279.0920745313265,2.124183030848598
280.5062880827663,2.121085541276337
281.9205016348226,2.1181934285606676
283.3347151874305,2.1154936609305404
284.74892874053387,2.1129745782830813
286.16314229408357,2.1106256943900696
287.57735584803663,2.1084375344903585
288.99156940235514,2.1064015007898513
290.40578295700556,2.104509760196139
291.81999651195804,2.1027551499339614
293.23421006718604,2.1011310976648634
294.6484236226657,2.099631553465381
296.06263717837555,2.0982509315729043
297.47685073429636,2.0969840602319247
298.89106429041067,2.0958261383013994
300.3052778467027,2.094772697538721
301.71949140315814,2.0938195696768758
303.13370495976386,2.092962857569768
304.547918516508,2.092198909807673
305.9621320733796,2.0915242983062976
307.3763456303688,2.0909357984551997
308.7905591874664,2.0904303714783623
310.20477274466396,2.090005148713819
311.61898630195384,2.0896574175649008
313.0331998593289,2.089384608912245
314.44741341678247,2.0891842858067333
315.8616269743086,2.08905413328925
317.2758405319016,2.0889919492048623
318.6900540895563,2.088995635896695
320.10426764726793,2.089063192680755
321.518481205032,2.0891927090152924
322.93269476284433,2.089382358289895
324.34690832070106,2.0896303921685475
325.76112187859866,2.08993513542931
327.17533543653377,2.0902949812499383
328.5895489945033,2.0907083868950016
330.00376255250427,2.0911738697651483
331.417976110534,2.091690003773702
332.83218966859005,2.092255416019609
334.24640322667,2.092868783729342
335.66061678477166,2.0935288314432263
337.07483034289294,2.09423432842427
338.48904390103195,2.094984086270006
339.9032574591869,2.0957769567097655
341.317471017356,2.0966118295716605
342.73168457553777,2.097487622189103
344.1458981337306,2.098403312810663
345.56011169193323,2.0993578858472377
346.97432525014426,2.10035036611634
348.38853880836245,2.1013798084694795
349.8027523665867,2.1024452965192237
351.2169659248158,2.103545941467583
352.63117948304875,2.1046808810218494
354.0453930412846,2.105849278392599
355.4596065995225,2.1070503213679506
356.87382015776143,2.1082832214588763
358.2880337160006,2.1095472131109925
359.70224727423926,2.1108415529782327
361.11646083247666,2.1121655192548374
362.5306743907121,2.113518411061799
363.9448879489448,2.1148995478847157
365.3591015071742,2.116308269060128
366.7733150653997,2.117743933307664
368.1875286236206,2.119205918305547
369.6017421818364,2.1206936203075393
371.01595574004654,2.122206453799127
372.43016929825046,2.123743851191543
373.8443828564477,2.125305262551762
375.2585964146376,2.126890155367546
376.67280997281983,2.128498014346033
378.0870235309938,2.130128341245198
379.5012370891591,2.1317806547370655
380.9154506473152,2.133454490302315
382.32966420546165,2.135149400155628
383.74387776359805,2.1368649532014112
385.1580913217239,2.1386007350198035
386.57230487983867,2.140356347882876
387.986518437942,2.1421314108011815
389.4007319960333,2.1439255596008406
390.8149455541122,2.145738447031796
392.22915911217825,2.1475697429076614
393.64337267023086,2.1494191342781344
395.0575862282696,2.1512863256348043
396.47179978629396,2.1531710391517294
397.88601334430336,2.155073014962067
399.3002269022973,2.156992011472479
400.7144404602753,2.158927805717166
402.12865401823666,2.1608801937538518
403.54286757618087,2.1628489911040365
404.3804223912128,2.164022665624231
405.79463594912806,2.166017258272518
407.2088495070248,2.1680278748024993
408.62306306490206,2.170054409028104
409.40102868475685,2.1711759713890606
410.8152422426021,2.1732270091370505
412.2294558004262,2.175293781599322
413.64366935822807,2.177376264844172
415.0578829160068,2.1794744535549055
416.47209647376155,2.1815883711043185
417.88631003149135,2.1837180681924018
419.3005235891951,2.1858636240868483
420.7147371468718,2.1880251479834216
422.1289507045203,2.190202780496943
423.2432909111347,2.191930126008298
424.65750446872937,2.194137014330143
426.07171802629256,2.1963605823211614
427.4859315838225,2.1986011097632807
428.90014514131764,2.2008589108346106
430.31435869877635,2.2031343457921997
431.72857225619686,2.205427821252051
433.14278581357723,2.2077397933785026
434.55699937091543,2.210070771430529
435.97121292820924,2.2124213217114796
437.38542648545626,2.2147920719788994
438.7996400426539,2.217183716380787
440.2138535997994,2.2195970209961056
441.6280671568897,2.2220328300713517
443.0422807139215,2.224492073062276
444.4564942708912,2.22697577261036
445.8707078277949,2.229485053609545
447.2849213846282,2.232021153549713
448.69913494138643,2.2345854343631064
450.11334849806434,2.2371793960482402
451.5275620546562,2.2398046924074593
452.94177561115555,2.242463149312188
454.35598916755526,2.24515678600937
455.77020272384743,2.2478878401103044
457.184416280023,2.2506588087081667
458.59862983607206,2.2534724382467264
460.0128433919831,2.25633183218478
461.42705694774315,2.2592404585768655
462.8412705033374,2.2622022216405053
464.2554840587488,2.2652215365884563
465.6696976139574,2.2683034221231693
467.08391116894006,2.2714536159678884
468.49812472366955,2.2746787208559667
469.91233827811334,2.277986391401028
471.32655183223244,2.281385576766925
472.7407653859794,2.2848868409504224
474.1549789392957,2.2885027933416326
475.5691924921081,2.2922486798321073
476.9834060443232,2.296143214288728
478.3976195958194,2.3002097818199876
479.8118331464341,2.304478239673935
481.2260466959432,2.3089877241561085
482.6402602440256,2.3137912493748534
484.054473790198,2.3189637316810767
485.46868733368353,2.3246171938081286
486.88290087311384,2.330933017620339
488.2971144057246,2.3382427634225533
489.7113279244524,2.347295919984451
491.1255413978739,2.360960093871361
491.47909472309885,2.36719378739122
491.6017069705227,2.370886113577691
491.6442288512185,2.3731038552391075
491.6589753860037,2.3744962661604685
491.66408939225056,2.375589025001731
491.6645326853569,2.3759574513881825
491.6645422508703,2.3759980771933344
491.664545714718,2.376012788541833
491.66454701366087,2.3760183052975035
491.6645471789313,2.376025584309949
491.6645413671412,2.376033481971725
491.66454092390063,2.3760340842929493
491.6645402590397,2.3760349877748386
491.6645392617483,2.3760363429976947
491.6645377658112,2.376038375831953
491.6645355219055,2.3760414250833017
491.6645322576777,2.376096528164978
491.66452704697633,2.376116898689666
491.66451999604084,2.376122962648189
491.6645097655043,2.3761317611330255
491.6644944491438,2.376168090248986
491.66447203149795,2.3761979890146865
491.6644392926012,2.3762329942219456
491.66439145844066,2.376276768561382
491.6643215686812,2.3763297551225606
491.6642194604299,2.376393656300242
491.66407028762535,2.3764708064693734
491.66385236295935,2.376563996376985
491.6635340055927,2.3766765803393297
491.66306893615354,2.376812610917609
491.6623895497311,2.3769769856098812
491.66139708906803,2.3771756224451552
491.659947289293,2.377414769456432
491.6578839221644,2.3776978556635915
491.65494732599456,2.3780330379265227
491.65076795058326,2.378430814992121
491.6448198519392,2.378903620871249
491.63635450651753,2.3794662199187
491.6243066155711,2.380136171472138
491.6071600458964,2.3809343800166274
491.58275703670034,2.3818857491064915
491.54802666280955,2.3830199603529785
491.4985983835089,2.384372402905433
491.42825204524684,2.385985284138483
491.3281351254849,2.38790895905508
491.18564871414395,2.390203524715842
490.98286204239787,2.3929407376033427
490.69425604005227,2.3962063273613836
490.28351196640585,2.400102801517256
489.69894098969166,2.404752865053061
488.86697956453736,2.4103036194235017
487.68293205316587,2.4169317620540225
486.2687185153846,2.4236648085910772
484.85450497249695,2.4295678264727223
483.44029142638993,2.434891142357407
482.0260778780349,2.439780120529195
480.6118643280268,2.444328030979685
479.19765077675305,2.4485989327542255
477.7834372244792,2.452639058731368
476.36922367139505,2.4564830614908972
474.9550101176408,2.460157699214844
473.54079656332306,2.463684137823156
472.12658300852456,2.46707945572707
470.7123694533111,2.47035766477755
469.2981558977357,2.4735304249107406
467.88394234184176,2.476607557813614
466.4697287856654,2.479597424637941
465.05551522923685,2.4825072093001204
463.64130167258173,2.4853431346916164
462.2270881157221,2.4881106302444023
460.81287455867687,2.4908144635870597
459.39866100146253,2.4934588452653346
457.9844474440935,2.496047512965001
456.5702338865826,2.4985837999322875
455.1560203289411,2.501070691066344
453.7418067711791,2.5035108692899515
452.3275932133056,2.5059067541775732
450.9133796553287,2.5082605343605646
449.4991660972558,2.5105742029397415
448.0849525390936,2.5128495478455264
446.67073898084817,2.5150882221109967
445.25652542252504,2.5172917265074615
443.8423118641294,2.519461433053748
442.4280983056659,2.521598597772124
441.013884747139,2.523704371770517
439.5996711885527,2.5257798109247673
438.18545762991073,2.5278258843663046
436.77124407121664,2.5298434819469464
435.3570305124737,2.53183342082513
433.94281695368505,2.5337964512933357
432.52860339485346,2.5357332619478
431.11438983598174,2.537644484286388
429.70017627707244,2.539530696806704
429.15574360411335,2.540250278705699
427.7415300451564,2.5421027184721816
426.32731648616704,2.543931336404039
424.9131029271478,2.5457365527065994
423.4988893681008,2.547518754380495
422.0846758090279,2.5492782886796572
420.670462249931,2.5510154676259718
419.25624869081196,2.55273056985528
417.84203513167245,2.5544238422782075
416.4278215725141,2.5560955015777758
415.01360801333857,2.5577457355591062
413.5993944541474,2.559374704365636
412.185180894942,2.5609825415742318
410.77096733572387,2.5625693551800595
409.35675377649443,2.56413522848113
407.94254021725504,2.5656802208708887
406.528326658007,2.56720436854662
405.11411309875166,2.5687076851403576
403.6998995394903,2.570190162278225
402.28568598022406,2.5716517700737156
400.87147242095426,2.573092457559369
399.4572588616821,2.5745121530614483
398.04304530240864,2.5759107645209394
396.62883174313515,2.5772881797645404
395.2146181838628,2.578644266728494
393.80040462459266,2.579978873637723
392.3861910653259,2.5812918291430513
391.08212184593634,2.582483172066419
389.6679082866795,2.5837539590306258
388.253694727429,2.5850024837619543
386.83948116818624,2.5862284954775414
385.4252676089523,2.5874317291248152
384.0110540497284,2.588611898180904
382.59684049051555,2.5897686964798314
381.1826269313149,2.590901798071931
379.7684133721276,2.5920108570503997
378.3541998129548,2.5930955073475976
376.9399862537976,2.5941553625011875
375.5257726946572,2.595190015390127
374.1115591355347,2.596199037940778
372.6973455764314,2.597181980803019
371.2831320173485,2.5981383729960985
369.8689184582872,2.5990677215242877
368.45470489924884,2.599969510961372
367.0404913402346,2.60084320300409
365.62627778124585,2.6016882359935103
364.2120642222839,2.60250402440348
362.7978506633502,2.6032899582955995
361.38363710444605,2.6040454027394153
359.969423545573,2.604769697196574
358.55520998673256,2.605462154867761
357.14099642792627,2.6061220620006353
355.72678286915567,2.6067486771571864
354.3125693104224,2.607341230438395
352.8983557517283,2.60789892266396
351.48414219307494,2.6084209245048804
350.0699286344643,2.608906375565674
348.65571507589823,2.609354383413415
347.24150151737865,2.6097640225502516
345.8272879589077,2.610134333325039
344.4130744004874,2.6104643207804035
342.9988608421201,2.6107529534298624
341.58464728380807,2.610999161959932
340.1704337255538,2.6112018378510986
338.7562201673597,2.611359831910741
337.3420066092285,2.611471952710713
335.92779305116306,2.611536964920697
334.5135794931662,2.611553587528162
333.09936593524105,2.6115204919337764
331.6851523773908,2.611436299910305
330.2709388196189,2.611299581411438
328.8567252619289,2.6111088451390425
327.44251170432455,2.6108625640272907
326.02829814680985,2.610559130862127
324.61408458938905,2.6101968828150026
323.1998710320666,2.6097740914084127
321.7856574748472,2.60928895901524
320.37144391773586,2.608739615043974
318.9572303607379,2.6081241117720726
317.5430168038591,2.607440419783203
316.12880324710534,2.606686422958459
314.71458969048314,2.6058599129633766
313.3003761339993,2.6049585831639552
311.88616257766125,2.6039800218943245
310.4719490214768,2.6029217049860955
309.05773546545447,2.6017809874551547
307.6435219096033,2.6005550942236906
306.22930835393305,2.5992411097347667
304.8150947984543,2.597835966291946
303.40088124317856,2.596336430926137
301.98666768811813,2.5947390905560317
300.5724541332865,2.5930403351648796
299.1582405786983,2.5912363386624975
297.7440270243696,2.589323037036698
296.32981347031784,2.587296103317768
294.9155999165623,2.5851509187802404
293.50138636312425,2.5828825396824917
292.087172810027,2.580485658689712
290.6729592572966,2.577954559929845
289.25874570496194,2.5752830663839656
287.84453215305535,2.5724644779933388
286.43031860161307,2.5694914984543433
285.016105050676,2.566356148135474
283.6018915002904,2.5630496598444674
282.18767795050894,2.5595623532330185
281.6949383483073,2.5583028910709738
280.2807247994505,2.554554527558939
278.86651125134154,2.5505980863070388
277.45229770407803,2.5464195069487596
276.03808415775944,2.5420028437694304
274.623870612503,2.537329873749374
273.20965706844845,2.5323795946568595
271.79544352576363,2.5271275737785435
270.38122998465286,2.5215450894712754
270.10314428172535,2.5204056563786796
268.6889307428813,2.514382258447708
267.27471720620247,2.5079439509002857
265.8605036721578,2.5010381666210235
264.4462901412986,2.493599115550826
263.0320766143646,2.485542594797066
261.61786309238096,2.476757835879546
260.2036495768282,2.467094001823535
258.78943606996177,2.4563362490883245
257.37522257547437,2.4441592844109037
255.96100910006496,2.4300251495048117
254.54679565797971,2.412910714925541
253.1325822896487,2.390285241060125
251.71836928609162,2.3464982457062
251.62998119273482,2.337299178548465
251.61503501869012,2.333804341909741
251.61244349672535,2.3326992450632176
251.61059970240785,2.3312456470754777
251.61043999964997,2.3309455112482547
251.61038333751063,2.3307750938921785
251.61034344991253,2.3305243432862293
251.61034194358834,2.330473903713605
251.610342285602,2.330451525473677
251.61034328876065,2.3304217936966243
251.61034430224538,2.330391755873337
251.61034641673535,2.330365908950144
251.6103492764583,2.3303309525115283
251.61035382401334,2.3302987370845067
251.61036039136917,2.330252213145882
251.61037041168754,2.3302053217273455
251.61038505082146,2.3301457245391193
251.6104064948377,2.3300735407764313
251.6104378797062,2.329987288737775
251.61048378244212,2.3298838653472567
251.61055089145677,2.329759493277735
251.61064897785315,2.3296096991781887
251.61079231546117,2.3294291027602982
251.61100175564638,2.329211212410069
251.6113077592944,2.3289492004050683
251.6117433122642,2.328639275118414
251.6123632396927,2.3282725284185988
251.61324556744356,2.327837481290212
251.61450134254406,2.327320550966224
251.61628860736516,2.326705621926922
251.61883228797365,2.325973543813916
251.62245249926045,2.325101540256773
251.6276048288158,2.3240625111489175
251.63493766895135,2.322824209290008
251.64537381164124,2.321348270676628
251.66022657444742,2.319589076631
251.6813650709399,2.317492426353219
251.7023908293571,2.315701367939595
251.74520691274822,2.3126054265934117
251.80614281832763,2.308962567693781
251.8928668471884,2.304662603976748
252.01629253188503,2.2995782519789207
252.19195201231224,2.2935627933072547
252.44195063020868,2.286448440433
252.79774870809632,2.2780460719629674
253.3041205770934,2.2681475272521245
254.02478906531448,2.2565324473148376
255.05044450177056,2.2429828296380316
256.46465797035,2.227752189975522
257.8788714636619,2.2150680374912275
259.29308497144183,2.204133421818642
260.70729848906336,2.194503504302761
262.12151201375093,2.1858989407100453
263.53572554373363,2.178130150572734
264.9499390778188,2.1710611706524507
266.364152615167,2.164590373197024
267.7783661551659,2.158639311360396
269.1925796973556,2.153145852205808
270.60679324138215,2.1480597355796753
272.02100678696735,2.143339584339003
273.4352203338888,2.1389508234896564
274.849433881966,2.13486419064919
276.2636474310504,2.13105464385368
277.67786098101857,2.1275005438791426
279.09207453176657,2.124183030847607
280.50628808320636,2.1210855412754075
281.92050163526267,2.1181934285598008
283.3347151878706,2.1154936609297326
284.74892874097395,2.112974578282321
286.16314229452365,2.1106256943893733
287.5773558484767,2.1084375344897044
288.9915694027952,2.106401500789248
290.40578295744564,2.104509760195578
291.8199965123981,2.1027551499334383
293.2342100676261,2.1011310976643736
294.64842362310577,2.099631553464941
296.06263717881563,2.0982509315724975
297.47685073473644,2.096984060231553
298.89106429085075,2.0958261383010592
300.3052778471428,2.0947726975384113
301.7194914035982,2.093819569676586
303.13370496020394,2.092962857569513
304.5479185169481,2.092198909807455
305.9621320738197,2.091524298306096
307.3763456308089,2.0909357984550363
308.79055918790647,2.0904303714782158
310.20477274510404,2.090005148713695
311.6189863023939,2.089657417564805
313.03319985976896,2.089384608912172
314.44741341722255,2.0891842858066756
315.8616269747487,2.089054133289223
317.2758405323417,2.0889919492048525
318.6900540899964,2.0889956358967083
320.104267647708,2.0890631926807854
321.5184812054721,2.0891927090153386
322.9326947632844,2.0893823582899573
324.34690832114114,2.089630392168637
325.76112187903874,2.089935135429417
327.17533543697385,2.090294981250059
328.58954899494336,2.0907083868951384
330.00376255294435,2.0911738697653064
331.4179761109741,2.0916900037738717
332.83218966903013,2.0922554160197904
334.2464032271101,2.0928687837295445
335.66061678521174,2.0935288314434404
337.074830343333,2.0942343284244993
338.48904390147203,2.094984086270239
339.90325745962696,2.0957769567100195
341.3174710177961,2.0966118295719296
342.73168457597785,2.097487622189381
344.1458981341707,2.0984033128109614
345.5601116923733,2.0993578858475357
346.97432525058434,2.1003503661166505
348.38853880880254,2.101379808469801
349.80275236702676,2.1024452965195586
351.21696592525586,2.1035459414679254
352.63117948348884,2.1046808810222
354.0453930417247,2.105849278392964
355.45960659996257,2.1070503213683303
356.8738201582015,2.108283221459271
358.2880337164407,2.1095472131113837
359.70224727467934,2.1108415529786373
361.11646083291674,2.1121655192552535
362.53067439115216,2.113518411062219
363.9448879493849,2.1148995478851442
365.3591015076143,2.1163082690605677
366.77331506583977,2.1177439333081107
368.1875286240607,2.1192059183060095
369.6017421822765,2.1206936203080025
371.0159557404866,2.1222064537996097
372.43016929869054,2.1237438511920215
373.84438285688776,2.125305262552251
375.2585964150777,2.126890155368045
376.6728099732599,2.1284980143465413
378.0870235314339,2.130128341245711
379.50123708959916,2.1317806547375886
380.9154506477553,2.1334544903028423
382.32966420590174,2.1351494001561577
383.74387776403813,2.1368649532019415
385.15809132216395,2.1386007350203418
386.57230488027875,2.1403563478834275
387.98651843838206,2.1421314108017375
389.4007319964734,2.143925559601401
390.8149455545523,2.1457384470323575
392.22915911261833,2.1475697429082325
393.64337267067094,2.14941913427871
395.0575862287097,2.151286325635387
396.47179978673404,2.153171039152318
397.88601334474345,2.155073014962663
399.3002269027374,2.156992011473072
400.71444046071537,2.1589278057177674
402.12865401867674,2.1608801937544637
403.54286757662095,2.162848991104653
404.38042239165287,2.1640226656248513
405.79463594956815,2.16601725827314
407.2088495074649,2.168027874803121
408.62306306534214,2.170054409028735
409.40102868519693,2.1711759713896988
410.8152422430422,2.173227009137691
412.2294558008663,2.1752937815999616
413.64366935866815,2.1773762648448214
415.0578829164469,2.1794744535555695
416.47209647420163,2.1815883711049837
417.88631003193143,2.183718068193071
419.3005235896352,2.1858636240875198
420.7147371473119,2.1880251479840918
422.1289507049604,2.1902027804976214
423.2432909115748,2.1919301260089856
424.65750446916945,2.1941370143308365
426.07171802673264,2.196360582321857
427.4859315842626,2.19860110976398
428.9001451417577,2.200858910835305
430.3143586992164,2.2031343457929076
431.72857225663694,2.2054278212527714
433.1427858140173,2.2077397933792167
434.5569993713555,2.210070771431254
435.9712129286493,2.212421321712217
437.38542648589635,2.2147920719796397
438.799640043094,2.2171837163815313
440.2138536002395,2.219597020996859
441.6280671573298,2.222032830072111
443.0422807143616,2.2244920730630318
444.4564942713313,2.2269757726111443
445.87070782823497,2.2294850536103397
447.2849213850683,2.232021153550504
448.6991349418265,2.234585434363905
450.1133484985044,2.237179396049057
451.52756205509627,2.239804692408274
452.94177561159563,2.242463149313022
454.35598916799535,2.2451567860102104
455.7702027242875,2.2478878401111664
457.1844162804631,2.250658808709037
458.59862983651215,2.2534724382476163
460.0128433924232,2.2563318321856793
461.42705694818324,2.259240458577781
462.8412705037775,2.2622022216414313
464.25548405918886,2.2652215365894053
465.6696976143975,2.2683034221241396
467.08391116938014,2.2714536159688845
468.49812472410963,2.2746787208569867
469.9123382785534,2.2779863914020764
471.3265518326725,2.2813855767680025
472.74076538641947,2.284886840951523
474.15497893973577,2.288502793342775
475.56919249254815,2.2922486798332864
476.9834060447633,2.2961432142899656
478.39761959625946,2.3002097818212794
479.81183314687416,2.3044782396753094
481.22604669638326,2.308987724157545
482.6402602444657,2.313791249376398
484.0544737906381,2.31896373168275
485.4686873341236,2.3246171938099662
486.8829008735539,2.3309330176224328
488.29711440616467,2.3382427634250424
489.7113279248925,2.3472959199877175
491.125541398314,2.360960093877498
491.47909472353894,2.367193787401785
491.60170697096277,2.3708861135956942
491.64422885165857,2.3731038552704358
491.6589753864438,2.374496266220618
491.6640893926906,2.375589025210984
491.6645326857966,2.375957452532777
491.6645422513086,2.375998079353597
491.664545715154,2.376012791062367
491.66454701409606,2.376018307953153
491.66454716290787,2.3760255843095717
491.6645413668961,2.376033481971012
491.66454092365876,2.3760340859274045
491.6645402588028,2.3760349918619377
491.6645392615188,2.376036350763771
491.66453776559285,2.37603838911657
491.6645355217039,2.376041446645784
491.6645322576187,2.3760964832860836
491.6645270485006,2.3761168619737214
491.6645199976568,2.3761229565886524
491.66450976717715,2.37613179962018
491.6644944508865,2.376168066836482
491.6644720334064,2.376197973680626
491.66443929453123,2.3762329922158916
491.66439146036777,2.3762767674945238
491.66432157060774,2.3763297538477497
491.66421946235664,2.3763936551831963
491.6640702895522,2.3764708055611834
491.6638523648863,2.3765639956317983
491.6635340075197,2.376676579721879
491.6630689380806,2.3768126104064136
491.6623895516582,2.376976985186805
491.66139709099514,2.377175622095214
491.6599472912201,2.377414769165429
491.65788392409155,2.3776978554219115
491.6549473279217,2.378033037725168
491.6507679525104,2.378430814823825
491.64481985386635,2.3789036207306617
491.63635450844475,2.3794662198013468
491.62430661749835,2.3801361713736346
491.6071600478237,2.3809343799342293
491.5827570386276,2.3818857490374064
491.5480266647368,2.383019960295223
491.4985983854362,2.384372402856904
491.4282520471741,2.3859852840978597
491.32813512741217,2.3879089590211353
491.1856487160712,2.3902035246872817
490.98286204432515,2.392940737579457
490.69425604197954,2.396206327341315
490.28351196833313,2.400102801500458
489.69894099161894,2.4047528650389536
488.86697956646464,2.410303619411671
487.68293205509315,2.4169317620441158
486.26871851731187,2.4236648085825525
484.85450497442423,2.429567826465105
483.4402914283172,2.4348911423504846
482.0260778799622,2.4397801205227774
480.6118643299541,2.444328030973691
479.1976507786803,2.448598932748567
477.7834372264065,2.452639058725999
476.3692236733223,2.456483061485792
474.9550101195681,2.4601576992099536
473.54079656525033,2.4636841378184484
472.12658301045184,2.4670794557225206
470.7123694552384,2.470357664773152
469.29815589966296,2.473530424906489
467.88394234376904,2.4766075578094826
466.46972878759266,2.4795974246339254
465.0555152311641,2.482507209296207
463.641301674509,2.4853431346878017
462.2270881176494,2.4881106302406804
460.81287456060414,2.490814463583424
459.3986610033898,2.4934588452617694
457.9844474460208,2.496047512961514
456.5702338885099,2.4985837999288605
455.1560203308684,2.5010706910629965
453.74180677310636,2.5035108692866643
452.32759321523287,2.505906754174335
450.913379657256,2.5082605343574036
449.49916609918307,2.5105742029366165
448.08495254102087,2.512849547842443
446.67073898277545,2.5150882221079645
445.2565254244523,2.5172917265044683
443.84231186605666,2.519461433050826
442.4280983075932,2.521598597769233
441.0138847490663,2.5237043717676544
439.59967119047997,2.5257798109219776
438.185457631838,2.5278258843635335
436.7712440731439,2.5298434819442086
435.357030514401,2.5318334208224442
433.94281695561233,2.5337964512906748
432.52860339678074,2.5357332619451736
431.114389837909,2.537644484283783
429.7001762789997,2.5395306968041576
429.15574360604063,2.5402502787031604
427.7415300470837,2.5421027184696805
426.3273164880943,2.543931336401557
424.9131029290751,2.545736552704162
423.49888937002805,2.5475187543780935
422.08467581095516,2.5492782886772827
420.6704622518583,2.551015467623626
419.25624869273923,2.552730569852949
417.8420351335997,2.554423842275921
416.4278215744414,2.5560955015755127
415.01360801526585,2.557745735556867
413.59939445607466,2.5593747043634356
412.18518089686927,2.5609825415720517
410.77096733765114,2.562569355177921
409.3567537784217,2.5641352284790178
407.9425402191823,2.5656802208687903
406.5283266599343,2.5672043685445556
405.11411310067894,2.5687076851383095
403.69989954141755,2.5701901622762255
402.28568598215134,2.571651770071737
400.87147242288154,2.573092457557418
399.45725886360935,2.574512153059528
398.0430453043359,2.5759107645190467
396.6288317450624,2.577288179762685
395.2146181857901,2.5786442667266565
393.80040462651993,2.579978873635932
392.38619106725315,2.581291829141272
391.0821218478636,2.5824831720646753
389.6679082886068,2.5837539590289076
388.25369472935625,2.5850024837602614
386.8394811701135,2.5862284954758907
385.4252676108796,2.587431729123191
384.01105405165566,2.5886118981793054
382.5968404924428,2.589768696478269
381.1826269332422,2.5909017980704148
379.7684133740549,2.592010857048902
378.35419981488207,2.5930955073461366
376.9399862557249,2.5941553624997598
375.52577269658445,2.5951900153887357
374.111559137462,2.5961990379394155
372.6973455783587,2.59718198080169
371.2831320192758,2.598138372994816
369.8689184602145,2.5990677215230344
368.4547049011761,2.599969510960145
367.0404913421619,2.6008432030029205
365.6262777831731,2.601688235992388
364.2120642242112,2.602504024402377
362.79785066527745,2.6032899582945452
361.3836371063733,2.6040454027383997
359.9694235475003,2.6047696971956054
358.55520998865984,2.6054621548668466
357.14099642985354,2.6061220619997636
355.72678287108295,2.606748677156367
354.3125693123497,2.607341230437614
352.89835575365555,2.6078989226632268
351.4841421950022,2.6084209245042054
350.0699286363916,2.6089063755650423
348.6557150778255,2.60935438341284
347.2415015193059,2.60976402254972
345.82728796083495,2.610134333324555
344.4130744024147,2.610464320779981
342.9988608440474,2.610752953429492
341.58464728573534,2.6109991619596267
340.17043372748105,2.6112018378508512
338.75622016928696,2.6113598319105593
337.3420066111558,2.61147195271058
335.92779305309034,2.611536964920639
334.5135794950935,2.6115535875281792
333.09936593716833,2.611520491933848
331.6851523793181,2.61143629991046
330.27093882154617,2.611299581411665
328.85672526385616,2.611108845139337
327.4425117062518,2.6108625640276597
326.0282981487371,2.610559130862593
324.6140845913163,2.610196882815539
323.1998710339939,2.6097740914090366
321.7856574767745,2.609288959015945
320.37144391966314,2.6087396150447715
318.9572303626652,2.608124111772955
317.54301680578635,2.6074404197841794
316.1288032490326,2.6066864229595366
314.7145896924104,2.6058599129645503
313.30037613592657,2.60495858316524
311.88616257958853,2.6039800218957083
310.4719490234041,2.6029217049876063
309.05773546738175,2.6017809874567615
307.64352191153057,2.600555094225423
306.2293083558603,2.5992411097366217
304.8150948003816,2.5978359662939354
303.40088124510584,2.5963364309282446
301.9866676900454,2.594739090558283
300.5724541352138,2.5930403351672697
299.1582405806256,2.591236338665034
297.74402702629686,2.5893230370393767
296.3298134722451,2.5872961033206003
294.9155999184896,2.585150918783244
293.50138636505153,2.5828825396856736
292.0871728119543,2.5804856586930676
290.6729592592239,2.5779545599333815
289.2587457068892,2.5752830663877053
287.84453215498263,2.57246447799729
286.43031860354034,2.569491498458503
285.0161050526033,2.5663561481398567
283.60189150221765,2.563049659849092
282.1876779524362,2.559562353237903
281.69493835023457,2.55830289107595
280.2807248013778,2.554554527564182
278.8665112532688,2.55059808631258
277.4522977060053,2.5464195069546163
276.0380841596867,2.5420028437756184
274.6238706144303,2.5373298737559224
273.2096570703757,2.532379594663811
271.7954435276909,2.527127573785916
270.38122998658014,2.5215450894791234
270.1031442836526,2.5204056563866306
268.6889307448086,2.514382258456181
267.27471720812974,2.5079439509093673
265.86050367408507,2.501038166630767
264.4462901432259,2.4935991155613717
263.0320766162919,2.485542594808509
261.61786309430823,2.4767578358920708
260.20364957875546,2.467094001837392
258.78943607188904,2.45633624910387
257.37522257740164,2.4441592844286877
255.96100910199223,2.4300251495257763
254.546795659907,2.4129107149517215
253.13258229157594,2.3902852410973656
251.71836928801886,2.3464982458492623
251.62998119466207,2.3372991788840936
251.6150350206173,2.333804342595778
251.61244349865245,2.332699246087392
251.61059970433402,2.3312456499993095
251.6104400015745,2.33094551597074
251.61038333942932,2.3307751012068967
251.61034345175904,2.3305243716088473
251.61034194519405,2.3304739653665374
251.6103422842951,2.3304516957958983
251.6103432827816,2.330421964019156
251.61034429400033,2.3303918531171997
251.61034641024446,2.330365972909472
251.61034926979073,2.3303310026285486
251.61035381740624,2.3302987826801047
251.6103603847205,2.3302522531246916
251.61037040499286,2.330205352573811
251.6103850441062,2.3301457494385813
251.61040648810945,2.3300735611157597
251.61043787296944,2.329987305423938
251.6104837756996,2.3298838790736536
251.6105508847104,2.3297595045904793
251.61064897110413,2.329609708509865
251.61079230871036,2.3294291104655187
251.61100174889435,2.3292112187773837
251.61130775254156,2.3289492057017074
251.6117433055108,2.3286392795159996
251.61236323293892,2.3282725320793594
251.6132455606895,2.327837484344858
251.61450133578984,2.3273205535177186
251.61628860061083,2.3267056240605406
251.61883228121923,2.3259735455991484
251.62245249250597,2.3251015417513985
251.6276048220613,2.3240625124001246
251.63493766219682,2.322824210338049
251.64537380488667,2.3213482715542546
251.66022656769286,2.319589077365932
251.68136506418534,2.3174924269686783
251.70239082898263,2.315701367969656
251.7452069123738,2.3126054266179707
251.8061428179532,2.30896256771428
251.89286684681397,2.3046626039936764
252.0162925315106,2.2995782519930197
252.19195201193781,2.293562793318957
252.44195062983425,2.2864484404427046
252.7977487077219,2.2780460719710627
253.304120576719,2.2681475272588125
254.02478906494005,2.2565324473203106
255.05044450139613,2.2429828296425103
256.4646579699756,2.227752189979188
257.87887146328745,2.2150680374943303
259.2930849710674,2.204133421821348
260.70729848868893,2.1945035043051737
262.1215120133765,2.1858989407122063
263.5357255433592,2.1781301505746917
264.94993907744436,2.171061170654247
266.36415261479254,2.1645903731986698
267.77836615479146,2.1586393113619033
269.19257969698117,2.153145852207211
270.6067932410077,2.1480597355809854
272.0210067865929,2.1433395843402083
273.4352203335144,2.13895082349078
274.84943388159155,2.1348641906502395
276.263647430676,2.1310546438546503
277.67786098064414,2.127500543880049
279.09207453139214,2.1241830308484477
280.50628808283193,2.121085541276203
281.92050163488824,2.1181934285605406
283.33471518749616,2.1154936609304276
284.7489287405995,2.112974578282977
286.1631422941492,2.110625694389963
287.5773558481023,2.1084375344902617
288.9915694024208,2.106401500789768
290.4057829570712,2.1045097601960476
291.8199965120237,2.1027551499338815
293.2342100672517,2.1011310976647883
294.64842362273134,2.0996315534653167
296.0626371784412,2.0982509315728404
297.476850734362,2.096984060231872
298.8910642904763,2.0958261383013523
300.3052778467684,2.0947726975386747
301.7194914032238,2.0938195696768305
303.1337049598295,2.09296285756973
304.54791851657365,2.092198909807642
305.9621320734453,2.0915242983062656
307.37634563043446,2.0909357984551775
308.79055918753204,2.090430371478343
310.2047727447296,2.090005148713799
311.6189863020195,2.089657417564882
313.03319985939453,2.0893846089122334
314.4474134168481,2.089184285806721
315.86162697437425,2.089054133289248
317.2758405319673,2.0889919492048596
318.690054089622,2.0889956358967012
320.1042676473336,2.089063192680764
321.51848120509766,2.0891927090153
322.93269476291,2.0893823582899023
324.3469083207667,2.0896303921685604
325.7611218786643,2.0899351354293314
327.1753354365994,2.0902949812499596
328.58954899456893,2.0907083868950194
330.0037625525699,2.0911738697651727
331.4179761105997,2.0916900037737256
332.8321896686557,2.0922554160196336
334.24640322673565,2.0928687837293785
335.6606167848373,2.093528831443262
337.0748303429586,2.0942343284243004
338.4890439010976,2.094984086270041
339.90325745925253,2.095776956709803
341.31747101742167,2.0966118295717004
342.7316845756034,2.097487622189143
344.14589813379627,2.098403312810719
345.5601116919989,2.099357885847277
346.9743252502099,2.1003503661163876
348.3885388084281,2.1013798084695265
349.8027523666523,2.102445296519271
351.21696592488144,2.103545941467628
352.6311794831144,2.1046808810218964
354.0453930413503,2.1058492783926552
355.45960659958814,2.107050321368007
356.8738201578271,2.1082832214589384
358.28803371606625,2.1095472131110435
359.7022472743049,2.110841552978291
361.1164608325423,2.112165519254904
362.53067439077773,2.113518411061861
363.9448879490105,2.114899547884776
365.35910150723987,2.1163082690601973
366.77331506546534,2.1177439333077306
368.18752862368626,2.1192059183056156
369.60174218190207,2.1206936203076086
371.0159557401122,2.1222064537992082
372.4301692983161,2.1237438511916196
373.84438285651333,2.1253052625518354
375.2585964147033,2.126890155367617
376.6728099728855,2.128498014346113
378.08702353105946,2.130128341245276
379.50123708922473,2.131780654737139
380.91545064738085,2.1334544903023986
382.3296642055273,2.1351494001557034
383.7438777636637,2.1368649532014876
385.1580913217895,2.1386007350198772
386.5723048799043,2.1403563478829595
387.98651843800764,2.142131410801265
389.40073199609895,2.1439255596009237
390.8149455541779,2.1457384470318805
392.2291591122439,2.147569742907746
393.6433726702965,2.1494191342782134
395.05758622833525,2.1512863256348904
396.4717997863596,2.1531710391518204
397.886013344369,2.155073014962163
399.30022690236297,2.156992011472566
400.71444046034094,2.158927805717255
402.1286540183023,2.160880193753944
403.5428675762465,2.162848991104129
404.38042239127844,2.1640226656243247
405.7946359491937,2.1660172582726114
407.20884950709046,2.1680278748025987
408.6230630649677,2.170054409028191
409.4010286848225,2.1711759713891587
410.81524224266775,2.1732270091371504
412.22945580049185,2.175293781599416
413.6436693582937,2.1773762648442707
415.05788291607246,2.179474453554996
416.4720964738272,2.1815883711044153
417.886310031557,2.183718068192494
419.30052358926076,2.1858636240869487
420.71473714693747,2.1880251479835198
422.128950704586,2.1902027804970525
423.24329091120035,2.1919301260084016
424.657504468795,2.194137014330252
426.0717180263582,2.1963605823212684
427.48593158388815,2.198601109763391
428.9001451413833,2.2008589108347083
430.314358698842,2.203134345792307
431.7285722562625,2.2054278212521568
433.1427858136429,2.2077397933786074
434.5569993709811,2.210070771430642
435.9712129282749,2.2124213217115933
437.3854264855219,2.214792071979011
438.79964004271955,2.2171837163808945
440.21385359986505,2.219597020996211
441.62806715695535,2.222032830071461
443.04228071398717,2.224492073062381
444.45649427095685,2.2269757726104835
445.87070782786054,2.2294850536096735
447.28492138469386,2.2320211535498284
448.6991349414521,2.2345854343632245
450.11334849813,2.237179396048358
451.52756205472184,2.239804692407576
452.9417756112212,2.2424631493123144
454.3559891676209,2.2451567860095
455.7702027239131,2.2478878401104336
457.18441628008867,2.2506588087083044
458.5986298361377,2.2534724382468605
460.01284339204875,2.256331832184917
461.4270569478088,2.2592404585770076
462.84127050340305,2.262202221640641
464.25548405881443,2.265221536588596
465.66969761402305,2.26830342212331
467.0839111690057,2.2714536159680385
468.4981247237352,2.274678720856124
469.912338278179,2.2779863914011855
471.3265518322981,2.281385576767091
472.74076538604504,2.284886840950586
474.15497893936134,2.28850279334181
475.5691924921737,2.29224867983228
476.98340604438886,2.296143214288911
478.39761959588503,2.30020978182018
479.81183314649974,2.304478239674146
481.22604669600884,2.308987724156325
482.6402602440913,2.3137912493750923
484.05447379026367,2.318963731681331
485.4686873337492,2.3246171938084075
486.8829008731795,2.330933017620645
488.29711440579024,2.338242763422925
489.71132792451806,2.347295919984931
491.12554139793957,2.360960093872276
491.4790947231645,2.36719378739289
491.60170697058834,2.3708861135803536
491.64422885128414,2.3731038552436954
491.65897538606936,2.3744962661693094
491.6640893923162,2.375589025032154
491.6645326854225,2.375957451559595
491.66454225093565,2.3759980775120244
491.664545714783,2.376012788912808
491.6645470137258,2.376018305688105
491.66454717625464,2.3760255843096685
491.664541367036,2.376033481971656
491.6645409237959,2.376034084558784
491.6645402589358,2.376034988439482
491.6645392616456,2.3760363442605366
491.6645377657103,2.3760383779920726
491.66453552180735,2.376041428589367
491.6645322576034,2.376096521184894
491.6645270471524,2.376116893031374
491.66451999623115,2.3761229618382584
491.6645097657036,2.3761317673679097
491.6644944493541,2.3761680866183443
491.6644720317347,2.37619798665039
491.66443929284134,2.3762329939727094
491.66439145868037,2.376276768448732
491.6643215689208,2.3763297549643494
491.6642194606695,2.376393656158924
491.664070287865,2.376470806356343
491.663852363199,2.376563996285852
491.6635340058324,2.3766765802627665
491.66306893639324,2.376812610853664
491.6623895499708,2.376976985557252
491.66139708930774,2.377175622402026
491.6599472895327,2.3774147694201373
491.6578839224041,2.377697855633822
491.65494732623426,2.3780330379013193
491.65076795082297,2.3784308149713387
491.6448198521789,2.378903620853741
491.63635450675724,2.37946621990418
491.6243066158108,2.380136171459899
491.60716004613613,2.380934380006491
491.58275703694005,2.381885749097922
491.54802666304926,2.3830199603458677
491.49859838374863,2.38437240289936
491.42825204548654,2.385985284133451
491.3281351257246,2.387908959050839
491.18564871438366,2.3902035247122484
490.9828620426376,2.39294073760038
490.694256040292,2.3962063273588745
490.28351196664556,2.400102801515189
489.6989409899314,2.4047528650513117
488.86697956477707,2.410303619422023
487.6829320534056,2.4169317620528163
486.2687185156243,2.423664808590021
484.85450497273666,2.4295678264717777
483.44029142662964,2.4348911423565482
482.02607787827463,2.439780120528392
480.6118643282665,2.4443280309789372
479.19765077699276,2.4485989327535327
477.7834372247189,2.4526390587307034
476.36922367163476,2.456483061490272
474.95501011788053,2.4601576992142395
473.54079656356276,2.4636841378225665
472.12658300876427,2.467079455726509
470.7123694535508,2.470357664777014
469.2981558979754,2.473530424910207
467.88394234208147,2.4766075578130935
466.4697287859051,2.4795974246374417
465.05551522947655,2.4825072092996336
463.64130167282144,2.4853431346911536
462.2270881159618,2.488110630243941
460.8128745589166,2.4908144635866094
459.39866100170224,2.493458845264889
457.9844474443332,2.4960475129645614
456.57023388682234,2.4985837999318683
455.1560203291808,2.5010706910659315
453.7418067714188,2.503510869289535
452.3275932135453,2.5059067541771727
450.9133796555684,2.508260534360178
449.4991660974955,2.510574202939348
448.0849525393333,2.512849547845141
446.6707389810879,2.515088222110627
445.25652542276475,2.5172917265070835
443.8423118643691,2.5194614330533853
442.4280983059056,2.521598597771768
441.0138847473787,2.5237043717701564
439.5996711887924,2.525779810924438
438.18545763015044,2.527825884365967
436.77124407145635,2.5298434819465965
435.35703051271344,2.5318334208247943
433.94281695392476,2.533796451293003
432.52860339509317,2.535733261947474
431.11438983622145,2.5376444842860644
429.70017627731215,2.5395306968063833
429.15574360435306,2.5402502787053756
427.74153004539613,2.5421027184718703
426.32731648640674,2.543931336403723
424.9131029273875,2.545736552706294
423.4988893683405,2.5475187543802016
422.0846758092676,2.5492782886793606
420.6704622501707,2.5510154676256795
419.25624869105167,2.5527305698549885
417.84203513191216,2.5544238422779184
416.4278215727538,2.5560955015774924
415.0136080135783,2.5577457355588242
413.5993944543871,2.559374704365365
412.1851808951817,2.5609825415739627
410.7709673359636,2.5625693551797895
409.35675377673414,2.564135228480865
407.94254021749475,2.5656802208706244
406.5283266582467,2.5672043685463533
405.11411309899137,2.56870768514011
403.69989953973,2.5701901622779757
402.28568598046377,2.571651770073459
400.87147242119397,2.573092457559139
399.4572588619218,2.574512153061207
398.04304530264835,2.5759107645207022
396.62883174337486,2.5772881797643157
395.2146181841025,2.5786442667282667
393.80040462483237,2.579978873637504
392.3861910655656,2.58129182914282
391.08212184617605,2.582483172066201
389.6679082869192,2.5837539590304033
388.2536947276687,2.5850024837617402
386.83948116842595,2.5862284954773296
385.425267609192,2.5874317291246154
384.0110540499681,2.5886118981806945
382.59684049075526,2.589768696479637
381.18262693155464,2.590901798071741
379.7684133723673,2.5920108570502025
378.3541998131945,2.5930955073474236
376.9399862540373,2.5941553625010094
375.5257726948969,2.595190015389962
374.1115591357744,2.596199037940613
372.6973455766711,2.597181980802838
371.28313201758823,2.598138372995936
369.86891845852693,2.599067721524127
368.45470489948855,2.599969510961212
367.0404913404743,2.600843203003965
365.62627778148556,2.60168823599337
364.2120642225236,2.6025040244033395
362.7978506635899,2.6032899582954685
361.38363710468576,2.604045402739292
359.96942354581273,2.604769697196461
358.5552099869723,2.6054621548676424
357.140996428166,2.60612206200053
355.7267828693954,2.606748677157101
354.3125693106621,2.607341230438296
352.898355751968,2.6078989226638685
351.48414219331465,2.608420924504806
350.069928634704,2.608906375565586
348.65571507613794,2.6093543834133524
347.24150151761836,2.6097640225501877
345.8272879591474,2.610134333324979
344.4130744007271,2.610464320780345
342.9988608423598,2.6107529534298095
341.5846472840478,2.6109991619599007
340.1704337257935,2.61120183785106
338.7562201675994,2.6113598319107236
337.3420066094682,2.6114719527106907
335.9277930514028,2.611536964920689
334.5135794934059,2.6115535875281677
333.09936593548076,2.6115204919337858
331.6851523776305,2.6114362999103333
330.2709388198586,2.611299581411463
328.8567252621686,2.611108845139076
327.44251170456425,2.6108625640273333
326.02829814704955,2.6105591308621907
324.61408458962876,2.6101968828150595
323.1998710323063,2.6097740914084966
321.7856574750869,2.6092889590153194
320.37144391797557,2.608739615044067
318.95723036097763,2.6081241117721845
317.5430168040988,2.6074404197833196
316.12880324734505,2.6066864229585973
314.71458969072285,2.6058599129635245
313.300376134239,2.6049585831641298
311.88616257790096,2.6039800218944884
310.4719490217165,2.602921704986276
309.0577354656942,2.60178098745536
307.643521909843,2.6005550942239033
306.22930835417276,2.59924110973499
304.815094798694,2.597835966292206
303.40088124341827,2.596336430926395
301.98666768835784,2.594739090556314
300.5724541335262,2.5930403351651785
299.15824057893803,2.591236338662812
297.7440270246093,2.589323037037038
296.32981347055755,2.5872961033181188
294.915599916802,2.5851509187806077
293.50138636336396,2.5828825396829
292.08717281026674,2.5804856586901224
290.6729592575363,2.577954559930282
289.25874570520165,2.57528306638443
287.84453215329506,2.572464477993834
286.4303186018528,2.569491498454865
285.0161050509157,2.5663561481360224
283.6018915005301,2.5630496598450327
282.18767795074865,2.5595623532336242
281.694938348547,2.558302891071594
280.28072479969023,2.5545545275595876
278.86651125158124,2.5505980863077173
277.45229770431774,2.546419506949489
276.03808415799915,2.5420028437701934
274.62387061274273,2.5373298737501853
273.20965706868816,2.5323795946577308
271.79544352600334,2.5271275737794645
270.38122998489257,2.521545089472248
270.10314428196506,2.5204056563796713
268.68893074312103,2.5143822584487605
267.2747172064422,2.507943950901404
265.8605036723975,2.5010381666222288
264.4462901415383,2.4935991155521475
263.0320766146043,2.4855425947984924
261.61786309262067,2.4767578358811035
260.2036495770679,2.4670940018252496
258.7894360702015,2.456336249090271
257.3752225757141,2.4441592844131295
255.96100910030466,2.430025149507423
254.54679565821942,2.412910714928803
253.1325822898884,2.3902852410647517
251.71836928633132,2.346498245723983
251.62998119297453,2.3372991785902992
251.61503501892983,2.333804341995089
251.61244349696506,2.3326992451911623
251.61059970264745,2.331245647439532
251.61043999988937,2.33094551183379
251.6103833377493,2.3307750948009565
251.6103434501422,2.330524346814231
251.61034194378806,2.3304739113859583
251.6103422854473,2.330451546298118
251.61034328804234,2.330421814521081
251.6103443012546,2.330391767892409
251.61034641594844,2.3303659167597925
251.61034927564575,2.330330958312108
251.61035382321336,2.330298742526362
251.61036039056643,2.3302522182175895
251.61037041087678,2.3302053255209723
251.61038505000806,2.330145727548529
251.61040649402278,2.330073543237722
251.61043787889028,2.329987290760351
251.61048378162548,2.329883867009028
251.61055089063967,2.3297594946485134
251.6106489770357,2.3296097003082785
251.6107923146435,2.329429103692834
251.61100175482858,2.3292112131807583
251.61130775847647,2.328949201046954
251.61174331144622,2.3286392756509624
251.61236323887468,2.3282725288616253
251.6132455666255,2.3278374816602727
251.61450134172597,2.327320551275463
251.61628860654707,2.3267056221854503
251.61883228715556,2.3259735440300755
251.62245249844236,2.32510154043791
251.62760482799771,2.3240625113003057
251.63493766813326,2.3228242094168947
251.64537381082314,2.3213482707828765
251.66022657362933,2.319589076720034
251.6813650701218,2.3174924264277963
251.70239082853902,2.3157013680050005
251.74520691193013,2.3126054266472558
251.80614281750954,2.308962567738565
251.8928668463703,2.3046626040138447
252.01629253106694,2.299578252009776
252.19195201149415,2.2935627933329275
252.4419506293906,2.2864484404542775
252.79774870727823,2.2780460719806115
253.30412057627532,2.268147527266721
254.0247890644964,2.256532447326829
255.05044450095247,2.24298282964783
256.4646579695319,2.227752189983503
257.8788714628438,2.2150680374980127
259.29308497062374,2.204133421824552
260.70729848824527,2.1945035043080185
262.12151201293284,2.185898940714764
263.53572554291554,2.1781301505770103
264.9499390770007,2.1710611706563605
266.3641526143489,2.164590373200613
267.7783661543478,2.158639311363698
269.1925796965375,2.1531458522088704
270.60679324056406,2.148059735582519
272.02100678614926,2.143339584341635
273.43522033307073,2.1389508234921104
274.8494338811479,2.1348641906514683
276.2636474302323,2.1310546438558053
277.6778609802005,2.1275005438811254
279.0920745309485,2.1241830308494567
280.50628808238827,2.121085541277144
281.9205016344446,2.118193428561419
283.3347151870525,2.1154936609312465
284.74892874015586,2.112974578283733
286.16314229370556,2.1106256943906763
287.5773558476586,2.108437534490924
288.99156940197713,2.106401500790392
290.40578295662755,2.104509760196626
291.81999651158003,2.1027551499344126
293.23421006680803,2.1011310976652817
294.6484236222877,2.0996315534657706
296.06263717799754,2.098250931573255
297.47685073391835,2.096984060232251
298.89106429003266,2.0958261383016943
300.3052778463247,2.0947726975389864
301.71949140278014,2.0938195696771182
303.13370495938585,2.092962857569988
304.54791851613,2.092198909807867
305.9621320730016,2.091524298306463
307.3763456299908,2.0909357984553494
308.7905591870884,2.09043037147849
310.20477274428595,2.0900051487139173
311.61898630157583,2.08965741756498
313.03319985895087,2.0893846089123063
314.44741341640446,2.089184285806773
315.8616269739306,2.0890541332892756
317.2758405315236,2.0889919492048654
318.6900540891783,2.0889956358966892
320.1042676468899,2.089063192680732
321.518481204654,2.0891927090152516
322.9326947624663,2.0893823582898308
324.34690832032305,2.089630392168477
325.76112187822065,2.089935135429225
327.17533543615576,2.0902949812498406
328.58954899412527,2.0907083868948835
330.00376255212626,2.091173869765015
331.417976110156,2.091690003773556
332.83218966821204,2.092255416019455
334.246403226292,2.092868783729174
335.66061678439365,2.0935288314430487
337.07483034251493,2.0942343284240743
338.48904390065394,2.094984086269797
339.90325745880887,2.095776956709544
341.317471016978,2.0966118295714278
342.73168457515976,2.097487622188864
344.1458981333526,2.0984033128104214
345.5601116915552,2.099357885846974
346.97432524976625,2.100350366116072
348.38853880798445,2.1013798084691935
349.80275236620867,2.102445296518936
351.2169659244378,2.103545941467278
352.63117948267075,2.1046808810215296
354.0453930409066,2.105849278392279
355.4596065991445,2.107050321367623
356.8738201573834,2.108283221458544
358.2880337156226,2.1095472131106487
359.70224727386125,2.110841552977884
361.11646083209865,2.1121655192544795
362.53067439033407,2.113518411061434
363.9448879485668,2.1148995478843395
365.3591015067962,2.1163082690597497
366.7733150650217,2.1177439333072763
368.1875286232426,2.11920591830515
369.6017421814584,2.120693620307134
371.0159557396685,2.1222064537987224
372.43016929787245,2.1237438511911257
373.84438285606967,2.125305262551337
375.2585964142596,2.1268901553671182
376.6728099724418,2.128498014345603
378.0870235306158,2.1301283412447582
379.50123708878107,2.1317806547366245
380.9154506469372,2.1334544903018653
382.32966420508365,2.135149400155174
383.74387776322004,2.136864953200952
385.15809132134586,2.138600735019332
386.57230487946066,2.1403563478824026
387.986518437564,2.1421314108007086
389.4007319956553,2.1439255596003575
390.8149455537342,2.1457384470313086
392.22915911180024,2.1475697429071703
393.64337266985285,2.1494191342776414
395.0575862278916,2.1512863256343016
396.47179978591595,2.1531710391512235
397.88601334392536,2.1550730149615553
399.3002269019193,2.156992011471962
400.7144404598973,2.158927805716644
402.12865401785865,2.1608801937533295
403.54286757580286,2.162848991103502
404.3804223908348,2.1640226656236985
405.79463594875006,2.166017258271985
407.2088495066468,2.1680278748019575
408.62306306452405,2.170054409027558
409.40102868437884,2.1711759713885126
410.8152422422241,2.1732270091365002
412.2294558000482,2.175293781598761
413.64366935785006,2.177376264843612
415.0578829156288,2.179474453554344
416.47209647338354,2.1815883711037527
417.88631003111334,2.183718068191832
419.3005235888171,2.1858636240862728
420.7147371464938,2.1880251479828408
422.1289507041423,2.1902027804963575
423.2432909107567,2.191930126007708
424.65750446835136,2.1941370143295558
426.07171802591455,2.1963605823205596
427.4859315834445,2.19860110976268
428.9001451409396,2.2008589108340013
430.31435869839834,2.2031343457915904
431.72857225581885,2.2054278212514395
433.1427858131992,2.207739793377875
434.5569993705374,2.2100707714298977
435.97121292783123,2.212421321710853
437.38542648507826,2.214792071978265
438.7996400422759,2.217183716380142
440.2138535994214,2.219597020995456
441.6280671565117,2.2220328300706935
443.0422807135435,2.2244920730616093
444.4564942705132,2.2269757726096984
445.8707078274169,2.2294850536088715
447.2849213842502,2.2320211535490277
448.6991349410084,2.23458543436242
450.11334849768633,2.237179396047549
451.5275620542782,2.2398046924067474
452.94177561077754,2.242463149311469
454.35598916717726,2.24515678600864
455.7702027234694,2.2478878401095725
457.184416279645,2.2506588087074215
458.59862983569406,2.2534724382459723
460.0128433916051,2.256331832184009
461.42705694736514,2.2592404585760875
462.8412705029594,2.2622022216397064
464.25548405837077,2.265221536587639
465.6696976135794,2.2683034221223366
467.08391116856205,2.271453615967035
468.49812472329154,2.2746787208551007
469.91233827773533,2.277986391400136
471.32655183185443,2.281385576766014
472.7407653856014,2.2848868409494663
474.1549789389177,2.28850279334066
475.56919249173006,2.2922486798310784
476.9834060439452,2.2961432142876608
478.39761959544137,2.300209781818871
479.8118331460561,2.3044782396727808
481.2260466955652,2.3089877241548624
482.6402602436476,2.3137912493735273
484.05447378982,2.3189637316796308
485.4686873333055,2.324617193806523
486.88290087273583,2.3309330176185385
488.2971144053466,2.3382427634204177
489.7113279240744,2.347295919981674
491.1255413974959,2.3609600938660753
491.47909472272084,2.3671937873822597
491.6017069701447,2.3708861135621184
491.6442288508405,2.373103855211961
491.65897538562575,2.374496266108091
491.6640893918726,2.3755890248210427
491.6645326849792,2.375957450398925
491.6645422504937,2.3759980753372245
491.6645457143433,2.37601278637828
491.66454701328695,2.376018303018659
491.66454719524063,2.376025584310111
491.6645413669913,2.376033481972134
491.66454092374727,2.3760340825970054
491.66454025888123,2.3760349835343586
491.66453926158215,2.376036334940399
491.66453776563355,2.3760383620494174
491.66453552171066,2.3760414027129415
491.66453225733875,2.3760965770906983
491.6645270449346,2.3761169389215158
491.66451999390085,2.376122970052077
491.6645097633038,2.3761317208351596
491.6644944468668,2.3761681160016925
491.6644720290428,2.3761980059657217
491.6644392901228,2.3762329967823375
491.6643914559654,2.3762767700478133
491.6643215662065,2.376329756768527
491.6642194579549,2.37639365772732
491.66407028515016,2.3764708076355836
491.66385236048404,2.376563997337927
491.6635340031173,2.376676581132968
491.6630689336781,2.3768126115743744
491.6623895472556,2.3769769861531906
491.6613970865925,2.377175622894958
491.65994728681744,2.377414769830876
491.65788391968886,2.377697855974857
491.654947323519,2.3780330381858947
491.6507679481077,2.378430815208131
491.64481984946366,2.378903621051816
491.636354504042,2.3794662200697463
491.62430661309554,2.380136171598637
491.6071600434209,2.380934380122577
491.5827570342248,2.381885749195202
491.548026660334,2.3830199604273217
491.4985983810334,2.3843724029676823
491.4282520427713,2.3859852841906966
491.32813512300936,2.387908959098806
491.1856487116684,2.390203524752465
490.98286203992234,2.392940737634082
490.69425603757674,2.3962063273870697
490.2835119639303,2.4001028015388464
489.69894098721613,2.4047528650711802
488.86697956206183,2.4103036194386815
487.68293205069034,2.416931762066762
486.26871851290906,2.423664808602051
484.8545049700214,2.429567826482483
483.4402914239144,2.4348911423663058
482.0260778755594,2.4397801205374305
480.61186432555127,2.444328030987406
479.1976507742775,2.4485989327614854
477.78343722200367,2.4526390587382547
476.3692236689195,2.4564830614974738
474.9550101151653,2.460157699221153
473.5407965608475,2.4636841378292047
472.12658300604903,2.4670794557329083
470.7123694508356,2.4703576647831973
469.29815589526015,2.473530424916209
467.88394233936623,2.476607557818913
466.46972878318985,2.4795974246431007
465.0555152267613,2.4825072093051466
463.6413016701062,2.4853431346965276
462.22708811324657,2.4881106302491873
460.81287455620134,2.4908144635917475
459.398660998987,2.4934588452699127
457.984447441618,2.4960475129694903
456.5702338841071,2.4985837999366862
455.1560203264656,2.5010706910706553
453.74180676870355,2.5035108692941748
452.32759321083006,2.5059067541817335
450.91337965285317,2.508260534364659
449.49916609478026,2.510574202943748
448.08495253661806,2.5128495478494592
446.67073897837264,2.5150882221148763
445.2565254200495,2.5172917265112886
443.84231186165385,2.5194614330575247
442.4280983031904,2.5215985977758386
441.01388474466347,2.523704371774162
439.59967118607716,2.525779810928385
438.1854576274352,2.5278258843698556
436.7712440687411,2.529843481950445
435.3570305099982,2.5318334208285913
433.9428169512095,2.5337964512967446
432.52860339237793,2.535733261951163
431.1143898335062,2.5376444842896992
429.7001762745969,2.5395306968099787
429.1557436016378,2.5402502787089563
427.7415300426809,2.542102718475409
426.3273164836915,2.5439313364072076
424.9131029246723,2.5457365527097404
423.49888936562525,2.5475187543836046
422.08467580655235,2.549278288682718
420.6704622474555,2.551015467629001
419.2562486883364,2.5527305698582534
417.8420351291969,2.55442384228115
416.4278215700386,2.5560955015806783
415.01360801086304,2.5577457355619746
413.59939445167186,2.559374704368468
412.18518089246646,2.560982541577032
